Timestamp,PacketId,Pelvis_AccX,Pelvis_AccY,Pelvis_AccZ,Pelvis_GyrX,Pelvis_GyrY,Pelvis_GyrZ,Pelvis_QuatW,Pelvis_QuatX,Pelvis_QuatY,Pelvis_QuatZ,Left_AccX,Left_AccY,Left_AccZ,Left_GyrX,Left_GyrY,Left_GyrZ,Left_QuatW,Left_QuatX,Left_QuatY,Left_QuatZ,Right_AccX,Right_AccY,Right_AccZ,Right_GyrX,Right_GyrY,Right_GyrZ,Right_QuatW,Right_QuatX,Right_QuatY,Right_QuatZ,GaitEvent_LeftStance,GaitEvent_RightStance,GaitEvent_IsWalking,MotionContext_State,MotionContext_Confidence,PD_DirectionDeg,PD_Stability,PD_IsValid,FPA_Left_Deg,FPA_Left_Error,FPA_Left_OnTarget,FPA_Right_Deg,FPA_Right_Error,FPA_Right_OnTarget
1783432870566,1110,9.6205,0.2307,1.8308,-0.0109,-0.0001,0.0037,-0.429000,-0.538100,0.345000,-0.638200,-2.0112,-1.4068,9.4429,0.0113,0.0108,0.0031,-0.343100,0.121300,0.030400,-0.930900,-2.9708,1.7001,9.1589,-0.0006,0.0071,0.0049,0.940200,0.041300,0.174500,0.289500,False,False,False,Straight,0.500,0.00,0.000,False,,,False,,,False
1783432870577,1111,9.6232,0.2269,1.8443,-0.0099,0.0011,0.0034,-0.429400,-0.537900,0.345400,-0.638000,-2.0214,-1.4123,9.4302,0.0118,0.0112,0.0031,-0.343000,0.121300,0.030300,-0.931000,-2.9717,1.6810,9.1862,-0.0007,0.0059,0.0058,0.940200,0.041300,0.174500,0.289500,False,False,False,Straight,0.500,0.00,0.000,False,,,False,,,False
1783432870588,1112,9.6582,0.2036,1.7974,-0.0098,-0.0009,0.0044,-0.428800,-0.538100,0.345000,-0.638400,-2.0115,-1.4166,9.4045,0.0109,0.0101,0.0040,-0.344200,0.121400,0.030200,-0.930500,-2.9582,1.6926,9.1798,-0.0009,0.0065,0.0057,0.940000,0.041100,0.174500,0.290200,False,False,False,Straight,0.500,0.00,0.000,False,,,False,,,False
1783432870599,1113,9.6643,0.2267,1.7869,-0.0112,0.0038,0.0045,-0.428900,-0.538000,0.345200,-0.638300,-2.0347,-1.4036,9.4251,0.0118,0.0112,0.0030,-0.344600,0.121400,0.030100,-0.930400,-2.9731,1.6945,9.1806,-0.0001,0.0062,0.0063,0.939700,0.040800,0.174500,0.291300,False,False,False,Straight,0.500,0.00,0.000,False,,,False,,,False
1783432870610,1114,9.6465,0.2350,1.8003,-0.0107,0.0027,0.0052,-0.428400,-0.538200,0.344900,-0.638600,-2.0366,-1.4125,9.4171,0.0087,0.0080,0.0020,-0.346500,0.121600,0.029900,-0.929700,-2.9659,1.6942,9.2000,0.0007,0.0089,0.0052,0.939800,0.040800,0.174500,0.291000,True,True,False,Straight,0.500,0.00,0.000,False,,,False,,,False
1783432870620,1115,9.6426,0.2048,1.8032,-0.0046,-0.0004,0.0022,-0.427900,-0.538400,0.344600,-0.639000,-2.0306,-1.4033,9.4079,0.0111,0.0074,0.0048,-0.347400,0.121700,0.029800,-0.929300,-2.9701,1.6881,9.1811,-0.0006,0.0091,0.0053,0.939700,0.040600,0.174600,0.291300,True,True,False,Straight,0.500,0.00,0.000,False,,,False,,,False
1783432870631,1116,9.6316,0.1860,1.8090,-0.0012,-0.0021,0.0057,-0.427800,-0.538400,0.344700,-0.639000,-2.0199,-1.4153,9.4183,0.0123,0.0051,0.0018,-0.347200,0.121700,0.029800,-0.929400,-2.9741,1.6819,9.1622,-0.0006,0.0071,0.0049,0.939800,0.040700,0.174600,0.291000,True,True,False,Straight,0.500,0.00,0.000,False,,,False,,,False
1783432870641,1117,9.6415,0.2383,1.7955,-0.0004,0.0019,0.0041,-0.427100,-0.538700,0.344200,-0.639400,-2.0174,-1.3938,9.4038,0.0120,0.0046,0.0011,-0.346900,0.121700,0.029900,-0.929500,-2.9783,1.6993,9.1873,0.0008,0.0071,0.0061,0.939900,0.040700,0.174600,0.290600,True,True,False,Straight,0.500,0.00,0.000,False,,,False,,,False
1783432870651,1118,9.6616,0.2100,1.8151,-0.0017,-0.0013,0.0040,-0.427300,-0.538600,0.344400,-0.639300,-2.0189,-1.4102,9.4318,0.0108,0.0082,0.0030,-0.346400,0.121700,0.029900,-0.929700,-2.9600,1.7008,9.1734,0.0009,0.0084,0.0052,0.939800,0.040600,0.174600,0.290800,True,True,False,Straight,0.500,0.00,0.000,False,,,False,,,False
1783432870662,1119,9.6655,0.1839,1.7951,0.0027,0.0001,0.0024,-0.427900,-0.538200,0.344900,-0.639000,-2.0166,-1.4118,9.4015,0.0097,0.0104,0.0053,-0.347300,0.121800,0.029800,-0.929300,-2.9617,1.7012,9.1728,-0.0004,0.0086,0.0054,0.939700,0.040500,0.174700,0.291300,True,True,False,Straight,0.500,0.00,0.000,False,,,False,,,False
1783432870673,1120,9.6678,0.1663,1.8272,0.0144,0.0008,0.0033,-0.427500,-0.538500,0.344600,-0.639200,-2.0245,-1.4049,9.4314,0.0103,0.0149,0.0063,-0.347200,0.121800,0.029800,-0.929400,-2.9813,1.7168,9.1898,-0.0006,0.0103,0.0038,0.939300,0.040200,0.174700,0.292400,True,True,False,Straight,0.500,0.00,0.000,False,,,False,,,False
1783432870683,1121,9.6442,0.2337,1.8093,0.0171,0.0039,0.0031,-0.426900,-0.538700,0.344200,-0.639600,-2.0513,-1.4144,9.4228,0.0090,0.0125,0.0061,-0.347700,0.121900,0.029700,-0.929200,-2.9669,1.6792,9.1899,0.0012,0.0109,0.0041,0.939200,0.040100,0.174800,0.292900,True,True,False,Straight,0.500,0.00,0.000,False,,,False,,,False
1783432870694,1122,9.6217,0.2521,1.8397,0.0112,0.0047,0.0040,-0.427200,-0.538600,0.344300,-0.639400,-2.0423,-1.4075,9.4049,0.0117,0.0122,0.0042,-0.347000,0.121900,0.029700,-0.929400,-2.9807,1.6974,9.1946,-0.0009,0.0117,0.0056,0.939200,0.040100,0.174800,0.292800,True,True,False,Straight,0.500,0.00,0.000,False,,,False,,,False
1783432870705,1123,9.6277,0.2222,1.8123,0.0061,0.0029,0.0018,-0.427000,-0.538700,0.344100,-0.639600,-2.0255,-1.4113,9.4275,0.0089,0.0115,0.0056,-0.347300,0.122000,0.029700,-0.929300,-2.9706,1.6928,9.1835,0.0003,0.0111,0.0029,0.939200,0.040000,0.174900,0.292700,True,True,False,Straight,0.500,0.00,0.000,False,,,False,,,False
1783432870715,1124,9.6503,0.2054,1.8055,0.0075,0.0048,0.0004,-0.426600,-0.538900,0.343800,-0.639800,-2.0487,-1.4100,9.4401,0.0104,0.0130,0.0046,-0.346600,0.122100,0.029700,-0.929600,-2.9737,1.6899,9.1737,-0.0005,0.0073,0.0062,0.939200,0.040000,0.174900,0.292800,True,True,False,Straight,0.500,0.00,0.000,False,,,False,,,False
1783432870727,1125,9.6432,0.2186,1.8315,0.0065,0.0008,0.0006,-0.426700,-0.538900,0.343800,-0.639800,-2.0311,-1.3983,9.3913,0.0108,0.0111,0.0052,-0.346600,0.122200,0.029700,-0.929500,-2.9889,1.6821,9.1882,-0.0004,0.0087,0.0060,0.939400,0.040100,0.175000,0.292100,True,True,False,Straight,0.500,0.00,0.000,False,,,False,,,False
1783432870737,1126,9.6256,0.2287,1.8438,0.0061,-0.0030,0.0007,-0.426500,-0.539000,0.343700,-0.639900,-2.0619,-1.4129,9.4271,0.0104,0.0097,0.0040,-0.347600,0.122300,0.029600,-0.929200,-2.9777,1.6876,9.1634,0.0017,0.0048,0.0063,0.939400,0.040100,0.175000,0.292200,True,True,False,Straight,0.500,0.00,0.000,False,,,False,,,False
1783432870748,1127,9.6204,0.2208,1.8567,0.0077,-0.0049,0.0022,-0.426000,-0.539200,0.343400,-0.640200,-2.0367,-1.3987,9.4486,0.0116,0.0065,0.0005,-0.347000,0.122300,0.029600,-0.929400,-2.9921,1.6898,9.1643,-0.0004,0.0036,0.0074,0.939600,0.040200,0.174900,0.291500,True,True,False,Straight,0.500,0.00,0.000,False,,,False,,,False
1783432870758,1128,9.6310,0.2215,1.8464,0.0067,-0.0053,0.0037,-0.426000,-0.539300,0.343500,-0.640100,-2.0419,-1.3859,9.4214,0.0113,0.0053,0.0024,-0.347600,0.122400,0.029600,-0.929200,-2.9693,1.7009,9.1781,-0.0006,0.0042,0.0074,0.939600,0.040200,0.174900,0.291400,True,True,False,Straight,0.500,0.00,0.000,False,,,False,,,False
1783432870769,1129,9.6374,0.1909,1.8174,0.0075,-0.0009,0.0067,-0.425700,-0.539500,0.343300,-0.640200,-2.0621,-1.4073,9.4189,0.0103,0.0029,-0.0009,-0.347900,0.122300,0.029500,-0.929000,-2.9824,1.7062,9.1881,0.0008,0.0040,0.0072,0.939500,0.040100,0.174900,0.292000,True,True,False,Straight,0.500,0.00,0.000,False,,,False,,,False
1783432870780,1130,9.6448,0.1784,1.8131,0.0134,-0.0046,0.0085,-0.424800,-0.539900,0.342900,-0.640700,-2.0387,-1.4043,9.4196,0.0097,0.0013,0.0002,-0.348800,0.122300,0.029500,-0.928700,-2.9850,1.6909,9.1835,0.0011,0.0017,0.0088,0.939400,0.040000,0.174800,0.292200,True,True,False,Straight,0.500,0.00,0.000,False,,,False,,,False
1783432870790,1131,9.6386,0.2048,1.8181,0.0163,-0.0069,0.0089,-0.425000,-0.539900,0.343000,-0.640500,-2.0547,-1.4055,9.4242,0.0103,-0.0003,-0.0015,-0.348600,0.122200,0.029500,-0.928800,-2.9900,1.7022,9.1907,0.0001,0.0005,0.0078,0.939300,0.040000,0.174800,0.292500,True,True,False,Straight,0.500,0.00,0.000,False,,,False,,,False
1783432870800,1132,9.6477,0.2255,1.8189,0.0135,-0.0052,0.0082,-0.424800,-0.539900,0.343100,-0.640600,-2.0540,-1.4030,9.4248,0.0121,-0.0052,-0.0014,-0.349100,0.122100,0.029500,-0.928600,-2.9705,1.6909,9.1823,0.0019,-0.0038,0.0096,0.939300,0.040000,0.174700,0.292500,True,True,False,Straight,0.500,0.00,0.000,False,,,False,,,False
1783432870810,1133,9.6388,0.2001,1.7932,0.0104,-0.0078,0.0074,-0.424600,-0.540100,0.343000,-0.640600,-2.0320,-1.4105,9.4049,0.0110,-0.0059,-0.0013,-0.348400,0.121900,0.029700,-0.928900,-2.9476,1.7089,9.1735,0.0009,0.0003,0.0084,0.939300,0.040000,0.174600,0.292500,True,True,False,Straight,0.500,0.00,0.000,False,,,False,,,False
1783432870821,1134,9.6441,0.1919,1.7966,0.0079,-0.0042,0.0077,-0.424400,-0.540100,0.343000,-0.640700,-2.0273,-1.4084,9.4188,0.0119,-0.0028,-0.0006,-0.348300,0.121800,0.029700,-0.929000,-2.9722,1.6766,9.1777,0.0014,0.0042,0.0071,0.939400,0.040100,0.174600,0.292200,True,True,False,Straight,0.500,0.00,0.000,False,,,False,,,False
1783432870831,1135,9.6678,0.1904,1.7907,0.0122,-0.0046,0.0066,-0.423900,-0.540400,0.342700,-0.641000,-2.0188,-1.4088,9.4241,0.0103,-0.0015,-0.0004,-0.346100,0.121700,0.030000,-0.929800,-2.9632,1.6897,9.1926,0.0018,0.0051,0.0076,0.939700,0.040400,0.174600,0.291300,True,True,False,Straight,0.500,0.00,0.000,False,,,False,,,False
1783432870841,1136,9.6875,0.2140,1.8052,0.0083,0.0012,0.0099,-0.423500,-0.540500,0.342600,-0.641200,-2.0342,-1.4099,9.4289,0.0109,-0.0022,-0.0016,-0.345500,0.121500,0.030100,-0.930000,-2.9778,1.6924,9.1933,0.0030,0.0056,0.0080,0.939700,0.040500,0.174600,0.291100,True,True,False,Straight,0.500,0.00,0.000,False,,,False,,,False
1783432870852,1137,9.6421,0.2453,1.8213,-0.0011,0.0048,0.0117,-0.423600,-0.540300,0.342700,-0.641200,-2.0292,-1.4100,9.4210,0.0101,-0.0044,-0.0019,-0.347400,0.121500,0.029900,-0.929300,-2.9733,1.6831,9.1855,0.0024,0.0034,0.0084,0.939600,0.040300,0.174600,0.291700,True,True,False,Straight,0.500,0.00,0.000,False,,,False,,,False
1783432870862,1138,9.6568,0.1672,1.8205,-0.0060,0.0089,0.0150,-0.423900,-0.540000,0.343100,-0.641100,-2.0716,-1.4007,9.4200,0.0058,-0.0085,-0.0059,-0.349400,0.121600,0.029900,-0.928600,-2.9925,1.6963,9.1937,0.0019,0.0033,0.0085,0.939900,0.040400,0.174500,0.290500,True,True,False,Straight,0.500,0.00,0.000,False,,,False,,,False
1783432870872,1139,9.6971,0.1395,1.8483,0.0051,0.0288,0.0217,-0.423600,-0.539700,0.343000,-0.641600,-2.0647,-1.3767,9.4715,-0.0041,-0.0276,-0.0117,-0.349400,0.121200,0.030300,-0.928600,-2.9898,1.7041,9.2119,0.0024,-0.0027,0.0113,0.939700,0.040400,0.174500,0.291300,True,True,False,Straight,0.500,0.00,0.000,False,,,False,,,False
1783432870882,1140,9.7304,0.1936,1.9268,0.0213,0.0537,0.0390,-0.423600,-0.539100,0.342900,-0.642100,-2.1475,-1.3803,9.5281,-0.0258,-0.0520,-0.0160,-0.349700,0.120600,0.030900,-0.928500,-3.0219,1.7154,9.2128,-0.0040,-0.0057,0.0152,0.939500,0.040300,0.174300,0.292000,True,True,False,Straight,0.500,0.00,0.000,False,,,False,,,False
1783432870893,1141,9.7059,0.2293,1.9118,-0.0072,0.0705,0.0521,-0.424000,-0.538000,0.343300,-0.642500,-2.0745,-1.3811,9.5438,-0.0552,-0.0906,-0.0220,-0.348300,0.119800,0.032300,-0.929100,-2.9707,1.7065,9.2211,-0.0062,-0.0123,0.0158,0.939900,0.040500,0.174100,0.291000,True,True,False,Straight,0.500,0.00,0.000,False,,,False,,,False
1783432870903,1142,9.7183,0.0638,1.8776,-0.0352,0.0801,0.0507,-0.424200,-0.537000,0.343600,-0.643100,-2.0213,-1.4027,9.5382,-0.1011,-0.1127,-0.0275,-0.347800,0.118800,0.034200,-0.929400,-2.9695,1.7282,9.1625,-0.0104,-0.0140,0.0146,0.939700,0.040400,0.173800,0.291900,True,True,False,Straight,0.500,0.00,0.000,False,,,False,,,False
1783432870914,1143,9.7381,-0.1370,1.7876,-0.0275,0.0928,0.0423,-0.424900,-0.535700,0.343900,-0.643600,-1.9473,-1.4664,9.5249,-0.1665,-0.1224,-0.0311,-0.347800,0.118000,0.036900,-0.929400,-2.9312,1.7093,9.1864,-0.0149,-0.0115,0.0115,0.939500,0.040200,0.173600,0.292500,True,True,False,Straight,0.500,0.00,0.000,False,,,False,,,False
1783432870925,1144,9.7984,-0.1466,1.7507,-0.0183,0.1152,0.0435,-0.425600,-0.534300,0.344000,-0.644300,-1.8657,-1.5151,9.4937,-0.2087,-0.1148,-0.0326,-0.347700,0.117500,0.040000,-0.929300,-2.9227,1.6999,9.1893,-0.0114,-0.0041,0.0132,0.939700,0.040200,0.173400,0.292000,True,True,False,Straight,0.500,0.00,0.000,False,,,False,,,False
1783432870936,1145,9.7112,-0.0195,1.7640,-0.0173,0.1234,0.0464,-0.425700,-0.533100,0.343700,-0.645300,-1.9224,-1.6605,9.4227,-0.1762,-0.0763,-0.0149,-0.348300,0.117300,0.042500,-0.929000,-2.9653,1.6965,9.1752,-0.0133,0.0031,0.0130,0.939500,0.040000,0.173300,0.292600,True,True,False,Straight,0.500,0.00,0.000,False,,,False,,,False
1783432870947,1146,9.6335,-0.0146,1.7530,-0.0298,0.1209,0.0430,-0.425900,-0.531900,0.343500,-0.646300,-1.8629,-1.5831,9.3942,-0.1829,-0.1130,-0.0380,-0.349200,0.116800,0.045200,-0.928700,-2.9441,1.6603,9.2267,-0.0092,0.0028,0.0185,0.939600,0.039900,0.173200,0.292500,True,True,False,Straight,0.500,0.00,0.000,False,,,False,,,False
1783432870958,1147,9.5819,-0.0642,1.7540,-0.0498,0.1156,0.0344,-0.426200,-0.530700,0.343300,-0.647200,-1.7949,-1.6538,9.3853,-0.1692,-0.1060,-0.0384,-0.349400,0.116200,0.047800,-0.928500,-2.9591,1.7166,9.1988,-0.0143,-0.0085,0.0254,0.939600,0.039900,0.173000,0.292500,True,True,False,Straight,0.500,0.00,0.000,False,,,False,,,False
1783432870968,1148,9.5674,-0.2038,1.7436,-0.0606,0.1104,0.0211,-0.427400,-0.529200,0.343700,-0.647500,-1.7155,-1.7730,9.3175,-0.1609,-0.0927,-0.0358,-0.349800,0.115800,0.050300,-0.928300,-2.9011,1.6845,9.1515,-0.0192,-0.0089,0.0215,0.939700,0.039800,0.172800,0.292500,True,True,False,Straight,0.500,0.00,0.000,False,,,False,,,False
1783432870978,1149,9.5891,-0.3038,1.7457,-0.0427,0.0998,0.0035,-0.428300,-0.528000,0.343600,-0.647800,-1.7064,-1.8249,9.3240,-0.1354,-0.0708,-0.0307,-0.350500,0.115500,0.052300,-0.928000,-2.9146,1.6572,9.1634,-0.0191,-0.0060,0.0144,0.939700,0.039700,0.172600,0.292600,True,True,False,Straight,0.500,0.00,0.000,False,,,False,,,False
1783432870989,1150,9.6287,-0.3408,1.6740,-0.0079,0.0804,-0.0118,-0.429100,-0.527300,0.343400,-0.648000,-1.6747,-1.8488,9.3168,-0.0931,-0.0548,-0.0246,-0.352900,0.115400,0.053600,-0.927000,-2.8854,1.6730,9.2065,-0.0241,-0.0095,0.0070,0.940000,0.039500,0.172300,0.291900,True,True,False,Straight,0.500,0.00,0.000,False,,,False,,,False
1783432870999,1151,9.5950,-0.2717,1.6963,0.0154,0.0773,-0.0282,-0.429700,-0.526800,0.342800,-0.648400,-1.6837,-1.8478,9.3231,-0.0565,-0.0366,-0.0159,-0.354400,0.115100,0.054400,-0.926400,-2.9578,1.6572,9.1595,-0.0228,-0.0148,0.0076,0.939800,0.039100,0.172000,0.292700,True,True,False,Straight,0.500,0.00,0.000,False,,,False,,,False
1783432871009,1152,9.5721,-0.2189,1.6399,0.0231,0.0668,-0.0459,-0.430600,-0.526300,0.342300,-0.648400,-1.7065,-1.8749,9.3672,-0.0271,-0.0282,-0.0109,-0.355000,0.114800,0.055000,-0.926100,-2.9109,1.6448,9.1898,-0.0177,-0.0124,0.0073,0.939900,0.039000,0.171700,0.292500,True,True,False,Straight,0.500,0.00,0.000,False,,,False,,,False
1783432871019,1153,9.5642,-0.1599,1.6639,0.0157,0.0548,-0.0688,-0.431500,-0.526200,0.341600,-0.648300,-1.7380,-1.8819,9.4163,-0.0060,-0.0352,-0.0084,-0.354900,0.114400,0.055400,-0.926200,-2.9210,1.6535,9.1788,-0.0116,-0.0157,0.0103,0.940000,0.039000,0.171400,0.292300,True,True,False,Straight,0.500,0.00,0.000,False,,,False,,,False
1783432871029,1154,9.5791,-0.1527,1.5849,0.0068,0.0425,-0.0959,-0.432800,-0.526100,0.340900,-0.647900,-1.7009,-1.8737,9.3739,0.0118,-0.0457,-0.0078,-0.356200,0.113700,0.055500,-0.925800,-2.9354,1.6547,9.2029,-0.0062,-0.0176,0.0112,0.939700,0.038800,0.171100,0.293700,True,True,False,Straight,0.500,0.00,0.000,False,,,False,,,False
1783432871040,1155,9.6233,-0.1063,1.5975,0.0008,0.0341,-0.1207,-0.433900,-0.526300,0.340000,-0.647400,-1.6328,-1.8309,9.3393,0.0328,-0.0372,-0.0040,-0.357400,0.113000,0.055300,-0.925400,-2.9190,1.6263,9.2128,-0.0079,-0.0224,0.0102,0.939500,0.038700,0.170700,0.294300,True,True,False,Straight,0.500,0.00,0.000,False,,,False,,,False
1783432871050,1156,9.5667,-0.0451,1.6027,-0.0081,0.0017,-0.1329,-0.435600,-0.526600,0.339500,-0.646300,-1.6693,-1.8213,9.3998,0.0540,-0.0207,0.0037,-0.357800,0.112400,0.054800,-0.925400,-2.9016,1.6612,9.2116,0.0005,-0.0288,0.0179,0.939400,0.038700,0.170300,0.295200,True,True,False,Straight,0.500,0.00,0.000,False,,,False,,,False
1783432871061,1157,9.4416,0.0848,1.5654,-0.0215,-0.0473,-0.1519,-0.436900,-0.527400,0.339100,-0.644900,-1.6753,-1.8449,9.4183,0.0595,-0.0193,0.0064,-0.358800,0.111900,0.054300,-0.925100,-2.9368,1.6721,9.1854,0.0087,-0.0359,0.0213,0.939200,0.038800,0.169800,0.296000,True,True,False,Straight,0.500,0.00,0.000,False,,,False,,,False
1783432871072,1158,9.3895,0.2232,1.6035,-0.0499,-0.1121,-0.1822,-0.438500,-0.528700,0.339100,-0.642800,-1.6858,-1.8307,9.4490,0.0807,-0.0266,0.0104,-0.360300,0.111200,0.053400,-0.924600,-2.9086,1.6620,9.1700,0.0210,-0.0486,0.0308,0.939100,0.039300,0.169300,0.296500,True,True,False,Straight,0.500,0.00,0.000,False,,,False,,,False
1783432871082,1159,9.3566,0.2351,1.5628,-0.0971,-0.1821,-0.2177,-0.440800,-0.530300,0.340000,-0.639500,-1.7206,-1.8425,9.4445,0.1218,-0.0442,0.0099,-0.360200,0.110100,0.052400,-0.924900,-2.8720,1.6902,9.1729,0.0281,-0.0528,0.0390,0.939100,0.039900,0.168700,0.296900,True,True,False,Straight,0.500,0.00,0.000,False,,,False,,,False
1783432871093,1160,9.3114,0.1758,1.5265,-0.1013,-0.2787,-0.2564,-0.442600,-0.533000,0.340800,-0.635600,-1.5616,-1.8126,9.3032,0.1868,-0.0384,0.0131,-0.361500,0.108800,0.050400,-0.924600,-2.8360,1.6943,9.1223,0.0388,-0.0527,0.0455,0.939100,0.040600,0.168100,0.297100,True,True,False,Straight,0.500,0.00,0.000,False,,,False,,,False
1783432871104,1161,9.3059,0.1854,1.5491,-0.0865,-0.3932,-0.3125,-0.444600,-0.536700,0.342000,-0.630400,-1.4696,-1.7442,9.1627,0.2525,0.0063,0.0232,-0.362100,0.107600,0.047500,-0.924700,-2.8105,1.6442,9.1871,0.0703,-0.0495,0.0640,0.938600,0.041600,0.167700,0.298500,True,True,False,Straight,0.500,0.00,0.000,False,,,False,,,False
1783432871115,1162,9.5175,0.2542,1.6486,-0.0558,-0.4308,-0.3452,-0.446300,-0.541000,0.342900,-0.625000,-1.5037,-1.9313,9.3065,0.3220,0.0581,0.0436,-0.362300,0.106800,0.043600,-0.924900,-2.9138,1.6712,9.2458,0.0963,-0.0702,0.0715,0.938600,0.043200,0.167100,0.298600,True,True,False,Straight,0.500,0.00,0.000,False,,,False,,,False
1783432871125,1163,9.5539,0.1636,1.7898,0.0616,-0.3598,-0.3321,-0.446200,-0.546000,0.341700,-0.621400,-0.9349,-2.2485,9.1640,0.4173,0.1639,0.1011,-0.362900,0.106800,0.037900,-0.924900,-2.8099,1.6353,9.1746,0.1087,-0.0923,0.0619,0.938200,0.044700,0.166300,0.300000,True,True,False,Straight,0.500,0.00,0.000,False,,,False,,,False
1783432871135,1164,9.0558,0.4705,1.5869,0.2522,-0.1966,-0.1904,-0.445600,-0.549500,0.339900,-0.619600,0.3272,-2.3193,9.1718,0.5207,0.5649,0.3148,-0.359700,0.111000,0.029100,-0.926000,-2.7363,1.4216,9.1232,0.1381,-0.1283,0.0744,0.938000,0.046900,0.165200,0.301000,True,True,False,Straight,0.500,0.00,0.000,False,,,False,,,False
1783432871145,1165,8.6984,0.5716,1.1625,0.3493,-0.1178,0.0578,-0.442000,-0.552300,0.338100,-0.620700,2.8834,-2.9443,11.4901,0.7882,1.5648,0.8096,-0.352100,0.125800,0.012000,-0.927400,-2.6583,1.8102,9.2343,0.1679,-0.1370,0.0919,0.937700,0.049400,0.164100,0.302100,False,True,False,Straight,0.500,0.00,0.000,False,,,False,,,False
1783432871155,1166,9.5747,0.2921,0.3698,0.3355,0.0207,0.2180,-0.438300,-0.553100,0.337100,-0.623200,1.8378,-6.2946,13.7854,1.0740,2.3206,1.2876,-0.336700,0.148200,-0.012200,-0.929800,-2.5360,2.2053,9.2569,0.1251,-0.0780,0.0676,0.937500,0.051400,0.163600,0.302700,False,True,False,Straight,0.500,0.00,0.000,False,,,False,,,False
1783432871165,1167,10.9504,0.8509,0.2147,0.3181,0.1295,0.1953,-0.435600,-0.552800,0.335700,-0.626100,3.4657,-8.5487,16.1707,1.5912,1.7234,0.7724,-0.327300,0.161500,-0.038800,-0.930200,-2.5730,2.0250,9.3276,0.0600,-0.0018,0.0295,0.937200,0.052000,0.163800,0.303700,False,True,False,Straight,0.500,0.00,0.000,False,,,False,,,False
1783432871177,1168,11.7239,1.9899,0.4407,0.2186,0.0778,0.0046,-0.435800,-0.552800,0.334700,-0.626500,6.0899,-6.5154,13.2280,0.1401,0.8208,0.0796,-0.325100,0.170500,-0.043500,-0.929100,-2.5293,1.9971,9.2561,0.0238,0.0660,-0.0009,0.937000,0.052000,0.164600,0.303600,False,True,False,Straight,0.500,0.00,0.000,False,,,False,,,False
1783432871187,1169,11.1755,1.9206,0.6137,0.1391,-0.0056,-0.1715,-0.437900,-0.553600,0.333800,-0.624800,7.0614,-5.5324,10.3790,-0.5059,0.2707,-0.2604,-0.326700,0.175800,-0.037900,-0.927900,-2.5545,1.8583,9.2081,0.0101,0.1209,-0.0153,0.936700,0.051600,0.166000,0.303900,False,True,False,Straight,0.500,0.00,0.000,False,,,False,,,False
1783432871198,1170,10.1128,1.7018,0.5971,0.0509,0.0153,-0.2610,-0.440800,-0.554400,0.332500,-0.622800,6.6044,-2.8538,10.0389,-0.8333,-0.3423,-0.2948,-0.328300,0.175300,-0.025900,-0.927800,-2.6417,1.8550,9.1556,0.0095,0.1582,-0.0362,0.936500,0.050900,0.167800,0.303700,False,True,False,Straight,0.500,0.00,0.000,False,,,False,,,False
1783432871208,1171,9.1676,1.4913,0.4988,-0.0475,0.0865,-0.2787,-0.445300,-0.553900,0.331800,-0.620400,4.8530,-2.0071,10.1361,-0.9676,-0.9941,-0.1986,-0.328500,0.167700,-0.009900,-0.929400,-2.7619,1.9420,9.1031,0.0001,0.1512,-0.0517,0.936500,0.050300,0.169600,0.302800,False,True,False,Straight,0.500,0.00,0.000,False,,,False,,,False
1783432871219,1172,8.8466,1.3486,0.4520,-0.1183,0.1376,-0.2596,-0.450000,-0.552600,0.331200,-0.618400,2.9711,-1.6253,9.8815,-0.7774,-1.5808,-0.0983,-0.327900,0.152400,0.006200,-0.932300,-2.7585,1.8151,9.0915,0.0042,0.1371,-0.0581,0.936300,0.049700,0.171200,0.302500,False,True,False,Straight,0.500,0.00,0.000,False,,,False,,,False
1783432871230,1173,9.0425,1.3099,0.2454,-0.1711,0.1585,-0.2185,-0.455400,-0.550500,0.331800,-0.616000,1.4586,-2.2451,9.3253,-0.7006,-1.8242,-0.0807,-0.327100,0.133900,0.022300,-0.935200,-2.8141,1.8380,9.0435,0.0183,0.1425,-0.0668,0.936300,0.049200,0.172900,0.301700,False,True,False,Straight,0.500,0.00,0.000,False,,,False,,,False
1783432871241,1174,9.5661,1.0532,0.0102,-0.1541,0.1402,-0.1584,-0.459800,-0.548500,0.332400,-0.614200,0.0266,-3.6459,9.1769,-0.7544,-1.6167,-0.3001,-0.328500,0.117800,0.038500,-0.936300,-2.7840,1.7809,9.1905,0.0208,0.1737,-0.0662,0.936000,0.048600,0.175000,0.301400,False,True,False,Straight,0.500,0.00,0.000,False,,,False,,,False
1783432871251,1175,9.7636,0.9183,-0.1388,-0.1182,0.1109,-0.0938,-0.463000,-0.546900,0.333100,-0.612900,-2.6375,-4.2540,11.5655,-1.2951,-1.3369,-0.8542,-0.335600,0.106900,0.060700,-0.934000,-2.8404,1.7792,9.1468,0.0358,0.2037,-0.0836,0.935900,0.048000,0.177500,0.300600,False,True,False,Straight,0.500,0.00,0.000,False,,,False,,,False
1783432871261,1176,9.7100,1.0196,-0.1046,-0.1040,0.0682,-0.0565,-0.465500,-0.545500,0.334100,-0.611600,-5.1004,-5.7951,12.3060,-1.4206,-1.4306,-1.6214,-0.351100,0.094700,0.085700,-0.927600,-2.6628,1.7434,9.0718,0.0481,0.2623,-0.1138,0.935600,0.047300,0.180800,0.299600,False,True,False,Straight,0.500,0.00,0.000,False,,,False,,,False
1783432871271,1177,9.7606,1.1591,0.2702,-0.0959,0.0326,-0.0168,-0.467700,-0.544200,0.335700,-0.610200,-7.0810,-2.9132,10.3995,-0.9322,-1.3594,-2.4189,-0.376000,0.080300,0.105600,-0.917100,-2.6701,1.8314,9.0382,0.0561,0.3917,-0.1719,0.935600,0.046200,0.185600,0.296700,False,True,False,Straight,0.500,0.00,0.000,False,,,False,,,False
1783432871282,1178,9.6773,1.4110,0.5503,-0.1580,-0.0161,0.0753,-0.469800,-0.542300,0.338900,-0.608500,-10.7504,0.4698,8.7593,-0.3219,-1.0090,-2.4774,-0.402300,0.066700,0.116700,-0.905600,-3.1250,2.0536,9.1114,0.0306,0.5254,-0.1907,0.935100,0.044200,0.191900,0.294700,False,True,False,Straight,0.500,0.00,0.000,False,,,False,,,False
1783432871292,1179,9.8006,1.5730,0.3877,-0.3358,-0.0535,0.1925,-0.471500,-0.539500,0.344100,-0.606800,-15.3657,1.7916,6.8797,0.2633,-0.7316,-1.9907,-0.423600,0.054100,0.119300,-0.896300,-2.9897,1.8675,9.2306,0.0462,0.7002,-0.2183,0.934400,0.041800,0.200400,0.291700,False,True,False,Straight,0.500,0.00,0.000,False,,,False,,,False
1783432871302,1180,10.1601,1.5380,-0.2114,-0.5139,-0.0677,0.2409,-0.473100,-0.535800,0.350400,-0.605200,-17.3987,2.3346,5.3428,0.3144,-0.6647,-1.4954,-0.439400,0.042600,0.120500,-0.889200,-2.8453,1.7749,9.3542,0.0827,0.9694,-0.2768,0.933300,0.038800,0.212000,0.287300,False,False,False,Straight,0.500,-3.09,0.000,False,,,False,,,False
1783432871312,1181,10.5510,1.2389,-0.8632,-0.5428,-0.0705,0.2251,-0.474400,-0.532400,0.356300,-0.603800,-14.9750,2.6909,2.9188,0.0457,-0.2926,-1.0534,-0.450600,0.037500,0.122400,-0.883500,-2.8699,2.2740,9.6460,0.0585,1.4281,-0.3729,0.930900,0.033600,0.229000,0.282600,False,False,False,Straight,0.500,-3.09,0.000,False,,,False,,,False
1783432871322,1182,10.8017,1.2441,-1.5492,-0.5608,-0.0741,0.2143,-0.476200,-0.528800,0.362600,-0.601900,-9.1087,-2.3739,3.1529,0.2348,0.5757,-0.6130,-0.458300,0.041600,0.117000,-0.880100,-3.7904,1.7582,9.3930,0.0132,1.9255,-0.3722,0.927000,0.026500,0.251600,0.276900,False,False,False,Straight,0.500,-3.09,0.000,False,,,False,,,False
1783432871332,1183,11.0707,1.3664,-0.8234,-0.5584,-0.2024,0.2194,-0.477200,-0.526100,0.369600,-0.599100,6.3628,2.4077,11.3565,1.1506,1.1649,-0.6441,-0.467600,0.046900,0.098100,-0.877200,-4.0000,1.7410,9.0962,0.0844,2.4627,-0.3395,0.920400,0.018300,0.280400,0.271800,False,False,False,Straight,0.500,-3.09,0.000,False,,,False,,,False
1783432871343,1184,10.9891,0.3586,0.0474,-0.3499,-0.3642,0.1791,-0.475300,-0.526600,0.374900,-0.596800,1.8787,5.7598,7.2265,-0.2153,2.3424,-0.0970,-0.471200,0.073700,0.087000,-0.874600,-3.5923,2.6879,8.8982,0.0857,3.2171,-0.3926,0.909700,0.007000,0.317500,0.267500,False,False,False,Straight,0.500,-3.09,0.000,False,,,False,,,False
1783432871354,1185,10.4637,-0.0703,1.6562,-0.1280,-0.6353,0.1315,-0.471700,-0.530300,0.380300,-0.593000,-7.5021,-4.1566,15.8272,0.2614,2.2265,0.5031,-0.468200,0.097000,0.070700,-0.875400,-4.1804,3.0296,8.7107,-0.2563,3.9730,-0.6714,0.895100,-0.011900,0.361300,0.260800,False,False,False,Straight,0.500,-3.09,0.000,False,,,False,,,False
1783432871364,1186,10.6935,-0.8969,2.6763,0.0992,-0.5510,0.0612,-0.467500,-0.535000,0.383000,-0.590400,-5.2673,-1.9617,15.0281,0.6025,1.4136,0.2539,-0.467400,0.109100,0.055600,-0.875500,-5.1056,3.5734,9.1665,-0.5671,5.1113,-1.1370,0.873800,-0.040000,0.415600,0.249300,False,False,False,Straight,0.500,-3.09,0.000,False,,,False,,,False
1783432871375,1187,10.4751,-0.1866,3.0129,0.2192,-0.1941,0.0737,-0.464600,-0.537400,0.383100,-0.590500,-2.7028,-1.9125,11.0437,0.6512,0.6693,0.1778,-0.466800,0.112800,0.044500,-0.876000,-7.4490,2.9683,11.4321,-1.0073,6.5602,-1.8724,0.841900,-0.080900,0.481500,0.229800,False,False,False,Straight,0.500,-3.09,0.000,False,,,False,,,False
1783432871395,1189,9.2272,1.9571,3.7124,-0.3961,0.2374,-0.0112,-0.468800,-0.531400,0.385600,-0.590900,-2.6020,-1.6342,10.6560,0.4566,0.0351,0.0388,-0.467300,0.108200,0.034200,-0.876800,-13.8904,5.3804,16.6298,-0.3627,7.0588,-2.6164,0.754900,-0.154200,0.616500,0.162300,False,False,False,Straight,0.500,-3.09,0.000,False,,,False,,,False
1783432871405,1190,9.9125,1.0469,3.0799,-0.5632,0.2432,-0.1948,-0.475100,-0.527200,0.387100,-0.588600,-1.6170,-1.8951,9.6998,0.3543,-0.1536,0.0290,-0.467500,0.104500,0.031300,-0.877200,-6.1734,4.7436,15.2985,-0.7770,5.7354,-2.8582,0.712600,-0.194500,0.661400,0.129700,False,False,False,Straight,0.500,-3.09,0.000,False,,,False,,,False
1783432871415,1191,10.6493,-0.1295,2.4487,-0.5789,0.2464,-0.2639,-0.482000,-0.523300,0.388200,-0.585800,-1.4320,-1.7839,9.4611,0.3504,-0.1252,0.0555,-0.467400,0.101200,0.028300,-0.877800,-13.9653,6.7645,29.6064,0.3359,0.7399,-1.6912,0.710000,-0.206500,0.664200,0.109900,False,False,False,Straight,0.500,-3.09,0.000,False,,,False,,,False
1783432871427,1192,10.6866,-0.6261,1.8421,-0.4888,0.1393,-0.0679,-0.486300,-0.519700,0.390500,-0.583900,-1.5316,-1.1978,9.5861,0.2767,-0.0267,0.0405,-0.467400,0.099300,0.025500,-0.878100,1.1122,8.4512,13.5973,0.6288,-3.4248,-0.3083,0.740000,-0.198400,0.633200,0.110500,True,False,False,Straight,0.500,-3.09,0.000,False,,,False,,,False
1783432871437,1193,10.1102,-0.7421,1.2147,-0.3953,0.0825,0.1778,-0.488000,-0.515800,0.394000,-0.583600,-1.4388,-1.0892,9.5884,0.1650,0.0506,0.0132,-0.467500,0.098900,0.023500,-0.878100,1.5183,4.5894,8.4594,0.4372,-3.5721,0.3237,0.768300,-0.186300,0.600800,0.118500,True,False,False,Straight,0.500,-3.09,0.000,False,,,False,,,False
1783432871448,1194,9.1923,-0.9143,0.8954,-0.3022,0.0930,0.2948,-0.488200,-0.511900,0.397600,-0.584400,-1.4138,-1.2869,9.4265,0.0954,0.1104,0.0143,-0.467600,0.099600,0.022000,-0.878100,-2.3176,3.4263,10.5474,0.8488,-4.5707,0.8314,0.802200,-0.164600,0.559000,0.130300,True,False,False,Straight,0.500,-3.09,0.000,False,,,False,,,False
1783432871458,1195,8.6553,-1.1925,0.8061,-0.1256,0.0985,0.3072,-0.487300,-0.508900,0.399900,-0.586300,-1.3614,-1.4377,9.2585,0.0312,0.1629,0.0322,-0.467400,0.101200,0.020800,-0.878000,-3.2961,1.8702,9.4855,1.1949,-5.8366,1.1189,0.841500,-0.134500,0.503000,0.144400,True,False,False,Straight,0.500,-3.09,0.000,False,,,False,,,False
1783432871469,1196,8.2832,-0.6252,0.8100,0.0053,0.0830,0.3180,-0.485300,-0.506800,0.401400,-0.588700,-1.5129,-1.5228,9.2944,-0.0178,0.2673,0.0498,-0.467000,0.104200,0.019500,-0.877900,-3.6270,0.6680,7.6293,1.6027,-6.3045,1.2409,0.878800,-0.097800,0.439800,0.157100,True,False,False,Straight,0.500,-3.09,0.000,False,,,False,,,False
1783432871479,1197,7.9158,-0.3961,0.6531,0.0153,0.0605,0.2984,-0.483300,-0.504900,0.402800,-0.590900,-1.5809,-1.3200,9.3025,-0.0818,0.3225,0.0638,-0.466300,0.108300,0.018500,-0.877800,-4.1062,0.3101,7.0329,1.9550,-6.0627,1.2556,0.909300,-0.057000,0.377000,0.166700,True,False,False,Straight,0.500,-3.09,0.000,False,,,False,,,False
1783432871490,1198,7.6662,-0.6007,0.3444,0.0141,0.0126,0.2016,-0.481800,-0.503900,0.404000,-0.592200,-1.7832,-1.0838,9.4881,-0.1960,0.3941,0.0518,-0.465600,0.113800,0.018500,-0.877400,-6.0174,0.8855,8.4047,2.2530,-5.1362,1.2882,0.930200,-0.014200,0.323100,0.173500,True,False,False,Straight,0.500,-3.09,0.000,False,,,False,,,False
1783432871501,1199,7.5057,-0.6020,-0.0135,0.0055,-0.0191,0.0920,-0.481000,-0.503700,0.404700,-0.592700,-1.9070,-1.2665,9.5569,-0.3198,0.4387,0.0364,-0.464900,0.120500,0.019500,-0.876900,-11.7472,2.4778,16.2177,2.3834,-4.4300,1.8673,0.942500,0.030900,0.276100,0.185500,True,False,False,Straight,0.500,-3.09,0.000,False,,,False,,,False
1783432871512,1200,7.5394,-0.8633,-0.0641,0.0103,-0.0955,-0.0291,-0.480600,-0.504600,0.405000,-0.591900,-2.0081,-1.6361,9.3117,-0.2506,0.3600,0.0600,-0.464000,0.125900,0.020200,-0.876600,-15.9530,3.5501,18.8952,1.5649,-4.6573,2.8774,0.949100,0.070100,0.222800,0.211300,True,False,False,Straight,0.500,-3.09,0.000,False,,,False,,,False
1783432871522,1201,7.9204,-0.9838,-0.4805,0.0626,-0.1866,-0.1252,-0.480200,-0.507000,0.404900,-0.590200,-1.9722,-1.7245,9.3122,-0.0698,0.2361,0.1175,-0.462800,0.128900,0.019500,-0.876800,-24.2802,1.7952,19.9427,0.3595,-5.0157,3.3780,0.951200,0.097000,0.160400,0.244900,True,False,False,Straight,0.500,-3.09,0.000,False,,,False,,,False
1783432871533,1202,8.7621,-1.0301,-0.4192,0.0652,-0.1476,-0.1845,-0.480400,-0.509400,0.404200,-0.588400,-1.6880,-1.6902,9.1024,0.0673,0.2415,0.1509,-0.461300,0.131200,0.017300,-0.877300,-24.8464,-0.0801,12.5693,-0.5746,-5.4813,3.4575,0.949300,0.113600,0.088600,0.279300,True,False,False,Straight,0.500,-3.09,0.000,False,,,False,,,False
1783432871543,1203,10.5312,-0.1410,0.5689,0.2948,-0.0735,-0.2029,-0.479700,-0.512800,0.401300,-0.588200,-1.8068,-1.7852,9.2854,0.1025,0.4194,0.1736,-0.459800,0.135300,0.013600,-0.877600,-22.0052,-0.6721,-2.8483,-1.2922,-4.5637,2.4424,0.945700,0.116700,0.026100,0.302300,True,False,False,Straight,0.500,-3.09,0.000,False,,,False,,,False
1783432871554,1204,11.6793,0.4264,1.8966,0.1182,-0.0667,-0.1173,-0.479500,-0.514600,0.400100,-0.587600,-1.9685,-1.3994,9.5108,0.1077,0.6720,0.2089,-0.457800,0.142100,0.008400,-0.877600,-25.2034,-13.3274,-10.9725,1.7281,-2.3289,0.7700,0.940400,0.146200,0.003700,0.307000,True,False,False,Straight,0.500,-3.09,0.000,False,,,False,,,False
1783432871564,1205,11.1577,0.5216,0.7983,0.0037,-0.0727,-0.0498,-0.479500,-0.515400,0.400300,-0.586800,-1.9319,-0.8386,9.8343,-0.0551,1.0080,0.2180,-0.455400,0.153500,0.003000,-0.876900,-22.6551,0.5881,-9.7359,2.3093,0.1199,0.2236,0.935000,0.172900,0.013500,0.309500,False,False,False,Straight,0.500,-3.09,0.000,False,,,False,,,False
1783432871574,1206,10.5450,-0.9791,-1.0542,0.0348,-0.2052,-0.0138,-0.478300,-0.517200,0.401200,-0.585500,-0.8123,-1.7349,10.0347,-0.1176,1.7126,0.2858,-0.452100,0.172900,-0.005900,-0.875000,-12.7491,5.1206,8.6072,-1.8606,2.1724,0.1213,0.937600,0.142600,0.031300,0.315600,False,False,False,Straight,0.500,-3.09,0.000,False,,,False,,,False
1783432871584,1207,11.7176,-3.2396,-1.0208,0.4371,-0.3373,0.0554,-0.473400,-0.522000,0.400500,-0.585700,-1.6378,-1.2230,10.3119,-0.0871,2.6606,0.4325,-0.446800,0.202400,-0.020800,-0.871200,5.9354,5.7106,16.3091,-1.4150,1.0737,0.9049,0.935800,0.122200,0.036700,0.328600,False,False,False,Straight,0.500,-3.09,0.000,False,,,False,,,False
1783432871594,1208,12.3108,-1.4509,-0.7412,0.8540,-0.5208,0.2103,-0.463700,-0.529800,0.398700,-0.587700,-0.5431,-2.4545,9.7960,0.0098,4.1811,0.7155,-0.437300,0.247400,-0.045800,-0.863400,1.1819,-5.3080,6.6327,-0.3139,2.6053,0.8851,0.930900,0.108100,0.064400,0.342800,False,False,False,Straight,0.450,-3.09,0.000,False,,,False,,,False
1783432871606,1209,10.9725,0.9552,0.5910,0.7864,-0.4110,0.2429,-0.454600,-0.536100,0.397000,-0.590200,-0.9952,-3.5185,9.7566,0.3960,6.1350,1.3086,-0.419600,0.309800,-0.087400,-0.848700,-2.7835,-11.7227,10.4867,0.1277,3.0409,-0.3579,0.929200,0.096200,0.100700,0.342300,False,False,False,Straight,0.400,-3.09,0.000,False,,,False,,,False
1783432871616,1210,9.3390,2.2263,3.9442,0.4641,0.0250,0.0787,-0.451100,-0.538100,0.394100,-0.593000,-4.2364,-1.8433,12.5893,0.7430,8.1789,2.0399,-0.389600,0.388600,-0.145300,-0.822200,-12.4315,16.0081,17.0955,-0.3908,3.1182,-0.8741,0.928700,0.077200,0.136200,0.336100,False,False,False,Straight,0.500,-3.09,0.000,False,,,False,,,False
1783432871626,1211,11.9016,4.1198,6.1508,-0.1322,0.3735,0.2070,-0.452300,-0.533600,0.394400,-0.596000,-11.3977,-1.8367,20.6945,-0.3906,9.7568,2.3859,-0.342500,0.483100,-0.198900,-0.780800,-6.6435,-6.3129,16.3477,-0.9641,1.2115,-0.4226,0.929200,0.060200,0.146500,0.333900,False,False,False,Straight,0.500,-3.09,0.000,False,,,False,,,False
1783432871637,1212,11.5377,2.3913,4.0948,-0.3770,0.2174,0.4251,-0.452700,-0.527700,0.398900,-0.597900,-13.5864,-4.7158,20.1083,0.1299,8.6071,2.3347,-0.297100,0.557600,-0.249500,-0.733900,-4.1931,3.2590,11.0219,-0.2134,0.4100,-0.1693,0.929300,0.055600,0.150500,0.332700,False,False,False,Straight,0.500,-3.09,0.000,False,,,False,,,False
1783432871647,1213,11.0283,-1.5899,2.8923,-0.2380,0.1841,0.3085,-0.452900,-0.523500,0.401700,-0.599600,-6.7038,-4.9922,16.9073,1.6045,5.5677,2.3384,-0.268500,0.593700,-0.300100,-0.696700,-3.1002,2.6317,10.1454,-0.0682,0.0963,-0.0669,0.929500,0.054300,0.151300,0.332100,False,False,False,Straight,0.500,-3.09,0.000,False,,,False,,,False
1783432871657,1214,11.1193,-1.3432,2.3505,0.0358,0.2960,-0.0776,-0.454700,-0.521900,0.399300,-0.601200,-8.0540,-6.7186,32.2279,0.1460,-0.2743,0.7267,-0.264100,0.588100,-0.305500,-0.700700,-2.5012,2.2015,9.4368,-0.0092,0.1205,-0.0520,0.929500,0.053500,0.152700,0.331600,False,False,False,Straight,0.500,-3.09,0.000,False,,,False,,,False
1783432871667,1215,10.4704,1.5343,1.8630,0.1701,0.3195,-0.3636,-0.457900,-0.522300,0.393900,-0.602000,3.2488,-6.9806,8.0535,-0.1199,-3.0426,-0.6393,-0.280000,0.563900,-0.289000,-0.721200,-2.5028,1.8494,9.4248,0.0297,0.1648,-0.0500,0.929300,0.053100,0.154700,0.331100,False,False,False,Straight,0.500,-3.09,0.000,False,,,False,,,False
1783432871677,1216,9.7335,1.9941,1.6109,0.0609,0.2363,-0.3783,-0.461500,-0.522700,0.389600,-0.601600,2.7486,-2.9219,4.7571,0.0248,-3.0456,-1.1393,-0.301000,0.540100,-0.269800,-0.738200,-2.3590,2.0990,9.1252,-0.0406,0.2026,-0.0547,0.929200,0.051600,0.156900,0.330600,False,False,False,Straight,0.500,-3.09,0.000,False,,,False,,,False
1783432871688,1217,8.7484,0.8743,1.4021,0.0169,0.1639,-0.3376,-0.464800,-0.523200,0.386400,-0.600800,-1.2542,-2.3835,9.3279,-0.4315,-3.7141,-1.3808,-0.322700,0.511400,-0.241700,-0.758900,-2.5216,1.9667,9.1838,-0.1119,0.2319,-0.0525,0.929000,0.049300,0.159100,0.330400,False,True,False,Straight,0.500,-3.09,0.000,False,,,False,,,False
1783432871698,1218,7.7351,0.0896,1.3369,0.0538,0.1257,-0.3372,-0.467500,-0.524200,0.383100,-0.599800,-4.4866,-3.2846,11.9252,-0.3525,-5.5299,-1.5664,-0.350800,0.463800,-0.204900,-0.787300,-2.7140,1.8696,9.2321,-0.0742,0.2202,-0.0451,0.928800,0.047400,0.161300,0.330200,False,True,False,Straight,0.500,-3.09,0.000,False,,,False,,,False
1783432871709,1219,7.0279,-0.0981,1.2009,0.0589,0.1450,-0.3473,-0.470500,-0.525200,0.379600,-0.599000,-3.6570,-1.3679,8.9122,-0.0273,-6.7912,-1.5001,-0.381100,0.399200,-0.164900,-0.817400,-2.7760,1.9047,9.1655,-0.0268,0.1648,-0.0431,0.928700,0.046300,0.163100,0.329800,False,True,False,Straight,0.500,-3.09,0.000,False,,,False,,,False
1783432871720,1220,7.0238,0.2461,1.0323,0.0503,0.1882,-0.2887,-0.473200,-0.525400,0.376200,-0.598700,-3.7977,0.2569,8.0332,-0.2921,-6.8456,-1.0339,-0.402500,0.331300,-0.123100,-0.844500,-2.6773,1.7484,9.1323,0.0226,0.1342,-0.0485,0.928600,0.045800,0.164800,0.329300,False,True,False,Straight,0.500,-3.09,0.000,False,,,False,,,False
1783432871730,1221,7.4912,0.6151,1.0320,0.0242,0.1558,-0.1692,-0.475000,-0.525200,0.374000,-0.598800,-5.6204,-0.3684,11.7935,-1.0451,-6.5036,-0.5328,-0.412000,0.267500,-0.076300,-0.867700,-2.6031,1.7183,9.1578,0.0619,0.1489,-0.0465,0.928500,0.045800,0.166700,0.328700,False,True,False,Straight,0.500,-3.09,0.000,False,,,False,,,False
1783432871740,1222,7.8436,0.6942,0.6948,-0.0177,0.0168,-0.0258,-0.475400,-0.525200,0.373900,-0.598600,-8.8875,-1.4137,16.0531,-2.1105,-6.2448,-0.3899,-0.413300,0.210000,-0.019300,-0.885900,-2.6168,1.9136,9.1219,0.0901,0.1510,-0.0601,0.928400,0.046100,0.168800,0.327900,False,True,False,Straight,0.500,-3.09,0.000,False,,,False,,,False
1783432871750,1223,7.9843,0.2630,-0.1035,-0.0152,-0.1120,0.1044,-0.474200,-0.525400,0.375500,-0.598400,-13.3181,-4.7315,21.0365,-2.9618,-5.8553,-0.8322,-0.414300,0.159800,0.046300,-0.894800,-2.5425,1.8571,9.0813,0.0652,0.1966,-0.1143,0.928400,0.045800,0.171400,0.326600,False,True,False,Straight,0.500,-3.09,0.000,False,,,False,,,False
1783432871760,1224,7.8094,0.0614,-0.6165,0.0907,-0.3355,0.2324,-0.470300,-0.527400,0.378300,-0.598000,-20.5070,-6.8552,21.6601,-2.2817,-5.6105,-2.1529,-0.428800,0.106900,0.105400,-0.890900,-2.5991,1.8758,9.1815,0.0138,0.2843,-0.1929,0.928500,0.044300,0.174800,0.324400,False,True,False,Straight,0.500,-3.09,0.000,False,,,False,,,False
1783432871771,1225,7.8081,0.1997,-0.8477,0.2153,-0.5012,0.3548,-0.463800,-0.530700,0.382000,-0.597700,-23.9896,-1.7987,15.1706,-0.3437,-5.3398,-2.9991,-0.453000,0.044900,0.141800,-0.879000,-2.8470,1.9474,9.1802,-0.0354,0.4179,-0.2390,0.928600,0.041700,0.179600,0.322000,False,True,False,Straight,0.500,-3.09,0.000,False,,,False,,,False
1783432871781,1226,9.9763,0.7891,0.5665,0.3593,-0.4498,0.3822,-0.456400,-0.534400,0.384500,-0.598500,-23.0559,9.2710,4.4986,0.5417,-4.4434,-2.0928,-0.467300,-0.011000,0.162200,-0.869000,-2.7311,1.9078,9.1958,-0.0735,0.5676,-0.2183,0.928200,0.038000,0.186000,0.319900,False,True,False,Straight,0.500,-3.09,0.000,False,,,False,,,False
1783432871791,1227,12.2274,0.9496,1.1651,0.3263,-0.2758,0.3266,-0.450500,-0.536700,0.385900,-0.600100,-25.6000,14.6549,-6.3349,0.2250,-3.4295,1.5552,-0.442700,-0.046500,0.180000,-0.877200,-2.8182,1.5296,9.3011,0.0029,0.8406,-0.2201,0.927100,0.034200,0.195800,0.317700,False,True,False,Straight,0.500,-3.09,0.000,False,,,False,,,False
1783432871801,1228,11.9830,1.2007,0.3366,0.3805,-0.1674,0.1785,-0.445800,-0.539300,0.385200,-0.601700,-23.8185,0.7687,-11.3941,-1.8633,-0.6672,3.0296,-0.408600,-0.036700,0.205800,-0.888400,-2.1330,1.0625,9.6704,0.2508,1.3320,-0.1673,0.924300,0.031300,0.212200,0.315700,False,False,False,Straight,0.500,-5.60,1.000,True,,,False,,,False
1783432871812,1229,11.5221,1.4828,-0.8117,0.2283,-0.0953,0.1012,-0.443000,-0.540800,0.384800,-0.602700,-8.8538,-17.4960,1.9765,2.7848,2.8314,0.8078,-0.405200,-0.017400,0.160700,-0.899800,-2.6833,1.7665,9.9600,0.3594,2.1507,-0.2253,0.919000,0.026400,0.238400,0.312800,False,False,False,Straight,0.500,-5.60,1.000,True,,,False,,,False
1783432871822,1230,11.9918,2.7499,-1.1498,0.0158,-0.2684,0.0014,-0.441600,-0.542900,0.386200,-0.600900,0.9906,-5.1265,16.7421,1.0206,2.5661,-1.8449,-0.430500,0.002600,0.135900,-0.892300,-3.0218,2.2222,10.0165,0.3382,3.1442,-0.3326,0.910100,0.016900,0.275800,0.308800,False,False,False,Straight,0.500,-5.60,1.000,True,,,False,,,False
1783432871832,1231,12.8312,0.7928,-0.9847,0.0268,-0.3086,-0.2269,-0.441600,-0.546500,0.386200,-0.597600,-2.6190,8.0384,11.8045,0.0208,3.2399,-1.6415,-0.453800,0.035800,0.118300,-0.882500,-2.4392,3.5065,9.7194,0.2612,4.6214,-0.5686,0.894800,0.000000,0.328900,0.301900,False,False,False,Straight,0.500,-5.60,1.000,True,,,False,,,False
1783432871842,1232,11.5613,-0.3426,1.3093,0.2696,-0.6218,-0.3066,-0.439000,-0.554100,0.385600,-0.592900,-2.8810,13.7787,16.9938,0.0355,3.0957,0.4552,-0.453100,0.070400,0.100200,-0.883000,-2.6620,4.2293,9.8474,-0.2530,6.2530,-1.0641,0.870400,-0.030700,0.396700,0.290000,False,False,False,Straight,0.500,-5.60,1.000,True,,,False,,,False
1783432871852,1233,9.6594,-0.1708,2.6674,0.3138,-0.6670,-0.2430,-0.435400,-0.562000,0.385200,-0.588400,-5.8055,-14.2747,10.9182,0.1700,2.6374,0.7433,-0.448200,0.099500,0.082800,-0.884500,-6.6675,4.0056,12.5001,-0.5657,8.5019,-1.9049,0.829800,-0.076900,0.483800,0.267100,False,False,False,Straight,0.500,-5.60,1.000,True,,,False,,,False
1783432871863,1234,8.7268,0.3718,3.6263,0.2680,-0.3339,-0.2421,-0.433700,-0.567100,0.383400,-0.585900,-6.3556,0.6762,16.0422,1.6258,1.3433,0.4105,-0.447000,0.105600,0.056900,-0.886500,-13.3531,3.6001,17.8940,0.2658,9.6107,-2.5840,0.774400,-0.121200,0.577900,0.227500,False,False,False,Straight,0.500,-5.60,1.000,True,,,False,,,False
1783432871873,1235,9.6267,0.2849,3.9595,0.0891,0.1713,-0.3815,-0.436700,-0.568200,0.379200,-0.585400,-4.2352,-2.1273,12.4596,1.1257,0.3721,0.2893,-0.445600,0.103700,0.042100,-0.888200,-17.2175,7.3513,21.9800,-0.1226,8.8508,-3.1255,0.714000,-0.169100,0.654200,0.183200,False,False,False,Straight,0.500,-5.60,1.000,True,,,False,,,False
1783432871883,1236,10.5382,0.9841,3.8044,-0.0572,0.4696,-0.5295,-0.443200,-0.566900,0.373300,-0.585500,-2.5422,-0.8609,11.3410,0.7224,-0.0212,0.1260,-0.445200,0.099500,0.034100,-0.889200,-8.6937,5.5810,21.7767,-0.7053,6.3269,-3.2671,0.665600,-0.215800,0.699400,0.145700,False,False,False,Straight,0.500,-5.60,1.000,True,,,False,,,False
1783432871894,1237,12.2061,0.9901,3.1769,-0.1407,0.5088,-0.4270,-0.449600,-0.564400,0.368500,-0.586100,-1.5918,-1.4636,9.8367,0.4251,-0.1055,0.0834,-0.444900,0.096100,0.030000,-0.889900,-11.0214,7.1281,34.7877,1.0490,-1.5472,-1.7890,0.685000,-0.219600,0.683200,0.125600,False,False,False,Straight,0.500,-5.60,1.000,True,,,False,,,False
1783432871905,1238,12.5870,0.6011,2.3137,-0.1623,0.2092,-0.0154,-0.451800,-0.562100,0.368400,-0.586700,-1.3606,-1.8147,9.4599,0.2972,0.0245,0.1027,-0.444200,0.094800,0.026600,-0.890500,4.0189,8.8180,10.8292,1.0239,-4.5895,-0.4023,0.726600,-0.206400,0.643100,0.125600,False,False,False,Straight,0.500,-5.60,1.000,True,,,False,,,False
1783432871915,1239,10.5152,-0.2715,1.4330,-0.1582,0.0300,0.4024,-0.450100,-0.559100,0.372300,-0.588400,-1.6017,-1.3808,9.5258,0.2606,0.1130,0.0886,-0.443700,0.094600,0.023100,-0.890900,2.2436,5.4485,7.4409,0.5891,-4.3529,0.5533,0.761400,-0.189200,0.604900,0.136700,False,False,False,Straight,0.500,-5.60,1.000,True,,,False,,,False
1783432871925,1240,8.8458,-0.7345,0.9605,-0.1207,0.0614,0.4977,-0.447600,-0.555700,0.376300,-0.591000,-1.4510,-1.1317,9.4207,0.2317,0.1632,0.0703,-0.443400,0.095200,0.019600,-0.891000,-2.2054,3.5551,9.7281,0.6854,-5.1663,1.3950,0.798100,-0.162600,0.558700,0.156400,True,False,False,Straight,0.500,-5.60,1.000,True,,,False,,,False
1783432871937,1241,8.2318,-0.2579,0.8052,-0.0769,0.1342,0.4248,-0.445600,-0.552300,0.379100,-0.593900,-1.6351,-1.2712,9.4870,0.1915,0.1875,0.1017,-0.442600,0.096300,0.016400,-0.891400,-5.6714,1.7868,11.1678,0.8122,-6.5955,1.8273,0.839500,-0.128000,0.496000,0.181400,True,False,False,Straight,0.500,-5.60,1.000,True,,,False,,,False
1783432871947,1242,7.7468,-0.3550,0.7716,-0.0507,0.1390,0.3639,-0.443900,-0.549300,0.381200,-0.596600,-1.6452,-1.0854,9.4657,0.1525,0.1885,0.1131,-0.441700,0.097600,0.013700,-0.891700,-5.7620,0.0311,8.9983,0.9639,-7.4633,1.7952,0.879400,-0.089000,0.420300,0.205000,True,False,False,Straight,0.500,-5.60,1.000,True,,,False,,,False
1783432871957,1243,6.9156,-0.6553,0.6336,0.0800,0.1937,0.2836,-0.442100,-0.546900,0.381500,-0.599800,-1.3867,-0.5962,9.4235,0.0240,0.2521,0.0987,-0.440800,0.100400,0.012000,-0.891900,-6.0352,-0.6059,8.1879,1.5593,-7.1032,1.4721,0.911100,-0.045300,0.345900,0.219600,True,False,False,Straight,0.500,-5.60,1.000,True,,,False,,,False
1783432871967,1244,6.3784,-0.4849,0.2266,0.1285,0.1266,0.1840,-0.440500,-0.545900,0.381200,-0.602300,-1.5651,-1.0071,9.3986,-0.1143,0.3453,0.1397,-0.439300,0.104900,0.011300,-0.892100,-10.3668,2.7467,12.0369,2.0842,-6.1414,1.3485,0.932200,0.001400,0.281000,0.228300,True,False,False,Straight,0.500,-5.60,1.000,True,,,False,,,False
1783432871977,1245,6.2178,-0.5797,-0.4191,0.1017,-0.0890,0.0633,-0.438900,-0.546800,0.381400,-0.602500,-2.0424,-1.1469,9.4155,-0.1083,0.3188,0.1579,-0.437500,0.109100,0.010700,-0.892500,-18.2131,6.0693,20.9005,2.1067,-5.6990,2.4810,0.942100,0.051100,0.219400,0.248500,True,False,False,Straight,0.500,-5.60,1.000,True,,,False,,,False
1783432871988,1246,6.1478,-1.0049,-0.2700,0.1649,-0.2526,-0.0710,-0.437100,-0.550000,0.381100,-0.601100,-2.0859,-0.9245,9.5229,-0.0748,0.2713,0.1485,-0.435900,0.112600,0.009900,-0.892900,-25.1318,3.5238,20.1231,1.4436,-6.0090,3.8445,0.941900,0.097200,0.149500,0.284500,True,False,False,Straight,0.500,-5.60,1.000,True,,,False,,,False
1783432871998,1247,7.0882,-0.4041,-0.1961,0.1862,-0.2902,-0.1813,-0.435800,-0.554000,0.380000,-0.598900,-1.9345,-1.5744,9.1824,-0.0104,0.2081,0.1514,-0.434400,0.115000,0.008800,-0.893300,-29.3431,4.7543,11.3783,-0.5562,-5.8601,3.7288,0.936900,0.118200,0.073300,0.320800,True,False,False,Straight,0.500,-5.60,1.000,True,,,False,,,False
1783432872009,1248,9.9568,-0.0297,0.0853,0.2281,-0.1377,-0.2324,-0.435300,-0.557400,0.377500,-0.597700,-1.6019,-1.3880,9.3893,0.0564,0.3000,0.1618,-0.432800,0.118100,0.006400,-0.893700,-26.9348,-3.6027,-3.4670,-0.7314,-4.5356,2.9447,0.928200,0.130300,0.012500,0.348200,True,False,False,Straight,0.500,-5.60,1.000,True,,,False,,,False
1783432872019,1249,12.7787,-0.4551,1.0176,0.3540,-0.0349,-0.0977,-0.433400,-0.560100,0.374400,-0.598600,-1.8637,-1.2272,9.7203,0.0428,0.5493,0.1692,-0.431100,0.124100,0.002900,-0.893700,-25.7765,-8.2967,-8.7724,1.8089,-2.1449,1.8890,0.916600,0.160900,-0.007800,0.365900,True,False,False,Straight,0.500,-5.60,1.000,True,,,False,,,False
1783432872030,1250,12.1896,1.3273,-0.0385,0.1622,-0.0266,0.0348,-0.431900,-0.561000,0.373700,-0.599300,-1.3932,-1.2499,9.8017,0.0539,0.8637,0.1852,-0.429300,0.133400,-0.002600,-0.893300,-26.4474,-2.0375,-7.6729,-0.0048,-0.0722,0.7477,0.913200,0.161100,-0.010200,0.374100,True,False,False,Straight,0.500,-5.60,1.000,True,,,False,,,False
1783432872040,1251,11.3119,-0.3122,-1.8897,0.0774,-0.0653,0.2140,-0.429400,-0.560900,0.375000,-0.600300,-0.9926,-0.5819,9.9247,0.0480,1.5192,0.2409,-0.426600,0.150100,-0.011500,-0.891800,-9.8270,-1.0960,4.6482,-1.2861,1.7744,0.1885,0.914800,0.138100,0.003600,0.379500,False,False,False,Straight,0.500,-5.60,1.000,True,,,False,,,False
1783432872051,1252,11.8335,-2.4190,-0.7693,0.4947,-0.2648,0.2368,-0.422900,-0.564500,0.374400,-0.602000,-1.5595,-0.4518,10.2896,-0.0563,2.5826,0.3152,-0.422500,0.179100,-0.025100,-0.888100,4.2551,1.3671,12.2239,-0.3723,1.9232,0.2903,0.913700,0.124700,0.023300,0.386000,False,False,False,Straight,0.500,-5.60,1.000,True,,,False,,,False
1783432872062,1253,13.0930,-1.1650,-0.1228,0.8107,-0.3064,0.2518,-0.413900,-0.569800,0.371700,-0.604800,-0.7673,-2.0621,10.0313,0.0243,3.8457,0.5719,-0.414600,0.221300,-0.046800,-0.881400,-3.1013,-3.2792,9.2289,0.4487,3.7174,0.0938,0.910500,0.111800,0.067600,0.392300,False,False,False,Straight,0.450,-5.60,1.000,True,,,False,,,False
1783432872072,1254,12.8624,1.2979,2.4153,0.7701,-0.1504,0.2836,-0.405500,-0.573600,0.368800,-0.608700,-0.4882,-3.2058,9.9062,0.3506,5.6865,1.0987,-0.399100,0.280900,-0.082900,-0.868900,-7.2314,0.9406,14.7958,0.5815,4.0276,-0.7899,0.909000,0.097800,0.117300,0.387900,False,False,False,Straight,0.400,-5.60,1.000,True,,,False,,,False
1783432872083,1255,12.1151,3.9920,4.6923,0.1085,0.1606,0.2951,-0.403200,-0.571600,0.369300,-0.611800,-3.2615,-2.1945,12.2731,0.9686,7.9110,2.0892,-0.369600,0.358200,-0.139600,-0.845900,-12.2899,10.8339,18.0760,-1.0088,2.6809,-0.3220,0.907200,0.072800,0.143100,0.388700,False,False,False,Straight,0.500,-5.60,1.000,True,,,False,,,False
1783432872093,1256,12.7021,4.2736,3.9399,-0.3834,0.1827,0.3825,-0.403900,-0.566500,0.374100,-0.613200,-10.0860,-1.9986,20.7515,0.0850,9.6394,2.5863,-0.323100,0.452200,-0.195200,-0.808100,-6.8107,-2.0093,14.3957,-0.6477,1.0873,-0.3481,0.907500,0.059500,0.152600,0.386900,False,False,False,Straight,0.500,-5.60,1.000,True,,,False,,,False
1783432872104,1257,10.5487,-0.0080,3.6407,-0.3114,0.3100,0.3769,-0.404600,-0.560800,0.377600,-0.615800,-11.7770,-3.2309,19.9620,-0.4996,8.8536,2.5919,-0.270500,0.534100,-0.239000,-0.764500,-4.4609,1.6021,11.4459,-0.1533,0.3897,-0.0712,0.907100,0.055800,0.156300,0.386700,False,False,False,Straight,0.500,-5.60,1.000,True,,,False,,,False
1783432872115,1258,10.2189,-1.7256,3.1013,-0.0442,0.4670,0.2604,-0.405100,-0.555800,0.377400,-0.620100,-3.6097,-5.9500,14.1640,0.9015,6.6576,2.9866,-0.226900,0.583400,-0.288800,-0.724400,-3.0563,2.2976,10.1242,0.1912,0.0729,0.0631,0.906600,0.057700,0.158000,0.387100,False,False,False,Straight,0.500,-5.60,1.000,True,,,False,,,False
1783432872125,1259,10.1973,0.0663,2.4968,0.0971,0.5312,0.0258,-0.406800,-0.552000,0.374200,-0.624300,-13.8776,-9.1416,36.6193,-0.2824,2.1958,1.2266,-0.205600,0.599400,-0.300900,-0.712600,-2.5500,2.0620,9.6748,0.4112,0.0081,0.1136,0.905700,0.062500,0.160000,0.387600,False,False,False,Straight,0.500,-5.60,1.000,True,,,False,,,False
1783432872136,1260,8.8953,2.0626,2.0945,0.0633,0.4573,-0.2516,-0.410400,-0.550000,0.369600,-0.626500,0.6263,-10.5861,13.5237,-0.6219,-3.1827,-1.2099,-0.223400,0.576700,-0.277500,-0.735300,-2.5031,1.9187,9.4789,0.6078,-0.0069,0.1608,0.904400,0.069600,0.162700,0.388300,False,False,False,Straight,0.500,-5.60,1.000,True,,,False,,,False
1783432872147,1261,7.8190,2.3477,1.6390,-0.1669,0.3596,-0.3957,-0.416300,-0.548100,0.366400,-0.626100,3.0592,-2.7391,5.0804,0.1183,-3.4934,-1.8945,-0.253200,0.550100,-0.254300,-0.754100,-2.4507,2.4459,9.2077,0.7329,0.0074,0.2050,0.902700,0.078300,0.166200,0.389100,False,False,False,Straight,0.500,-5.60,1.000,True,,,False,,,False
1783432872157,1262,7.2473,1.5578,1.2251,-0.2976,0.3653,-0.4693,-0.423700,-0.545900,0.363600,-0.624700,0.0325,0.0474,7.6953,-0.3303,-3.9863,-1.6509,-0.278600,0.518000,-0.226400,-0.776400,-2.3059,2.7644,8.8511,0.6922,-0.0196,0.2099,0.901000,0.086600,0.169100,0.390000,False,True,False,Straight,0.500,-5.60,1.000,True,,,False,,,False
1783432872168,1263,6.9033,0.5611,1.1755,-0.3054,0.3588,-0.4297,-0.430700,-0.543400,0.361200,-0.623500,-2.7277,-1.0820,10.0749,-0.5749,-5.2578,-1.2051,-0.300500,0.471200,-0.193700,-0.806300,-2.0982,2.7386,8.4082,0.5453,-0.0278,0.1342,0.899800,0.093100,0.171300,0.390400,False,True,False,Straight,0.500,-5.60,1.000,True,,,False,,,False
1783432872178,1264,7.0805,-0.0425,1.3396,-0.3157,0.3509,-0.3743,-0.437300,-0.540700,0.359200,-0.622400,-3.5847,-1.3752,8.9763,-0.5690,-6.3862,-0.9898,-0.321300,0.409800,-0.157000,-0.839200,-1.9403,2.9729,8.2127,0.2705,0.0843,0.0008,0.899300,0.095700,0.173600,0.389900,False,True,False,Straight,0.500,-5.60,1.000,True,,,False,,,False
1783432872188,1265,7.5351,0.2563,1.3379,-0.3439,0.3411,-0.3472,-0.443800,-0.537800,0.357600,-0.621200,-4.3449,-0.7301,9.0268,-0.9474,-6.6657,-0.8530,-0.336900,0.343800,-0.115000,-0.868900,-2.0192,3.0544,8.4298,0.0117,0.1726,-0.1309,0.899500,0.094600,0.175700,0.388700,False,True,False,Straight,0.500,-5.60,1.000,True,,,False,,,False
1783432872198,1266,8.4765,0.8017,0.7846,-0.3857,0.1925,-0.3222,-0.449800,-0.535600,0.357400,-0.619000,-6.9977,-1.6825,12.6439,-1.5641,-6.7145,-0.9298,-0.348300,0.277400,-0.064900,-0.893000,-2.4146,2.8190,9.0265,-0.1503,0.2104,-0.2102,0.900200,0.091400,0.177600,0.386900,False,True,False,Straight,0.500,-5.60,1.000,True,,,False,,,False
1783432872208,1267,9.2485,0.5948,0.1586,-0.3546,-0.0267,-0.2303,-0.453800,-0.534900,0.358800,-0.615900,-8.8934,-2.3495,15.9755,-1.9178,-6.7334,-1.1234,-0.357900,0.210300,-0.009600,-0.909700,-2.4333,3.1106,9.0430,-0.1985,0.1986,-0.2244,0.901100,0.087700,0.179100,0.385000,False,True,False,Straight,0.500,-5.60,1.000,True,,,False,,,False
1783432872219,1268,9.2429,-0.2049,-0.4463,-0.3021,-0.2706,-0.0439,-0.454900,-0.535400,0.362300,-0.612400,-13.2790,-5.0554,21.3781,-2.4564,-6.0303,-1.5966,-0.368700,0.152000,0.049900,-0.915700,-2.3664,3.0151,9.0319,-0.2972,0.2606,-0.2720,0.902100,0.082400,0.180900,0.382900,False,True,False,Straight,0.500,-5.60,1.000,True,,,False,,,False
1783432872229,1269,8.4077,-0.5108,-0.6871,-0.2014,-0.5408,0.1177,-0.452900,-0.537900,0.367700,-0.608500,-23.0500,-5.2627,24.2251,-2.4489,-5.7903,-3.0683,-0.393700,0.094400,0.110500,-0.907700,-2.2959,3.2619,8.8218,-0.4389,0.2878,-0.3302,0.903500,0.075300,0.182400,0.380500,False,True,False,Straight,0.500,-5.60,1.000,True,,,False,,,False
1783432872241,1270,7.4371,0.0574,-0.7069,-0.1261,-0.7461,0.2939,-0.448000,-0.541500,0.374900,-0.604500,-26.3067,0.3592,14.3297,-0.5520,-5.3464,-3.6632,-0.425600,0.030900,0.147300,-0.892300,-2.5519,2.9610,8.8747,-0.6256,0.4056,-0.3635,0.904800,0.065400,0.184300,0.378200,False,True,False,Straight,0.500,-5.60,1.000,True,,,False,,,False
1783432872251,1271,9.2760,0.7036,0.3209,-0.0775,-0.5874,0.3493,-0.443100,-0.543900,0.381100,-0.602100,-27.2656,14.9249,2.6487,0.0155,-4.1910,-2.4189,-0.443900,-0.020600,0.170300,-0.879500,-2.0338,2.5784,8.9142,-0.5646,0.5117,-0.3556,0.905700,0.055800,0.187700,0.375900,False,True,False,Straight,0.500,-5.60,1.000,True,,,False,,,False
1783432872261,1272,11.0271,0.2073,0.5259,-0.0033,-0.2641,0.3350,-0.439400,-0.544300,0.384900,-0.602100,-29.3268,17.9671,-12.1570,-0.0034,-2.9446,1.1884,-0.424100,-0.050400,0.187000,-0.884700,-3.2310,2.2938,9.4653,-0.5358,0.9158,-0.4080,0.905800,0.044400,0.195800,0.373200,False,False,False,Straight,0.500,-2.91,1.000,True,,,False,,,False
1783432872272,1273,10.6341,-0.3532,-1.1944,0.1179,-0.0878,0.2358,-0.436300,-0.544500,0.386100,-0.603300,-19.8889,-2.5224,-13.0382,0.1457,0.8637,2.2254,-0.401300,-0.036500,0.182300,-0.896900,-2.6644,1.1916,9.5686,-0.2652,1.2756,-0.2765,0.904000,0.034700,0.209100,0.371400,False,False,False,Straight,0.500,-2.91,1.000,True,,,False,,,False
1783432872283,1274,11.0812,0.9154,-1.3442,0.1642,0.0775,0.1161,-0.434700,-0.544300,0.385300,-0.605200,-0.3602,-8.1226,15.5210,2.2233,2.9201,0.8930,-0.396500,-0.012800,0.143100,-0.906700,-2.1094,1.7838,10.0109,0.0795,1.8843,-0.3405,0.900300,0.025900,0.230800,0.368000,False,False,False,Straight,0.500,-2.91,1.000,True,,,False,,,False
1783432872294,1275,12.5746,2.3077,-0.8790,0.1705,-0.1508,-0.0305,-0.433000,-0.546500,0.384600,-0.604800,-3.4190,-4.5708,9.8880,-0.1279,3.4715,-0.3230,-0.406100,0.026600,0.127300,-0.904500,-2.9604,2.1999,10.2696,0.1306,2.9597,-0.4155,0.893000,0.012500,0.264700,0.363700,False,False,False,Straight,0.500,-2.91,1.000,True,,,False,,,False
1783432872304,1276,13.6698,1.3816,1.8276,0.3910,-0.3645,-0.2539,-0.430500,-0.552700,0.382000,-0.602800,-5.4568,8.9009,19.2298,0.1105,3.8364,0.3755,-0.407600,0.070000,0.106400,-0.904200,-1.4931,2.6516,10.1398,0.2273,4.6313,-0.5672,0.878700,-0.007900,0.317000,0.356700,False,False,False,Straight,0.500,-2.91,1.000,True,,,False,,,False
1783432872314,1277,12.4054,-0.7288,3.4422,0.6188,-0.4861,-0.3812,-0.426800,-0.561500,0.377300,-0.600200,-10.3676,-11.2240,17.7923,0.3405,2.6697,0.6434,-0.404100,0.099300,0.088500,-0.905000,-0.4993,4.1747,10.9264,-0.0678,7.3947,-0.9164,0.849800,-0.045200,0.396300,0.344700,False,False,False,Straight,0.500,-2.91,1.000,True,,,False,,,False
1783432872325,1278,11.2196,-0.1375,3.0991,0.5522,-0.0972,-0.2237,-0.424100,-0.566200,0.372100,-0.600900,-2.9907,0.8242,12.5368,1.3102,1.2656,0.2479,-0.404300,0.107300,0.067000,-0.905800,-8.6281,2.6032,16.6437,0.3768,10.2668,-1.4819,0.798500,-0.092300,0.502400,0.318400,False,False,False,Straight,0.500,-2.91,1.000,True,,,False,,,False
1783432872335,1279,10.5425,0.5122,3.5009,0.2846,0.1889,-0.0831,-0.423600,-0.566700,0.368400,-0.603100,-4.1763,-1.8854,11.9362,0.7744,0.4387,0.1540,-0.404100,0.108500,0.055900,-0.906500,-16.7637,5.1358,21.2540,1.3431,9.7881,-2.3132,0.741600,-0.131600,0.598400,0.273100,False,False,False,Straight,0.500,-2.91,1.000,True,,,False,,,False
1783432872345,1280,9.9486,1.4549,3.5775,0.1683,0.2820,-0.2590,-0.425600,-0.566700,0.363800,-0.604400,-2.2359,-0.9214,10.8296,0.3015,0.1776,0.0377,-0.404400,0.109100,0.051600,-0.906600,-12.0037,7.8805,24.3802,-0.0486,7.7096,-3.0405,0.690400,-0.180300,0.661300,0.231200,False,False,False,Straight,0.500,-2.91,1.000,True,,,False,,,False
1783432872355,1281,10.8871,1.3041,3.2025,0.0438,0.4213,-0.3767,-0.430000,-0.565500,0.358600,-0.605600,-1.6268,-1.7708,9.6621,-0.0138,0.1926,-0.0043,-0.404700,0.111400,0.050900,-0.906200,-12.8837,3.2773,36.8172,-0.2415,1.1192,-2.6543,0.688000,-0.207300,0.663800,0.207600,False,False,False,Straight,0.500,-2.91,1.000,True,,,False,,,False
1783432872365,1282,11.4621,0.1659,2.7843,0.0829,0.3976,-0.2182,-0.432800,-0.563900,0.354200,-0.607600,-1.6574,-2.2281,9.3679,-0.0345,0.2628,0.0302,-0.404600,0.114600,0.050000,-0.905900,5.6177,3.1967,14.6393,0.9589,-4.6471,-2.4075,0.733900,-0.206400,0.618500,0.190400,False,False,False,Straight,0.500,-2.91,1.000,True,,,False,,,False
1783432872375,1283,10.4147,-0.1139,2.1355,0.1238,0.2517,0.2022,-0.431500,-0.561800,0.353400,-0.610900,-1.9859,-1.7479,9.6939,-0.0011,0.2788,0.0363,-0.404500,0.117900,0.048700,-0.905600,5.4788,6.1980,6.1032,0.7770,-3.7831,-2.1449,0.769300,-0.206300,0.579100,0.174000,False,False,False,Straight,0.500,-2.91,1.000,True,,,False,,,False
1783432872385,1284,8.6707,-0.5257,1.3179,0.0955,0.1564,0.4879,-0.427800,-0.559000,0.355200,-0.615100,-1.9289,-1.5528,9.6713,-0.1333,0.2430,0.0439,-0.404100,0.121400,0.049000,-0.905300,0.3091,7.3895,9.0399,0.1732,-4.2616,-1.0044,0.801800,-0.202100,0.534800,0.173600,True,False,False,Straight,0.500,-2.91,1.000,True,,,False,,,False
1783432872396,1285,7.7011,-0.6707,1.0602,0.1305,0.1308,0.5194,-0.423400,-0.556400,0.357100,-0.619300,-1.7432,-2.0401,9.1849,-0.1362,0.2634,0.0690,-0.403500,0.125100,0.049200,-0.905100,-3.7160,5.5672,10.0341,0.4461,-5.5560,0.5536,0.837100,-0.181200,0.480100,0.189600,True,False,False,Straight,0.500,-2.91,1.000,True,,,False,,,False
1783432872407,1286,6.7789,-1.0834,0.7132,0.2674,0.0762,0.3847,-0.418900,-0.555600,0.357300,-0.623000,-1.9306,-2.0579,9.1916,-0.0175,0.2713,0.0955,-0.402700,0.128400,0.047900,-0.905000,-4.8069,4.3347,8.4003,1.0375,-6.7342,1.7725,0.872600,-0.142800,0.414100,0.216100,True,False,False,Straight,0.500,-2.91,1.000,True,,,False,,,False
1783432872417,1287,6.5887,-0.5983,0.5866,0.3647,0.0116,0.2454,-0.414500,-0.556300,0.356200,-0.626000,-2.1013,-1.5936,9.3601,-0.0118,0.2732,0.1071,-0.401700,0.131700,0.046600,-0.905000,-4.1685,3.0112,6.4962,0.9623,-6.6500,2.1175,0.899800,-0.102700,0.346200,0.244900,True,False,False,Straight,0.500,-2.91,1.000,True,,,False,,,False
1783432872428,1288,6.3976,0.1873,0.3230,0.3041,-0.0843,0.1275,-0.411000,-0.558000,0.355100,-0.627400,-2.1706,-1.5652,9.2519,-0.0897,0.2618,0.1045,-0.400700,0.135200,0.046200,-0.905000,-7.1543,1.7812,8.8786,1.1553,-5.8055,1.6930,0.918700,-0.064100,0.285300,0.265400,True,False,False,Straight,0.500,-2.91,1.000,True,,,False,,,False
1783432872439,1289,6.2925,0.2062,-0.2128,0.1169,-0.1824,0.0632,-0.408900,-0.559800,0.355600,-0.626900,-2.1670,-1.9395,9.0386,-0.0869,0.2310,0.1359,-0.399300,0.138400,0.045900,-0.905100,-14.6025,3.2845,17.6300,2.0256,-5.2994,1.8680,0.930600,-0.016200,0.231600,0.282800,True,False,False,Straight,0.500,-2.91,1.000,True,,,False,,,False
1783432872449,1290,6.7683,-0.2565,-0.5325,-0.0729,-0.2303,-0.0011,-0.408400,-0.561200,0.357300,-0.625000,-2.2249,-1.9788,9.0205,0.0129,0.1595,0.1719,-0.397600,0.140300,0.044800,-0.905700,-18.8889,4.8776,20.7470,2.1093,-5.6851,2.7660,0.934700,0.036600,0.172500,0.308700,True,False,False,Straight,0.500,-2.91,1.000,True,,,False,,,False
1783432872459,1291,7.9560,-0.7931,0.2098,-0.0933,-0.1508,-0.0960,-0.409100,-0.562400,0.358200,-0.623000,-2.2016,-2.0112,9.2216,0.1155,0.1188,0.1523,-0.396300,0.141200,0.042700,-0.906200,-26.2774,0.7420,18.5246,1.6195,-5.4150,3.1901,0.930300,0.083300,0.113200,0.338700,True,False,False,Straight,0.500,-2.91,1.000,True,,,False,,,False
1783432872470,1292,9.7404,-0.3732,0.5673,0.0087,-0.1019,-0.2096,-0.410200,-0.564200,0.357200,-0.621200,-2.2982,-1.9545,9.4492,0.1163,0.1867,0.0776,-0.395900,0.142800,0.040400,-0.906200,-27.2566,-0.1767,7.0202,0.2494,-5.2388,2.3513,0.925200,0.111600,0.050400,0.359100,True,False,False,Straight,0.500,-2.91,1.000,True,,,False,,,False
1783432872480,1293,11.8821,0.3119,0.8173,0.0120,-0.1214,-0.2027,-0.411100,-0.566100,0.356300,-0.619300,-1.5841,-1.9991,9.2488,0.1278,0.4602,0.1110,-0.395200,0.147500,0.036500,-0.905900,-27.0124,-11.0511,-6.4002,1.7520,-3.3774,0.7367,0.920600,0.147400,0.017900,0.361200,True,False,False,Straight,0.500,-2.91,1.000,True,,,False,,,False
1783432872490,1294,12.1547,0.9701,0.4299,-0.1165,-0.1635,-0.0419,-0.411500,-0.567000,0.357800,-0.617400,-1.5258,-1.4542,9.5376,0.0657,0.8810,0.1771,-0.393800,0.157300,0.031200,-0.905100,-28.1270,-3.9519,-9.0743,2.0983,-1.7352,-0.5166,0.918900,0.179300,0.008300,0.351200,True,False,False,Straight,0.500,-2.91,1.000,True,,,False,,,False
1783432872501,1295,11.3989,0.8752,-1.4138,-0.4036,-0.1176,0.1516,-0.412700,-0.565200,0.362600,-0.615500,-1.2636,-1.0766,9.9220,-0.1517,1.5109,0.2030,-0.391900,0.175300,0.025200,-0.902800,-19.1525,3.3419,-6.6236,-0.9640,0.9607,-0.0299,0.921000,0.164000,0.015100,0.353100,False,False,False,Straight,0.500,-2.91,1.000,True,,,False,,,False
1783432872511,1296,11.4564,-1.9230,-1.5607,-0.0707,-0.2365,0.2071,-0.410500,-0.565700,0.365800,-0.614500,-1.9451,-2.0078,10.1517,-0.1238,2.4790,0.2785,-0.389200,0.203900,0.013900,-0.898200,1.3849,3.5429,14.5871,-2.4544,2.4958,0.9909,0.920200,0.124800,0.030900,0.369700,False,False,False,Straight,0.500,-2.91,1.000,True,,,False,,,False
1783432872521,1297,12.7362,-1.8628,-0.9854,0.5363,-0.4771,0.2525,-0.402600,-0.571000,0.365900,-0.614800,-1.4418,-2.2092,9.9077,-0.1223,3.6412,0.4692,-0.383900,0.245200,-0.003600,-0.890200,-0.3305,-8.6651,10.0596,-0.2595,3.1836,1.4508,0.911800,0.107500,0.064100,0.391000,False,False,False,Straight,0.500,-2.91,1.000,True,,,False,,,False
1783432872531,1298,13.2572,0.0116,1.3913,0.5747,-0.4388,0.4146,-0.393200,-0.575300,0.366700,-0.616300,0.1534,-3.4994,9.5558,0.1640,5.4935,1.0227,-0.372000,0.304900,-0.034800,-0.876000,-7.8377,-14.8192,16.1065,0.2542,3.5228,-0.5002,0.910200,0.092700,0.106000,0.389500,False,False,False,Straight,0.500,-2.91,1.000,True,,,False,,,False
1783432872542,1299,12.0391,1.8318,4.3532,0.3017,-0.1167,0.4929,-0.386700,-0.575500,0.368500,-0.619200,-2.6585,-3.4725,10.6848,0.5305,7.8579,1.6184,-0.351100,0.386100,-0.082900,-0.849000,-11.4457,20.7861,16.6684,-0.3612,2.3762,-0.6966,0.910400,0.076000,0.132000,0.384600,False,False,False,Straight,0.500,-2.91,1.000,True,,,False,,,False
1783432872552,1300,12.2753,3.4728,4.0851,-0.2654,-0.0804,0.6002,-0.383600,-0.572000,0.375300,-0.620300,-9.4456,-2.9115,19.8675,0.1066,10.2125,2.4030,-0.312700,0.488000,-0.139500,-0.802900,-6.3314,-6.0600,14.6364,-1.2112,1.2536,-0.3984,0.911200,0.055500,0.140900,0.383200,False,False,False,Straight,0.500,-2.91,1.000,True,,,False,,,False
1783432872563,1301,10.5236,-0.1093,2.6696,-0.2960,0.0925,0.4766,-0.382400,-0.567700,0.380600,-0.621800,-15.4035,-4.8676,22.4361,0.2644,9.6811,2.6425,-0.268500,0.575400,-0.194700,-0.747600,-4.3692,2.0226,11.3617,-0.7519,0.3711,-0.3131,0.912500,0.044600,0.141700,0.381200,False,False,False,Straight,0.500,-2.91,1.000,True,,,False,,,False
1783432872574,1302,10.2843,-2.1117,2.7653,0.0830,0.3116,0.3555,-0.380500,-0.564000,0.381000,-0.626100,-3.4708,-7.5615,19.5126,1.9278,6.5920,2.6538,-0.240400,0.621600,-0.252900,-0.701400,-2.7953,2.5044,9.9763,-0.5389,-0.0753,-0.2486,0.914000,0.038300,0.138400,0.379300,False,False,False,Straight,0.500,-2.91,1.000,True,,,False,,,False
1783432872585,1303,10.4218,-1.0410,2.5099,0.2361,0.3871,0.1440,-0.379600,-0.561400,0.378300,-0.630600,-13.6013,-5.4426,37.9305,0.6283,1.6793,1.1238,-0.230000,0.630600,-0.271800,-0.689600,-1.9590,1.4877,9.3128,-0.4345,-0.0137,-0.2251,0.915300,0.032900,0.136300,0.377500,False,False,False,Straight,0.500,-2.91,1.000,True,,,False,,,False
1783432872596,1304,9.7042,1.5122,2.0877,0.2381,0.3118,-0.1707,-0.380700,-0.560900,0.373800,-0.633000,3.3380,-6.4551,12.9779,-0.8283,-3.6714,-0.5714,-0.240500,0.602500,-0.248900,-0.719100,-2.1268,1.2739,9.3790,-0.3340,0.1847,-0.1896,0.916000,0.027800,0.137000,0.376100,False,False,False,Straight,0.500,-2.91,1.000,True,,,False,,,False
1783432872607,1305,8.4594,2.1146,1.4382,-0.0141,0.1446,-0.4075,-0.384700,-0.561600,0.370300,-0.632000,3.8765,-2.4418,4.8455,-0.6305,-3.5192,-0.9045,-0.254400,0.574900,-0.225200,-0.744300,-2.0071,1.0580,9.1481,-0.2216,0.3188,-0.1153,0.916000,0.023500,0.139600,0.375300,False,False,False,Straight,0.500,-2.91,1.000,True,,,False,,,False
1783432872618,1306,7.4451,0.7445,1.1226,-0.1982,0.1044,-0.4891,-0.390400,-0.562100,0.367900,-0.629500,-0.8066,-1.4890,9.0967,-0.5918,-4.0977,-0.8880,-0.269400,0.540300,-0.199600,-0.771800,-2.5400,1.8879,9.2632,-0.1758,0.3926,-0.1385,0.916000,0.019400,0.143400,0.374100,False,True,False,Straight,0.500,-2.91,1.000,True,,,False,,,False
1783432872628,1307,6.8774,0.4704,1.0576,-0.2191,0.2117,-0.4888,-0.396700,-0.561700,0.365200,-0.627500,-4.0420,-1.4635,11.2375,-0.4787,-5.8862,-0.8454,-0.288100,0.485600,-0.168400,-0.808000,-2.5846,1.3951,9.2101,-0.1846,0.3352,-0.1817,0.916300,0.015300,0.146400,0.372500,False,True,False,Straight,0.500,-2.91,1.000,True,,,False,,,False
1783432872638,1308,7.4662,0.3307,1.2592,-0.2634,0.3096,-0.5032,-0.403900,-0.560300,0.362200,-0.626000,-4.5315,-0.1403,8.8987,-0.4651,-7.0461,-0.7014,-0.305800,0.415600,-0.133000,-0.846200,-2.6396,0.8549,9.3412,-0.0503,0.3805,-0.1473,0.916300,0.012600,0.150500,0.371000,False,True,False,Straight,0.500,-2.91,1.000,True,,,False,,,False
1783432872648,1309,8.2515,0.4036,1.1952,-0.2578,0.3135,-0.4540,-0.410600,-0.558600,0.359400,-0.624700,-5.3471,0.4092,8.4581,-0.9661,-7.1221,-0.4280,-0.315600,0.342900,-0.092500,-0.879900,-2.6856,1.4410,9.3533,0.0317,0.3949,-0.1324,0.916100,0.010900,0.155200,0.369500,False,True,False,Straight,0.500,-2.91,1.000,True,,,False,,,False
1783432872658,1310,8.4861,0.3602,0.6313,-0.1998,0.1714,-0.3477,-0.415500,-0.557800,0.357600,-0.623200,-7.6328,-1.5263,11.3181,-1.4960,-6.7935,-0.2698,-0.318600,0.273000,-0.047300,-0.906500,-2.6427,1.3536,9.3542,0.0225,0.4199,-0.1497,0.915900,0.008800,0.160200,0.367800,False,True,False,Straight,0.500,-2.91,1.000,True,,,False,,,False
1783432872669,1311,9.0030,0.1340,-0.1289,-0.1124,0.0663,-0.2244,-0.418300,-0.557700,0.356600,-0.621900,-9.4400,-4.0925,14.1477,-1.8838,-6.1943,-0.7243,-0.322700,0.209700,0.001600,-0.923000,-3.1870,1.1194,9.4336,0.0541,0.4513,-0.1494,0.915700,0.007000,0.165600,0.366100,False,True,False,Straight,0.500,-2.91,1.000,True,,,False,,,False
1783432872680,1312,9.0992,0.1204,-0.6204,-0.0276,-0.0508,-0.0870,-0.418900,-0.558400,0.356500,-0.621000,-14.8091,-7.4957,20.8742,-2.3504,-5.5109,-2.0208,-0.338400,0.154600,0.056600,-0.926500,-2.7734,0.9907,9.4134,0.1066,0.5052,-0.1571,0.915300,0.005500,0.171900,0.364200,False,True,False,Straight,0.500,-2.91,1.000,True,,,False,,,False
1783432872690,1313,8.6758,0.7960,-0.5876,-0.0460,-0.2775,0.0507,-0.417600,-0.560100,0.358600,-0.619100,-23.3506,-6.6089,21.9233,-1.7799,-5.4990,-3.7395,-0.372800,0.095100,0.107700,-0.916700,-3.1575,1.3265,9.4084,0.1251,0.6454,-0.2276,0.914900,0.003500,0.179900,0.361300,False,True,False,Straight,0.500,-2.91,1.000,True,,,False,,,False
1783432872700,1314,8.2021,1.8279,-0.6543,-0.1865,-0.4442,0.2075,-0.415300,-0.561700,0.363800,-0.616200,-28.6307,-3.5813,13.6408,0.2570,-5.3605,-4.0854,-0.411100,0.026500,0.134500,-0.901200,-2.8256,1.2520,9.3333,0.0162,0.8088,-0.2717,0.914300,-0.000700,0.189200,0.358200,False,True,False,Straight,0.500,-2.91,1.000,True,,,False,,,False
1783432872711,1315,9.7458,1.4451,0.2383,-0.3744,-0.3653,0.2825,-0.414000,-0.561300,0.370600,-0.613300,-26.7774,6.1369,1.5008,1.4974,-4.5149,-2.8251,-0.434700,-0.037000,0.141700,-0.888600,-3.1201,1.0263,9.3775,0.0266,1.0858,-0.2695,0.912800,-0.005900,0.201700,0.355100,False,False,False,Straight,0.500,-0.49,1.000,True,,,False,,,False
1783432872721,1316,10.9845,0.5737,0.6560,-0.2557,-0.2034,0.1963,-0.413400,-0.560700,0.375000,-0.611700,-28.4815,16.0465,-9.5704,-1.4996,-2.9532,0.2679,-0.426800,-0.061200,0.174600,-0.885200,-3.3424,0.6382,9.4143,0.1056,1.4343,-0.2047,0.909900,-0.011700,0.218500,0.352300,False,False,False,Straight,0.500,-0.49,1.000,True,,,False,,,False
1783432872732,1317,10.7960,-0.3684,-0.6670,-0.1593,-0.0809,0.0445,-0.413700,-0.560300,0.376900,-0.610600,-22.8855,-3.5611,-11.2893,-1.5503,0.0602,1.4837,-0.411600,-0.049000,0.192600,-0.889400,-3.7239,0.8600,9.4375,0.2047,1.8866,-0.1398,0.905200,-0.018100,0.240800,0.349800,False,False,False,Straight,0.500,-0.49,1.000,True,,,False,,,False
1783432872742,1318,10.6575,0.2972,-1.2268,-0.2176,0.0870,0.0071,-0.415600,-0.558500,0.378200,-0.610200,-3.5508,-5.1518,12.7018,2.2580,2.7381,0.2569,-0.413600,-0.029500,0.153500,-0.896900,-3.4122,1.8004,9.2099,0.1974,2.5501,-0.2525,0.898200,-0.027900,0.270300,0.345600,False,False,False,Straight,0.500,-0.49,1.000,True,,,False,,,False
1783432872753,1319,11.3892,1.4381,-0.8160,-0.1318,0.0401,-0.0054,-0.416700,-0.557600,0.378900,-0.609800,2.5784,-2.5287,7.7136,-0.4801,2.9356,-0.4973,-0.424800,0.005000,0.143600,-0.893800,-3.2226,2.1102,9.6920,0.1279,3.6536,-0.4070,0.886700,-0.043600,0.311400,0.339000,False,False,False,Straight,0.500,-0.49,1.000,True,,,False,,,False
1783432872763,1320,10.8655,0.5574,1.6390,0.0267,-0.4545,-0.1241,-0.415300,-0.561800,0.380200,-0.606100,-2.8394,8.6738,14.9673,-0.5093,4.0616,0.2102,-0.429300,0.053500,0.127600,-0.892500,-3.1917,3.2386,9.4815,-0.2002,5.0475,-0.9658,0.869200,-0.071000,0.365300,0.325700,False,False,False,Straight,0.500,-0.49,1.000,True,,,False,,,False
1783432872773,1321,10.7688,-0.9645,3.3007,0.0641,-0.6867,-0.2799,-0.413700,-0.568700,0.381300,-0.600100,-8.7623,-10.7760,16.4264,-0.1762,3.6045,1.0039,-0.423400,0.096300,0.109500,-0.894100,-5.1014,3.7247,12.5644,-0.7854,7.1842,-1.7889,0.839200,-0.116600,0.436900,0.302100,False,False,False,Straight,0.500,-0.49,1.000,True,,,False,,,False
1783432872783,1322,11.0295,-2.3052,3.4704,0.3668,-0.1591,-0.4377,-0.413600,-0.573900,0.376300,-0.598400,-6.7729,-1.3052,16.2427,1.6160,1.8452,0.3276,-0.424100,0.108800,0.081400,-0.895400,-10.7079,2.2703,16.9152,0.0744,9.0830,-2.4117,0.793200,-0.162400,0.525600,0.261100,False,False,False,Straight,0.500,-0.49,1.000,True,,,False,,,False
1783432872793,1323,11.2736,-0.8237,3.7716,0.3901,0.3962,-0.4808,-0.416200,-0.575200,0.367800,-0.600500,-5.0769,-3.3792,12.4783,1.0646,0.6444,0.3130,-0.422800,0.110800,0.065700,-0.897000,-15.6744,4.8893,20.8833,0.3144,9.1209,-2.7360,0.737400,-0.205800,0.607600,0.211700,False,False,False,Straight,0.500,-0.49,1.000,True,,,False,,,False
1783432872804,1324,11.4237,2.5385,3.7857,0.0477,0.5865,-0.4805,-0.422100,-0.573300,0.361000,-0.602400,-2.8737,-0.7183,11.7757,0.6810,0.2061,0.0958,-0.423000,0.109700,0.056900,-0.897700,-7.7350,6.3222,20.4226,-0.1358,7.0507,-3.2419,0.688700,-0.249300,0.660800,0.163700,False,False,False,Straight,0.500,-0.49,1.000,True,,,False,,,False
1783432872816,1325,12.5763,2.1662,2.9803,-0.2676,0.5414,-0.2802,-0.428500,-0.569100,0.358100,-0.603600,-1.8859,-1.5364,10.1539,0.2276,0.0956,0.0116,-0.423400,0.109700,0.053900,-0.897700,-16.4049,7.2461,35.3654,1.1977,0.6785,-2.0442,0.690800,-0.257100,0.662400,0.134000,False,False,False,Straight,0.500,-0.49,1.000,True,,,False,,,False
1783432872825,1326,12.1404,0.0396,2.0609,-0.2617,0.2867,0.0790,-0.431100,-0.565200,0.359100,-0.604800,-1.1962,-2.0828,9.2737,0.0981,0.1758,0.0441,-0.423300,0.111200,0.051900,-0.897600,3.2052,10.1624,12.8317,1.3249,-3.9259,-0.1403,0.727000,-0.239800,0.629200,0.134200,False,False,False,Straight,0.500,-0.49,1.000,True,,,False,,,False
1783432872836,1327,10.1611,-1.6854,1.3075,-0.0900,0.1264,0.3582,-0.429500,-0.562200,0.361600,-0.607200,-1.5313,-1.9845,9.1433,0.1884,0.2759,0.0802,-0.423000,0.113500,0.048300,-0.897700,2.9871,4.5066,6.8878,0.8122,-3.5943,0.8506,0.755700,-0.219200,0.599600,0.146100,False,False,False,Straight,0.500,-0.49,1.000,True,,,False,,,False
1783432872856,1329,7.4552,-0.8296,0.7531,0.1662,0.0833,0.4089,-0.421700,-0.558600,0.364700,-0.614100,-1.9996,-1.4414,9.6680,0.1566,0.2549,0.0652,-0.422800,0.117700,0.040500,-0.897600,-2.5493,2.3148,9.6443,0.8607,-4.8347,1.5568,0.821000,-0.160100,0.514900,0.187600,False,False,False,Straight,0.500,-0.49,1.000,True,,,False,,,False
1783432872867,1330,6.9056,-0.7764,0.6080,0.1928,0.0900,0.3243,-0.418300,-0.557400,0.365000,-0.617300,-1.9805,-1.5825,9.3898,0.0715,0.1942,0.0793,-0.422300,0.119600,0.038600,-0.897700,-5.9650,0.5114,10.4061,0.5882,-6.5884,1.7567,0.857700,-0.126300,0.450000,0.214100,True,False,False,Straight,0.500,-0.49,1.000,True,,,False,,,False
1783432872878,1331,6.5996,-0.4646,0.4896,0.2110,0.0647,0.2276,-0.415300,-0.557000,0.364600,-0.619900,-1.8369,-1.6763,9.2602,0.0559,0.1796,0.1017,-0.421400,0.121500,0.037000,-0.897900,-5.5980,-0.6870,8.9784,0.8868,-6.9880,1.6807,0.890600,-0.087900,0.378100,0.237000,True,False,False,Straight,0.500,-0.49,1.000,True,,,False,,,False
1783432872888,1332,6.6493,-0.3172,0.2782,0.1826,-0.0048,0.1358,-0.413000,-0.557400,0.364200,-0.621400,-1.8999,-1.3982,9.3245,0.0102,0.2148,0.1127,-0.420400,0.124000,0.035600,-0.898100,-7.8178,-0.3046,10.5812,1.4188,-6.6681,1.4722,0.916000,-0.044900,0.308000,0.252900,True,False,False,Straight,0.500,-0.49,1.000,True,,,False,,,False
1783432872898,1333,6.9872,-0.2928,-0.1398,0.1376,-0.0597,0.0913,-0.411000,-0.558200,0.364000,-0.622100,-1.9198,-1.4915,9.2468,-0.0125,0.2518,0.1391,-0.419100,0.127100,0.034300,-0.898300,-11.1213,1.0477,14.2230,2.0088,-5.9819,1.6487,0.932100,0.003700,0.245500,0.266400,True,False,False,Straight,0.500,-0.49,1.000,True,,,False,,,False
1783432872908,1334,6.9310,-0.7117,-0.5844,0.1067,-0.1672,0.0006,-0.409500,-0.560100,0.364100,-0.621400,-1.9690,-1.8316,9.0469,0.0363,0.2546,0.1936,-0.417300,0.129900,0.032300,-0.898900,-18.7367,4.3638,22.7844,2.0172,-5.6462,2.6479,0.937500,0.054200,0.185200,0.289600,True,False,False,Straight,0.500,-0.49,1.000,True,,,False,,,False
1783432872918,1335,7.4000,-1.1707,-0.2312,0.1255,-0.1962,-0.1385,-0.408800,-0.562900,0.363100,-0.619800,-2.2085,-1.7428,9.2670,0.1017,0.2611,0.2210,-0.415200,0.132500,0.029500,-0.899500,-26.8361,2.9125,20.6445,0.9146,-5.9173,3.6307,0.933900,0.094700,0.115800,0.324700,True,False,False,Straight,0.500,-0.49,1.000,True,,,False,,,False
1783432872929,1336,9.0065,-0.5979,0.2901,0.2291,-0.1532,-0.3092,-0.408800,-0.566700,0.360000,-0.618200,-2.0073,-1.9264,9.3962,0.1504,0.3463,0.1978,-0.413500,0.135800,0.025800,-0.900000,-29.1529,3.4609,6.5419,-1.0190,-5.6357,3.2852,0.926800,0.110200,0.041400,0.356500,True,False,False,Straight,0.500,-0.49,1.000,True,,,False,,,False
1783432872940,1337,12.0875,0.2774,1.3206,0.2442,-0.1716,-0.2667,-0.408400,-0.570500,0.357100,-0.616700,-1.6220,-1.4246,9.5156,0.1598,0.5905,0.2231,-0.411600,0.141700,0.020600,-0.900100,-27.2624,-12.1093,-9.3545,0.7373,-3.4105,1.8833,0.918100,0.134900,0.002400,0.372700,True,False,False,Straight,0.500,-0.49,1.000,True,,,False,,,False
1783432872950,1338,12.6018,0.6893,0.6179,0.0678,-0.2114,-0.0075,-0.407000,-0.572500,0.357600,-0.615400,-2.0667,-1.0964,9.8658,-0.0144,0.9702,0.2276,-0.409300,0.152900,0.015500,-0.899300,-30.9811,-6.1917,-11.1422,2.5353,-1.3557,0.2668,0.912100,0.170200,-0.002000,0.373000,True,False,False,Straight,0.500,-0.49,1.000,True,,,False,,,False
1783432872960,1339,11.2175,0.8344,-1.6318,-0.1740,-0.2055,0.2346,-0.405500,-0.572200,0.361600,-0.614300,-0.9634,-1.0885,10.0616,-0.1163,1.7310,0.1924,-0.407300,0.173000,0.007600,-0.896700,-22.9753,1.4077,-5.8887,-0.7715,1.1583,-0.1108,0.914100,0.156000,0.007800,0.374100,False,False,False,Straight,0.500,-0.49,1.000,True,,,False,,,False
1783432872971,1340,11.3255,-2.0158,-2.0898,0.0299,-0.3155,0.3047,-0.401500,-0.573400,0.365200,-0.613700,-2.1256,-1.2842,10.1864,-0.0999,2.7259,0.3116,-0.403800,0.204100,-0.005700,-0.891800,2.4308,4.6015,18.3638,-1.9115,2.0084,0.4811,0.914800,0.124700,0.021000,0.383500,False,False,False,Straight,0.500,-0.49,1.000,True,,,False,,,False
1783432872981,1341,12.6808,-2.2430,-0.9894,0.5649,-0.4647,0.2082,-0.393700,-0.578800,0.364700,-0.614000,-0.3445,-2.5977,9.6898,-0.0569,4.1370,0.6279,-0.395900,0.250200,-0.027500,-0.883100,3.0353,-5.0589,6.7862,-0.1175,2.7354,0.6023,0.910900,0.110400,0.050700,0.394400,False,False,False,Straight,0.500,-0.49,1.000,True,,,False,,,False
1783432872992,1342,12.2213,0.2011,0.9635,0.6833,-0.3819,0.2159,-0.385300,-0.584100,0.362900,-0.615300,-0.8098,-3.8282,9.3587,0.3908,6.1188,1.3389,-0.379100,0.314600,-0.066100,-0.867700,-4.7897,-9.6961,11.7781,0.4027,3.8583,-0.3905,0.908700,0.095500,0.097100,0.394600,False,False,False,Straight,0.500,-0.49,1.000,True,,,False,,,False
1783432873002,1343,11.1918,1.9028,4.2578,0.2621,0.0478,0.2570,-0.381600,-0.583900,0.362500,-0.618000,-3.5909,-2.3802,12.3045,0.8406,8.6104,2.2617,-0.348600,0.400000,-0.124300,-0.838500,-14.9655,18.2812,19.6439,-0.3646,3.3749,-0.7591,0.907900,0.073700,0.134500,0.390100,False,False,False,Straight,0.500,-0.49,1.000,True,,,False,,,False
1783432873013,1344,12.7652,4.9855,5.3998,-0.4061,0.2918,0.5194,-0.381900,-0.577400,0.368100,-0.620800,-12.5905,-2.6875,23.2524,-0.1267,10.5271,2.8218,-0.299000,0.502500,-0.181500,-0.790700,-6.9747,-6.9601,16.1048,-1.1361,1.4817,-0.2792,0.907600,0.053000,0.146000,0.390100,False,False,False,Straight,0.500,-0.49,1.000,True,,,False,,,False
1783432873024,1345,11.7878,2.2682,3.7921,-0.6453,0.2361,0.6792,-0.382300,-0.569300,0.376800,-0.622700,-14.5032,-5.5895,23.1049,0.6045,8.8644,2.8692,-0.252400,0.577700,-0.237100,-0.739100,-4.6392,1.9901,11.5474,-0.1985,0.3760,-0.0771,0.907400,0.048700,0.149400,0.389800,False,False,False,Straight,0.500,-0.49,1.000,True,,,False,,,False
1783432873033,1346,11.0476,-1.8788,3.0228,-0.4398,0.2506,0.4743,-0.382900,-0.563000,0.382400,-0.624600,-7.2836,-4.6000,23.9769,2.4692,5.7655,2.9655,-0.224800,0.612200,-0.298400,-0.696900,-3.4169,2.3030,10.4027,0.1309,-0.0040,0.0457,0.907100,0.050200,0.150000,0.390100,False,False,False,Straight,0.500,-0.49,1.000,True,,,False,,,False
1783432873043,1347,11.3628,-1.7811,2.5055,-0.2033,0.2835,0.0125,-0.385600,-0.559800,0.382700,-0.625700,-5.6688,-7.1784,34.2687,-0.7237,-0.9833,0.8216,-0.215700,0.602500,-0.295300,-0.709400,-2.7274,1.9959,9.7897,0.2904,-0.0629,0.0897,0.906500,0.053900,0.150700,0.390600,False,False,False,Straight,0.500,-0.49,1.000,True,,,False,,,False
1783432873054,1348,9.6103,0.9447,1.7640,-0.0467,0.2548,-0.4658,-0.390700,-0.559800,0.378600,-0.625000,4.0742,-8.5698,8.2044,-1.0993,-3.7489,-0.9457,-0.229300,0.574900,-0.267600,-0.738500,-2.0184,1.9500,9.1177,0.3621,-0.0046,0.0699,0.905900,0.058100,0.152500,0.390700,False,False,False,Straight,0.500,-0.49,1.000,True,,,False,,,False
1783432873065,1349,8.1224,2.7204,1.3258,-0.3156,0.1710,-0.6599,-0.398900,-0.560100,0.375600,-0.621400,2.7567,-3.0287,4.7746,-0.3691,-3.7467,-1.5606,-0.253100,0.545800,-0.241500,-0.761400,-1.9163,2.3857,8.6945,0.2939,0.1228,0.0082,0.905400,0.060700,0.155300,0.390400,False,False,False,Straight,0.500,-0.49,1.000,True,,,False,,,False
1783432873075,1350,6.9230,1.8682,0.8986,-0.6012,0.1508,-0.6507,-0.408800,-0.559000,0.374900,-0.616400,-1.2710,-0.5729,9.0947,-0.5071,-4.5618,-1.5407,-0.277500,0.507500,-0.210900,-0.788000,-1.9676,2.5319,8.6436,0.0602,0.2197,-0.0613,0.905200,0.060100,0.158200,0.389700,False,True,False,Straight,0.500,-0.49,1.000,True,,,False,,,False
1783432873086,1351,6.8465,0.9144,0.7561,-0.6866,0.1651,-0.6198,-0.419100,-0.557100,0.375000,-0.611100,-3.0731,-0.9171,10.0228,-0.5451,-5.8644,-1.3277,-0.301600,0.453600,-0.175800,-0.820000,-2.3932,2.4430,8.9038,-0.1904,0.2297,-0.1103,0.905500,0.056500,0.160000,0.389000,False,True,False,Straight,0.450,-0.49,1.000,True,,,False,,,False
1783432873097,1352,6.8527,-0.6587,0.5009,-0.6298,0.2243,-0.5350,-0.428500,-0.554600,0.374800,-0.606900,-3.7752,-0.5398,9.4587,-0.4578,-6.5387,-1.1303,-0.323700,0.389100,-0.139000,-0.851100,-2.5722,2.2731,9.1058,-0.3050,0.2001,-0.1323,0.905900,0.051800,0.160900,0.388300,False,True,False,Straight,0.500,-0.49,1.000,True,,,False,,,False
1783432873107,1353,7.3001,-1.1318,0.2937,-0.4172,0.3159,-0.3892,-0.435800,-0.551800,0.373600,-0.605000,-5.2431,-0.6003,11.4303,-0.8746,-6.6588,-1.0213,-0.340500,0.322100,-0.096900,-0.878000,-2.6204,1.9632,9.1832,-0.2179,0.1264,-0.1099,0.906300,0.048400,0.161400,0.387600,False,True,False,Straight,0.500,-0.49,1.000,True,,,False,,,False
1783432873118,1354,8.3118,-0.2186,-0.0297,-0.2349,0.2549,-0.1950,-0.440100,-0.549500,0.372600,-0.604600,-8.6733,-2.2888,16.5867,-1.4968,-6.8500,-1.1200,-0.353500,0.253200,-0.046100,-0.899300,-2.4902,1.8683,9.1893,-0.1365,0.1536,-0.0829,0.906500,0.045800,0.162600,0.387000,False,True,False,Straight,0.500,-0.49,1.000,True,,,False,,,False
1783432873128,1355,8.8743,0.3119,-0.5394,-0.1861,0.0487,0.0139,-0.441500,-0.548100,0.373800,-0.604100,-12.0620,-4.0071,19.9330,-2.0519,-7.0398,-1.4374,-0.365500,0.182700,0.013100,-0.912600,-2.5056,1.8105,9.2382,-0.0645,0.1991,-0.0912,0.906500,0.043900,0.164600,0.386300,False,True,False,Straight,0.500,-0.49,1.000,True,,,False,,,False
1783432873138,1356,8.6360,-0.1523,-1.0497,-0.1230,-0.2418,0.1778,-0.439800,-0.548500,0.377300,-0.602800,-18.9814,-5.0692,23.3457,-2.3215,-6.5782,-2.4271,-0.385000,0.116900,0.075400,-0.912400,-2.3191,2.0928,9.2320,-0.1512,0.2695,-0.1775,0.906900,0.040400,0.167100,0.384700,False,True,False,Straight,0.500,-0.49,1.000,True,,,False,,,False
1783432873149,1357,7.9006,-0.2318,-1.0963,0.0548,-0.5099,0.2943,-0.434800,-0.551200,0.381700,-0.601200,-28.1742,-2.5264,20.2336,-1.3640,-6.5160,-3.5274,-0.415100,0.045100,0.127400,-0.899700,-2.1982,2.1223,8.9500,-0.3028,0.4158,-0.3216,0.907700,0.034200,0.170600,0.381900,False,True,False,Straight,0.500,-0.49,1.000,True,,,False,,,False
1783432873159,1358,8.5681,0.4149,-0.3696,0.0793,-0.5496,0.4155,-0.428400,-0.553800,0.386900,-0.600000,-26.9703,1.4071,5.1768,1.1382,-5.2935,-3.5404,-0.445600,-0.026200,0.143900,-0.883200,-2.7985,2.1371,9.3075,-0.2785,0.5661,-0.4044,0.908500,0.027400,0.175900,0.378200,False,True,False,Straight,0.500,-0.49,1.000,True,,,False,,,False
1783432873169,1359,11.3890,0.5998,0.4888,0.0939,-0.2857,0.3907,-0.423500,-0.554600,0.390400,-0.600500,-30.6440,13.1604,-6.1707,1.0750,-3.6696,-1.0579,-0.449800,-0.074600,0.152200,-0.876900,-3.0755,1.5141,9.6042,-0.2097,0.7235,-0.3998,0.908800,0.020700,0.183300,0.374300,False,True,False,Straight,0.500,-0.49,1.000,True,,,False,,,False
1783432873179,1360,11.5238,0.8697,0.1838,0.1459,-0.0893,0.2463,-0.420100,-0.554900,0.391500,-0.601900,-29.6943,7.7077,-12.5301,-1.5993,-0.8110,1.1202,-0.437300,-0.072400,0.175400,-0.879100,-2.6344,0.9862,9.7283,-0.0445,1.0654,-0.3455,0.907900,0.014300,0.195200,0.370800,False,False,False,Straight,0.500,-1.94,1.000,True,,,False,,,False
1783432873190,1361,11.0225,0.8766,-1.5269,0.0229,-0.0518,0.0293,-0.419500,-0.555300,0.391800,-0.601800,-11.2152,-2.4788,2.3313,1.1859,2.7389,1.0733,-0.430200,-0.046400,0.148300,-0.889200,-2.3386,1.3650,10.0375,0.1048,1.8008,-0.3267,0.904700,0.006200,0.216200,0.367000,False,False,False,Straight,0.500,-1.94,1.000,True,,,False,,,False
1783432873201,1362,11.8278,2.0540,-1.1865,-0.0487,-0.1141,-0.1304,-0.420200,-0.556600,0.391900,-0.600100,1.6710,-7.3578,13.7070,-0.1202,2.8429,0.5775,-0.429000,-0.012900,0.134700,-0.893100,-2.4664,1.8950,10.1629,0.2063,2.7680,-0.5020,0.899000,-0.005600,0.248400,0.360800,False,False,False,Straight,0.500,-1.94,1.000,True,,,False,,,False
1783432873211,1363,12.3729,0.9706,0.3672,0.1047,-0.0419,-0.2306,-0.421000,-0.558600,0.389700,-0.599100,-3.9254,-1.6589,10.3306,-0.3496,4.1479,0.1833,-0.433500,0.035600,0.116300,-0.892900,-1.1608,3.3061,10.2740,0.0149,4.5127,-0.8901,0.887500,-0.028600,0.298700,0.349800,False,False,False,Straight,0.500,-1.94,1.000,True,,,False,,,False
1783432873221,1364,11.9692,-0.6472,3.0448,0.3273,-0.5283,-0.2766,-0.418200,-0.565600,0.388100,-0.595500,-7.1345,-0.1605,18.6458,-0.2874,3.6172,0.5420,-0.432300,0.078400,0.099700,-0.892800,-2.1632,4.2898,10.6957,-0.4706,6.7709,-1.5900,0.865600,-0.069300,0.369900,0.330200,False,False,False,Straight,0.500,-1.94,1.000,True,,,False,,,False
1783432873231,1365,11.5756,-2.0653,3.3131,0.4666,-0.2806,-0.2755,-0.415600,-0.571500,0.384100,-0.594300,-9.2960,-8.4947,16.4359,0.7822,2.1421,0.2328,-0.433100,0.098400,0.079200,-0.892500,-6.3014,3.1131,15.0439,-0.8765,9.2549,-2.5483,0.826400,-0.128100,0.461300,0.296300,False,False,False,Straight,0.500,-1.94,1.000,True,,,False,,,False
1783432873242,1366,10.9498,-1.0946,2.9839,0.5683,0.1059,-0.3129,-0.414300,-0.575200,0.377100,-0.596100,-4.3280,1.9650,14.4224,0.5571,0.9034,0.2028,-0.432500,0.105800,0.067900,-0.892800,-15.2782,2.0561,21.1626,0.4069,10.0606,-2.9063,0.772900,-0.176800,0.557800,0.245400,False,False,False,Straight,0.500,-1.94,1.000,True,,,False,,,False
1783432873252,1367,10.3488,1.1673,3.5703,0.3994,0.3705,-0.4479,-0.416500,-0.576600,0.369000,-0.598300,-2.4590,-2.1587,10.9787,0.2419,0.2630,0.0143,-0.433000,0.107600,0.063800,-0.892700,-13.8435,6.7290,21.4234,-0.2365,8.5972,-3.2257,0.717400,-0.226700,0.629100,0.195400,False,False,False,Straight,0.500,-1.94,1.000,True,,,False,,,False
1783432873262,1368,11.2567,2.4407,3.1530,0.1277,0.5140,-0.4470,-0.421200,-0.575500,0.362100,-0.600200,-1.2709,-2.0777,9.5741,-0.1133,0.2285,0.0063,-0.433100,0.110900,0.063900,-0.892200,-10.2910,2.7964,28.3129,0.3426,4.5381,-2.9870,0.688400,-0.257700,0.660600,0.152600,False,False,False,Straight,0.500,-1.94,1.000,True,,,False,,,False
1783432873273,1369,12.5313,0.5765,2.6913,-0.0057,0.4480,-0.1600,-0.424500,-0.572900,0.358600,-0.602500,-1.5181,-2.3221,9.7045,-0.1988,0.3133,0.0336,-0.432900,0.115600,0.064400,-0.891700,-2.1789,10.2552,23.0142,2.3993,-2.2648,-1.1861,0.716600,-0.242200,0.641100,0.129700,False,False,False,Straight,0.500,-1.94,1.000,True,,,False,,,False
1783432873284,1370,11.4072,-0.9730,1.9636,0.1448,0.2435,0.1878,-0.423100,-0.571000,0.357500,-0.605900,-1.6716,-2.1562,9.6022,-0.2567,0.3680,0.0743,-0.432100,0.121300,0.065200,-0.891200,4.6057,9.0199,8.3763,1.1314,-3.2226,0.3028,0.744800,-0.224000,0.614300,0.133000,False,False,False,Straight,0.500,-1.94,1.000,True,,,False,,,False
1783432873295,1371,8.8266,-1.2921,1.1986,0.2636,0.1168,0.4260,-0.418500,-0.569600,0.357900,-0.610200,-1.9937,-2.2790,9.6059,-0.3241,0.3571,0.0782,-0.431200,0.127200,0.066800,-0.890800,0.1409,4.5248,9.0519,0.4236,-3.4802,1.2890,0.770000,-0.204000,0.585300,0.151300,True,False,False,Straight,0.500,-1.94,1.000,True,,,False,,,False
1783432873305,1372,7.5226,-0.6210,0.8567,0.3085,0.1118,0.4694,-0.413200,-0.568300,0.358300,-0.614800,-1.8676,-2.2165,9.2656,-0.2939,0.3084,0.0607,-0.430400,0.132400,0.068400,-0.890200,-3.8029,2.4515,11.1541,0.4689,-4.9497,1.8630,0.802300,-0.175900,0.541900,0.178000,True,False,False,Straight,0.500,-1.94,1.000,True,,,False,,,False
1783432873315,1373,7.2033,-0.5958,0.7069,0.3593,0.0896,0.3951,-0.407900,-0.567700,0.357900,-0.619000,-1.8819,-2.3418,9.0907,-0.1905,0.2988,0.0662,-0.429700,0.137000,0.068800,-0.889800,-5.1030,1.2838,9.8072,0.4960,-6.3822,2.0654,0.839400,-0.141900,0.481400,0.208600,True,False,False,Straight,0.500,-1.94,1.000,True,,,False,,,False
1783432873326,1374,6.9291,-0.3037,0.6191,0.3870,0.0906,0.2866,-0.403300,-0.567700,0.356400,-0.622900,-1.8931,-2.3274,9.0612,-0.1199,0.2936,0.0849,-0.429000,0.141100,0.068500,-0.889600,-4.7559,0.3534,7.4003,0.6883,-6.7950,2.0278,0.873000,-0.104100,0.413400,0.236900,True,False,False,Straight,0.500,-1.94,1.000,True,,,False,,,False
1783432873336,1375,6.6387,-0.3603,0.4712,0.3853,0.0818,0.1906,-0.399500,-0.568200,0.354400,-0.626100,-2.0402,-2.0633,9.1131,-0.0822,0.2781,0.1143,-0.427900,0.144800,0.067800,-0.889600,-6.3774,0.8129,9.3874,1.0139,-6.2929,1.8329,0.898600,-0.064400,0.348500,0.258900,True,False,False,Straight,0.500,-1.94,1.000,True,,,False,,,False
1783432873347,1376,6.6509,-0.0492,0.1148,0.3310,0.0006,0.0990,-0.396300,-0.569500,0.352400,-0.628000,-2.1046,-2.2273,8.9630,-0.0391,0.2294,0.1468,-0.426500,0.147800,0.066800,-0.889800,-11.6161,2.2418,14.9743,1.4657,-6.2324,1.8295,0.918000,-0.019400,0.283200,0.277000,True,False,False,Straight,0.500,-1.94,1.000,True,,,False,,,False
1783432873357,1377,6.5577,0.0152,-0.4857,0.1932,-0.1082,0.0200,-0.394300,-0.571200,0.351600,-0.628200,-2.3475,-2.5432,8.7899,0.1165,0.1218,0.1716,-0.425100,0.148800,0.064600,-0.890500,-16.6669,4.3169,18.8188,2.0888,-6.2056,2.4422,0.928600,0.034900,0.218500,0.297900,True,False,False,Straight,0.500,-1.94,1.000,True,,,False,,,False
1783432873368,1378,6.8553,-0.3940,-0.4111,0.1058,-0.1795,-0.0555,-0.393100,-0.573400,0.351200,-0.627100,-1.9114,-2.7744,8.4527,0.3500,0.0158,0.1296,-0.424400,0.147400,0.060400,-0.891400,-24.3977,2.6308,20.3246,1.9078,-5.7933,3.2361,0.928200,0.087500,0.155900,0.326500,True,False,False,Straight,0.500,-1.94,1.000,True,,,False,,,False
1783432873378,1379,7.9955,-0.2479,0.2990,0.0616,-0.1468,-0.1713,-0.393400,-0.575600,0.350200,-0.625500,-1.7887,-2.5612,9.1310,0.6112,0.1922,0.1900,-0.423700,0.146500,0.052300,-0.892400,-29.6324,2.7670,12.7802,0.2425,-5.6535,2.9909,0.923800,0.119000,0.087300,0.353300,True,False,False,Straight,0.500,-1.94,1.000,True,,,False,,,False
1783432873388,1380,10.9139,0.5377,0.9928,0.0045,-0.1265,-0.2447,-0.394700,-0.577700,0.349100,-0.623400,-2.2581,-2.0972,9.7911,0.4834,0.3656,0.1871,-0.422800,0.148300,0.044700,-0.892900,-26.6408,-7.6000,-4.4313,0.1069,-4.4986,1.9779,0.918100,0.142100,0.032500,0.368600,True,False,False,Straight,0.500,-1.94,1.000,True,,,False,,,False
1783432873398,1381,12.7614,0.3753,1.1144,-0.0830,-0.1397,-0.1286,-0.395700,-0.579000,0.349500,-0.621400,-1.5386,-1.3199,9.6837,0.2245,0.6954,0.1684,-0.421800,0.155100,0.038200,-0.892500,-29.3543,-12.0010,-12.0229,2.5379,-2.0554,-0.0042,0.913700,0.180600,0.020500,0.363500,True,False,False,Straight,0.500,-1.94,1.000,True,,,False,,,False
1783432873408,1382,12.0539,1.3175,-0.5508,-0.4372,-0.0749,0.0276,-0.398300,-0.577300,0.353400,-0.619000,-1.7921,-0.8525,10.0081,-0.1100,1.2345,0.1346,-0.420800,0.169600,0.032700,-0.890600,-26.9957,1.1223,-9.7772,0.4670,0.3091,-0.9041,0.916600,0.184300,0.028100,0.353600,False,False,False,Straight,0.500,-1.94,1.000,True,,,False,,,False
1783432873418,1383,11.3272,-0.6646,-2.4542,-0.4066,-0.1198,0.1357,-0.399600,-0.575700,0.358100,-0.617000,-1.6555,-2.2190,9.9860,-0.3322,1.9639,0.1802,-0.418900,0.193300,0.025800,-0.886900,-9.6178,8.7453,8.2232,-1.9027,2.2686,0.3309,0.918100,0.152500,0.045000,0.363100,False,False,False,Straight,0.500,-1.94,1.000,True,,,False,,,False
1783432873429,1384,12.5191,-3.1023,-1.9389,0.1865,-0.2998,0.1570,-0.395700,-0.578200,0.359300,-0.616400,-1.9224,-1.8841,9.8842,-0.2112,2.8495,0.2290,-0.416600,0.226100,0.012700,-0.880500,6.3831,2.2880,13.4908,-1.3413,1.9762,1.6363,0.911500,0.128900,0.058500,0.386100,False,False,False,Straight,0.500,-1.94,1.000,True,,,False,,,False
1783432873439,1385,13.3748,-1.8440,-1.2191,0.5917,-0.3294,0.2371,-0.388100,-0.582600,0.358100,-0.617800,-0.8520,-3.2437,9.2129,-0.3309,4.1786,0.5569,-0.409700,0.273600,-0.007000,-0.870200,-3.8193,-15.0363,9.9918,-0.5293,3.5588,0.6295,0.905800,0.106000,0.095400,0.399000,False,False,False,Straight,0.500,-1.94,1.000,True,,,False,,,False
1783432873449,1386,11.2784,-0.5665,2.3273,0.8589,-0.0134,0.1611,-0.380500,-0.586200,0.352700,-0.622300,-0.9446,-4.1193,9.4374,0.1358,5.9889,1.1459,-0.396000,0.337200,-0.042900,-0.853000,-8.6986,2.4625,17.6759,0.0026,3.3471,-1.2682,0.907200,0.087700,0.135000,0.388600,False,False,False,Straight,0.450,-1.94,1.000,True,,,False,,,False
1783432873460,1387,12.5168,3.3478,6.4213,0.4340,0.2767,0.3310,-0.375900,-0.584600,0.350400,-0.627800,-3.9765,-3.0309,12.8004,0.1560,8.3565,1.7228,-0.371700,0.422600,-0.092800,-0.821400,-12.3001,4.4678,17.9009,-1.4658,1.8099,-0.2376,0.906500,0.061800,0.148600,0.390200,False,False,False,Straight,0.500,-1.94,1.000,True,,,False,,,False
1783432873470,1388,12.4692,5.8000,4.2622,-0.2371,0.1152,0.5997,-0.373400,-0.580000,0.356100,-0.630400,-12.1361,-1.4362,20.6239,-0.6809,9.8247,2.2779,-0.330500,0.520400,-0.142500,-0.774400,-4.5775,1.5483,11.1447,-0.4800,0.5635,-0.2016,0.906800,0.053100,0.152900,0.389200,False,False,False,Straight,0.500,-1.94,1.000,True,,,False,,,False
1783432873480,1389,9.4048,-0.2564,2.8887,-0.4858,0.0521,0.4356,-0.373700,-0.575400,0.362800,-0.630600,-13.4868,-8.2143,19.0959,0.7817,8.7001,2.6811,-0.292100,0.593100,-0.202300,-0.722500,-3.8930,2.2311,10.5388,-0.0842,0.1861,-0.0157,0.906600,0.051100,0.154700,0.389300,False,False,False,Straight,0.500,-1.94,1.000,True,,,False,,,False
1783432873490,1390,9.2604,-2.1739,2.0748,-0.2627,0.1787,0.1138,-0.375500,-0.572300,0.364900,-0.631200,-5.7561,-4.1134,17.7193,2.4960,6.1395,2.4934,-0.271400,0.630700,-0.264700,-0.677100,-2.6813,1.6483,9.7232,0.0848,0.0453,0.0450,0.906200,0.051800,0.155600,0.389700,False,False,False,Straight,0.500,-1.94,1.000,True,,,False,,,False
1783432873501,1391,9.4314,0.2334,1.9353,-0.1619,0.2466,-0.2759,-0.379900,-0.570800,0.363000,-0.630900,-9.6206,-1.2210,36.5203,-0.0012,0.3605,1.5948,-0.256600,0.628300,-0.278300,-0.679600,-1.9587,1.6537,8.9663,0.2238,0.1639,0.0203,0.905600,0.053500,0.158600,0.389600,False,False,False,Straight,0.500,-1.94,1.000,True,,,False,,,False
1783432873511,1392,8.9942,2.6563,1.9250,-0.3025,0.2032,-0.4607,-0.386600,-0.569900,0.361100,-0.628800,2.3079,-5.0618,11.5966,-1.1876,-3.8788,0.8402,-0.253200,0.595400,-0.261700,-0.716200,-2.0543,1.6730,9.0449,0.3129,0.3387,-0.0082,0.904800,0.055300,0.164100,0.389100,False,False,False,Straight,0.500,-1.94,1.000,True,,,False,,,False
1783432873521,1393,8.3462,1.9904,1.7818,-0.5591,0.1201,-0.4579,-0.394700,-0.568300,0.361600,-0.624900,1.3066,-4.9226,6.8009,-0.2317,-4.1370,0.4425,-0.260700,0.556700,-0.249100,-0.748400,-2.7355,2.2240,9.2182,0.3548,0.3648,-0.0114,0.903800,0.057400,0.170000,0.388500,False,True,False,Straight,0.500,-1.94,1.000,True,,,False,,,False
1783432873532,1394,7.4515,0.5926,1.3751,-0.6086,0.1040,-0.4162,-0.402700,-0.566400,0.362900,-0.620800,-2.3350,-4.1189,9.3404,0.1208,-5.1473,-0.1505,-0.278300,0.507400,-0.231600,-0.781900,-2.6738,2.8148,8.8503,0.1679,0.2963,-0.0729,0.903400,0.057600,0.174300,0.387500,False,True,False,Straight,0.500,-1.94,1.000,True,,,False,,,False
1783432873543,1395,7.1624,-0.2514,1.0239,-0.5409,0.2226,-0.4562,-0.411000,-0.564000,0.362700,-0.617600,-2.5372,-3.1936,8.3793,-0.1027,-6.2953,-0.6383,-0.301200,0.446400,-0.203600,-0.817700,-2.7425,2.3880,9.0317,-0.0704,0.2382,-0.1559,0.903700,0.055200,0.176800,0.386000,False,True,False,Straight,0.500,-1.94,1.000,True,,,False,,,False
1783432873553,1396,7.7717,-0.4054,0.8312,-0.4542,0.3368,-0.4629,-0.419300,-0.561200,0.361100,-0.615500,-2.4378,-2.3342,7.0223,-0.4284,-6.5913,-0.8480,-0.323100,0.381200,-0.168600,-0.849700,-3.0294,2.1718,9.1337,-0.0384,0.2391,-0.1222,0.903800,0.053200,0.179500,0.384900,False,True,False,Straight,0.500,-1.94,1.000,True,,,False,,,False
1783432873563,1397,8.3540,-0.0966,0.6589,-0.3503,0.3051,-0.3206,-0.425500,-0.558500,0.359900,-0.614400,-3.4039,-2.2533,9.4461,-0.7788,-6.4449,-0.9022,-0.341300,0.316400,-0.129100,-0.875700,-2.8261,2.2925,9.0680,-0.0642,0.2421,-0.1272,0.903900,0.050900,0.182100,0.383700,False,True,False,Straight,0.500,-1.94,1.000,True,,,False,,,False
1783432873573,1398,8.9529,0.0731,0.4133,-0.2409,0.2020,-0.2127,-0.429700,-0.556700,0.359200,-0.613600,-5.3770,-1.6683,14.2404,-1.2433,-6.4330,-0.7753,-0.354000,0.251300,-0.084200,-0.896900,-2.7829,2.2758,9.0878,-0.1518,0.2708,-0.1757,0.904200,0.047400,0.184600,0.382300,False,True,False,Straight,0.500,-1.94,1.000,True,,,False,,,False
1783432873584,1399,9.3449,0.2580,0.0602,-0.1673,0.0837,-0.1166,-0.432100,-0.555700,0.359200,-0.612800,-7.4140,-1.6562,17.2256,-2.1048,-6.2012,-0.5575,-0.358800,0.190600,-0.030800,-0.913200,-2.7918,2.0882,9.1116,-0.1870,0.3192,-0.2025,0.904500,0.043200,0.187500,0.380600,False,True,False,Straight,0.500,-1.94,1.000,True,,,False,,,False
1783432873595,1400,9.2675,-0.0883,-0.5126,-0.1062,-0.0807,-0.0039,-0.432500,-0.555800,0.360400,-0.611700,-14.5870,-6.3497,22.7569,-3.4052,-5.4006,-1.1389,-0.364500,0.143800,0.035400,-0.919400,-3.2632,1.9921,9.2284,-0.1520,0.4391,-0.1933,0.904500,0.038900,0.191900,0.378900,False,True,False,Straight,0.500,-1.94,1.000,True,,,False,,,False
1783432873605,1401,8.6042,0.0488,-0.8067,-0.0291,-0.3687,0.1122,-0.430200,-0.557900,0.363400,-0.609600,-22.3093,-3.6562,19.3632,-3.0496,-4.5032,-2.7589,-0.387500,0.104100,0.096100,-0.910900,-2.9006,2.0129,9.2062,-0.1089,0.6528,-0.2191,0.904000,0.033900,0.198900,0.377000,False,True,False,Straight,0.500,-1.94,1.000,True,,,False,,,False
1783432873615,1402,8.1036,1.0653,-0.7047,0.0430,-0.4831,0.2682,-0.425600,-0.560700,0.367500,-0.607800,-31.6844,-1.0129,14.1522,-1.1717,-4.0657,-2.9491,-0.413800,0.059600,0.133100,-0.898600,-3.1040,1.9131,9.1632,-0.1348,0.8498,-0.2938,0.903200,0.027600,0.208000,0.374300,False,True,False,Straight,0.500,-1.94,1.000,True,,,False,,,False
1783432873625,1403,9.7152,0.9040,-0.0856,0.0307,-0.3505,0.3554,-0.421000,-0.561900,0.371600,-0.607400,-32.7480,10.4720,0.8455,1.0149,-4.4576,-2.1766,-0.430700,0.000400,0.146300,-0.890600,-2.9173,1.8863,9.3075,-0.0965,1.1726,-0.3346,0.901700,0.020000,0.221000,0.371200,False,False,False,Straight,0.500,-1.11,1.000,True,,,False,,,False
1783432873636,1404,10.9954,0.2958,0.1409,0.0874,-0.1782,0.2695,-0.417500,-0.562500,0.373800,-0.608000,-30.3141,15.5749,-13.3984,-0.6439,-3.2007,0.5409,-0.418500,-0.030800,0.170800,-0.891500,-3.4332,1.3674,9.3182,0.0255,1.6363,-0.2481,0.898100,0.011900,0.239600,0.368600,False,False,False,Straight,0.500,-1.11,1.000,True,,,False,,,False
1783432873646,1405,10.8708,-0.2186,-1.3844,0.0064,0.0391,0.1508,-0.416500,-0.561500,0.374600,-0.609000,-19.0325,-3.5795,-12.5453,0.7185,0.9593,0.9748,-0.409400,-0.021700,0.158200,-0.898300,-3.4540,1.4317,9.3337,0.1945,2.2630,-0.1779,0.891800,0.003000,0.265800,0.366200,False,False,False,Straight,0.500,-1.11,1.000,True,,,False,,,False
1783432873657,1406,11.1517,1.2533,-1.0025,-0.0546,0.0177,0.1206,-0.416000,-0.560600,0.375700,-0.609500,4.3670,-3.4813,13.9428,-0.0041,3.2818,-0.5329,-0.421600,0.014200,0.141300,-0.895600,-3.3589,1.9384,9.2238,0.3192,3.2401,-0.2003,0.881200,-0.009000,0.303200,0.362700,False,False,False,Straight,0.500,-1.11,1.000,True,,,False,,,False
1783432873667,1407,10.9581,1.3576,0.4666,0.0068,-0.2738,-0.0007,-0.414700,-0.562700,0.377100,-0.607600,-4.4741,5.7790,11.2014,-0.7048,4.0872,-0.1134,-0.429500,0.063600,0.127600,-0.891700,-2.2954,4.3283,9.9297,0.1663,4.5982,-0.5860,0.864900,-0.030300,0.354100,0.354400,False,False,False,Straight,0.500,-1.11,1.000,True,,,False,,,False
1783432873677,1408,11.1735,0.4420,3.3994,0.1606,-0.9335,-0.2865,-0.411300,-0.572000,0.378700,-0.600200,-13.0817,-6.4069,23.0990,0.2131,3.6849,0.9824,-0.424200,0.105100,0.104600,-0.893300,-3.0500,3.9113,10.0993,-0.2253,6.7932,-1.2450,0.837100,-0.068300,0.424600,0.338000,False,False,False,Straight,0.500,-1.11,1.000,True,,,False,,,False
1783432873688,1409,11.9193,-1.3335,4.3496,0.4590,-0.3798,-0.5466,-0.410300,-0.579800,0.373200,-0.596800,-5.6695,-3.2882,14.8888,1.7716,1.4352,0.4034,-0.423800,0.112300,0.076700,-0.895500,-9.4261,1.9750,16.5937,0.3055,9.4140,-1.9301,0.789600,-0.114600,0.519500,0.305800,False,False,False,Straight,0.500,-1.11,1.000,True,,,False,,,False
1783432873698,1410,11.2808,-0.6715,3.4000,0.4029,0.3071,-0.4631,-0.412200,-0.581700,0.365300,-0.598500,-4.3931,-1.1316,12.3690,1.2283,0.5341,0.3185,-0.422600,0.112200,0.059700,-0.897400,-17.5003,5.5357,21.8417,2.1271,9.5258,-2.5697,0.734500,-0.145800,0.613500,0.250600,False,False,False,Straight,0.500,-1.11,1.000,True,,,False,,,False
1783432873708,1411,11.6580,1.6281,3.4317,0.0486,0.5140,-0.3865,-0.417000,-0.579900,0.359400,-0.600500,-2.8470,-1.6290,11.1426,0.7314,-0.0478,0.1316,-0.422200,0.108100,0.051600,-0.898600,-11.3421,7.2933,21.7984,1.0021,7.5613,-3.3852,0.685100,-0.185400,0.676400,0.196800,False,False,True,Straight,1.000,-1.11,1.000,True,,,False,,,False
1783432873719,1412,12.2172,2.3693,3.2234,-0.0638,0.4789,-0.3371,-0.422100,-0.577500,0.354900,-0.601900,-1.6416,-1.1619,10.0990,0.3522,-0.1027,0.0936,-0.421700,0.105300,0.048100,-0.899300,-12.6181,8.0365,31.3670,0.9817,2.6009,-2.9280,0.671800,-0.207900,0.693400,0.157100,False,False,True,Straight,1.000,-1.11,1.000,True,,,False,,,False
1783432873729,1413,12.4452,0.6877,2.6581,-0.1626,0.3372,-0.0653,-0.425300,-0.574500,0.353900,-0.603200,-1.2697,-2.1501,9.2551,0.2485,-0.0160,0.1011,-0.421000,0.104000,0.045300,-0.900000,-0.0570,10.9213,19.3361,0.7334,-3.2709,-1.1598,0.703900,-0.205100,0.663500,0.149300,False,False,True,Straight,1.000,-1.11,1.000,True,,,False,,,False
1783432873739,1414,11.0906,-1.3530,1.5853,-0.0291,0.1953,0.2809,-0.424200,-0.571600,0.355000,-0.606000,-1.3181,-2.0610,9.1437,0.3350,0.1799,0.1189,-0.420300,0.104500,0.040400,-0.900500,3.3728,6.1154,8.5197,0.0560,-3.8623,-0.0449,0.735500,-0.197400,0.628500,0.158200,False,False,True,Straight,1.000,-1.11,1.000,True,,,False,,,False
1783432873760,1416,7.5978,-0.6452,0.6727,0.2552,0.0917,0.5235,-0.414500,-0.567500,0.358000,-0.614800,-1.9163,-1.3911,9.6532,0.1711,0.2364,0.0855,-0.419200,0.108200,0.034100,-0.900800,-3.9050,3.4013,9.6231,0.4043,-5.8770,1.4347,0.808200,-0.149900,0.534000,0.197900,True,False,True,Straight,1.000,-1.11,1.000,True,,,False,,,False
1783432873771,1417,6.7440,-0.3633,0.4343,0.2755,0.0690,0.4505,-0.409400,-0.566400,0.358700,-0.618800,-1.8034,-1.4355,9.3735,-0.0012,0.2358,0.0850,-0.418500,0.111200,0.032700,-0.900800,-5.0277,1.6148,8.4804,0.4422,-6.8961,1.6520,0.847900,-0.116700,0.466200,0.223700,True,False,True,Straight,1.000,-1.11,1.000,True,,,False,,,False
1783432873781,1418,6.2961,-0.4066,0.3442,0.2989,0.1226,0.3382,-0.405100,-0.565500,0.358100,-0.622800,-1.7411,-1.0900,9.3476,-0.0898,0.2895,0.0694,-0.417800,0.115100,0.032100,-0.900600,-5.8944,0.7353,8.2048,0.9403,-7.2743,1.7568,0.883100,-0.075500,0.392000,0.246400,True,False,True,Straight,1.000,-1.11,1.000,True,,,False,,,False
1783432873792,1419,6.5431,-0.1768,0.3674,0.2705,0.0899,0.1978,-0.402100,-0.565300,0.356900,-0.625600,-1.8584,-1.2943,9.3004,-0.2371,0.4071,0.0383,-0.417300,0.121100,0.032600,-0.900100,-6.9922,1.1233,8.7037,1.4723,-7.0899,1.6494,0.910500,-0.028900,0.317900,0.262900,True,False,True,Straight,1.000,-1.11,1.000,True,,,False,,,False
1783432873802,1420,6.5166,0.0915,-0.0613,0.1787,-0.0222,0.0744,-0.400100,-0.566100,0.356100,-0.626600,-1.9170,-1.4627,9.2732,-0.2589,0.4228,0.0510,-0.416600,0.127300,0.033300,-0.899500,-10.4063,2.7845,11.2613,2.1350,-5.8806,1.7603,0.925900,0.022000,0.257300,0.275600,True,False,True,Straight,1.000,-1.11,1.000,True,,,False,,,False
1783432873813,1421,6.7684,-0.2539,-0.5601,0.0209,-0.1729,-0.0037,-0.399200,-0.567600,0.356800,-0.625500,-2.1422,-1.5926,9.2082,-0.2042,0.3451,0.1005,-0.415400,0.132500,0.033700,-0.899300,-20.2336,4.7278,20.5994,2.5123,-5.3463,2.9158,0.929300,0.078900,0.202100,0.298800,True,False,True,Straight,1.000,-1.11,1.000,True,,,False,,,False
1783432873823,1422,7.2843,-0.7660,-0.0099,0.0231,-0.2091,-0.1048,-0.398900,-0.569800,0.356900,-0.623600,-2.4545,-1.6803,9.3351,-0.1188,0.2462,0.1122,-0.414200,0.136000,0.033600,-0.899300,-26.3436,2.5215,16.6931,1.5304,-5.0926,3.5637,0.924500,0.124500,0.144200,0.330200,True,False,True,Straight,1.000,-1.11,1.000,True,,,False,,,False
1783432873834,1423,8.9459,-0.7455,0.2550,0.0616,-0.1402,-0.2498,-0.399700,-0.572400,0.355300,-0.621600,-1.9652,-1.9989,9.2691,-0.0352,0.2328,0.0724,-0.413500,0.139000,0.032700,-0.899200,-31.2897,4.4926,9.4629,-0.6776,-4.8566,3.0941,0.919100,0.142100,0.079900,0.358700,True,False,True,Straight,1.000,-1.11,1.000,True,,,False,,,False
1783432873844,1424,11.9177,0.3357,0.5273,0.1222,-0.1064,-0.2385,-0.400200,-0.574900,0.353200,-0.620200,-1.3692,-1.6214,9.3409,0.0201,0.5046,0.1088,-0.412600,0.144700,0.029700,-0.898900,-26.1383,-7.7758,-8.4283,-0.1394,-3.5950,1.9103,0.913200,0.158400,0.034300,0.373900,True,False,True,Straight,1.000,-1.11,1.000,True,,,False,,,False
1783432873864,1426,11.4550,1.3538,-1.1183,-0.4627,-0.2080,0.1991,-0.401000,-0.574000,0.361000,-0.616000,-1.4504,-1.0490,9.9189,-0.2370,1.3425,0.1919,-0.408300,0.177500,0.020700,-0.895200,-20.7620,5.9213,-8.0730,-0.3449,0.9633,-0.0430,0.907500,0.186200,0.039700,0.374500,False,False,True,Straight,1.000,-1.11,1.000,True,,,False,,,False
1783432873875,1427,11.6867,-1.8100,-1.9064,-0.1617,-0.4160,0.2251,-0.398500,-0.575400,0.365900,-0.613400,-1.9038,-1.8067,10.0747,-0.3585,2.6837,0.2377,-0.405400,0.209500,0.010400,-0.889700,-1.5459,5.6635,14.1862,-2.0526,2.2191,0.6711,0.907300,0.152700,0.053700,0.388000,False,False,True,Straight,1.000,-1.11,1.000,True,,,False,,,False
1783432873885,1428,12.6055,-2.4841,-0.9083,0.3660,-0.4852,0.1784,-0.392300,-0.580200,0.366800,-0.612400,-1.2661,-2.5511,9.7172,-0.3688,3.8540,0.4496,-0.399600,0.254200,-0.006100,-0.880700,2.1962,-5.1236,9.5585,-0.9198,3.1339,1.2365,0.900100,0.127700,0.082500,0.408200,False,False,True,Straight,1.000,-1.11,1.000,True,,,False,,,False
1783432873896,1429,12.1603,-0.5781,0.9076,0.5373,-0.4694,0.2838,-0.384000,-0.585100,0.367000,-0.612800,0.0437,-4.1069,9.3523,0.0293,5.6912,1.0182,-0.387000,0.316000,-0.038000,-0.865400,-8.4515,-15.5384,16.7738,-0.4253,3.5989,-0.8081,0.900300,0.103600,0.122000,0.404800,False,False,True,Straight,1.000,-1.11,1.000,True,,,False,,,False
1783432873906,1430,11.1339,1.1432,3.9498,0.3103,-0.1436,0.3896,-0.378100,-0.585900,0.368100,-0.615000,-2.6867,-3.1773,10.7778,0.4312,8.0914,1.6404,-0.365100,0.398900,-0.087900,-0.836600,-10.6082,18.0625,15.5851,-0.9667,2.3238,-0.7491,0.901300,0.079600,0.144300,0.400600,False,False,True,Straight,1.000,-1.11,1.000,True,,,False,,,False
1783432873917,1431,11.1096,3.8234,3.5888,-0.2132,-0.0638,0.5867,-0.374800,-0.582700,0.374400,-0.616300,-10.1879,-2.0030,20.1539,-0.3049,10.3390,2.3487,-0.324600,0.502000,-0.142600,-0.788800,-6.1466,-3.7482,14.6442,-1.1383,1.1561,-0.5286,0.902800,0.060000,0.152200,0.397700,False,False,True,Straight,1.000,-1.11,1.000,True,,,False,,,False
1783432873928,1432,10.3649,0.6394,2.8530,-0.2776,0.1237,0.5593,-0.373000,-0.577800,0.380000,-0.618500,-16.1474,-4.8050,21.0262,-0.5534,9.5267,2.7443,-0.274700,0.589300,-0.191700,-0.735200,-4.5067,2.1483,11.2658,-0.5977,0.3163,-0.2065,0.903600,0.051200,0.153000,0.396700,False,False,True,Straight,1.000,-1.11,1.000,True,,,False,,,False
1783432873938,1433,10.7478,-1.9374,3.1334,0.0509,0.3204,0.4383,-0.370800,-0.573500,0.381200,-0.623100,-2.6875,-8.0162,16.9402,1.4537,6.9644,2.8587,-0.241200,0.638600,-0.249000,-0.687000,-3.0479,2.0255,10.1082,-0.2875,0.0400,-0.0814,0.904200,0.047400,0.152200,0.396300,False,False,True,Straight,1.000,-1.11,1.000,True,,,False,,,False
1783432873948,1434,11.6793,-0.4050,2.7459,0.1640,0.3662,0.1626,-0.370100,-0.570700,0.379400,-0.627200,-15.3630,-6.3985,36.8789,0.7890,2.8863,1.5100,-0.225400,0.655800,-0.276100,-0.665600,-2.5798,1.8859,9.5344,-0.1150,0.0757,-0.0614,0.904400,0.045500,0.152600,0.395900,False,False,True,Straight,1.000,-1.11,1.000,True,,,False,,,False
1783432873958,1435,11.0711,2.3739,1.8675,0.0485,0.2851,-0.2247,-0.372800,-0.569800,0.376100,-0.628500,-0.6821,-7.5904,18.8824,-0.7154,-3.9153,-0.6578,-0.238200,0.626600,-0.253100,-0.697600,-2.2911,1.9111,9.3157,-0.0915,0.1575,-0.0690,0.904500,0.043500,0.154000,0.395300,False,False,True,Straight,1.000,-1.11,1.000,True,,,False,,,False
1783432873968,1436,9.6469,2.9596,1.3017,-0.2567,0.1650,-0.4874,-0.379200,-0.569600,0.373800,-0.626200,2.8117,-3.0397,6.0465,-0.3619,-4.5772,-1.1603,-0.259500,0.590200,-0.226500,-0.730100,-2.5574,1.7373,9.4075,-0.0894,0.2505,-0.0609,0.904400,0.041000,0.156500,0.394900,False,False,True,Straight,1.000,-1.11,1.000,True,,,False,,,False
1783432873979,1437,8.5084,1.1426,0.7508,-0.4537,0.1403,-0.6019,-0.387700,-0.569200,0.372400,-0.622200,-0.3808,-1.4054,6.8618,-0.0842,-4.7291,-0.9642,-0.280500,0.548800,-0.202600,-0.760900,-2.6518,1.9189,9.3022,-0.0179,0.2628,-0.0376,0.904000,0.039300,0.159500,0.394600,False,True,True,Straight,1.000,-1.11,1.000,True,,,False,,,False
1783432873989,1438,7.8028,-0.1523,0.6464,-0.4386,0.1772,-0.5638,-0.396000,-0.568300,0.370900,-0.618600,-4.5142,-1.5329,10.9531,-0.1879,-5.9284,-0.8174,-0.301200,0.493500,-0.173500,-0.797300,-2.5876,2.0851,9.1043,-0.0450,0.2524,-0.0753,0.903900,0.037300,0.162300,0.393900,False,True,True,Straight,1.000,-1.11,1.000,True,,,False,,,False
1783432874000,1439,7.0727,-0.3227,0.5193,-0.3629,0.2803,-0.4973,-0.403700,-0.566600,0.368700,-0.616500,-5.1240,-1.8575,9.9108,-0.2969,-7.3694,-0.8144,-0.322100,0.420700,-0.136700,-0.837000,-2.6286,1.6972,9.1086,-0.0486,0.2486,-0.0892,0.903900,0.035300,0.165000,0.393100,False,True,True,Straight,1.000,-1.11,1.000,True,,,False,,,False
1783432874010,1440,7.0774,-0.0183,0.5655,-0.3629,0.3483,-0.4217,-0.411100,-0.564100,0.366700,-0.615100,-5.1705,-1.0782,8.6652,-0.4562,-7.6503,-0.7585,-0.339200,0.341700,-0.096200,-0.871200,-2.6255,1.6498,9.0821,-0.0022,0.2841,-0.0807,0.903700,0.033600,0.168300,0.392200,False,True,True,Straight,1.000,-1.11,1.000,True,,,False,,,False
1783432874021,1441,7.5528,0.2233,0.6211,-0.3620,0.3117,-0.3073,-0.417400,-0.561200,0.365700,-0.614000,-6.5435,-1.1084,11.1554,-0.9689,-7.3608,-0.5642,-0.348500,0.264700,-0.051300,-0.897700,-2.8362,1.7302,9.0695,0.0065,0.2659,-0.1105,0.903700,0.032000,0.171400,0.391000,False,True,True,Straight,1.000,-1.11,1.000,True,,,False,,,False
1783432874032,1442,7.8288,0.6442,0.2881,-0.3475,0.1679,-0.1885,-0.422000,-0.559000,0.366100,-0.612600,-9.7249,-2.2444,15.7738,-2.1613,-6.7384,-0.4964,-0.349800,0.197600,0.004400,-0.915700,-2.7632,1.8951,9.0775,-0.0552,0.2257,-0.1898,0.904200,0.029800,0.173900,0.389100,False,True,True,Straight,1.000,-1.11,1.000,True,,,False,,,False
1783432874042,1443,8.1622,0.5600,-0.4761,-0.3596,-0.1017,-0.0494,-0.424400,-0.558200,0.369000,-0.610000,-17.8122,-6.8473,22.5447,-3.4468,-5.7069,-1.4772,-0.356500,0.146300,0.072700,-0.919900,-3.0481,1.6974,9.2077,-0.0990,0.2531,-0.2324,0.904800,0.026800,0.176400,0.386700,False,True,True,Straight,1.000,-1.11,1.000,True,,,False,,,False
1783432874053,1444,8.2343,0.0449,-0.7583,-0.2946,-0.4081,0.0613,-0.424100,-0.559500,0.373800,-0.606100,-28.4280,-5.9999,18.7637,-3.0476,-5.0953,-3.1017,-0.380700,0.097800,0.136100,-0.909400,-2.8778,1.8297,9.3275,-0.1186,0.3466,-0.2374,0.905200,0.023200,0.179900,0.384300,False,True,True,Straight,1.000,-1.11,1.000,True,,,False,,,False
1783432874064,1445,8.8181,-0.0720,-0.7140,-0.1414,-0.4905,0.1910,-0.421300,-0.561500,0.378800,-0.603000,-33.1169,-2.9444,8.3889,0.2252,-4.4496,-3.5680,-0.412900,0.039700,0.159000,-0.895900,-2.7875,1.6864,9.3090,-0.1041,0.4920,-0.2614,0.905400,0.018900,0.185100,0.381700,False,True,True,Straight,1.000,-1.11,1.000,True,,,False,,,False
1783432874074,1446,11.2955,-0.8651,-0.0469,0.0005,-0.2668,0.2771,-0.417900,-0.562300,0.382100,-0.602600,-30.1310,10.2662,-3.4651,1.6418,-4.0653,-2.0822,-0.428200,-0.018600,0.162600,-0.888700,-2.6343,1.6907,9.5041,-0.0577,0.7719,-0.3231,0.905100,0.013700,0.193700,0.378300,False,True,True,Straight,1.000,-1.11,1.000,True,,,False,13.53,,False
1783432874084,1447,11.9361,-0.1374,-0.2512,0.1937,-0.1240,0.1943,-0.414500,-0.563300,0.382700,-0.603700,-27.5659,11.7355,-10.1197,-0.5798,-2.2918,0.6697,-0.416100,-0.039500,0.181500,-0.890100,-2.4264,1.0099,9.6655,0.0449,1.3154,-0.2859,0.903100,0.007200,0.208900,0.375000,False,False,True,Straight,1.000,-1.01,1.000,True,,,False,,,False
1783432874095,1448,11.4910,0.3836,-1.4851,0.1686,0.0076,0.1047,-0.412500,-0.563700,0.382100,-0.605100,-15.9144,-5.1785,-5.7293,0.4070,0.3926,0.7140,-0.408900,-0.035600,0.175400,-0.894800,-3.1677,0.9154,9.6900,0.2558,1.9613,-0.2245,0.898800,0.000200,0.232200,0.371800,False,False,True,Straight,1.000,-1.01,1.000,True,,,False,,,False
1783432874106,1449,10.9715,2.1638,-1.3654,0.0200,0.1419,0.1191,-0.412100,-0.562200,0.382000,-0.606800,4.6276,-2.9211,17.1232,1.6753,2.3331,-0.7164,-0.421100,-0.019500,0.144400,-0.895200,-3.2323,1.7074,9.4521,0.3478,2.7306,-0.2406,0.891400,-0.009300,0.264400,0.367900,False,False,True,Straight,1.000,-1.01,1.000,True,,,False,,,False
1783432874116,1450,10.6739,2.2977,-0.9586,-0.0772,-0.0155,0.0741,-0.412000,-0.561600,0.383200,-0.606700,1.6466,3.7393,5.3973,-0.9578,3.1286,-0.5188,-0.432600,0.019800,0.138500,-0.890700,-2.3868,3.2999,9.5292,0.2452,3.9448,-0.4488,0.879400,-0.026300,0.309100,0.361100,False,False,True,Straight,1.000,-1.01,1.000,True,,,False,,,False
1783432874126,1451,10.4302,0.6069,1.4072,-0.1330,-0.3850,-0.0775,-0.411700,-0.564200,0.385600,-0.602900,-1.4168,4.9364,11.4943,-0.6037,4.0270,0.5014,-0.433300,0.068800,0.123200,-0.890100,-3.0341,3.8363,9.5156,-0.2133,5.3920,-1.0988,0.861400,-0.057200,0.366300,0.347100,False,False,True,Straight,1.000,-1.01,1.000,True,,,False,,,False
1783432874136,1452,10.5410,-1.0225,4.0531,-0.0377,-0.5562,-0.2203,-0.410900,-0.569300,0.387200,-0.597600,-15.5063,-14.9022,20.6690,0.6134,3.3233,0.8670,-0.429000,0.103800,0.097600,-0.892000,-5.0368,3.1416,11.2900,-0.6161,7.6187,-1.7761,0.829700,-0.104800,0.442600,0.323700,False,False,True,Straight,1.000,-1.01,1.000,True,,,False,,,False
1783432874146,1453,12.1173,-3.1996,4.5131,0.4749,-0.0445,-0.4880,-0.410900,-0.574400,0.380400,-0.597100,-3.3461,4.7675,16.0942,1.7016,1.3341,0.3686,-0.428600,0.110200,0.071000,-0.893900,-11.0849,1.7791,17.3144,0.4917,9.4863,-2.3076,0.781100,-0.150000,0.536400,0.282200,False,False,True,Straight,1.000,-1.01,1.000,True,,,False,,,False
1783432874156,1454,11.5819,-0.4594,4.0441,0.5549,0.5425,-0.5553,-0.413600,-0.575800,0.369400,-0.600700,-3.4586,-3.6398,11.1034,0.9098,0.5012,0.1886,-0.428200,0.111200,0.057900,-0.894900,-18.2643,5.2660,21.3998,1.0397,8.9609,-2.7328,0.727400,-0.188700,0.618500,0.229900,False,False,True,Straight,1.000,-1.01,1.000,True,,,False,,,False
1783432874167,1455,11.5910,3.0583,3.6591,0.0827,0.6633,-0.3910,-0.419000,-0.573100,0.362500,-0.603800,-2.7731,-1.7224,11.0982,0.4363,0.1425,0.0534,-0.428400,0.110600,0.052200,-0.895300,-7.3512,6.8529,19.5622,0.1333,6.3222,-3.1895,0.685200,-0.229600,0.666200,0.184000,False,False,True,Straight,1.000,-1.01,1.000,True,,,False,,,False
1783432874188,1457,11.3023,-0.3921,2.2929,-0.1684,0.3412,0.1577,-0.425200,-0.564600,0.360600,-0.608600,-1.5847,-1.8287,9.5892,-0.2943,0.2486,0.0043,-0.428400,0.117300,0.053800,-0.894300,-5.5914,8.2740,23.4293,0.7975,-1.5849,-0.8720,0.719500,-0.222900,0.636800,0.164700,False,False,True,Straight,1.000,-1.01,1.000,True,,,False,,,False
1783432874198,1458,9.7977,-2.2738,1.3406,-0.0137,0.2439,0.3422,-0.423800,-0.561100,0.361800,-0.612100,-1.6898,-1.9315,9.5232,-0.3531,0.3130,0.0254,-0.427900,0.122900,0.056000,-0.893700,3.4412,3.9742,5.6297,0.2813,-3.5684,0.7211,0.746800,-0.206900,0.606300,0.178800,False,False,True,Straight,1.000,-1.01,1.000,True,,,False,,,False
1783432874208,1459,7.8873,-1.7515,0.7700,0.2602,0.2085,0.3727,-0.420000,-0.559300,0.361300,-0.616700,-1.8863,-1.8593,9.4648,-0.4662,0.3139,0.0304,-0.427100,0.129100,0.059500,-0.893000,-0.3280,2.8217,7.1568,0.2928,-3.8928,0.9609,0.774100,-0.187800,0.572100,0.195400,False,False,True,Straight,1.000,-1.01,1.000,True,,,False,,,False
1783432874219,1460,7.1197,-0.8232,0.8039,0.4064,0.1451,0.3825,-0.414800,-0.558600,0.360000,-0.621500,-1.9215,-2.2707,9.1853,-0.4534,0.2888,0.0376,-0.426200,0.134900,0.063000,-0.892300,-3.4068,2.8546,9.0444,0.2047,-5.0151,1.0759,0.806400,-0.165400,0.525200,0.215700,True,False,True,Straight,1.000,-1.01,1.000,True,,,False,,,False
1783432874229,1461,6.3731,-0.6124,0.6580,0.4364,0.1537,0.3655,-0.409600,-0.558000,0.358400,-0.626500,-1.9446,-2.2626,9.0096,-0.3626,0.2599,0.0492,-0.425300,0.139900,0.065600,-0.891800,-5.5586,1.8855,9.6023,0.2764,-6.2393,1.2128,0.842200,-0.137200,0.463700,0.238300,True,False,True,Straight,1.000,-1.01,1.000,True,,,False,,,False
1783432874239,1462,6.5003,-0.2764,0.6261,0.4393,0.1505,0.3031,-0.404800,-0.557700,0.356200,-0.631000,-1.9873,-2.1548,9.0064,-0.2953,0.2417,0.0429,-0.424600,0.144300,0.067600,-0.891300,-5.9364,1.3833,8.4132,0.6788,-6.9998,1.3032,0.876800,-0.100900,0.392200,0.259100,True,False,True,Straight,1.000,-1.01,1.000,True,,,False,,,False
1783432874250,1463,6.9491,0.0341,0.5390,0.3628,0.1140,0.2033,-0.401100,-0.557800,0.354200,-0.634500,-2.0140,-2.2201,8.9191,-0.2087,0.2301,0.0550,-0.423800,0.148200,0.068700,-0.890900,-7.0286,2.0387,8.8918,1.1294,-6.9220,1.3445,0.904400,-0.059000,0.319900,0.276000,True,False,True,Straight,1.000,-1.01,1.000,True,,,False,,,False
1783432874261,1464,7.3838,0.0713,0.0878,0.2056,0.0546,0.0590,-0.399400,-0.558100,0.352700,-0.636000,-2.1735,-2.5056,8.8742,-0.0841,0.1891,0.0876,-0.422900,0.151000,0.068500,-0.890900,-9.3095,2.4339,10.7396,1.9643,-6.0215,1.4756,0.921900,-0.009800,0.258400,0.288300,True,False,True,Straight,1.000,-1.01,1.000,True,,,False,,,False
1783432874271,1465,7.5888,-0.0352,-0.4973,0.0211,-0.0932,-0.0699,-0.399400,-0.559300,0.352400,-0.635100,-2.2184,-2.5675,8.8893,0.0893,0.1035,0.1019,-0.422100,0.151900,0.066800,-0.891200,-18.9011,5.5014,20.7168,2.5717,-5.3238,2.3583,0.928100,0.046700,0.205500,0.306900,True,False,True,Straight,1.000,-1.01,1.000,True,,,False,,,False
1783432874281,1466,7.9219,-0.4342,-0.1924,-0.1246,-0.2471,-0.1565,-0.400400,-0.561400,0.353600,-0.632100,-1.9439,-2.6628,8.8609,0.1828,0.0833,0.0579,-0.421900,0.152000,0.064200,-0.891500,-24.1820,0.4725,16.3970,2.0428,-5.0525,3.0739,0.925300,0.097700,0.152100,0.333400,True,False,True,Straight,1.000,-1.01,1.000,True,,,False,,,False
1783432874292,1467,9.0789,-0.3875,0.3032,-0.1242,-0.2476,-0.2688,-0.402300,-0.563900,0.353900,-0.628400,-1.6060,-2.7856,8.8251,0.3350,0.2953,0.0961,-0.421800,0.153800,0.058800,-0.891600,-30.7963,1.0361,9.7186,0.5836,-4.2307,2.0887,0.922300,0.126000,0.102600,0.350700,True,False,True,Straight,1.000,-1.01,1.000,True,,,False,,,False
1783432874303,1468,11.5250,0.4042,0.8622,-0.1156,-0.2039,-0.2614,-0.404200,-0.566100,0.353900,-0.625200,-1.8875,-2.5279,9.3576,0.4339,0.5186,0.1762,-0.421000,0.157500,0.051000,-0.891800,-27.3291,-8.1433,-4.7710,0.8425,-3.5973,1.3199,0.918700,0.153100,0.062400,0.358700,True,False,True,Straight,1.000,-1.01,1.000,True,,,False,,,False
1783432874313,1469,12.0873,0.6201,0.6745,-0.2076,-0.1952,-0.0862,-0.405500,-0.567000,0.355900,-0.622400,-1.8053,-1.2009,9.8912,0.2223,0.8417,0.1779,-0.420100,0.166000,0.043700,-0.891100,-28.0999,-7.9120,-9.4718,2.4675,-1.9783,0.2214,0.913800,0.190300,0.050300,0.355200,True,False,True,Straight,1.000,-1.01,1.000,True,-11.32,,False,,,False
1783432874323,1470,11.1187,0.6707,-1.0591,-0.4196,-0.2035,0.0904,-0.406800,-0.566100,0.360800,-0.619600,-1.6796,-1.0492,9.9089,-0.1575,1.4034,0.1677,-0.418600,0.182600,0.037800,-0.888800,-19.6920,4.1967,-5.0776,0.3329,-0.0234,-0.0793,0.913400,0.194200,0.051700,0.354000,False,False,True,Straight,1.000,-1.01,1.000,True,,,False,,,False
1783432874334,1471,10.9486,-1.9293,-1.8093,-0.1158,-0.3754,0.1631,-0.404600,-0.567700,0.364800,-0.617200,-1.3426,-2.0192,10.0093,-0.4189,2.2544,0.2761,-0.415500,0.210000,0.030100,-0.884500,-3.5489,6.2063,10.2130,-2.4860,2.0625,1.3020,0.911500,0.157300,0.061100,0.375000,False,False,True,Straight,1.000,-1.01,1.000,True,,,False,,,False
1783432874343,1472,11.9663,-2.9583,-1.2976,0.4628,-0.5957,0.1279,-0.397600,-0.574100,0.365100,-0.615700,-1.6388,-3.2324,9.6334,-0.2004,3.3839,0.3786,-0.411700,0.248500,0.013800,-0.876700,7.6338,-4.8073,8.4631,-1.4206,2.4597,1.6790,0.903800,0.130700,0.079200,0.399700,False,False,True,Straight,1.000,-1.01,1.000,True,,,False,,,False
1783432874354,1473,11.9515,-1.0479,0.3167,0.7923,-0.5417,0.1532,-0.388200,-0.581500,0.362700,-0.616100,0.4723,-3.4963,9.5658,-0.2766,5.3379,0.8051,-0.402100,0.308100,-0.013100,-0.862100,-6.7957,-19.6558,13.7798,-0.6506,3.8634,-0.4932,0.902400,0.103400,0.120400,0.400600,False,False,True,Straight,0.900,-1.01,1.000,True,,,False,,,False
1783432874364,1474,11.2564,0.4551,4.2526,0.6454,-0.1901,0.2371,-0.380800,-0.585000,0.360400,-0.618800,-1.8779,-2.8428,11.0037,0.0311,7.8187,1.2187,-0.385800,0.390400,-0.057200,-0.833900,-13.7175,20.4898,17.8396,-0.8131,2.5943,-1.0027,0.904000,0.079600,0.146800,0.393500,False,False,True,Straight,1.000,-1.01,1.000,True,,,False,,,False
1783432874375,1475,12.6128,4.6264,5.3132,0.0076,0.0668,0.5369,-0.376900,-0.582100,0.363900,-0.621900,-8.1001,-2.5598,18.7164,-0.7234,10.2358,2.0037,-0.350900,0.495600,-0.108100,-0.787100,-6.9370,-7.7553,16.5042,-1.3677,1.2379,-0.4705,0.905200,0.057100,0.154600,0.391800,False,False,True,Straight,1.000,-1.01,1.000,True,,,False,,,False
1783432874385,1476,11.3616,1.9654,3.1172,-0.3035,0.1192,0.6112,-0.374800,-0.577000,0.370100,-0.624200,-14.9090,-6.0440,20.0515,-0.9366,10.0940,2.5413,-0.303500,0.591100,-0.157700,-0.730500,-4.2817,2.6055,10.9085,-0.4528,0.2719,-0.1359,0.905600,0.050300,0.155700,0.391200,False,False,True,Straight,1.000,-1.01,1.000,True,,,False,,,False
1783432874395,1477,10.5380,-2.1051,2.8590,-0.0467,0.2545,0.4623,-0.372700,-0.572600,0.372600,-0.628000,-6.5790,-7.2404,20.7055,1.1383,7.8354,2.7393,-0.269800,0.649600,-0.217000,-0.676800,-3.1245,2.2301,9.9420,-0.1568,0.0063,-0.0143,0.905800,0.048300,0.155100,0.391300,False,False,True,Straight,1.000,-1.01,1.000,True,,,False,,,False
1783432874406,1478,11.4478,-1.7105,2.6169,0.1180,0.3656,0.1803,-0.372100,-0.569500,0.371200,-0.632000,-13.0853,-6.2621,36.5893,1.1198,2.6627,1.8044,-0.256200,0.662800,-0.249700,-0.657800,-2.3555,2.2462,9.2919,-0.0002,0.0707,0.0037,0.905700,0.047800,0.155900,0.391300,False,False,True,Straight,1.000,-1.01,1.000,True,,,False,,,False
1783432874417,1479,10.7134,1.7488,2.0530,0.1431,0.3842,-0.1970,-0.374400,-0.568100,0.366900,-0.634500,0.3157,-5.8948,19.5266,-0.4078,-4.6217,0.1378,-0.265600,0.624500,-0.232100,-0.696800,-2.3673,1.8879,9.3570,0.0298,0.1908,-0.0182,0.905400,0.047100,0.158300,0.391100,False,False,True,Straight,1.000,-1.01,1.000,True,,,False,,,False
1783432874427,1480,9.5166,3.2780,1.5778,-0.1589,0.2800,-0.4255,-0.380100,-0.567100,0.363800,-0.633700,4.2659,-3.0163,4.1880,-0.0245,-4.7974,0.1286,-0.277700,0.581200,-0.216300,-0.733700,-2.7104,1.6938,9.5253,0.2028,0.2389,-0.0098,0.904900,0.048100,0.162100,0.390600,False,False,True,Straight,1.000,-1.01,1.000,True,,,False,,,False
1783432874438,1481,8.1640,1.7921,0.9824,-0.4597,0.2220,-0.5701,-0.388900,-0.565700,0.362300,-0.630500,0.0454,-2.4705,5.8152,0.1571,-4.5214,0.3439,-0.287500,0.537200,-0.203900,-0.766300,-2.5252,1.9389,9.1643,0.3137,0.2588,0.0111,0.904100,0.050300,0.166700,0.390200,False,True,True,Straight,1.000,-1.01,1.000,True,,,False,,,False
1783432874448,1482,7.1584,0.1935,0.8458,-0.4706,0.2423,-0.5746,-0.397800,-0.564100,0.360700,-0.627200,-5.2606,-3.8550,11.3020,-0.3993,-5.8818,0.0968,-0.298100,0.480400,-0.178700,-0.805200,-2.5452,2.1589,8.9641,0.2488,0.2738,-0.0179,0.903500,0.051600,0.171100,0.389500,False,True,True,Straight,1.000,-1.01,1.000,True,,,False,,,False
1783432874459,1483,6.5540,-0.2034,0.8107,-0.4306,0.2924,-0.5248,-0.406200,-0.562100,0.358900,-0.624700,-5.2138,-4.7319,9.0334,-0.5797,-7.3819,-0.4363,-0.314200,0.407100,-0.141700,-0.845900,-2.6402,1.9986,8.9032,0.1483,0.2469,-0.0432,0.903100,0.051900,0.174700,0.388800,False,True,True,Straight,1.000,-1.01,1.000,True,,,False,,,False
1783432874470,1484,6.8926,-0.1996,0.8525,-0.4121,0.3572,-0.4165,-0.413900,-0.559100,0.357300,-0.623300,-5.3790,-3.2511,8.3313,-0.5827,-7.5335,-0.7354,-0.330900,0.329000,-0.101300,-0.878600,-2.9673,2.1304,8.9893,0.1094,0.1923,-0.0614,0.903000,0.051900,0.177500,0.387900,False,True,True,Straight,1.000,-1.01,1.000,True,,,False,,,False
1783432874480,1485,7.8402,0.0012,0.7793,-0.3510,0.3384,-0.3072,-0.420200,-0.556000,0.356100,-0.622500,-6.4523,-2.2231,10.4646,-1.0867,-7.1884,-0.7267,-0.342100,0.254000,-0.055900,-0.902900,-2.8707,2.3221,8.9700,0.0796,0.1118,-0.0621,0.903000,0.052100,0.179300,0.387000,False,True,True,Straight,1.000,-1.01,1.000,True,,,False,,,False
1783432874490,1486,8.5206,0.2361,0.1053,-0.2870,0.1629,-0.1785,-0.424300,-0.554100,0.356200,-0.621400,-10.1515,-4.0282,16.6622,-2.2548,-6.2850,-0.6428,-0.345400,0.192000,-0.001100,-0.918600,-2.6347,2.3515,8.9789,-0.0515,0.0975,-0.0813,0.903200,0.050700,0.180200,0.386200,False,True,True,Straight,1.000,-1.01,1.000,True,,,False,,,False
1783432874500,1487,8.7666,0.0717,-0.7041,-0.2214,-0.1732,-0.0255,-0.425300,-0.554400,0.358600,-0.619100,-21.1396,-7.0762,23.6099,-3.6573,-5.8038,-1.7766,-0.355800,0.140300,0.070500,-0.921300,-2.5033,2.1928,9.1614,-0.0978,0.2008,-0.1167,0.903400,0.048300,0.182200,0.385100,False,True,True,Straight,1.000,-1.01,1.000,True,,,False,,,False
1783432874511,1488,8.4947,0.0337,-0.8969,-0.0484,-0.5353,0.1060,-0.422300,-0.557800,0.362500,-0.615700,-30.3618,-1.9950,17.8474,-3.0143,-5.4544,-2.8896,-0.377700,0.087600,0.134500,-0.911900,-2.5931,2.2116,9.1145,-0.0853,0.3539,-0.1745,0.903500,0.045100,0.185900,0.383500,False,True,True,Straight,1.000,-1.01,1.000,True,,,False,,,False
1783432874521,1489,9.2270,-0.0281,-0.2921,0.0119,-0.5473,0.2396,-0.417900,-0.561000,0.367000,-0.613200,-30.9012,0.9718,5.9175,-0.0586,-4.6389,-2.8142,-0.401000,0.030000,0.160100,-0.901500,-2.8216,2.4353,9.1857,-0.1130,0.5211,-0.1830,0.903300,0.040800,0.191500,0.381900,False,True,True,Straight,1.000,-1.01,1.000,True,,,False,,,False
1783432874532,1490,11.2498,-0.4712,-0.0784,0.1303,-0.2582,0.2530,-0.413800,-0.562500,0.369100,-0.613300,-29.7543,13.7170,-4.7738,0.9832,-3.7137,-0.7469,-0.402000,-0.018300,0.168000,-0.899900,-2.6754,1.5957,9.3495,-0.0446,0.8586,-0.2245,0.902300,0.035600,0.201100,0.379800,False,True,True,Straight,1.000,-1.01,1.000,True,,,False,13.57,,False
1783432874543,1491,11.6134,-0.0880,-0.1519,0.1740,-0.0762,0.1677,-0.411000,-0.563300,0.369300,-0.614400,-26.5533,9.4958,-10.7488,-1.6801,-1.4355,1.5244,-0.382000,-0.022800,0.194500,-0.903200,-2.4943,1.0653,9.5674,0.2147,1.3883,-0.2321,0.899700,0.030700,0.217900,0.377100,False,False,True,Straight,1.000,-0.28,1.000,True,,,False,,,False
1783432874553,1492,11.3947,0.3560,-1.5398,0.0718,0.0564,0.0946,-0.410000,-0.562800,0.369100,-0.615600,-11.7590,-14.0937,-2.2174,1.9958,1.6718,0.2214,-0.382900,-0.012800,0.164000,-0.909000,-2.6725,2.2552,9.6086,0.2966,2.1369,-0.2601,0.894700,0.023100,0.243400,0.373900,False,False,True,Straight,1.000,-0.28,1.000,True,,,False,,,False
1783432874563,1493,11.3972,1.9672,-1.0661,0.0010,0.1181,0.1192,-0.409600,-0.561400,0.369300,-0.617000,8.0464,1.2757,16.2378,1.1064,2.1358,-2.0639,-0.410400,0.002100,0.140900,-0.901000,-3.4598,2.1195,9.5809,0.2805,2.9395,-0.2300,0.886100,0.011700,0.277500,0.371000,False,False,True,Straight,1.000,-0.28,1.000,True,,,False,,,False
1783432874574,1494,11.4823,1.5061,-0.3505,-0.0244,-0.1510,-0.0042,-0.409100,-0.562500,0.370200,-0.615800,-1.7902,13.5270,9.2783,-0.1347,3.6844,-0.8742,-0.426300,0.042900,0.123500,-0.895100,-2.5967,3.2372,9.3007,0.2697,4.1173,-0.3900,0.872400,-0.005800,0.324100,0.365700,False,False,True,Straight,1.000,-0.28,1.000,True,,,False,,,False
1783432874584,1495,11.0661,0.3699,2.2080,0.0658,-0.5308,-0.1762,-0.407500,-0.567700,0.371200,-0.611500,-5.1921,4.3149,16.5413,-0.2842,3.6859,0.9140,-0.421200,0.087100,0.106500,-0.896500,-1.9602,3.9310,9.6417,0.0230,5.8378,-0.7548,0.849900,-0.035400,0.386900,0.355900,False,False,True,Straight,1.000,-0.28,1.000,True,,,False,,,False
1783432874594,1496,10.5683,-0.4902,4.2151,0.2329,-0.5299,-0.2919,-0.405600,-0.574300,0.370000,-0.607300,-11.0997,-14.5423,16.2720,1.1423,2.3188,0.4158,-0.420700,0.107700,0.081000,-0.897200,-5.2316,3.2933,11.5275,0.0606,8.5254,-1.1645,0.809100,-0.078100,0.474800,0.337400,False,False,True,Straight,1.000,-0.28,1.000,True,,,False,,,False
1783432874604,1497,10.7706,-1.3032,3.8912,0.3987,-0.0552,-0.3330,-0.405000,-0.578300,0.364900,-0.607000,-3.9317,2.6828,14.8475,1.3559,0.8453,0.3453,-0.419400,0.110500,0.060900,-0.899000,-14.0466,1.7853,18.1289,1.0656,9.5014,-1.8594,0.755700,-0.117800,0.569800,0.300500,False,False,True,Straight,1.000,-0.28,1.000,True,,,False,,,False
1783432874615,1498,10.3675,0.5760,3.4991,0.1825,0.3941,-0.3139,-0.407800,-0.577700,0.359200,-0.609100,-3.1049,-1.4198,11.6178,0.6997,0.2556,0.0664,-0.419900,0.109900,0.051700,-0.899400,-17.9473,8.2507,20.7004,1.1094,8.4186,-2.6291,0.702800,-0.156900,0.646000,0.253500,False,False,True,Straight,1.000,-0.28,1.000,True,,,False,,,False
1783432874625,1499,10.6619,2.0775,3.3196,-0.0077,0.5157,-0.3503,-0.412800,-0.575300,0.354000,-0.611000,-1.9299,-0.9638,10.4202,0.2010,0.1314,-0.0082,-0.420400,0.110500,0.048800,-0.899300,-6.2977,5.4664,18.7499,0.5733,6.2075,-2.8779,0.660400,-0.194200,0.694200,0.210400,False,False,True,Straight,1.000,-0.28,1.000,True,,,False,,,False
1783432874636,1500,11.8871,0.9931,2.9889,-0.1034,0.4834,-0.2253,-0.417400,-0.572100,0.350700,-0.612800,-1.5821,-1.6777,9.6339,-0.0841,0.1736,-0.0079,-0.420500,0.113000,0.048800,-0.898900,-14.0912,6.9126,34.7325,1.0117,-0.3401,-2.0061,0.671000,-0.202300,0.688800,0.185800,False,False,True,Straight,1.000,-0.28,1.000,True,,,False,,,False
1783432874646,1501,11.4776,-0.7161,2.3447,-0.0124,0.2718,0.0866,-0.418000,-0.569600,0.349900,-0.615100,-1.3742,-2.2110,9.1602,-0.0740,0.2924,0.0356,-0.420200,0.116800,0.048100,-0.898600,2.6158,7.7327,12.5208,0.5335,-4.5665,-1.1727,0.713300,-0.196900,0.647400,0.182600,False,False,True,Straight,1.000,-0.28,1.000,True,,,False,,,False
1783432874656,1502,9.9641,-1.3255,1.5515,0.1594,0.1731,0.3697,-0.414700,-0.567500,0.350400,-0.619000,-1.7759,-1.6515,9.6338,-0.0716,0.3597,0.0548,-0.419700,0.121400,0.047000,-0.898300,3.0391,5.7670,6.3738,-0.1664,-4.1154,-0.6941,0.747000,-0.194200,0.607500,0.187600,False,False,True,Straight,1.000,-0.28,1.000,True,,,False,,,False
1783432874666,1503,8.3697,-0.7399,1.0852,0.2867,0.1457,0.4679,-0.409700,-0.565800,0.350700,-0.623700,-1.7997,-1.8591,9.4487,-0.1550,0.3764,0.0803,-0.418800,0.126700,0.046700,-0.898000,-2.3281,5.9663,9.1934,-0.3693,-4.7649,0.0750,0.781000,-0.185500,0.561000,0.202400,True,False,True,Straight,1.000,-0.28,1.000,True,,,False,,,False
1783432874677,1504,7.4615,-0.5913,0.9474,0.3456,0.1309,0.4572,-0.404200,-0.564600,0.350600,-0.628500,-1.9595,-1.8820,9.2979,-0.0950,0.3721,0.1162,-0.417600,0.131500,0.045700,-0.897900,-3.9229,5.1183,8.3794,-0.4537,-6.1943,0.7677,0.819200,-0.168200,0.499200,0.226800,True,False,True,Straight,1.000,-0.28,1.000,True,,,False,,,False
1783432874688,1505,6.8079,-1.0229,0.7066,0.4544,0.1578,0.3753,-0.398700,-0.564000,0.348800,-0.633500,-2.0458,-1.6372,9.3195,-0.0800,0.3734,0.1177,-0.416400,0.136400,0.044400,-0.897800,-4.4162,3.3572,6.8877,-0.0791,-6.7125,1.1873,0.854700,-0.141900,0.430800,0.252700,True,False,True,Straight,1.000,-0.28,1.000,True,,,False,,,False
1783432874699,1506,7.0537,-0.3303,0.6899,0.4992,0.1522,0.2389,-0.393900,-0.564300,0.345700,-0.637900,-2.2507,-1.4989,9.3779,-0.1131,0.3621,0.1101,-0.415200,0.141200,0.043700,-0.897700,-6.2683,3.3525,8.4351,0.6063,-6.8976,1.4574,0.885000,-0.105100,0.359600,0.276300,True,False,True,Straight,1.000,-0.28,1.000,True,,,False,,,False
1783432874709,1507,7.1620,0.4544,0.4528,0.4106,0.0476,0.1412,-0.390100,-0.565300,0.343200,-0.640700,-2.2314,-1.9273,9.1850,-0.1259,0.3221,0.1228,-0.413800,0.145700,0.043300,-0.897600,-8.2417,3.4027,9.9690,1.2306,-6.7941,1.5068,0.908600,-0.060700,0.289100,0.295300,True,False,True,Straight,1.000,-0.28,1.000,True,,,False,,,False
1783432874719,1508,7.2320,0.4933,-0.2168,0.2092,-0.0826,0.0825,-0.387500,-0.566700,0.342500,-0.641400,-2.2844,-2.0752,9.1114,-0.0540,0.2826,0.1611,-0.412000,0.149300,0.042100,-0.897900,-12.1206,3.1852,13.1061,2.3185,-5.8027,1.5704,0.922600,-0.007000,0.231700,0.308200,True,False,True,Straight,1.000,-0.28,1.000,True,,,False,,,False
1783432874729,1509,7.3715,-0.1710,-0.7371,0.0285,-0.1898,0.0315,-0.386200,-0.568200,0.343300,-0.640400,-2.6753,-2.0511,9.2322,0.0124,0.2251,0.1633,-0.410300,0.152000,0.040600,-0.898300,-20.5681,5.9591,19.4876,2.9581,-5.3968,2.3126,0.926500,0.054700,0.180000,0.325800,True,False,True,Straight,1.000,-0.28,1.000,True,,,False,,,False
1783432874740,1510,7.6931,-0.8649,0.0233,0.0219,-0.2530,-0.0739,-0.385600,-0.570700,0.343800,-0.638300,-2.4874,-1.7882,9.1774,0.0316,0.2420,0.1104,-0.409300,0.154800,0.038800,-0.898300,-27.3147,0.7660,15.6459,2.1279,-4.7247,2.7580,0.922000,0.104800,0.131400,0.348800,True,False,True,Straight,1.000,-0.28,1.000,True,,,False,,,False
1783432874750,1511,9.3042,-0.7233,0.7496,0.1301,-0.1933,-0.2197,-0.385500,-0.573800,0.342100,-0.636400,-2.2430,-1.6382,9.2649,0.0090,0.3417,0.0433,-0.409000,0.158700,0.036900,-0.897900,-29.8419,-1.3446,6.1707,0.4798,-4.4425,1.8940,0.918700,0.132700,0.079400,0.363400,True,False,True,Straight,1.000,-0.28,1.000,True,,,False,,,False
1783432874760,1512,11.7057,0.3777,1.0349,0.1857,-0.1510,-0.1687,-0.384900,-0.576700,0.340200,-0.635300,-1.9878,-1.8732,9.3674,-0.0511,0.5885,0.0433,-0.408700,0.165700,0.034500,-0.896800,-27.2237,-8.8286,-8.6913,1.4284,-3.2568,0.9124,0.914500,0.164700,0.046700,0.366600,True,False,True,Straight,1.000,-0.28,1.000,True,-10.51,,False,,,False
1783432874772,1513,11.7730,1.2426,0.4715,0.0978,-0.1602,0.0197,-0.383300,-0.578400,0.340300,-0.634700,-1.7663,-1.2548,9.6244,-0.2342,1.0335,0.0982,-0.407500,0.178600,0.031700,-0.895000,-26.6906,-3.1240,-9.5831,1.9135,-0.9963,0.0538,0.910500,0.191200,0.044000,0.363900,False,False,True,Straight,1.000,-0.28,1.000,True,,,False,,,False
1783432874782,1514,11.1082,0.9923,-1.5602,-0.1141,-0.2127,0.1685,-0.381900,-0.578800,0.343400,-0.633400,-1.6547,-1.7003,9.8352,-0.4247,1.8429,0.1230,-0.405800,0.201500,0.026800,-0.891100,-13.7798,7.3316,-3.9617,-1.6279,1.5507,0.9374,0.908900,0.166000,0.052000,0.379000,False,False,True,Straight,1.000,-0.28,1.000,True,,,False,,,False
1783432874793,1515,11.2781,-1.3670,-1.3612,0.1169,-0.3482,0.1116,-0.378600,-0.581700,0.344900,-0.631900,-1.6715,-1.8454,9.9179,-0.4839,2.8605,0.1371,-0.403800,0.235900,0.017400,-0.883800,2.2929,0.1800,17.0100,-1.9610,2.3895,2.2368,0.899800,0.133700,0.065300,0.410100,False,False,True,Straight,1.000,-0.28,1.000,True,,,False,,,False
1783432874803,1516,12.2366,-0.7951,-0.6051,0.4173,-0.4055,0.0545,-0.373400,-0.586600,0.343900,-0.631000,-0.0757,-2.8311,9.2289,-0.5585,4.3658,0.3902,-0.398100,0.286700,0.000400,-0.871400,-2.0583,-19.7069,9.9451,-0.6037,3.5282,1.1495,0.891100,0.109600,0.099900,0.429000,False,False,True,Straight,1.000,-0.28,1.000,True,,,False,,,False
1783432874814,1517,12.1745,-0.5681,2.0077,0.3891,-0.2585,0.1290,-0.368400,-0.590000,0.343000,-0.631400,0.1133,-4.1226,10.0697,-0.1791,6.6287,0.9729,-0.385500,0.358800,-0.034000,-0.849400,-11.3284,-2.1536,20.0650,0.0052,3.4056,-1.3802,0.893300,0.089500,0.139700,0.417700,False,False,True,Straight,1.000,-0.28,1.000,True,,,False,,,False
1783432874825,1518,12.4856,1.8159,5.3634,0.1533,0.0494,0.4184,-0.364100,-0.588500,0.344600,-0.634300,-4.2248,-2.6996,14.2151,-0.4669,9.4317,1.6337,-0.359300,0.457800,-0.081400,-0.809100,-9.9884,9.2102,15.4819,-1.6225,1.9549,-0.4196,0.893500,0.060300,0.153500,0.417700,False,False,True,Straight,1.000,-0.28,1.000,True,,,False,,,False
1783432874836,1519,11.2123,3.5423,3.1947,-0.2825,0.1147,0.5964,-0.361900,-0.583700,0.350700,-0.636600,-15.3876,-2.7028,20.9561,-1.6764,10.5902,2.4228,-0.311100,0.565300,-0.124800,-0.753700,-5.5292,1.1122,11.8945,-0.8104,0.5373,-0.4242,0.895200,0.047600,0.155700,0.414800,False,False,True,Straight,1.000,-0.28,1.000,True,,,False,,,False
1783432874847,1520,10.8882,-0.8747,3.0273,-0.1684,0.2071,0.5980,-0.359300,-0.578700,0.355400,-0.640100,-13.1477,-6.2737,18.6517,-0.8890,8.9689,2.6903,-0.263400,0.645000,-0.169300,-0.697100,-3.8924,1.1230,10.7292,-0.3550,0.0226,-0.1001,0.895900,0.043200,0.154300,0.414300,False,False,True,Straight,1.000,-0.28,1.000,True,,,False,,,False
1783432874857,1521,11.4235,-1.5053,2.7634,0.0195,0.3169,0.4278,-0.357100,-0.574400,0.356900,-0.644400,-10.6422,-4.7379,23.8892,0.4721,5.8975,2.6212,-0.231000,0.687100,-0.213200,-0.655000,-2.5085,2.0113,9.6211,-0.0901,-0.0126,-0.0231,0.896200,0.042100,0.153700,0.414100,False,False,True,Straight,1.000,-0.28,1.000,True,,,False,,,False
1783432874867,1522,11.5120,0.5369,2.2562,0.0672,0.2682,0.0672,-0.357200,-0.572200,0.355600,-0.646900,-7.2641,-8.9601,33.2608,0.0392,-1.5190,1.1401,-0.225900,0.671300,-0.218700,-0.671200,-2.2960,1.9028,9.3318,-0.0793,0.0469,-0.0577,0.896500,0.040700,0.154000,0.413500,False,False,True,Straight,1.000,-0.28,1.000,True,,,False,,,False
1783432874877,1523,9.9530,2.2128,1.9437,-0.0035,0.1568,-0.3247,-0.360500,-0.572400,0.352600,-0.646500,2.7991,-5.7042,9.7217,0.2202,-4.8126,-0.1093,-0.241400,0.629200,-0.205400,-0.709700,-2.2477,1.5989,9.3611,-0.1388,0.1601,-0.0857,0.896700,0.038100,0.155200,0.412800,False,False,True,Straight,1.000,-0.28,1.000,True,,,False,,,False
1783432874888,1524,8.9530,1.7926,1.5591,-0.2460,0.0602,-0.5641,-0.367100,-0.573300,0.350200,-0.643300,2.0992,-2.3717,5.2486,0.4511,-4.7714,-0.2544,-0.259000,0.584900,-0.192300,-0.744200,-2.4857,1.9610,9.3117,-0.1170,0.2322,-0.0726,0.896700,0.035300,0.157300,0.412200,False,True,True,Straight,1.000,-0.28,1.000,True,,,False,,,False
1783432874898,1525,7.6240,0.6063,1.0576,-0.3264,0.0824,-0.6456,-0.375000,-0.574000,0.347800,-0.639500,-2.5070,-1.4054,9.0413,-0.0003,-5.4946,-0.1942,-0.273400,0.532700,-0.172400,-0.782100,-2.4720,2.1514,9.0784,-0.1247,0.2506,-0.0961,0.896800,0.032300,0.159600,0.411400,False,True,True,Straight,1.000,-0.28,1.000,True,,,False,,,False
1783432874909,1526,6.9172,0.1584,0.9828,-0.3356,0.1582,-0.6143,-0.382900,-0.573800,0.345300,-0.636300,-4.7093,-2.2977,9.7820,-0.3801,-6.9025,-0.1824,-0.286400,0.464800,-0.143000,-0.825500,-2.6611,1.7810,9.0853,-0.1561,0.2217,-0.1200,0.897100,0.029100,0.161400,0.410300,False,True,True,Straight,1.000,-0.28,1.000,True,,,False,,,False
1783432874919,1527,6.7399,-0.1337,0.9187,-0.3274,0.2372,-0.5263,-0.390500,-0.572700,0.342900,-0.634000,-4.9058,-2.2047,8.2081,-0.2945,-7.6061,-0.1821,-0.298900,0.385400,-0.110700,-0.865900,-2.5586,1.5834,9.0839,-0.1245,0.2185,-0.1066,0.897200,0.026300,0.163300,0.409400,False,True,True,Straight,1.000,-0.28,1.000,True,,,False,,,False
1783432874930,1528,7.1315,-0.1207,0.9011,-0.3179,0.2841,-0.3806,-0.396900,-0.570500,0.341300,-0.632800,-5.1308,-1.1608,8.6041,-0.4396,-7.5725,-0.0482,-0.306400,0.303300,-0.076700,-0.899000,-2.6484,1.5920,9.0788,-0.0914,0.2253,-0.1025,0.897400,0.023800,0.165500,0.408400,False,True,True,Straight,1.000,-0.28,1.000,True,,,False,,,False
1783432874940,1529,7.6580,0.3286,0.5544,-0.2459,0.1720,-0.2342,-0.401300,-0.569000,0.340700,-0.631800,-7.5184,-0.8037,13.2790,-1.5523,-7.0423,0.2024,-0.303800,0.228500,-0.032500,-0.924400,-2.6540,1.8000,9.1229,-0.0944,0.2258,-0.1426,0.897700,0.021200,0.167700,0.406900,False,True,True,Straight,1.000,-0.28,1.000,True,,,False,,,False
1783432874950,1530,8.1006,0.4099,-0.2606,-0.2359,-0.1348,-0.0604,-0.402800,-0.569100,0.342700,-0.629600,-12.8698,-4.2615,17.1278,-3.2156,-6.1961,-0.4477,-0.301100,0.168200,0.029800,-0.938200,-2.6123,1.5929,9.1725,-0.1176,0.2309,-0.1966,0.898300,0.018200,0.169800,0.404900,False,True,True,Straight,1.000,-0.28,1.000,True,,,False,,,False
1783432874961,1531,8.4579,-0.0875,-0.8237,-0.1620,-0.4446,0.0851,-0.401400,-0.571500,0.346800,-0.626100,-22.8651,-5.4229,20.2589,-3.7619,-5.3358,-2.3651,-0.317800,0.118000,0.099100,-0.935500,-2.9483,1.6091,9.3691,-0.0960,0.3109,-0.2383,0.898900,0.014900,0.172900,0.402400,False,True,True,Straight,1.000,-0.28,1.000,True,,,False,,,False
1783432874972,1532,8.6684,0.1411,-0.8761,0.0241,-0.6321,0.1981,-0.396900,-0.575700,0.351200,-0.622700,-31.0882,-3.1511,14.7817,-1.0765,-4.8817,-3.4078,-0.349100,0.060500,0.136100,-0.925200,-3.0308,1.5908,9.3522,-0.0382,0.3677,-0.2245,0.899200,0.012100,0.177000,0.399900,False,True,True,Straight,1.000,-0.28,1.000,True,,,False,,,False
1783432874983,1533,10.2235,0.1596,-0.4420,-0.0094,-0.4907,0.3026,-0.392400,-0.578100,0.355800,-0.620600,-29.0385,1.3042,1.2413,1.7326,-4.2985,-3.0899,-0.378000,-0.002300,0.137000,-0.915600,-2.6838,1.4394,9.4560,-0.0390,0.5489,-0.2350,0.899200,0.008300,0.183000,0.397300,False,True,True,Straight,1.000,-0.28,1.000,True,,,False,14.75,,False
1783432874993,1534,11.5327,0.7229,-0.3048,0.0739,-0.2284,0.2579,-0.388800,-0.579100,0.358200,-0.620500,-25.1607,13.7255,-6.2036,-0.1370,-2.3845,-1.0425,-0.385800,-0.030800,0.149900,-0.909800,-2.4427,1.4134,9.5784,0.0096,0.8730,-0.2645,0.898500,0.003300,0.193000,0.394300,False,True,True,Straight,1.000,-0.28,1.000,True,,,False,,,False
1783432875003,1535,11.0302,0.5769,-0.8441,0.1540,-0.1643,0.1206,-0.386000,-0.580600,0.358700,-0.620600,-23.7103,-2.1047,-9.1965,-1.3433,0.2698,0.0158,-0.386600,-0.021200,0.164000,-0.907300,-2.5846,0.6171,9.7924,0.1446,1.4363,-0.1930,0.895900,-0.002700,0.209800,0.391700,False,False,True,Straight,1.000,2.42,0.999,True,,,False,,,False
1783432875013,1536,10.8429,1.1451,-0.6923,0.0111,-0.0299,0.0671,-0.385300,-0.580700,0.359200,-0.620800,-5.2244,1.4434,7.5718,0.4079,2.9042,-0.9086,-0.402500,0.008000,0.145100,-0.903800,-3.2055,1.1922,9.7352,0.3118,2.0355,-0.2032,0.891300,-0.009800,0.234100,0.388300,False,False,True,Straight,1.000,2.42,0.999,True,,,False,,,False
1783432875023,1537,11.0731,1.6813,0.0417,-0.0259,-0.1428,0.0044,-0.384800,-0.581700,0.360100,-0.619600,1.2711,4.0054,14.0968,-0.6328,2.8178,-0.2406,-0.410100,0.042700,0.138100,-0.900500,-2.7498,2.3045,9.5722,0.3242,2.9455,-0.2840,0.883500,-0.021400,0.268400,0.383400,False,False,True,Straight,1.000,2.42,0.999,True,,,False,,,False
1783432875034,1538,11.1808,0.7154,1.7205,0.0706,-0.3244,-0.1671,-0.384100,-0.585300,0.359900,-0.616700,-5.7988,-1.2404,14.4270,-0.3933,3.6164,0.8521,-0.406100,0.087000,0.123400,-0.901300,-1.9623,3.3565,10.1380,0.1107,4.4289,-0.6897,0.870600,-0.043700,0.317200,0.373500,False,False,True,Straight,1.000,2.42,0.999,True,,,False,,,False
1783432875045,1539,10.8808,-0.6506,3.2071,0.2009,-0.5938,-0.3112,-0.382400,-0.592200,0.358900,-0.611800,-9.7523,-11.9343,15.5876,1.0276,2.4093,0.6500,-0.403400,0.109900,0.098900,-0.903000,-3.3297,3.6234,10.2320,-0.3163,6.2735,-1.4015,0.849300,-0.081900,0.382200,0.354800,False,False,True,Straight,1.000,2.42,0.999,True,,,False,,,False
1783432875055,1540,11.1279,-0.7396,2.9018,0.2305,-0.2251,-0.2881,-0.381800,-0.596400,0.356100,-0.609700,-3.7591,2.0481,14.1390,1.6459,1.1113,0.4929,-0.401300,0.114900,0.074100,-0.905700,-7.2477,2.3018,14.3933,-0.6135,8.2671,-2.2001,0.814200,-0.135100,0.462600,0.323800,False,False,True,Straight,1.000,2.42,0.999,True,,,False,,,False
1783432875065,1541,11.4381,0.4065,3.5131,-0.0604,0.2242,-0.2450,-0.385100,-0.595500,0.353600,-0.610000,-3.5616,-1.9890,12.0373,1.1238,0.3126,0.2411,-0.400500,0.113200,0.059500,-0.907300,-14.0673,3.6256,18.9900,0.5428,8.7553,-2.5488,0.769600,-0.178800,0.546400,0.277900,False,False,True,Straight,1.000,2.42,0.999,True,,,False,,,False
1783432875076,1542,11.4224,1.4481,3.4733,-0.2076,0.3591,-0.3508,-0.390900,-0.593300,0.350800,-0.610000,-2.0836,-1.5564,10.3053,0.4936,0.0185,0.0798,-0.400300,0.111100,0.053700,-0.908000,-12.5092,6.5426,18.8708,-0.2890,7.5222,-2.9641,0.724000,-0.227000,0.608200,0.233100,False,False,True,Straight,1.000,2.42,0.999,True,,,False,,,False
1783432875086,1543,11.9312,0.8886,2.8829,-0.3534,0.3897,-0.3675,-0.398000,-0.590200,0.348800,-0.609500,-1.6663,-1.6800,9.7229,0.1856,0.1139,0.0349,-0.400200,0.111600,0.051000,-0.908200,-9.5372,1.4183,24.7788,0.1886,4.4817,-2.9835,0.697700,-0.260500,0.639400,0.191400,False,False,True,Straight,1.000,2.42,0.999,True,,,False,,,False
1783432875096,1544,11.9313,-0.7272,2.2845,-0.2805,0.3102,-0.1183,-0.402300,-0.587000,0.348500,-0.610000,-1.4754,-1.8737,9.3857,0.1648,0.2107,0.0507,-0.400000,0.113400,0.048100,-0.908200,-3.0476,8.0905,22.8002,2.2355,-2.0414,-1.7379,0.724800,-0.249700,0.620500,0.164900,False,False,True,Straight,1.000,2.42,0.999,True,,,False,,,False
1783432875106,1545,10.6991,-1.2045,1.6440,-0.1088,0.1653,0.2406,-0.402000,-0.584200,0.350200,-0.611900,-1.8339,-1.6274,9.6443,0.1555,0.2861,0.0358,-0.400000,0.116000,0.044900,-0.908000,4.5306,8.8212,7.9169,1.4132,-3.2295,-0.5254,0.754800,-0.234100,0.591800,0.159100,False,False,True,Straight,1.000,2.42,0.999,True,,,False,,,False
1783432875117,1546,8.8491,-1.0213,0.9707,-0.0171,0.1415,0.4231,-0.399500,-0.581200,0.352700,-0.615000,-2.0147,-1.6851,9.6341,0.0857,0.2613,0.0390,-0.399800,0.118700,0.042600,-0.907900,0.9478,5.6022,8.0475,0.8392,-3.3623,0.5823,0.780400,-0.214900,0.562600,0.168100,True,False,True,Straight,1.000,2.42,0.999,True,,,False,,,False
1783432875127,1547,8.2049,-0.7704,0.7598,0.0373,0.1237,0.4501,-0.396300,-0.578400,0.355000,-0.618300,-1.8418,-1.6429,9.4498,0.0613,0.2319,0.0575,-0.399400,0.121200,0.040700,-0.907800,-2.8500,4.0861,10.4152,0.7579,-4.5611,1.4312,0.810200,-0.187400,0.522400,0.188700,True,False,True,Straight,1.000,2.42,0.999,True,,,False,,,False
1783432875137,1548,7.5328,-0.7084,0.5732,0.1213,0.0977,0.3610,-0.393000,-0.576700,0.356200,-0.621400,-1.9401,-1.6850,9.3644,0.0663,0.2107,0.0745,-0.398800,0.123400,0.038800,-0.907900,-4.1085,1.6343,9.4896,0.6587,-5.8187,1.8111,0.843200,-0.154500,0.467500,0.215900,True,False,True,Straight,1.000,2.42,0.999,True,,,False,,,False
1783432875147,1549,7.0787,-0.7414,0.4201,0.1922,0.0927,0.2692,-0.389900,-0.575700,0.356100,-0.624200,-1.8760,-1.4600,9.3421,0.0388,0.2079,0.0796,-0.398000,0.125800,0.037200,-0.907900,-4.6516,-0.4446,8.5951,1.0910,-6.3601,1.8387,0.874600,-0.114500,0.405100,0.240500,True,False,True,Straight,1.000,2.42,0.999,True,,,False,,,False
1783432875157,1550,7.0089,-0.5479,0.2399,0.1979,0.0651,0.1661,-0.387500,-0.575500,0.355400,-0.626400,-1.9013,-1.3434,9.3722,-0.0149,0.2559,0.0732,-0.397300,0.128900,0.036100,-0.907900,-6.3734,-0.2438,10.4074,1.4990,-6.4550,1.6316,0.901400,-0.069900,0.339700,0.259100,True,False,True,Straight,1.000,2.42,0.999,True,,,False,,,False
1783432875167,1551,7.0777,-0.2616,-0.1485,0.1599,0.0281,0.0395,-0.386100,-0.575900,0.354300,-0.627500,-2.0332,-1.4347,9.3223,-0.0523,0.2770,0.0777,-0.396500,0.132500,0.035200,-0.907800,-8.2964,-0.6649,11.2018,2.1339,-6.0909,1.4636,0.921400,-0.019600,0.277800,0.271000,True,False,True,Straight,1.000,2.42,0.999,True,,,False,,,False
1783432875178,1552,7.2570,-0.2984,-0.8005,0.0272,-0.0427,-0.0623,-0.386200,-0.576700,0.353800,-0.627000,-2.2837,-1.4842,9.3103,-0.0594,0.2573,0.1010,-0.395300,0.135900,0.034500,-0.907800,-15.5772,1.5467,19.6007,2.9408,-5.2452,1.8169,0.931400,0.038500,0.226700,0.282200,True,False,True,Straight,1.000,2.42,0.999,True,,,False,,,False
1783432875189,1553,7.5544,-0.9022,-0.6493,-0.0448,-0.0679,-0.1410,-0.387300,-0.577600,0.353400,-0.625700,-2.2604,-1.7264,9.2992,-0.0585,0.1875,0.1080,-0.394100,0.138400,0.034100,-0.908000,-20.5794,0.9854,19.7520,2.6972,-5.3781,2.4247,0.933700,0.095700,0.171500,0.299300,True,False,True,Straight,1.000,2.42,0.999,True,,,False,,,False
1783432875200,1554,8.3924,-0.7448,0.0553,0.0526,-0.0433,-0.2617,-0.388700,-0.579400,0.351300,-0.624300,-2.4454,-1.7583,9.4135,-0.0242,0.1680,0.0928,-0.393000,0.140600,0.033400,-0.908100,-28.3838,2.4166,15.2368,1.6162,-5.1492,2.1765,0.932200,0.138300,0.114200,0.314300,True,False,True,Straight,1.000,2.42,0.999,True,,,False,,,False
1783432875210,1555,10.7202,-0.1229,0.8837,0.0832,-0.0366,-0.3274,-0.390500,-0.581500,0.348400,-0.622800,-2.0264,-1.7600,9.3593,-0.0201,0.2254,0.0645,-0.392400,0.143400,0.032500,-0.908000,-25.8997,-4.4416,-0.3877,0.6947,-4.7186,1.6542,0.929400,0.167100,0.058700,0.323700,True,False,True,Straight,1.000,2.42,0.999,True,-10.69,,False,,,False
1783432875221,1556,11.8178,0.0376,1.2252,0.1798,-0.0963,-0.2155,-0.390400,-0.584100,0.345900,-0.621900,-1.7881,-1.8031,9.2788,0.0099,0.4045,0.0990,-0.391400,0.148100,0.030300,-0.907700,-26.4113,-8.4965,-8.6160,1.9383,-2.8243,0.9556,0.922700,0.201600,0.031600,0.327100,True,False,True,Straight,1.000,2.42,0.999,True,,,False,,,False
1783432875231,1557,10.5622,1.0482,-0.0914,-0.0068,-0.1494,-0.0857,-0.390500,-0.585700,0.346000,-0.620300,-1.7292,-1.6068,9.4679,-0.0011,0.7098,0.1768,-0.389700,0.156400,0.026500,-0.907200,-23.0131,-2.5341,-9.1145,0.4725,-0.3452,0.3340,0.920200,0.208600,0.028700,0.329900,True,False,True,Straight,1.000,2.42,0.999,True,,,False,,,False
1783432875242,1558,10.1235,-0.0124,-1.7920,-0.0767,-0.2107,0.0959,-0.389300,-0.586500,0.348300,-0.618900,-1.2108,-1.9437,9.8001,0.0494,1.1769,0.2972,-0.386700,0.169700,0.019700,-0.906200,-9.1698,4.1069,6.3273,-2.3794,1.6606,0.6491,0.922600,0.174400,0.036300,0.342200,False,False,True,Straight,1.000,2.42,0.999,True,,,False,,,False
1783432875253,1559,10.6586,-2.0892,-1.4452,0.2548,-0.3126,0.0876,-0.385400,-0.589800,0.348500,-0.618200,-1.8834,-1.3633,9.9836,0.0904,1.9298,0.3998,-0.382700,0.191200,0.008600,-0.903800,6.8991,1.0029,12.1486,-2.5548,1.4819,1.0963,0.922100,0.139000,0.040100,0.359000,False,False,True,Straight,1.000,2.42,0.999,True,,,False,,,False
1783432875263,1560,11.4874,-1.5829,-0.7366,0.7043,-0.3260,0.0239,-0.378600,-0.595600,0.344800,-0.618900,-1.4454,-2.3165,9.7710,0.1164,3.0262,0.6082,-0.376200,0.224900,-0.008600,-0.898800,0.5107,-9.5723,7.7585,-0.4284,3.4408,0.9796,0.915800,0.118900,0.076200,0.376000,False,False,True,Straight,1.000,2.42,0.999,True,,,False,,,False
1783432875274,1561,11.2225,-0.4521,1.3885,0.7815,-0.2909,0.0436,-0.371100,-0.601400,0.340400,-0.620300,0.1669,-3.2767,9.7248,0.3980,4.8653,1.1374,-0.363200,0.277200,-0.039000,-0.888700,-6.3184,-10.8339,14.0273,0.5457,3.7897,-0.5954,0.913100,0.106600,0.122900,0.373800,False,False,True,Straight,0.900,2.42,0.999,True,,,False,,,False
1783432875284,1562,12.1471,2.2068,4.5213,0.4281,0.0094,0.2036,-0.366300,-0.602500,0.338500,-0.623100,-2.5979,-1.8638,10.6301,0.8385,7.0970,1.8613,-0.340500,0.350100,-0.086700,-0.868300,-12.7864,20.2554,16.3776,-0.9938,2.8089,-0.4300,0.911600,0.081300,0.150900,0.373800,False,False,True,Straight,1.000,2.42,0.999,True,,,False,,,False
1783432875294,1563,13.0775,4.5892,3.7900,-0.1859,0.0591,0.5269,-0.363800,-0.598900,0.343600,-0.625200,-6.1884,-1.8621,16.9305,0.3502,9.1504,2.5205,-0.302400,0.442600,-0.139600,-0.832600,-6.8999,-6.5698,15.7844,-1.0550,1.2385,-0.3806,0.911900,0.062700,0.160500,0.372500,False,False,True,Straight,1.000,2.42,0.999,True,,,False,,,False
1783432875305,1564,10.5903,1.4157,3.0557,-0.2363,0.1117,0.6498,-0.361000,-0.594200,0.349800,-0.627900,-13.1643,-1.8502,19.5317,-0.4861,9.1776,2.4589,-0.256000,0.532300,-0.181700,-0.786200,-4.2569,1.4180,11.1704,-0.5264,0.4437,-0.1058,0.911900,0.054300,0.163200,0.372500,False,False,True,Straight,1.000,2.42,0.999,True,,,False,,,False
1783432875316,1565,10.1728,-1.5194,3.2019,-0.1093,0.1988,0.5593,-0.358200,-0.589700,0.353900,-0.631400,-9.4809,-5.2827,17.9260,0.7839,7.0000,2.6226,-0.218500,0.590200,-0.228200,-0.742900,-3.3034,1.8915,10.3087,-0.0583,0.0664,-0.0121,0.911900,0.053200,0.163800,0.372400,False,False,True,Straight,1.000,2.42,0.999,True,,,False,,,False
1783432875326,1566,11.6315,-0.5523,2.5832,-0.0723,0.3082,0.2342,-0.358200,-0.585900,0.354800,-0.634400,-10.8241,-2.8414,30.0404,0.4930,3.0077,2.0709,-0.194000,0.610200,-0.255900,-0.724200,-2.9074,2.1156,9.5975,0.2415,0.0550,0.0550,0.911500,0.055700,0.165600,0.372500,False,False,True,Straight,1.000,2.42,0.999,True,,,False,,,False
1783432875337,1567,10.7261,1.7831,1.9768,-0.1029,0.2296,-0.1166,-0.360900,-0.584200,0.353600,-0.635100,0.0570,-8.9549,15.5020,-0.9135,-2.6271,0.0072,-0.195300,0.588200,-0.240900,-0.746900,-2.8489,1.9896,9.5533,0.3234,0.0433,0.0627,0.910900,0.059200,0.167600,0.372400,False,False,True,Straight,1.000,2.42,0.999,True,,,False,,,False
1783432875347,1568,9.0336,2.1537,1.4055,-0.2918,0.1840,-0.3814,-0.366800,-0.583100,0.352300,-0.633500,3.8006,-4.9277,3.6264,-0.1898,-2.7787,-1.1310,-0.212700,0.565600,-0.223700,-0.764800,-2.8121,2.0206,9.5192,0.5023,0.0115,0.1063,0.910000,0.065000,0.170100,0.372400,False,False,True,Straight,1.000,2.42,0.999,True,,,False,,,False
1783432875358,1569,8.5851,1.5753,1.0788,-0.5014,0.1860,-0.5219,-0.375400,-0.581600,0.351600,-0.630200,0.8560,-2.0796,5.9339,-0.0195,-2.9976,-1.4834,-0.235000,0.540500,-0.204600,-0.781500,-2.5180,2.4214,9.0524,0.5363,0.0094,0.1160,0.909100,0.071200,0.172600,0.372500,False,True,True,Straight,1.000,2.42,0.999,True,,,False,,,False
1783432875368,1570,8.2916,0.5397,0.9359,-0.5263,0.1544,-0.5126,-0.383900,-0.580200,0.351200,-0.626600,-2.2154,-1.5267,9.9043,-0.1412,-4.3070,-1.5236,-0.259600,0.501700,-0.179700,-0.805400,-2.3486,2.7934,8.5694,0.3644,0.0130,0.0644,0.908500,0.075300,0.174500,0.372300,False,True,True,Straight,1.000,2.42,0.999,True,,,False,,,False
1783432875379,1571,7.4735,-0.0485,0.7530,-0.5174,0.1779,-0.4538,-0.392000,-0.578300,0.351100,-0.623400,-3.0060,-0.8495,9.3147,-0.2070,-5.7256,-1.3925,-0.284500,0.446300,-0.149600,-0.835100,-2.1873,2.8809,8.4782,0.0650,0.0715,-0.0305,0.908400,0.075500,0.175700,0.371700,False,True,True,Straight,1.000,2.42,0.999,True,,,False,,,False
1783432875389,1572,7.5402,-0.2680,0.5063,-0.4759,0.2033,-0.4071,-0.399400,-0.576200,0.350800,-0.620800,-3.7668,-0.0027,8.5055,-0.4091,-6.2782,-1.0988,-0.304500,0.382700,-0.116100,-0.864400,-2.4603,2.4899,8.7979,-0.1386,0.1140,-0.1025,0.908800,0.073100,0.176500,0.370800,False,True,True,Straight,1.000,2.42,0.999,True,,,False,,,False
1783432875400,1573,8.1369,-0.1083,0.2838,-0.4128,0.1891,-0.3279,-0.405700,-0.574100,0.350600,-0.618700,-5.5366,-0.1777,10.4926,-0.7407,-6.3881,-0.7397,-0.317300,0.316200,-0.079600,-0.890500,-2.6087,2.3268,9.0213,-0.2199,0.1250,-0.1304,0.909400,0.069600,0.177100,0.369800,False,True,True,Straight,1.000,2.42,0.999,True,,,False,,,False
1783432875410,1574,8.7894,0.2700,-0.0454,-0.3499,0.0938,-0.1714,-0.410000,-0.572400,0.351600,-0.617000,-8.0317,-2.3658,13.0291,-1.1690,-6.3726,-0.6554,-0.325300,0.249300,-0.038200,-0.911300,-2.6783,2.3928,9.0891,-0.2361,0.1155,-0.1426,0.910100,0.066000,0.177500,0.368700,False,True,True,Straight,1.000,2.42,0.999,True,,,False,,,False
1783432875420,1575,9.0683,0.0975,-0.5302,-0.2861,-0.0256,0.0008,-0.411900,-0.571100,0.353900,-0.615600,-11.3094,-5.5675,15.2614,-1.9825,-5.5755,-1.2725,-0.335400,0.193600,0.011300,-0.921900,-2.6847,2.2820,9.0783,-0.2288,0.1002,-0.1436,0.910700,0.062500,0.177700,0.367500,False,True,True,Straight,1.000,2.42,0.999,True,,,False,,,False
1783432875430,1576,8.9226,0.1076,-0.4916,-0.2105,-0.1750,0.1059,-0.411800,-0.570900,0.357100,-0.613900,-20.3341,-10.1624,18.3978,-2.6023,-4.6126,-3.2041,-0.364400,0.150100,0.068600,-0.916500,-2.6848,2.4372,8.9900,-0.2331,0.1202,-0.1314,0.911300,0.058900,0.178200,0.366500,False,True,True,Straight,1.000,2.42,0.999,True,,,False,,,False
1783432875440,1577,8.5947,0.5061,-0.3736,-0.1748,-0.4312,0.2132,-0.409400,-0.572400,0.362200,-0.611200,-29.9588,-9.0401,13.4638,-0.5220,-4.0296,-4.6502,-0.412200,0.101700,0.101700,-0.899600,-2.5200,2.5338,9.0039,-0.2416,0.2111,-0.1078,0.911600,0.054800,0.179600,0.365800,False,True,True,Straight,1.000,2.42,0.999,True,,,False,,,False
1783432875451,1578,9.3586,0.8575,0.0140,-0.3041,-0.4214,0.3164,-0.407200,-0.572700,0.368900,-0.608400,-28.6065,-2.5260,2.3812,1.9056,-3.6526,-4.5208,-0.459700,0.044700,0.104800,-0.880700,-2.5298,2.3442,9.1978,-0.2875,0.2708,-0.1417,0.911800,0.049900,0.181500,0.364900,False,True,True,Straight,1.000,2.42,0.999,True,,,False,8.09,,False
1783432875461,1579,10.9338,0.6577,0.3369,-0.2780,-0.2412,0.2755,-0.406000,-0.571800,0.374200,-0.606800,-24.4347,10.6790,-2.7220,0.8766,-2.7622,-2.7424,-0.486300,0.005700,0.112700,-0.866500,-2.5544,1.9583,9.2300,-0.2804,0.3922,-0.1923,0.912000,0.044400,0.184900,0.363400,False,True,True,Straight,1.000,2.42,0.999,True,,,False,,,False
1783432875471,1580,10.4395,0.4679,-0.2641,-0.1969,-0.1892,0.1511,-0.405400,-0.571600,0.377700,-0.605300,-22.7110,7.3886,-4.9994,-2.0153,-1.4223,-0.5255,-0.489700,0.001800,0.143200,-0.860000,-3.0644,2.0338,9.3235,-0.2105,0.5629,-0.2059,0.911800,0.038900,0.190500,0.361700,False,True,True,Straight,1.000,2.42,0.999,True,,,False,,,False
1783432875481,1581,9.8693,0.8987,-0.6776,-0.2546,-0.0942,0.0224,-0.406500,-0.570900,0.380200,-0.603500,-6.7964,-3.8114,-2.9330,-0.4004,1.9776,-0.4190,-0.497600,0.024900,0.135500,-0.856400,-2.8491,1.8825,9.4154,-0.1597,0.7595,-0.2496,0.911200,0.032900,0.198600,0.359500,False,True,True,Straight,1.000,2.42,0.999,True,,,False,,,False
1783432875491,1582,9.9782,1.8944,-0.1624,-0.3735,-0.1531,-0.0512,-0.408900,-0.570400,0.383400,-0.600400,3.8253,0.1904,13.9654,-0.4905,2.0820,-0.2086,-0.503100,0.050000,0.127900,-0.853300,-2.7057,1.7260,9.6557,-0.0507,1.1062,-0.3797,0.910100,0.026300,0.211100,0.355600,False,False,True,Straight,1.000,-0.57,0.999,True,,,False,,,False
1783432875501,1583,10.4618,1.6972,0.0757,-0.4767,-0.2264,-0.1767,-0.412500,-0.570600,0.386900,-0.595500,-2.6099,1.5761,9.4109,-0.5681,3.2333,0.5692,-0.501400,0.089000,0.113300,-0.853100,-1.1242,2.6689,10.3051,-0.0807,2.0459,-0.5962,0.907100,0.014700,0.234200,0.349400,False,False,True,Straight,1.000,-0.57,0.999,True,,,False,,,False
1783432875513,1584,10.5194,0.5716,1.6322,-0.3663,-0.3351,-0.2465,-0.415300,-0.572400,0.389500,-0.590100,-7.7088,-6.4743,16.6304,-0.1608,3.0562,0.9059,-0.495500,0.124000,0.094800,-0.854500,-1.7565,1.9004,10.2652,-0.0369,3.6143,-0.7747,0.899000,-0.003900,0.274900,0.340900,False,False,True,Straight,1.000,-0.57,0.999,True,,,False,,,False
1783432875523,1585,11.3062,-1.7026,2.2700,-0.1485,-0.4396,-0.2852,-0.416300,-0.576200,0.390900,-0.584700,-6.4151,-5.3433,13.9181,1.4230,1.3524,0.4938,-0.493800,0.130300,0.070500,-0.856800,-0.1692,3.1050,10.9444,-0.0926,5.9725,-1.1397,0.880800,-0.034300,0.340700,0.327000,False,False,True,Straight,1.000,-0.57,0.999,True,,,False,,,False
1783432875534,1586,12.0768,-1.6052,2.7350,-0.0501,-0.0311,-0.2684,-0.418500,-0.577500,0.389400,-0.582800,-4.3007,-1.8868,12.1399,1.0835,0.4124,0.3545,-0.492100,0.128500,0.055900,-0.859200,-5.5447,2.4677,12.3687,-0.2297,8.4004,-1.5456,0.846300,-0.077600,0.429500,0.305400,False,False,True,Straight,1.000,-0.57,0.999,True,,,False,,,False
1783432875544,1587,11.3128,0.9049,3.5444,-0.1547,0.1496,-0.3213,-0.422600,-0.577200,0.387400,-0.581500,-3.1141,-1.6808,11.2896,0.7920,0.0057,0.1282,-0.492000,0.123900,0.047200,-0.860500,-12.0834,2.9998,18.5066,0.8850,8.8501,-2.2175,0.802700,-0.113400,0.521300,0.266600,False,False,True,Straight,1.000,-0.57,0.999,True,,,False,,,False
1783432875555,1588,10.5277,1.9543,2.8596,-0.4260,0.2588,-0.4953,-0.430500,-0.575500,0.385500,-0.578700,-1.8246,-1.5557,9.9691,0.4107,-0.1059,0.0448,-0.492000,0.120400,0.043400,-0.861100,-13.1236,7.3915,18.3565,0.3550,7.4854,-2.8457,0.760000,-0.152700,0.590800,0.223800,False,False,True,Straight,1.000,-0.57,0.999,True,,,False,,,False
1783432875565,1589,11.3645,0.8048,2.1863,-0.7231,0.3143,-0.4971,-0.440800,-0.571700,0.385400,-0.574700,-1.2005,-2.0331,9.2434,0.3474,-0.0395,0.0925,-0.491500,0.118000,0.039900,-0.861900,-7.1404,3.2218,18.7930,0.3988,4.8087,-2.9188,0.731600,-0.183500,0.630400,0.183300,False,False,True,Straight,0.900,-0.57,0.999,True,,,False,,,False
1783432875576,1590,11.7501,-0.7219,1.6244,-0.6478,0.2282,-0.1804,-0.447800,-0.567400,0.387500,-0.572200,-1.3369,-2.1858,9.1192,0.4788,0.1124,0.1558,-0.490600,0.116500,0.033800,-0.862900,-5.7211,6.1113,23.4224,1.6734,-1.6947,-1.9146,0.752800,-0.179300,0.613800,0.156300,False,False,True,Straight,1.000,-0.57,0.999,True,,,False,,,False
1783432875586,1591,10.7332,-1.4163,1.1070,-0.5258,0.1223,0.1949,-0.450700,-0.562600,0.391900,-0.571600,-1.8059,-1.6339,9.6474,0.4523,0.2153,0.1463,-0.489700,0.116300,0.027500,-0.863700,4.5946,6.0873,5.7777,1.3370,-3.0657,-1.3015,0.781200,-0.170500,0.583900,0.140500,True,False,True,Straight,1.000,-0.57,0.999,True,,,False,,,False
1783432875596,1592,9.6878,-1.0468,0.7076,-0.4652,0.0935,0.3632,-0.451800,-0.557500,0.397200,-0.572100,-1.8519,-1.3543,9.6349,0.2796,0.2814,0.1222,-0.488900,0.117800,0.022700,-0.864100,-0.5613,4.1443,7.1376,1.1332,-3.4255,-0.8062,0.809300,-0.159000,0.549900,0.131500,True,False,True,Straight,1.000,-0.57,0.999,True,,,False,,,False
1783432875607,1593,8.6560,-0.3541,0.5168,-0.4394,0.0734,0.2757,-0.453200,-0.553200,0.401800,-0.571900,-2.0880,-1.2127,9.7160,0.1041,0.2811,0.1067,-0.488000,0.120400,0.019700,-0.864300,-3.2109,3.9682,8.9618,1.3868,-4.9867,-0.0872,0.844900,-0.137000,0.500200,0.130700,True,False,True,Straight,1.000,-0.57,0.999,True,,,False,,,False
1783432875617,1594,8.0640,0.0148,0.5325,-0.4592,0.0442,0.1268,-0.455700,-0.549600,0.405700,-0.570700,-2.1061,-1.3166,9.5146,0.0382,0.2355,0.0931,-0.487100,0.122900,0.017800,-0.864500,-2.4432,0.9411,5.4017,1.8246,-6.2183,0.3884,0.883600,-0.104700,0.436400,0.133600,True,False,True,Straight,1.000,-0.57,0.999,True,,,False,,,False
1783432875628,1595,7.7674,0.2217,0.5478,-0.5021,0.0213,0.0345,-0.458900,-0.546500,0.409400,-0.568500,-2.0167,-1.0901,9.5332,-0.0045,0.2047,0.0797,-0.486200,0.125300,0.016600,-0.864700,-1.3340,-2.7410,0.2080,3.0555,-5.3131,0.1596,0.913800,-0.060800,0.381600,0.125200,True,False,True,Straight,1.000,-0.57,0.999,True,,,False,,,False
1783432875639,1596,7.4816,0.2816,0.3388,-0.6222,-0.0001,0.0185,-0.463000,-0.542800,0.413900,-0.565400,-2.0537,-1.2310,9.3474,-0.0471,0.2021,0.0750,-0.485400,0.127900,0.015800,-0.864800,-7.3074,-1.3790,6.4676,3.7512,-4.0253,-0.0955,0.933900,-0.011900,0.340300,0.109000,True,False,True,Straight,1.000,-0.57,0.999,True,,,False,,,False
1783432875649,1597,7.1502,-0.1394,0.1292,-0.7655,-0.0402,0.0007,-0.468000,-0.538700,0.419500,-0.561200,-2.0974,-1.5685,9.2116,-0.0700,0.1731,0.0775,-0.484400,0.130300,0.015400,-0.864900,-11.0144,-4.4222,12.6901,4.0625,-3.9396,-0.0113,0.949000,0.040900,0.298800,0.091800,True,False,True,Straight,0.900,-0.57,0.999,True,,,False,,,False
1783432875659,1598,7.5550,-0.6134,0.1519,-0.8539,0.0420,-0.0605,-0.474300,-0.533700,0.424800,-0.556600,-2.3298,-1.7113,9.2953,-0.0459,0.1205,0.0821,-0.483500,0.132100,0.015100,-0.865200,-14.7350,-7.5286,14.4269,4.6355,-4.3683,-0.5585,0.960600,0.098700,0.251400,0.065300,True,False,True,Straight,0.800,-0.57,0.999,True,,,False,,,False
1783432875669,1599,8.8369,-0.9302,0.4866,-0.8576,0.0858,-0.1626,-0.481500,-0.528900,0.429100,-0.551600,-2.4479,-1.1115,9.5786,-0.1138,0.0393,-0.0111,-0.483400,0.133300,0.016200,-0.865000,-16.7068,-10.3141,13.0688,4.7089,-4.6943,-1.4701,0.967300,0.154100,0.199600,0.026800,True,False,True,Straight,0.700,-0.57,0.999,True,,,False,,,False
1783432875680,1600,9.8751,-0.3461,0.5844,-0.7163,-0.0222,-0.2962,-0.488200,-0.526300,0.432100,-0.545900,-1.9017,-1.5841,9.4043,-0.1699,0.0629,-0.0696,-0.483800,0.135100,0.017900,-0.864500,-15.5860,-11.7636,8.3706,4.2797,-4.2362,-1.9802,0.967300,0.201800,0.152900,-0.016100,True,False,True,Straight,0.600,-0.57,0.999,True,,,False,,,False
1783432875690,1601,10.0651,0.9172,0.1020,-0.6705,-0.1335,-0.4684,-0.495000,-0.525600,0.434400,-0.538500,-1.6888,-1.7092,9.3399,-0.1498,0.1922,-0.0309,-0.483900,0.138300,0.018500,-0.863900,-16.0787,-7.8745,5.7862,3.0181,-2.9605,-1.8731,0.963400,0.233700,0.120800,-0.052100,True,False,True,Straight,0.500,-0.57,0.999,True,,,False,,,False
1783432875701,1602,10.0973,1.6146,-0.6595,-0.7623,-0.0731,-0.5859,-0.503500,-0.524600,0.436100,-0.530300,-1.7332,-1.5240,9.4376,-0.1421,0.3550,0.0133,-0.483600,0.143100,0.017900,-0.863300,-15.2631,-2.3711,-0.6566,1.2198,-1.0743,-0.4023,0.961000,0.247000,0.108100,-0.062100,True,False,True,Straight,0.400,-0.57,0.999,True,,,False,,,False
1783432875711,1603,10.0159,0.7780,-0.3197,-0.7189,-0.0761,-0.5155,-0.511100,-0.523400,0.437900,-0.522600,-1.5460,-1.3952,9.4124,-0.1901,0.6000,0.0752,-0.482600,0.150800,0.016300,-0.862600,-13.8460,-0.5380,2.1454,0.0344,0.5429,1.3071,0.961000,0.249400,0.110500,-0.044900,True,False,True,Straight,0.300,-0.57,0.999,True,,,False,,,False
1783432875721,1604,10.0209,-1.2586,0.3653,-0.5216,-0.0994,-0.3477,-0.516200,-0.522600,0.439600,-0.516900,-1.5890,-1.5445,9.6038,-0.3375,0.9728,0.2181,-0.479700,0.163500,0.013700,-0.861900,-5.3341,6.0941,13.4073,-2.9961,1.5791,1.1999,0.967900,0.215700,0.127300,-0.021400,False,False,True,Straight,1.000,-0.57,0.999,True,,,False,,,False
1783432875732,1605,9.8407,-2.5378,1.0371,-0.1801,-0.1264,-0.1277,-0.517500,-0.523000,0.440700,-0.514200,0.2962,-2.4704,10.2903,-0.4471,1.9167,0.5170,-0.473400,0.187000,0.006100,-0.860800,0.0484,-0.4099,10.1588,-4.4889,0.3780,-1.1096,0.977500,0.159300,0.135900,-0.026700,False,False,True,Straight,1.000,-0.57,0.999,True,,,False,,,False
1783432875742,1606,9.4467,-2.0168,1.6371,0.0019,-0.1915,0.0498,-0.516100,-0.524000,0.442300,-0.513300,0.3581,-1.1480,10.8699,-0.4833,3.7716,0.7144,-0.464300,0.230400,-0.012600,-0.855100,-4.7506,-3.0771,12.5433,-3.5256,0.7272,-0.8783,0.981900,0.114700,0.147600,-0.030100,False,False,True,Straight,1.000,-0.57,0.999,True,,,False,,,False
1783432875752,1607,12.1048,1.3990,4.5307,-0.1008,0.3456,0.2861,-0.516800,-0.519500,0.442500,-0.516900,1.6674,-1.5071,10.5622,-0.4317,6.3893,0.8677,-0.451200,0.300300,-0.047400,-0.839000,-5.4392,-6.9493,14.0425,-1.4306,-0.0936,-0.4074,0.983800,0.096200,0.147500,-0.032700,False,False,True,Straight,1.000,-0.57,0.999,True,,,False,,,False
1783432875762,1608,13.9662,6.7916,4.3625,-0.9188,0.4424,0.8258,-0.519700,-0.506100,0.450900,-0.520000,-3.9899,-2.9562,14.2436,-0.4068,8.7997,1.0346,-0.430800,0.392300,-0.096100,-0.807000,-3.2465,-1.3763,10.1292,-0.3625,0.0199,0.0211,0.984200,0.091600,0.147900,-0.031900,False,False,True,Straight,0.900,-0.57,0.999,True,,,False,,,False
1783432875773,1609,9.8425,1.0946,2.6391,-1.3663,0.2249,0.7377,-0.524700,-0.491600,0.462900,-0.518500,-11.7736,-4.7068,18.3268,0.1989,8.3880,1.0542,-0.408700,0.472300,-0.147700,-0.766900,-3.3802,2.2085,9.3867,0.0382,0.0374,0.1023,0.984200,0.092100,0.148200,-0.030800,False,False,True,Straight,0.800,-0.57,0.999,True,,,False,,,False
1783432875783,1610,9.5761,-1.4826,2.5244,-1.2288,0.2689,0.2026,-0.532400,-0.480600,0.470200,-0.514300,-8.0393,-5.7792,13.2468,1.6586,6.3705,0.6508,-0.399100,0.522000,-0.199300,-0.727000,-3.4636,1.8769,9.5632,-0.0216,-0.0692,0.0417,0.984400,0.091800,0.147300,-0.030500,False,False,True,Straight,0.700,-0.57,0.999,True,,,False,,,False
1783432875793,1611,10.5032,1.3079,2.8157,-1.1940,0.4012,-0.2606,-0.543500,-0.471500,0.473600,-0.507900,-6.8818,-2.0675,24.5571,3.0797,2.4403,-0.2944,-0.415300,0.529000,-0.237100,-0.701100,-3.1751,1.7288,9.4677,-0.0309,-0.0737,0.0116,0.984500,0.091200,0.146400,-0.030500,False,False,True,Straight,0.600,-0.57,0.999,True,,,False,,,False
1783432875803,1612,11.6095,3.2803,2.1012,-1.4181,0.2601,-0.3835,-0.555700,-0.462500,0.478400,-0.498400,4.3315,-0.1422,12.0651,2.1374,-2.2817,-0.7588,-0.442500,0.499700,-0.238700,-0.705400,-2.7142,1.7116,9.3034,-0.0790,-0.0354,-0.0125,0.984700,0.090000,0.146000,-0.030700,False,False,True,Straight,0.500,-0.57,0.999,True,,,False,,,False
1783432875813,1613,10.7012,2.6551,1.6547,-1.6276,0.2020,-0.3653,-0.568500,-0.452000,0.484900,-0.487200,2.6730,-2.3211,5.5640,2.5562,-2.4917,-0.4239,-0.469200,0.464300,-0.244300,-0.710300,-2.7983,1.0566,9.3543,-0.0408,0.0359,0.0014,0.984700,0.089400,0.146500,-0.030700,False,True,True,Straight,0.400,-0.57,0.999,True,,,False,,,False
1783432875823,1614,9.5099,0.9964,1.4678,-1.7853,0.2234,-0.3962,-0.582200,-0.440300,0.491800,-0.474700,-1.1203,-4.6247,9.2538,2.9263,-3.6148,-0.6102,-0.501900,0.416000,-0.245000,-0.717600,-2.9529,1.5766,9.2714,-0.0027,0.0442,0.0172,0.984600,0.089300,0.147000,-0.030600,False,True,True,Straight,0.300,-0.57,0.999,True,,,False,,,False
1783432875833,1615,8.6059,0.7598,1.3710,-1.8483,0.2702,-0.4558,-0.596500,-0.427900,0.498200,-0.461400,-2.9451,-6.5268,9.0675,2.8953,-5.0908,-1.0803,-0.540900,0.354300,-0.232500,-0.726500,-2.9237,1.8191,9.1918,-0.0653,-0.0103,-0.0242,0.984700,0.088300,0.146900,-0.030900,False,True,True,Straight,0.200,-0.57,0.999,True,,,False,,,False
1783432875843,1616,8.6760,1.4661,1.4916,-1.9572,0.3007,-0.5163,-0.611600,-0.414700,0.504300,-0.446900,-3.5462,-9.2818,5.5681,3.0454,-5.7774,-1.7217,-0.585000,0.285000,-0.212500,-0.729000,-2.8634,1.5889,9.1807,-0.0955,-0.0548,-0.0386,0.984900,0.086800,0.146300,-0.031400,False,True,True,Straight,0.100,-0.57,0.999,True,,,False,,,False
1783432875854,1617,8.9823,2.0464,1.6026,-2.1781,0.2712,-0.5380,-0.627300,-0.399700,0.511400,-0.430300,-4.0377,-9.7536,4.1560,3.2102,-5.3934,-2.4951,-0.631500,0.217900,-0.192400,-0.718800,-2.6487,1.4831,9.0760,-0.0679,-0.0498,-0.0242,0.985100,0.085800,0.145800,-0.031700,False,True,True,Turning,1.000,-0.57,0.999,True,,,False,,,False
1783432875864,1618,8.9963,1.9226,1.1790,-2.4476,0.2011,-0.5387,-0.643400,-0.382700,0.520000,-0.411200,-7.5055,-11.2753,8.4795,2.7598,-4.9697,-3.3203,-0.678800,0.158700,-0.168100,-0.697000,-2.7106,1.3343,9.2116,-0.0329,-0.0128,-0.0145,0.985100,0.085200,0.145600,-0.032000,False,True,True,Turning,1.000,-0.57,0.999,True,,,False,,,False
1783432875875,1619,9.2644,1.5063,0.8922,-2.6406,0.1319,-0.5656,-0.659400,-0.364300,0.529500,-0.390000,-11.4178,-14.2824,9.6074,2.3385,-4.9119,-4.6889,-0.732000,0.105300,-0.136600,-0.659100,-2.8406,1.3502,9.2664,-0.0156,-0.0115,-0.0285,0.985200,0.084800,0.145500,-0.032500,False,True,True,Turning,1.000,-0.57,0.999,True,,,False,,,False
1783432875885,1620,9.4294,1.0508,0.7869,-2.7630,0.0690,-0.5674,-0.674800,-0.344700,0.539500,-0.367100,-16.8893,-18.4189,8.9500,2.5240,-4.4276,-6.6224,-0.793600,0.056500,-0.107100,-0.596300,-2.6830,1.4274,9.2331,-0.0254,-0.0218,-0.0489,0.985200,0.084300,0.145300,-0.033200,False,True,True,Turning,1.000,-0.57,0.999,True,,,False,,,False
1783432875895,1621,9.5715,1.1788,0.6390,-2.8614,0.0057,-0.5265,-0.689100,-0.323900,0.549900,-0.343200,-20.5972,-17.3415,6.0762,2.7234,-3.4213,-8.7523,-0.859400,0.015500,-0.086200,-0.503700,-2.5887,1.4031,9.1270,-0.0244,0.0165,-0.0696,0.985200,0.083700,0.145600,-0.034100,False,True,True,Turning,1.000,-0.57,0.999,True,,,False,,,False
1783432875905,1622,9.5153,1.6762,0.5832,-3.0327,-0.0562,-0.4827,-0.702600,-0.301100,0.561000,-0.317700,-18.6829,-7.8155,3.7916,0.9860,-1.7051,-9.6025,-0.915400,0.004500,-0.071400,-0.396000,-2.9285,1.1994,9.3230,0.0139,0.0642,-0.0690,0.985100,0.083600,0.146400,-0.035100,False,True,True,Turning,1.000,-0.57,0.999,True,,,False,,,False
1783432875915,1623,9.5817,2.1289,0.2553,-3.1794,-0.0498,-0.4683,-0.715500,-0.276400,0.571900,-0.290900,-15.3041,-2.4818,5.6097,-2.0174,0.1782,-8.6548,-0.952400,0.036300,-0.062300,-0.296300,-3.0157,1.3202,9.3087,0.0538,0.0508,-0.0570,0.984900,0.084100,0.147100,-0.036000,False,True,True,Turning,1.000,-0.57,0.999,True,,,False,,,False
1783432875926,1624,10.0103,1.8525,0.6347,-3.2935,0.0986,-0.4593,-0.728600,-0.249700,0.580900,-0.263300,-12.5929,-3.1878,8.2183,-2.5572,1.1464,-6.9728,-0.971900,0.076500,-0.062800,-0.213500,-3.0438,1.5581,9.3279,0.1111,0.0634,-0.0022,0.984700,0.085300,0.147800,-0.036300,False,True,True,Turning,1.000,-0.57,0.999,True,,,False,,,False
1783432875936,1625,10.2823,1.0800,1.1760,-3.2611,0.2213,-0.4118,-0.741100,-0.222100,0.587900,-0.236400,-10.1490,1.2403,7.4326,-2.5992,1.2099,-3.9929,-0.977300,0.114500,-0.066400,-0.165400,-3.0791,1.4413,9.3982,0.2321,0.0824,0.0617,0.984300,0.088200,0.148600,-0.036000,False,True,True,Turning,1.000,-0.57,0.999,True,,,False,,,False
1783432875946,1626,10.2482,0.7542,1.3505,-3.1789,0.2345,-0.3503,-0.752100,-0.194300,0.593600,-0.210300,-8.9150,-4.9958,14.9622,0.0823,0.9623,-0.6226,-0.977800,0.116200,-0.077300,-0.156300,-2.9197,1.6291,9.3752,0.3363,0.0781,0.0563,0.983800,0.092300,0.149400,-0.035900,False,True,True,Turning,1.000,-0.57,0.999,True,,,False,,,False
1783432875956,1627,10.0215,0.1959,1.6816,-3.1578,0.2190,-0.2963,-0.761500,-0.166100,0.598700,-0.184400,0.3009,0.7341,8.1611,-0.1199,-0.0613,0.0164,-0.977600,0.117800,-0.076200,-0.156700,-3.1611,1.7208,9.5804,0.3645,0.0778,0.0264,0.983200,0.096800,0.150100,-0.036400,False,True,True,Turning,1.000,-0.57,0.999,True,,,False,,,False
1783432875966,1628,9.6443,-1.0841,1.7796,-3.0476,0.2371,-0.3125,-0.769800,-0.138800,0.602400,-0.159000,-2.6711,-1.6484,9.5998,0.0790,-0.0454,-0.0168,-0.977800,0.117100,-0.075600,-0.156500,-3.4947,1.5446,9.9355,0.3410,0.0239,-0.0298,0.982800,0.100800,0.150300,-0.037500,False,True,True,Turning,1.000,-0.57,0.999,True,,,False,,,False
1783432875977,1629,9.0336,-1.7369,1.8532,-2.9639,0.2334,-0.4370,-0.777000,-0.113100,0.604900,-0.132900,-2.3408,-2.5270,9.9806,0.0761,-0.2854,-0.0728,-0.978300,0.115900,-0.072000,-0.156000,-3.0261,1.5849,9.9602,0.2202,-0.0890,-0.1131,0.982600,0.103100,0.149200,-0.039500,False,True,True,Turning,1.000,-0.57,0.999,True,,,False,,,False
1783432875988,1630,9.2290,-1.8905,1.0160,-2.8522,0.2360,-0.6414,-0.783300,-0.089800,0.606000,-0.105300,-1.7289,-0.7969,10.5984,-0.3880,-0.1939,-0.1858,-0.978200,0.120700,-0.068500,-0.154400,-2.6365,1.6995,9.9892,0.0420,-0.1458,-0.3072,0.982700,0.102800,0.147800,-0.043700,False,True,True,Turning,1.000,-0.57,0.999,True,,,False,,,False
1783432875999,1631,10.3343,-1.1887,0.2701,-2.7336,0.1986,-0.7677,-0.788400,-0.068500,0.606500,-0.077300,-1.5695,-3.2371,9.0985,-0.5537,-0.0587,-0.1682,-0.977700,0.127700,-0.066300,-0.152900,-1.8667,-4.7670,10.5227,0.0998,-0.1250,-1.5032,0.981800,0.101000,0.148100,-0.062600,False,False,True,Turning,1.000,-0.57,0.999,True,,,False,,,False
1783432876009,1632,10.6290,-1.7669,-0.0207,-2.6093,0.1544,-0.6914,-0.792000,-0.047900,0.606500,-0.050900,-1.3942,-3.3202,8.9541,-0.3281,0.0504,-0.0809,-0.977300,0.132200,-0.066000,-0.152100,-3.2668,-10.1213,11.1698,1.6581,-0.7906,-5.0796,0.975000,0.111000,0.143100,-0.129000,True,False,True,Turning,1.000,-0.57,0.999,True,,,False,,,False
1783432876019,1633,10.7288,-1.6813,0.0505,-2.4901,0.0820,-0.4736,-0.794000,-0.026800,0.606700,-0.027400,-1.6258,-3.0822,9.0819,-0.1286,0.1284,-0.0014,-0.976900,0.134200,-0.067200,-0.152000,-7.8304,-1.4169,10.1414,3.4573,-1.5273,-7.2622,0.956100,0.136800,0.128200,-0.225200,True,False,True,Turning,1.000,-0.57,0.999,True,,,False,,,False
1783432876030,1634,10.3322,-1.4780,-0.1403,-2.5824,0.0059,-0.3133,-0.794500,-0.003500,0.607200,-0.004700,-1.7829,-2.8245,9.2256,0.0141,0.1554,0.0328,-0.976700,0.134600,-0.069000,-0.152100,-11.1053,1.5484,8.0299,3.3971,-2.0027,-8.2605,0.924000,0.157400,0.108000,-0.331200,True,False,True,Turning,1.000,-0.57,0.999,True,,,False,,,False
1783432876040,1635,9.6878,-1.6208,-0.1255,-2.6658,-0.0248,-0.2957,-0.794000,0.020700,0.607300,0.018400,-1.9959,-2.4347,9.5481,-0.0207,0.1492,0.0282,-0.976500,0.135400,-0.070700,-0.152200,-11.8552,0.2867,7.1337,2.3191,-2.3307,-9.0506,0.878500,0.160900,0.088500,-0.441000,True,False,True,Turning,1.000,-0.57,0.999,True,,,False,,,False
1783432876050,1636,9.3554,-1.7534,-0.0484,-2.6856,-0.0777,-0.3333,-0.792200,0.044800,0.607200,0.042000,-1.9748,-2.2539,9.3959,-0.1559,0.1101,0.0121,-0.976100,0.137700,-0.071700,-0.152400,-10.5257,-0.3853,4.5185,2.6764,-2.1797,-9.2493,0.818000,0.166600,0.067800,-0.546300,True,False,True,Turning,1.000,-0.57,0.999,True,,,False,,,False
1783432876061,1637,8.9145,-2.1846,0.0057,-2.6249,-0.1472,-0.3753,-0.788900,0.067900,0.607200,0.065400,-1.7725,-2.2556,9.1099,-0.1780,0.1270,0.0092,-0.975600,0.140400,-0.072800,-0.152400,-8.4382,2.0431,4.2571,3.0275,-1.6754,-8.4961,0.749900,0.177500,0.047300,-0.635500,True,False,True,Turning,1.000,-0.57,0.999,True,,,False,,,False
1783432876071,1638,8.7882,-2.6720,0.1024,-2.4641,-0.1624,-0.4054,-0.784900,0.089200,0.606900,0.087900,-1.9906,-2.3881,9.2521,-0.1867,0.1283,-0.0177,-0.975100,0.143200,-0.073800,-0.152200,-6.3476,4.0644,6.2029,2.5812,-1.1107,-7.0147,0.685900,0.187700,0.031700,-0.702400,True,False,True,Turning,1.000,-0.57,0.999,True,,,False,,,False
1783432876082,1639,8.8772,-2.7349,0.3852,-2.2059,-0.1260,-0.3872,-0.780700,0.108000,0.606000,0.108100,-2.0323,-2.4455,9.2748,-0.1905,0.1121,-0.0350,-0.974700,0.146000,-0.074600,-0.151700,-4.0863,4.7576,7.8898,1.7501,-0.7317,-5.1700,0.635100,0.193600,0.022200,-0.747400,True,False,True,Turning,1.000,-0.57,0.999,True,,,False,,,False
1783432876093,1640,8.7452,-2.1585,0.5891,-1.9818,-0.0751,-0.4109,-0.776600,0.124200,0.604400,0.126900,-2.0987,-2.5747,9.2946,-0.2007,0.0712,-0.0407,-0.974300,0.148900,-0.074900,-0.151300,-2.4143,4.9322,9.0500,0.8775,-0.4268,-3.4410,0.600400,0.195200,0.018900,-0.775300,True,False,True,Turning,1.000,-0.57,0.999,True,,,False,,,False
1783432876103,1641,8.9530,-1.5632,0.6848,-1.9057,-0.0633,-0.4528,-0.772200,0.139300,0.602600,0.145500,-2.0403,-2.7692,9.1360,-0.1800,0.0263,-0.0399,-0.974000,0.151400,-0.074600,-0.150900,-1.3031,4.7444,9.5782,0.0403,-0.2338,-2.1765,0.579000,0.192500,0.022000,-0.792000,True,False,True,Turning,1.000,-0.57,0.999,True,,,False,,,False
1783432876113,1642,9.2865,-1.5516,0.5792,-1.8723,-0.0479,-0.4662,-0.767500,0.153900,0.600400,0.163900,-1.8292,-2.7353,8.9536,-0.0879,0.0204,-0.0302,-0.973900,0.152800,-0.074500,-0.150600,-1.0174,3.6152,10.0920,-0.2613,-0.1589,-1.3601,0.566100,0.188400,0.026700,-0.802000,True,False,True,Turning,1.000,-0.57,0.999,True,,,False,,,False
1783432876123,1643,9.5286,-1.8488,0.4214,-1.8046,-0.0349,-0.4501,-0.762600,0.167800,0.597800,0.181500,-1.7658,-2.7434,8.8986,0.0292,0.0618,-0.0032,-0.973800,0.152800,-0.075200,-0.150500,-0.9197,3.1584,10.2110,-0.0822,-0.3266,-0.9282,0.557100,0.184000,0.027400,-0.809400,True,False,True,Turning,1.000,-0.57,0.999,True,,,False,,,False
1783432876133,1644,9.6763,-2.0156,0.3133,-1.7156,-0.0289,-0.4127,-0.757600,0.181100,0.595000,0.198100,-1.8880,-2.6584,8.9940,0.0972,0.1034,0.0106,-0.973900,0.152000,-0.076500,-0.150300,-1.3875,3.4337,9.9466,-0.1466,-0.4700,-0.8476,0.548900,0.177700,0.027500,-0.816300,True,False,True,Turning,1.000,-0.57,0.999,True,,,False,,,False
1783432876144,1645,9.8402,-2.1673,0.1988,-1.6316,-0.0492,-0.3585,-0.752500,0.193900,0.592200,0.213300,-1.8863,-2.7459,8.8769,0.1879,0.1229,0.0206,-0.974000,0.150200,-0.078300,-0.150200,-3.4164,2.6937,10.0894,0.0804,-0.7786,-0.9809,0.538900,0.169800,0.023400,-0.824700,True,False,True,Turning,1.000,-0.57,0.999,True,,,False,,,False
1783432876154,1646,10.0192,-2.5445,0.1212,-1.4784,-0.1082,-0.3189,-0.747100,0.205700,0.590000,0.226900,-1.8083,-2.6614,8.8561,0.3791,0.1226,0.0515,-0.974500,0.146000,-0.080400,-0.150200,-4.8736,2.6163,8.6586,0.4518,-1.1564,-1.3029,0.524700,0.160300,0.013700,-0.835900,True,False,True,Turning,1.000,-0.57,0.999,True,,,False,,,False
1783432876164,1647,10.1759,-2.5650,-0.1507,-1.2788,-0.1672,-0.2717,-0.741700,0.216100,0.588600,0.238300,-1.8094,-2.6317,9.0174,0.6121,0.0836,0.1160,-0.975300,0.138800,-0.082700,-0.150900,-5.9836,1.9633,6.1771,0.3774,-1.1021,-1.9202,0.503800,0.150600,0.006300,-0.850500,True,False,True,Turning,1.000,-0.57,0.999,True,,,False,,,False
1783432876174,1648,10.0564,-2.1616,-0.2830,-1.0959,-0.1847,-0.2048,-0.736600,0.225200,0.587600,0.247600,-1.9068,-2.5404,8.8785,0.8443,0.0661,0.1889,-0.976200,0.128700,-0.085300,-0.152200,-7.4146,0.8755,5.2856,0.6504,-0.7445,-2.3547,0.477300,0.146400,-0.001000,-0.866400,True,False,True,Turning,1.000,-0.57,0.999,True,,,False,,,False
1783432876185,1649,9.6976,-1.5863,-0.5528,-1.0426,-0.1718,-0.2285,-0.731600,0.233600,0.586700,0.256800,-1.7116,-1.8597,9.1883,0.7831,0.2408,0.1690,-0.976800,0.119700,-0.089800,-0.153000,-6.8916,3.3838,5.2097,0.8217,-0.3700,-2.2177,0.451600,0.147100,-0.008100,-0.880000,True,False,True,Turning,1.000,-0.57,0.999,True,,,False,,,False
1783432876195,1650,9.6783,-1.6561,-0.6202,-1.0110,-0.1273,-0.3213,-0.726600,0.240900,0.585600,0.266600,-1.8465,-1.2084,9.5515,0.5920,0.4139,0.1371,-0.976900,0.113300,-0.096100,-0.153400,-4.7977,4.3106,5.3402,0.4830,0.2018,-1.5247,0.433800,0.152000,-0.009500,-0.888100,True,False,True,Turning,1.000,-0.57,0.999,True,,,False,,,False
1783432876205,1651,9.8339,-2.1774,-0.6495,-0.8771,-0.1412,-0.3916,-0.721600,0.246400,0.585200,0.276000,-2.5784,-0.8057,9.9615,0.2803,0.5363,0.0774,-0.976500,0.111100,-0.103100,-0.153300,-3.4845,3.4872,7.3448,0.5843,0.4016,-0.6842,0.425000,0.159600,-0.012600,-0.890900,True,False,True,Turning,1.000,-0.57,0.999,True,,,False,,,False
1783432876215,1652,9.6654,-2.6555,-0.5580,-0.6624,-0.2083,-0.4364,-0.716400,0.249800,0.586200,0.284000,-2.1600,-1.6475,9.6235,0.1171,0.6512,0.0318,-0.975700,0.111100,-0.111200,-0.152600,-0.8289,9.8367,16.7070,-0.5536,-0.0322,0.0081,0.426100,0.156200,-0.006700,-0.891100,True,False,True,Turning,1.000,-0.57,0.999,True,,,False,,,False
1783432876226,1653,10.0197,-2.8078,1.4354,-0.4410,-0.1952,-0.4312,-0.712100,0.251300,0.587800,0.290400,-1.8561,-1.5550,9.8818,0.0986,0.8498,0.0196,-0.974600,0.111700,-0.121700,-0.151500,-3.1569,-7.7357,10.3015,-0.1537,-0.2931,0.1312,0.427700,0.152000,-0.006900,-0.891000,True,False,True,Turning,1.000,-0.57,0.999,True,,,False,,,False
1783432876236,1654,11.0344,-0.1835,2.6313,-0.4091,-0.1964,-0.2766,-0.708300,0.253600,0.589000,0.295100,-1.1777,-2.8116,10.1316,0.1007,1.4440,0.1931,-0.972000,0.113100,-0.139600,-0.151700,-0.0834,5.5075,8.3839,0.1976,-0.1951,0.0984,0.428400,0.150700,-0.010400,-0.890900,False,False,True,Turning,1.000,-0.57,0.999,True,,,False,,,False
1783432876246,1655,11.3834,0.7481,1.5798,-0.7015,-0.4231,-0.1563,-0.702300,0.260200,0.590700,0.300200,-1.5668,-3.0490,10.5664,0.2535,2.2653,0.4186,-0.967200,0.113800,-0.168000,-0.153100,-3.7312,-0.3213,10.2241,0.0805,0.3218,0.0349,0.428600,0.154600,-0.009700,-0.890100,False,False,True,Turning,1.000,-0.57,0.999,True,,,False,,,False
1783432876256,1656,11.0323,-0.7968,0.9426,-0.7889,-0.3696,-0.2354,-0.696100,0.266700,0.591900,0.306700,-0.7127,-5.3254,9.8741,1.0437,3.5251,0.9746,-0.958300,0.106000,-0.213600,-0.157400,-3.7511,1.3204,9.5640,0.1313,-0.0744,0.1119,0.429500,0.154300,-0.011800,-0.889700,False,False,True,Turning,1.000,-0.57,0.999,True,,,False,,,False
1783432876267,1657,11.5030,-1.3244,2.1030,-0.6837,-0.0112,-0.2408,-0.692700,0.270900,0.590200,0.313700,-3.3675,-6.2464,10.9265,2.7604,4.9540,1.6543,-0.942900,0.078200,-0.279800,-0.162800,-2.9034,1.0072,9.6107,0.2728,-0.1824,0.1460,0.430500,0.153600,-0.016200,-0.889300,False,False,True,Turning,1.000,-0.57,0.999,True,,,False,,,False
1783432876277,1658,11.2078,0.7148,3.0556,-0.6762,0.3014,-0.1081,-0.692200,0.274700,0.585400,0.320500,-7.2784,-6.8700,14.3342,4.4782,4.3395,2.0499,-0.924800,0.027200,-0.340900,-0.166500,-2.4912,2.0174,9.2504,0.2930,-0.1019,0.1141,0.431100,0.153900,-0.020300,-0.888900,False,False,True,Turning,1.000,-0.57,0.999,True,,,False,,,False
1783432876287,1659,9.8822,2.1759,2.7300,-0.7676,0.3587,-0.1018,-0.691700,0.279200,0.579600,0.328100,-8.7199,-10.5231,13.3007,6.2704,3.6502,1.4254,-0.904600,-0.043500,-0.394900,-0.154300,-2.6378,2.5701,9.2630,0.1439,-0.0498,0.0612,0.431400,0.154000,-0.022400,-0.888600,False,True,True,Turning,1.000,-0.57,0.999,True,,,False,,,False
1783432876297,1660,9.5052,1.3393,1.9044,-0.8472,0.2647,-0.2580,-0.689500,0.283500,0.574900,0.337300,-7.7960,-17.4865,6.8377,8.8563,3.0243,-1.1162,-0.880900,-0.131500,-0.443800,-0.098600,-2.5601,2.2232,9.3981,-0.0347,-0.0210,0.0263,0.431700,0.153400,-0.022200,-0.888600,False,True,True,Turning,1.000,-0.57,0.999,True,,,False,,,False
1783432876308,1661,9.5966,0.7258,1.2363,-0.6988,0.1970,-0.4943,-0.686300,0.285100,0.572000,0.347100,-11.7394,-9.1960,15.7436,5.5728,1.8246,-6.0516,-0.864400,-0.155900,-0.478000,-0.003700,-2.6167,1.6714,9.4284,-0.0933,0.0054,0.0098,0.431900,0.152900,-0.021300,-0.888600,False,True,True,Turning,1.000,-0.57,0.999,True,,,False,,,False
1783432876318,1662,9.8947,0.5010,1.0630,-0.5352,0.2194,-0.6270,-0.683200,0.284200,0.570100,0.357000,-4.0401,-0.6885,13.9025,1.7965,-0.5314,-5.7529,-0.862000,-0.140100,-0.482000,0.070200,-2.5637,1.5120,9.3783,-0.0540,0.0174,0.0154,0.432100,0.152700,-0.020700,-0.888600,False,True,True,Turning,1.000,-0.57,0.999,True,,,False,,,False
1783432876328,1663,9.9351,0.1887,1.3266,-0.4071,0.2693,-0.6556,-0.680700,0.281800,0.568400,0.366300,1.3611,0.8025,7.7788,0.9838,-1.6355,-3.4002,-0.866300,-0.128200,-0.468700,0.115600,-2.5065,1.4412,9.3609,-0.0218,0.0363,0.0184,0.432200,0.152800,-0.020300,-0.888500,False,True,True,Turning,1.000,-0.57,0.999,True,,,False,,,False
1783432876338,1664,8.6465,0.4741,1.2483,-0.3622,0.2389,-0.6142,-0.678200,0.279400,0.567000,0.374800,0.7664,-0.9612,9.0701,0.2383,-2.1675,-1.6501,-0.875900,-0.117500,-0.447000,0.138300,-2.6221,1.4474,9.3325,-0.0338,0.0346,0.0084,0.432300,0.152900,-0.019900,-0.888400,False,True,True,Turning,1.000,-0.57,0.999,True,,,False,,,False
1783432876349,1665,7.8154,0.7010,0.8644,-0.4641,0.1754,-0.5776,-0.675100,0.278400,0.565500,0.383500,-1.2429,-3.8274,10.3950,-0.4776,-3.3767,-1.2325,-0.892600,-0.099000,-0.411900,0.154000,-2.6498,1.7727,9.1992,-0.0370,0.0103,-0.0063,0.432300,0.152700,-0.019500,-0.888500,False,True,True,Turning,1.000,-0.57,0.999,True,,,False,,,False
1783432876360,1666,7.9001,0.7702,0.4842,-0.6223,0.1127,-0.5327,-0.671100,0.279300,0.563500,0.392600,-1.7965,-4.7214,8.5291,-0.7118,-4.2951,-1.6284,-0.911100,-0.073800,-0.366400,0.173700,-2.5823,1.6951,9.1632,-0.0325,-0.0089,-0.0249,0.432000,0.152300,-0.019200,-0.888700,False,True,True,Turning,1.000,-0.57,0.999,True,,,False,,,False
1783432876370,1667,8.6658,0.3081,0.3555,-0.6344,0.0117,-0.4940,-0.666500,0.281000,0.562100,0.401100,-2.5205,-3.7927,8.0525,-0.8095,-4.6892,-2.1434,-0.926900,-0.044000,-0.315600,0.198400,-2.4368,1.6181,9.1152,-0.0067,0.0063,-0.0243,0.431600,0.152300,-0.019100,-0.888900,False,True,True,Turning,1.000,-0.57,0.999,True,,,False,,,False
1783432876381,1668,9.1634,-0.0100,0.1144,-0.5219,-0.0896,-0.3907,-0.662000,0.283100,0.561700,0.407600,-2.3040,-1.6863,8.5567,-0.9410,-4.7410,-2.1325,-0.938900,-0.012400,-0.263200,0.221600,-2.4620,1.7251,9.0362,0.0200,0.0564,-0.0442,0.431000,0.152900,-0.019000,-0.889100,False,True,True,Turning,1.000,-0.57,0.999,True,,,False,,,False
1783432876391,1669,9.3456,0.3100,-0.0617,-0.4279,-0.1947,-0.2055,-0.658000,0.286100,0.562000,0.411500,-4.4285,-2.7006,12.3376,-1.5423,-4.4824,-1.6081,-0.947600,0.023800,-0.214300,0.235700,-2.4335,1.6778,9.0765,0.0669,0.1109,-0.0450,0.430400,0.154400,-0.019100,-0.889200,False,True,True,Turning,1.000,-0.57,0.999,True,,,False,,,False
1783432876401,1670,9.4548,0.3132,-0.6855,-0.3857,-0.3207,-0.0753,-0.654000,0.290400,0.563000,0.413600,-10.9127,-8.1991,14.7119,-2.0240,-4.5325,-2.2216,-0.950400,0.067500,-0.165000,0.254700,-2.4726,1.8278,9.1094,0.0988,0.1764,-0.0471,0.429600,0.156800,-0.019200,-0.889100,False,True,True,Turning,1.000,-0.57,0.999,True,,,False,,,False
1783432876411,1671,9.6395,0.1966,-1.0009,-0.3222,-0.3515,-0.0050,-0.650300,0.294800,0.564400,0.414500,-15.1122,-5.5564,13.1168,-1.9539,-3.9055,-3.6577,-0.942800,0.110900,-0.121000,0.290200,-2.2490,1.9013,9.1148,0.0679,0.2549,-0.0986,0.428400,0.159900,-0.018500,-0.889200,False,True,True,Turning,1.000,-0.57,0.999,True,,,False,,,False
1783432876421,1672,9.3780,0.1780,-1.0275,-0.1994,-0.4577,0.1092,-0.646800,0.299500,0.566800,0.413100,-22.0079,-0.9130,11.6251,-1.2349,-3.0656,-4.2784,-0.928000,0.143200,-0.082800,0.333800,-2.3423,1.6993,9.1204,-0.0167,0.4077,-0.1891,0.426300,0.164200,-0.015800,-0.889400,False,True,True,Turning,1.000,-0.57,0.999,True,,,False,,,False
1783432876432,1673,9.2743,0.8728,-0.8052,-0.0717,-0.4681,0.2446,-0.644400,0.304300,0.569400,0.409800,-24.5235,3.3458,5.4869,0.8869,-2.5919,-3.7069,-0.915300,0.147700,-0.042000,0.372400,-2.6243,1.6136,9.2841,-0.0617,0.5722,-0.2590,0.423600,0.170200,-0.011600,-0.889700,False,True,True,Turning,1.000,-0.57,0.999,True,,,False,,,False
1783432876442,1674,10.1784,1.3781,-0.5491,-0.1248,-0.2706,0.3252,-0.643700,0.308900,0.569800,0.406900,-21.8204,5.4899,-0.6644,1.8759,-1.7644,-2.0762,-0.909200,0.135800,-0.009000,0.393500,-3.3951,1.7426,9.4181,-0.0460,0.6445,-0.2808,0.420500,0.177100,-0.007200,-0.889800,False,True,True,Turning,1.000,-0.57,0.999,True,,,False,,,False
1783432876453,1675,10.5760,2.1401,-0.6576,-0.2393,-0.0885,0.2971,-0.643600,0.313400,0.568300,0.405700,-19.6509,3.4169,-4.5971,0.8422,0.1986,-0.3288,-0.908900,0.125500,-0.006400,0.397600,-2.7532,1.3467,9.4896,-0.0359,0.8232,-0.3481,0.416700,0.185900,-0.001800,-0.889800,False,True,True,Turning,1.000,-0.57,0.999,True,,,False,,,False
1783432876473,1677,11.6379,1.0380,-0.4957,-0.0968,-0.0486,0.0931,-0.642800,0.319000,0.566500,0.405200,-0.1498,1.7243,15.5520,-0.2627,1.6267,-0.1203,-0.906900,0.101500,-0.050000,0.405800,-2.4369,1.3138,9.9369,0.1287,1.7350,-0.3721,0.407400,0.225500,0.015100,-0.884800,False,False,True,Turning,1.000,-0.57,0.999,True,,,False,,,False
1783432876486,1678,11.8940,-0.3384,0.5282,0.1465,-0.2582,-0.0021,-0.641500,0.319100,0.569500,0.403000,-4.5244,-3.1491,12.7987,-0.1832,2.1297,0.3975,-0.907000,0.092700,-0.075500,0.403800,-2.3744,2.1630,9.8166,0.2805,3.2564,-0.4587,0.400500,0.262500,0.029700,-0.877400,False,False,True,Turning,1.000,-0.57,0.999,True,,,False,,,False
1783432876496,1679,11.5595,-0.3370,1.5750,0.2234,-0.3763,0.0199,-0.639700,0.319300,0.573700,0.399600,-3.8437,-3.1284,12.6633,0.0179,1.8413,0.2419,-0.906300,0.083200,-0.096500,0.403000,-1.3598,3.3003,10.5365,0.0116,5.0254,-0.8170,0.388800,0.316700,0.057300,-0.863300,False,False,True,Turning,1.000,-0.57,0.999,True,,,False,,,False
1783432876506,1680,11.0433,0.4310,2.5278,0.1503,-0.3245,0.1328,-0.638600,0.320700,0.576600,0.396100,-4.1386,-2.0808,12.2431,0.5041,0.8037,0.1680,-0.906600,0.073400,-0.103200,0.402500,-3.9959,4.0079,10.6134,-0.4327,7.1597,-1.4406,0.368200,0.389300,0.102100,-0.838200,False,False,True,Turning,1.000,-0.57,0.999,True,,,False,,,False
1783432876517,1681,11.7425,0.0884,3.5188,0.0499,-0.0217,0.0873,-0.639000,0.321000,0.576900,0.394800,-3.2384,-2.2655,11.2398,0.2930,0.2412,0.0692,-0.906900,0.069000,-0.104500,0.402300,-9.3834,1.3952,16.1808,-0.0734,8.8780,-2.2213,0.331600,0.476200,0.153600,-0.799800,False,False,True,Turning,1.000,-0.57,0.999,True,,,False,,,False
1783432876527,1682,11.2955,-0.2964,3.4625,0.0815,0.2169,-0.1661,-0.640000,0.318000,0.576400,0.396200,-2.0545,-1.8257,10.4325,-0.0211,0.0482,-0.0226,-0.906700,0.069200,-0.105100,0.402500,-15.3071,5.0800,19.4215,0.8373,8.3791,-2.6252,0.282300,0.555200,0.194500,-0.757800,False,False,True,Turning,1.000,-0.57,0.999,True,,,False,,,False
1783432876538,1683,10.8159,0.1737,2.8785,0.0813,0.3450,-0.2955,-0.641300,0.313500,0.575300,0.399200,-1.7439,-2.2531,9.8145,-0.1757,0.0075,-0.0456,-0.906300,0.071400,-0.106000,0.402800,-8.1339,5.7122,17.5390,0.0580,6.7474,-2.9484,0.236500,0.609600,0.237200,-0.718500,False,False,True,Turning,1.000,-0.57,0.999,True,,,False,,,False
1783432876549,1684,10.7516,0.3323,2.4588,0.0214,0.4078,-0.1404,-0.643600,0.310300,0.572900,0.401700,-1.3451,-2.4375,9.2020,-0.0932,0.0176,-0.0243,-0.906100,0.072600,-0.106700,0.403000,-12.4268,6.0983,29.7555,1.0909,1.9229,-2.1216,0.203300,0.623200,0.248900,-0.713000,False,False,True,Turning,1.000,-0.57,0.999,True,,,False,,,False
1783432876559,1685,9.9357,-0.0100,1.9842,-0.0297,0.3068,0.1777,-0.646500,0.310300,0.569700,0.401500,-1.5577,-2.2951,9.3784,-0.0015,0.0644,0.0045,-0.906000,0.072500,-0.107400,0.402900,2.1616,9.7434,14.6317,0.9978,-3.4401,-0.7659,0.199200,0.591800,0.236700,-0.744300,False,False,True,Turning,1.000,-0.57,0.999,True,,,False,,,False
1783432876569,1686,8.9140,-0.2902,1.4113,-0.1160,0.2114,0.4090,-0.649500,0.313100,0.566000,0.399700,-1.5460,-2.2690,9.3643,-0.0135,0.0642,0.0118,-0.906000,0.072500,-0.108200,0.402800,4.7858,4.8255,5.3049,0.4227,-3.0462,-0.1062,0.204000,0.563500,0.225600,-0.768100,True,False,True,Turning,1.000,-0.57,0.999,True,,,False,,,False
1783432876580,1687,8.0917,-0.3850,1.0747,-0.1592,0.1760,0.4508,-0.652300,0.316700,0.562100,0.397700,-1.3979,-1.9956,9.1921,-0.0320,0.0783,0.0268,-0.906000,0.072600,-0.109300,0.402500,-0.2750,4.0134,8.5681,0.7460,-3.4129,0.5552,0.213500,0.533300,0.205200,-0.792400,True,False,True,Turning,1.000,-0.57,0.999,True,,,False,,,False
1783432876590,1688,7.1206,-0.7748,0.8310,-0.0902,0.1389,0.3792,-0.654800,0.319400,0.559200,0.395700,-1.3109,-2.1744,8.8862,0.0215,0.1123,0.0441,-0.906000,0.072000,-0.110400,0.402100,-3.3977,3.3428,10.7289,0.6170,-4.7060,1.0728,0.231700,0.489800,0.178700,-0.821200,True,False,True,ReacquiringPd,0.000,-0.57,0.000,False,,,False,,,False
1783432876600,1689,6.9998,-0.8333,0.7287,-0.0057,0.0677,0.3199,-0.656800,0.321300,0.557500,0.393200,-1.3729,-2.2604,8.8300,0.2678,0.0872,0.0755,-0.906500,0.068600,-0.110100,0.401700,-4.8248,0.7157,10.0878,0.7973,-6.0420,1.3925,0.253900,0.431400,0.143600,-0.853700,True,False,True,ReacquiringPd,0.000,-0.57,0.000,False,,,False,,,False
1783432876611,1690,7.1577,-0.5115,0.5434,0.0258,0.0233,0.2834,-0.658400,0.323000,0.556400,0.390700,-1.4813,-2.6861,8.9199,0.5849,0.0720,0.1091,-0.907500,0.061600,-0.108100,0.401300,-4.2281,-0.7077,7.9333,1.3609,-6.4867,1.4476,0.272700,0.367200,0.099800,-0.883600,True,False,True,ReacquiringPd,0.000,-0.57,0.000,False,,,False,,,False
1783432876621,1691,7.3283,0.1287,0.4345,-0.0586,-0.0207,0.2141,-0.659000,0.325100,0.555600,0.389100,-1.6606,-1.6691,9.5147,0.5781,0.0877,0.1010,-0.908300,0.054700,-0.106300,0.401000,-5.5344,-0.3070,9.2217,1.6255,-6.1213,1.2404,0.285700,0.305100,0.054700,-0.906800,True,False,True,ReacquiringPd,0.000,-0.57,0.000,False,,,False,,,False
1783432876632,1692,7.6714,-0.0342,0.0606,-0.1944,-0.1665,0.1027,-0.657500,0.328200,0.555700,0.388800,-1.6512,-1.5465,9.4632,0.3180,0.1689,0.1034,-0.908800,0.050300,-0.106600,0.400300,-8.5380,-1.0503,12.3221,2.0581,-5.3866,1.1403,0.293600,0.251000,0.007300,-0.922400,True,False,True,ReacquiringPd,0.000,-0.57,0.000,False,,,False,,,False
1783432876642,1693,7.9434,-0.5193,-0.5895,-0.3359,-0.3175,-0.0269,-0.653700,0.332400,0.557000,0.389900,-1.5113,-1.7698,9.2630,0.0744,0.2686,0.1023,-0.909000,0.048200,-0.109400,0.399400,-15.7596,-1.4021,19.1447,2.7184,-5.0721,1.4875,0.301800,0.201500,-0.047700,-0.930600,True,False,True,ReacquiringPd,0.000,-0.57,0.000,False,,,False,,,False
1783432876652,1694,8.2271,-1.0760,-0.4867,-0.3608,-0.3758,-0.1723,-0.648600,0.336000,0.559100,0.392100,-1.5567,-2.2692,9.1981,0.0625,0.3658,0.1523,-0.909300,0.045600,-0.113300,0.397900,-20.3382,-2.2769,17.7015,1.7449,-4.9296,1.6789,0.313300,0.148800,-0.091000,-0.933500,True,False,True,ReacquiringPd,0.000,-0.57,0.000,False,,,False,,,False
1783432876663,1695,8.9834,-0.4462,-0.5282,-0.2917,-0.3878,-0.3321,-0.643000,0.337900,0.562400,0.395100,-1.3812,-1.6984,9.2897,0.0934,0.4750,0.1817,-0.909500,0.042100,-0.118300,0.396200,-25.9590,-0.9403,11.1407,0.0883,-4.5430,1.1333,0.320500,0.094200,-0.112000,-0.935900,True,False,True,ReacquiringPd,0.000,-0.57,0.000,False,,,False,,,False
1783432876673,1696,11.7338,0.0391,-0.1503,-0.2616,-0.3737,-0.2593,-0.637900,0.340100,0.565400,0.397300,-1.7547,-1.4905,9.7517,0.0748,0.6970,0.2474,-0.909700,0.037600,-0.126000,0.393800,-23.9380,-4.4247,-3.5216,0.3421,-3.6171,0.9648,0.325900,0.051500,-0.131700,-0.934800,True,False,True,ReacquiringPd,0.000,-0.57,0.000,False,,,False,,,False
1783432876684,1697,12.1006,-0.4104,0.1049,-0.1486,-0.2729,-0.0619,-0.634900,0.342200,0.567200,0.397500,-1.5328,-1.7421,9.4780,0.0880,0.9250,0.2728,-0.909600,0.031900,-0.136200,0.391300,-24.4728,-5.5225,-6.8475,1.4416,-1.5001,0.8112,0.331800,0.038300,-0.155300,-0.929700,True,False,True,ReacquiringPd,0.000,-0.57,0.000,False,,,False,,,False
1783432876695,1698,11.1108,0.0098,-0.8796,-0.1970,-0.2249,0.0786,-0.632800,0.345500,0.567900,0.397200,-2.0887,-1.0374,10.1045,-0.0211,1.3099,0.3213,-0.908800,0.025300,-0.151300,0.388000,-22.4549,-3.7256,-6.5360,-0.4781,0.1346,0.5935,0.339000,0.036600,-0.149600,-0.928100,False,False,True,ReacquiringPd,0.000,-0.57,0.000,False,,,False,,,False
1783432876706,1699,10.9520,-2.1147,-1.6123,0.0144,-0.3207,0.1673,-0.631400,0.348200,0.569900,0.394200,-1.2410,-1.6598,10.1480,-0.1155,2.0909,0.3336,-0.906100,0.016100,-0.175600,0.384500,-3.1380,1.2079,9.6361,-2.0600,1.8998,0.5140,0.349100,0.048800,-0.117900,-0.928400,False,False,True,ReacquiringPd,0.000,-0.57,0.000,False,,,False,,,False
1783432876716,1700,12.0834,-2.7072,-1.1126,0.4032,-0.4406,0.2015,-0.630900,0.348600,0.574600,0.387700,-1.6692,-1.5674,10.1786,-0.1683,3.1709,0.3865,-0.900300,0.002100,-0.212300,0.380100,4.6667,-0.1298,11.2919,-0.5803,2.1967,0.7085,0.360600,0.070700,-0.102100,-0.924400,False,False,True,ReacquiringPd,0.000,-0.57,0.000,False,,,False,,,False
1783432876726,1701,12.6768,-1.0120,0.0111,0.6314,-0.5966,0.3151,-0.630700,0.348800,0.581200,0.377900,0.6435,-3.5789,10.0019,0.0347,5.0778,0.8435,-0.889000,-0.024500,-0.268800,0.370000,-7.6197,-8.9208,12.6392,-0.3248,3.0673,-0.0722,0.363500,0.104600,-0.084400,-0.921800,False,False,True,ReacquiringPd,0.000,-0.57,0.000,False,,,False,,,False
1783432876736,1702,11.6318,1.1789,3.4893,0.3631,-0.1428,0.3004,-0.632600,0.348800,0.582800,0.372100,-1.4667,-2.8798,10.3530,0.4412,7.4145,1.4743,-0.866800,-0.068200,-0.347300,0.351200,-11.2881,10.7703,17.9283,-0.5209,2.1953,-0.6111,0.359300,0.128100,-0.067600,-0.921900,False,False,True,ReacquiringPd,0.000,-0.57,0.000,False,,,False,,,False
1783432876746,1703,12.0075,4.4430,4.6315,-0.2718,0.0837,0.4645,-0.634100,0.354000,0.579000,0.370600,-5.9732,-2.6846,17.9912,0.3441,10.1045,2.2027,-0.825200,-0.124900,-0.450200,0.317400,-5.6774,-4.8658,14.2522,-1.0865,0.9307,-0.2647,0.358600,0.134100,-0.050500,-0.922400,False,False,True,ReacquiringPd,0.000,-0.57,0.000,False,,,False,,,False
1783432876756,1704,11.5499,1.7404,2.8841,-0.5986,0.2384,0.5652,-0.635700,0.361800,0.572000,0.371300,-14.6686,-3.5135,21.9330,-0.0989,10.3947,2.4016,-0.769300,-0.177100,-0.549700,0.273100,-4.2559,1.8284,10.9208,-0.4854,0.0866,-0.1863,0.357200,0.133000,-0.044200,-0.923400,False,False,True,ReacquiringPd,0.000,-0.57,0.000,False,,,False,,,False
1783432876766,1705,10.4739,-1.9249,2.9442,-0.3038,0.3141,0.4766,-0.638600,0.366200,0.566100,0.371000,-7.8392,-8.3713,21.2559,1.4940,7.8661,2.5227,-0.716600,-0.234300,-0.611500,0.240300,-3.2429,2.3061,10.2272,-0.3012,-0.2315,-0.1040,0.356300,0.129100,-0.041600,-0.924500,False,False,True,ReacquiringPd,0.000,-0.57,0.000,False,,,False,,,False
1783432876777,1706,10.8894,-2.1257,2.4691,-0.0999,0.3836,0.1664,-0.641600,0.366400,0.562000,0.371900,-11.2031,-6.6014,37.1784,1.6106,2.7408,1.0678,-0.693700,-0.264600,-0.627400,0.234800,-2.4955,1.5636,9.7929,-0.2389,-0.2679,-0.0933,0.355400,0.124900,-0.039900,-0.925500,False,False,True,ReacquiringPd,0.000,-0.57,0.000,False,,,False,,,False
1783432876787,1707,10.4977,0.2725,1.8343,0.0823,0.3872,-0.2252,-0.643500,0.362400,0.560400,0.374800,2.9455,-6.2966,17.7068,-0.4528,-4.2462,-1.0437,-0.724600,-0.239300,-0.594200,0.254100,-2.2528,1.6213,9.5046,-0.2503,-0.2162,-0.1103,0.354300,0.121400,-0.037800,-0.926400,False,False,True,ReacquiringPd,0.000,-0.57,0.000,False,,,False,,,False
1783432876798,1708,8.9684,1.9044,1.1032,0.0477,0.2777,-0.4736,-0.643400,0.357400,0.560700,0.379400,5.1785,-1.4773,4.8657,-0.3758,-4.0178,-1.2135,-0.751000,-0.213400,-0.561600,0.274000,-1.9649,1.6464,9.1387,-0.2936,-0.1464,-0.1212,0.353200,0.118400,-0.034800,-0.927400,False,False,True,ReacquiringPd,0.000,-0.57,0.000,False,,,False,,,False
1783432876808,1709,8.1320,0.7852,0.6050,-0.0745,0.2482,-0.5504,-0.642100,0.353000,0.560900,0.385300,-0.9329,-1.1427,9.4863,-0.4532,-4.4863,-1.0774,-0.779000,-0.185400,-0.522700,0.292600,-1.7704,1.6118,9.0075,-0.2931,-0.0261,-0.0867,0.352500,0.116800,-0.031400,-0.927900,False,True,True,ReacquiringPd,0.000,-0.57,0.000,False,,,False,,,False
1783432876819,1710,7.5316,0.0927,0.5166,-0.0876,0.2681,-0.5439,-0.640900,0.348600,0.560900,0.391300,-4.8107,-1.7502,12.5226,-0.4094,-6.4323,-1.2948,-0.814800,-0.148400,-0.462500,0.316500,-1.7972,1.4144,9.0867,-0.2388,0.0775,-0.0667,0.352100,0.116700,-0.028200,-0.928200,False,True,True,ReacquiringPd,0.000,-0.57,0.000,False,,,False,,,False
1783432876830,1711,7.5425,-0.4279,0.4306,-0.0723,0.2811,-0.4653,-0.640200,0.344600,0.560500,0.396600,-5.6143,-0.5722,10.6024,-0.3270,-7.8395,-1.4525,-0.851100,-0.104600,-0.384100,0.342400,-2.1608,1.1355,9.3573,-0.1789,0.1222,-0.0645,0.351500,0.117300,-0.025500,-0.928400,False,True,True,ReacquiringPd,0.000,-0.57,0.000,False,,,False,,,False
1783432876840,1712,7.6461,-0.3562,0.3313,-0.0466,0.2697,-0.3688,-0.639900,0.341100,0.559800,0.400900,-4.7825,0.3211,7.8824,-0.3161,-8.0947,-1.2284,-0.880700,-0.059800,-0.298600,0.362800,-2.0184,1.1137,9.1811,-0.1234,0.1477,-0.0746,0.350800,0.118500,-0.023300,-0.928600,False,True,True,ReacquiringPd,0.000,-0.57,0.000,False,,,False,,,False
1783432876850,1713,7.5927,-0.0007,0.2031,-0.0295,0.1942,-0.2683,-0.639700,0.338500,0.559400,0.404000,-5.7492,0.5456,10.8877,-0.9717,-7.2159,-0.5203,-0.902400,-0.013800,-0.222400,0.368800,-1.9723,0.8709,9.0398,-0.0280,0.2141,-0.0893,0.349800,0.120900,-0.021800,-0.928700,False,True,True,ReacquiringPd,0.000,-0.57,0.000,False,,,False,,,False
1783432876860,1714,7.7689,0.7841,0.0922,-0.0613,0.0154,-0.1516,-0.638700,0.337900,0.559800,0.405600,-12.7518,-5.8340,17.2610,-2.3415,-6.2709,-0.7121,-0.913800,0.044000,-0.161400,0.370200,-2.1300,0.9080,9.1599,0.1211,0.2775,-0.1070,0.348400,0.124700,-0.021900,-0.928800,False,True,True,ReacquiringPd,0.000,-0.57,0.000,False,,,False,,,False
1783432876870,1715,7.9900,1.3507,-0.0894,-0.1764,-0.3097,-0.0322,-0.635600,0.340600,0.561700,0.405600,-22.6836,-9.8168,19.8982,-2.3484,-5.5711,-2.6502,-0.908300,0.102100,-0.106300,0.391400,-2.0920,1.6062,9.0483,0.1451,0.3557,-0.1384,0.346600,0.129500,-0.021800,-0.928800,False,True,True,ReacquiringPd,0.000,-0.57,0.000,False,,,False,,,False
1783432876881,1716,8.1417,1.5664,-0.7822,-0.2298,-0.5626,0.0957,-0.631000,0.346000,0.564700,0.403900,-30.9332,-4.9900,13.0546,-0.4595,-4.9544,-3.9667,-0.892000,0.136900,-0.046600,0.428300,-2.1771,1.4673,9.2402,0.1386,0.4920,-0.1760,0.344400,0.135800,-0.021000,-0.928700,False,True,True,ReacquiringPd,0.000,-0.57,0.000,False,,,False,,,False
1783432876891,1717,9.7353,0.7178,-0.7515,-0.2769,-0.4681,0.2039,-0.627500,0.352000,0.566300,0.402100,-26.8124,1.3286,1.0073,1.7036,-3.8174,-3.2740,-0.877600,0.140300,0.011000,0.458200,-2.0150,1.8680,9.6060,0.1085,0.5999,-0.2427,0.341400,0.143300,-0.019200,-0.928700,False,True,True,ReacquiringPd,0.000,-0.57,0.000,False,,,False,,,False
1783432876902,1718,11.9734,0.0044,-0.6207,-0.0821,-0.2778,0.1468,-0.625800,0.355100,0.567600,0.400100,-24.3065,8.3044,-2.5916,0.7991,-2.3231,-0.7505,-0.873900,0.144900,0.042600,0.462000,-2.8266,1.1698,9.9314,0.0501,0.7846,-0.3923,0.336900,0.152700,-0.015700,-0.929000,False,True,True,ReacquiringPd,0.000,-0.57,0.000,False,,,False,,,False
1783432876912,1719,11.2822,0.2157,-0.8779,0.0680,-0.1548,0.0551,-0.625200,0.355800,0.569100,0.398400,-23.5819,2.0966,-4.7184,-1.2445,-0.7214,1.2423,-0.878200,0.163500,0.041100,0.447600,-3.0842,1.4265,10.0350,0.0062,0.9660,-0.4501,0.331700,0.164000,-0.010900,-0.929000,False,False,True,ReacquiringPd,0.000,-178.64,0.000,False,,,False,,,False
1783432876922,1720,10.2940,1.7110,-0.8183,0.0839,-0.0669,0.0297,-0.625100,0.355700,0.570100,0.397100,-8.7779,-5.3241,-0.3134,0.2570,2.4689,0.5251,-0.882400,0.147200,0.014400,0.446500,-1.8781,0.8962,10.2014,-0.1985,1.3559,-0.5276,0.326000,0.178900,-0.001800,-0.928300,False,False,True,ReacquiringPd,0.000,-178.64,0.000,False,,,False,,,False
1783432876933,1721,10.6499,2.9908,-0.0183,-0.0288,-0.1401,0.0148,-0.624000,0.356800,0.571200,0.396400,2.1555,-5.2543,13.4787,-0.5977,2.3294,-0.1516,-0.880500,0.140900,-0.014400,0.452400,-2.6369,1.1222,10.2897,-0.0879,2.1505,-0.5944,0.319200,0.203400,0.009300,-0.925600,False,False,True,ReacquiringPd,0.000,-178.64,0.000,False,,,False,,,False
1783432876944,1722,11.0570,1.6012,1.0767,0.0450,-0.2671,-0.0450,-0.621900,0.357400,0.573900,0.395100,-3.2474,0.3930,10.3353,-1.1070,3.9363,0.0518,-0.877000,0.130800,-0.064100,0.457900,-1.9357,2.3571,10.2431,-0.0484,3.3849,-0.8062,0.309200,0.242100,0.025400,-0.919300,False,False,True,ReacquiringPd,0.000,-178.64,0.000,False,,,False,,,False
1783432876954,1723,11.5826,-0.9625,3.4522,0.0114,-0.5039,-0.1350,-0.617600,0.358900,0.578600,0.393700,-10.7361,-6.6739,20.9497,-0.5700,3.3235,0.4915,-0.875400,0.117700,-0.104500,0.457000,-1.2181,2.9895,10.9349,-0.4897,5.3825,-1.2503,0.293800,0.301000,0.055500,-0.905500,False,False,True,ReacquiringPd,0.000,-178.64,0.000,False,,,False,,,False
1783432876964,1724,12.3445,-3.7820,3.2737,0.3304,-0.1661,-0.2110,-0.616700,0.355600,0.582700,0.392000,-4.2135,-1.4945,13.6397,0.6691,1.4909,0.2216,-0.875500,0.101700,-0.117400,0.457500,-4.0329,3.2436,12.6548,-1.5423,7.4907,-2.3512,0.266300,0.376800,0.109000,-0.880500,False,False,True,ReacquiringPd,0.000,-178.64,0.000,False,,,False,,,False
1783432876974,1725,12.4162,-1.2626,2.9932,0.3282,0.2119,-0.1363,-0.618900,0.351100,0.583400,0.391500,-4.5232,-4.5429,11.3488,0.1967,0.5568,0.1699,-0.875900,0.096300,-0.122700,0.456600,-10.9775,3.8416,20.1656,-1.7416,8.8012,-2.9060,0.228800,0.461000,0.170200,-0.840300,False,False,True,ReacquiringPd,0.000,-178.64,0.000,False,,,False,,,False
1783432876984,1726,11.5484,1.4711,3.1546,0.1900,0.4243,-0.2163,-0.621700,0.346000,0.582200,0.393500,-2.1730,-1.9309,10.8195,-0.1109,0.2675,0.0223,-0.875500,0.096100,-0.126300,0.456500,-13.3671,7.0371,21.0836,-1.6570,7.9344,-2.9237,0.189400,0.530500,0.226000,-0.794700,False,False,True,ReacquiringPd,0.000,-178.64,0.000,False,,,False,,,False
1783432876994,1727,11.3210,1.4347,2.9695,0.0045,0.4469,-0.3464,-0.623200,0.341300,0.580400,0.397900,-1.8042,-3.3040,9.5913,-0.2931,0.2507,-0.0040,-0.874700,0.098000,-0.130800,0.456300,-7.3190,5.5828,24.0616,-2.1293,5.4163,-2.5261,0.162600,0.570300,0.275900,-0.756500,False,False,True,ReacquiringPd,0.000,-178.64,0.000,False,,,False,,,False
1783432877005,1728,11.7322,-0.6843,2.4055,-0.0630,0.4812,-0.1986,-0.625300,0.337900,0.577300,0.401900,-1.7077,-2.9958,9.4403,-0.3035,0.2343,0.0134,-0.874000,0.100100,-0.135200,0.455900,-2.7121,8.3794,23.5109,1.8127,-0.5688,-0.1124,0.150500,0.567900,0.258200,-0.766900,False,False,True,ReacquiringPd,0.000,-178.64,0.000,False,,,False,,,False
1783432877016,1729,10.9571,-1.6914,1.7161,0.0930,0.3423,0.1884,-0.629000,0.336900,0.574500,0.401000,-1.9710,-2.8955,9.5034,-0.3652,0.2472,0.0100,-0.873100,0.102800,-0.140100,0.455400,4.9121,8.5954,9.0632,1.3609,-2.0127,1.0173,0.157100,0.553900,0.233700,-0.783500,False,False,True,ReacquiringPd,0.000,-178.64,0.000,False,,,False,,,False
1783432877026,1730,8.5973,-1.0516,1.2287,0.2572,0.2035,0.4097,-0.633500,0.336800,0.572600,0.396700,-2.0980,-3.0226,9.3121,-0.4067,0.1928,-0.0255,-0.872100,0.106300,-0.144600,0.455200,2.3498,2.2533,8.5052,0.7862,-2.3999,1.3545,0.171900,0.535300,0.211500,-0.799500,True,False,True,ReacquiringPd,0.000,-178.64,0.000,False,,,False,,,False
1783432877037,1731,6.6142,-0.3482,0.7811,0.2329,0.2294,0.3348,-0.637700,0.336300,0.570600,0.393200,-1.6503,-3.2506,8.7184,-0.3627,0.1434,-0.0178,-0.871300,0.109700,-0.148300,0.454900,-0.1178,0.6093,9.4571,1.0845,-3.3486,1.4641,0.188000,0.507100,0.183200,-0.820900,True,False,True,ReacquiringPd,0.000,-178.64,0.000,False,,,False,,,False
1783432877047,1732,6.4333,-0.6113,0.8120,0.2091,0.2222,0.2294,-0.641200,0.335200,0.569100,0.390700,-1.6727,-3.5537,8.3903,-0.1881,0.1341,0.0451,-0.871000,0.111000,-0.151000,0.454200,-3.4116,0.4519,10.9284,1.0970,-4.6113,1.5157,0.206800,0.464600,0.150900,-0.847700,True,False,True,ReacquiringPd,0.000,-178.64,0.000,False,,,False,,,False
1783432877057,1733,6.4825,-0.7773,0.7571,0.1722,0.2286,0.1806,-0.644400,0.334000,0.567500,0.388800,-1.7683,-3.2716,8.4222,-0.0125,0.0989,0.1055,-0.871400,0.110500,-0.152400,0.453100,-4.5609,-0.0786,10.1062,1.0882,-5.6960,1.6256,0.227900,0.408400,0.114500,-0.876400,True,False,True,ReacquiringPd,0.000,-178.64,0.000,False,,,False,,,False
1783432877068,1734,6.7532,-0.5812,0.5601,0.1912,0.1226,0.1200,-0.646500,0.332800,0.567100,0.386900,-1.8737,-2.7077,8.8828,0.0354,0.1103,0.1459,-0.872000,0.109400,-0.153600,0.451700,-5.9476,-0.2249,10.3876,1.2182,-6.1862,1.6506,0.247900,0.344800,0.074400,-0.902300,True,False,True,ReacquiringPd,0.000,-178.64,0.000,False,,,False,,,False
1783432877079,1735,7.3057,-0.3338,0.0997,0.0973,0.0309,0.0665,-0.647400,0.332300,0.567100,0.385700,-1.8242,-3.2095,8.5673,0.0579,0.1003,0.1825,-0.872900,0.108000,-0.154800,0.449900,-8.1705,0.3005,12.0337,1.4324,-6.3450,1.6229,0.265100,0.277600,0.031100,-0.922900,True,False,True,ReacquiringPd,0.000,-178.64,0.000,False,,,False,,,False
1783432877090,1736,7.7178,-0.2356,-0.4669,-0.0215,-0.0032,0.0028,-0.647200,0.332600,0.567200,0.385700,-1.7771,-3.2204,8.5317,0.1798,0.1416,0.2160,-0.874100,0.104900,-0.155700,0.448000,-10.5930,1.5441,13.8418,1.9755,-5.7192,1.8368,0.280800,0.217600,-0.017400,-0.934600,True,False,True,ReacquiringPd,0.000,-178.64,0.000,False,,,False,,,False
1783432877100,1737,8.0317,-0.4969,-0.7319,-0.1791,-0.0767,-0.1118,-0.645300,0.333700,0.567600,0.387400,-1.7869,-3.7691,8.2456,0.3827,0.1859,0.2417,-0.875600,0.099400,-0.156000,0.446300,-18.9334,4.9002,20.9062,2.1389,-5.1397,2.8474,0.306300,0.163400,-0.068300,-0.935300,True,False,True,ReacquiringPd,0.000,-178.64,0.000,False,,,False,,,False
1783432877110,1738,8.6109,-1.0335,-0.2573,-0.1785,-0.1129,-0.2772,-0.642400,0.333700,0.568900,0.390300,-1.7174,-3.8933,8.2456,0.7315,0.2856,0.2512,-0.877300,0.089400,-0.155400,0.445200,-25.6879,2.7231,16.8839,0.9874,-4.7770,3.5171,0.340400,0.107500,-0.105400,-0.928200,True,False,True,ReacquiringPd,0.000,-178.64,0.000,False,,,False,,,False
1783432877121,1739,10.1577,-1.1651,0.6383,-0.0804,-0.0323,-0.4108,-0.639700,0.331700,0.570600,0.393900,-1.8123,-3.3045,8.8894,0.8942,0.3412,0.2088,-0.878700,0.077500,-0.154500,0.445000,-28.0701,-3.4520,6.1327,-0.2817,-4.4111,2.8039,0.366700,0.050900,-0.124600,-0.920600,True,False,True,ReacquiringPd,0.000,-178.64,0.000,False,,,False,,,False
1783432877131,1740,12.3340,0.5413,1.0399,0.0354,-0.0594,-0.3266,-0.637700,0.329400,0.572800,0.395900,-1.4644,-2.3862,9.7196,0.8292,0.7307,0.3028,-0.879700,0.063800,-0.158300,0.443900,-26.2152,-11.8497,-8.4876,0.5256,-3.2428,0.9748,0.372000,0.014200,-0.146200,-0.916500,False,False,True,ReacquiringPd,0.000,-178.64,0.000,False,,,False,,,False
1783432877142,1741,11.8619,1.0485,0.1916,-0.2374,-0.1070,-0.0402,-0.635700,0.331600,0.572800,0.397300,-2.7107,-1.3522,10.4159,0.3393,1.0632,0.2646,-0.879200,0.053800,-0.168400,0.442400,-26.9066,-7.5794,-12.5716,1.9052,-0.8118,-0.8245,0.360500,0.015200,-0.171700,-0.916700,False,False,True,ReacquiringPd,0.000,-178.64,0.000,False,,,False,,,False
1783432877152,1742,10.6341,-0.0066,-2.1054,-0.4032,-0.1641,0.1557,-0.633500,0.336800,0.571600,0.398100,-2.0346,-1.6177,9.8595,-0.0819,1.5503,0.2034,-0.876900,0.045900,-0.186000,0.440900,-13.5526,6.6126,-0.2704,-0.5925,1.3260,-0.6905,0.355400,0.029100,-0.158800,-0.920700,False,False,True,ReacquiringPd,0.000,-178.64,0.000,False,,,False,,,False
1783432877163,1743,11.1196,-3.2303,-1.8449,0.0252,-0.3029,0.1424,-0.632100,0.339200,0.573700,0.395400,-1.3073,-2.9424,9.9152,-0.1163,2.2805,0.3716,-0.873200,0.033900,-0.211900,0.437600,1.9209,6.6416,17.2124,-2.3435,1.9966,0.8072,0.369000,0.040100,-0.123200,-0.920300,False,False,True,ReacquiringPd,0.000,-178.64,0.000,False,,,False,,,False
1783432877173,1744,12.5916,-2.5722,-1.4990,0.6226,-0.5285,0.1186,-0.631400,0.337800,0.580600,0.387600,-1.9169,-2.8480,9.4570,0.0155,3.3945,0.4409,-0.865800,0.014100,-0.248900,0.433900,1.2048,-5.9582,6.9081,-0.5367,2.9472,1.0910,0.385900,0.069900,-0.103900,-0.914000,False,False,True,ReacquiringPd,0.000,-178.64,0.000,False,,,False,,,False
1783432877184,1745,11.4247,-0.7037,0.5005,0.7988,-0.3967,0.1512,-0.632500,0.334500,0.587000,0.378700,0.3234,-4.1153,9.1462,0.0213,5.3310,0.9760,-0.852500,-0.017900,-0.306100,0.423300,-6.1611,-13.4987,12.4777,0.0651,3.5129,-0.3904,0.385400,0.110800,-0.087300,-0.911900,False,False,True,ReacquiringPd,0.000,-178.64,0.000,False,,,False,,,False
1783432877194,1746,10.8987,1.1412,4.8580,0.5733,-0.0361,0.2240,-0.635600,0.331900,0.589200,0.372400,-3.1120,-2.8565,10.8006,0.2712,7.5906,1.5307,-0.827600,-0.066500,-0.383700,0.404300,-14.5395,18.1047,19.3765,-1.0866,2.6835,-0.4458,0.384500,0.136600,-0.061200,-0.910900,False,False,True,ReacquiringPd,0.000,-178.64,0.000,False,,,False,,,False
1783432877204,1747,12.5602,4.9914,4.3910,-0.0670,0.1441,0.4956,-0.638600,0.335500,0.585900,0.369400,-8.4591,-2.9906,18.3731,-0.5038,9.6962,2.2781,-0.786700,-0.120400,-0.481500,0.367100,-5.1657,-5.5138,14.3756,-0.8775,0.8432,-0.2737,0.383300,0.142200,-0.046700,-0.911400,False,False,True,ReacquiringPd,0.000,-178.64,0.000,False,,,False,,,False
1783432877215,1748,11.0996,1.2217,2.9324,-0.2682,0.1430,0.5716,-0.641000,0.341200,0.581200,0.367300,-15.0155,-4.5318,20.9086,-0.7098,9.3571,2.7503,-0.738300,-0.171600,-0.568800,0.319100,-4.2749,1.4923,10.8268,-0.2481,0.2422,0.0101,0.383900,0.143900,-0.042600,-0.911100,False,False,True,ReacquiringPd,0.000,-178.64,0.000,False,,,False,,,False
1783432877225,1749,10.1130,-2.0764,3.2277,0.0272,0.2936,0.4225,-0.645100,0.342800,0.577300,0.364800,-6.5386,-7.1418,22.1196,0.5030,6.5220,2.7404,-0.699000,-0.220800,-0.618800,0.282200,-2.7043,2.0564,9.6856,-0.0199,0.0656,0.0335,0.384300,0.144600,-0.042100,-0.910800,False,False,True,ReacquiringPd,0.000,-178.64,0.000,False,,,False,,,False
1783432877236,1750,10.5423,-0.6079,2.9137,0.1079,0.3799,0.1427,-0.648900,0.341200,0.574300,0.364300,-11.5927,-5.0837,34.6707,0.0802,1.5970,1.8932,-0.692900,-0.241500,-0.626900,0.261700,-2.4933,1.4912,9.4516,0.0952,0.1614,0.0119,0.384300,0.146900,-0.042300,-0.910500,False,False,True,ReacquiringPd,0.000,-178.64,0.000,False,,,False,,,False
1783432877246,1751,10.1892,2.8680,2.1589,-0.0164,0.3097,-0.2019,-0.650000,0.338600,0.572700,0.367300,3.2899,-5.7073,14.2809,-0.7785,-3.7926,0.9253,-0.727400,-0.229000,-0.592900,0.258800,-2.5261,1.4425,9.4023,0.2182,0.2497,0.0027,0.383900,0.150900,-0.043500,-0.909900,False,False,True,ReacquiringPd,0.000,-178.64,0.000,False,,,False,,,False
1783432877256,1752,9.5027,3.3908,1.6827,-0.3532,0.1630,-0.3739,-0.647900,0.338100,0.571400,0.373400,4.6043,-4.8715,4.4400,-0.2540,-3.3962,0.7422,-0.755200,-0.220600,-0.559900,0.259800,-2.5673,1.6162,9.2849,0.3271,0.3588,-0.0040,0.383400,0.156600,-0.045500,-0.909100,False,False,True,ReacquiringPd,0.000,-178.64,0.000,False,,,False,,,False
1783432877266,1753,7.8652,1.3848,1.1353,-0.5875,0.1385,-0.3995,-0.644400,0.339300,0.569400,0.381300,-0.5116,-5.5480,8.2051,0.0456,-3.6375,0.2406,-0.780700,-0.210400,-0.524000,0.267700,-2.9696,2.2776,9.2474,0.2846,0.3701,-0.0351,0.382600,0.162300,-0.046800,-0.908400,False,True,True,ReacquiringPd,0.000,-178.64,0.000,False,,,False,,,False
1783432877277,1754,7.0702,0.1540,0.8961,-0.5540,0.2246,-0.4259,-0.641500,0.339700,0.566800,0.389500,-3.6743,-6.3401,10.8273,-0.0761,-5.2245,-0.6192,-0.811600,-0.187200,-0.473500,0.286500,-2.9790,2.0918,9.1140,0.2459,0.3099,-0.0607,0.381500,0.167100,-0.047900,-0.907900,False,True,True,ReacquiringPd,0.000,-178.64,0.000,False,,,False,,,False
1783432877287,1755,7.4492,0.0711,0.9608,-0.5118,0.3087,-0.4315,-0.639300,0.339300,0.563800,0.397800,-4.0134,-5.0247,9.1670,-0.1081,-6.4868,-1.3273,-0.842900,-0.154000,-0.409400,0.313500,-2.9798,1.7088,9.0478,0.2459,0.2895,-0.0527,0.380400,0.171700,-0.049100,-0.907400,False,True,True,ReacquiringPd,0.000,-178.64,0.000,False,,,False,,,False
1783432877297,1756,7.7066,0.0615,1.0801,-0.5035,0.3800,-0.3564,-0.638000,0.338900,0.559900,0.405700,-4.2076,-2.8449,8.5772,-0.0798,-6.8490,-1.3365,-0.869700,-0.118500,-0.338300,0.339200,-3.0044,1.9082,8.9158,0.2985,0.2842,-0.0457,0.379300,0.176400,-0.050900,-0.906900,False,True,True,ReacquiringPd,0.000,-178.64,0.000,False,,,False,,,False
1783432877308,1757,7.9695,0.4689,0.9282,-0.4708,0.2991,-0.2850,-0.636600,0.339200,0.556500,0.412400,-5.8437,-0.0688,12.2351,-0.3181,-6.8638,-0.6605,-0.893300,-0.082200,-0.264500,0.354000,-3.0419,2.5749,8.7589,0.1923,0.2269,-0.1049,0.377800,0.180000,-0.051700,-0.906700,False,True,True,ReacquiringPd,0.000,-178.64,0.000,False,,,False,,,False
1783432877318,1758,8.4387,0.5264,0.4138,-0.4514,0.0923,-0.2114,-0.634100,0.340900,0.554400,0.417500,-9.8649,-1.0014,16.5426,-1.7997,-6.8361,-0.0426,-0.914100,-0.031000,-0.194900,0.354100,-3.0242,2.4673,8.8346,0.0064,0.2040,-0.1896,0.375700,0.182600,-0.050300,-0.907200,False,True,True,ReacquiringPd,0.000,-178.64,0.000,False,,,False,,,False
1783432877329,1759,8.8439,-0.0290,-0.3563,-0.4316,-0.1053,-0.1281,-0.630800,0.344000,0.553700,0.420900,-17.2028,-7.3517,20.0090,-3.1457,-6.2309,-0.8164,-0.923400,0.035100,-0.136900,0.356900,-3.2545,2.3216,9.1352,-0.1209,0.2437,-0.2015,0.373700,0.185000,-0.047300,-0.907700,False,True,True,ReacquiringPd,0.000,-178.64,0.000,False,,,False,,,False
1783432877340,1760,8.4727,-0.2314,-0.5171,-0.3475,-0.3924,-0.0320,-0.626300,0.348600,0.555200,0.421800,-27.5179,-3.6610,19.9749,-2.7751,-5.7816,-2.6144,-0.917000,0.097600,-0.080600,0.378400,-3.0291,2.1054,9.1217,-0.1008,0.3958,-0.1939,0.371900,0.189200,-0.043800,-0.907700,False,True,True,ReacquiringPd,0.000,-178.64,0.000,False,,,False,,,False
1783432877350,1761,8.4214,0.4121,-0.4913,-0.2844,-0.5467,0.1349,-0.621900,0.354700,0.557500,0.420200,-30.3888,4.4814,8.9627,-1.0432,-5.2665,-2.6295,-0.906000,0.137300,-0.021600,0.399900,-3.0324,2.0591,9.0542,-0.1192,0.5656,-0.1826,0.370300,0.195200,-0.039300,-0.907300,False,True,True,ReacquiringPd,0.000,-178.64,0.000,False,,,False,,,False
1783432877361,1762,10.4315,-0.3023,-0.1034,-0.3144,-0.2997,0.2428,-0.619600,0.360400,0.557300,0.419100,-27.4811,7.2885,-0.9857,0.6212,-3.7778,-1.6317,-0.898700,0.149700,0.027300,0.411400,-2.8177,2.0178,9.1487,-0.1309,0.8419,-0.2903,0.367600,0.204300,-0.033100,-0.906600,False,True,True,ReacquiringPd,0.000,-178.64,0.000,False,,,False,,,False
1783432877372,1763,11.0553,-0.2596,-0.3604,-0.2478,-0.1507,0.1944,-0.618400,0.364500,0.556400,0.418500,-27.0035,10.8283,-6.1459,-0.8907,-2.1296,0.0538,-0.896200,0.170900,0.046500,0.406800,-2.6681,1.6948,9.5212,-0.0510,1.3533,-0.3290,0.364400,0.219600,-0.025400,-0.904600,False,False,True,ReacquiringPd,0.000,179.28,1.000,True,,,False,,,False
1783432877382,1764,11.0985,-0.3209,-1.2197,-0.2579,-0.0467,0.1061,-0.617300,0.367600,0.555100,0.419100,-19.7243,-1.1432,-8.2764,1.1785,1.0582,-0.3446,-0.897400,0.152200,0.041400,0.412100,-3.2768,1.4658,9.4309,0.0639,2.0361,-0.2781,0.361600,0.243000,-0.016000,-0.900000,False,False,True,Straight,1.000,179.28,1.000,True,,,False,,,False
1783432877392,1765,11.4423,0.4438,-0.4890,-0.2217,0.1329,0.1173,-0.617800,0.369400,0.552500,0.420300,5.5564,7.6070,13.8900,0.0511,3.0449,-1.3215,-0.891500,0.135300,0.009900,0.432200,-2.9618,1.8961,9.4370,0.2325,2.9942,-0.2402,0.358400,0.277600,-0.004300,-0.891300,False,False,True,Straight,1.000,179.28,1.000,True,,,False,,,False
1783432877402,1766,10.6854,0.5042,1.1278,-0.0106,-0.3218,0.0034,-0.615400,0.371300,0.555100,0.418700,-1.6399,8.8510,10.0698,-0.8193,3.9428,0.4839,-0.892100,0.123200,-0.039400,0.432900,-1.6400,3.8594,10.0072,0.3169,4.5810,-0.5105,0.351200,0.329700,0.014600,-0.876200,False,False,True,Straight,1.000,179.28,1.000,True,,,False,,,False
1783432877412,1767,11.4756,-0.2377,2.7680,0.1408,-0.6892,-0.2424,-0.609900,0.372200,0.562400,0.416200,-10.1697,-10.7602,19.2324,-0.3300,3.8231,0.6478,-0.892100,0.105800,-0.084900,0.430900,-2.1643,3.6108,10.3678,-0.0520,7.1355,-0.9605,0.338100,0.406000,0.050400,-0.847500,False,False,True,Straight,1.000,179.28,1.000,True,,,False,,,False
1783432877423,1768,11.4737,-0.9163,3.9197,0.4640,-0.3120,-0.3604,-0.607900,0.367700,0.569000,0.414200,-8.7459,-3.1740,17.0336,1.6130,1.9230,0.2596,-0.893200,0.077300,-0.098000,0.432000,-8.9417,1.2691,15.6969,0.5444,9.8502,-1.4048,0.311600,0.508400,0.092900,-0.797400,False,False,True,Straight,1.000,179.28,1.000,True,,,False,,,False
1783432877434,1769,11.2701,-0.3077,3.9566,0.3945,0.1910,-0.3283,-0.609200,0.361500,0.571200,0.414600,-4.6952,-1.4260,12.6111,1.2797,0.6268,0.3722,-0.895500,0.059200,-0.098600,0.429900,-17.3941,3.8740,20.4394,2.1576,9.6414,-2.0786,0.263600,0.606100,0.121400,-0.740600,False,False,True,Straight,1.000,179.28,1.000,True,,,False,,,False
1783432877445,1770,11.3926,1.5848,3.9986,0.1193,0.4609,-0.3671,-0.611100,0.355600,0.570100,0.418500,-2.7858,-0.1323,11.6990,0.8620,-0.0142,0.1904,-0.897100,0.049500,-0.094100,0.428800,-14.3997,7.2266,22.2969,1.0171,7.6464,-3.0048,0.215100,0.672200,0.159300,-0.690300,False,False,True,Straight,1.000,179.28,1.000,True,,,False,,,False
1783432877455,1771,12.6146,1.8840,3.5662,-0.0478,0.5427,-0.3560,-0.612800,0.350600,0.567400,0.423900,-1.9922,-1.1272,10.3442,0.4345,-0.0891,0.1186,-0.898100,0.045000,-0.091000,0.427800,-12.7024,3.0966,30.8714,1.4227,2.8156,-3.1356,0.170300,0.692900,0.180800,-0.676900,False,False,True,Straight,1.000,179.28,1.000,True,,,False,,,False
1783432877466,1772,12.9462,0.6143,2.9800,-0.1121,0.3974,-0.0865,-0.614600,0.348800,0.564200,0.427000,-1.4132,-1.8658,9.5605,0.2266,-0.0071,0.0957,-0.898800,0.042500,-0.090000,0.427000,-0.7344,8.1952,19.7268,1.5811,-3.7897,-2.3066,0.145500,0.657500,0.179100,-0.717200,False,False,True,Straight,1.000,179.28,1.000,True,,,False,,,False
1783432877476,1773,10.8835,-0.6940,1.9566,-0.0668,0.2444,0.2689,-0.617400,0.349900,0.561000,0.426300,-1.5517,-1.7241,9.4528,0.2289,0.1147,0.0908,-0.899200,0.039300,-0.090300,0.426300,5.2081,7.9555,6.3065,0.6162,-3.9041,-1.2393,0.138000,0.619700,0.176400,-0.752200,False,False,True,Straight,1.000,179.28,1.000,True,,,False,,,False
1783432877487,1774,8.9765,-1.1458,1.1845,0.0369,0.1515,0.5154,-0.621300,0.352400,0.557800,0.422700,-1.8057,-1.4648,9.6886,0.1661,0.1529,0.0771,-0.899500,0.036600,-0.091300,0.425600,1.1522,6.5837,6.6015,0.0370,-3.8060,0.0131,0.146300,0.583000,0.169200,-0.781100,False,False,True,Straight,1.000,179.28,1.000,True,,,False,,,False
1783432877497,1775,7.3074,-0.9077,0.8677,0.1578,0.1860,0.5156,-0.625900,0.353800,0.555000,0.418300,-1.6188,-1.3670,9.3305,0.0671,0.1371,0.0722,-0.899800,0.035100,-0.092700,0.424900,-3.5632,5.3003,9.6176,0.0534,-4.8312,1.1994,0.167700,0.537000,0.150700,-0.812900,True,False,True,Straight,1.000,179.28,1.000,True,,,False,,,False
1783432877507,1776,6.9651,-0.8356,0.8310,0.2479,0.2117,0.4137,-0.630600,0.353700,0.553000,0.414100,-1.5788,-1.2233,9.2567,0.0090,0.2042,0.0677,-0.899900,0.033900,-0.095100,0.424200,-5.8285,3.8540,9.9324,0.1635,-6.2498,1.9897,0.198100,0.475400,0.122000,-0.848400,True,False,True,Straight,1.000,179.28,1.000,True,,,False,,,False
1783432877518,1777,6.8223,-0.9440,0.7534,0.3819,0.1801,0.3347,-0.635200,0.352100,0.552100,0.409600,-1.6862,-1.1299,9.2843,-0.0699,0.2515,0.0518,-0.899900,0.033400,-0.098500,0.423600,-5.5492,2.4533,7.8876,0.1648,-6.8974,2.2351,0.230700,0.403800,0.089300,-0.880800,True,False,True,Straight,1.000,179.28,1.000,True,,,False,,,False
1783432877528,1778,6.5631,-0.3183,0.5036,0.4112,0.1061,0.2180,-0.638800,0.349800,0.552500,0.405400,-1.7554,-1.2613,9.3786,-0.1380,0.2977,0.0399,-0.899600,0.033400,-0.102700,0.423100,-8.0900,2.2399,10.0045,0.4689,-6.8266,2.0940,0.258200,0.330300,0.053400,-0.906300,True,False,True,Straight,1.000,179.28,1.000,True,,,False,,,False
1783432877538,1779,6.5289,-0.0110,-0.1420,0.3687,-0.0305,0.1009,-0.640600,0.347800,0.554300,0.401800,-1.8582,-1.4303,9.3391,-0.1070,0.2849,0.0618,-0.899500,0.033100,-0.106700,0.422300,-10.9927,3.0019,12.0983,1.0948,-6.7261,2.0283,0.280200,0.257300,0.010500,-0.924700,True,False,True,Straight,1.000,179.28,1.000,True,,,False,,,False
1783432877549,1780,6.7471,0.3916,-0.7470,0.2183,-0.2250,-0.0144,-0.639900,0.347100,0.557400,0.399300,-1.8067,-1.3694,9.2980,-0.0909,0.3103,0.1011,-0.899600,0.032400,-0.110900,0.421200,-16.1427,4.1823,16.6524,1.9929,-5.7260,2.6095,0.303900,0.197200,-0.041100,-0.931200,True,False,True,Straight,1.000,179.28,1.000,True,,,False,,,False
1783432877559,1781,6.6352,0.1101,-0.8044,-0.0166,-0.4567,-0.0643,-0.636200,0.349100,0.561300,0.397800,-1.8683,-1.5216,9.2603,-0.0732,0.3317,0.1416,-0.899800,0.031300,-0.115200,0.419600,-24.8954,3.1576,19.8491,1.9792,-5.5024,3.4232,0.335000,0.137900,-0.093500,-0.927400,True,False,True,Straight,1.000,179.28,1.000,True,,,False,,,False
1783432877569,1782,7.5990,-0.3576,0.1057,-0.1187,-0.3463,-0.1592,-0.632400,0.350700,0.564300,0.398300,-2.5609,-1.7567,9.3946,-0.0324,0.2819,0.1466,-0.900200,0.030100,-0.118700,0.417900,-29.3321,3.6776,11.8201,-0.0211,-5.1084,2.7586,0.360100,0.074700,-0.119300,-0.922200,True,False,True,Straight,1.000,179.28,1.000,True,,,False,,,False
1783432877581,1783,11.0644,-0.3090,1.4224,0.0674,-0.1903,-0.2626,-0.630000,0.349300,0.567400,0.399000,-1.6689,-1.5428,9.4652,0.0231,0.3272,0.1151,-0.900300,0.028000,-0.122500,0.416700,-27.0744,-6.4559,-3.1593,-0.0946,-4.3217,1.4264,0.369600,0.022000,-0.138900,-0.918500,True,False,True,Straight,1.000,179.28,1.000,True,,,False,,,False
1783432877591,1784,13.1529,-0.5064,1.6101,0.2221,-0.1735,-0.2170,-0.628600,0.346900,0.570900,0.398200,-1.4878,-1.5380,9.4847,0.0392,0.5853,0.1378,-0.900100,0.024400,-0.129100,0.415400,-27.9280,-8.0231,-10.3513,2.3973,-2.6587,0.1968,0.366100,0.002100,-0.178700,-0.913200,True,False,True,Straight,1.000,179.28,1.000,True,-10.19,,False,,,False
1783432877603,1785,11.7762,1.3379,-0.1440,-0.0539,-0.1220,-0.0301,-0.627300,0.347700,0.571800,0.398200,-1.7925,-1.0991,9.8815,-0.0877,0.9983,0.2055,-0.899500,0.020000,-0.141000,0.413200,-23.4753,1.5648,-9.8953,0.5563,-0.1067,-0.3434,0.361800,0.004100,-0.185500,-0.913600,False,False,True,Straight,1.000,179.28,1.000,True,,,False,,,False
1783432877612,1786,10.0288,0.0096,-1.9595,-0.0505,-0.1836,0.1721,-0.626600,0.350300,0.572400,0.396300,-0.9359,-1.0530,9.9881,-0.1768,1.7520,0.2266,-0.897300,0.012600,-0.161700,0.410600,-6.4691,6.5494,7.8569,-2.2076,2.3235,0.0605,0.367600,0.020600,-0.149700,-0.917600,False,False,True,Straight,1.000,179.28,1.000,True,,,False,,,False
1783432877623,1787,11.4454,-2.3651,-1.0766,0.3035,-0.3275,0.1957,-0.626400,0.351000,0.575700,0.391100,-2.0727,-0.8826,10.2994,-0.2545,2.7401,0.3053,-0.892700,0.000800,-0.193800,0.406800,5.0768,0.3931,10.8058,-1.3252,2.2746,0.9179,0.382300,0.039000,-0.124200,-0.914800,False,False,True,Straight,1.000,179.28,1.000,True,,,False,,,False
1783432877634,1788,13.4075,-1.4941,-0.0736,0.5586,-0.4512,0.2360,-0.626700,0.350600,0.581000,0.383100,-0.1364,-2.9212,9.6038,-0.1963,4.1945,0.6310,-0.884500,-0.019700,-0.241500,0.398700,-4.3463,-11.6743,11.0861,-0.2904,3.8254,0.2865,0.391000,0.080900,-0.102600,-0.911100,False,False,True,Straight,1.000,179.28,1.000,True,,,False,,,False
1783432877643,1789,12.5793,0.3446,2.5091,0.6046,-0.2460,0.1926,-0.628400,0.348500,0.585100,0.376000,-0.5166,-3.4668,9.5803,0.2306,6.2610,1.2734,-0.869000,-0.057100,-0.308500,0.382500,-10.4236,3.5145,19.2893,0.1504,3.6486,-1.1971,0.381400,0.124700,-0.085100,-0.912000,False,False,True,Straight,1.000,179.28,1.000,True,,,False,,,False
1783432877654,1790,11.7619,3.2255,5.0572,0.1152,0.0547,0.3018,-0.630700,0.349500,0.584000,0.372900,-3.7429,-2.3391,12.8994,0.5505,8.6696,2.0133,-0.839500,-0.111700,-0.396600,0.354200,-11.2437,4.5634,16.8748,-1.6026,1.8010,-0.3751,0.381200,0.138100,-0.057500,-0.912300,False,False,True,Straight,1.000,179.28,1.000,True,,,False,,,False
1783432877664,1791,11.5956,4.0214,3.0664,-0.4240,0.1543,0.4193,-0.631800,0.355300,0.579100,0.373200,-12.2716,-2.5334,21.3440,-0.4373,10.1876,2.4633,-0.793400,-0.163200,-0.498400,0.309000,-5.3201,0.9170,11.5488,-0.7074,0.4548,-0.3419,0.378700,0.140200,-0.046600,-0.913600,False,False,True,Straight,1.000,179.28,1.000,True,,,False,,,False
1783432877674,1792,10.7015,-0.6720,3.5494,-0.2123,0.3294,0.4307,-0.635200,0.358500,0.573700,0.372700,-12.8454,-5.4003,20.2828,0.2188,8.9446,2.5984,-0.742000,-0.214800,-0.577400,0.264300,-4.0144,1.3502,10.6603,-0.2341,0.0429,-0.0744,0.378200,0.139800,-0.043500,-0.914100,False,False,True,Straight,1.000,179.28,1.000,True,,,False,,,False
1783432877684,1793,11.0625,-2.4470,3.2738,0.0728,0.4170,0.3681,-0.640200,0.358700,0.569100,0.371000,-7.5761,-7.3056,22.0444,1.8565,6.2031,2.6472,-0.698300,-0.270500,-0.619400,0.235500,-2.6085,1.8787,9.6500,0.0155,-0.0088,0.0199,0.378300,0.139900,-0.043600,-0.914000,False,False,True,Straight,1.000,179.28,1.000,True,,,False,,,False
1783432877695,1794,10.8563,-0.3143,2.5917,0.2213,0.4101,0.0574,-0.644300,0.355400,0.566700,0.370700,-7.2747,-6.9166,36.6177,0.0289,-1.1467,0.4996,-0.708600,-0.271000,-0.607500,0.235300,-2.3364,1.9622,9.2995,-0.0016,0.0509,-0.0125,0.378000,0.140600,-0.043200,-0.914000,False,False,True,Straight,1.000,179.28,1.000,True,,,False,,,False
1783432877705,1795,9.1506,2.4540,1.9311,0.2194,0.2817,-0.3193,-0.645700,0.350100,0.566900,0.372900,5.4127,-5.4086,7.7201,-0.8843,-3.7708,-0.7518,-0.737300,-0.245800,-0.578400,0.247800,-2.4182,1.5688,9.3152,-0.0911,0.1282,-0.0484,0.377600,0.141800,-0.041400,-0.914100,False,False,True,Straight,1.000,179.28,1.000,True,,,False,,,False
1783432877716,1796,8.1139,2.4224,1.4491,-0.1022,0.1848,-0.5442,-0.644000,0.346200,0.567400,0.378800,2.2380,-2.4208,6.0417,-0.5989,-3.4449,-0.8497,-0.760900,-0.223000,-0.550300,0.261700,-2.6389,1.7535,9.2685,-0.1212,0.1731,-0.0461,0.377300,0.143400,-0.039000,-0.914100,False,True,True,Straight,1.000,179.28,1.000,True,,,False,,,False
1783432877727,1797,7.6653,0.8376,1.0473,-0.2283,0.1782,-0.5994,-0.641300,0.343000,0.567600,0.385900,-2.5535,-2.3564,10.8416,-0.4713,-4.4974,-0.8761,-0.789200,-0.197100,-0.510400,0.279000,-2.5959,1.7254,9.1779,-0.0847,0.1471,-0.0367,0.377000,0.144800,-0.037200,-0.914100,False,True,True,Straight,1.000,179.28,1.000,True,,,False,,,False
1783432877737,1798,7.3125,0.3127,0.9789,-0.2198,0.1940,-0.5133,-0.639200,0.340200,0.567200,0.392300,-4.4183,-1.9723,11.3296,-0.4698,-6.1954,-1.0991,-0.823700,-0.162900,-0.451800,0.301400,-2.5034,1.5795,9.0581,-0.0321,0.1572,-0.0408,0.376500,0.146600,-0.035900,-0.914000,False,True,True,Straight,1.000,179.28,1.000,True,,,False,,,False
1783432877747,1799,7.2771,-0.1374,0.8012,-0.2425,0.2076,-0.4394,-0.637500,0.338000,0.566300,0.398400,-4.6912,-0.3146,9.8427,-0.7194,-7.0833,-1.1572,-0.857500,-0.121300,-0.381900,0.322500,-2.5967,1.6333,9.1135,-0.0108,0.1672,-0.0493,0.375900,0.148600,-0.034800,-0.914000,False,True,True,Straight,1.000,179.28,1.000,True,,,False,,,False
1783432877758,1800,7.3846,-0.2929,0.6755,-0.2007,0.2049,-0.3694,-0.636200,0.336000,0.565300,0.403500,-5.5851,0.0819,10.3242,-1.0757,-7.3045,-0.9600,-0.886500,-0.074900,-0.307600,0.337500,-2.6056,1.5791,9.0562,0.0183,0.1770,-0.0603,0.375200,0.150900,-0.033900,-0.914000,False,True,True,Straight,1.000,179.28,1.000,True,,,False,,,False
1783432877768,1801,7.7273,0.3812,0.5391,-0.1665,0.0772,-0.2744,-0.634600,0.335000,0.565100,0.407200,-7.7596,-0.5548,14.3437,-1.4978,-7.1609,-0.7328,-0.908600,-0.024700,-0.233700,0.345300,-2.5699,1.5890,9.0087,0.0416,0.1975,-0.0761,0.374200,0.153500,-0.033200,-0.914000,False,True,True,Straight,1.000,179.28,1.000,True,,,False,,,False
1783432877778,1802,8.1435,0.8815,0.0894,-0.2308,-0.1367,-0.1147,-0.632000,0.336700,0.565600,0.409100,-11.9786,-2.3871,18.5554,-2.4867,-6.7460,-0.9345,-0.921300,0.035800,-0.166900,0.349400,-2.5878,1.7901,9.1400,0.0094,0.2166,-0.1304,0.372700,0.156200,-0.032000,-0.914200,False,True,True,Straight,1.000,179.28,1.000,True,,,False,,,False
1783432877789,1803,8.2325,0.9763,-0.4628,-0.2546,-0.4606,0.0600,-0.627900,0.341500,0.567700,0.408400,-21.4358,-4.4526,23.6789,-3.0360,-6.1586,-2.0696,-0.920000,0.102100,-0.107400,0.362900,-2.4722,1.7616,9.1542,-0.0431,0.2843,-0.1812,0.370700,0.159400,-0.029700,-0.914500,False,True,True,Straight,1.000,179.28,1.000,True,,,False,,,False
1783432877799,1804,8.0791,0.9105,-1.0209,-0.1951,-0.7269,0.2236,-0.623000,0.348300,0.571500,0.404800,-29.7706,-3.6191,17.9261,-1.3799,-6.1142,-3.2101,-0.908200,0.149900,-0.038700,0.388800,-2.9984,1.6501,9.4181,-0.0923,0.4295,-0.2670,0.367900,0.164100,-0.026000,-0.914900,False,True,True,Straight,1.000,179.28,1.000,True,,,False,,,False
1783432877810,1805,9.8265,0.0811,-0.4301,-0.2209,-0.5868,0.3612,-0.619600,0.355600,0.573500,0.401000,-28.0346,-0.5559,1.8668,1.7096,-5.0262,-3.1101,-0.896000,0.156200,0.032800,0.414400,-2.9336,1.8999,9.4248,-0.0812,0.5125,-0.2792,0.364900,0.169800,-0.022100,-0.915200,False,True,True,Straight,1.000,179.28,1.000,True,,,False,10.73,,False
1783432877822,1806,12.1258,-0.2959,-0.1409,0.0462,-0.2414,0.2830,-0.619400,0.358500,0.574400,0.397300,-27.7525,16.2522,-7.3154,-0.0761,-3.0667,-0.4200,-0.891700,0.172900,0.067500,0.412800,-2.6930,1.1365,9.5283,-0.0563,0.7850,-0.3374,0.361200,0.178700,-0.017000,-0.915000,False,True,True,Straight,1.000,179.28,1.000,True,,,False,,,False
1783432877831,1807,11.3933,0.0943,-0.4529,0.2320,-0.0770,0.1267,-0.620500,0.358000,0.575700,0.394200,-27.7110,1.5600,-10.4151,-2.6216,-0.2653,1.1239,-0.891000,0.204400,0.054500,0.401700,-2.0583,0.6812,9.8571,0.1010,1.3127,-0.2716,0.358000,0.194300,-0.011500,-0.913200,False,False,True,Straight,1.000,-178.11,1.000,True,,,False,,,False
1783432877841,1808,10.7511,1.3056,-1.5344,0.0884,0.0494,0.0886,-0.621600,0.357800,0.575400,0.393100,-9.4631,-12.7655,2.4509,1.5580,2.5682,-0.2078,-0.895100,0.174000,0.034100,0.409200,-3.1635,1.2665,9.8405,0.2699,2.0475,-0.2717,0.354300,0.219000,-0.004700,-0.909100,False,False,True,Straight,1.000,-178.11,1.000,True,,,False,,,False
1783432877852,1809,11.1397,2.8949,-0.6359,0.0052,0.0444,0.1116,-0.622400,0.358300,0.574700,0.392300,6.3278,0.8159,13.3211,0.2219,2.5439,-1.3394,-0.889200,0.158000,0.009500,0.429200,-3.0104,1.8669,9.7422,0.3445,2.9145,-0.3321,0.349400,0.253600,0.005300,-0.902000,False,False,True,Straight,1.000,-178.11,1.000,True,,,False,,,False
1783432877862,1810,11.1371,1.3340,0.4936,0.0169,-0.0989,0.0027,-0.621700,0.358700,0.575600,0.391700,-2.8191,9.1852,11.3466,-0.3555,4.3039,-0.2071,-0.886600,0.138700,-0.039900,0.439300,-1.7189,3.7203,10.0201,0.1239,4.4398,-0.7140,0.340000,0.303800,0.025600,-0.889600,False,False,True,Straight,1.000,-178.11,1.000,True,,,False,,,False
1783432877873,1811,11.0483,-0.6075,3.0264,0.0832,-0.6228,-0.1969,-0.616500,0.359700,0.581900,0.389800,-7.3438,-2.8716,17.9260,-0.4420,4.0312,0.9381,-0.887800,0.120900,-0.088700,0.435100,-2.5520,3.8258,10.1252,-0.3788,6.3653,-1.3963,0.322700,0.371500,0.062200,-0.868300,False,False,True,Straight,1.000,-178.11,1.000,True,,,False,,,False
1783432877883,1812,11.5456,-2.6058,3.9570,0.3605,-0.3544,-0.3553,-0.613800,0.356100,0.588000,0.388200,-10.4318,-6.8914,18.3698,1.5452,2.0193,0.3622,-0.889400,0.092400,-0.103400,0.435600,-6.5041,2.4788,14.0933,-0.7325,8.7719,-2.2331,0.292900,0.459500,0.115400,-0.830500,False,False,True,Straight,1.000,-178.11,1.000,True,,,False,,,False
1783432877893,1813,11.7354,-1.3848,3.1909,0.4917,0.1624,-0.3604,-0.615300,0.348900,0.590800,0.388000,-4.7610,-1.6160,12.7361,0.8076,0.5966,0.2830,-0.891100,0.079800,-0.106100,0.434000,-15.4122,3.2069,20.4629,0.5884,9.5559,-2.6882,0.245600,0.553200,0.158800,-0.780000,False,False,True,Straight,1.000,-178.11,1.000,True,,,False,,,False
1783432877904,1814,11.6793,1.9929,3.6386,0.2409,0.4595,-0.3964,-0.617800,0.341900,0.590300,0.391200,-2.7455,-1.4715,11.6141,0.4536,0.1898,0.0718,-0.891600,0.073700,-0.106000,0.433900,-14.2040,7.4210,21.0785,0.0007,8.1490,-3.1809,0.197000,0.622800,0.204800,-0.728900,False,False,True,Straight,1.000,-178.11,1.000,True,,,False,,,False
1783432877914,1815,11.8760,2.4763,3.3888,0.0022,0.5148,-0.4263,-0.619400,0.336200,0.588200,0.396600,-1.6825,-2.0817,9.8072,0.0332,0.0906,0.0066,-0.891600,0.072900,-0.107100,0.433900,-10.4693,5.2210,28.3552,0.0239,4.5694,-2.8929,0.158300,0.655600,0.237900,-0.699000,False,False,True,Straight,1.000,-178.11,1.000,True,,,False,,,False
1783432877924,1816,12.4855,0.2295,2.9614,-0.1327,0.4604,-0.1820,-0.621300,0.333600,0.584800,0.400900,-1.2968,-2.2074,9.4065,-0.1143,0.1673,0.0258,-0.891400,0.073300,-0.109800,0.433600,-1.7665,9.4722,23.5331,1.4204,-2.7824,-0.9211,0.146800,0.630600,0.227400,-0.727400,False,False,True,Straight,1.000,-178.11,1.000,True,,,False,,,False
1783432877935,1817,11.1502,-1.0825,2.0763,-0.0153,0.3366,0.1894,-0.624600,0.333500,0.581400,0.400900,-1.4499,-2.2593,9.3122,-0.0822,0.2900,0.0697,-0.891300,0.072500,-0.113700,0.432900,5.9321,7.1050,7.0277,0.9535,-3.4322,0.2562,0.151400,0.601100,0.210100,-0.756100,False,False,True,Straight,1.000,-178.11,1.000,True,,,False,,,False
1783432877946,1818,9.0155,-0.9447,1.2292,0.0846,0.2321,0.4364,-0.628800,0.334800,0.578200,0.397800,-1.9371,-2.1471,9.6838,-0.1607,0.3028,0.0786,-0.891100,0.072600,-0.118200,0.432000,0.6169,4.3476,8.4399,0.7995,-3.4457,1.0476,0.164200,0.571900,0.187900,-0.781500,False,False,True,Straight,1.000,-178.11,1.000,True,,,False,,,False
1783432877956,1819,7.4295,-0.3736,0.9994,0.1057,0.2017,0.4508,-0.632800,0.336200,0.575300,0.394300,-1.7921,-2.2866,9.1910,-0.2104,0.2596,0.0758,-0.891000,0.073500,-0.122500,0.431000,-3.9530,3.6452,11.2620,0.6325,-4.9445,1.5879,0.186600,0.527100,0.159700,-0.813500,True,False,True,Straight,1.000,-178.11,1.000,True,,,False,,,False
1783432877967,1820,6.5954,-0.5386,0.8979,0.1110,0.2027,0.3935,-0.636700,0.337200,0.572700,0.391200,-1.8431,-2.5586,8.9563,-0.0657,0.2299,0.0954,-0.891100,0.072900,-0.125700,0.430000,-4.7689,1.4823,9.6533,0.3219,-6.3113,1.7464,0.214300,0.465200,0.129500,-0.849100,True,False,True,Straight,1.000,-178.11,1.000,True,,,False,,,False
1783432877978,1821,6.4417,-0.6068,0.8240,0.1683,0.1842,0.3122,-0.640200,0.337200,0.570700,0.388200,-1.9516,-2.2179,9.1049,0.0606,0.1709,0.1171,-0.891500,0.071200,-0.127500,0.428800,-5.2207,-0.4759,8.4484,0.6177,-6.6848,1.6002,0.237800,0.396500,0.095200,-0.881600,True,False,True,Straight,1.000,-178.11,1.000,True,,,False,,,False
1783432877988,1822,6.4818,-0.2917,0.6650,0.1403,0.1333,0.2336,-0.642800,0.337100,0.569400,0.385900,-1.9463,-2.1994,9.0867,0.0994,0.1408,0.1166,-0.892000,0.069200,-0.128900,0.427800,-7.6673,0.3085,11.1166,1.0758,-6.6819,1.3509,0.254500,0.325900,0.056300,-0.908800,True,False,True,Straight,1.000,-178.11,1.000,True,,,False,,,False
1783432877999,1823,6.7242,-0.1901,0.2113,0.0743,0.0428,0.1284,-0.644000,0.337200,0.569000,0.384400,-1.8804,-2.2426,8.9953,0.1480,0.1554,0.1126,-0.892500,0.066600,-0.130100,0.426800,-10.1006,0.6516,13.1193,1.6178,-6.5475,1.2986,0.266400,0.256000,0.011500,-0.929200,True,False,True,Straight,1.000,-178.11,1.000,True,,,False,,,False
1783432878010,1824,6.7723,-0.1576,-0.5367,-0.0262,-0.0881,0.0014,-0.643300,0.337800,0.569600,0.384200,-1.8080,-2.1925,9.1085,0.1825,0.2097,0.1252,-0.892900,0.063300,-0.131700,0.425800,-15.7821,2.3840,19.0356,2.4658,-5.6717,1.8057,0.279500,0.197500,-0.042000,-0.938700,True,False,True,Straight,1.000,-178.11,1.000,True,,,False,,,False
1783432878020,1825,7.1798,-0.7290,-0.4236,-0.1934,-0.1775,-0.1213,-0.640600,0.339400,0.570700,0.385700,-1.9853,-2.2347,9.2025,0.1820,0.2400,0.1587,-0.893500,0.059700,-0.133700,0.424500,-23.1740,0.8143,20.4572,2.4332,-5.6133,2.7386,0.301800,0.137700,-0.096900,-0.938400,True,False,True,Straight,1.000,-178.11,1.000,True,,,False,,,False
1783432878031,1826,8.2623,-0.5397,0.1949,-0.2053,-0.1106,-0.2837,-0.637500,0.339500,0.571800,0.388900,-2.1747,-2.0752,9.3007,0.1958,0.2435,0.1509,-0.894100,0.056100,-0.135700,0.423200,-28.8924,2.1067,13.5454,0.7776,-5.2161,2.5738,0.323500,0.075800,-0.130000,-0.934200,True,False,True,Straight,1.000,-178.11,1.000,True,,,False,,,False
1783432878041,1827,11.6432,-0.0231,1.1505,-0.0694,-0.1088,-0.3561,-0.634700,0.338100,0.573900,0.391700,-2.3743,-2.3014,9.5480,0.1835,0.3207,0.1079,-0.894200,0.052200,-0.138600,0.422500,-27.3656,-6.7740,-2.7592,-0.1208,-4.5016,1.7425,0.336000,0.019600,-0.148300,-0.929900,True,False,True,Straight,1.000,-178.11,1.000,True,,,False,,,False
1783432878051,1828,12.9576,-0.2866,1.2437,0.0703,-0.1830,-0.2060,-0.632600,0.337000,0.576700,0.392000,-1.6205,-1.8229,9.4143,0.1213,0.5123,0.1193,-0.894000,0.048000,-0.143900,0.421600,-28.9144,-9.8344,-10.7971,2.0498,-2.7341,0.6058,0.337100,-0.004800,-0.183600,-0.923400,True,False,True,Straight,1.000,-178.11,1.000,True,-14.18,,False,,,False
1783432878062,1829,11.0004,0.6986,-0.4128,-0.1126,-0.1176,-0.0115,-0.631200,0.338300,0.577200,0.392400,-1.3323,-1.7515,9.4784,0.0223,0.9352,0.1820,-0.893200,0.042500,-0.154500,0.420100,-23.9102,-1.5092,-11.9780,-0.0435,0.1463,-0.0326,0.336900,-0.003200,-0.182500,-0.923700,True,False,True,Straight,1.000,-178.11,1.000,True,,,False,,,False
1783432878072,1830,9.6857,-0.6131,-2.4569,-0.1307,-0.1487,0.1159,-0.630200,0.341000,0.577300,0.391700,-0.9369,-1.7454,9.9076,-0.1062,1.6197,0.3249,-0.891600,0.034600,-0.173400,0.416900,-9.1743,2.9830,7.9998,-2.1155,2.3766,0.3891,0.346300,0.014500,-0.147900,-0.926300,False,False,True,Straight,1.000,-178.11,1.000,True,,,False,,,False
1783432878082,1831,11.2473,-3.0163,-1.6009,0.2193,-0.2825,0.0821,-0.629400,0.341200,0.580300,0.388200,-2.0030,-1.8602,10.1692,-0.0874,2.5991,0.3803,-0.887400,0.021300,-0.203100,0.413300,9.5120,3.0715,15.8683,-1.2287,1.6198,1.1888,0.363000,0.025900,-0.126800,-0.922800,False,False,True,Straight,1.000,-178.11,1.000,True,,,False,,,False
1783432878092,1832,12.9939,-1.1398,-0.8992,0.5638,-0.4829,0.1564,-0.629000,0.340300,0.586200,0.380700,-0.6884,-2.6835,9.3377,-0.2204,3.9776,0.5882,-0.879100,0.001700,-0.248400,0.406700,-2.1549,-9.8638,6.5858,-0.0297,3.7406,0.5137,0.374300,0.068200,-0.109400,-0.918300,False,False,True,Straight,1.000,-178.11,1.000,True,,,False,,,False
1783432878103,1833,11.6818,-0.0002,1.7205,0.6471,-0.3732,0.1447,-0.629700,0.338000,0.591700,0.373100,-0.1465,-3.8445,9.4374,0.1495,6.0134,1.1910,-0.863900,-0.034100,-0.313000,0.393000,-7.4254,-3.3896,15.9032,0.4019,3.9489,-1.0060,0.367200,0.116700,-0.094500,-0.917900,False,False,True,Straight,1.000,-178.11,1.000,True,,,False,,,False
1783432878114,1834,12.0259,2.7999,6.3091,0.2377,0.0543,0.2665,-0.632300,0.337900,0.591300,0.369400,-3.7905,-2.4814,11.9721,0.2401,8.4468,1.7774,-0.834500,-0.084700,-0.400500,0.368800,-14.6813,11.0211,19.8990,-1.4351,2.3161,-0.4027,0.367100,0.137200,-0.066700,-0.917600,False,False,True,Straight,1.000,-178.11,1.000,True,,,False,,,False
1783432878124,1835,12.5583,5.8158,4.2267,-0.4100,0.0833,0.5742,-0.633800,0.345000,0.586400,0.368100,-11.3193,-2.8553,20.9538,-0.6106,10.1222,2.4912,-0.789000,-0.136500,-0.502600,0.326000,-5.0653,-1.3921,12.7316,-0.6467,0.6886,-0.3509,0.364600,0.142600,-0.055400,-0.918500,False,False,True,Straight,1.000,-178.11,1.000,True,,,False,,,False
1783432878135,1836,10.2931,-0.7768,2.8055,-0.4043,0.0540,0.5857,-0.635100,0.352200,0.581600,0.366600,-14.1634,-7.5655,21.0273,0.1202,8.9735,2.9884,-0.739200,-0.191800,-0.581900,0.279700,-3.9922,2.2266,10.4653,-0.2737,0.2780,-0.1021,0.363900,0.144800,-0.050700,-0.918700,False,False,True,Straight,1.000,-178.11,1.000,True,,,False,,,False
1783432878145,1837,10.0443,-3.0720,2.7779,0.0627,0.2917,0.3006,-0.638800,0.352500,0.578300,0.365000,-5.7012,-7.1525,18.7473,1.4104,6.1776,3.0075,-0.698700,-0.247400,-0.624500,0.246300,-2.7834,1.6556,9.8320,-0.1636,0.1062,-0.0484,0.363600,0.145400,-0.048100,-0.918900,False,False,True,Straight,1.000,-178.11,1.000,True,,,False,,,False
1783432878156,1838,10.4384,-0.3085,2.5903,0.2001,0.3948,-0.0791,-0.642200,0.348600,0.576400,0.365900,-10.0413,-8.0318,38.3793,-0.1326,-0.0776,1.0639,-0.703000,-0.254100,-0.620900,0.236200,-2.4821,1.5105,9.4165,-0.0437,0.1723,-0.0523,0.363100,0.147400,-0.046600,-0.918900,False,False,True,Straight,1.000,-178.11,1.000,True,,,False,,,False
1783432878166,1839,9.9469,3.1815,2.0453,0.0941,0.3269,-0.3546,-0.643300,0.343800,0.575800,0.369400,4.3655,-6.4813,9.7394,-0.8600,-3.9911,-0.1729,-0.735400,-0.232900,-0.588000,0.243500,-2.5936,1.7511,9.3342,-0.0370,0.2422,-0.0595,0.362500,0.150200,-0.044800,-0.918700,False,False,True,Straight,1.000,-178.11,1.000,True,,,False,,,False
1783432878178,1840,8.7901,3.0069,1.6036,-0.2422,0.2009,-0.4368,-0.641600,0.341600,0.575000,0.375500,3.7428,-3.1308,4.3238,-0.6123,-3.5643,-0.4188,-0.761500,-0.212800,-0.557500,0.253100,-2.6749,1.8197,9.2723,-0.0821,0.2819,-0.0604,0.362000,0.153200,-0.042400,-0.918500,False,True,True,Straight,1.000,-178.11,1.000,True,,,False,,,False
1783432878188,1841,7.7554,0.9428,1.1231,-0.3752,0.1644,-0.4513,-0.639100,0.340600,0.573900,0.382500,-1.2259,-3.0730,8.7190,-0.6925,-4.0220,-0.6845,-0.788300,-0.188200,-0.522300,0.265300,-2.8527,1.9325,9.2028,-0.0705,0.2747,-0.0602,0.361400,0.156200,-0.040100,-0.918400,False,True,True,Straight,1.000,-178.11,1.000,True,,,False,,,False
1783432878198,1842,7.1633,0.1001,0.9621,-0.3329,0.2010,-0.4453,-0.636900,0.339100,0.572600,0.389200,-4.0824,-3.3453,10.9797,-0.6023,-5.6053,-1.0918,-0.820800,-0.155800,-0.470100,0.284700,-2.9216,1.6661,9.1859,-0.0605,0.2451,-0.0718,0.360700,0.158900,-0.038000,-0.918300,False,True,True,Straight,1.000,-178.11,1.000,True,,,False,,,False
1783432878209,1843,7.1672,-0.3238,0.8716,-0.3151,0.2588,-0.4065,-0.635400,0.337400,0.570800,0.395800,-4.5093,-1.1798,10.1856,-0.6707,-6.8076,-1.3520,-0.854200,-0.115900,-0.403300,0.307000,-2.8958,1.4145,9.1282,-0.0126,0.2190,-0.0602,0.360000,0.161500,-0.036600,-0.918100,False,True,True,Straight,1.000,-178.11,1.000,True,,,False,,,False
1783432878220,1844,7.3558,-0.0037,0.9442,-0.2802,0.3314,-0.3335,-0.634900,0.335600,0.568200,0.401800,-5.1461,0.1286,9.9784,-1.0814,-7.2618,-1.2291,-0.884000,-0.069600,-0.329800,0.324000,-2.9844,1.6440,9.0749,0.0311,0.1907,-0.0558,0.359300,0.164000,-0.035900,-0.918000,False,True,True,Straight,1.000,-178.11,1.000,True,,,False,,,False
1783432878230,1845,7.9640,0.7295,1.0112,-0.2652,0.2601,-0.2357,-0.634400,0.334700,0.565800,0.406600,-6.7442,-0.1492,13.0702,-1.3532,-7.1326,-0.8065,-0.907600,-0.021800,-0.255600,0.332300,-2.9089,1.8517,9.0073,-0.0049,0.1228,-0.0969,0.358100,0.165600,-0.035000,-0.918200,False,True,True,Straight,1.000,-178.11,1.000,True,,,False,,,False
1783432878240,1846,8.5966,1.2274,0.5243,-0.3015,0.0328,-0.0893,-0.632900,0.336300,0.564400,0.409600,-10.7856,-1.0268,17.4221,-2.2012,-6.6652,-0.6868,-0.923100,0.033400,-0.188100,0.333800,-2.6454,1.7425,9.1047,-0.0278,0.1327,-0.1316,0.356600,0.167200,-0.033700,-0.918600,False,True,True,Straight,1.000,-178.11,1.000,True,,,False,,,False
1783432878250,1847,8.7635,0.7806,-0.3033,-0.3631,-0.2881,0.0391,-0.629500,0.340900,0.564700,0.410600,-20.8756,-3.8548,23.0400,-3.1011,-6.1380,-1.5202,-0.926200,0.098400,-0.128700,0.340300,-2.7073,1.6212,9.2475,-0.0131,0.2498,-0.1503,0.354900,0.170200,-0.032000,-0.918700,False,True,True,Straight,1.000,-178.11,1.000,True,,,False,,,False
1783432878261,1848,8.2880,0.0964,-0.6772,-0.2850,-0.5101,0.1742,-0.625600,0.347000,0.566600,0.409000,-30.5053,-3.3059,18.4265,-1.8216,-6.0491,-2.8500,-0.918100,0.149700,-0.062200,0.361800,-3.2027,1.8789,9.2211,-0.0328,0.3414,-0.1968,0.352700,0.174100,-0.029500,-0.918900,False,True,True,Straight,1.000,-178.11,1.000,True,,,False,,,False
1783432878271,1849,9.2688,-0.3246,-0.6210,-0.2789,-0.4831,0.3106,-0.622500,0.353800,0.567600,0.406400,-30.1029,-2.1570,2.7118,1.1951,-5.1325,-2.9893,-0.908100,0.161400,0.007900,0.386400,-2.7952,1.8408,9.2761,-0.0712,0.4917,-0.2401,0.350100,0.179700,-0.025900,-0.918900,False,True,True,Straight,1.000,-178.11,1.000,True,,,False,6.45,,False
1783432878282,1850,11.6419,-0.3007,-0.1585,-0.0705,-0.1653,0.2554,-0.622200,0.357000,0.567400,0.404200,-27.1024,12.8811,-6.2477,0.7477,-2.9306,-1.3297,-0.902000,0.167000,0.047500,0.395200,-2.6561,1.3711,9.3990,-0.0257,0.8201,-0.3444,0.346400,0.189200,-0.021100,-0.918600,False,True,True,Straight,1.000,-178.11,1.000,True,,,False,,,False
1783432878292,1851,11.5560,-0.0044,-0.4393,0.1081,-0.0826,0.1375,-0.622800,0.357600,0.568100,0.401900,-25.2518,0.3106,-10.3290,-2.0315,-0.4577,0.3033,-0.898700,0.192400,0.041900,0.391900,-2.3156,0.8247,9.8574,0.1190,1.4600,-0.2639,0.343200,0.206600,-0.015400,-0.916100,False,False,True,Straight,1.000,-179.15,1.000,True,,,False,,,False
1783432878303,1852,11.6853,0.8545,-1.1247,0.0322,0.0851,0.0873,-0.623900,0.357500,0.567200,0.401400,-11.0376,-0.7562,2.7577,2.5137,3.1502,-0.8745,-0.900900,0.148100,0.020800,0.407400,-3.1264,1.0023,9.7084,0.3266,2.1989,-0.2328,0.339900,0.233300,-0.009000,-0.911000,False,False,True,Straight,1.000,-179.15,1.000,True,,,False,,,False
1783432878314,1853,11.4497,1.7518,-0.1639,0.1242,0.1037,0.1021,-0.625700,0.356800,0.566600,0.400100,4.7629,5.0937,15.0418,-0.3668,3.1851,-1.3181,-0.893500,0.135700,-0.014700,0.427700,-2.9303,2.2220,9.5201,0.3908,3.1600,-0.2990,0.335300,0.270900,0.000900,-0.902300,False,False,True,Straight,1.000,-179.15,1.000,True,,,False,,,False
1783432878325,1854,10.8690,0.7379,1.4551,0.1700,-0.3972,-0.0090,-0.623600,0.357400,0.570700,0.397200,-4.1900,8.8861,12.9460,-0.4202,4.1798,0.4547,-0.893300,0.117800,-0.064500,0.429000,-1.9219,3.9082,10.1629,0.1389,4.7027,-0.7500,0.325600,0.324000,0.021700,-0.888000,False,False,True,Straight,1.000,-179.15,1.000,True,,,False,,,False
1783432878335,1855,10.8482,-0.1557,3.3542,0.1987,-0.6150,-0.2037,-0.619000,0.357400,0.577400,0.394600,-13.1129,-12.5206,20.1752,0.1894,3.2370,0.7479,-0.894200,0.097700,-0.100800,0.425200,-2.9298,4.4174,10.2438,-0.3885,6.7351,-1.4261,0.308200,0.395600,0.059200,-0.863100,False,False,True,Straight,1.000,-179.15,1.000,True,,,False,,,False
1783432878346,1856,11.5769,-0.9782,3.9158,0.3924,-0.2680,-0.2980,-0.617300,0.353600,0.582800,0.392800,-4.2300,0.7668,14.5767,1.5375,1.2991,0.2974,-0.895700,0.073300,-0.107700,0.425100,-8.2534,2.2321,15.0711,-0.5889,9.0873,-2.2693,0.277800,0.486800,0.111300,-0.820700,False,False,True,Straight,1.000,-179.15,1.000,True,,,False,,,False
1783432878357,1857,11.4823,-0.1904,3.5117,0.2262,0.1994,-0.2567,-0.618400,0.349000,0.583500,0.394000,-4.3081,-2.1236,12.0085,0.7843,0.3787,0.1323,-0.896600,0.062300,-0.108000,0.424900,-15.9406,3.9259,19.9460,0.8973,9.2869,-2.7003,0.229700,0.577600,0.150000,-0.768800,False,False,True,Straight,1.000,-179.15,1.000,True,,,False,,,False
1783432878367,1858,10.9042,1.5892,3.6328,0.0403,0.4019,-0.3802,-0.619600,0.343900,0.582300,0.398400,-2.2886,-1.5025,10.5229,0.2902,0.0376,-0.0019,-0.896800,0.058900,-0.107100,0.425300,-12.8216,7.8070,20.8421,0.0429,7.7105,-3.3327,0.181600,0.642300,0.194900,-0.718700,False,False,True,Straight,1.000,-179.15,1.000,True,,,False,,,False
1783432878378,1859,11.4203,1.8531,3.2521,-0.1726,0.4905,-0.4157,-0.620300,0.339800,0.579500,0.404900,-1.6843,-1.5895,9.8433,-0.0849,0.1158,-0.0184,-0.896500,0.059300,-0.109000,0.425400,-11.6573,5.9181,30.2520,0.5445,3.5295,-2.7411,0.143800,0.667400,0.219800,-0.696800,False,False,True,Straight,1.000,-179.15,1.000,True,,,False,,,False
1783432878388,1860,11.8736,0.1037,2.7004,-0.2491,0.4235,-0.1493,-0.621500,0.338500,0.575600,0.409700,-1.3095,-2.2836,9.0643,-0.1084,0.2183,0.0252,-0.896200,0.059300,-0.112300,0.425000,-0.5407,10.6256,20.7752,1.4825,-3.3276,-0.6927,0.134400,0.638300,0.206400,-0.729300,False,False,True,Straight,1.000,-179.15,1.000,True,,,False,,,False
1783432878399,1861,10.4297,-1.0236,1.8710,-0.1092,0.2505,0.1907,-0.623800,0.339400,0.572300,0.410000,-1.7292,-2.0965,9.3350,0.0380,0.3173,0.0620,-0.896100,0.057200,-0.115900,0.424600,5.3980,6.8618,7.0198,0.6181,-3.6027,0.3957,0.142300,0.606600,0.191400,-0.758400,False,False,True,Straight,1.000,-179.15,1.000,True,,,False,,,False
1783432878410,1862,8.4101,-1.3506,1.1621,0.0099,0.1533,0.3878,-0.626900,0.341300,0.569500,0.407600,-1.9657,-1.9944,9.4292,0.0580,0.3015,0.0681,-0.896100,0.054800,-0.119200,0.424000,0.6924,4.0924,8.1093,0.4480,-3.7136,1.1188,0.158300,0.574000,0.171800,-0.784900,True,False,True,Straight,1.000,-179.15,1.000,True,,,False,,,False
1783432878420,1863,7.2022,-0.6490,0.9210,0.0791,0.1573,0.3959,-0.630400,0.342700,0.567000,0.404600,-1.9413,-2.0350,9.3349,0.0754,0.2620,0.1012,-0.896300,0.052500,-0.122000,0.423100,-3.5558,3.0644,10.7691,0.4855,-4.9368,1.5640,0.180600,0.528400,0.145600,-0.816700,True,False,True,Straight,1.000,-179.15,1.000,True,,,False,,,False
1783432878431,1864,6.8213,-0.7323,0.7571,0.1094,0.1753,0.3415,-0.633800,0.343300,0.564800,0.401800,-2.0606,-2.0155,9.3219,0.1506,0.1893,0.1311,-0.896800,0.049600,-0.123600,0.421900,-5.6325,1.6521,10.4436,0.4388,-6.4814,1.7114,0.206400,0.464200,0.114600,-0.853700,True,False,True,Straight,1.000,-179.15,1.000,True,,,False,,,False
1783432878441,1865,7.0284,-0.4934,0.6040,0.1918,0.1371,0.2818,-0.637000,0.343100,0.563500,0.398800,-2.0809,-1.6961,9.3150,0.2223,0.1213,0.1492,-0.897600,0.046300,-0.124000,0.420500,-5.5560,-0.0946,8.4203,0.7279,-7.0495,1.5959,0.228500,0.391000,0.078800,-0.888100,True,False,True,Straight,1.000,-179.15,1.000,True,,,False,,,False
1783432878452,1866,6.9831,0.0825,0.4862,0.1620,0.1038,0.1982,-0.639400,0.342600,0.562600,0.396500,-2.0408,-1.5421,9.2955,0.1859,0.1153,0.1549,-0.898300,0.043400,-0.124600,0.419100,-7.3610,0.2642,9.9733,1.3105,-6.9404,1.3997,0.243700,0.317300,0.037200,-0.915700,True,False,True,Straight,1.000,-179.15,1.000,True,,,False,,,False
1783432878462,1867,6.9819,-0.0561,0.2215,0.0429,0.0285,0.1305,-0.640400,0.343100,0.562100,0.395200,-1.9756,-1.8838,9.0541,0.1567,0.1253,0.1955,-0.899200,0.040700,-0.125500,0.417100,-9.3904,0.9461,12.1980,1.9507,-6.3312,1.3675,0.253700,0.250000,-0.010000,-0.934400,True,False,True,Straight,1.000,-179.15,1.000,True,,,False,,,False
1783432878473,1868,7.0027,-0.7754,-0.3245,-0.0364,-0.1466,0.0369,-0.639400,0.344300,0.563000,0.394500,-1.7907,-1.5882,9.0758,0.1552,0.1935,0.2278,-0.900200,0.037700,-0.127100,0.414800,-17.8985,2.6088,20.5944,2.6204,-5.5091,2.0496,0.268000,0.192600,-0.064600,-0.941800,True,False,True,Straight,1.000,-179.15,1.000,True,,,False,,,False
1783432878483,1869,7.6216,-1.3623,-0.2323,-0.0021,-0.2241,-0.1112,-0.637300,0.344600,0.565300,0.394400,-2.3892,-1.4121,9.5032,0.0986,0.2441,0.1775,-0.900800,0.035000,-0.129600,0.413000,-24.6347,2.2833,19.5624,1.9604,-5.4835,2.9692,0.293000,0.131300,-0.113000,-0.940300,True,False,True,Straight,1.000,-179.15,1.000,True,,,False,,,False
1783432878493,1870,8.8711,-0.8706,0.3410,0.0743,-0.1275,-0.3138,-0.635200,0.342400,0.568000,0.395800,-2.1853,-1.7383,9.4443,0.0818,0.3351,0.1191,-0.900900,0.032200,-0.133200,0.411800,-30.5932,4.7163,10.5106,-0.4058,-5.0121,3.0041,0.321100,0.066100,-0.131300,-0.935600,True,False,True,Straight,1.000,-179.15,1.000,True,,,False,,,False
1783432878504,1871,11.9186,0.8281,1.1979,0.1434,-0.1526,-0.3134,-0.633100,0.339800,0.571300,0.396500,-1.7370,-1.6439,9.4311,0.0897,0.5165,0.1551,-0.900900,0.028400,-0.138800,0.410400,-28.4948,-8.5740,-6.6455,-0.2903,-3.8569,2.2029,0.340200,0.016000,-0.145100,-0.928900,True,False,True,Straight,1.000,-179.15,1.000,True,-11.75,,False,,,False
1783432878514,1872,12.2167,0.8610,0.9117,-0.0513,-0.1859,-0.0445,-0.631400,0.340800,0.572800,0.396400,-2.0373,-1.1096,9.7503,-0.0572,0.8389,0.1920,-0.900300,0.024400,-0.148800,0.408300,-29.5493,-8.5120,-12.5426,2.5011,-1.9101,0.9195,0.346600,0.002800,-0.182300,-0.920100,True,False,True,Straight,1.000,-179.15,1.000,True,,,False,,,False
1783432878526,1873,10.8538,0.9647,-0.8212,-0.3908,-0.1866,0.1702,-0.629200,0.346000,0.571600,0.397000,-1.1113,-0.9824,10.0089,-0.2153,1.4961,0.1715,-0.898200,0.018900,-0.166900,0.406300,-18.8310,4.2426,-9.8326,-0.8380,1.4653,0.1144,0.351100,0.015800,-0.166300,-0.921300,False,False,True,Straight,1.000,-179.15,1.000,True,,,False,,,False
1783432878536,1874,10.9775,-2.1598,-1.4249,-0.2246,-0.2641,0.1916,-0.627300,0.350500,0.571800,0.395900,-1.8684,-1.3186,10.1080,-0.3144,2.4412,0.2288,-0.893800,0.009600,-0.196000,0.403400,-0.1907,4.5242,18.6544,-2.0676,2.3330,0.9745,0.367100,0.031600,-0.132300,-0.920200,False,False,True,Straight,1.000,-179.15,1.000,True,,,False,,,False
1783432878546,1875,12.4628,-2.5385,-0.4771,0.4483,-0.4654,0.0788,-0.626300,0.349800,0.577400,0.390000,-1.0460,-2.5083,9.8195,-0.3350,3.6765,0.4528,-0.886000,-0.006200,-0.238700,0.397400,0.8309,-7.9749,6.8864,-0.4566,3.2476,1.1957,0.385900,0.065000,-0.112500,-0.913400,False,False,True,Straight,1.000,-179.15,1.000,True,,,False,,,False
1783432878557,1876,12.1411,-0.4313,1.2691,0.5623,-0.4167,0.1305,-0.626300,0.348300,0.582800,0.383000,0.1993,-4.0887,9.3265,0.0094,5.5889,1.1036,-0.872600,-0.037300,-0.300000,0.383700,-7.6426,-13.7347,15.7888,-0.0207,3.9104,-0.7567,0.382200,0.110600,-0.092600,-0.912800,False,False,True,Straight,1.000,-179.15,1.000,True,,,False,,,False
1783432878568,1877,11.0571,1.4598,4.2651,0.3745,-0.1648,0.2441,-0.627900,0.348000,0.584900,0.377600,-2.8969,-2.8821,10.9794,0.4262,8.0988,1.8767,-0.846300,-0.087400,-0.383700,0.358900,-12.9564,18.0213,17.3530,-0.8457,2.5579,-0.6592,0.378400,0.136600,-0.069600,-0.912900,False,False,True,Straight,1.000,-179.15,1.000,True,,,False,,,False
1783432878578,1878,11.5165,4.1448,3.7132,-0.2128,0.0070,0.4580,-0.629200,0.352900,0.581900,0.375500,-10.1045,-1.8862,20.2613,-0.4792,10.2257,2.4679,-0.801700,-0.139000,-0.487800,0.316300,-6.0801,-4.3855,14.9725,-1.0845,1.1145,-0.5123,0.375200,0.144700,-0.051000,-0.914200,False,False,True,Straight,1.000,-179.15,1.000,True,,,False,,,False
1783432878588,1879,10.9627,0.9981,2.8685,-0.3573,0.1249,0.5066,-0.630900,0.358800,0.577000,0.374600,-14.7733,-7.0126,21.3641,-0.1024,9.1451,2.8605,-0.751800,-0.190400,-0.571300,0.268800,-4.2978,2.0657,10.9327,-0.5201,0.2813,-0.2051,0.373800,0.145700,-0.043200,-0.915000,False,False,True,Straight,1.000,-179.15,1.000,True,,,False,,,False
1783432878598,1880,10.7412,-1.7604,3.1862,0.0007,0.2948,0.4640,-0.635200,0.360700,0.572600,0.372200,-2.1661,-9.1275,17.3553,2.2684,6.6671,3.2156,-0.706100,-0.255900,-0.615900,0.237700,-3.0911,1.9025,9.9397,-0.2614,0.0640,-0.1122,0.372900,0.145500,-0.039600,-0.915500,False,False,True,Straight,1.000,-179.15,1.000,True,,,False,,,False
1783432878609,1881,11.5343,-0.5491,2.8516,0.1349,0.3743,0.2549,-0.639600,0.359700,0.569100,0.370900,-14.2094,-7.0343,40.4300,0.7770,1.6107,1.1968,-0.694600,-0.276600,-0.623800,0.227900,-2.7515,1.3096,9.6670,-0.1172,0.0958,-0.0740,0.372200,0.146200,-0.037600,-0.915800,False,False,True,Straight,1.000,-179.15,1.000,True,,,False,,,False
1783432878619,1882,10.9996,2.0330,2.2797,0.1289,0.3129,-0.1126,-0.641900,0.356400,0.567800,0.372200,2.7877,-8.9025,14.3265,-1.1451,-4.3088,-0.9263,-0.728500,-0.246500,-0.591700,0.241600,-2.6212,1.4463,9.4798,-0.0487,0.1765,-0.0596,0.371500,0.148200,-0.036000,-0.915800,False,False,True,Straight,1.000,-179.15,1.000,True,,,False,,,False
1783432878630,1883,9.3385,2.3754,1.8043,-0.0763,0.1700,-0.4030,-0.640900,0.353400,0.567900,0.376700,3.7517,-3.8654,5.3629,-0.3407,-4.0843,-1.3169,-0.754900,-0.220800,-0.558600,0.263400,-2.6712,1.6689,9.3855,-0.0538,0.2390,-0.0368,0.371200,0.150800,-0.034100,-0.915600,False,False,True,Straight,1.000,-179.15,1.000,True,,,False,,,False
1783432878641,1884,8.0182,0.9005,1.1445,-0.1938,0.1327,-0.5180,-0.638500,0.350600,0.568200,0.382800,-1.2345,-0.8929,9.5234,-0.1578,-4.5677,-1.1526,-0.782200,-0.195600,-0.518000,0.285500,-2.7514,1.9583,9.2522,-0.0513,0.2584,-0.0447,0.370700,0.153700,-0.032100,-0.915400,False,True,True,Straight,1.000,-179.15,1.000,True,,,False,,,False
1783432878651,1885,7.0047,0.3333,0.9333,-0.1296,0.2071,-0.5160,-0.636900,0.346900,0.568200,0.388700,-4.4660,-0.4795,12.1575,-0.5970,-6.2677,-0.9756,-0.818400,-0.160200,-0.459400,0.305700,-2.8842,1.5482,9.2146,-0.0546,0.2257,-0.0688,0.370000,0.156200,-0.030100,-0.915300,False,True,True,Straight,1.000,-179.15,1.000,True,,,False,,,False
1783432878662,1886,6.5624,0.1430,0.8897,-0.1558,0.2853,-0.4851,-0.635900,0.343300,0.567300,0.394900,-4.7062,0.0542,9.9138,-0.8400,-7.4375,-0.8874,-0.855800,-0.117200,-0.386100,0.323700,-2.7636,1.3755,9.1430,-0.0168,0.2010,-0.0673,0.369200,0.158500,-0.028800,-0.915300,False,True,True,Straight,1.000,-179.15,1.000,True,,,False,,,False
1783432878672,1887,6.8869,-0.0386,0.9036,-0.1613,0.3223,-0.3815,-0.635600,0.340300,0.565600,0.400500,-4.9935,0.2234,9.0338,-1.0139,-7.5430,-0.7725,-0.886700,-0.071300,-0.308800,0.336800,-2.8265,1.5160,9.0126,0.0026,0.1884,-0.0700,0.368300,0.160900,-0.027700,-0.915200,False,True,True,Straight,1.000,-179.15,1.000,True,,,False,,,False
1783432878682,1888,6.9708,0.2306,0.8498,-0.1341,0.2778,-0.2825,-0.635600,0.337900,0.563900,0.404800,-7.1925,-1.3291,13.1803,-1.3113,-7.1797,-0.6781,-0.908900,-0.023400,-0.233800,0.344400,-2.9761,1.7848,8.9615,-0.0381,0.1272,-0.0983,0.367200,0.162300,-0.026300,-0.915500,False,True,True,Straight,1.000,-179.15,1.000,True,,,False,,,False
1783432878692,1889,7.6167,0.8839,0.5967,-0.1963,0.0662,-0.1624,-0.634400,0.338000,0.563100,0.407800,-11.4762,-3.7867,17.1768,-2.2363,-6.5398,-1.1993,-0.920000,0.034000,-0.168400,0.352300,-2.6729,1.5113,9.0504,-0.0536,0.0835,-0.1318,0.365700,0.163200,-0.025000,-0.916000,False,True,True,Straight,1.000,-179.15,1.000,True,,,False,,,False
1783432878702,1890,8.0650,1.2136,0.0910,-0.3121,-0.3815,-0.0140,-0.630300,0.342300,0.564600,0.408400,-22.5234,-5.6576,22.1432,-2.6623,-5.7992,-2.6070,-0.916100,0.095800,-0.111500,0.373000,-2.4895,1.6163,9.1447,-0.0377,0.1885,-0.1620,0.363900,0.165300,-0.023200,-0.916400,False,True,True,Straight,1.000,-179.15,1.000,True,,,False,,,False
1783432878712,1891,8.4021,0.7067,-0.7242,-0.3564,-0.7234,0.1542,-0.624400,0.349900,0.567800,0.406600,-31.3134,-1.6655,15.5003,-1.0407,-5.5963,-3.4187,-0.903500,0.138400,-0.047700,0.402800,-3.0401,1.6029,9.3300,-0.0592,0.2846,-0.2070,0.361600,0.168500,-0.020700,-0.916800,False,True,True,Straight,1.000,-179.15,1.000,True,,,False,,,False
1783432878722,1892,10.1131,-0.4493,-1.0897,-0.4052,-0.5706,0.2890,-0.620000,0.357900,0.568900,0.404700,-29.7849,0.1696,0.7571,1.4120,-4.5521,-2.6922,-0.892900,0.146900,0.015700,0.425300,-2.7000,1.9027,9.4437,-0.0965,0.4273,-0.2578,0.358800,0.173200,-0.017000,-0.917100,False,True,True,Straight,1.000,-179.15,1.000,True,,,False,,,False
1783432878733,1893,12.3116,-0.5901,-0.5185,0.0005,-0.2525,0.1874,-0.619100,0.360500,0.570100,0.402100,-26.5794,13.4708,-5.2126,0.1182,-2.3289,-0.9009,-0.887400,0.157900,0.044000,0.430900,-2.6207,1.1670,9.5529,-0.0593,0.7609,-0.3411,0.355000,0.181800,-0.012100,-0.916900,False,True,True,Straight,1.000,-179.15,1.000,True,,,False,8.28,,False
1783432878744,1894,11.6460,-0.1423,-0.9059,0.1747,-0.1727,0.0362,-0.618800,0.360300,0.572200,0.399800,-26.7756,4.1146,-5.5790,-1.3816,-0.3929,1.0724,-0.890000,0.176000,0.038700,0.418900,-1.7300,0.8472,9.9697,0.0598,1.4235,-0.2960,0.351500,0.198500,-0.005700,-0.914900,False,False,True,Straight,1.000,-178.73,1.000,True,,,False,,,False
1783432878755,1895,11.5868,1.2452,-1.1968,0.0607,-0.0536,0.0370,-0.618900,0.360400,0.572700,0.398900,-6.7880,-2.7389,4.6781,1.7971,2.3111,0.3620,-0.896300,0.144000,0.021500,0.418800,-2.9629,0.8542,9.9553,0.2486,2.3068,-0.3052,0.347300,0.226000,0.002500,-0.910100,False,False,True,Straight,1.000,-178.73,1.000,True,,,False,,,False
1783432878765,1896,11.3999,2.1508,-0.3773,0.0628,-0.1630,0.0993,-0.618500,0.361400,0.573900,0.396900,5.1993,-1.7888,11.0001,-0.6071,2.6904,-0.5342,-0.892600,0.136600,-0.011100,0.429400,-2.4376,2.0794,9.7231,0.3612,3.4189,-0.3944,0.341200,0.266300,0.014400,-0.901400,False,False,True,Straight,1.000,-178.73,1.000,True,,,False,,,False
1783432878776,1897,10.2915,0.8092,0.6395,0.1983,-0.3275,-0.0562,-0.616700,0.361100,0.577700,0.394400,-3.1886,5.0474,10.9259,-0.6172,4.1736,0.2963,-0.891400,0.120900,-0.061500,0.432500,-1.5555,3.6342,10.3497,0.0144,5.1889,-0.8748,0.329500,0.324100,0.039400,-0.885900,False,False,True,Straight,1.000,-178.73,1.000,True,,,False,,,False
1783432878786,1898,10.2055,-0.1560,3.2211,0.3087,-0.6652,-0.2250,-0.612100,0.360400,0.585400,0.390900,-13.1427,-10.6859,21.0117,0.2265,3.4996,0.8208,-0.892600,0.098800,-0.100600,0.428300,-3.6372,3.6277,10.6237,-0.5045,7.3270,-1.6195,0.308500,0.400900,0.081500,-0.858800,False,False,True,Straight,1.000,-178.73,1.000,True,,,False,,,False
1783432878797,1899,11.5720,-1.8351,4.1829,0.5479,-0.2664,-0.4026,-0.610600,0.354500,0.591900,0.388800,-4.3994,0.4562,15.0698,1.7614,1.2630,0.3739,-0.894800,0.071900,-0.105900,0.427700,-8.1787,2.1896,16.0448,-0.5430,9.6403,-2.3785,0.273400,0.496600,0.135800,-0.812500,False,False,True,Straight,1.000,-178.73,1.000,True,,,False,,,False
1783432878807,1900,11.9949,-1.1288,4.0234,0.5425,0.3371,-0.4821,-0.613100,0.345200,0.594100,0.389900,-4.3828,-2.4153,11.9365,0.9791,0.3865,0.2229,-0.896300,0.058600,-0.105300,0.426700,-16.8956,4.1883,21.3613,0.4207,9.6642,-2.6885,0.225000,0.587400,0.180100,-0.756200,False,False,True,Straight,1.000,-178.73,1.000,True,,,False,,,False
1783432878817,1901,11.8978,1.9900,3.9261,0.2252,0.6242,-0.4996,-0.616200,0.336700,0.592600,0.394700,-2.8666,-1.0570,11.3469,0.3538,-0.0188,0.0203,-0.896700,0.054800,-0.103400,0.426800,-10.8725,5.9910,21.4238,-0.0218,7.5784,-2.9529,0.179000,0.649200,0.222400,-0.705000,False,False,True,Straight,1.000,-178.73,1.000,True,,,False,,,False
1783432878827,1902,12.5608,2.5814,3.3348,-0.0027,0.6018,-0.3935,-0.618700,0.330800,0.589600,0.400300,-1.7131,-1.6830,9.8730,-0.0341,0.0073,-0.0303,-0.896600,0.055200,-0.103900,0.427000,-11.8469,5.5266,33.4757,0.8607,1.8289,-2.0494,0.148800,0.661000,0.235400,-0.696800,False,False,True,Straight,1.000,-178.73,1.000,True,,,False,,,False
1783432878838,1903,12.2056,0.6190,2.5985,-0.1269,0.3890,-0.0141,-0.620900,0.329700,0.586000,0.402900,-1.3022,-2.2055,9.2581,-0.0635,0.0765,0.0106,-0.896500,0.055500,-0.105300,0.426800,3.6302,9.9687,15.4292,1.1493,-3.6235,-0.4821,0.145600,0.629300,0.222400,-0.730300,False,False,True,Straight,1.000,-178.73,1.000,True,,,False,,,False
1783432878858,1905,8.3307,-1.2519,1.0110,0.0482,0.1594,0.6386,-0.629100,0.335400,0.578400,0.396400,-1.6065,-1.9016,9.2570,0.2358,0.2572,0.0399,-0.896600,0.049300,-0.109000,0.426400,1.3788,4.1616,8.4104,0.5741,-3.6850,0.6622,0.168500,0.564700,0.187100,-0.785900,False,False,True,Straight,1.000,-178.73,1.000,True,,,False,,,False
1783432878869,1906,6.8471,-0.7380,0.7242,0.1255,0.1679,0.5614,-0.633600,0.337600,0.575400,0.391700,-1.6925,-1.6735,9.3562,0.2378,0.2607,0.0409,-0.896600,0.045300,-0.110800,0.426300,-4.6672,3.1239,11.0707,0.5857,-5.6035,1.4537,0.191500,0.512400,0.158600,-0.822000,True,False,True,Straight,1.000,-178.73,1.000,True,,,False,,,False
1783432878879,1907,6.5290,-0.6653,0.6569,0.1749,0.1538,0.4126,-0.637500,0.338400,0.573300,0.387800,-1.7998,-1.5551,9.3693,0.2073,0.2228,0.0637,-0.896800,0.041700,-0.112400,0.425900,-5.6647,1.0540,9.5427,0.4806,-6.7480,1.6032,0.217600,0.445200,0.126600,-0.859300,True,False,True,Straight,1.000,-178.73,1.000,True,,,False,,,False
1783432878890,1908,6.6466,-0.4918,0.5751,0.2152,0.1263,0.2706,-0.640600,0.338000,0.572200,0.384600,-1.8127,-1.3348,9.3714,0.1480,0.1756,0.0912,-0.897100,0.039000,-0.113800,0.425100,-5.8978,0.1780,8.8546,0.8365,-6.9484,1.5372,0.239700,0.373300,0.089600,-0.891700,True,False,True,Straight,1.000,-178.73,1.000,True,,,False,,,False
1783432878900,1909,6.6847,-0.2156,0.3571,0.1969,0.0711,0.1243,-0.642600,0.336900,0.572100,0.382500,-1.7257,-1.3497,9.3372,0.0376,0.2046,0.0947,-0.897300,0.037400,-0.116200,0.424100,-8.4118,0.9064,11.2230,1.2912,-6.7390,1.4073,0.256000,0.301900,0.048000,-0.917000,True,False,True,Straight,1.000,-178.73,1.000,True,,,False,,,False
1783432878911,1910,6.9537,-0.0565,-0.1807,0.1323,-0.0698,0.0022,-0.642600,0.336200,0.573300,0.381200,-1.7138,-1.4946,9.2231,-0.0319,0.2860,0.1263,-0.897600,0.036100,-0.119800,0.422700,-11.2349,2.1709,13.4972,2.1315,-6.0075,1.7143,0.270400,0.239600,-0.002400,-0.932400,True,False,True,Straight,1.000,-178.73,1.000,True,,,False,,,False
1783432878921,1911,7.0120,-0.0615,-0.6704,-0.0356,-0.2327,-0.1026,-0.640300,0.336800,0.575400,0.381300,-1.8126,-1.6686,9.2364,-0.0412,0.3238,0.1941,-0.898100,0.034600,-0.123900,0.420500,-20.0788,3.3698,21.4043,2.4930,-5.4596,2.8202,0.294800,0.183200,-0.058400,-0.936000,True,False,True,Straight,1.000,-178.73,1.000,True,,,False,,,False
1783432878932,1912,7.1451,-0.4667,-0.3143,-0.1697,-0.2985,-0.1996,-0.636500,0.338100,0.577900,0.382800,-2.2959,-1.5724,9.5152,0.0002,0.3498,0.2370,-0.898800,0.032400,-0.128100,0.417900,-25.9943,0.0482,17.6001,1.4560,-5.4076,3.2327,0.324400,0.122200,-0.102600,-0.932400,True,False,True,Straight,1.000,-178.73,1.000,True,,,False,,,False
1783432878942,1913,9.0939,-0.0908,0.2940,-0.1776,-0.1913,-0.3424,-0.632800,0.338000,0.580000,0.386000,-2.3337,-1.8979,9.4129,0.0266,0.2957,0.1677,-0.899300,0.030300,-0.131500,0.416100,-28.7314,0.7714,6.7282,-0.7098,-5.0087,2.2822,0.344800,0.057500,-0.118000,-0.929400,True,False,True,Straight,1.000,-178.73,1.000,True,,,False,,,False
1783432878952,1914,12.2880,-0.0280,1.1841,-0.0162,-0.1960,-0.3198,-0.629700,0.336700,0.582800,0.387800,-1.7224,-1.7014,9.3776,0.0918,0.4656,0.1842,-0.899500,0.026600,-0.136500,0.414200,-26.9051,-10.5526,-6.7910,0.7177,-3.7559,1.0635,0.350700,0.015200,-0.143200,-0.925400,True,False,True,Straight,1.000,-178.73,1.000,True,,,False,,,False
1783432878963,1915,12.3752,-0.4516,0.5469,0.0448,-0.2154,-0.1335,-0.627700,0.336400,0.585300,0.387600,-1.5632,-1.4765,9.6542,0.0790,0.8057,0.2835,-0.899600,0.021100,-0.145400,0.411300,-27.2468,-4.7356,-10.3298,1.7363,-1.8635,-0.2096,0.344300,0.001600,-0.171300,-0.923100,True,False,True,Straight,1.000,-178.73,1.000,True,-12.42,,False,,,False
1783432878974,1916,10.8175,0.2124,-1.6571,-0.0800,-0.1708,0.1044,-0.626600,0.338600,0.585900,0.386600,-0.9432,-1.3084,10.0037,0.0201,1.4130,0.3480,-0.898700,0.013000,-0.161400,0.407700,-23.7617,0.0486,-5.2479,-0.9220,0.5546,-0.3825,0.341000,0.004900,-0.158200,-0.926600,False,False,True,Straight,1.000,-178.73,1.000,True,,,False,,,False
1783432878984,1917,10.4118,-1.5697,-1.9313,0.0714,-0.2725,0.1955,-0.625900,0.340800,0.587600,0.383300,-1.9424,-0.8030,10.1719,-0.0557,2.3925,0.3760,-0.895300,0.000800,-0.188700,0.403500,4.3747,4.3077,14.1914,-2.1659,1.4986,0.5379,0.350000,0.012100,-0.126700,-0.928100,False,False,True,Straight,1.000,-178.73,1.000,True,,,False,,,False
1783432878995,1918,12.0317,-1.4742,-0.7870,0.4521,-0.4003,0.1422,-0.625500,0.340100,0.592300,0.377100,-0.7820,-2.1759,10.0504,-0.0490,3.7305,0.5719,-0.888400,-0.018800,-0.230600,0.396400,5.0995,-4.7818,5.6200,0.0667,3.0965,0.8235,0.364000,0.047100,-0.113900,-0.923200,False,False,True,Straight,1.000,-178.73,1.000,True,,,False,,,False
1783432879005,1919,12.3093,0.2762,1.2225,0.4304,-0.3821,0.1720,-0.625300,0.339800,0.596600,0.370900,0.2196,-3.6967,9.4438,0.3374,5.8067,1.2519,-0.875400,-0.054700,-0.292500,0.381000,-6.6559,-9.6410,12.8178,0.4325,4.5857,-0.4417,0.364500,0.102600,-0.097500,-0.920400,False,False,True,Straight,1.000,-178.73,1.000,True,,,False,,,False
1783432879016,1920,11.7339,1.6623,5.1175,0.1377,0.0567,0.2492,-0.627500,0.340300,0.595800,0.368100,-3.1604,-2.1548,11.8936,0.8378,8.3194,2.1192,-0.849400,-0.110800,-0.376400,0.352900,-16.1806,17.9640,20.5921,-0.8153,2.9736,-0.7216,0.360500,0.133900,-0.073500,-0.920200,False,False,True,Straight,1.000,-178.73,1.000,True,,,False,,,False
1783432879027,1921,13.4370,5.7632,4.7370,-0.6069,0.1343,0.6398,-0.628800,0.349200,0.589200,0.368100,-9.8785,-2.7223,21.5071,0.0270,10.3270,2.6898,-0.805200,-0.168000,-0.478600,0.307100,-7.1014,-6.5535,15.9954,-1.0808,1.2264,-0.4087,0.358500,0.143600,-0.054700,-0.920800,False,False,True,Straight,1.000,-178.73,1.000,True,,,False,,,False
1783432879037,1922,11.5425,1.0162,3.1575,-0.6607,0.2177,0.7440,-0.630900,0.358800,0.581200,0.368000,-13.4888,-3.9716,21.0948,0.2826,9.4444,2.6965,-0.752600,-0.221700,-0.563200,0.259500,-4.8136,1.8651,11.4706,-0.2745,0.2613,-0.1180,0.357600,0.145600,-0.050100,-0.921100,False,False,True,Straight,1.000,-178.73,1.000,True,,,False,,,False
1783432879047,1923,11.3676,-2.6100,3.2282,-0.3183,0.3618,0.5442,-0.634600,0.363600,0.574400,0.367600,-3.6666,-7.6065,16.3090,2.2351,6.9044,2.8515,-0.703600,-0.283900,-0.610200,0.228100,-3.1842,2.0255,10.0994,0.0201,-0.0846,0.0393,0.357900,0.144900,-0.050600,-0.921100,False,False,True,Straight,1.000,-178.73,1.000,True,,,False,,,False
1783432879058,1924,11.6227,-1.5057,2.6302,-0.0509,0.4089,0.0951,-0.637800,0.362700,0.570500,0.369100,-14.1662,-6.9707,41.1889,0.2197,1.5905,0.9633,-0.693300,-0.297500,-0.620000,0.215600,-2.4838,2.0374,9.5579,0.1101,-0.0837,0.0475,0.358000,0.144500,-0.052200,-0.921000,False,False,True,Straight,1.000,-178.73,1.000,True,,,False,,,False
1783432879068,1925,9.9201,1.5734,1.9760,0.0062,0.3696,-0.3499,-0.638800,0.358400,0.569200,0.373500,1.8057,-9.8310,13.6173,-0.8681,-4.1438,-1.3460,-0.724100,-0.267800,-0.590300,0.235700,-2.3274,1.8308,9.3659,0.1127,-0.0210,0.0185,0.357900,0.144900,-0.053500,-0.920900,False,False,True,Straight,1.000,-178.73,1.000,True,,,False,,,False
1783432879078,1926,8.6591,2.6233,1.4364,-0.1641,0.2527,-0.6163,-0.637000,0.354100,0.569200,0.380600,3.2771,-2.4209,4.4044,-0.1624,-4.1686,-1.8827,-0.748800,-0.239500,-0.558300,0.265200,-2.0878,1.8969,9.0629,0.1042,0.0787,-0.0083,0.357500,0.146400,-0.054200,-0.920800,False,False,True,Straight,1.000,-178.73,1.000,True,,,False,,,False
1783432879089,1927,7.1882,1.3899,1.1000,-0.4354,0.2147,-0.6282,-0.633600,0.352100,0.568100,0.389700,-0.2984,0.4075,7.0047,-0.5049,-4.3978,-1.5130,-0.774800,-0.209000,-0.522200,0.288700,-2.2549,2.2060,8.8674,0.0606,0.1424,-0.0335,0.356900,0.148400,-0.054100,-0.920700,False,True,True,Straight,1.000,-178.73,1.000,True,,,False,,,False
1783432879101,1928,6.7133,0.4059,1.0126,-0.4680,0.2516,-0.5685,-0.630500,0.350500,0.566400,0.398600,-4.2498,-0.9647,10.8209,-0.7959,-5.6681,-1.0754,-0.808000,-0.173100,-0.471400,0.308100,-2.2336,2.0366,8.8862,-0.0312,0.1756,-0.0503,0.356400,0.150500,-0.052700,-0.920600,False,True,True,Straight,1.000,-178.73,1.000,True,,,False,,,False
1783432879112,1929,6.4937,-0.0873,0.9028,-0.4804,0.2585,-0.5240,-0.627600,0.349200,0.564200,0.407200,-4.8014,-1.9885,9.8663,-0.6283,-6.9261,-1.0117,-0.843200,-0.133200,-0.404100,0.328600,-2.5120,1.7884,9.0356,-0.0958,0.1658,-0.0623,0.355800,0.152100,-0.050700,-0.920700,False,True,True,Straight,1.000,-178.73,1.000,True,,,False,,,False
1783432879123,1930,6.9219,-0.1845,0.7175,-0.4815,0.2389,-0.4217,-0.625000,0.348800,0.561700,0.415000,-5.2570,-1.2611,9.4976,-0.6702,-7.2021,-1.0228,-0.873000,-0.090600,-0.330800,0.346800,-2.4655,1.7999,9.0727,-0.0786,0.1464,-0.0724,0.355100,0.153600,-0.048900,-0.920800,False,True,True,Straight,1.000,-178.73,1.000,True,,,False,,,False
1783432879133,1931,7.7932,-0.1415,0.2922,-0.4192,0.1320,-0.2569,-0.622800,0.349500,0.559600,0.420500,-7.5923,-1.6085,13.4989,-1.2187,-7.0617,-1.0277,-0.895500,-0.041900,-0.258700,0.359700,-2.4430,1.8235,9.0753,-0.0557,0.1592,-0.0764,0.354300,0.155400,-0.047300,-0.920900,False,True,True,Straight,1.000,-178.73,1.000,True,,,False,,,False
1783432879143,1932,8.3580,0.0043,-0.5000,-0.3334,-0.1166,-0.0776,-0.620100,0.352200,0.559100,0.422900,-11.0290,-2.7580,18.1833,-2.1002,-6.8094,-1.1484,-0.909800,0.016400,-0.191300,0.368000,-2.4556,1.8438,9.1035,-0.0084,0.2011,-0.0920,0.353200,0.157800,-0.046000,-0.921000,False,True,True,Straight,1.000,-178.73,1.000,True,,,False,,,False
1783432879153,1933,8.5500,-0.2621,-1.1269,-0.1877,-0.4375,0.0849,-0.616600,0.356500,0.561200,0.421600,-19.2629,-3.4634,22.7376,-3.0925,-6.0684,-1.9355,-0.911100,0.084200,-0.135200,0.380100,-2.3372,2.1549,9.2560,-0.0468,0.2710,-0.1490,0.351600,0.160900,-0.043800,-0.921200,False,True,True,Straight,1.000,-178.73,1.000,True,,,False,,,False
1783432879163,1934,8.3162,-0.1221,-1.1452,0.0097,-0.6991,0.2247,-0.612900,0.361700,0.565600,0.416700,-30.2472,-4.1413,20.0630,-2.2812,-5.8552,-2.9713,-0.901000,0.142900,-0.075600,0.402700,-2.4090,1.9169,9.0914,-0.2216,0.4109,-0.2676,0.349100,0.164900,-0.038800,-0.921700,False,True,True,Straight,1.000,-178.73,1.000,True,,,False,,,False
1783432879173,1935,9.6728,0.6129,-0.1775,0.0210,-0.6045,0.3774,-0.610700,0.367300,0.568600,0.410900,-29.8905,-1.4691,4.2664,1.0467,-5.1725,-3.2292,-0.888700,0.160000,-0.006000,0.429600,-2.9223,1.9220,9.4914,-0.2223,0.5469,-0.3126,0.346000,0.170500,-0.033100,-0.922000,False,True,True,Straight,1.000,-178.73,1.000,True,,,False,,,False
1783432879184,1936,12.3342,0.3613,0.5991,0.0992,-0.2277,0.3554,-0.611300,0.370200,0.569200,0.406400,-28.5054,14.6131,-6.5434,0.7945,-3.5580,-0.8712,-0.884800,0.170400,0.039600,0.431800,-2.9328,1.5085,9.4944,-0.1424,0.6732,-0.2976,0.343000,0.177900,-0.027800,-0.921900,False,True,True,Straight,1.000,-178.73,1.000,True,,,False,6.36,,False
1783432879194,1937,11.4346,0.7494,0.2158,0.1472,-0.0848,0.1684,-0.612300,0.370700,0.569900,0.403700,-28.5612,6.2740,-10.2492,-2.1138,-1.0914,1.3029,-0.886300,0.200300,0.037400,0.415900,-2.6293,0.9211,9.5988,0.0482,1.0295,-0.2765,0.339900,0.190100,-0.023200,-0.920700,False,False,True,Straight,1.000,-179.98,1.000,True,,,False,,,False
1783432879205,1938,10.2538,0.6318,-1.1978,0.0086,0.0783,0.0242,-0.613000,0.370400,0.569200,0.403800,-9.4200,-9.4292,-1.4667,2.3534,2.4882,0.2530,-0.893800,0.161300,0.021300,0.417800,-2.0386,1.2979,10.0707,0.2282,1.6803,-0.2795,0.336400,0.210600,-0.018000,-0.917700,False,False,True,Straight,1.000,-179.98,1.000,True,,,False,,,False
1783432879215,1939,10.5682,2.2890,-0.7602,0.0048,0.0915,-0.0388,-0.613400,0.369600,0.568800,0.404500,3.1243,-1.5195,15.6771,-0.1337,2.5965,-1.2479,-0.887200,0.148900,-0.006000,0.436700,-2.9253,1.6490,9.9433,0.2676,2.5740,-0.3727,0.331700,0.241300,-0.009100,-0.912000,False,False,True,Straight,1.000,-179.98,1.000,True,,,False,,,False
1783432879225,1940,11.2365,1.8637,0.7321,0.0529,-0.0798,-0.1202,-0.612500,0.368800,0.570200,0.404600,-2.7043,10.9600,11.9782,-0.1891,3.8306,0.0296,-0.885700,0.130000,-0.049700,0.443000,-1.4083,3.3261,9.9742,0.2153,4.0367,-0.6525,0.323500,0.288000,0.007200,-0.901300,False,False,True,Straight,1.000,-179.98,1.000,True,,,False,,,False
1783432879238,1941,11.9417,-0.1736,2.6316,0.1688,-0.5668,-0.2842,-0.607700,0.368300,0.576700,0.403000,-6.5602,-5.8360,16.0526,-0.1647,3.4787,1.0170,-0.888000,0.111900,-0.090800,0.436700,-1.3476,3.8577,10.5015,-0.2067,6.1731,-1.1725,0.309400,0.355700,0.038800,-0.881100,False,False,True,Straight,1.000,-179.98,1.000,True,,,False,,,False
1783432879247,1942,11.8004,-1.7992,3.5381,0.4110,-0.3348,-0.3236,-0.605500,0.364500,0.582800,0.400900,-9.4557,-6.6920,16.9635,1.6112,2.0954,0.3496,-0.889300,0.082100,-0.105900,0.437300,-5.5259,3.0549,12.5799,-0.5499,8.7727,-1.9032,0.284600,0.446900,0.087000,-0.843700,False,False,True,Straight,1.000,-179.98,1.000,True,,,False,,,False
1783432879257,1943,11.3831,-1.0642,3.2990,0.4467,0.0248,-0.2633,-0.606400,0.359100,0.586100,0.399800,-4.8104,-0.4879,13.5372,1.0895,0.5948,0.3112,-0.891200,0.066400,-0.107000,0.435700,-13.2837,2.4216,19.6137,0.6917,9.8547,-2.5304,0.241000,0.546600,0.128100,-0.791700,False,False,True,Straight,1.000,-179.98,1.000,True,,,False,,,False
1783432879267,1944,10.8558,0.9819,3.6586,0.2827,0.3309,-0.3821,-0.608200,0.352500,0.586700,0.402100,-2.9454,-0.6448,11.9867,0.5021,0.0946,0.0545,-0.891800,0.060300,-0.105600,0.435800,-16.0127,8.1050,21.7511,0.2674,8.5496,-3.1691,0.192600,0.623200,0.172000,-0.738200,False,False,True,Straight,1.000,-179.98,1.000,True,,,False,,,False
1783432879277,1945,11.2478,1.7426,3.3640,0.1014,0.4965,-0.4751,-0.609800,0.345700,0.585500,0.407100,-1.5813,-1.8146,9.9083,0.0005,0.0243,-0.0352,-0.891600,0.060200,-0.106000,0.436100,-7.8855,5.6727,22.9283,0.0655,5.7144,-3.0656,0.150800,0.667300,0.208500,-0.698900,False,False,True,Straight,1.000,-179.98,1.000,True,,,False,,,False
1783432879288,1946,12.3059,0.6175,2.8980,-0.0122,0.5008,-0.2584,-0.612100,0.341300,0.582800,0.411300,-1.2803,-2.2181,9.4155,-0.0823,0.1000,-0.0117,-0.891400,0.060600,-0.107700,0.436100,-6.9252,8.6895,29.2364,1.2062,-1.8908,-1.1272,0.135700,0.649700,0.203700,-0.719700,False,False,True,Straight,1.000,-179.98,1.000,True,,,False,,,False
1783432879298,1947,11.3257,-0.4721,2.1684,0.0497,0.3306,0.1627,-0.615600,0.340400,0.579800,0.411200,-1.3717,-2.1485,9.3095,-0.0559,0.1994,0.0245,-0.891200,0.060100,-0.110400,0.435700,6.2312,8.0432,7.6752,0.7536,-3.6143,0.1015,0.139600,0.617900,0.189700,-0.750200,False,False,True,Straight,1.000,-179.98,1.000,True,,,False,,,False
1783432879309,1948,9.3532,-0.7577,1.2768,0.0974,0.1938,0.5010,-0.620000,0.342300,0.576700,0.407400,-1.7022,-2.0078,9.4845,-0.0203,0.2264,0.0370,-0.891100,0.059100,-0.113300,0.435400,1.8026,4.6265,7.2351,0.2524,-3.1901,0.7404,0.152100,0.589400,0.175900,-0.773600,False,False,True,Straight,1.000,-179.98,1.000,True,,,False,,,False
1783432879320,1949,7.5999,-0.5468,0.8203,0.1116,0.1504,0.5633,-0.624400,0.344600,0.573600,0.402900,-1.5762,-1.8368,9.3295,-0.0519,0.2156,0.0465,-0.891100,0.058500,-0.116200,0.434800,-3.5292,3.8409,10.8051,0.1753,-4.4496,1.2774,0.172700,0.548300,0.156000,-0.803200,True,False,True,Straight,1.000,-179.98,1.000,True,,,False,,,False
1783432879330,1950,6.8255,-0.6635,0.7206,0.1586,0.1483,0.4482,-0.628400,0.345800,0.571400,0.398800,-1.5205,-1.9787,9.0917,-0.0424,0.2453,0.0572,-0.891000,0.057600,-0.119300,0.434200,-5.0219,2.3182,10.1078,0.0147,-6.0978,1.5197,0.199300,0.488200,0.131700,-0.839400,True,False,True,Straight,1.000,-179.98,1.000,True,,,False,,,False
1783432879341,1951,6.4719,-0.7473,0.6490,0.2800,0.1900,0.2749,-0.632300,0.344600,0.570100,0.395500,-1.7245,-1.9805,9.2079,-0.0022,0.2462,0.0730,-0.891100,0.056200,-0.122300,0.433500,-5.0160,0.4722,8.1049,0.3302,-6.7460,1.4518,0.222900,0.418600,0.102000,-0.874500,True,False,True,Straight,1.000,-179.98,1.000,True,,,False,,,False
1783432879351,1952,7.0274,-0.2163,0.5677,0.2938,0.1414,0.1495,-0.635400,0.342600,0.569800,0.392800,-1.7891,-1.7361,9.3394,-0.0341,0.2332,0.0757,-0.891100,0.055200,-0.125300,0.432600,-6.6322,1.0350,9.6646,0.8695,-6.7372,1.3303,0.240700,0.347300,0.066300,-0.903900,True,False,True,Straight,1.000,-179.98,1.000,True,,,False,,,False
1783432879361,1953,7.1584,0.1277,0.1525,0.2367,0.0581,0.0816,-0.637200,0.341000,0.570100,0.390700,-1.8913,-1.8891,9.3628,-0.0623,0.2187,0.0804,-0.891200,0.054600,-0.128300,0.431700,-9.9135,2.5153,13.2740,1.2644,-6.7251,1.3762,0.255400,0.274700,0.025500,-0.926600,True,False,True,Straight,1.000,-179.98,1.000,True,,,False,,,False
1783432879372,1954,7.0313,0.1959,-0.6050,0.1331,-0.0850,-0.0205,-0.637100,0.340200,0.571600,0.389500,-1.9000,-2.1129,9.1576,-0.0323,0.2118,0.1044,-0.891400,0.053700,-0.131000,0.430500,-13.3346,3.8412,15.6145,2.0079,-6.1842,1.8484,0.271000,0.208800,-0.024000,-0.939300,True,False,True,Straight,1.000,-179.98,1.000,True,,,False,,,False
1783432879382,1955,7.1064,-0.0137,-0.7524,-0.1074,-0.1989,-0.1159,-0.634600,0.341100,0.573100,0.390300,-1.8199,-2.0146,9.1087,0.0088,0.2404,0.1376,-0.891800,0.052200,-0.133900,0.429000,-22.2772,1.9786,19.8183,2.6659,-5.4436,2.8811,0.295300,0.152100,-0.081300,-0.939700,True,False,True,Straight,1.000,-179.98,1.000,True,,,False,,,False
1783432879392,1956,7.5360,-0.2127,-0.0660,-0.2234,-0.2222,-0.2318,-0.631000,0.342300,0.574800,0.392800,-2.0453,-2.1061,9.1784,0.0791,0.2637,0.1402,-0.892200,0.049700,-0.136700,0.427700,-27.6021,1.5648,13.7967,1.4236,-5.0778,2.8108,0.319600,0.094300,-0.121900,-0.934900,True,False,True,Straight,1.000,-179.98,1.000,True,,,False,,,False
1783432879403,1957,10.3529,0.1226,0.9225,-0.1345,-0.1712,-0.3597,-0.627400,0.341600,0.577100,0.395800,-1.9607,-2.0739,9.3738,0.1234,0.3351,0.1227,-0.892300,0.046300,-0.140000,0.426600,-28.4863,-3.5370,0.0156,-0.2010,-4.2748,1.7497,0.333200,0.040500,-0.138600,-0.931700,True,False,True,Straight,1.000,-179.98,1.000,True,,,False,,,False
1783432879413,1958,12.7861,-0.4173,1.1475,0.0296,-0.2008,-0.2308,-0.624900,0.340700,0.579800,0.396500,-1.6562,-1.9511,9.4168,0.0962,0.5100,0.1383,-0.892200,0.042400,-0.145400,0.425400,-27.8105,-10.4055,-9.9000,1.6518,-2.6860,0.5639,0.334000,0.015000,-0.169200,-0.927100,True,False,True,Straight,1.000,-179.98,1.000,True,-12.75,,False,,,False
1783432879424,1959,11.7813,0.3246,-0.4696,0.1148,-0.2088,-0.0202,-0.623800,0.340600,0.582100,0.394900,-1.4702,-1.5749,9.6024,0.0143,0.9127,0.2050,-0.891600,0.037000,-0.155700,0.423500,-25.9371,-1.7262,-9.0854,0.5722,-0.3236,-0.3672,0.328800,0.014500,-0.177100,-0.927500,True,False,True,Straight,1.000,-179.98,1.000,True,,,False,,,False
1783432879434,1960,10.7801,-0.3225,-1.9128,0.0090,-0.1067,0.1708,-0.623900,0.342300,0.582300,0.393100,-1.3380,-1.7512,10.0104,-0.1463,1.4885,0.3065,-0.890100,0.030200,-0.173400,0.420300,-7.1566,3.7127,6.0707,-3.3378,2.0541,0.2000,0.335800,0.024200,-0.129800,-0.932600,False,False,True,Straight,1.000,-179.98,1.000,True,,,False,,,False
1783432879444,1961,11.4471,-1.5471,-0.6630,0.3257,-0.2423,0.1941,-0.624500,0.342300,0.584900,0.388100,-1.3208,-1.8939,10.3025,-0.0957,2.5581,0.3684,-0.886000,0.017100,-0.202500,0.416700,6.6037,-3.5067,11.3042,-0.5398,2.5130,1.3290,0.355300,0.049200,-0.113200,-0.926600,False,False,True,Straight,1.000,-179.98,1.000,True,,,False,,,False
1783432879454,1962,13.3099,-0.5840,0.6915,0.5711,-0.3880,0.2377,-0.625300,0.341400,0.589700,0.380300,0.2395,-2.9219,9.5760,-0.0706,4.1139,0.6460,-0.877800,-0.005100,-0.248400,0.409500,-6.8039,-13.8337,12.6688,0.0065,4.0295,-0.0211,0.360200,0.095900,-0.095200,-0.923000,False,False,True,Straight,1.000,-179.98,1.000,True,,,False,,,False
1783432879464,1963,12.8947,0.9624,3.4911,0.4365,-0.1829,0.2792,-0.627100,0.340900,0.592100,0.374100,0.6734,-3.5792,9.8348,0.3290,6.6261,1.2606,-0.860600,-0.046400,-0.318500,0.394800,-14.0951,12.4366,20.0946,0.0165,3.1479,-0.9083,0.353000,0.133300,-0.080000,-0.922600,False,False,True,Straight,1.000,-179.98,1.000,True,,,False,,,False
1783432879475,1964,11.6238,3.0532,4.0916,-0.1367,-0.0567,0.3947,-0.628000,0.345100,0.590200,0.371700,-4.1222,-2.2269,13.7905,0.3719,9.3393,1.9127,-0.826600,-0.103600,-0.413600,0.367400,-6.0003,-1.3522,14.0806,-1.3208,1.6208,-0.2977,0.353100,0.146600,-0.057000,-0.922300,False,False,True,Straight,1.000,-179.98,1.000,True,,,False,,,False
1783432879496,1966,10.2148,-0.5535,3.1258,-0.1199,0.3614,0.3503,-0.632200,0.352300,0.581000,0.372300,-11.9047,-6.5582,18.2503,0.2555,9.1859,2.7227,-0.723100,-0.212100,-0.596400,0.276600,-4.5524,1.5127,11.0321,-0.4062,0.1754,-0.1428,0.351300,0.147300,-0.045400,-0.923500,False,False,True,Straight,1.000,-179.98,1.000,True,,,False,,,False
1783432879506,1967,10.8680,-0.6549,3.0365,-0.0293,0.4349,0.3295,-0.636800,0.352900,0.576000,0.371800,-7.3074,-6.0445,21.1328,1.1489,6.3624,2.6116,-0.679000,-0.263000,-0.640700,0.243600,-2.4419,1.9156,9.5367,0.0441,-0.0550,0.0342,0.351400,0.147100,-0.046000,-0.923500,False,False,True,Straight,1.000,-179.98,1.000,True,,,False,,,False
1783432879516,1968,11.0208,0.6153,2.4648,-0.0008,0.4101,0.0485,-0.639900,0.351300,0.572500,0.373200,-8.7186,-7.9341,38.9037,-0.2174,-1.1881,0.6952,-0.691300,-0.262900,-0.628800,0.239800,-2.2838,2.0633,9.2451,0.0623,0.0525,0.0072,0.351200,0.148100,-0.046400,-0.923300,False,False,True,Straight,1.000,-179.98,1.000,True,,,False,,,False
1783432879527,1969,9.4751,1.6746,1.8899,-0.0457,0.2671,-0.2979,-0.640300,0.348200,0.571500,0.377000,4.5878,-5.7832,8.9024,-0.5794,-4.5897,-0.5329,-0.726700,-0.239300,-0.591500,0.254600,-2.4623,1.8105,9.3343,-0.0035,0.1428,-0.0209,0.351000,0.149900,-0.045500,-0.923200,False,False,True,Straight,1.000,-179.98,1.000,True,,,False,,,False
1783432879548,1971,7.7457,0.7987,0.8548,-0.1911,0.1867,-0.5509,-0.636100,0.341900,0.571500,0.389700,-3.2865,-2.8887,10.2904,-0.5493,-5.0223,-0.8879,-0.787400,-0.188100,-0.511300,0.288400,-2.5995,1.8191,9.2529,0.0210,0.1476,-0.0086,0.350600,0.153500,-0.044600,-0.922800,False,False,True,Straight,1.000,-179.98,1.000,True,,,False,,,False
1783432879558,1972,7.0611,0.4657,0.9500,-0.2158,0.2466,-0.4738,-0.634600,0.339000,0.570600,0.396000,-5.2635,-3.4363,10.8567,-0.4198,-6.7545,-1.1728,-0.824500,-0.151300,-0.447100,0.312200,-2.4387,1.7061,9.0374,0.0453,0.1574,-0.0227,0.350200,0.155800,-0.044200,-0.922600,False,True,True,Straight,1.000,-179.98,1.000,True,,,False,,,False
1783432879569,1973,7.0420,0.0966,0.9509,-0.2523,0.2936,-0.3611,-0.633800,0.337000,0.568500,0.401900,-4.5879,-1.8351,8.2086,-0.3138,-7.4407,-1.2550,-0.858100,-0.111100,-0.371800,0.336200,-2.4986,1.7347,9.0312,0.0649,0.1862,-0.0226,0.349700,0.158400,-0.043900,-0.922300,False,True,True,Straight,1.000,-179.98,1.000,True,,,False,,,False
1783432879579,1974,7.2858,-0.0661,0.8515,-0.2461,0.3212,-0.2740,-0.633700,0.335300,0.565900,0.407200,-5.3239,-1.2754,9.4215,-0.5369,-7.2123,-1.0384,-0.884400,-0.069500,-0.296500,0.353600,-2.4445,1.6718,8.9545,0.0870,0.2130,-0.0275,0.349200,0.161300,-0.043800,-0.922000,False,True,True,Straight,1.000,-179.98,1.000,True,,,False,,,False
1783432879590,1975,7.8742,0.3335,0.6948,-0.2042,0.2015,-0.1794,-0.633300,0.334600,0.564000,0.410900,-7.7301,-1.9333,14.3862,-1.0337,-6.8717,-0.7268,-0.904200,-0.024500,-0.224400,0.362600,-2.6743,1.8280,9.0910,0.1174,0.2101,-0.0616,0.348200,0.164400,-0.044000,-0.921800,False,True,True,Straight,1.000,-179.98,1.000,True,,,False,,,False
1783432879601,1976,8.2164,0.9382,0.0497,-0.2340,-0.0488,-0.0504,-0.631800,0.336300,0.563400,0.412700,-12.8606,-5.1300,19.4447,-2.1299,-6.2434,-0.9421,-0.914900,0.030800,-0.162800,0.368100,-2.6854,2.1144,9.1334,0.0756,0.1754,-0.1143,0.346700,0.166900,-0.043800,-0.922000,False,True,True,Straight,1.000,-179.98,1.000,True,,,False,,,False
1783432879611,1977,8.3417,0.7919,-0.3452,-0.2495,-0.4107,0.0498,-0.628100,0.340700,0.565100,0.412400,-23.0937,-6.4230,20.9230,-2.8327,-5.6129,-2.2359,-0.911700,0.093700,-0.110100,0.384700,-2.2363,2.0758,9.1321,-0.0201,0.2603,-0.1918,0.344600,0.170000,-0.041900,-0.922300,False,True,True,Straight,1.000,-179.98,1.000,True,,,False,,,False
1783432879621,1978,8.1931,0.7761,-0.9174,-0.1681,-0.6558,0.1540,-0.623500,0.346500,0.568800,0.409500,-30.4304,-1.8164,13.3009,-1.5339,-5.0974,-2.8775,-0.900300,0.139600,-0.055500,0.408400,-2.8563,1.7235,9.4267,-0.0643,0.4327,-0.2579,0.341800,0.175000,-0.038700,-0.922500,False,True,True,Straight,1.000,-179.98,1.000,True,,,False,,,False
1783432879632,1979,10.7019,-0.2217,-0.0230,-0.1120,-0.4380,0.2374,-0.621100,0.351300,0.570600,0.406600,-28.7158,4.2435,2.0543,0.7172,-4.1657,-2.1905,-0.891600,0.154300,-0.001000,0.425700,-3.1086,2.1476,9.4003,-0.0569,0.5688,-0.2660,0.339000,0.181500,-0.034900,-0.922500,False,True,True,Straight,1.000,-179.98,1.000,True,,,False,,,False
1783432879643,1980,12.1495,-0.0659,0.4421,0.0640,-0.1498,0.1710,-0.621100,0.352800,0.571300,0.404100,-29.5851,11.5756,-6.7535,0.1123,-3.2289,0.2497,-0.892400,0.170300,0.035100,0.416400,-2.7157,1.4871,9.4740,-0.0337,0.7899,-0.3168,0.335600,0.190700,-0.030400,-0.922000,False,True,True,Straight,1.000,-179.98,1.000,True,,,False,,,False
1783432879654,1981,10.8436,0.4340,-0.5448,0.0069,-0.0333,0.0752,-0.621300,0.353400,0.571300,0.403400,-22.8300,-5.0126,-12.3634,-0.6386,-0.3623,1.0970,-0.896500,0.179900,0.033400,0.403600,-1.7140,1.2713,9.6972,0.0813,1.3420,-0.3287,0.331900,0.206700,-0.024800,-0.920000,False,False,True,Straight,1.000,-179.45,1.000,True,,,False,,,False
1783432879664,1982,10.6427,1.7002,-1.1468,-0.1227,0.0437,0.0588,-0.621400,0.354500,0.570100,0.404000,-3.1570,-0.2135,10.8728,2.3645,2.9613,-1.2692,-0.895500,0.137800,0.014800,0.423000,-3.0783,1.3100,9.9442,0.1781,2.1904,-0.3503,0.327900,0.232700,-0.016700,-0.915500,False,False,True,Straight,1.000,-179.45,1.000,True,,,False,,,False
1783432879674,1983,10.9307,2.0059,-0.7309,-0.1242,0.0031,0.0639,-0.621200,0.355900,0.569200,0.404400,4.3803,6.6664,9.7818,-0.8422,3.5099,-1.5532,-0.885400,0.128300,-0.026400,0.446000,-2.7340,2.2892,9.8415,0.2244,3.2462,-0.3887,0.323000,0.270700,-0.004800,-0.906800,False,False,True,Straight,1.000,-179.45,1.000,True,,,False,,,False
1783432879684,1984,11.3952,0.3530,1.3821,0.0597,-0.4648,-0.1068,-0.617500,0.357000,0.573600,0.402700,-6.2656,8.8385,16.5297,-0.4822,4.3114,0.3005,-0.883500,0.109400,-0.077300,0.448800,-1.4318,3.3287,10.4111,0.1045,4.9300,-0.7580,0.313600,0.326600,0.016600,-0.891500,False,False,True,Straight,1.000,-179.45,1.000,True,,,False,,,False
1783432879695,1985,11.9757,-1.2433,3.7303,0.2878,-0.6249,-0.2657,-0.612900,0.356100,0.581000,0.399900,-12.6293,-14.7821,18.7177,0.4694,2.7688,0.7527,-0.885200,0.088000,-0.106400,0.444300,-2.7928,3.7769,9.8994,-0.3085,7.0547,-1.2828,0.297700,0.402300,0.052900,-0.864100,False,False,True,Straight,1.000,-179.45,1.000,True,,,False,,,False
1783432879707,1986,11.8018,-1.1738,3.5610,0.5821,-0.2789,-0.3093,-0.611900,0.350700,0.587400,0.396800,-2.8337,3.2318,14.0971,1.5048,1.2342,0.3583,-0.886900,0.064000,-0.112200,0.443500,-7.9898,2.4278,15.5452,-0.3526,9.4789,-2.0217,0.269100,0.498900,0.101700,-0.817500,False,False,True,Straight,1.000,-179.45,1.000,True,,,False,,,False
1783432879717,1987,10.8319,1.1087,3.1885,0.2907,0.1656,-0.2222,-0.613300,0.346000,0.588600,0.397100,-4.1631,-2.4147,11.6366,0.8710,0.4190,0.1796,-0.888000,0.051800,-0.112300,0.442900,-16.1319,4.9185,20.4018,0.7175,9.6169,-2.5994,0.223800,0.592100,0.142100,-0.761000,False,False,True,Straight,1.000,-179.45,1.000,True,,,False,,,False
1783432879727,1988,10.4519,2.3265,3.3372,-0.0265,0.3738,-0.3136,-0.614400,0.342100,0.587000,0.401300,-2.3341,-1.4296,10.6489,0.4546,0.0610,0.0645,-0.888600,0.046400,-0.110700,0.442800,-11.5960,7.5102,20.9360,-0.4893,7.8615,-3.2279,0.181400,0.656300,0.191800,-0.706800,False,False,True,Straight,1.000,-179.45,1.000,True,,,False,,,False
1783432879737,1989,11.4897,1.3115,3.1485,-0.1868,0.4502,-0.3737,-0.615000,0.338500,0.584100,0.407500,-1.8824,-1.7459,9.8810,0.2025,0.0617,0.0695,-0.889000,0.043700,-0.110400,0.442200,-11.6070,3.9610,31.1033,0.1944,3.3405,-2.7121,0.147600,0.678700,0.219600,-0.685100,False,False,True,Straight,1.000,-179.45,1.000,True,,,False,,,False
1783432879747,1990,12.0816,-0.3700,2.6313,-0.2008,0.3880,-0.1497,-0.616200,0.336900,0.580800,0.411700,-1.5096,-2.0379,9.3739,0.1646,0.1211,0.0832,-0.889400,0.041100,-0.111100,0.441500,0.4326,9.3873,20.2954,1.7293,-3.6366,-0.9091,0.134900,0.647200,0.205500,-0.721600,False,False,True,Straight,1.000,-179.45,1.000,True,,,False,,,False
1783432879758,1991,10.7200,-0.9827,1.8076,-0.0631,0.2030,0.2277,-0.618500,0.338000,0.577900,0.411300,-1.6986,-1.8659,9.3868,0.2176,0.2230,0.0862,-0.889700,0.037400,-0.112600,0.440800,4.4602,8.1587,7.8139,0.6266,-3.7430,0.1667,0.140800,0.614000,0.191900,-0.752500,False,False,True,Straight,1.000,-179.45,1.000,True,,,False,,,False
1783432879768,1992,8.7579,-0.7449,1.0411,0.0368,0.0882,0.5038,-0.621900,0.340900,0.575300,0.407500,-1.7715,-1.5821,9.4807,0.2276,0.2411,0.0922,-0.890000,0.033500,-0.114200,0.440100,-0.9152,5.4668,9.8530,-0.0116,-4.2784,1.1355,0.161600,0.575400,0.175400,-0.782400,True,False,True,Straight,1.000,-179.45,1.000,True,,,False,,,False
1783432879778,1993,7.3961,-0.5259,0.7058,0.1130,0.0777,0.5098,-0.625500,0.343200,0.573100,0.403000,-1.8333,-1.7539,9.4112,0.2142,0.2314,0.1513,-0.890600,0.029600,-0.115800,0.438700,-3.6722,2.8764,10.1983,0.0859,-5.7598,1.7621,0.190400,0.521200,0.149700,-0.818300,True,False,True,Straight,1.000,-179.45,1.000,True,,,False,,,False
1783432879789,1994,7.0932,-0.6397,0.5369,0.1734,0.1139,0.4135,-0.629200,0.344200,0.571300,0.399000,-2.0213,-1.2825,9.5114,0.1913,0.2100,0.1631,-0.891300,0.026100,-0.117300,0.437200,-4.6940,0.9133,8.8705,0.3952,-6.6523,1.8235,0.218200,0.455400,0.117300,-0.855100,True,False,True,Straight,1.000,-179.45,1.000,True,,,False,,,False
1783432879799,1995,7.3670,-0.6084,0.3830,0.2683,0.1090,0.3161,-0.632700,0.343800,0.570400,0.395100,-1.8609,-1.0360,9.4932,0.0967,0.2360,0.1370,-0.891800,0.023600,-0.119600,0.435800,-6.3103,0.2021,9.7079,0.7173,-6.9577,1.5493,0.240000,0.383200,0.081300,-0.888200,True,False,True,Straight,1.000,-179.45,1.000,True,,,False,,,False
1783432879810,1996,7.2274,-0.0297,0.2873,0.2797,0.1027,0.2140,-0.635700,0.342600,0.570100,0.391800,-1.7974,-1.2722,9.2992,0.0723,0.2751,0.1555,-0.892200,0.021100,-0.122500,0.434100,-8.3113,0.1528,11.4521,1.2408,-7.0666,1.1868,0.253400,0.307800,0.040200,-0.916200,True,False,True,Straight,1.000,-179.45,1.000,True,,,False,,,False
1783432879820,1997,6.9485,0.1949,-0.0337,0.1857,0.0393,0.0995,-0.637300,0.341600,0.570300,0.389800,-2.2617,-1.5934,9.2965,0.0833,0.2846,0.1963,-0.892900,0.018400,-0.125400,0.432000,-10.3326,2.3108,12.7066,2.1107,-6.2126,1.1876,0.261200,0.242600,-0.008400,-0.934300,True,False,True,Straight,1.000,-179.45,1.000,True,,,False,,,False
1783432879830,1998,6.9501,-0.3686,-0.4188,0.0597,-0.1651,-0.0028,-0.636400,0.341800,0.571900,0.388700,-2.1412,-1.3626,9.2435,0.1000,0.2988,0.2321,-0.893700,0.015300,-0.128400,0.429600,-20.2490,5.1103,21.4806,2.5722,-5.4831,2.4450,0.280400,0.185600,-0.063800,-0.939600,True,False,True,Straight,1.000,-179.45,1.000,True,,,False,,,False
1783432879841,1999,7.1594,-1.1655,-0.0531,0.1089,-0.1580,-0.1426,-0.635000,0.340700,0.574300,0.388400,-2.3001,-1.2982,9.3689,0.0740,0.3199,0.2280,-0.894500,0.012500,-0.131800,0.427100,-26.5805,2.3836,16.8061,1.4287,-5.2223,3.2707,0.310400,0.125900,-0.106400,-0.936200,True,False,True,Straight,1.000,-179.45,1.000,True,,,False,,,False
1783432879851,2000,8.4812,-0.4813,0.7070,0.2208,-0.0036,-0.3350,-0.634300,0.336500,0.576900,0.389400,-2.0620,-1.2641,9.4982,0.0615,0.3623,0.1778,-0.894800,0.009600,-0.135700,0.425200,-28.7641,1.6904,5.2526,-0.8209,-4.8022,2.7603,0.336800,0.062400,-0.119500,-0.931900,True,False,True,Straight,1.000,-179.45,1.000,True,,,False,,,False
1783432879862,2001,11.2360,0.4672,1.3569,0.2985,-0.0263,-0.3144,-0.633900,0.332000,0.579900,0.389600,-2.0963,-1.0746,9.6738,0.0348,0.5658,0.1716,-0.894800,0.006000,-0.142000,0.423300,-26.7567,-9.0532,-7.9024,0.3354,-3.3458,1.7651,0.351700,0.022000,-0.138800,-0.925500,True,False,True,Straight,1.000,-179.45,1.000,True,-13.13,,False,,,False
1783432879872,2002,11.4974,0.9310,0.6323,0.0891,-0.0669,-0.1348,-0.633100,0.330600,0.581400,0.389700,-1.5042,-0.7732,9.6290,-0.0527,0.9043,0.1344,-0.893800,0.001600,-0.152600,0.421600,-26.2473,-3.5601,-9.0950,1.3934,-1.4729,0.6251,0.355800,0.009900,-0.161600,-0.920400,True,False,True,Straight,1.000,-179.45,1.000,True,,,False,,,False
1783432879883,2003,10.5658,1.0100,-1.3873,-0.2631,-0.1273,0.0637,-0.631400,0.333700,0.580900,0.390500,-1.7740,-0.7512,9.9710,-0.1957,1.6310,0.0955,-0.891100,-0.004900,-0.171900,0.420000,-19.8243,1.8818,-5.0883,-0.6493,1.0667,0.1951,0.360200,0.018900,-0.149400,-0.920600,False,False,True,Straight,1.000,-179.45,1.000,True,,,False,,,False
1783432879893,2004,11.0255,-1.7368,-1.6992,-0.0291,-0.3394,0.0941,-0.629300,0.336300,0.583100,0.388600,-1.9851,-1.0734,9.9791,-0.2494,2.5053,0.1629,-0.886100,-0.015600,-0.201200,0.417200,-0.9950,0.9818,12.3799,-1.5666,2.4480,0.6897,0.372800,0.038800,-0.120300,-0.919300,False,False,True,Straight,1.000,-179.45,1.000,True,,,False,,,False
1783432879903,2005,12.7196,-1.7710,-0.6177,0.4478,-0.4117,0.0047,-0.628200,0.334700,0.588500,0.383500,-0.6671,-2.0773,9.6121,-0.1499,3.8171,0.3901,-0.877600,-0.034700,-0.244000,0.411200,1.6413,-5.7309,8.2864,0.0900,3.5209,0.8230,0.387100,0.078500,-0.105200,-0.912700,False,False,True,Straight,1.000,-179.45,1.000,True,,,False,,,False
1783432879913,2006,12.3754,-0.2836,1.8445,0.5451,-0.3281,0.0524,-0.628300,0.332400,0.593400,0.377600,-0.3519,-4.0574,9.6766,0.1608,5.6990,1.0605,-0.863300,-0.068800,-0.304700,0.396400,-9.3855,-5.8003,16.9574,0.2968,4.2637,-0.7262,0.383400,0.129500,-0.087100,-0.910300,False,False,True,Straight,1.000,-179.45,1.000,True,,,False,,,False
1783432879924,2007,12.2419,2.2694,5.4559,0.3491,0.0360,0.2610,-0.631200,0.331300,0.593700,0.373100,-3.1855,-2.1104,11.9310,0.6032,8.2779,2.0280,-0.836400,-0.123500,-0.387500,0.367400,-14.2181,12.7727,18.8002,-1.5366,2.2883,-0.6022,0.381200,0.148800,-0.057500,-0.910600,False,False,True,Straight,1.000,-179.45,1.000,True,,,False,,,False
1783432879934,2008,12.0970,4.5397,3.5234,-0.2901,0.0767,0.5510,-0.633200,0.337300,0.589500,0.371200,-10.1868,-1.2091,20.2016,-0.8170,10.3267,2.5794,-0.792200,-0.173500,-0.491500,0.317300,-6.1899,-2.1826,13.5515,-0.9135,0.6900,-0.4326,0.378300,0.152700,-0.042900,-0.912000,False,False,True,Straight,1.000,-179.45,1.000,True,,,False,,,False
1783432879945,2009,11.1252,0.0474,3.1818,-0.1957,0.1443,0.5793,-0.636100,0.342400,0.585000,0.368600,-14.5633,-3.7984,20.7046,-1.0605,9.4385,2.7308,-0.741500,-0.215600,-0.579400,0.260900,-3.9248,1.4670,10.5777,-0.3847,-0.0045,-0.0747,0.378000,0.151000,-0.038300,-0.912600,False,False,True,Straight,1.000,-179.45,1.000,True,,,False,,,False
1783432879955,2010,11.1199,-2.0392,3.0866,0.1238,0.3261,0.4759,-0.641200,0.343400,0.581000,0.365300,-4.9777,-8.0011,18.0556,1.0785,6.3611,3.1667,-0.700000,-0.268200,-0.623900,0.221100,-2.5569,1.8575,9.6656,-0.0247,0.0216,-0.0080,0.377900,0.151200,-0.037800,-0.912600,False,False,True,Straight,1.000,-179.45,1.000,True,,,False,,,False
1783432879965,2011,11.2948,0.1049,2.5619,0.2479,0.3635,0.1426,-0.645600,0.340700,0.578600,0.363900,-13.1958,-6.9074,39.1475,0.3681,1.1058,1.6947,-0.694600,-0.287500,-0.626600,0.205400,-2.5544,1.7143,9.4229,0.0487,0.1146,-0.0201,0.377500,0.152900,-0.037700,-0.912500,False,False,True,Straight,1.000,-179.45,1.000,True,,,False,,,False
1783432879976,2012,10.0499,2.3602,1.9490,0.1725,0.2781,-0.2352,-0.647300,0.336300,0.578100,0.365700,2.2308,-8.5895,13.2960,-1.3470,-4.2694,-0.5940,-0.730400,-0.259500,-0.594000,0.215000,-2.5225,1.6644,9.3755,0.0370,0.1979,-0.0428,0.376800,0.155500,-0.037000,-0.912400,False,False,True,Straight,1.000,-179.45,1.000,True,,,False,,,False
1783432879996,2014,8.0677,1.1702,1.0484,-0.1758,0.1069,-0.5060,-0.644000,0.330200,0.578600,0.376000,-1.2379,-1.9990,8.0545,-0.5805,-4.5036,-1.6080,-0.786700,-0.198000,-0.524400,0.258800,-2.7001,1.8812,9.3000,0.0097,0.2498,-0.0287,0.376200,0.161300,-0.034700,-0.911700,False,True,True,Straight,1.000,-179.45,1.000,True,,,False,,,False
1783432880007,2015,7.3148,0.4074,0.9891,-0.1601,0.1136,-0.4654,-0.642000,0.327600,0.578800,0.381400,-4.1747,-1.4065,11.0281,-0.6342,-5.8782,-1.5815,-0.819400,-0.161600,-0.470900,0.284100,-2.8131,1.9692,9.1253,-0.0831,0.1886,-0.0808,0.375300,0.163400,-0.032500,-0.911800,False,True,True,Straight,1.000,-179.45,1.000,True,,,False,,,False
1783432880017,2016,7.0135,0.1335,0.9316,-0.1528,0.1232,-0.4123,-0.640300,0.325200,0.578800,0.386300,-4.4518,-0.5438,9.9326,-0.5708,-6.9406,-1.4233,-0.853200,-0.121900,-0.402700,0.308400,-2.7115,1.5623,9.1105,-0.0904,0.1485,-0.0939,0.374300,0.164800,-0.030400,-0.912000,False,True,True,Straight,1.000,-179.45,1.000,True,,,False,,,False
1783432880027,2017,6.8013,-0.0450,0.7280,-0.1486,0.1701,-0.3052,-0.639400,0.323300,0.578000,0.390500,-5.0567,0.7536,10.1375,-0.8186,-7.1759,-1.1262,-0.882700,-0.079100,-0.329200,0.326100,-2.7111,1.5826,9.1207,-0.0685,0.1591,-0.1069,0.373200,0.166400,-0.028600,-0.912300,False,True,True,Straight,1.000,-179.45,1.000,True,,,False,,,False
1783432880037,2018,7.4519,0.1766,0.5484,-0.1126,0.1372,-0.1942,-0.639000,0.322100,0.577100,0.393500,-7.1727,0.2198,14.1492,-1.3680,-7.0567,-0.8210,-0.906100,-0.031300,-0.256200,0.335300,-2.7781,1.5695,9.0474,-0.0408,0.1737,-0.1109,0.371900,0.168400,-0.027000,-0.912500,False,True,True,Straight,1.000,-179.45,1.000,True,,,False,,,False
1783432880048,2019,7.8181,0.8948,0.1854,-0.1377,-0.0108,-0.0639,-0.638100,0.322800,0.576800,0.394900,-10.6260,-1.4578,17.6704,-2.2577,-6.7317,-0.8959,-0.921100,0.025700,-0.188500,0.339600,-2.7883,1.8349,9.0374,-0.0488,0.1721,-0.1647,0.370100,0.170300,-0.025200,-0.912900,False,True,True,Straight,1.000,-179.45,1.000,True,,,False,,,False
1783432880058,2020,8.0177,1.3597,-0.1908,-0.1847,-0.2865,0.0562,-0.635500,0.326100,0.578000,0.394600,-19.4180,-3.8855,22.3939,-2.9811,-6.0033,-1.9624,-0.922400,0.090300,-0.130500,0.352100,-2.8329,1.6069,9.2170,-0.0463,0.2150,-0.2028,0.367800,0.172600,-0.023200,-0.913400,False,True,True,Straight,1.000,-179.45,1.000,True,,,False,,,False
1783432880068,2021,8.0145,1.2365,-0.4617,-0.2382,-0.5616,0.2006,-0.631500,0.332100,0.580400,0.392500,-29.9135,-4.0348,18.6555,-1.4705,-5.9566,-3.1363,-0.913200,0.138400,-0.064100,0.377900,-3.0214,1.7201,9.2034,-0.0282,0.2718,-0.2024,0.365500,0.175800,-0.021100,-0.913800,False,True,True,Straight,1.000,-179.45,1.000,True,,,False,,,False
1783432880078,2022,9.7278,0.7572,-0.0750,-0.3373,-0.4717,0.3278,-0.628200,0.339500,0.581100,0.390400,-28.3762,-0.8161,2.2755,1.5480,-5.1006,-2.8844,-0.903600,0.147000,0.006700,0.402200,-2.7353,1.7615,9.3575,-0.0320,0.3841,-0.1915,0.363400,0.180100,-0.018400,-0.913900,False,True,True,Straight,1.000,-179.45,1.000,True,,,False,,,False
1783432880089,2023,12.3734,-0.0142,0.4540,-0.1184,-0.1644,0.2640,-0.627800,0.343100,0.580700,0.388500,-27.3078,13.3194,-4.9284,0.1594,-3.0757,-0.6136,-0.899800,0.160700,0.043400,0.403200,-2.6411,1.3396,9.4479,0.0002,0.6677,-0.2629,0.360400,0.187900,-0.014700,-0.913600,False,True,True,Straight,1.000,-179.45,1.000,True,,,False,9.37,,False
1783432880099,2024,11.3164,-0.0212,-0.2942,0.0226,-0.0984,0.1818,-0.628100,0.344700,0.580800,0.386500,-27.1921,2.3609,-8.0831,-2.0743,-0.8233,1.1724,-0.900700,0.188800,0.039800,0.389300,-1.9899,0.8568,9.7833,0.1480,1.2035,-0.2340,0.357400,0.202400,-0.010300,-0.911700,False,False,True,Straight,1.000,-177.21,1.000,True,,,False,,,False
1783432880109,2025,10.6119,0.9891,-1.7403,-0.0877,-0.0458,0.1275,-0.628000,0.346600,0.580200,0.385900,-12.8420,-12.0742,-2.0004,1.8202,1.8853,-0.1482,-0.904700,0.159100,0.027700,0.394300,-2.8805,1.2538,9.8619,0.3080,1.9724,-0.2341,0.354000,0.226300,-0.004400,-0.907500,False,False,True,Straight,1.000,-177.21,1.000,True,,,False,,,False
1783432880119,2026,11.5126,2.8499,-0.6882,-0.1909,-0.0766,0.1023,-0.627000,0.349200,0.579400,0.386200,5.1917,1.7703,15.4982,0.6328,2.4045,-1.9216,-0.896500,0.139400,0.007300,0.420400,-2.7075,1.6556,9.7761,0.3869,2.8633,-0.2659,0.349600,0.260400,0.004800,-0.899900,False,False,True,Straight,1.000,-177.21,1.000,True,,,False,,,False
1783432880130,2027,11.5630,1.5653,0.0917,-0.1871,-0.0632,0.0024,-0.625700,0.351000,0.579000,0.387300,-1.3161,10.6901,8.6373,-0.4809,3.9073,-0.8037,-0.890700,0.124100,-0.037800,0.435700,-1.9876,3.5607,9.6983,0.2743,4.2881,-0.5639,0.341500,0.309500,0.022300,-0.887200,False,False,True,Straight,1.000,-177.21,1.000,True,,,False,,,False
1783432880140,2028,10.4364,0.1984,2.1700,-0.1539,-0.5378,-0.1033,-0.620600,0.354000,0.582900,0.386900,-6.0885,4.3464,17.7920,-0.3477,4.0837,0.8458,-0.891600,0.105200,-0.086500,0.431800,-2.6796,3.8115,9.7736,-0.1668,6.0494,-1.1631,0.326400,0.374600,0.054500,-0.866100,False,False,True,Straight,1.000,-177.21,1.000,True,,,False,,,False
1783432880151,2029,10.4941,-1.5756,3.8036,-0.0165,-0.4595,-0.2191,-0.616100,0.354800,0.587400,0.386700,-11.5669,-14.8831,16.7026,1.1726,2.4493,0.4968,-0.892700,0.078400,-0.108100,0.430400,-5.8717,2.4981,12.2969,-0.5062,8.4160,-1.8241,0.301400,0.460100,0.102500,-0.828900,False,False,True,Straight,1.000,-177.21,1.000,True,,,False,,,False
1783432880162,2030,11.1418,-1.8608,3.6922,0.3110,-0.0209,-0.3726,-0.615500,0.349800,0.590700,0.387200,-3.9105,3.2227,14.7973,1.3112,0.9435,0.3657,-0.894500,0.058200,-0.112100,0.428900,-13.3412,1.8019,19.4803,0.9209,9.6032,-2.2376,0.258300,0.556400,0.141100,-0.777000,False,False,True,Straight,1.000,-177.21,1.000,True,,,False,,,False
1783432880172,2031,11.0397,0.8079,3.8333,0.0761,0.4223,-0.4694,-0.616600,0.343600,0.589800,0.392100,-3.4375,-1.5084,11.8460,0.8266,0.2136,0.0733,-0.895100,0.047800,-0.110300,0.429300,-17.1771,8.5626,22.0916,0.1122,8.4459,-2.9785,0.212000,0.629900,0.187100,-0.723400,False,False,True,Straight,1.000,-177.21,1.000,True,,,False,,,False
1783432880183,2032,11.8780,2.4055,3.1848,-0.1838,0.5696,-0.4916,-0.617600,0.338600,0.586600,0.399700,-1.9868,-1.4330,10.3702,0.2650,0.0567,-0.0164,-0.895200,0.044600,-0.109600,0.429700,-8.1303,4.1292,22.4787,-0.3353,5.5951,-3.1293,0.172600,0.670200,0.229000,-0.684600,False,False,True,Straight,1.000,-177.21,1.000,True,,,False,,,False
1783432880193,2033,13.3002,1.1648,2.7055,-0.3297,0.4726,-0.2205,-0.618500,0.337200,0.582300,0.405800,-1.6172,-1.6697,9.8010,0.1060,0.0588,0.0204,-0.895300,0.043100,-0.109900,0.429600,-7.3502,6.4825,29.8194,1.4632,-1.7687,-1.8554,0.149400,0.652300,0.228000,-0.707300,False,False,True,Straight,1.000,-177.21,1.000,True,,,False,,,False
1783432880203,2034,11.7370,-0.9437,1.7735,-0.2189,0.2733,0.1919,-0.620600,0.338900,0.578200,0.407100,-1.4910,-1.7208,9.4192,0.1267,0.0899,0.0850,-0.895700,0.041100,-0.110400,0.428800,5.4492,8.9959,8.6240,1.3958,-3.8297,-0.6064,0.143300,0.618300,0.213100,-0.742800,False,False,True,Straight,1.000,-177.21,1.000,True,,,False,,,False
1783432880214,2035,9.7175,-1.5225,1.0319,-0.0621,0.1792,0.4901,-0.624100,0.342000,0.574400,0.404500,-1.6545,-1.6776,9.4399,0.2043,0.1120,0.0953,-0.896200,0.038100,-0.110800,0.427900,1.9757,5.9199,7.1895,0.6628,-3.5681,0.3872,0.151200,0.586600,0.197300,-0.770800,False,False,True,Straight,1.000,-177.21,1.000,True,,,False,,,False
1783432880224,2036,8.2097,-0.8504,0.7320,0.0804,0.1235,0.5537,-0.628100,0.344700,0.571500,0.400200,-1.7352,-1.6040,9.4080,0.2007,0.1422,0.0850,-0.896600,0.035000,-0.111500,0.427200,-2.9387,3.9077,9.9842,0.5897,-4.6588,1.2069,0.169700,0.544500,0.173500,-0.802900,True,False,True,Straight,1.000,-177.21,1.000,True,,,False,,,False
1783432880234,2037,7.1224,-0.6843,0.6734,0.1644,0.1248,0.4801,-0.632100,0.346100,0.569300,0.395700,-1.6662,-1.5023,9.3048,0.1460,0.1663,0.0912,-0.896900,0.032400,-0.112700,0.426400,-4.7498,1.9677,9.8125,0.6745,-6.0514,1.6289,0.194100,0.486800,0.142200,-0.839700,True,False,True,Straight,1.000,-177.21,1.000,True,,,False,,,False
1783432880245,2038,6.6271,-0.3671,0.6740,0.2454,0.1443,0.3434,-0.635800,0.345900,0.567900,0.391900,-1.7547,-1.4628,9.2912,0.0884,0.2067,0.0927,-0.897200,0.030200,-0.114800,0.425500,-5.1382,0.5537,8.5023,0.8628,-6.7029,1.6776,0.217600,0.419500,0.106100,-0.874900,True,False,True,Straight,1.000,-177.21,1.000,True,,,False,,,False
1783432880256,2039,6.4110,-0.2033,0.6384,0.2177,0.1278,0.2377,-0.638900,0.345200,0.566900,0.389000,-1.7344,-0.9810,9.4411,-0.0509,0.2746,0.0850,-0.897200,0.029300,-0.118300,0.424500,-6.4425,0.6191,9.6204,1.1373,-6.6996,1.5552,0.236700,0.349600,0.066700,-0.904100,True,False,True,Straight,1.000,-177.21,1.000,True,,,False,,,False
1783432880266,2040,6.6410,-0.3217,0.2049,0.1947,0.0552,0.0991,-0.640600,0.344100,0.567000,0.387100,-1.9053,-1.2625,9.3924,-0.1430,0.3032,0.0821,-0.897200,0.029200,-0.122600,0.423300,-8.8989,1.3861,11.5283,1.5794,-6.4198,1.4959,0.251200,0.281400,0.023000,-0.925800,True,False,True,Straight,1.000,-177.21,1.000,True,,,False,,,False
1783432880277,2041,6.7012,-0.3577,-0.3982,0.1703,-0.0484,-0.0344,-0.640800,0.342700,0.568300,0.385900,-2.0302,-1.3402,9.3240,-0.2276,0.3430,0.0891,-0.897000,0.029800,-0.127800,0.422000,-14.4014,3.5221,16.6519,2.2565,-5.5117,2.0505,0.267800,0.224200,-0.027800,-0.936600,True,False,True,Straight,1.000,-177.21,1.000,True,,,False,,,False
1783432880288,2042,6.8662,-0.5097,-0.4595,0.0240,-0.1401,-0.1424,-0.639200,0.342100,0.570200,0.386300,-2.0957,-1.7712,9.1767,-0.2557,0.3263,0.1171,-0.897000,0.030800,-0.133000,0.420300,-21.9247,2.2733,19.6790,2.2066,-5.4634,3.2192,0.296500,0.165500,-0.080900,-0.937100,True,False,True,Straight,1.000,-177.21,1.000,True,,,False,,,False
1783432880298,2043,7.3109,-0.2506,-0.1710,-0.0195,-0.1193,-0.2519,-0.637100,0.341000,0.572200,0.387900,-2.4968,-1.8766,9.3792,-0.1344,0.2286,0.1310,-0.897300,0.031000,-0.136500,0.418600,-27.5024,2.9173,12.8423,0.5145,-5.0721,2.9131,0.323600,0.104400,-0.111600,-0.933800,True,False,True,Straight,1.000,-177.21,1.000,True,,,False,,,False
1783432880312,2044,10.4124,0.2346,0.6729,-0.0127,-0.0589,-0.3160,-0.635100,0.339100,0.573900,0.390200,-1.9245,-1.6930,9.3615,-0.0767,0.2198,0.0683,-0.897300,0.030600,-0.139500,0.417700,-26.9293,-3.5390,-0.9387,-0.1942,-4.3460,1.8134,0.338400,0.050000,-0.129200,-0.930800,True,False,True,Straight,1.000,-177.21,1.000,True,,,False,,,False
1783432880322,2045,12.7671,-0.5708,1.2335,0.1308,-0.0805,-0.1989,-0.634100,0.337000,0.576100,0.390500,-1.5044,-1.6629,9.3664,-0.0636,0.4801,0.0833,-0.896900,0.028700,-0.145400,0.416700,-25.4283,-8.7212,-9.4465,2.3951,-2.4459,0.6773,0.340500,0.030500,-0.167800,-0.924700,True,False,True,Straight,1.000,-177.21,1.000,True,-14.20,,False,,,False
1783432880333,2046,11.4946,0.4317,0.0577,0.0418,-0.0944,-0.0771,-0.633200,0.336600,0.577300,0.390400,-1.4179,-1.5322,9.5699,-0.1079,0.8869,0.1674,-0.896000,0.025100,-0.156100,0.414900,-25.8693,0.4442,-7.5680,1.1886,-0.3008,-0.2382,0.336500,0.032500,-0.182700,-0.923200,True,False,True,Straight,1.000,-177.21,1.000,True,,,False,,,False
1783432880343,2047,10.2839,0.0349,-1.6017,-0.0041,-0.1633,0.0849,-0.632400,0.338000,0.578300,0.389100,-1.2190,-1.0811,9.9936,-0.3074,1.4872,0.2505,-0.894200,0.020400,-0.174500,0.411800,-12.2751,7.5148,0.7262,-2.3528,2.2762,0.9542,0.353400,0.046800,-0.146200,-0.922800,False,False,True,Straight,1.000,-177.21,1.000,True,,,False,,,False
1783432880353,2048,11.4563,-1.9015,-0.9638,0.3405,-0.3514,0.1570,-0.632100,0.338100,0.582100,0.383900,-1.7102,-1.4509,10.2598,-0.3871,2.5439,0.2903,-0.889600,0.011000,-0.205000,0.408000,6.2059,-0.6490,13.3916,-1.0095,2.7164,2.5356,0.387800,0.069100,-0.123900,-0.910800,False,False,True,Straight,1.000,-177.21,1.000,True,,,False,,,False
1783432880364,2049,12.8965,-1.2166,0.0583,0.6236,-0.4061,0.2056,-0.632700,0.336600,0.587400,0.375900,-0.3983,-2.3791,9.8076,-0.4815,3.9313,0.5067,-0.881000,-0.004900,-0.251100,0.401100,-6.5350,-18.7543,12.1919,-0.6356,4.3911,0.7966,0.403600,0.114700,-0.095800,-0.902600,False,False,True,Straight,1.000,-177.21,1.000,True,,,False,,,False
1783432880374,2050,12.1078,0.2274,3.1443,0.6477,-0.2898,0.2106,-0.634300,0.334300,0.591800,0.368300,1.0377,-3.7749,9.8816,-0.1599,6.2085,1.1064,-0.864300,-0.037600,-0.319400,0.386700,-17.2104,7.5553,22.7520,-0.4710,2.9603,-1.1267,0.394700,0.147000,-0.073800,-0.904000,False,False,True,Straight,1.000,-177.21,1.000,True,,,False,,,False
1783432880385,2051,11.8444,3.2198,4.5021,0.1912,-0.2062,0.4082,-0.635500,0.336700,0.592700,0.362700,-3.2629,-2.6357,12.1401,-0.0739,8.9168,1.6140,-0.831100,-0.085900,-0.413200,0.362200,-4.4129,-0.7247,13.6763,-1.5680,1.5658,-0.5390,0.392700,0.157500,-0.047300,-0.904800,False,False,True,Straight,1.000,-177.21,1.000,True,,,False,,,False
1783432880395,2052,10.8668,1.6576,2.1332,-0.1934,-0.0634,0.3763,-0.635900,0.341300,0.590700,0.360800,-11.7555,-2.1515,20.6968,-1.0540,10.4046,2.3410,-0.781800,-0.133100,-0.519600,0.318000,-5.1415,2.7803,10.9228,-0.8981,0.3535,-0.3835,0.390100,0.157400,-0.034600,-0.906500,False,False,True,Straight,1.000,-177.21,1.000,True,,,False,,,False
1783432880405,2053,10.8380,-1.3609,3.1613,0.2051,0.1729,0.4072,-0.639900,0.341900,0.588500,0.356800,-13.5928,-7.3696,19.0256,-0.2918,9.1056,2.8408,-0.729000,-0.183700,-0.601100,0.271000,-3.6018,1.3612,10.1074,-0.5013,-0.0010,-0.2013,0.388700,0.155200,-0.028400,-0.907800,False,False,True,Straight,1.000,-177.21,1.000,True,,,False,,,False
1783432880416,2054,11.1868,-1.2121,3.0474,0.4330,0.3058,0.4418,-0.645900,0.340300,0.586100,0.351400,-5.2317,-6.3999,17.2036,1.1467,6.5858,2.9802,-0.684100,-0.237800,-0.647800,0.236100,-2.8442,1.4161,9.6638,-0.2123,0.0389,-0.1221,0.387600,0.154700,-0.025500,-0.908400,False,False,True,Straight,1.000,-177.21,1.000,True,,,False,,,False
1783432880426,2055,11.1953,1.2785,2.1973,0.4392,0.2872,0.1998,-0.650800,0.336900,0.584900,0.347700,-11.5054,-7.4012,39.4660,0.0041,0.3161,1.3535,-0.685500,-0.249600,-0.646400,0.223500,-2.6578,1.4142,9.4384,-0.0846,0.1378,-0.0785,0.386800,0.156000,-0.023600,-0.908600,False,False,True,Straight,1.000,-177.21,1.000,True,,,False,,,False
1783432880437,2056,10.1407,2.3033,1.9229,0.2899,0.1292,-0.1357,-0.652300,0.332900,0.585700,0.347200,3.1731,-6.9985,11.3550,-0.7759,-4.3627,-0.2557,-0.721600,-0.228100,-0.610800,0.232700,-2.6776,1.5487,9.4591,-0.0503,0.2276,-0.0619,0.386100,0.158500,-0.021700,-0.908500,False,False,True,Straight,1.000,-177.21,1.000,True,,,False,,,False
1783432880448,2057,8.9143,1.3523,1.2909,0.0844,0.0331,-0.3666,-0.651300,0.329400,0.587300,0.349700,2.8981,-3.2491,5.0710,-0.3905,-4.0438,-0.6194,-0.751000,-0.207500,-0.576300,0.246600,-2.7735,1.7433,9.3608,-0.0390,0.2881,-0.0591,0.385500,0.161700,-0.019700,-0.908200,False,True,True,Straight,1.000,-177.21,1.000,True,,,False,,,False
1783432880458,2058,8.2975,0.4673,0.8882,0.0727,0.0974,-0.4765,-0.650300,0.324800,0.588800,0.353500,-2.3478,-2.5169,9.7259,-0.4642,-4.5677,-0.7825,-0.781600,-0.182900,-0.535700,0.262100,-2.8798,1.9370,9.1763,-0.0982,0.2742,-0.1108,0.384300,0.164400,-0.016900,-0.908300,False,True,True,Straight,1.000,-177.21,1.000,True,,,False,,,False
1783432880468,2059,7.9056,0.3690,0.8904,0.0847,0.1545,-0.4681,-0.649700,0.320000,0.589800,0.357300,-5.2902,-2.5838,12.0908,-0.5212,-6.3429,-1.0021,-0.819500,-0.149500,-0.475900,0.282100,-2.8730,1.4195,9.1664,-0.1117,0.2610,-0.1286,0.383000,0.167000,-0.014000,-0.908400,False,True,True,Straight,1.000,-177.21,1.000,True,,,False,,,False
1783432880479,2060,7.5287,0.5788,0.9071,0.0010,0.1988,-0.4035,-0.649300,0.316100,0.589800,0.361300,-5.0115,-0.7285,9.7717,-0.6153,-7.5245,-1.0342,-0.858100,-0.109600,-0.400600,0.301900,-2.8857,1.0522,9.2127,-0.0310,0.2966,-0.0843,0.382100,0.170300,-0.012000,-0.908200,False,True,True,Straight,1.000,-177.21,1.000,True,,,False,,,False
1783432880490,2061,7.5427,0.8888,0.7362,-0.1339,0.2182,-0.3117,-0.649000,0.313900,0.588700,0.365700,-5.2158,0.1346,9.1571,-0.9169,-7.6239,-0.7156,-0.890900,-0.066700,-0.321200,0.314100,-3.1060,1.1711,9.2240,0.0509,0.3192,-0.0542,0.381300,0.174300,-0.010900,-0.907800,False,True,True,Straight,1.000,-177.21,1.000,True,,,False,,,False
1783432880500,2062,7.4919,0.8151,0.4280,-0.2152,0.1776,-0.2425,-0.648300,0.313000,0.587200,0.370000,-7.2942,-0.8733,13.3513,-1.4554,-7.2391,-0.3525,-0.916000,-0.020100,-0.245100,0.316900,-3.1094,1.4382,9.1278,0.0589,0.3018,-0.0740,0.380200,0.178100,-0.009800,-0.907600,False,True,True,Straight,1.000,-177.21,1.000,True,,,False,,,False
1783432880510,2063,7.5406,1.1799,-0.0287,-0.2938,0.0109,-0.1661,-0.646500,0.314100,0.586400,0.373500,-11.4448,-3.3594,17.6191,-2.5495,-6.6196,-0.5984,-0.930900,0.037400,-0.178300,0.316400,-3.2508,1.3665,9.0805,0.0592,0.2744,-0.0987,0.378800,0.181500,-0.008900,-0.907400,False,True,True,Straight,1.000,-177.21,1.000,True,,,False,,,False
1783432880520,2064,7.6404,1.4121,-0.2618,-0.3609,-0.2682,-0.0816,-0.642700,0.317700,0.587200,0.375800,-21.2565,-4.8716,22.2262,-3.4489,-5.8216,-1.9667,-0.930900,0.105100,-0.122400,0.327700,-3.2281,1.5294,9.0300,0.0331,0.2607,-0.1300,0.377200,0.184800,-0.007700,-0.907500,False,True,True,Straight,1.000,-177.21,1.000,True,,,False,,,False
1783432880531,2065,7.7920,1.5776,-0.0361,-0.3915,-0.4778,0.0455,-0.637800,0.323400,0.589000,0.376400,-30.5031,-3.1823,16.0076,-2.0654,-5.5808,-3.2082,-0.920200,0.156700,-0.061100,0.353500,-3.1506,1.4135,9.0417,0.0502,0.2961,-0.1237,0.375600,0.188400,-0.006500,-0.907400,False,True,True,Straight,1.000,-177.21,1.000,True,,,False,,,False
1783432880542,2066,9.3268,0.9877,0.1693,-0.5669,-0.3922,0.2149,-0.633600,0.331300,0.588600,0.377300,-29.1672,-2.3319,0.3477,1.4782,-4.6964,-2.9840,-0.911100,0.162500,0.005500,0.378900,-2.9721,1.2954,9.2752,0.1845,0.4556,-0.0503,0.374400,0.194600,-0.006200,-0.906600,False,True,True,Straight,1.000,-177.21,1.000,True,,,False,8.42,,False
1783432880552,2067,11.8309,0.1260,0.0061,-0.4208,-0.1100,0.1965,-0.631900,0.336600,0.586600,0.378400,-26.8383,13.9301,-5.8641,0.3636,-2.6347,-0.9484,-0.906500,0.170900,0.039200,0.384100,-2.5684,1.1395,9.5106,0.2584,0.7985,-0.0601,0.373000,0.204900,-0.005200,-0.904900,False,True,True,Straight,1.000,-177.21,1.000,True,,,False,,,False
1783432880562,2068,11.5719,-1.0130,-1.1232,-0.1860,-0.0384,0.1587,-0.631600,0.339400,0.585400,0.378400,-26.8947,1.9165,-6.2834,-2.2143,-0.4645,0.6335,-0.904100,0.198600,0.032400,0.376900,-2.8179,1.2454,9.5803,0.3326,1.3324,-0.0815,0.371200,0.221500,-0.002400,-0.901700,False,False,True,Straight,1.000,-175.81,1.000,True,,,False,,,False
1783432880572,2069,10.8934,0.0926,-2.0615,-0.1183,0.0636,0.1086,-0.632000,0.340900,0.583900,0.378700,-8.0945,-11.3394,1.9340,2.4936,2.1593,-0.8281,-0.906400,0.159800,0.021700,0.390300,-3.1379,1.3884,9.5955,0.3796,1.9824,-0.1345,0.368400,0.245600,0.002900,-0.896600,False,False,True,Straight,1.000,-175.81,1.000,True,,,False,,,False
1783432880583,2070,11.6302,2.1283,-0.8257,-0.0814,0.0666,0.1082,-0.632700,0.342000,0.582500,0.378800,7.0849,5.5153,13.2718,0.2071,2.3721,-2.1691,-0.896100,0.145300,0.000000,0.419400,-2.9021,1.9950,9.5574,0.3974,2.9107,-0.1738,0.364700,0.280000,0.012500,-0.887900,False,False,True,Straight,1.000,-175.81,1.000,True,,,False,,,False
1783432880593,2071,11.4557,1.4301,0.7547,-0.0897,-0.1614,0.0225,-0.631200,0.343700,0.583200,0.378600,-1.1114,14.2409,9.4103,-0.2649,4.1925,-0.1791,-0.893400,0.126200,-0.048100,0.428500,-2.1360,3.7640,9.8014,0.3320,4.3270,-0.5135,0.356500,0.329000,0.030400,-0.873900,False,False,True,Straight,1.000,-175.81,1.000,True,,,False,,,False
1783432880603,2072,10.6845,0.0261,2.8091,-0.1491,-0.5333,-0.0924,-0.626200,0.346700,0.587100,0.378200,-8.9337,-5.6865,18.4753,-0.4039,3.9995,1.0041,-0.894600,0.108600,-0.096500,0.422700,-2.5655,3.7528,10.0495,-0.1035,6.1912,-1.0690,0.341700,0.394800,0.063400,-0.850500,False,False,True,Straight,1.000,-175.81,1.000,True,,,False,,,False
1783432880614,2073,11.0715,-1.6141,4.1197,0.1599,-0.3246,-0.2847,-0.623100,0.344900,0.591600,0.377900,-9.8660,-6.6235,18.2509,1.6439,2.2215,0.3298,-0.895300,0.078100,-0.113200,0.423700,-7.2978,2.0218,13.5001,-0.2289,8.6485,-1.6413,0.316400,0.481900,0.110500,-0.809600,False,False,True,Straight,1.000,-175.81,1.000,True,,,False,,,False
1783432880624,2074,11.0085,-0.9976,3.6070,0.3100,0.0924,-0.3768,-0.623300,0.339300,0.594000,0.378900,-4.3773,-1.3627,12.4296,0.9982,0.7263,0.2808,-0.896700,0.062700,-0.116400,0.422500,-15.1180,2.6864,19.5955,1.2683,9.0723,-2.0686,0.273100,0.572300,0.145200,-0.759500,False,False,True,Straight,1.000,-175.81,1.000,True,,,False,,,False
1783432880635,2075,10.6841,1.5975,3.8076,-0.0070,0.4315,-0.4343,-0.624400,0.334000,0.592400,0.384200,-3.0600,-1.1231,11.7265,0.5910,0.2435,0.0378,-0.896900,0.054800,-0.116200,0.423100,-14.0762,8.5615,19.3480,-0.4136,7.9693,-2.9570,0.231900,0.637800,0.196500,-0.707700,False,False,True,Straight,1.000,-175.81,1.000,True,,,False,,,False
1783432880645,2076,11.7804,1.5677,3.3983,-0.1936,0.5012,-0.4520,-0.625000,0.329800,0.589500,0.391300,-1.9615,-1.3117,10.3506,0.0415,0.1904,-0.0140,-0.896600,0.053400,-0.118200,0.423300,-10.3872,1.7356,23.9135,-0.8481,5.2611,-3.2300,0.196400,0.671900,0.244400,-0.671000,False,False,True,Straight,1.000,-175.81,1.000,True,,,False,,,False
1783432880656,2077,12.6045,-0.4309,3.0910,-0.1605,0.3679,-0.2201,-0.626000,0.327600,0.586700,0.395700,-1.6347,-1.8498,9.5992,-0.1034,0.1925,0.0105,-0.896400,0.053600,-0.121100,0.423100,-7.0327,4.2715,26.8489,1.4590,-1.6511,-2.3945,0.168900,0.653700,0.248000,-0.694700,False,False,True,Straight,1.000,-175.81,1.000,True,,,False,,,False
1783432880666,2078,11.0185,-1.5562,2.2853,0.0019,0.2001,0.1164,-0.628000,0.327500,0.584700,0.395600,-1.5823,-1.9055,9.3503,-0.1082,0.2632,0.0360,-0.896100,0.053400,-0.124800,0.422600,3.0988,9.0013,9.4423,1.8028,-4.0835,-1.1044,0.157000,0.617400,0.232300,-0.735000,False,False,True,Straight,1.000,-175.81,1.000,True,,,False,,,False
1783432880677,2079,9.2974,-1.4883,1.5939,0.1708,0.1147,0.4063,-0.631500,0.328500,0.582900,0.391700,-1.8677,-2.1381,9.3512,-0.0211,0.2871,0.0474,-0.895900,0.052100,-0.128300,0.422200,1.4555,7.9520,6.5120,0.5417,-4.0815,0.1576,0.165900,0.580400,0.217700,-0.767000,False,False,True,Straight,1.000,-175.81,1.000,True,,,False,,,False
1783432880688,2080,7.9425,-0.7597,1.2508,0.3086,0.0496,0.4912,-0.635600,0.329400,0.582000,0.385800,-1.9274,-2.1344,9.3244,0.0578,0.2624,0.0681,-0.895900,0.050000,-0.131100,0.421600,-1.8183,4.4667,7.6855,0.0173,-4.7532,1.1306,0.189200,0.536600,0.199000,-0.797900,True,False,True,Straight,1.000,-175.81,1.000,True,,,False,,,False
1783432880698,2081,7.0245,-0.4683,1.0727,0.3428,0.0870,0.4142,-0.639600,0.329200,0.581300,0.380300,-2.1001,-2.0689,9.2813,0.1261,0.1908,0.0966,-0.896200,0.047400,-0.132800,0.420700,-4.2339,2.4426,8.8151,0.3153,-5.7369,1.5963,0.216800,0.482400,0.170900,-0.831300,True,False,True,Straight,1.000,-175.81,1.000,True,,,False,,,False
1783432880708,2082,6.8526,-0.3713,0.8857,0.3834,0.0784,0.3087,-0.643200,0.328000,0.581200,0.375400,-2.1408,-1.8671,9.3648,0.1414,0.1144,0.0965,-0.896600,0.045100,-0.133500,0.419900,-5.0589,1.5340,8.7306,0.5138,-6.4788,1.6465,0.243900,0.418100,0.137400,-0.864200,True,False,True,Straight,1.000,-175.81,1.000,True,,,False,,,False
1783432880718,2083,7.0293,-0.2288,0.6726,0.3786,0.0097,0.2177,-0.645800,0.326500,0.582000,0.370900,-2.0990,-1.7606,9.3513,0.1174,0.0533,0.0797,-0.897000,0.043500,-0.133700,0.419100,-6.1967,0.5278,9.5974,0.8920,-6.6785,1.4501,0.265500,0.349400,0.099300,-0.893100,True,False,True,Straight,1.000,-175.81,1.000,True,,,False,,,False
1783432880728,2084,7.0808,-0.0545,0.1333,0.3607,-0.0689,0.1367,-0.647400,0.324800,0.583700,0.366900,-1.9673,-1.6372,9.2709,0.1057,0.0215,0.0852,-0.897500,0.042100,-0.133500,0.418300,-8.8030,0.8546,11.1117,1.7980,-6.5535,1.2912,0.279200,0.282300,0.051300,-0.916300,True,False,True,Straight,1.000,-175.81,1.000,True,,,False,,,False
1783432880739,2085,7.1808,0.3650,-0.5671,0.2536,-0.1984,0.0336,-0.647200,0.323900,0.586300,0.364000,-1.8803,-1.6612,9.1945,0.0964,0.0337,0.1138,-0.898100,0.040700,-0.133600,0.417100,-12.9019,3.0290,15.1274,2.7102,-5.5039,1.9126,0.294200,0.228800,-0.005900,-0.927900,True,False,True,Straight,1.000,-175.81,1.000,True,,,False,,,False
1783432880750,2086,7.1543,0.1015,-0.8058,-0.0223,-0.3646,-0.0465,-0.644200,0.325400,0.589300,0.363000,-1.9208,-1.6838,9.1946,0.0374,0.1079,0.1326,-0.898600,0.039500,-0.134800,0.415700,-21.0102,1.8496,20.9493,2.3909,-5.3678,2.9980,0.320800,0.174100,-0.062000,-0.928900,True,False,True,Straight,1.000,-175.81,1.000,True,,,False,,,False
1783432880761,2087,7.7064,-0.1025,-0.3120,-0.1180,-0.3389,-0.1501,-0.640500,0.326700,0.592200,0.363700,-2.0974,-1.9766,9.1392,0.0371,0.1290,0.1374,-0.899100,0.038300,-0.136300,0.414200,-27.1877,-0.7510,15.5588,0.7435,-4.9297,2.5839,0.344600,0.117200,-0.096000,-0.926500,True,False,True,Straight,1.000,-175.81,1.000,True,,,False,,,False
1783432880771,2088,10.2179,0.0977,0.3142,-0.0335,-0.1926,-0.2912,-0.637700,0.325700,0.594700,0.365500,-2.0046,-1.8810,9.3716,0.1105,0.1558,0.1276,-0.899600,0.036100,-0.137600,0.412900,-27.8661,-1.6676,1.3555,-0.5634,-4.4808,1.5770,0.357600,0.060600,-0.111000,-0.925300,True,False,True,Straight,1.000,-175.81,1.000,True,,,False,,,False
1783432880781,2089,12.9862,-0.6173,1.1409,0.1943,-0.1556,-0.2385,-0.636200,0.323100,0.597800,0.365300,-1.8275,-1.8891,9.4457,0.1117,0.3146,0.1026,-0.899600,0.033100,-0.140700,0.412000,-25.4865,-8.4590,-8.6316,1.7550,-2.5669,0.9049,0.362900,0.037300,-0.143400,-0.920000,True,False,True,Straight,1.000,-175.81,1.000,True,-15.22,,False,,,False
1783432880791,2090,12.2695,0.5861,0.2945,0.1619,-0.1631,-0.0763,-0.635300,0.321900,0.600200,0.364000,-1.5380,-1.6591,9.4594,0.0898,0.5583,0.1354,-0.899400,0.029000,-0.146700,0.410800,-25.2374,-1.0625,-7.5334,0.4037,-0.7049,0.4737,0.366900,0.030200,-0.151500,-0.917400,True,False,True,Straight,1.000,-175.81,1.000,True,,,False,,,False
1783432880802,2091,10.2434,0.5200,-1.6781,-0.0183,-0.1458,0.1566,-0.634800,0.323900,0.600700,0.362300,-1.5425,-1.6055,9.6553,0.0250,0.9480,0.2354,-0.898800,0.023500,-0.157500,0.408500,-13.2530,-1.1876,-0.0337,-1.4143,1.4590,0.7548,0.378700,0.039100,-0.128800,-0.915700,True,False,True,Straight,1.000,-175.81,1.000,True,,,False,,,False
1783432880812,2092,9.9032,-1.7874,-1.2535,0.3380,-0.3235,0.2411,-0.634800,0.324500,0.603800,0.356600,-0.8115,-1.6661,10.0527,-0.0264,1.6066,0.3526,-0.897200,0.014900,-0.175800,0.404800,3.4508,0.1788,15.8248,-0.9765,1.6580,1.0228,0.393300,0.051900,-0.110200,-0.911300,False,False,True,Straight,1.000,-175.81,1.000,True,,,False,,,False
1783432880823,2093,11.5594,-1.4233,-0.8269,0.6449,-0.3405,0.2180,-0.635800,0.322500,0.608500,0.348600,-1.3309,-1.3626,10.3066,-0.0690,2.7448,0.4624,-0.893000,0.000900,-0.207000,0.399600,-1.3604,-7.8973,8.2758,0.0468,2.8822,0.1928,0.399200,0.084700,-0.096600,-0.907800,False,False,True,Straight,1.000,-175.81,1.000,True,,,False,,,False
1783432880833,2094,11.9318,-0.5936,1.3980,0.7851,-0.3256,0.2232,-0.637500,0.319300,0.613600,0.339500,0.3323,-2.9115,9.8157,-0.0159,4.5756,0.9021,-0.884200,-0.024100,-0.257900,0.388800,-6.0682,-0.7778,13.2309,0.3214,3.2339,-0.8771,0.392300,0.124000,-0.083000,-0.907600,False,False,True,Straight,0.900,-175.81,1.000,True,,,False,,,False
1783432880844,2095,12.6273,2.1904,4.1015,0.4652,-0.1726,0.3583,-0.639500,0.319000,0.615500,0.332300,-0.8525,-2.6611,9.9731,0.2848,7.0036,1.4945,-0.865200,-0.065800,-0.332400,0.369500,-11.9636,11.5081,17.8239,-1.2724,2.2628,-0.4718,0.390900,0.143900,-0.056700,-0.907300,False,False,True,Straight,1.000,-175.81,1.000,True,,,False,,,False
1783432880855,2096,12.4960,3.8461,2.7428,-0.0749,-0.0893,0.5434,-0.640800,0.324200,0.613700,0.328200,-5.3988,-1.1279,16.1586,-0.1277,9.3591,2.1617,-0.830300,-0.115900,-0.429900,0.335200,-5.6629,-1.3663,13.3673,-0.9303,0.7586,-0.4113,0.388300,0.148300,-0.041600,-0.908600,False,False,True,Straight,1.000,-175.81,1.000,True,,,False,,,False
1783432880865,2097,10.5236,0.4571,2.6311,0.0171,0.1155,0.5582,-0.644000,0.327800,0.610600,0.324000,-12.3437,-1.9012,19.7493,-1.3003,9.8516,2.5013,-0.783100,-0.156000,-0.530200,0.285300,-3.9164,0.1627,10.8756,-0.3920,0.1137,-0.1210,0.387600,0.147900,-0.036300,-0.909200,False,False,True,Straight,1.000,-175.81,1.000,True,,,False,,,False
1783432880875,2098,9.7804,-1.7407,3.0016,0.3064,0.2901,0.5033,-0.649500,0.328000,0.607400,0.318800,-10.5373,-5.0270,17.5857,-0.3962,8.1841,2.6628,-0.734700,-0.197800,-0.603300,0.238900,-2.8535,1.7873,10.0594,-0.0816,-0.0503,0.0079,0.387700,0.147000,-0.035500,-0.909300,False,False,True,Straight,1.000,-175.81,1.000,True,,,False,,,False
1783432880886,2099,10.8791,-0.5745,2.2670,0.3175,0.3600,0.2567,-0.654500,0.325900,0.604700,0.315800,-11.5206,-3.7209,27.9851,-0.4214,4.8279,2.6632,-0.705600,-0.227700,-0.640900,0.198700,-2.3403,1.7928,9.5114,-0.0059,0.0044,0.0119,0.387700,0.147100,-0.035300,-0.909300,False,False,True,Straight,1.000,-175.81,1.000,True,,,False,,,False
1783432880896,2100,10.5920,1.6915,1.6374,0.3535,0.2767,-0.1097,-0.657600,0.321000,0.604300,0.315100,-2.7548,-8.9328,23.8128,-1.2613,-2.6494,0.8423,-0.732200,-0.216400,-0.617700,0.188500,-2.2504,1.9292,9.2753,-0.0359,0.0687,-0.0184,0.387400,0.147800,-0.034500,-0.909300,False,False,True,Straight,1.000,-175.81,1.000,True,,,False,,,False
1783432880907,2101,9.0471,2.9513,1.2014,0.1190,0.1083,-0.3739,-0.657500,0.316800,0.605400,0.317700,4.0816,-4.9189,4.5303,-0.6481,-3.7142,-0.3269,-0.761200,-0.198700,-0.585300,0.196300,-2.3696,1.6194,9.3784,-0.0684,0.1458,-0.0349,0.387100,0.149200,-0.032800,-0.909300,False,False,True,Straight,1.000,-175.81,1.000,True,,,False,,,False
1783432880917,2102,8.7743,1.9512,0.8661,-0.1804,0.0631,-0.5063,-0.655200,0.314100,0.606100,0.323500,1.2840,-2.0635,4.8349,-0.7568,-3.5667,-0.7534,-0.786700,-0.176800,-0.554300,0.206500,-2.4896,1.7061,9.2970,-0.0856,0.1596,-0.0291,0.386800,0.150700,-0.031000,-0.909200,False,True,True,Straight,1.000,-175.81,1.000,True,,,False,,,False
1783432880928,2103,8.6155,0.7237,0.7262,-0.2401,0.1127,-0.5019,-0.653100,0.311800,0.606200,0.329900,-2.5421,-2.8807,9.3890,-0.7666,-4.5456,-1.0793,-0.815800,-0.149500,-0.512800,0.221500,-2.5355,1.4489,9.3435,-0.0829,0.1487,-0.0219,0.386700,0.152100,-0.029200,-0.909100,False,True,True,Straight,1.000,-175.81,1.000,True,,,False,,,False
1783432880938,2104,8.1187,0.0526,0.6126,-0.2494,0.1504,-0.4127,-0.651500,0.310100,0.605500,0.335700,-3.6472,-1.6174,10.1652,-0.3862,-5.9653,-1.3697,-0.848700,-0.119600,-0.454000,0.243500,-2.5793,1.4040,9.3442,-0.0029,0.1221,-0.0131,0.386400,0.153600,-0.028400,-0.909000,False,True,True,Straight,1.000,-175.81,1.000,True,,,False,,,False
1783432880949,2105,7.9011,-0.1983,0.5583,-0.2348,0.1702,-0.3326,-0.650500,0.308800,0.604400,0.340900,-3.8993,1.1046,9.4759,-0.6621,-6.7395,-1.3293,-0.880900,-0.083800,-0.384600,0.262900,-2.4472,1.6073,9.1604,0.0513,0.1171,-0.0133,0.386100,0.155200,-0.028300,-0.908900,False,True,True,Straight,1.000,-175.81,1.000,True,,,False,,,False
1783432880960,2106,7.9233,0.0602,0.3317,-0.2213,0.1820,-0.2503,-0.649900,0.307900,0.603000,0.345300,-4.3859,1.5364,10.0823,-0.9660,-6.8642,-0.8798,-0.908700,-0.045800,-0.311500,0.274100,-2.5612,1.5893,9.1964,0.0641,0.1187,-0.0089,0.385700,0.157000,-0.028400,-0.908700,False,True,True,Straight,1.000,-175.81,1.000,True,,,False,,,False
1783432880970,2107,8.2968,0.7763,0.1707,-0.2301,0.1094,-0.1188,-0.649300,0.308400,0.601600,0.348500,-6.7864,1.7179,13.2608,-1.2294,-6.6296,-0.2303,-0.931300,-0.007800,-0.239200,0.274700,-2.5036,1.6098,9.2355,0.0761,0.1141,-0.0093,0.385400,0.158700,-0.028600,-0.908500,False,True,True,Straight,1.000,-175.81,1.000,True,,,False,,,False
1783432880981,2108,8.5064,0.8616,-0.3429,-0.2649,-0.0153,0.0118,-0.648200,0.310700,0.600500,0.350300,-11.3827,-1.5738,16.9482,-2.3928,-5.7560,-0.4564,-0.944300,0.041400,-0.179500,0.272500,-2.5793,1.6675,9.1611,0.0525,0.1075,-0.0358,0.384800,0.160300,-0.028500,-0.908500,False,True,True,Straight,1.000,-175.81,1.000,True,,,False,,,False
1783432880991,2109,8.3024,0.6945,-0.3464,-0.2577,-0.2614,0.1386,-0.645800,0.314900,0.600900,0.350200,-21.2090,-7.1424,19.8431,-2.5504,-5.1348,-2.4281,-0.943500,0.094600,-0.125500,0.291900,-2.4475,1.7824,9.1086,0.0193,0.1106,-0.0803,0.383700,0.161700,-0.028000,-0.908700,False,True,True,Straight,1.000,-175.81,1.000,True,,,False,,,False
1783432881001,2110,7.9531,0.8001,-0.5699,-0.2494,-0.5219,0.2613,-0.642000,0.321200,0.603000,0.347900,-30.2882,-3.6285,13.6232,-0.0116,-4.7440,-3.7974,-0.934300,0.117900,-0.064600,0.330100,-2.4031,1.9815,9.1425,-0.0690,0.1409,-0.1329,0.382300,0.163100,-0.026200,-0.909200,False,True,True,Straight,1.000,-175.81,1.000,True,,,False,,,False
1783432881013,2111,9.8093,0.5348,-0.1269,-0.4213,-0.4290,0.3677,-0.638700,0.329200,0.603100,0.346400,-27.0403,0.2483,0.2200,2.2478,-4.0459,-3.3755,-0.924500,0.111000,-0.002800,0.364500,-2.1984,1.9565,9.2388,-0.1285,0.2352,-0.1954,0.380300,0.165300,-0.023100,-0.909700,False,True,True,Straight,1.000,-175.81,1.000,True,,,False,7.35,,False
1783432881023,2112,11.7748,0.4160,-0.0892,-0.3933,-0.2000,0.3194,-0.636900,0.335600,0.601600,0.346100,-24.0829,11.8942,-3.6085,0.4420,-2.5109,-1.3038,-0.918700,0.117400,0.030000,0.375900,-2.6646,1.5461,9.4978,-0.1715,0.4180,-0.2647,0.377600,0.169400,-0.018500,-0.910200,False,True,True,Straight,1.000,-175.81,1.000,True,,,False,,,False
1783432881033,2113,10.6941,0.2680,-0.8619,-0.2371,-0.1772,0.1625,-0.635200,0.339500,0.601300,0.345900,-21.7881,1.3865,-7.1828,-1.6979,-0.2000,0.0703,-0.916200,0.138000,0.024200,0.375400,-2.8371,1.5011,9.6163,-0.1068,0.5729,-0.2697,0.374700,0.175500,-0.014000,-0.910300,False,True,True,Straight,1.000,-175.81,1.000,True,,,False,,,False
1783432881043,2114,9.6987,0.4700,-0.8174,-0.1668,-0.0973,0.0086,-0.633800,0.341300,0.601300,0.346700,-3.1253,-1.0002,4.8635,0.1721,2.4739,-0.5929,-0.914000,0.124200,-0.002400,0.386200,-2.7522,1.6175,9.5346,-0.0662,0.7886,-0.3742,0.370600,0.184300,-0.008600,-0.910300,False,True,True,Straight,1.000,-175.81,1.000,True,,,False,,,False
1783432881054,2115,10.0107,1.5286,-0.2076,-0.1011,-0.0642,-0.1334,-0.632300,0.341400,0.602000,0.348300,1.9790,1.7180,13.5947,-0.7872,2.4358,0.1021,-0.912700,0.121500,-0.034200,0.388600,-1.5478,1.8183,10.1557,-0.0874,1.3295,-0.5117,0.364900,0.199100,-0.000200,-0.909500,False,False,True,Straight,1.000,-174.07,0.999,True,,,False,,,False
1783432881064,2116,10.9821,1.3956,0.4893,-0.0253,-0.1041,-0.2669,-0.630200,0.340100,0.603800,0.350200,-3.8101,-3.0342,11.4376,-0.5053,3.5028,0.5318,-0.912100,0.109900,-0.077500,0.387200,-2.2297,1.4602,10.5508,-0.0757,2.3689,-0.7496,0.356300,0.225600,0.013400,-0.906600,False,False,True,Straight,1.000,-174.07,0.999,True,,,False,,,False
1783432881074,2117,11.6026,-0.1020,1.9968,0.0986,-0.3482,-0.2877,-0.626700,0.338700,0.608200,0.350300,-9.6344,-7.3487,17.3123,0.2285,2.8861,0.5184,-0.911500,0.092800,-0.110000,0.385200,-0.6069,2.7473,10.7278,-0.0900,4.1107,-0.9966,0.344000,0.271300,0.035600,-0.898200,False,False,True,Straight,1.000,-174.07,0.999,True,,,False,,,False
1783432881085,2118,11.9478,-1.2319,2.3113,0.2791,-0.2391,-0.2345,-0.624900,0.335800,0.612300,0.349000,-4.2261,-0.3805,13.5878,1.2744,1.0755,0.3681,-0.913100,0.072700,-0.116700,0.383900,-2.4062,2.6169,10.6301,-0.4862,6.3798,-1.4776,0.324900,0.339300,0.073300,-0.879700,False,False,True,Straight,1.000,-174.07,0.999,True,,,False,,,False
1783432881095,2119,12.3935,-0.7955,3.0680,0.3059,0.0627,-0.1961,-0.625800,0.331700,0.613900,0.348500,-3.7281,-2.5126,11.1574,0.8029,0.3227,0.1831,-0.914200,0.061700,-0.116800,0.383200,-5.7582,1.9172,14.4968,-0.8077,8.1521,-2.1722,0.295100,0.421600,0.124100,-0.848400,False,False,True,Straight,1.000,-174.07,0.999,True,,,False,,,False
1783432881105,2120,11.6585,0.7764,3.9008,0.1879,0.2795,-0.2968,-0.627400,0.326700,0.613800,0.350600,-2.4641,-1.0072,10.9307,0.2414,0.0634,-0.0038,-0.914200,0.058700,-0.116500,0.383600,-13.9150,4.2714,19.2197,-0.0190,8.2656,-2.5826,0.253200,0.502500,0.167600,-0.809500,False,False,True,Straight,1.000,-174.07,0.999,True,,,False,,,False
1783432881116,2121,10.9348,1.2010,3.1571,-0.0094,0.3860,-0.4449,-0.628300,0.321700,0.612500,0.355800,-1.8178,-1.6494,9.8834,-0.1486,0.1198,-0.0384,-0.913800,0.060000,-0.118700,0.383800,-8.7065,6.4478,16.3753,-0.7154,6.3880,-2.8204,0.214800,0.556900,0.212100,-0.773700,False,False,True,Straight,1.000,-174.07,0.999,True,,,False,,,False
1783432881127,2122,11.2362,0.4259,2.4761,-0.1979,0.3842,-0.3618,-0.628800,0.318700,0.610000,0.361700,-1.7364,-2.1622,9.5888,-0.2701,0.1524,-0.0143,-0.913300,0.062400,-0.121800,0.383700,-8.7066,1.8427,20.6458,-0.8478,3.6626,-2.4647,0.186800,0.582600,0.247000,-0.751500,False,False,True,Straight,1.000,-174.07,0.999,True,,,False,,,False
1783432881138,2123,10.4077,-0.8968,1.7802,-0.1329,0.3250,-0.0219,-0.630700,0.318200,0.606900,0.364300,-1.6646,-2.1327,9.4106,-0.3019,0.2046,0.0150,-0.912800,0.064900,-0.125700,0.383100,-1.0014,6.4146,15.5111,1.4881,-1.0615,-0.9289,0.170400,0.572900,0.237200,-0.765800,False,False,True,Straight,1.000,-174.07,0.999,True,,,False,,,False
1783432881148,2124,9.5902,-1.3065,1.2683,-0.0484,0.2017,0.2969,-0.633300,0.319900,0.603900,0.363100,-1.9577,-2.3594,9.3922,-0.2605,0.1985,0.0227,-0.912400,0.066900,-0.129400,0.382600,1.9597,6.3451,6.5285,0.8677,-1.9500,-0.1629,0.168400,0.555300,0.225800,-0.782500,True,False,True,Straight,1.000,-174.07,0.999,True,,,False,,,False
1783432881158,2125,8.7710,-1.3128,0.9206,0.0319,0.1686,0.3892,-0.636500,0.321800,0.601200,0.360500,-1.9527,-2.2317,9.3021,-0.1562,0.1284,0.0294,-0.912200,0.068100,-0.131800,0.382000,0.3903,3.5856,6.1414,0.5182,-2.5239,0.3596,0.175400,0.532200,0.212800,-0.800400,True,False,True,Straight,1.000,-174.07,0.999,True,,,False,,,False
1783432881168,2126,8.4326,-0.5734,0.7381,0.0752,0.1239,0.3320,-0.639200,0.323100,0.599200,0.357800,-1.9866,-2.1465,9.3299,-0.1146,0.0834,0.0300,-0.912100,0.069000,-0.133400,0.381500,-2.3351,3.0621,8.1856,0.8132,-3.5444,0.8394,0.187700,0.500000,0.191000,-0.823600,True,False,True,Straight,1.000,-174.07,0.999,True,,,False,,,False
1783432881179,2127,7.9285,-0.1614,0.5960,0.0601,0.1012,0.2298,-0.641200,0.323900,0.597700,0.356000,-1.9810,-2.2380,9.2261,-0.0759,0.0251,0.0238,-0.912100,0.069800,-0.134200,0.381100,-4.4254,2.5454,8.7838,0.9168,-4.8463,1.1718,0.205300,0.453900,0.162500,-0.851700,True,False,True,Straight,1.000,-174.07,0.999,True,,,False,,,False
1783432881190,2128,7.7945,-0.0364,0.5294,0.0309,0.0857,0.1371,-0.642600,0.324300,0.596600,0.355000,-1.8796,-2.1847,9.2264,-0.0228,-0.0242,0.0169,-0.912200,0.070200,-0.134100,0.380800,-4.4442,0.2526,6.9435,1.2487,-5.5740,1.2760,0.222700,0.399000,0.127100,-0.880400,True,False,True,Straight,1.000,-174.07,0.999,True,,,False,,,False
1783432881201,2129,8.0134,0.0732,0.4690,-0.0352,0.0483,0.0728,-0.643100,0.324900,0.595700,0.354900,-1.8356,-2.0002,9.2736,-0.0041,-0.0538,0.0316,-0.912400,0.070500,-0.133700,0.380300,-4.8458,-1.4846,5.9598,1.8479,-5.3670,0.9531,0.231900,0.345400,0.086700,-0.905200,True,False,True,Straight,1.000,-174.07,0.999,True,,,False,,,False
1783432881211,2130,8.1105,0.1337,0.2955,-0.1466,0.0126,0.0197,-0.642700,0.326100,0.594900,0.355900,-1.7019,-2.1941,9.0595,0.0064,-0.0804,0.0819,-0.912900,0.070700,-0.132900,0.379300,-7.6340,-2.0839,7.2651,2.5852,-4.4560,0.5475,0.231400,0.302100,0.041900,-0.923800,True,False,True,Straight,1.000,-174.07,0.999,True,,,False,,,False
1783432881221,2131,8.1162,0.0703,-0.1287,-0.2998,-0.0347,-0.0335,-0.641100,0.328400,0.594000,0.358300,-1.7178,-2.3166,9.0748,0.0386,-0.0379,0.1026,-0.913500,0.070300,-0.132500,0.378100,-12.4788,-2.8994,14.8381,3.1862,-3.9668,0.5765,0.227600,0.265000,-0.008700,-0.936900,True,False,True,Straight,1.000,-174.07,0.999,True,,,False,,,False
1783432881232,2132,8.4131,-0.4140,-0.1195,-0.3964,-0.0446,-0.1247,-0.638600,0.330800,0.593100,0.362000,-1.8885,-2.5644,9.0237,0.1446,-0.0350,0.0834,-0.914100,0.068800,-0.131600,0.377300,-14.8470,-7.0062,15.7041,3.3803,-4.4636,-0.0170,0.215200,0.221500,-0.061000,-0.949200,True,False,True,Straight,1.000,-174.07,0.999,True,,,False,,,False
1783432881243,2133,9.2394,-0.3556,0.0567,-0.4223,-0.0084,-0.2243,-0.635700,0.332600,0.592100,0.366900,-1.8658,-2.5590,9.0776,0.3065,-0.0757,0.0386,-0.914700,0.065600,-0.129400,0.377300,-16.8310,-7.7913,12.8276,3.5858,-4.4802,-1.1338,0.187800,0.178200,-0.112300,-0.959400,True,False,True,Straight,1.000,-174.07,0.999,True,-12.45,,False,,,False
1783432881253,2134,9.7716,0.2205,0.0479,-0.4351,-0.0040,-0.2958,-0.632500,0.333800,0.591400,0.372500,-1.3833,-2.2950,9.0279,0.3989,0.0710,0.0363,-0.915000,0.060700,-0.128500,0.377500,-17.4172,-6.2017,8.2155,3.3213,-3.8511,-1.8031,0.152800,0.141700,-0.156900,-0.965400,True,False,True,Straight,1.000,-174.07,0.999,True,,,False,,,False
1783432881264,2135,10.3469,0.3748,0.1114,-0.4962,-0.0016,-0.3503,-0.628800,0.335200,0.590600,0.378900,-1.5097,-1.9871,9.3671,0.3348,0.2433,0.0551,-0.915100,0.055700,-0.129800,0.377600,-16.5047,-3.5204,4.2596,2.6415,-2.9127,-1.6670,0.122000,0.114600,-0.191100,-0.967200,True,False,True,Straight,1.000,-174.07,0.999,True,,,False,,,False
1783432881274,2136,10.2589,0.6306,0.1512,-0.5080,0.0319,-0.3734,-0.625100,0.336200,0.589400,0.385700,-1.4473,-1.8805,9.3043,0.2278,0.3926,0.0881,-0.915000,0.051200,-0.133400,0.377200,-14.5255,-1.2266,1.0749,1.3903,-1.7481,-0.6951,0.107200,0.097100,-0.209500,-0.967000,True,False,True,Straight,1.000,-174.07,0.999,True,,,False,,,False
1783432881285,2137,9.8540,0.6445,-0.2557,-0.5161,0.0463,-0.3451,-0.621600,0.337500,0.588000,0.392400,-1.5623,-1.6253,9.3959,0.1740,0.5465,0.1364,-0.914900,0.046500,-0.139000,0.376200,-13.1984,-1.7001,-0.1912,-0.1949,-0.5374,0.4158,0.111000,0.089300,-0.208300,-0.967600,True,False,True,Straight,1.000,-174.07,0.999,True,,,False,,,False
1783432881296,2138,9.6594,-0.2838,-0.6105,-0.4193,-0.0090,-0.2762,-0.618400,0.338700,0.587200,0.397600,-2.2367,-1.5358,9.7105,0.0634,0.6944,0.1792,-0.914500,0.042200,-0.146900,0.374700,-11.8694,-3.3519,1.7927,-0.9483,0.4857,0.9362,0.124600,0.091400,-0.197100,-0.968100,True,False,True,Straight,1.000,-174.07,0.999,True,,,False,,,False
1783432881307,2139,9.9228,-1.5689,-0.4190,-0.1740,-0.1007,-0.1775,-0.616000,0.339300,0.587900,0.399900,-2.1453,-1.4308,9.5997,-0.1132,0.8448,0.2283,-0.913900,0.039200,-0.157300,0.372200,1.5354,4.1853,11.3941,-2.8043,1.2070,1.0841,0.143800,0.099000,-0.162300,-0.971200,True,False,True,Straight,1.000,-174.07,0.999,True,,,False,,,False
1783432881318,2140,9.7248,-1.7021,0.0812,-0.0266,-0.0846,-0.1087,-0.614700,0.339100,0.588900,0.400500,-1.7199,-1.6473,9.8517,-0.3283,1.1589,0.3296,-0.912900,0.037000,-0.172300,0.368300,3.9971,5.1814,11.7964,-3.0432,0.9988,0.9051,0.160400,0.103800,-0.124500,-0.973600,False,False,True,Straight,1.000,-174.07,0.999,True,,,False,,,False
1783432881328,2141,10.0124,-0.8694,0.9527,0.0319,-0.0916,-0.0592,-0.613900,0.338800,0.590000,0.400400,-0.9282,-1.7858,10.1212,-0.4400,2.0766,0.3716,-0.909600,0.031700,-0.198200,0.363900,-1.1162,-15.5345,9.6545,-1.6449,2.1624,0.1002,0.167100,0.126600,-0.100200,-0.972600,False,False,True,Straight,1.000,-174.07,0.999,True,,,False,,,False
1783432881338,2142,12.2186,1.1669,3.7880,-0.1162,0.1813,0.0510,-0.615000,0.339200,0.587800,0.401600,0.0101,-1.2440,10.4949,-0.7185,3.6619,0.4521,-0.901300,0.022200,-0.243100,0.358000,-11.3556,8.1330,17.1795,-1.5137,1.7876,-0.3703,0.167000,0.145600,-0.077300,-0.972100,False,False,True,Straight,1.000,-174.07,0.999,True,,,False,,,False
1783432881348,2143,13.6393,4.1340,4.3368,-0.6782,0.1092,0.4374,-0.615100,0.347000,0.581700,0.403600,1.9425,-2.9675,10.5605,-0.8834,6.3006,0.7658,-0.882400,0.001600,-0.317400,0.347200,-4.0043,-5.3974,12.4641,-1.2143,0.6441,-0.2199,0.167000,0.151200,-0.060700,-0.972400,False,False,True,Straight,1.000,-174.07,0.999,True,,,False,,,False
1783432881359,2144,10.8839,0.9684,2.3861,-1.2269,-0.0165,0.4683,-0.611900,0.359900,0.573500,0.408800,-3.6500,-2.9364,13.1168,-0.7430,8.7616,1.0501,-0.846900,-0.032200,-0.415200,0.330600,-3.6748,1.2428,10.2630,-0.7211,0.2855,-0.1215,0.166900,0.153200,-0.051000,-0.972700,False,False,True,Straight,0.900,-174.07,0.999,True,,,False,,,False
1783432881370,2145,8.9700,-1.3420,3.2484,-0.9456,0.2588,0.2748,-0.610900,0.367700,0.565400,0.414600,-11.9945,-5.9499,18.6099,-0.0440,8.7380,1.6613,-0.803300,-0.076000,-0.504500,0.307200,-3.6972,1.0526,9.9114,-0.4748,0.0131,-0.0833,0.166700,0.152500,-0.044900,-0.973100,False,False,True,Straight,0.800,-174.07,0.999,True,,,False,,,False
1783432881381,2146,9.1891,0.4055,3.2686,-0.9650,0.4734,0.1109,-0.610300,0.373300,0.556300,0.422700,-9.3866,-8.6501,15.1911,1.5356,6.7289,1.7259,-0.763000,-0.127600,-0.562500,0.291900,-2.7295,0.7891,9.5081,-0.2981,-0.0188,-0.0881,0.166000,0.151700,-0.041000,-0.973500,False,False,True,Straight,0.700,-174.07,0.999,True,,,False,,,False
1783432881392,2147,10.8955,2.8757,3.0194,-1.2049,0.4518,-0.0497,-0.607500,0.379700,0.546600,0.433500,-8.5985,-7.9054,19.9971,3.6597,4.2996,0.4878,-0.726900,-0.181100,-0.587900,0.305300,-2.6479,1.0676,9.3066,-0.1799,0.0800,-0.0785,0.165300,0.152400,-0.038400,-0.973600,False,False,True,Straight,0.600,-174.07,0.999,True,,,False,,,False
1783432881402,2148,10.5076,3.1358,2.4479,-1.5004,0.2520,-0.2529,-0.600600,0.387900,0.537700,0.446800,-0.5152,-2.5410,18.4826,3.3702,-1.1372,-1.4267,-0.721400,-0.196500,-0.567200,0.345200,-2.6569,0.7658,9.4193,-0.0936,0.1961,-0.0558,0.164700,0.154600,-0.036600,-0.973500,False,True,True,Straight,0.500,-174.07,0.999,True,,,False,,,False
1783432881413,2149,9.7723,1.8347,1.8085,-1.8295,0.1529,-0.4691,-0.590000,0.397600,0.528400,0.463300,4.6293,-0.2112,4.8310,2.7547,-1.9681,-1.2543,-0.722600,-0.203600,-0.540000,0.380400,-2.8702,1.1737,9.3795,-0.0113,0.2527,-0.0431,0.164200,0.157700,-0.035800,-0.973100,False,True,True,Straight,0.400,-174.07,0.999,True,,,False,,,False
1783432881423,2150,9.7515,1.5764,1.6634,-1.9443,0.2179,-0.5799,-0.578200,0.406700,0.518300,0.481400,0.6307,-2.0850,8.3419,2.8056,-2.4930,-0.6727,-0.728400,-0.212100,-0.505200,0.411300,-2.9806,1.3250,9.3725,-0.0295,0.2630,-0.0614,0.163500,0.160900,-0.034600,-0.972700,False,True,True,Straight,0.300,-174.07,0.999,True,,,False,,,False
1783432881434,2151,9.6766,1.9177,1.7025,-2.0755,0.2242,-0.5883,-0.565300,0.416400,0.506900,0.500100,-2.3655,-4.0269,10.9020,2.8071,-4.4293,-0.5605,-0.744600,-0.210700,-0.450700,0.445000,-2.9512,0.9715,9.2822,0.0128,0.2360,-0.0528,0.162700,0.163900,-0.034100,-0.972400,False,True,True,Straight,0.200,-174.07,0.999,True,,,False,,,False
1783432881445,2152,9.0775,1.9500,1.6887,-2.2893,0.2099,-0.5900,-0.550800,0.427300,0.494000,0.519700,-3.5046,-7.9863,7.5384,2.7524,-5.9413,-0.7837,-0.764000,-0.197900,-0.380600,0.481900,-3.0485,1.0169,9.2739,0.0515,0.2294,-0.0535,0.161900,0.166800,-0.034000,-0.972000,False,True,True,Straight,0.100,-174.07,0.999,True,,,False,,,False
1783432881456,2153,8.7818,1.5149,1.4152,-2.4818,0.2078,-0.6577,-0.534200,0.438800,0.479600,0.540400,-4.8086,-11.8338,3.4163,3.4003,-6.1243,-1.6842,-0.771600,-0.184500,-0.304200,0.527400,-3.2639,1.3119,9.2249,0.0435,0.1626,-0.0676,0.160900,0.168900,-0.034000,-0.971800,False,True,True,Turning,1.000,-174.07,0.999,True,,,False,,,False
1783432881466,2154,9.1180,1.2940,1.2907,-2.5917,0.2406,-0.7082,-0.516300,0.450000,0.464100,0.561700,-5.8240,-10.1042,4.4275,3.3225,-5.3157,-2.6920,-0.763500,-0.170400,-0.236000,0.576400,-3.1658,1.2560,9.2526,0.0129,0.1034,-0.0734,0.159900,0.170300,-0.033600,-0.971800,False,True,True,Turning,1.000,-174.07,0.999,True,,,False,,,False
1783432881476,2155,9.3658,1.7371,1.2602,-2.7439,0.2533,-0.7069,-0.497000,0.461600,0.446800,0.583300,-9.4965,-12.8103,9.9722,2.3457,-4.8613,-3.4116,-0.745800,-0.146900,-0.179100,0.624600,-3.2822,1.0553,9.3123,-0.0254,0.0427,-0.0887,0.158700,0.170800,-0.032900,-0.971900,False,True,True,Turning,1.000,-174.07,0.999,True,,,False,,,False
1783432881487,2156,9.3033,1.6123,1.1808,-2.9189,0.1935,-0.7366,-0.475500,0.473900,0.428300,0.605000,-13.6644,-20.3245,9.1957,2.7912,-4.9369,-5.0219,-0.709000,-0.122300,-0.119700,0.684100,-3.0730,1.0066,9.2856,-0.0414,-0.0092,-0.0996,0.157500,0.170700,-0.032100,-0.972100,False,True,True,Turning,1.000,-174.07,0.999,True,,,False,,,False
1783432881497,2157,9.1732,0.8838,0.9338,-3.0224,0.1877,-0.7791,-0.452300,0.485900,0.408500,0.626500,-17.8764,-21.3943,6.8079,3.5108,-4.1942,-7.7799,-0.638200,-0.104800,-0.063600,0.760000,-2.9327,1.0039,9.1659,-0.0310,0.0188,-0.1133,0.156000,0.170900,-0.031400,-0.972400,False,True,True,Turning,1.000,-174.07,0.999,True,,,False,,,False
1783432881507,2158,9.4094,0.9268,1.1935,-3.0233,0.1930,-0.7761,-0.428400,0.497100,0.388100,0.647000,-20.7621,-18.7138,4.0716,2.5428,-2.5694,-10.5026,-0.530900,-0.091000,-0.032200,0.841900,-3.0591,0.9590,9.1491,0.0086,0.0664,-0.1311,0.154300,0.171800,-0.031000,-0.972500,False,True,True,Turning,1.000,-174.07,0.999,True,,,False,,,False
1783432881518,2159,9.3918,1.0610,1.3573,-3.0876,0.1612,-0.7696,-0.403400,0.508300,0.366700,0.666600,-20.8242,-12.1567,5.4577,0.8170,-0.9970,-11.2855,-0.406200,-0.080200,-0.029600,0.909800,-3.1879,0.8205,9.0632,0.0557,0.1114,-0.1302,0.152500,0.173300,-0.031000,-0.972500,False,True,True,Turning,1.000,-174.07,0.999,True,,,False,,,False
1783432881528,2160,9.2675,2.2765,0.9499,-3.1183,0.1680,-0.8388,-0.377000,0.518300,0.344900,0.685700,-15.5625,1.1636,7.2908,-1.6157,-0.1483,-9.5145,-0.296700,-0.065900,-0.056700,0.951000,-3.1156,0.9506,9.1927,0.1168,0.1567,-0.1279,0.150600,0.175500,-0.031800,-0.972400,False,True,True,Turning,1.000,-174.07,0.999,True,,,False,,,False
1783432881539,2161,9.5333,2.1255,1.3739,-3.1887,0.3004,-0.9243,-0.349300,0.526400,0.321800,0.705200,-12.1813,-2.7459,6.7688,-1.8852,0.5258,-6.4795,-0.219600,-0.060100,-0.086300,0.969900,-3.3238,1.2698,9.2687,0.1528,0.2016,-0.1214,0.148700,0.178300,-0.032900,-0.972100,False,True,True,Turning,1.000,-174.07,0.999,True,,,False,,,False
1783432881549,2162,9.3216,1.5404,1.3990,-3.1644,0.3104,-0.8932,-0.321600,0.533400,0.298100,0.723300,-8.6289,-1.6748,7.4545,-0.2526,0.3267,-3.4151,-0.177700,-0.059500,-0.093000,0.977900,-3.3884,1.2248,9.2878,0.1241,0.1845,-0.1231,0.146800,0.180800,-0.033700,-0.971900,False,True,True,Turning,1.000,-174.07,0.999,True,,,False,,,False
1783432881559,2163,9.2912,0.7496,0.8417,-3.0474,0.2561,-0.7649,-0.295000,0.540100,0.274400,0.738900,-4.7027,-3.5845,6.1144,-0.9845,0.0600,-1.2941,-0.162400,-0.056300,-0.106400,0.979400,-3.5570,1.2582,9.1586,0.0901,0.1375,-0.1276,0.145000,0.182700,-0.034100,-0.971800,False,True,True,Turning,1.000,-174.07,0.999,True,,,False,,,False
1783432881569,2164,9.5209,0.5183,1.1149,-2.8549,0.1559,-0.5459,-0.270900,0.547000,0.250900,0.751300,-5.0195,-9.8399,5.3921,-0.2777,1.5008,-1.0500,-0.147700,-0.072600,-0.113800,0.979800,-3.5183,1.3078,9.3228,0.0509,0.0585,-0.1570,0.142800,0.183600,-0.034200,-0.972000,False,True,True,Turning,1.000,-174.07,0.999,True,,,False,,,False
1783432881580,2165,9.7804,-0.8389,2.5062,-2.6678,0.0867,-0.3628,-0.249400,0.553800,0.227900,0.761100,-7.2808,9.3329,19.5995,0.0779,-0.3387,-0.0002,-0.148100,-0.068400,-0.112500,0.980200,-3.5270,1.3193,9.5413,0.0000,0.0187,-0.1777,0.140500,0.183900,-0.033600,-0.972300,False,True,True,Turning,1.000,-174.07,0.999,True,,,False,,,False
1783432881590,2166,10.4769,-3.5718,2.7750,-2.2413,0.1377,-0.4074,-0.230200,0.558100,0.208800,0.769400,-1.1219,-4.5408,9.5233,-0.4589,-0.4968,-0.1006,-0.148000,-0.061200,-0.117500,0.980100,-3.3933,1.6780,9.6076,-0.1236,0.0313,-0.3384,0.136600,0.184200,-0.031200,-0.972900,False,True,True,Turning,1.000,-174.07,0.999,True,,,False,,,False
1783432881600,2167,11.2330,-2.8528,2.7653,-1.6195,0.2939,-0.5066,-0.214800,0.558500,0.195900,0.776900,-0.6711,-1.7724,9.4195,-0.4335,-0.3725,-0.0518,-0.148300,-0.055600,-0.122400,0.979800,-3.4436,0.5022,9.4538,-0.0965,0.1032,-0.7349,0.127700,0.185600,-0.028000,-0.973900,False,True,True,Turning,1.000,-174.07,0.999,True,,,False,,,False
1783432881610,2168,10.9340,-0.2290,2.4724,-1.4321,0.3023,-0.4155,-0.201400,0.558300,0.184000,0.783500,-1.1876,-4.2404,8.5482,0.0095,-0.1395,-0.0564,-0.147800,-0.053700,-0.122400,0.980000,-5.2117,-2.2699,9.1311,0.9202,-0.0326,-2.5471,0.094400,0.187400,-0.033300,-0.977200,False,False,True,Turning,1.000,-174.07,0.999,True,,,False,,,False
1783432881620,2169,9.9740,1.3542,2.3849,-1.7219,0.2630,-0.3072,-0.186900,0.559200,0.168500,0.789900,-1.5268,-2.8753,9.6269,0.3364,-0.0696,-0.0160,-0.147500,-0.053300,-0.118400,0.980500,-5.8595,1.7533,8.4380,2.0340,-0.3563,-5.4766,0.022200,0.187300,-0.045500,-0.981000,False,False,True,Turning,1.000,-174.07,0.999,True,,,False,,,False
1783432881631,2170,9.9781,1.4480,2.2502,-2.2275,0.2517,-0.3313,-0.168500,0.561000,0.148200,0.796800,-1.2996,-2.5964,9.3924,0.3119,-0.0434,-0.0027,-0.147300,-0.053200,-0.114700,0.981000,-6.1770,2.8746,8.1398,2.5192,-0.5285,-7.0171,-0.070100,0.184600,-0.059700,-0.978500,False,False,True,Turning,1.000,-174.07,0.999,True,,,False,,,False
1783432881641,2171,9.8919,0.3706,1.8748,-2.6279,0.1909,-0.4647,-0.145800,0.563500,0.124800,0.803500,-1.3031,-2.4257,9.1958,0.4069,0.0230,0.0144,-0.147200,-0.054100,-0.110000,0.981500,-6.0038,2.3298,8.1323,2.5899,-0.6616,-7.5120,-0.168100,0.179000,-0.073000,-0.966600,True,False,True,Turning,1.000,-174.07,0.999,True,,,False,,,False
1783432881653,2172,9.4542,-0.3731,1.4696,-2.8737,0.1199,-0.6151,-0.119400,0.566200,0.100000,0.809400,-1.5073,-2.0859,9.5113,0.4898,0.0488,0.0179,-0.147000,-0.055400,-0.104300,0.982000,-7.1365,0.4099,7.9116,2.6574,-0.7278,-7.5725,-0.265200,0.170600,-0.086100,-0.945000,True,False,True,Turning,1.000,-174.07,0.999,True,,,False,,,False
1783432881663,2173,9.1243,-0.7840,1.1501,-3.0006,0.0188,-0.7164,-0.090900,0.569200,0.074600,0.813700,-1.5060,-1.6788,9.6182,0.4172,0.0410,0.0132,-0.146900,-0.056600,-0.099500,0.982500,-8.7033,0.5690,8.0737,2.6383,-0.6625,-7.4006,-0.357600,0.161200,-0.098700,-0.914500,True,False,True,Turning,1.000,-174.07,0.999,True,,,False,,,False
1783432881673,2174,9.1415,-1.3853,1.0614,-3.0168,-0.0581,-0.7595,-0.061600,0.572100,0.049300,0.816400,-1.6606,-1.5307,9.8611,0.2839,0.0046,0.0061,-0.146800,-0.057000,-0.096300,0.982800,-8.1829,-1.5222,10.5308,2.3282,-1.2923,-7.1652,-0.444000,0.144200,-0.104500,-0.878100,True,False,True,Turning,1.000,-174.07,0.999,True,,,False,,,False
1783432881683,2175,9.3858,-1.8850,1.2915,-2.9065,-0.0482,-0.7402,-0.033300,0.574000,0.025000,0.817800,-1.5422,-1.5816,9.6837,0.1691,-0.0398,0.0022,-0.146700,-0.056700,-0.094400,0.983000,-5.4898,-0.7314,6.0241,3.0192,-1.3871,-6.9223,-0.525100,0.120600,-0.116800,-0.834300,True,False,True,Turning,1.000,-174.07,0.999,True,,,False,,,False
1783432881693,2176,9.3089,-2.0932,1.4633,-2.7452,-0.0474,-0.6701,-0.006700,0.575100,0.001800,0.818100,-1.4168,-1.5728,9.5424,0.0982,-0.0564,0.0042,-0.146800,-0.056100,-0.093400,0.983200,-5.3679,2.0958,7.5298,3.0162,-1.0644,-6.5240,-0.596900,0.098800,-0.130700,-0.785400,True,False,True,Turning,1.000,-174.07,0.999,True,,,False,,,False
1783432881704,2177,9.1524,-2.0480,1.5285,-2.5639,-0.0353,-0.6069,0.017800,0.575400,-0.020100,0.817500,-1.4708,-1.3777,9.6812,0.0079,-0.0735,0.0007,-0.146900,-0.055000,-0.093400,0.983200,-3.3734,2.5526,7.8104,2.6570,-0.8891,-5.9190,-0.657600,0.079700,-0.142200,-0.735500,True,False,True,Turning,1.000,-174.07,0.999,True,,,False,,,False
1783432881715,2178,9.3146,-1.6714,1.5910,-2.4120,-0.0365,-0.5665,0.040900,0.575100,-0.040600,0.816100,-1.3607,-1.5843,9.5319,-0.0615,-0.0659,-0.0098,-0.146900,-0.054000,-0.094300,0.983200,-1.4086,3.0554,8.4339,2.1937,-0.6085,-5.1780,-0.706700,0.065100,-0.151700,-0.687900,True,False,True,Turning,1.000,-174.07,0.999,True,,,False,,,False
1783432881725,2179,9.3865,-1.7024,1.6590,-2.2957,-0.0535,-0.5412,0.062800,0.574500,-0.060100,0.813800,-1.4777,-1.7352,9.4392,-0.1030,-0.0858,-0.0188,-0.146900,-0.052600,-0.095600,0.983100,-0.0890,3.4312,9.7449,1.6098,-0.4666,-4.2689,-0.744400,0.054900,-0.157500,-0.646500,True,False,True,Turning,1.000,-174.07,0.999,True,,,False,,,False
1783432881736,2180,9.4018,-1.8321,1.8453,-2.1822,-0.0489,-0.5376,0.083800,0.573500,-0.078500,0.811100,-1.2879,-1.7563,9.3502,-0.0825,-0.0352,-0.0516,-0.146400,-0.051800,-0.096900,0.983100,1.1089,3.6528,10.6076,1.1607,-0.4872,-3.2379,-0.771600,0.046500,-0.159800,-0.613900,True,False,True,Turning,1.000,-174.07,0.999,True,,,False,,,False
1783432881747,2181,9.4007,-1.8452,1.8025,-2.0694,-0.0353,-0.5287,0.103900,0.572100,-0.095600,0.807900,-1.1877,-1.5810,9.3237,-0.0572,0.0001,-0.0484,-0.145800,-0.051500,-0.097800,0.983100,1.4681,3.2014,11.0778,0.8735,-0.5905,-2.2956,-0.790600,0.038100,-0.159200,-0.590100,True,False,True,Turning,1.000,-174.07,0.999,True,,,False,,,False
1783432881757,2182,9.4133,-1.8119,1.6972,-1.9406,-0.0254,-0.4964,0.122600,0.570300,-0.111700,0.804500,-1.0397,-1.3511,9.1935,-0.0052,0.0344,-0.0167,-0.145600,-0.051800,-0.098200,0.983100,1.0740,2.8822,11.0019,0.6420,-0.7157,-1.5967,-0.803900,0.029600,-0.155800,-0.573200,True,False,True,Turning,1.000,-174.07,0.999,True,,,False,,,False
1783432881768,2183,9.5027,-1.5668,1.5013,-1.8414,-0.0205,-0.4625,0.140300,0.568200,-0.126900,0.800900,-0.9601,-1.6391,8.9945,0.0563,0.1082,0.0296,-0.145800,-0.053100,-0.097900,0.983000,0.0745,2.9299,10.7512,0.3944,-0.8135,-1.1264,-0.813600,0.021900,-0.149900,-0.561300,True,False,True,Turning,1.000,-174.07,0.999,True,,,False,,,False
1783432881779,2184,9.4868,-1.2650,1.3036,-1.7842,0.0018,-0.4784,0.157600,0.565700,-0.141300,0.797000,-1.3111,-1.4733,9.4100,0.1321,0.1894,0.0732,-0.146400,-0.055600,-0.096900,0.982900,-0.3773,2.7521,9.7673,0.2664,-0.8078,-0.8604,-0.821200,0.015100,-0.143100,-0.552200,True,False,True,Turning,1.000,-174.07,0.999,True,,,False,,,False
1783432881790,2185,9.5422,-1.3208,1.1843,-1.7565,0.0048,-0.5169,0.175100,0.563000,-0.155000,0.792700,-1.3010,-1.5353,9.4128,0.1371,0.2044,0.0828,-0.147100,-0.058300,-0.095700,0.982700,-0.9647,2.1496,9.5603,0.3376,-0.6979,-0.8284,-0.828300,0.008200,-0.137900,-0.543100,True,False,True,Turning,1.000,-174.07,0.999,True,,,False,,,False
1783432881800,2186,9.8134,-1.6027,1.0878,-1.6829,-0.0031,-0.5141,0.191900,0.560300,-0.168000,0.788000,-1.2418,-1.5564,9.1630,0.1878,0.2537,0.0833,-0.147700,-0.061800,-0.094100,0.982600,-1.4962,1.5239,9.4071,0.5764,-0.6491,-0.9483,-0.835800,-0.000700,-0.134700,-0.532200,True,False,True,Turning,1.000,-174.07,0.999,True,,,False,,,False
1783432881811,2187,9.8329,-1.7694,1.0386,-1.5522,-0.0110,-0.5054,0.207600,0.557700,-0.179800,0.783300,-1.9292,-1.5736,9.9413,0.2736,0.2965,0.0724,-0.148000,-0.065900,-0.091400,0.982500,-1.8950,1.2736,8.8838,0.7649,-0.5914,-1.1076,-0.844100,-0.010800,-0.133400,-0.519100,True,False,True,Turning,1.000,-174.07,0.999,True,,,False,,,False
1783432881822,2188,9.5835,-1.6851,0.9684,-1.4337,-0.0338,-0.4910,0.222200,0.555400,-0.190400,0.778400,-1.7871,-1.2953,9.8862,0.0120,0.1702,0.0738,-0.148800,-0.067900,-0.091800,0.982300,-2.8270,1.3879,9.0313,0.8045,-0.5650,-1.2173,-0.852800,-0.021000,-0.132600,-0.504700,True,False,True,Turning,1.000,-174.07,0.999,True,,,False,,,False
1783432881833,2189,9.2173,-1.5373,0.9458,-1.3349,-0.0566,-0.4885,0.236000,0.553400,-0.200100,0.773300,-1.3119,-1.5539,9.0672,-0.0224,0.2198,0.0812,-0.149500,-0.070500,-0.092600,0.981900,-3.5522,1.3930,8.4571,0.8074,-0.6596,-1.2553,-0.861500,-0.031800,-0.130800,-0.489600,True,False,True,Turning,1.000,-174.07,0.999,True,,,False,,,False
1783432881843,2190,9.0236,-1.7588,0.9637,-1.2662,-0.1004,-0.5097,0.249300,0.551900,-0.209100,0.767800,-1.1421,-1.4470,8.8667,0.0324,0.3829,0.1144,-0.150500,-0.075300,-0.093100,0.981300,-4.0892,2.0440,7.5496,0.8120,-0.6626,-1.2165,-0.869600,-0.042700,-0.128900,-0.474800,True,False,True,Turning,1.000,-174.07,0.999,True,,,False,,,False
1783432881854,2191,9.2062,-2.1598,0.8451,-1.1248,-0.1414,-0.5219,0.261600,0.551100,-0.216700,0.762200,-1.7077,-1.5100,9.5127,0.1130,0.5084,0.0815,-0.150800,-0.081700,-0.092800,0.980800,-4.6861,3.0035,6.6913,0.5637,-0.5264,-1.1362,-0.876800,-0.050200,-0.126900,-0.461100,True,False,True,Turning,1.000,-174.07,0.999,True,,,False,,,False
1783432881864,2192,9.4344,-2.2464,0.6526,-0.9584,-0.1479,-0.5158,0.272600,0.550800,-0.222700,0.756800,-2.2892,-1.4713,9.7561,0.1269,0.4510,0.0717,-0.151000,-0.087400,-0.092200,0.980300,-5.4857,3.3545,6.0610,0.3995,-0.2621,-0.9251,-0.882300,-0.054700,-0.126800,-0.450000,True,False,True,Turning,1.000,-174.07,0.999,True,,,False,,,False
1783432881875,2193,9.5053,-2.2144,0.3180,-0.8175,-0.1306,-0.4903,0.282400,0.550700,-0.227500,0.751800,-2.5843,-1.3749,9.8136,0.1194,0.3442,0.0546,-0.151200,-0.091800,-0.091600,0.980000,-6.9987,3.4690,7.1032,0.4780,-0.1252,-0.6026,-0.885600,-0.059800,-0.128400,-0.442400,True,False,True,Turning,1.000,-174.07,0.999,True,,,False,,,False
1783432881885,2194,9.4627,-2.6378,0.0764,-0.6303,-0.1613,-0.4714,0.290600,0.551400,-0.230700,0.747200,-2.4240,-1.3654,9.6610,0.0954,0.2381,0.0159,-0.151000,-0.094800,-0.091100,0.979800,-5.7843,6.2104,8.3820,-0.5176,-0.1088,-0.3156,-0.887900,-0.054300,-0.124400,-0.439500,True,False,True,Turning,1.000,-174.07,0.999,True,,,False,,,False
1783432881895,2195,9.6653,-3.0682,0.3269,-0.3676,-0.2130,-0.4567,0.296700,0.553400,-0.231800,0.743000,-2.4535,-1.4174,9.6035,0.0857,0.1590,-0.0216,-0.150500,-0.096800,-0.090600,0.979700,1.8257,1.7073,7.8277,-0.8964,-0.2479,0.1564,-0.888100,-0.046000,-0.116500,-0.442300,True,False,True,Turning,1.000,-174.07,0.999,True,,,False,,,False
1783432881905,2196,10.3017,-2.3504,1.2858,-0.1307,-0.2702,-0.3690,0.300200,0.556600,-0.231500,0.739300,-1.9398,-1.3937,9.4516,0.1013,0.1633,-0.0073,-0.150100,-0.098800,-0.089900,0.979600,2.1359,-4.7423,6.4254,-0.5172,1.2641,-0.1084,-0.887100,-0.033200,-0.127600,-0.442300,True,False,True,Turning,1.000,-174.07,0.999,True,,,False,,,False
1783432881915,2197,10.5656,-1.3080,2.3903,-0.1314,-0.2756,-0.2520,0.302600,0.559400,-0.232000,0.736000,-1.3568,-1.6347,9.5554,0.1689,0.3397,0.0447,-0.150100,-0.103200,-0.088600,0.979300,-10.3826,7.6425,15.7252,-0.6348,1.0869,-0.1295,-0.886300,-0.020100,-0.136000,-0.442200,True,False,True,Turning,1.000,-174.07,0.999,True,,,False,,,False
1783432881925,2198,10.9705,0.2862,3.3654,-0.3205,-0.2653,-0.1219,0.305100,0.561100,-0.235100,0.732700,-0.0851,-2.1143,10.3600,0.4582,0.7982,0.1560,-0.150500,-0.113900,-0.084500,0.978400,-1.8332,-2.5943,11.0718,-0.3663,0.3743,0.0461,-0.885600,-0.014100,-0.138000,-0.443300,False,False,True,Turning,1.000,-174.07,0.999,True,,,False,,,False
1783432881936,2199,10.4310,-0.1695,2.1421,-0.5720,-0.2698,-0.1212,0.309400,0.561800,-0.240600,0.728600,-0.1126,-5.5814,11.3288,0.7553,1.7759,0.8167,-0.157500,-0.137700,-0.077600,0.974800,-3.1335,0.6698,9.8867,0.0650,0.1389,0.1818,-0.884400,-0.014500,-0.139800,-0.445100,False,False,True,Turning,1.000,-174.07,0.999,True,,,False,,,False
1783432881947,2200,10.9073,-0.7796,2.6726,-0.4417,-0.0982,-0.2156,0.314100,0.561700,-0.243500,0.725700,-3.0602,-7.2787,12.4931,2.3497,2.7804,1.5744,-0.169700,-0.177400,-0.051900,0.968000,-2.6796,1.3582,9.7035,0.2618,0.0463,0.1364,-0.883600,-0.017400,-0.141600,-0.446000,False,False,True,Turning,1.000,-174.07,0.999,True,,,False,,,False
1783432881958,2201,10.7105,0.6732,3.8366,-0.3370,0.1186,-0.2288,0.318800,0.560100,-0.244500,0.724500,-5.8958,-9.1980,13.7322,4.0884,3.0230,1.9293,-0.181600,-0.223300,-0.004800,0.957700,-2.7112,1.4755,9.9042,0.3274,0.0073,0.0973,-0.883000,-0.021200,-0.143400,-0.446400,False,False,True,Turning,1.000,-174.07,0.999,True,,,False,,,False
1783432881968,2202,10.1038,2.1726,3.6533,-0.5297,0.1397,-0.2210,0.324900,0.557400,-0.247200,0.722900,-6.7254,-17.0765,13.7692,6.3691,2.1988,0.1348,-0.164600,-0.263100,0.066500,0.948300,-2.4791,1.7755,9.6503,0.6100,0.0438,0.1302,-0.882100,-0.028000,-0.147100,-0.446700,False,False,True,Turning,1.000,-174.07,0.999,True,,,False,,,False
1783432881979,2203,10.2783,2.4901,2.8756,-0.6852,0.0941,-0.3347,0.332900,0.554900,-0.250700,0.720000,-10.5671,-20.4363,9.4033,2.9901,2.3123,-5.8191,-0.087200,-0.300300,0.077400,0.946700,-2.4003,2.0731,9.5030,0.8563,0.1467,0.1770,-0.880500,-0.037000,-0.153300,-0.447000,False,True,True,Turning,1.000,-174.07,0.999,True,,,False,,,False
1783432881990,2204,9.9727,1.1556,1.9936,-0.7094,0.0854,-0.4823,0.342300,0.552700,-0.253400,0.716300,-4.9176,-7.9722,8.2229,2.5020,2.0833,-7.6813,0.011200,-0.333300,0.075000,0.939800,-2.4163,1.7982,9.3549,0.8866,0.1761,0.1872,-0.878700,-0.046200,-0.160000,-0.447300,False,True,True,Turning,1.000,-174.07,0.999,True,,,False,,,False
1783432882000,2205,9.5240,-0.0413,1.8585,-0.5302,0.1051,-0.5241,0.350900,0.551300,-0.254100,0.713000,-0.3022,4.7689,12.2361,1.6743,0.8822,-6.3697,0.092000,-0.348000,0.067500,0.930500,-2.5704,2.4195,9.1902,0.8272,0.1565,0.1634,-0.877000,-0.054800,-0.166200,-0.447400,False,True,True,Turning,1.000,-174.07,0.999,True,,,False,,,False
1783432882011,2206,8.9855,-0.1176,1.9164,-0.3462,0.1549,-0.4695,0.357900,0.549900,-0.253300,0.710900,2.9100,5.3813,10.4239,0.8030,-0.2547,-3.9538,0.141500,-0.346800,0.058800,0.925300,-2.4077,2.7336,8.9052,0.6635,0.1279,0.1300,-0.875600,-0.061700,-0.171100,-0.447400,False,True,True,Turning,1.000,-174.07,0.999,True,,,False,,,False
1783432882021,2207,8.8162,0.2345,1.9092,-0.2755,0.1805,-0.4323,0.364100,0.548500,-0.252000,0.709200,3.9731,3.5005,9.9558,0.3956,-1.3297,-2.0304,0.167600,-0.331800,0.051800,0.926900,-2.4692,2.8071,8.8777,0.4385,0.1586,0.0732,-0.874600,-0.065800,-0.175100,-0.447300,False,True,True,Turning,1.000,-174.07,0.999,True,,,False,,,False
1783432882032,2208,8.4749,1.1890,1.7782,-0.3043,0.1331,-0.4168,0.370300,0.547400,-0.251200,0.707200,3.7180,0.8383,8.2166,0.0361,-2.0155,-1.0346,0.181000,-0.308600,0.043300,0.932800,-2.6325,2.7207,8.9597,0.3577,0.1346,0.0483,-0.873800,-0.069200,-0.178400,-0.447100,False,True,True,Turning,1.000,-174.07,0.999,True,,,False,,,False
1783432882042,2209,8.4067,1.2255,1.6496,-0.4414,0.1164,-0.4092,0.377200,0.545700,-0.251800,0.704700,1.9032,-1.9174,8.4904,-0.1911,-2.3665,-0.5777,0.188400,-0.281300,0.033100,0.940400,-2.6570,2.8930,8.9062,0.2931,0.1022,0.0350,-0.873200,-0.071900,-0.181000,-0.446800,False,True,True,Turning,1.000,-174.07,0.999,True,,,False,,,False
1783432882053,2210,8.8320,0.5852,1.5984,-0.5059,0.0982,-0.4041,0.384400,0.543800,-0.253000,0.701800,-1.1894,-5.6693,10.9354,-0.3620,-2.9133,-0.6069,0.195400,-0.247600,0.019500,0.948700,-2.5675,2.8849,8.8751,0.2402,0.1133,0.0176,-0.872700,-0.074000,-0.183500,-0.446400,False,True,True,Turning,1.000,-174.07,0.999,True,,,False,,,False
1783432882063,2211,8.9932,0.3481,1.4325,-0.4892,0.0126,-0.3572,0.390800,0.542500,-0.254800,0.698500,-2.6981,-8.0976,10.7631,-0.5487,-3.5012,-1.1959,0.208700,-0.207100,0.000300,0.955800,-2.5906,3.0695,8.7859,0.1693,0.1226,-0.0176,-0.872400,-0.075200,-0.185700,-0.445900,False,True,True,Turning,1.000,-174.07,0.999,True,,,False,,,False
1783432882074,2212,9.1371,0.3269,1.1602,-0.4702,-0.0469,-0.3012,0.396400,0.541700,-0.257100,0.695200,-3.5315,-8.3220,10.2283,-0.9173,-3.3113,-1.7847,0.227500,-0.169400,-0.024400,0.958600,-2.5535,2.9664,8.7662,0.0829,0.1573,-0.0617,-0.872400,-0.075100,-0.187800,-0.445000,False,True,True,Turning,1.000,-174.07,0.999,True,,,False,,,False
1783432882084,2213,9.1647,0.4659,0.9825,-0.4294,-0.1124,-0.2566,0.401100,0.541500,-0.259700,0.691700,-7.0541,-9.7969,13.2185,-1.3959,-2.9355,-2.3772,0.251800,-0.136900,-0.054900,0.956500,-2.6201,2.8555,8.8874,0.0260,0.1986,-0.1085,-0.872500,-0.074100,-0.190100,-0.443900,False,True,True,Turning,1.000,-174.07,0.999,True,,,False,,,False
1783432882095,2214,8.8732,0.4977,0.7160,-0.4201,-0.2633,-0.1906,0.404700,0.542400,-0.263400,0.687500,-10.1892,-11.1914,13.9104,-1.2776,-2.5264,-3.4775,0.289000,-0.107700,-0.084400,0.947500,-2.6309,3.0096,8.8337,-0.0352,0.2179,-0.1644,-0.873000,-0.072200,-0.192400,-0.442300,False,True,True,Turning,1.000,-174.07,0.999,True,,,False,,,False
1783432882105,2215,8.5843,0.4627,0.6229,-0.3711,-0.4575,-0.1109,0.406500,0.544900,-0.268100,0.682600,-13.6125,-3.0588,14.0986,-0.9954,-1.8921,-4.4536,0.337700,-0.083700,-0.109300,0.931100,-2.5808,3.1398,8.8126,-0.1759,0.2911,-0.2284,-0.873800,-0.068200,-0.194700,-0.440400,False,True,True,Turning,1.000,-174.07,0.999,True,,,False,,,False
1783432882116,2216,8.1586,0.8392,0.4250,-0.2797,-0.6605,0.0162,0.406000,0.549200,-0.274000,0.677100,-19.0096,4.8284,14.9514,-1.1505,-2.0081,-3.7806,0.377100,-0.059500,-0.135400,0.914300,-2.6814,2.8364,8.7478,-0.2536,0.3580,-0.2585,-0.874600,-0.062900,-0.197300,-0.438300,False,True,True,Turning,1.000,-174.07,0.999,True,,,False,,,False
1783432882126,2217,9.1624,0.9445,0.2497,-0.2669,-0.6623,0.1158,0.404500,0.553100,-0.280400,0.672200,-18.1627,6.4217,8.0294,0.4880,-2.6909,-2.0677,0.396000,-0.022700,-0.144300,0.906500,-2.6899,3.0958,8.6416,-0.3135,0.4730,-0.2643,-0.875200,-0.056300,-0.200900,-0.436500,False,True,True,Turning,1.000,-174.07,0.999,True,,,False,,,False
1783432882136,2218,10.0793,0.5485,-0.1786,-0.2091,-0.4921,0.1208,0.403100,0.555900,-0.285500,0.668600,-17.4695,10.0582,0.4793,0.3235,-2.6598,0.4953,0.385400,0.008400,-0.153900,0.909800,-2.8852,2.9997,8.7986,-0.2591,0.6390,-0.2153,-0.875000,-0.049500,-0.206500,-0.435100,False,True,True,Turning,1.000,-174.07,0.999,True,,,False,,,False
1783432882147,2219,11.1403,0.6617,-0.5170,-0.1243,-0.3400,0.0807,0.402000,0.557900,-0.288900,0.666100,-15.7758,3.9235,-4.0794,-1.2792,-0.9753,2.0747,0.359800,0.009500,-0.173600,0.916700,-2.8047,2.1338,9.1801,-0.3058,1.0468,-0.1925,-0.873500,-0.040000,-0.216300,-0.434300,False,False,True,Turning,1.000,-174.07,0.999,True,,,False,,,False
1783432882157,2220,11.7299,1.1641,-0.8277,-0.1548,-0.2414,0.1161,0.401100,0.558900,-0.292200,0.664400,-14.4784,-11.4608,-1.8904,0.6707,1.2147,1.2645,0.347800,-0.004100,-0.160700,0.923700,-2.9584,1.7413,9.3701,-0.0607,1.5381,-0.1649,-0.870200,-0.030600,-0.232700,-0.433200,False,False,True,Turning,1.000,-174.07,0.999,True,,,False,,,False
1783432882168,2221,12.1473,1.6002,-0.5366,-0.2108,-0.2847,0.1563,0.400200,0.559700,-0.296500,0.662300,0.2976,-0.0696,15.9643,2.3313,1.7523,-0.5954,0.357900,-0.012900,-0.126400,0.925100,-2.5534,2.5651,9.5831,0.1321,2.1847,-0.1800,-0.864500,-0.019800,-0.257100,-0.431500,False,False,True,Turning,1.000,-174.07,0.999,True,,,False,,,False
1783432882178,2222,12.4967,0.5138,-0.3029,-0.1972,-0.3273,0.0938,0.399400,0.561200,-0.300400,0.659700,2.0128,6.6524,10.4069,0.1964,2.2787,-0.8528,0.371000,-0.037000,-0.114200,0.920800,-3.4607,3.1830,9.2717,0.0526,3.0104,-0.2007,-0.855400,-0.003500,-0.289600,-0.429500,False,False,True,Turning,1.000,-174.07,0.999,True,,,False,,,False
1783432882189,2223,11.8816,-0.6077,0.6620,-0.0404,-0.2237,-0.0161,0.398900,0.563100,-0.301800,0.657800,-3.8505,3.9581,15.1593,0.1495,2.3462,0.5971,0.367400,-0.064000,-0.101500,0.922300,-3.0607,2.7476,8.8881,0.1264,4.1908,-0.2873,-0.840600,0.018600,-0.334600,-0.425500,False,False,True,Turning,1.000,-174.07,0.999,True,,,False,,,False
1783432882199,2224,11.1034,-0.1367,2.1685,0.2061,-0.5228,-0.0659,0.395900,0.568800,-0.302300,0.654500,-4.5078,-8.0007,11.8547,0.2203,2.3580,0.3218,0.366700,-0.090500,-0.088000,0.921700,-3.0240,4.0438,10.7569,0.1892,5.8856,-0.4505,-0.816300,0.049700,-0.396300,-0.417400,False,False,True,ReacquiringPd,0.000,-174.07,0.000,False,,,False,,,False
1783432882209,2225,10.0704,0.9648,3.1182,0.1810,-0.3463,-0.0450,0.393600,0.572800,-0.302200,0.652400,-5.0314,-1.2543,13.8139,1.1373,1.1163,0.2764,0.365900,-0.098400,-0.069700,0.922800,-6.1693,2.1834,11.9192,0.1811,7.2398,-1.1702,-0.783400,0.091000,-0.468500,-0.398200,False,False,True,ReacquiringPd,0.000,-174.07,0.000,False,,,False,,,False
1783432882220,2226,9.8095,1.3564,4.2698,-0.1080,0.0007,-0.0591,0.394800,0.572700,-0.302700,0.651600,-3.9161,-2.2324,11.6663,1.0415,0.2537,0.1924,0.365100,-0.096800,-0.056400,0.924200,-11.4808,1.5812,14.6643,1.3064,8.5096,-1.5847,-0.738400,0.129200,-0.553400,-0.363100,False,False,True,ReacquiringPd,0.000,-174.07,0.000,False,,,False,,,False
1783432882230,2227,9.8719,0.6257,4.3774,-0.2784,0.2834,-0.2329,0.399600,0.570000,-0.302000,0.651300,-2.3395,-0.3822,11.0968,0.6241,-0.0834,0.0927,0.364700,-0.093000,-0.049700,0.925100,-15.0018,6.4950,15.7474,2.0149,9.1763,-1.8891,-0.681700,0.164300,-0.639900,-0.314400,False,False,True,ReacquiringPd,0.000,-174.07,0.000,False,,,False,,,False
1783432882240,2228,10.6619,0.1356,3.7217,-0.2979,0.4494,-0.3650,0.406300,0.566400,-0.299600,0.651500,-1.8427,-1.1058,10.2319,0.3148,-0.1424,0.0447,0.364400,-0.089900,-0.046800,0.925700,-12.7708,6.2107,22.6984,0.8654,6.8321,-2.1255,-0.634700,0.200000,-0.694300,-0.274200,False,False,True,ReacquiringPd,0.000,-174.07,0.000,False,,,False,,,False
1783432882251,2229,11.2022,0.0616,3.1736,-0.2013,0.4434,-0.2445,0.411300,0.562800,-0.297200,0.652500,-1.4384,-1.3472,9.6461,0.1831,-0.1104,0.0271,0.364200,-0.087800,-0.045300,0.926100,-13.0357,3.9947,30.4391,0.1377,0.4597,-2.3147,-0.638900,0.220400,-0.692100,-0.253400,False,False,True,ReacquiringPd,0.000,-174.07,0.000,False,,,False,,,False
1783432882262,2230,10.4864,0.3757,2.6291,-0.1786,0.2928,0.0864,0.412900,0.559300,-0.297800,0.654300,-1.4804,-1.6008,9.4114,0.1672,-0.0412,0.0224,0.364100,-0.086600,-0.043700,0.926300,-0.1181,2.9561,15.1202,0.6623,-4.8554,-2.2971,-0.688800,0.219000,-0.647200,-0.242300,False,False,True,ReacquiringPd,0.000,-174.07,0.000,False,,,False,,,False
1783432882273,2231,9.4685,-0.2913,1.8920,-0.2279,0.1915,0.4013,0.411800,0.555100,-0.301500,0.656700,-1.4313,-1.6466,9.3771,0.2080,0.0244,0.0192,0.364100,-0.085900,-0.041300,0.926500,1.9825,4.3739,6.8251,0.4312,-4.8194,-2.3688,-0.734800,0.219300,-0.598700,-0.231300,True,False,True,ReacquiringPd,0.000,-174.07,0.000,False,,,False,,,False
1783432882283,2232,8.4820,-0.2919,1.4437,-0.2144,0.1764,0.5194,0.409600,0.550700,-0.306000,0.659700,-1.2377,-1.4697,9.2619,0.1982,0.1063,0.0382,0.363900,-0.086300,-0.038700,0.926600,-2.2623,5.9008,8.5123,0.0034,-5.3196,-1.7246,-0.778100,0.216100,-0.543400,-0.229600,True,False,True,ReacquiringPd,0.000,-174.07,0.000,False,,,False,,,False
1783432882294,2233,8.0340,-0.5429,1.1448,-0.1864,0.1393,0.5086,0.407100,0.546800,-0.310400,0.662500,-1.4363,-1.3449,9.3501,0.1672,0.1526,0.0696,0.363300,-0.087300,-0.036100,0.926900,-4.1607,4.2512,8.6375,0.2809,-6.5044,-0.6888,-0.822600,0.198400,-0.476900,-0.237900,True,False,True,ReacquiringPd,0.000,-174.07,0.000,False,,,False,,,False
1783432882304,2234,7.5286,-0.7152,0.9456,-0.0932,0.0611,0.4403,0.404300,0.544200,-0.313900,0.664700,-1.4655,-1.1893,9.4342,0.1117,0.1856,0.0874,0.362500,-0.089000,-0.034100,0.927100,-3.6033,2.8990,5.9388,1.1803,-7.0404,0.3525,-0.863300,0.162200,-0.406600,-0.251000,True,False,True,ReacquiringPd,0.000,-174.07,0.000,False,,,False,,,False
1783432882315,2235,7.0998,-0.3363,0.7441,-0.0160,0.0140,0.3430,0.401500,0.542800,-0.316400,0.666300,-1.4404,-0.7588,9.4173,-0.0244,0.2445,0.0773,0.361700,-0.092000,-0.033300,0.927200,-4.6978,3.2928,6.6215,1.4289,-6.7084,0.9932,-0.894100,0.119800,-0.338800,-0.267200,True,False,True,ReacquiringPd,0.000,-174.07,0.000,False,,,False,,,False
1783432882325,2236,7.2173,0.0730,0.4024,-0.0059,-0.0891,0.2698,0.398900,0.542600,-0.318800,0.667000,-1.4919,-1.0511,9.2664,-0.1121,0.3171,0.0982,0.360500,-0.096200,-0.033200,0.927200,-8.0000,1.7670,10.5514,1.6333,-6.2922,1.1992,-0.916300,0.074800,-0.274200,-0.282100,True,False,True,ReacquiringPd,0.000,-174.07,0.000,False,,,False,,,False
1783432882335,2237,6.9726,-0.0952,0.1779,-0.0339,-0.1865,0.1787,0.396800,0.543400,-0.321300,0.666400,-1.7954,-1.5189,9.1808,-0.0587,0.3103,0.1386,0.358900,-0.100100,-0.032500,0.927400,-10.5747,0.6949,12.3178,2.7178,-5.6206,1.6852,-0.929300,0.017500,-0.219700,-0.296400,True,False,True,ReacquiringPd,0.000,-174.07,0.000,False,,,False,,,False
1783432882346,2238,7.0597,-0.4756,-0.0946,-0.1222,-0.3579,0.0983,0.395300,0.545500,-0.324800,0.663800,-1.8912,-1.2606,9.1733,-0.0283,0.3770,0.1149,0.357700,-0.104600,-0.031200,0.927400,-18.0352,1.7982,20.1274,2.7242,-4.9632,2.6521,-0.930900,-0.040100,-0.171600,-0.319800,True,False,True,ReacquiringPd,0.000,-174.07,0.000,False,,,False,,,False
1783432882357,2239,7.6746,-0.9530,0.1103,-0.1476,-0.4130,-0.0067,0.394700,0.548300,-0.328100,0.660300,-1.7857,-1.4496,9.2913,-0.1355,0.5058,0.0539,0.357100,-0.111100,-0.030600,0.926900,-22.7352,-1.2326,15.9800,1.2225,-4.6674,2.8004,-0.926900,-0.079200,-0.119900,-0.346600,True,False,True,ReacquiringPd,0.000,-174.07,0.000,False,,,False,,,False
1783432882367,2240,9.3261,-0.3613,0.1185,-0.1051,-0.2871,-0.1972,0.395800,0.551100,-0.329100,0.656800,-1.9478,-1.1841,9.6944,-0.2842,0.5938,0.0210,0.356600,-0.119300,-0.031400,0.926100,-26.1741,0.1477,7.6685,-0.1819,-4.2792,1.7510,-0.924500,-0.098400,-0.067300,-0.362200,True,False,True,ReacquiringPd,0.000,-174.07,0.000,False,,,False,,,False
1783432882377,2241,12.0859,-0.5027,0.5936,-0.0424,-0.1882,-0.2006,0.396800,0.553400,-0.329100,0.654200,-1.8587,-1.6430,9.6525,-0.2328,0.6790,0.0467,0.356000,-0.128200,-0.031100,0.925100,-23.6265,-6.8063,-3.9196,1.5243,-3.3754,1.0447,-0.919700,-0.132300,-0.033500,-0.368200,True,False,True,ReacquiringPd,0.000,-174.07,0.000,False,,,False,,,False
1783432882388,2242,12.1965,-0.2156,0.4185,0.0036,-0.1429,-0.0947,0.396900,0.555100,-0.329200,0.652600,-1.5294,-1.1702,9.6506,-0.2157,0.9091,0.1105,0.354600,-0.139700,-0.029600,0.924000,-23.6541,-3.3772,-6.9938,1.8958,-1.4891,0.2903,-0.915400,-0.161100,-0.024400,-0.368000,True,False,True,ReacquiringPd,0.000,-174.07,0.000,False,,,False,,,False
1783432882398,2243,10.8674,0.2707,-1.0437,-0.0564,-0.1257,-0.0150,0.396900,0.556000,-0.330300,0.651300,-2.0297,-0.8831,10.0097,-0.3423,1.3282,0.1833,0.352300,-0.156600,-0.027500,0.922300,-19.7327,3.0058,-4.6788,0.0711,0.4888,0.2646,-0.914000,-0.159900,-0.029700,-0.371700,False,False,True,ReacquiringPd,0.000,-174.07,0.000,False,,,False,,,False
1783432882408,2244,10.9729,-2.0221,-1.3463,0.2245,-0.3175,0.0112,0.393800,0.559800,-0.330200,0.650000,-1.3097,-1.7847,10.1739,-0.3483,2.1679,0.2687,0.349200,-0.183100,-0.021600,0.918700,-4.0496,3.8274,9.5378,-1.4829,2.3090,1.3792,-0.909100,-0.132800,-0.046300,-0.392100,False,False,True,ReacquiringPd,0.000,-174.07,0.000,False,,,False,,,False
1783432882419,2245,12.6974,-2.3818,-0.8951,0.7011,-0.4752,0.0501,0.386500,0.567000,-0.327300,0.649600,-2.1114,-1.6142,10.2835,-0.3726,3.1497,0.3768,0.344500,-0.220900,-0.011400,0.912400,3.9765,-3.2650,9.9274,-0.4750,2.9020,1.6618,-0.899400,-0.114100,-0.074100,-0.415400,False,False,True,ReacquiringPd,0.000,-174.07,0.000,False,,,False,,,False
1783432882429,2246,12.0722,-0.4100,0.7550,0.7791,-0.5400,0.1936,0.377100,0.574500,-0.325000,0.649800,0.5407,-3.2481,9.9225,-0.2125,4.9030,0.7992,0.334900,-0.277300,0.009400,0.900500,-7.8299,-14.0114,13.7487,-0.4944,3.6912,-0.2827,-0.897300,-0.089100,-0.113300,-0.417200,False,False,True,ReacquiringPd,0.000,-174.07,0.000,False,,,False,,,False
1783432882439,2247,10.6564,1.4706,4.4206,0.5111,-0.1973,0.2036,0.370900,0.577800,-0.323400,0.651200,-1.8664,-2.9010,10.2371,0.2820,7.0588,1.2999,0.319100,-0.354200,0.046300,0.877800,-12.7692,15.2430,18.1771,-0.8338,2.3856,-0.6413,-0.897700,-0.066400,-0.136300,-0.413600,False,False,True,ReacquiringPd,0.000,-174.07,0.000,False,,,False,,,False
1783432882450,2248,11.9965,4.2511,4.7977,-0.1614,-0.0835,0.4366,0.368100,0.576000,-0.328300,0.651800,-5.9819,-3.7023,17.3891,0.3259,9.3752,1.9348,0.291600,-0.451800,0.095200,0.837700,-5.6224,-4.8952,14.7636,-1.1500,1.1427,-0.4374,-0.898900,-0.046900,-0.143500,-0.411300,False,False,True,ReacquiringPd,0.000,-174.07,0.000,False,,,False,,,False
1783432882460,2249,10.5358,1.1776,2.6130,-0.4062,0.0705,0.3552,0.368300,0.572300,-0.334000,0.652200,-13.4807,-5.3743,20.2990,0.1684,9.6748,2.4652,0.253100,-0.545700,0.145100,0.785500,-4.2991,2.2530,10.8586,-0.4981,0.4045,-0.2005,-0.899500,-0.038800,-0.145600,-0.410100,False,False,True,ReacquiringPd,0.000,-174.07,0.000,False,,,False,,,False
1783432882471,2250,10.5278,-1.7484,3.0305,-0.0669,0.2282,0.2416,0.367700,0.569200,-0.335300,0.654500,-6.5674,-8.2399,18.7672,2.0215,7.8227,2.6757,0.225000,-0.608000,0.206800,0.732700,-3.4592,2.0924,10.0051,-0.2394,0.0284,-0.0695,-0.900000,-0.035900,-0.144800,-0.409600,False,False,True,ReacquiringPd,0.000,-174.07,0.000,False,,,False,,,False
1783432882481,2251,10.8260,-1.0714,3.0935,0.1452,0.3113,0.1007,0.367000,0.567000,-0.333500,0.657700,-11.5131,-6.1183,33.2047,2.2684,4.2904,1.6479,0.215700,-0.635300,0.251500,0.697600,-2.6819,1.2488,9.5870,0.0086,0.0587,-0.0145,-0.900000,-0.035600,-0.145500,-0.409400,False,False,True,ReacquiringPd,0.000,-174.07,0.000,False,,,False,,,False
1783432882491,2252,10.6637,1.2966,2.5618,0.1250,0.2918,-0.1171,0.368300,0.565800,-0.330400,0.659600,-0.4168,-6.8836,22.0612,-0.5328,-3.0260,-0.6019,0.226100,-0.611500,0.233400,0.721400,-2.3536,1.8806,9.2180,0.1500,0.1707,0.0155,-0.899600,-0.036500,-0.148200,-0.409200,False,False,True,ReacquiringPd,0.000,-174.07,0.000,False,,,False,,,False
1783432882502,2253,9.3079,2.4082,1.7933,-0.0439,0.1824,-0.3210,0.371900,0.565500,-0.327700,0.659100,4.4487,-3.7772,5.5942,-0.3069,-3.6532,-0.9576,0.242900,-0.581300,0.212400,0.747000,-2.3467,2.0723,9.1572,0.1391,0.3036,0.0036,-0.899000,-0.036500,-0.152300,-0.409000,False,False,True,ReacquiringPd,0.000,-174.07,0.000,False,,,False,,,False
1783432882512,2254,8.1790,1.2688,1.3233,-0.2444,0.1338,-0.4751,0.378000,0.565400,-0.325800,0.656700,-0.0293,-2.3813,8.1722,0.0567,-3.8481,-0.7689,0.260500,-0.546300,0.195100,0.771800,-2.6686,1.9592,9.1923,0.1082,0.3332,-0.0385,-0.898500,-0.035900,-0.156600,-0.408400,False,True,True,ReacquiringPd,0.000,-174.07,0.000,False,,,False,,,False
1783432882522,2255,8.0199,0.7830,1.2551,-0.2612,0.1752,-0.5561,0.385100,0.565100,-0.323300,0.654200,-4.4828,-3.0061,12.3192,0.0294,-5.6921,-0.7496,0.281300,-0.491400,0.170800,0.806400,-2.8251,1.7604,9.2711,0.0926,0.2874,-0.0932,-0.898500,-0.035300,-0.160400,-0.407200,False,True,True,ReacquiringPd,0.000,-174.07,0.000,False,,,False,,,False
1783432882532,2256,7.5616,0.8973,1.2578,-0.3325,0.2300,-0.5049,0.392400,0.563700,-0.321400,0.651900,-4.3554,-2.2454,9.6488,-0.1060,-7.3471,-0.7870,0.303100,-0.417000,0.138000,0.845700,-2.8662,1.7724,9.2323,0.1019,0.2789,-0.1067,-0.898400,-0.034800,-0.164100,-0.405800,False,True,True,ReacquiringPd,0.000,-174.07,0.000,False,,,False,,,False
1783432882543,2257,7.5864,0.3618,0.9508,-0.4152,0.2249,-0.3947,0.399300,0.561600,-0.320900,0.649700,-4.3743,-1.5053,7.9005,-0.6300,-7.5365,-0.7163,0.319100,-0.338800,0.098100,0.879600,-2.9434,1.8532,9.1156,0.0859,0.2835,-0.1194,-0.898500,-0.034100,-0.167700,-0.404300,False,True,True,ReacquiringPd,0.000,-174.07,0.000,False,,,False,,,False
1783432882554,2258,7.7267,-0.2623,0.5711,-0.3580,0.1891,-0.2735,0.404700,0.559500,-0.321000,0.648200,-5.8644,-2.1302,10.6318,-1.0456,-7.2369,-0.5708,0.328600,-0.262400,0.054500,0.905700,-2.9853,1.9967,9.0615,0.0505,0.2645,-0.1577,-0.898700,-0.033000,-0.171000,-0.402400,False,True,True,ReacquiringPd,0.000,-174.07,0.000,False,,,False,,,False
1783432882564,2259,8.2707,-0.1761,0.2512,-0.2347,0.0820,-0.1594,0.407900,0.558400,-0.321400,0.646900,-8.5268,-2.1631,15.2488,-1.9332,-6.8247,-0.4431,0.330600,-0.192000,0.002500,0.924000,-3.0161,1.8470,9.0218,0.0182,0.2783,-0.1569,-0.898900,-0.031400,-0.174300,-0.400600,False,True,True,ReacquiringPd,0.000,-174.07,0.000,False,,,False,,,False
1783432882575,2260,8.3423,0.3311,-0.0738,-0.1698,-0.0838,-0.0219,0.408900,0.558500,-0.323100,0.645400,-14.4128,-7.1116,21.4089,-3.1074,-6.0413,-1.0014,0.333800,-0.134000,-0.061200,0.931100,-3.2503,2.0689,9.0970,-0.0047,0.2938,-0.1447,-0.899100,-0.029600,-0.177700,-0.399000,False,True,True,ReacquiringPd,0.000,-174.07,0.000,False,,,False,,,False
1783432882585,2261,8.0709,0.8949,0.1074,-0.1733,-0.3912,0.1065,0.407600,0.560400,-0.327400,0.642400,-25.2590,-5.8377,22.2348,-3.1633,-5.6575,-2.7458,0.354800,-0.078400,-0.126300,0.923100,-2.9449,2.1543,9.0821,-0.1462,0.3739,-0.2209,-0.899400,-0.025600,-0.181200,-0.396900,False,True,True,ReacquiringPd,0.000,-174.07,0.000,False,,,False,,,False
1783432882595,2262,7.8905,1.2771,-0.1261,-0.1978,-0.5764,0.2318,0.404600,0.563200,-0.333600,0.638600,-30.6472,-2.0871,11.5919,-0.6308,-5.1694,-3.4940,0.385100,-0.015500,-0.159900,0.908800,-3.0892,1.9798,9.0949,-0.2497,0.4805,-0.3130,-0.900000,-0.019700,-0.185500,-0.394000,False,True,True,ReacquiringPd,0.000,-174.07,0.000,False,,,False,,,False
1783432882605,2263,10.3089,0.0824,0.1324,-0.3047,-0.3483,0.2741,0.403100,0.563500,-0.339700,0.636100,-29.0503,6.3481,-1.0767,1.6989,-4.0298,-2.5055,0.405000,0.043700,-0.160500,0.899100,-2.6425,1.6659,9.3536,-0.1445,0.7109,-0.3352,-0.900000,-0.013800,-0.192900,-0.390600,False,True,True,ReacquiringPd,0.000,-174.07,0.000,False,,,False,,,False
1783432882615,2264,12.0232,-0.1636,-0.1135,-0.0781,-0.0856,0.1648,0.401800,0.563200,-0.342000,0.635900,-28.4206,15.3428,-8.7256,-0.8361,-2.1827,0.5121,0.395000,0.063100,-0.181500,0.898400,-2.9677,0.9750,9.5539,0.0138,1.2322,-0.2556,-0.898200,-0.007300,-0.206800,-0.387700,False,False,True,ReacquiringPd,0.000,3.73,0.000,False,,,False,,,False
1783432882626,2265,11.8159,-0.5213,-1.4190,0.0573,0.0579,0.0650,0.401100,0.562900,-0.341800,0.636700,-22.7123,-7.5869,-7.3837,-0.6044,0.5733,1.0804,0.384500,0.051300,-0.186400,0.902600,-3.2472,0.8957,9.5146,0.2166,1.8280,-0.1432,-0.894000,-0.000500,-0.228400,-0.385500,False,False,True,ReacquiringPd,0.000,3.73,0.000,False,,,False,,,False
1783432882636,2266,11.5029,1.1638,-1.3042,0.0357,0.1758,0.0810,0.400900,0.561500,-0.341300,0.638400,2.6761,-1.3835,15.5881,2.4293,2.4804,-0.9470,0.398900,0.037100,-0.146500,0.904500,-3.1102,1.6901,9.4779,0.3854,2.5898,-0.1332,-0.886800,0.008100,-0.259000,-0.382600,False,False,True,ReacquiringPd,0.000,3.73,0.000,False,,,False,,,False
1783432882647,2267,11.4755,1.6504,-0.6027,0.0500,0.0211,0.0570,0.400100,0.561500,-0.341300,0.638900,2.2333,4.4542,6.7211,-0.6250,3.2834,-0.9050,0.414900,-0.001500,-0.136800,0.899500,-2.7280,2.7824,9.3090,0.4206,3.7499,-0.2559,-0.875000,0.022200,-0.302300,-0.377500,False,False,True,ReacquiringPd,0.000,3.73,0.000,False,,,False,,,False
1783432882658,2268,10.9750,0.6638,1.5529,0.0911,-0.3715,-0.1127,0.398700,0.565600,-0.341700,0.636000,-3.0035,8.6805,15.1896,-0.3961,4.0658,0.3957,0.416800,-0.050000,-0.120200,0.899700,-2.5975,3.7925,9.5972,0.1383,5.1905,-0.7345,-0.857100,0.047900,-0.358800,-0.366700,False,False,True,ReacquiringPd,0.000,3.73,0.000,False,,,False,,,False
1783432882668,2269,10.7501,-1.0398,3.8329,0.2173,-0.5434,-0.2781,0.396900,0.572300,-0.340700,0.631500,-12.5384,-13.9565,18.7952,0.1701,3.2914,0.8563,0.411800,-0.087400,-0.100600,0.901500,-4.6077,3.7154,10.5801,-0.1368,7.5658,-1.2913,-0.825100,0.089500,-0.436600,-0.347200,False,False,True,ReacquiringPd,0.000,3.73,0.000,False,,,False,,,False
1783432882678,2270,11.2822,-1.9190,4.3621,0.5554,-0.1731,-0.3923,0.395200,0.578200,-0.334500,0.630600,-3.9232,1.8668,14.9224,1.5579,1.4350,0.3158,0.411500,-0.096000,-0.075400,0.903200,-11.0136,1.1187,15.4991,0.8305,9.4147,-1.9422,-0.777300,0.131700,-0.531700,-0.309600,False,False,True,ReacquiringPd,0.000,3.73,0.000,False,,,False,,,False
1783432882689,2271,10.7058,-0.3119,4.0256,0.4384,0.3031,-0.3688,0.396100,0.579700,-0.326900,0.632600,-4.1703,-2.8492,11.6631,0.9417,0.5237,0.2184,0.410600,-0.097400,-0.062000,0.904500,-17.1199,5.3308,19.7926,1.8030,9.0642,-2.4679,-0.724200,0.164600,-0.618600,-0.256600,False,False,True,ReacquiringPd,0.000,3.73,0.000,False,,,False,,,False
1783432882700,2272,10.7452,2.4504,4.0328,0.1063,0.5203,-0.3930,0.400500,0.577800,-0.320700,0.634700,-2.7794,-1.2813,11.3559,0.5176,0.1036,0.0727,0.410500,-0.096000,-0.055600,0.905100,-12.0286,7.1212,21.8265,0.5918,7.3474,-3.2755,-0.675600,0.207200,-0.676900,-0.206000,False,False,True,ReacquiringPd,0.000,3.73,0.000,False,,,False,,,False
1783432882711,2273,11.7359,2.2032,3.4010,-0.1922,0.5391,-0.2788,0.406100,0.573800,-0.317600,0.636300,-1.5526,-1.6864,9.7121,0.2380,0.0563,0.0522,0.410200,-0.095600,-0.052700,0.905500,-15.5113,6.4696,33.7945,0.9714,1.7551,-2.6580,-0.669700,0.225800,-0.686600,-0.170700,False,False,True,ReacquiringPd,0.000,3.73,0.000,False,,,False,,,False
1783432882721,2274,11.8671,0.1196,2.8852,-0.2679,0.3706,0.0182,0.409300,0.569600,-0.318000,0.637900,-1.5571,-1.9427,9.5427,0.1925,0.1027,0.0821,0.409500,-0.095900,-0.050000,0.905900,-0.1860,8.2894,17.2946,1.1769,-4.7221,-1.1083,-0.714800,0.215000,-0.644800,-0.164500,False,False,True,ReacquiringPd,0.000,3.73,0.000,False,,,False,,,False
1783432882731,2275,10.3024,-1.3673,1.8505,-0.1253,0.2156,0.3087,0.408500,0.566100,-0.320200,0.640400,-1.5617,-1.7186,9.4021,0.2443,0.1394,0.0895,0.408800,-0.096400,-0.046500,0.906300,5.1293,5.5580,4.7924,0.7316,-4.3602,-0.2632,-0.751600,0.201200,-0.605400,-0.167900,False,False,True,ReacquiringPd,0.000,3.73,0.000,False,,,False,,,False
1783432882742,2276,8.4932,-1.1037,1.2636,-0.0094,0.1489,0.4680,0.405400,0.563100,-0.322900,0.643700,-1.6592,-1.6001,9.4195,0.2865,0.1660,0.0780,0.408300,-0.097000,-0.042400,0.906700,0.0914,4.4478,7.3153,0.5774,-4.1731,0.4146,-0.782900,0.183400,-0.567200,-0.177900,True,False,True,ReacquiringPd,0.000,3.73,0.000,False,,,False,,,False
1783432882753,2277,7.5207,-0.6691,0.9755,0.0409,0.1160,0.5048,0.401400,0.560500,-0.325600,0.647100,-1.6554,-1.4823,9.3692,0.2286,0.2025,0.0773,0.407800,-0.098200,-0.038800,0.906900,-3.4742,3.7543,9.7423,0.5967,-5.3776,1.0580,-0.818400,0.157500,-0.516600,-0.196100,True,False,True,ReacquiringPd,0.000,3.73,0.000,False,,,False,,,False
1783432882763,2278,7.1171,-0.8130,0.7049,0.1690,0.1433,0.3996,0.397500,0.558700,-0.326400,0.650700,-1.9012,-1.5961,9.4097,0.1872,0.1966,0.1019,0.406900,-0.099700,-0.035600,0.907300,-4.4171,2.1604,8.8700,0.5675,-6.3609,1.5062,-0.854400,0.125700,-0.453800,-0.219900,True,False,True,ReacquiringPd,0.000,3.73,0.000,False,,,False,,,False
1783432882773,2279,6.9027,-0.3431,0.6926,0.2065,0.1438,0.2984,0.394200,0.557400,-0.326100,0.653900,-1.8749,-1.2757,9.4509,0.1038,0.1961,0.0969,0.406000,-0.101500,-0.033500,0.907600,-5.5306,0.6496,9.1059,0.7568,-6.7909,1.6208,-0.886500,0.089100,-0.383800,-0.242800,True,False,True,ReacquiringPd,0.000,3.73,0.000,False,,,False,,,False
1783432882783,2280,6.9966,-0.2215,0.4105,0.1824,0.0717,0.1948,0.391500,0.557100,-0.325700,0.656000,-1.7262,-0.8633,9.4521,-0.0401,0.2689,0.0684,0.405300,-0.104900,-0.032600,0.907600,-7.2220,0.1330,10.5311,1.3529,-6.8231,1.5388,-0.912600,0.045400,-0.312100,-0.260200,True,False,True,ReacquiringPd,0.000,3.73,0.000,False,,,False,,,False
1783432882794,2281,7.0961,-0.1981,-0.1131,0.1757,-0.0410,0.0928,0.389300,0.558000,-0.325200,0.656800,-1.8721,-1.3599,9.3847,-0.1021,0.3127,0.0854,0.404300,-0.109100,-0.032100,0.907500,-10.0052,1.0606,12.5902,2.3564,-6.2588,1.7158,-0.929400,-0.008900,-0.247700,-0.273300,True,False,True,ReacquiringPd,0.000,3.73,0.000,False,,,False,,,False
1783432882804,2282,6.9539,-0.1036,-0.7103,0.1092,-0.1950,-0.0161,0.387800,0.560300,-0.325200,0.655700,-1.8318,-1.2645,9.2349,-0.1413,0.3713,0.1204,0.402800,-0.114200,-0.031800,0.907600,-18.0110,5.1822,21.3137,2.5794,-5.6567,2.6895,-0.934200,-0.066700,-0.189200,-0.295000,True,False,True,ReacquiringPd,0.000,3.73,0.000,False,,,False,,,False
1783432882816,2283,6.8788,-0.4270,-0.3975,-0.0151,-0.2778,-0.1097,0.387600,0.563100,-0.326000,0.653000,-2.4105,-1.3663,9.4056,-0.2326,0.4319,0.1155,0.401300,-0.120400,-0.032200,0.907400,-24.5224,3.7491,20.3518,1.2818,-5.6467,3.6662,-0.929500,-0.111100,-0.123900,-0.329100,True,False,True,ReacquiringPd,0.000,3.73,0.000,False,,,False,,,False
1783432882826,2284,7.9944,-0.2189,0.3382,-0.0024,-0.1486,-0.2600,0.389100,0.565500,-0.325000,0.650600,-2.2842,-1.7753,9.3933,-0.1674,0.3238,0.0803,0.400200,-0.125000,-0.032500,0.907300,-29.1031,4.2237,9.9589,-0.9366,-5.3198,3.0579,-0.923700,-0.126700,-0.053300,-0.357700,True,False,True,ReacquiringPd,0.000,3.73,0.000,False,,,False,,,False
1783432882836,2285,11.3569,-0.1582,1.6557,0.1172,-0.1148,-0.2665,0.389900,0.568200,-0.322800,0.648800,-1.6909,-1.8157,9.3072,-0.0600,0.4277,0.0842,0.399300,-0.130300,-0.031000,0.907000,-27.2172,-10.0184,-5.6690,0.5530,-4.0717,1.6898,-0.916600,-0.152400,-0.005700,-0.369700,True,False,True,ReacquiringPd,0.000,3.73,0.000,False,,,False,,,False
1783432882847,2286,12.0390,0.2370,1.2833,0.0792,-0.1911,-0.1086,0.389300,0.570700,-0.322500,0.647100,-1.4024,-1.5111,9.4697,-0.0450,0.7748,0.1584,0.397700,-0.139500,-0.027500,0.906400,-28.2624,-7.0719,-12.1222,2.6668,-1.9345,0.1251,-0.910300,-0.191900,0.004500,-0.366800,True,False,True,ReacquiringPd,0.000,3.73,0.000,False,,,False,,,False
1783432882858,2287,10.8411,1.2862,-1.2428,-0.2893,-0.1453,0.0700,0.390200,0.570300,-0.326100,0.645100,-1.4072,-0.9947,9.9061,-0.1881,1.3010,0.1924,0.395500,-0.155300,-0.022900,0.904900,-22.8400,4.1267,-9.0920,-0.8168,1.2613,-0.4868,-0.914400,-0.176900,-0.007200,-0.364000,False,False,True,ReacquiringPd,0.000,3.73,0.000,False,,,False,,,False
1783432882868,2288,11.3560,-1.1914,-1.8063,-0.1286,-0.1923,0.1638,0.388900,0.570700,-0.329300,0.643900,-1.7759,-1.4183,10.2276,-0.2111,2.2401,0.2283,0.393000,-0.181800,-0.013900,0.901300,-1.9818,2.7343,14.4479,-2.4876,2.6511,0.2804,-0.917600,-0.136300,-0.025600,-0.372600,False,False,True,ReacquiringPd,0.000,3.73,0.000,False,,,False,,,False
1783432882878,2289,13.7397,-2.3411,-0.3374,0.4330,-0.2991,0.1368,0.383400,0.574700,-0.328400,0.644100,-1.8758,-1.3994,10.1519,-0.2854,3.3484,0.3221,0.388900,-0.220800,-0.000000,0.894400,1.1657,-4.9335,8.4157,-0.3887,3.5599,1.1260,-0.910900,-0.115500,-0.062700,-0.391000,False,False,True,ReacquiringPd,0.000,3.73,0.000,False,,,False,,,False
1783432882888,2290,15.0964,-0.3966,2.4265,0.6276,-0.4228,0.3410,0.374300,0.579800,-0.327900,0.645100,0.4218,-3.4847,9.7795,-0.1977,5.0616,0.7800,0.378800,-0.278000,0.024400,0.882400,-10.7940,-12.5170,18.7884,0.0367,4.3645,-0.6280,-0.909200,-0.094000,-0.113400,-0.389400,False,False,True,ReacquiringPd,0.000,3.73,0.000,False,,,False,,,False
1783432882919,2293,10.6248,-0.4993,2.7522,-0.1829,0.2186,0.1879,0.366100,0.576200,-0.338700,0.647500,-14.7539,-3.9060,21.1919,-0.7909,10.0706,2.6221,0.274900,-0.557600,0.166800,0.765300,-7.5435,4.8996,14.3231,-0.8346,1.1211,-0.3572,-0.911400,-0.047500,-0.140500,-0.383900,False,False,True,ReacquiringPd,0.000,3.73,0.000,False,,,False,,,False
1783432882931,2294,10.6492,-0.8653,3.7651,0.1666,0.4847,0.2476,0.364800,0.572100,-0.337000,0.652700,-7.0148,-8.2625,21.7148,0.8189,7.8617,3.0031,0.234000,-0.620500,0.221400,0.715000,-2.7246,1.5790,9.7615,-0.1043,-0.0151,-0.0161,-0.911600,-0.046100,-0.140300,-0.383600,False,False,True,ReacquiringPd,0.000,3.73,0.000,False,,,False,,,False
1783432882941,2295,10.8433,-0.0685,3.4515,0.2008,0.4948,0.2673,0.363200,0.567900,-0.335100,0.658200,-12.3048,-10.3983,38.0187,1.1531,3.4157,1.5976,0.219000,-0.642400,0.253600,0.689300,-2.5368,1.8963,9.4309,0.0039,0.0722,-0.0184,-0.911600,-0.045700,-0.141200,-0.383300,False,False,True,ReacquiringPd,0.000,3.73,0.000,False,,,False,,,False
1783432882952,2296,10.1991,1.0870,2.7729,0.1688,0.3723,0.0505,0.363100,0.565500,-0.332500,0.661700,2.1741,-8.9194,21.1838,-0.3940,-3.8460,-1.2509,0.238600,-0.613300,0.229100,0.717300,-2.4341,1.7261,9.3201,-0.0347,0.1706,-0.0418,-0.911600,-0.044300,-0.143100,-0.382800,False,False,True,ReacquiringPd,0.000,3.73,0.000,False,,,False,,,False
1783432882962,2297,8.6904,1.1648,1.8367,0.1112,0.2224,-0.2595,0.365300,0.565400,-0.328800,0.662400,5.5944,-1.8865,7.8548,-0.2249,-4.0692,-1.6149,0.262700,-0.580900,0.201900,0.743500,-2.6239,1.7122,9.4080,-0.0085,0.2310,-0.0293,-0.911400,-0.043000,-0.145900,-0.382500,False,False,True,ReacquiringPd,0.000,3.73,0.000,False,,,False,,,False
1783432882972,2298,7.3921,0.5698,1.1349,0.0432,0.2337,-0.4149,0.369300,0.565400,-0.324500,0.662300,0.4205,-0.1805,10.7843,-0.2059,-4.4493,-1.1697,0.283000,-0.542000,0.176200,0.771500,-2.6063,2.0193,9.1734,-0.0085,0.2410,-0.0434,-0.911200,-0.041600,-0.148700,-0.382000,False,True,True,ReacquiringPd,0.000,3.73,0.000,False,,,False,,,False
1783432882982,2299,6.9000,0.4834,0.9777,0.0484,0.2933,-0.4186,0.373600,0.565000,-0.319800,0.662500,-4.1531,-0.9638,13.8127,-0.1068,-6.3701,-0.8978,0.304100,-0.480900,0.145600,0.809400,-2.6247,1.8279,9.1183,-0.0516,0.2317,-0.0881,-0.911200,-0.039600,-0.151200,-0.381100,False,True,True,ReacquiringPd,0.000,3.73,0.000,False,,,False,,,False
1783432882992,2300,7.0670,0.8405,1.1538,-0.0693,0.3245,-0.3628,0.378300,0.563600,-0.316400,0.662700,-5.1297,-0.0005,11.0851,-0.1134,-7.8864,-0.7652,0.324100,-0.400300,0.108900,0.850200,-2.6461,1.6383,9.1031,-0.0213,0.2471,-0.0908,-0.911200,-0.038000,-0.154100,-0.380100,False,True,True,ReacquiringPd,0.000,3.73,0.000,False,,,False,,,False
1783432883003,2301,7.5936,0.4717,1.2355,-0.2005,0.2852,-0.3068,0.383300,0.561600,-0.314600,0.662400,-5.8510,-0.0098,9.8091,-0.4299,-8.1356,-0.5210,0.337000,-0.313900,0.067900,0.885000,-2.6627,1.7451,9.0543,-0.0240,0.2867,-0.0953,-0.911200,-0.036100,-0.157400,-0.379000,False,True,True,ReacquiringPd,0.000,3.73,0.000,False,,,False,,,False
1783432883013,2302,7.4199,0.3583,1.0088,-0.2400,0.2024,-0.2539,0.387900,0.559800,-0.313900,0.661500,-8.4055,-1.9888,13.5889,-1.0052,-7.8307,-0.4167,0.342800,-0.230100,0.021500,0.910500,-2.7525,1.9904,9.0684,-0.1067,0.2617,-0.1835,-0.911600,-0.033200,-0.160100,-0.377100,False,True,True,ReacquiringPd,0.000,3.73,0.000,False,,,False,,,False
1783432883023,2303,7.6726,0.9159,0.4274,-0.3230,-0.0824,-0.1796,0.391200,0.559800,-0.315800,0.658700,-13.4043,-6.6046,19.3778,-1.9693,-7.3698,-1.0456,0.349600,-0.153500,-0.035900,0.923500,-2.7355,1.6388,9.1147,-0.1549,0.2593,-0.2653,-0.912400,-0.029600,-0.162500,-0.374400,False,True,True,ReacquiringPd,0.000,3.73,0.000,False,,,False,,,False
1783432883034,2304,7.6056,0.8714,-0.4252,-0.4395,-0.5096,-0.0423,0.392600,0.562100,-0.321600,0.653100,-24.6280,-10.0874,24.8488,-2.0505,-6.9148,-2.7220,0.372400,-0.080400,-0.095200,0.919700,-3.0726,1.5078,9.2919,-0.1156,0.3422,-0.2574,-0.913000,-0.026100,-0.166000,-0.371700,False,True,True,ReacquiringPd,0.000,3.73,0.000,False,,,False,,,False
1783432883045,2305,7.4917,0.8300,-0.9373,-0.3625,-0.8430,0.1041,0.390800,0.566900,-0.329500,0.646100,-32.0752,-5.3799,16.1284,-0.6150,-6.6742,-3.7801,0.405600,-0.001500,-0.137000,0.903700,-3.2250,1.5989,9.2177,-0.0598,0.4114,-0.2122,-0.913200,-0.023000,-0.170600,-0.369400,False,True,True,ReacquiringPd,0.000,3.73,0.000,False,,,False,,,False
1783432883056,2306,9.3052,0.6045,-0.1702,-0.3819,-0.6295,0.2468,0.388800,0.569100,-0.337400,0.641100,-28.9504,1.6241,1.2141,1.0661,-4.7678,-3.2596,0.433000,0.063600,-0.149100,0.886700,-2.8717,1.7939,9.3234,-0.0609,0.5334,-0.2412,-0.913200,-0.019200,-0.176600,-0.366800,False,True,True,ReacquiringPd,0.000,3.73,0.000,False,,,False,,,False
1783432883067,2307,12.1971,0.1207,0.1723,-0.1311,-0.3146,0.2114,0.386700,0.570300,-0.341600,0.639200,-30.1462,14.6870,-6.5516,-0.8391,-2.8045,-0.0776,0.429000,0.090300,-0.173700,0.881900,-2.2057,1.0455,9.6292,-0.0010,0.9182,-0.2522,-0.912300,-0.014400,-0.187200,-0.363900,False,True,True,ReacquiringPd,0.000,3.73,0.000,False,,,False,,,False
1783432883078,2308,12.3437,-0.4910,-0.6918,0.0738,-0.1500,0.0426,0.385100,0.571800,-0.342100,0.638600,-30.0911,0.9697,-8.7006,-2.1376,-0.3391,1.7804,0.410700,0.078700,-0.201100,0.885800,-2.6641,0.5462,9.8211,0.2238,1.6169,-0.1673,-0.909100,-0.009100,-0.206700,-0.361600,False,False,True,ReacquiringPd,0.000,2.95,1.000,True,,,False,,,False
1783432883088,2309,11.9899,0.3634,-1.5161,0.0736,-0.0135,-0.0130,0.384600,0.572400,-0.341500,0.638600,-7.0607,-10.0649,4.5649,2.0790,2.8883,-0.0807,0.416400,0.057400,-0.163100,0.892600,-2.9913,1.3586,9.7660,0.4154,2.4117,-0.1719,-0.903200,-0.002400,-0.236000,-0.358500,False,False,True,Straight,1.000,2.95,1.000,True,,,False,,,False
1783432883099,2310,11.9574,1.9887,-0.8377,0.1359,-0.0882,0.0345,0.382900,0.573700,-0.341200,0.638600,4.0368,-1.4954,11.3567,-0.4082,3.0452,-1.3841,0.437800,0.024000,-0.150900,0.886000,-3.0621,2.2064,9.4128,0.4258,3.4849,-0.2556,-0.893200,0.009300,-0.277100,-0.354000,False,False,True,Straight,1.000,2.95,1.000,True,,,False,,,False
1783432883109,2311,11.2321,0.8438,0.6884,0.2351,-0.2237,-0.0861,0.380900,0.577100,-0.339800,0.637500,-2.7162,11.4180,13.6029,-0.6032,4.3302,-0.3726,0.449500,-0.026700,-0.133700,0.882800,-2.6999,3.7908,9.6940,0.1894,4.7838,-0.6633,-0.878000,0.030700,-0.330800,-0.344700,False,False,True,Straight,1.000,2.95,1.000,True,,,False,,,False
1783432883119,2312,10.9588,-0.1918,2.6909,0.2085,-0.5643,-0.2199,0.378600,0.583700,-0.339300,0.633100,-6.4595,-2.6929,16.1559,-0.7048,3.8589,1.2240,0.441600,-0.075300,-0.119300,0.886100,-3.9544,3.9205,9.5334,-0.2856,6.5334,-1.3018,-0.853400,0.067300,-0.399600,-0.327800,False,False,True,Straight,1.000,2.95,1.000,True,,,False,,,False
1783432883130,2313,10.6474,-0.6322,4.0415,0.1910,-0.3701,-0.3004,0.378000,0.588900,-0.337400,0.629700,-10.6196,-11.4561,16.7389,1.1794,2.6100,0.4261,0.441500,-0.098400,-0.091400,0.887100,-7.5882,3.0081,14.2452,-0.5815,8.8760,-2.1671,-0.812000,0.120100,-0.487300,-0.297900,False,False,True,Straight,1.000,2.95,1.000,True,,,False,,,False
1783432883141,2314,11.0920,-0.5141,3.9625,0.1217,0.0322,-0.3649,0.380000,0.590900,-0.333600,0.628600,-4.6178,-0.2304,14.0837,1.2370,0.9021,0.4078,0.439400,-0.102200,-0.072300,0.889500,-15.2140,2.8916,19.3533,0.8022,9.5138,-2.6150,-0.758900,0.162400,-0.578900,-0.249900,False,False,True,Straight,1.000,2.95,1.000,True,,,False,,,False
1783432883151,2315,10.6842,0.8415,3.8981,-0.1208,0.3604,-0.4553,0.385900,0.589500,-0.329600,0.628400,-3.1638,-0.7296,12.2631,0.7308,0.3805,0.0922,0.439600,-0.102700,-0.062000,0.890200,-15.0290,7.9965,21.2484,-0.1675,8.5889,-3.2860,-0.701900,0.213400,-0.649200,-0.201000,False,False,True,Straight,1.000,2.95,1.000,True,,,False,,,False
1783432883162,2316,11.4420,0.9198,3.4304,-0.2429,0.4622,-0.5054,0.393500,0.586900,-0.325500,0.628300,-1.6875,-1.9771,9.8072,0.1859,0.2443,0.0067,0.439900,-0.104600,-0.058700,0.890000,-13.1635,4.9965,30.1600,0.1366,4.8722,-3.1180,-0.668800,0.249200,-0.682100,-0.159000,False,False,True,Straight,1.000,2.95,1.000,True,,,False,,,False
1783432883172,2317,12.2033,-0.0089,3.0786,-0.2397,0.4014,-0.2680,0.399000,0.583700,-0.323500,0.628800,-1.6163,-2.1808,9.6339,0.0201,0.2760,0.0387,0.439600,-0.107800,-0.056900,0.889900,-4.2172,9.7337,26.6903,1.7034,-3.1891,-1.1290,-0.703000,0.238000,-0.654400,-0.144900,False,False,True,Straight,1.000,2.95,1.000,True,,,False,,,False
1783432883183,2318,11.2551,-0.7577,2.1531,-0.1237,0.2142,0.1266,0.399700,0.581000,-0.324400,0.630400,-1.6857,-2.1599,9.3910,-0.0064,0.3478,0.0646,0.439100,-0.111900,-0.055100,0.889700,3.9381,8.3847,9.8241,1.0904,-4.3928,0.1452,-0.741000,0.218800,-0.616800,-0.150300,False,False,True,Straight,1.000,2.95,1.000,True,,,False,,,False
1783432883193,2319,9.6140,-1.0997,1.2716,-0.0032,0.0527,0.4261,0.396500,0.578900,-0.327300,0.632900,-1.8991,-1.9334,9.4462,0.0371,0.3815,0.0748,0.438500,-0.116200,-0.052500,0.889600,0.1064,4.9353,9.0576,0.6457,-4.7048,1.0276,-0.775900,0.195600,-0.575900,-0.167600,False,False,True,Straight,1.000,2.95,1.000,True,,,False,,,False
1783432883203,2320,7.7340,-0.8488,0.8790,0.1224,0.0578,0.4249,0.392500,0.577400,-0.329100,0.635800,-1.9580,-1.9271,9.3947,0.0467,0.3756,0.0936,0.437700,-0.120300,-0.049900,0.889600,-2.6080,2.4483,9.2657,0.6873,-5.7196,1.4492,-0.813800,0.165900,-0.523500,-0.190400,True,False,True,Straight,1.000,2.95,1.000,True,,,False,,,False
1783432883214,2321,7.1088,-0.6762,0.8274,0.1360,0.1278,0.3578,0.389100,0.575700,-0.330000,0.639000,-2.1412,-2.0964,9.2932,0.1066,0.3184,0.1434,0.436400,-0.123500,-0.046800,0.890000,-4.3782,1.0308,8.8418,0.8931,-6.4676,1.4746,-0.851700,0.131000,-0.460700,-0.212500,True,False,True,Straight,1.000,2.95,1.000,True,,,False,,,False
1783432883225,2322,6.9395,-0.7909,0.6655,0.2381,0.1227,0.3054,0.385400,0.574700,-0.329800,0.642200,-2.2427,-1.7089,9.4132,0.1250,0.2536,0.1435,0.435100,-0.125900,-0.043900,0.890400,-4.9331,0.1163,8.9057,1.2169,-6.7170,1.3927,-0.885600,0.091600,-0.392600,-0.230700,True,False,True,Straight,1.000,2.95,1.000,True,,,False,,,False
1783432883235,2323,6.7647,-0.6220,0.5101,0.2791,0.0488,0.2405,0.381600,0.574700,-0.329100,0.644800,-2.0968,-1.7490,9.2498,0.1011,0.2347,0.1283,0.433900,-0.128200,-0.041300,0.890800,-7.6051,0.5565,11.9827,1.6960,-6.6087,1.2804,-0.913000,0.046900,-0.323900,-0.243400,True,False,True,Straight,1.000,2.95,1.000,True,,,False,,,False
1783432883246,2324,6.4258,-0.5300,-0.0587,0.2694,-0.0695,0.1289,0.378300,0.576100,-0.328200,0.646000,-2.0187,-1.4356,9.2694,0.0426,0.2876,0.1565,0.432400,-0.131500,-0.039100,0.891200,-11.1047,1.4326,14.7914,2.3381,-6.6060,1.4958,-0.933000,-0.006300,-0.254800,-0.254100,True,False,True,Straight,1.000,2.95,1.000,True,,,False,,,False
1783432883256,2325,6.3662,-0.3719,-0.7332,0.2155,-0.2750,-0.0165,0.375700,0.579500,-0.327700,0.644700,-2.4534,-1.3624,9.3884,-0.0558,0.3392,0.1487,0.430700,-0.135800,-0.037700,0.891400,-17.0868,3.1342,20.3785,2.8430,-5.9673,2.4306,-0.940400,-0.066200,-0.192700,-0.272100,True,False,True,Straight,1.000,2.95,1.000,True,,,False,,,False
1783432883266,2326,6.3377,-0.4724,-0.6095,0.0177,-0.4002,-0.1293,0.374900,0.583400,-0.328600,0.641200,-2.5564,-2.1729,9.1054,-0.0614,0.3743,0.1490,0.429100,-0.140500,-0.036200,0.891500,-25.2763,0.5920,21.8494,2.3105,-6.0925,3.3895,-0.937700,-0.122200,-0.125000,-0.300300,True,False,True,Straight,1.000,2.95,1.000,True,,,False,,,False
1783432883277,2327,7.2369,0.1301,-0.1980,-0.0814,-0.2376,-0.2596,0.376500,0.586100,-0.328500,0.637800,-2.6023,-2.1009,9.0008,0.0279,0.3206,0.1768,0.427200,-0.144200,-0.034000,0.891900,-28.9821,3.7240,11.6374,-0.0794,-5.8544,3.0571,-0.932300,-0.147700,-0.050800,-0.326300,True,False,True,Straight,1.000,2.95,1.000,True,,,False,,,False
1783432883287,2328,11.0515,0.1466,1.0682,0.0327,-0.1536,-0.2687,0.377700,0.588700,-0.327000,0.635500,-1.9992,-1.7422,9.2589,0.0556,0.4026,0.1653,0.425600,-0.148600,-0.031000,0.892100,-27.0500,-9.5844,-7.0617,-0.1042,-4.3889,1.7335,-0.926500,-0.165400,0.004300,-0.337900,True,False,True,Straight,1.000,2.95,1.000,True,,,False,,,False
1783432883298,2329,13.0004,-0.8994,1.1136,0.2146,-0.1709,-0.1228,0.376400,0.591600,-0.325300,0.634500,-1.4400,-1.4538,9.5737,-0.0293,0.8761,0.1845,0.423800,-0.158800,-0.026400,0.891400,-29.6193,-8.5566,-11.5345,3.0071,-1.8386,0.3292,-0.917900,-0.207900,0.013700,-0.337600,True,False,True,Straight,1.000,2.95,1.000,True,-15.78,,False,,,False
1783432883308,2330,11.9002,0.9380,-1.3277,-0.0587,-0.0443,0.0056,0.376500,0.591700,-0.326100,0.633900,-1.7849,-1.2256,9.9208,-0.1166,1.6282,0.1637,0.422100,-0.177700,-0.018800,0.888800,-25.9131,2.4836,-6.6677,-0.5538,0.7069,0.0293,-0.919400,-0.198500,0.008000,-0.339500,False,False,True,Straight,1.000,2.95,1.000,True,,,False,,,False
1783432883318,2331,11.5407,-0.1180,-2.5379,-0.1045,-0.0332,0.1152,0.376200,0.591100,-0.328000,0.633600,-2.1356,-1.4749,9.9339,-0.1769,2.5202,0.1854,0.420000,-0.206800,-0.007100,0.883600,-7.9677,4.6044,11.4514,-2.8346,2.3469,0.6307,-0.923100,-0.155800,-0.005500,-0.351700,False,False,True,Straight,1.000,2.95,1.000,True,,,False,,,False
1783432883329,2332,12.2846,-1.8496,-0.6745,0.3721,-0.3370,0.1005,0.371100,0.595200,-0.327400,0.633100,-1.0305,-2.2989,9.6293,-0.3244,3.7954,0.3965,0.414600,-0.250300,0.010200,0.874900,7.9640,-4.2763,8.8201,-0.9764,2.5016,1.4236,-0.918000,-0.133500,-0.027400,-0.372500,False,False,True,Straight,1.000,2.95,1.000,True,,,False,,,False
1783432883340,2333,13.2331,-0.3991,0.8381,0.7795,-0.4493,0.1400,0.362300,0.601900,-0.324400,0.633400,0.2920,-4.1874,9.4382,-0.0174,5.8074,1.0224,0.401400,-0.313200,0.043100,0.859600,-6.2990,-14.9691,13.0378,-0.0657,4.3514,0.1506,-0.914600,-0.112400,-0.076800,-0.380700,False,False,True,Straight,0.900,2.95,1.000,True,,,False,,,False
1783432883350,2334,11.3660,1.2185,3.7394,0.5521,-0.1226,0.2266,0.355800,0.604500,-0.322400,0.635700,-2.8560,-3.1407,11.0348,0.2089,8.6173,1.7979,0.375800,-0.401800,0.095200,0.829600,-14.6670,13.8758,20.9864,-0.2172,3.6691,-1.1412,-0.915800,-0.091100,-0.119300,-0.372500,False,False,True,Straight,1.000,2.95,1.000,True,,,False,,,False
1783432883361,2335,11.2893,4.3357,5.1470,-0.1774,0.2345,0.5473,0.353600,0.599700,-0.326900,0.639100,-11.6263,-1.7098,21.5002,-0.9671,11.1235,2.6748,0.326200,-0.514100,0.149500,0.779100,-7.0464,-3.9780,15.4111,-1.6130,1.9992,-0.2795,-0.915600,-0.062800,-0.135100,-0.373500,False,False,True,Straight,1.000,2.95,1.000,True,,,False,,,False
1783432883371,2336,10.8692,2.4259,3.3215,-0.5090,0.2520,0.7877,0.352100,0.592300,-0.335800,0.642300,-16.9805,-4.9186,23.2737,-0.7761,9.7692,2.9314,0.271800,-0.602500,0.199200,0.723500,-5.6487,3.0371,11.6839,-0.7117,0.5403,-0.3068,-0.916600,-0.051500,-0.138300,-0.371500,False,False,True,Straight,1.000,2.95,1.000,True,,,False,,,False
1783432883382,2337,11.1724,-1.5519,3.8085,-0.2340,0.4194,0.7047,0.349900,0.585000,-0.341100,0.647400,-3.6532,-6.4533,17.7034,1.5522,6.4477,2.9967,0.239300,-0.645500,0.256700,0.678400,-3.6813,1.1965,10.7510,-0.2742,-0.0350,-0.0617,-0.917200,-0.048300,-0.136900,-0.371100,False,False,True,Straight,1.000,2.95,1.000,True,,,False,,,False
1783432883392,2338,12.6210,-1.4777,3.5002,-0.0581,0.3823,0.3330,0.349200,0.580200,-0.342300,0.651300,-12.3519,-4.8754,41.3743,0.1731,1.6892,1.8147,0.219700,-0.653100,0.277500,0.669400,-2.6009,1.8964,9.6448,-0.0102,0.0200,-0.0081,-0.917300,-0.047900,-0.137200,-0.370800,False,False,True,Straight,1.000,2.95,1.000,True,,,False,,,False
1783432883403,2339,11.1285,0.8952,2.4716,-0.0201,0.3309,-0.1853,0.352200,0.578300,-0.339700,0.652800,0.5818,-9.3290,16.9491,-0.8672,-4.2530,-0.3401,0.230000,-0.619900,0.255200,0.705400,-2.4743,1.8489,9.5017,0.0364,0.0804,-0.0214,-0.917200,-0.047800,-0.138500,-0.370400,False,False,True,Straight,1.000,2.95,1.000,True,,,False,,,False
1783432883414,2340,9.5249,2.4203,1.6895,-0.1585,0.2619,-0.5449,0.358800,0.577800,-0.336000,0.651500,1.4061,-4.5209,7.0805,-0.0231,-5.0165,-1.2608,0.256600,-0.578300,0.230000,0.739500,-2.5560,1.5142,9.4761,0.1081,0.1562,-0.0315,-0.917100,-0.048100,-0.141000,-0.369800,False,False,True,Straight,1.000,2.95,1.000,True,,,False,,,False
1783432883424,2341,8.3340,1.9545,1.1570,-0.4764,0.2267,-0.6691,0.368600,0.576700,-0.334000,0.648100,-2.2057,-1.9290,8.0637,-0.0073,-5.6724,-1.4334,0.285500,-0.528300,0.200500,0.774100,-2.5973,1.7892,9.2847,0.2211,0.1648,-0.0216,-0.916800,-0.049700,-0.144000,-0.369100,False,True,True,Straight,1.000,2.95,1.000,True,,,False,,,False
1783432883434,2342,7.4304,1.1414,0.8932,-0.6423,0.2399,-0.6383,0.379400,0.574500,-0.333500,0.644100,-5.7577,-1.8244,10.8211,-0.2869,-7.0326,-1.2921,0.312600,-0.462100,0.163000,0.813700,-2.3469,2.0795,8.9907,0.2206,0.1761,-0.0259,-0.916500,-0.051300,-0.147300,-0.368300,False,True,True,Straight,0.900,2.95,1.000,True,,,False,,,False
1783432883445,2343,7.1057,0.3991,0.7394,-0.7200,0.2394,-0.5727,0.390100,0.571600,-0.334000,0.640000,-6.3448,-2.0954,9.6600,-0.3719,-8.1991,-1.1814,0.337600,-0.380000,0.119200,0.852900,-2.4673,1.9170,8.9899,0.1047,0.1987,-0.0692,-0.916400,-0.051300,-0.150200,-0.367300,False,True,True,Straight,0.800,2.95,1.000,True,,,False,,,False
1783432883454,2344,6.6507,-0.1002,0.4283,-0.7503,0.2406,-0.4687,0.400100,0.568000,-0.335500,0.636200,-6.6750,-2.3601,8.8238,-0.5626,-8.3850,-1.1302,0.357600,-0.292300,0.071500,0.884100,-2.7030,1.7393,9.0534,0.0403,0.1719,-0.0835,-0.916500,-0.050700,-0.152600,-0.366200,False,True,True,Straight,0.700,2.95,1.000,True,,,False,,,False
1783432883465,2345,6.7462,-0.4872,-0.0414,-0.6892,0.1693,-0.3291,0.408300,0.564600,-0.337800,0.632800,-8.3977,-2.9252,12.1800,-1.1000,-7.8750,-1.0602,0.370600,-0.209500,0.019600,0.904700,-2.7231,1.7597,9.0855,0.0624,0.1263,-0.0770,-0.916600,-0.050600,-0.154500,-0.365200,False,True,True,Straight,0.600,2.95,1.000,True,,,False,,,False
1783432883475,2346,7.0643,-0.6957,-0.6539,-0.5650,-0.0237,-0.1505,0.413400,0.562600,-0.341300,0.629400,-12.0348,-6.0565,17.7134,-1.9681,-6.9401,-1.2324,0.379600,-0.139300,-0.038400,0.913800,-2.7164,1.8627,9.0969,0.0752,0.1080,-0.0828,-0.916800,-0.050600,-0.156300,-0.364000,False,True,True,Straight,1.000,2.95,1.000,True,,,False,,,False
1783432883485,2347,7.0337,-0.5724,-1.0070,-0.4204,-0.3233,0.0322,0.414600,0.562900,-0.346600,0.625400,-22.7649,-5.2146,25.7682,-2.5661,-6.2563,-2.5308,0.399500,-0.078000,-0.102000,0.907700,-2.5790,2.1907,9.0313,0.0169,0.1333,-0.1113,-0.917100,-0.049900,-0.158100,-0.362600,False,True,True,Straight,1.000,2.95,1.000,True,,,False,,,False
1783432883496,2348,7.1111,-0.0175,-0.5371,-0.1564,-0.5960,0.1861,0.411700,0.566000,-0.352200,0.621400,-28.7295,-2.7713,16.4008,-1.3536,-6.0747,-3.3608,0.426900,-0.011000,-0.150800,0.891500,-2.3567,2.4174,8.8707,-0.1482,0.1841,-0.1763,-0.917700,-0.046900,-0.159800,-0.360800,False,True,True,Straight,1.000,2.95,1.000,True,,,False,,,False
1783432883507,2349,9.7635,0.1295,0.6595,-0.1378,-0.5257,0.3395,0.407600,0.567900,-0.358400,0.618800,-29.0565,6.1718,3.0037,0.6122,-4.5477,-2.2935,0.443100,0.047400,-0.168500,0.879200,-2.0858,2.0660,9.2186,-0.2726,0.3308,-0.2306,-0.918200,-0.041700,-0.162600,-0.358700,False,True,True,Straight,1.000,2.95,1.000,True,,,False,,,False
1783432883517,2350,12.5724,0.0781,0.5001,-0.1223,-0.2103,0.3786,0.404600,0.567300,-0.363100,0.618600,-29.3857,13.4406,-7.0010,-0.1159,-2.9439,0.9112,0.426600,0.077200,-0.186700,0.881600,-2.9306,1.8587,9.6110,-0.2620,0.6211,-0.2696,-0.918300,-0.035200,-0.168900,-0.356300,False,True,True,Straight,1.000,2.95,1.000,True,,,False,6.11,,False
1783432883527,2351,12.2840,-0.1722,-0.6940,0.0284,-0.1356,0.2641,0.401700,0.567300,-0.365500,0.619000,-29.0028,-0.7085,-8.3547,-1.2720,-0.3215,1.8656,0.406300,0.069500,-0.204300,0.887900,-2.6464,1.0888,9.6479,-0.0518,1.0031,-0.2686,-0.917400,-0.029500,-0.180400,-0.353600,False,False,True,Straight,1.000,-0.19,1.000,True,,,False,,,False
1783432883537,2352,10.9496,-0.6533,-1.6746,0.1255,0.1091,0.1065,0.400400,0.566700,-0.364700,0.620900,-5.2875,-6.7768,7.2947,2.8399,2.6476,0.3072,0.406700,0.053600,-0.159500,0.897900,-1.5908,1.0614,9.9665,0.2297,1.6824,-0.2554,-0.914400,-0.024000,-0.200900,-0.350500,False,False,True,Straight,1.000,-0.19,1.000,True,,,False,,,False
1783432883548,2353,11.0506,2.1996,-0.8444,0.2660,0.1267,-0.0103,0.399100,0.567200,-0.362000,0.622900,4.7011,-1.7608,10.7973,-0.3369,2.6963,-0.7908,0.420800,0.023000,-0.149000,0.894500,-2.7128,1.5275,10.2865,0.3097,2.7577,-0.3119,-0.908300,-0.014600,-0.233800,-0.346700,False,False,True,Straight,1.000,-0.19,1.000,True,,,False,,,False
1783432883558,2354,12.3425,2.4109,1.0193,0.1917,-0.3425,-0.1416,0.397300,0.571500,-0.361300,0.620500,-2.8080,7.4204,12.3252,-0.5822,4.0251,-0.0541,0.428500,-0.025100,-0.134200,0.893200,-1.3861,2.9531,9.9224,0.3367,4.2803,-0.5430,-0.896700,0.001900,-0.283700,-0.339600,False,False,True,Straight,1.000,-0.19,1.000,True,,,False,,,False
1783432883569,2355,11.9442,0.3794,2.4649,0.1135,-0.5312,-0.2839,0.396200,0.577500,-0.361000,0.615700,-6.2893,-2.8933,16.3101,-0.4413,3.7082,0.9830,0.423000,-0.070600,-0.118900,0.895500,-1.0775,3.9221,10.3620,0.0664,6.4623,-1.0434,-0.875300,0.032300,-0.355500,-0.326300,False,False,True,Straight,1.000,-0.19,1.000,True,,,False,,,False
1783432883579,2356,10.9664,-1.2801,3.3624,0.3232,-0.3526,-0.3399,0.394900,0.583500,-0.357800,0.612900,-10.2181,-10.6027,16.5834,1.1978,2.3380,0.3753,0.423100,-0.091200,-0.092800,0.896700,-5.9198,2.5945,12.5050,-0.0542,9.2983,-1.6082,-0.834500,0.077800,-0.453700,-0.302800,False,False,True,Straight,1.000,-0.19,1.000,True,,,False,,,False
1783432883589,2357,10.8591,-1.6304,3.4027,0.4631,0.0309,-0.3205,0.394100,0.587000,-0.351800,0.613500,-4.1148,1.2605,14.4132,1.2871,0.9469,0.3611,0.421400,-0.095600,-0.073000,0.898900,-14.1156,2.2920,19.7473,1.6233,10.0261,-2.3158,-0.781100,0.111200,-0.558100,-0.257200,False,False,True,Straight,1.000,-0.19,1.000,True,,,False,,,False
1783432883600,2358,10.3509,0.3450,3.7405,0.3166,0.3901,-0.4088,0.396500,0.587400,-0.344500,0.615700,-2.9667,-0.9288,12.0113,0.7471,0.2374,0.1155,0.421200,-0.094600,-0.063200,0.899800,-16.8096,9.6728,22.2335,0.6199,8.6340,-3.2870,-0.727200,0.155100,-0.635800,-0.207100,False,False,True,Straight,1.000,-0.19,1.000,True,,,False,,,False
1783432883610,2359,11.1774,1.8625,3.3772,0.0649,0.5557,-0.4570,0.401900,0.585500,-0.337900,0.617700,-1.8498,-1.7123,10.2704,0.1988,0.0774,0.0089,0.421300,-0.094700,-0.060600,0.899900,-9.6351,5.3374,25.9424,0.2388,5.6185,-3.3019,-0.689200,0.193300,-0.678900,-0.163600,False,False,True,Straight,1.000,-0.19,1.000,True,,,False,,,False
1783432883620,2360,12.3491,0.8006,2.7991,-0.0525,0.4881,-0.1990,0.405900,0.582300,-0.334400,0.620000,-1.3330,-2.0382,9.4772,0.0120,0.1404,0.0119,0.421200,-0.096400,-0.059700,0.899800,-5.8759,8.1240,29.2849,1.2063,-2.5289,-1.5879,-0.716400,0.191100,-0.655000,-0.145700,False,False,True,Straight,1.000,-0.19,1.000,True,,,False,,,False
1783432883630,2361,11.3226,-0.4361,2.0927,0.0439,0.2538,0.2191,0.404900,0.579700,-0.334300,0.623100,-1.3470,-2.2084,9.1825,0.0333,0.2433,0.0516,0.420800,-0.099200,-0.058100,0.899800,6.7980,7.9134,7.1201,0.9777,-4.0304,-0.4529,-0.751700,0.178500,-0.618500,-0.143300,False,False,True,Straight,1.000,-0.19,1.000,True,,,False,,,False
1783432883641,2362,9.1124,-1.5684,1.1825,0.1598,0.1456,0.4675,0.400600,0.577500,-0.335700,0.627100,-1.6038,-1.8432,9.3737,0.1558,0.2953,0.0538,0.420600,-0.102000,-0.054700,0.899900,2.9384,5.8033,6.1231,0.3644,-3.3643,0.3481,-0.777400,0.166300,-0.587400,-0.151300,False,False,True,Straight,1.000,-0.19,1.000,True,,,False,,,False
1783432883651,2363,7.8020,-1.0265,0.8625,0.2397,0.1193,0.5130,0.395300,0.575600,-0.337000,0.631500,-1.7836,-1.5269,9.6012,0.1053,0.2933,0.0556,0.420200,-0.104900,-0.052000,0.899800,-2.4730,4.8380,9.9463,0.1600,-4.1995,1.1393,-0.805500,0.148100,-0.548100,-0.169800,True,False,True,Straight,1.000,-0.19,1.000,True,,,False,,,False
1783432883662,2364,7.1503,-0.6306,0.6988,0.3071,0.1244,0.4582,0.390000,0.574300,-0.337200,0.635900,-1.6970,-1.9038,9.2857,0.0639,0.2732,0.0823,0.419500,-0.107900,-0.049700,0.899900,-5.7368,3.4399,11.1256,0.1716,-5.8661,1.7325,-0.840100,0.121600,-0.490700,-0.196700,True,False,True,Straight,1.000,-0.19,1.000,True,,,False,,,False
1783432883672,2365,6.7595,-0.2698,0.6427,0.3773,0.1031,0.3455,0.384900,0.573900,-0.336200,0.639900,-1.6792,-1.8777,9.2248,0.1224,0.2327,0.1398,0.418200,-0.110200,-0.047000,0.900400,-5.2424,1.7100,8.4811,0.2914,-6.8155,1.9061,-0.874400,0.089600,-0.420600,-0.224700,True,False,True,Straight,1.000,-0.19,1.000,True,,,False,,,False
1783432883682,2366,6.7453,-0.1135,0.5176,0.3504,0.0573,0.2383,0.380700,0.574100,-0.334800,0.642900,-1.8361,-1.6762,9.3239,0.1876,0.2164,0.1716,0.416600,-0.112000,-0.043500,0.901100,-7.1381,0.9720,10.0556,0.7003,-6.8364,1.7258,-0.902900,0.053300,-0.347800,-0.246800,True,False,True,Straight,1.000,-0.19,1.000,True,,,False,,,False
1783432883692,2367,6.9029,0.0216,0.2838,0.2843,-0.0399,0.1459,0.377200,0.575200,-0.333800,0.644500,-1.8979,-1.5102,9.3406,0.1982,0.2361,0.1882,0.414800,-0.113900,-0.039800,0.901900,-9.5052,1.4696,11.8452,1.3436,-6.7939,1.4599,-0.925400,0.010500,-0.274500,-0.261200,True,False,True,Straight,1.000,-0.19,1.000,True,,,False,,,False
1783432883703,2368,6.9636,0.1908,-0.4262,0.1597,-0.1937,0.0436,0.374900,0.577400,-0.333700,0.644000,-1.7188,-1.5424,9.1962,0.1660,0.3077,0.2076,0.412800,-0.116800,-0.036100,0.902600,-13.8123,3.4983,15.8414,2.1912,-5.7184,1.7668,-0.936600,-0.039700,-0.214600,-0.274200,True,False,True,Straight,1.000,-0.19,1.000,True,,,False,,,False
1783432883713,2369,7.0657,-0.2537,-0.6949,-0.0784,-0.2522,-0.0799,0.375000,0.579400,-0.335000,0.641400,-2.2134,-1.4674,9.4242,0.1432,0.3622,0.2310,0.410500,-0.120400,-0.032300,0.903300,-21.9722,3.6342,20.9168,2.2186,-5.4677,2.8368,-0.937300,-0.092000,-0.155700,-0.298000,True,False,True,Straight,1.000,-0.19,1.000,True,,,False,,,False
1783432883734,2371,10.5445,0.2880,0.8876,-0.0871,-0.1230,-0.3639,0.380400,0.583300,-0.333400,0.635500,-2.1418,-1.5338,9.4650,0.1531,0.4059,0.1899,0.406900,-0.128400,-0.024300,0.904100,-27.2575,-2.3209,0.8437,-0.5857,-4.4830,1.8850,-0.930500,-0.136500,-0.036300,-0.337900,True,False,True,Straight,1.000,-0.19,1.000,True,,,False,,,False
1783432883745,2372,12.4834,-0.6176,1.1971,0.1058,-0.1821,-0.2157,0.380500,0.586200,-0.331900,0.633600,-1.7525,-1.4482,9.6604,0.0446,0.7226,0.2336,0.404400,-0.136700,-0.019700,0.904100,-27.5808,-9.8035,-8.4955,1.8486,-3.0843,0.9743,-0.923700,-0.171400,-0.006500,-0.342700,True,False,True,Straight,1.000,-0.19,1.000,True,,,False,,,False
1783432883756,2373,11.7086,0.3134,-0.4489,0.1443,-0.2154,0.0446,0.378200,0.588400,-0.332100,0.632800,-1.2495,-0.8621,9.8911,-0.0283,1.2665,0.2236,0.402100,-0.151400,-0.013300,0.902900,-26.3971,-1.2114,-9.4936,0.9037,-0.8655,0.1241,-0.921200,-0.185500,-0.000100,-0.342100,False,False,True,Straight,1.000,-0.19,1.000,True,,,False,,,False
1783432883766,2374,11.0621,-0.2619,-2.2404,-0.0976,-0.1043,0.2277,0.376600,0.587900,-0.335000,0.632700,-2.1056,-0.7610,10.1136,-0.1462,2.1209,0.2178,0.399500,-0.176200,-0.003900,0.899600,-13.1420,1.1672,-0.9032,-2.1014,2.2338,0.3292,-0.924000,-0.151600,-0.016100,-0.350600,False,False,True,Straight,1.000,-0.19,1.000,True,,,False,,,False
1783432883776,2375,11.8889,-1.8930,-0.9601,0.1965,-0.1607,0.1889,0.372900,0.589400,-0.335700,0.633200,-1.7398,-1.4856,10.0767,-0.1912,3.1322,0.3380,0.395000,-0.212500,0.010300,0.893700,4.4437,0.0001,15.1882,-0.3987,2.4090,1.2282,-0.918500,-0.136600,-0.040000,-0.369000,False,False,True,Straight,1.000,-0.19,1.000,True,,,False,,,False
1783432883786,2376,13.6376,-0.3719,1.1326,0.5218,-0.2307,0.1598,0.366800,0.593000,-0.333800,0.634400,-0.0272,-3.4924,9.7410,-0.0101,4.7330,0.7851,0.384900,-0.265000,0.035500,0.883400,-4.7930,-12.8571,11.4876,0.2061,4.1502,-0.0112,-0.914900,-0.119600,-0.088700,-0.375100,False,False,True,Straight,1.000,-0.19,1.000,True,,,False,,,False
1783432883807,2378,11.7120,3.0833,4.0131,-0.2260,-0.0416,0.3551,0.360100,0.592700,-0.337800,0.636400,-3.8547,-3.0698,13.4472,0.6751,8.1539,2.0980,0.327500,-0.429700,0.141000,0.829600,-7.0911,-2.9957,15.0314,-1.5484,2.0093,-0.3747,-0.915500,-0.072500,-0.144600,-0.368400,False,False,True,Straight,1.000,-0.19,1.000,True,,,False,,,False
1783432883817,2379,10.9818,1.0362,2.5030,-0.3616,0.1150,0.2817,0.361000,0.589000,-0.342200,0.636900,-13.4027,-1.8145,21.3215,-0.3807,9.8439,2.5839,0.278700,-0.525200,0.189900,0.781300,-4.7222,3.3239,10.7186,-0.7345,0.7441,-0.3369,-0.916300,-0.059900,-0.150200,-0.366300,False,False,True,Straight,1.000,-0.19,1.000,True,,,False,,,False
1783432883828,2380,10.3107,-1.3332,3.4822,-0.0513,0.3530,0.3174,0.360300,0.584600,-0.343400,0.640700,-9.5241,-6.9006,21.1279,0.7918,7.7812,2.8897,0.235700,-0.588700,0.242400,0.734300,-3.7528,1.4513,10.7521,-0.3339,0.2194,-0.1104,-0.916700,-0.054700,-0.151500,-0.365600,False,False,True,Straight,1.000,-0.19,1.000,True,,,False,,,False
1783432883838,2381,10.5972,-0.7779,3.3172,0.0889,0.4597,0.2840,0.359300,0.580200,-0.342700,0.645700,-10.2934,-4.5493,35.5308,1.1732,3.6155,2.4069,0.210900,-0.610200,0.281000,0.710100,-2.8429,2.0108,9.6331,-0.1159,0.1436,-0.0532,-0.916800,-0.052500,-0.152800,-0.365200,False,False,True,Straight,1.000,-0.19,1.000,True,,,False,,,False
1783432883849,2382,10.9376,1.1494,2.5796,0.0955,0.3880,0.0111,0.360100,0.577400,-0.340200,0.649000,0.4680,-9.0207,21.9972,-1.5653,-3.3846,0.1056,0.209700,-0.583100,0.258500,0.741100,-2.7728,1.6822,9.5264,0.0128,0.2061,-0.0641,-0.916800,-0.051400,-0.155400,-0.364400,False,False,True,Straight,1.000,-0.19,1.000,True,,,False,,,False
1783432883859,2383,9.4947,2.1269,1.9945,-0.0048,0.1963,-0.2914,0.363300,0.577100,-0.337300,0.649000,4.9013,-6.4598,5.5609,-1.2289,-3.7665,-1.1161,0.223100,-0.554100,0.228600,0.768700,-2.7398,1.5035,9.4176,0.2257,0.2644,-0.0381,-0.916300,-0.052600,-0.159700,-0.363500,False,False,True,Straight,1.000,-0.19,1.000,True,,,False,,,False
1783432883869,2384,8.0843,1.2285,1.5303,-0.1565,0.1364,-0.4276,0.368400,0.577100,-0.334800,0.647400,1.2039,-3.4073,7.1159,-0.5073,-3.7659,-1.5138,0.244600,-0.522800,0.202100,0.791200,-2.7604,2.2546,9.1338,0.2773,0.2998,-0.0375,-0.915700,-0.054200,-0.164600,-0.362500,False,True,True,Straight,1.000,-0.19,1.000,True,,,False,,,False
1783432883879,2385,7.0702,0.5424,1.1869,-0.1618,0.2001,-0.4577,0.374100,0.576700,-0.331900,0.646000,-2.9732,-1.7832,11.7185,-0.3290,-4.9991,-1.5703,0.270200,-0.477000,0.172600,0.818300,-2.9645,2.5754,8.9906,0.0666,0.2547,-0.0972,-0.915700,-0.053500,-0.168000,-0.361200,False,True,True,Straight,1.000,-0.19,1.000,True,,,False,,,False
1783432883889,2386,7.0175,0.8277,1.0909,-0.2335,0.2225,-0.4531,0.380300,0.575700,-0.329500,0.644500,-3.8078,-0.8771,10.8627,-0.4838,-6.5433,-1.5245,0.296100,-0.413100,0.135600,0.850400,-3.1179,2.1259,9.1720,-0.0302,0.2114,-0.1102,-0.915800,-0.051800,-0.170500,-0.360000,False,True,True,Straight,1.000,-0.19,1.000,True,,,False,,,False
1783432883900,2387,7.3239,0.5149,0.9118,-0.3086,0.2038,-0.3994,0.386600,0.574200,-0.328100,0.642800,-3.7471,0.2179,9.1412,-0.6704,-6.9623,-1.2259,0.316400,-0.341800,0.095500,0.879700,-2.8667,1.9940,8.8813,-0.1110,0.1813,-0.1082,-0.916000,-0.049400,-0.172300,-0.358900,False,True,True,Straight,1.000,-0.19,1.000,True,,,False,,,False
1783432883910,2388,7.3903,0.0111,0.6169,-0.3139,0.1808,-0.3019,0.392000,0.572500,-0.327500,0.641300,-5.4701,0.0035,12.3882,-1.1465,-6.7873,-0.8792,0.328200,-0.271300,0.051700,0.903300,-2.9298,1.9664,9.0155,-0.1666,0.2015,-0.1226,-0.916300,-0.046200,-0.174100,-0.357800,False,True,True,Straight,1.000,-0.19,1.000,True,,,False,,,False
1783432883920,2389,7.8130,0.0571,0.1337,-0.2862,0.0738,-0.1864,0.395800,0.571300,-0.328100,0.639700,-8.5600,-1.3438,16.9537,-1.9727,-6.5995,-0.7564,0.333200,-0.204100,-0.000700,0.920500,-2.9250,2.0197,9.0575,-0.2154,0.1959,-0.1643,-0.916700,-0.042400,-0.175700,-0.356300,False,True,True,Straight,1.000,-0.19,1.000,True,,,False,,,False
1783432883931,2390,7.8502,0.2199,-0.6387,-0.2646,-0.1143,-0.0472,0.397600,0.571200,-0.330500,0.637600,-14.9111,-4.6684,23.0868,-3.0134,-6.1663,-1.4325,0.340800,-0.144700,-0.065000,0.926700,-3.2990,1.7897,9.0895,-0.2469,0.2492,-0.2242,-0.917300,-0.037800,-0.177700,-0.354200,False,True,True,Straight,1.000,-0.19,1.000,True,,,False,,,False
1783432883942,2391,7.7583,0.5503,-0.6677,-0.1737,-0.4253,0.0946,0.396300,0.573300,-0.334600,0.634300,-24.4736,-4.8093,22.8622,-3.0161,-5.8928,-2.9218,0.363100,-0.086100,-0.130300,0.918600,-3.0749,1.9488,9.0797,-0.2135,0.3046,-0.2194,-0.917800,-0.033400,-0.180500,-0.352200,False,True,True,Straight,1.000,-0.19,1.000,True,,,False,,,False
1783432883952,2392,8.0192,1.1173,-0.0989,-0.1344,-0.5899,0.2866,0.392500,0.576100,-0.340700,0.630800,-30.6612,-4.6318,12.4731,-0.1298,-5.5880,-3.6018,0.394000,-0.016200,-0.160800,0.904800,-3.2327,1.6085,9.1166,-0.1786,0.3324,-0.2129,-0.918100,-0.029300,-0.183800,-0.350100,False,True,True,Straight,1.000,-0.19,1.000,True,,,False,,,False
1783432883962,2393,11.0797,0.4203,1.0944,-0.2510,-0.3568,0.3544,0.389900,0.576200,-0.346900,0.628900,-29.8934,8.4322,-1.3948,1.6971,-4.6088,-2.2896,0.410000,0.048900,-0.164600,0.895800,-2.9842,1.8342,9.2246,-0.1426,0.4902,-0.2355,-0.918000,-0.024800,-0.189000,-0.347700,False,True,True,Straight,1.000,-0.19,1.000,True,,,False,8.72,,False
1783432883972,2394,12.3321,0.9962,0.9154,-0.1657,-0.1238,0.2400,0.388700,0.575400,-0.350600,0.628400,-30.1284,14.9515,-10.6499,-1.8333,-2.4606,0.6078,0.398900,0.065800,-0.198200,0.892900,-2.4309,1.2523,9.4186,-0.0434,0.8548,-0.2176,-0.917000,-0.020000,-0.198800,-0.345400,False,True,True,Straight,1.000,-0.19,1.000,True,,,False,,,False
1783432883983,2395,11.2137,-0.6787,-1.4233,-0.2214,-0.0468,0.0852,0.389400,0.574400,-0.353100,0.627500,-28.4563,-4.0690,-5.0180,-0.3358,0.2417,1.0800,0.387700,0.058700,-0.201700,0.897500,-2.7211,1.1714,9.7003,0.1346,1.5119,-0.1879,-0.913800,-0.014400,-0.216900,-0.343000,False,False,True,Straight,1.000,1.42,1.000,True,,,False,,,False
1783432883993,2396,11.0462,0.5704,-2.0786,-0.1526,0.1467,0.0370,0.390800,0.572300,-0.353900,0.628000,4.9019,-7.4103,12.0140,2.5581,1.9943,-0.4432,0.395500,0.049600,-0.162900,0.902600,-3.2029,1.2026,9.7544,0.2696,2.3214,-0.2403,-0.908200,-0.006800,-0.244600,-0.339600,False,False,True,Straight,1.000,1.42,1.000,True,,,False,,,False
1783432884004,2397,11.0423,1.8935,-0.3673,-0.1031,0.0691,0.0736,0.391300,0.571000,-0.354900,0.628400,3.7036,1.7603,5.2053,-0.6088,3.3440,-0.9228,0.412600,0.010600,-0.152600,0.898000,-2.5376,2.5196,9.5962,0.3190,3.5601,-0.3566,-0.897900,0.005900,-0.286200,-0.334400,False,False,True,Straight,1.000,1.42,1.000,True,,,False,,,False
1783432884014,2398,11.6474,0.9409,1.7484,-0.1257,-0.3134,0.0134,0.390700,0.572800,-0.357500,0.625600,-2.3467,11.2340,15.2641,-0.2942,4.4176,0.3131,0.416800,-0.041300,-0.133000,0.898300,-1.7191,4.0749,10.0217,0.0446,5.2313,-0.8980,-0.881000,0.030600,-0.344500,-0.322900,False,False,True,Straight,1.000,1.42,1.000,True,,,False,,,False
1783432884025,2399,11.5383,-1.3760,3.4575,0.0205,-0.4323,-0.1405,0.389700,0.577000,-0.358500,0.621900,-10.4349,-12.5125,18.0970,-0.0884,3.6451,0.9915,0.411200,-0.084400,-0.114400,0.900400,-4.1986,3.6302,10.2232,-0.2989,7.6002,-1.5373,-0.850200,0.071100,-0.424700,-0.302700,False,False,True,Straight,1.000,1.42,1.000,True,,,False,,,False
1783432884035,2400,10.5710,-2.8316,3.7318,0.4894,-0.1174,-0.3073,0.388000,0.581700,-0.353000,0.621600,-6.9651,-1.0010,16.4712,1.5994,1.9624,0.2700,0.412400,-0.098800,-0.086000,0.901500,-10.1453,1.1998,16.4332,0.4040,9.6450,-2.2837,-0.801600,0.114800,-0.523300,-0.265300,False,False,True,Straight,1.000,1.42,1.000,True,,,False,,,False
1783432884045,2401,9.5759,-0.6930,3.4727,0.4933,0.2721,-0.3442,0.388300,0.583500,-0.345400,0.624100,-4.9346,-2.7309,12.4968,1.0406,0.6382,0.2935,0.410900,-0.101100,-0.070700,0.903300,-18.1137,6.7047,21.3945,1.4182,9.1280,-2.8540,-0.747700,0.148700,-0.611300,-0.212400,False,False,True,Straight,1.000,1.42,1.000,True,,,False,,,False
1783432884056,2402,10.2036,2.3255,3.5563,0.1108,0.5193,-0.4853,0.393500,0.582100,-0.338400,0.626000,-2.6056,-0.6725,11.7897,0.6623,0.1878,0.0948,0.410800,-0.100200,-0.062100,0.904100,-8.5258,7.6840,21.3638,0.1529,7.0560,-3.5827,-0.700000,0.192700,-0.667900,-0.163600,False,False,True,Straight,1.000,1.42,1.000,True,,,False,,,False
1783432884067,2403,12.6005,2.0426,3.1806,-0.1993,0.5777,-0.4323,0.400700,0.578400,-0.334000,0.627100,-1.5818,-1.7559,9.8480,0.1991,0.1510,0.0337,0.410700,-0.101100,-0.059100,0.904200,-14.6029,9.0046,32.6299,0.6051,1.6910,-2.2688,-0.691600,0.209700,-0.677900,-0.134500,False,False,True,Straight,1.000,1.42,1.000,True,,,False,,,False
1783432884077,2404,13.1845,-0.3552,2.6165,-0.1702,0.3024,-0.0977,0.404000,0.575600,-0.333100,0.628100,-1.4769,-1.7154,9.6469,0.1190,0.1782,0.0698,0.410100,-0.102700,-0.056700,0.904500,2.9027,10.1246,15.4504,0.7299,-3.6719,-0.4419,-0.724800,0.200800,-0.645300,-0.134100,False,False,True,Straight,1.000,1.42,1.000,True,,,False,,,False
1783432884099,2406,8.9929,-0.9388,1.1527,0.1414,0.0551,0.4128,0.398600,0.572100,-0.335400,0.633500,-1.7896,-2.0745,9.4095,0.4898,0.1076,0.1632,0.407400,-0.101100,-0.045300,0.906500,1.6978,4.9601,8.6413,0.4629,-3.9087,0.8376,-0.783800,0.164900,-0.576800,-0.160800,False,False,True,Straight,1.000,1.42,1.000,True,,,False,,,False
1783432884110,2407,7.8413,-0.4479,1.0186,0.1534,0.0390,0.4399,0.394100,0.570800,-0.337100,0.636600,-1.6197,-1.8243,9.3904,0.4332,0.1733,0.1617,0.406200,-0.101200,-0.039300,0.907300,-3.3114,2.7541,9.9582,0.4674,-5.7031,1.6485,-0.820600,0.136400,-0.523100,-0.185200,False,False,True,Straight,1.000,1.42,1.000,True,,,False,,,False
1783432884120,2408,7.2030,-0.3910,0.7419,0.1951,0.0517,0.3479,0.390200,0.569900,-0.337800,0.639500,-1.7623,-1.5700,9.4538,0.3314,0.2184,0.1827,0.404600,-0.102300,-0.034200,0.908100,-5.4078,0.5460,9.6629,0.6013,-6.6519,1.7261,-0.858200,0.102900,-0.457000,-0.209800,True,False,True,Straight,1.000,1.42,1.000,True,,,False,,,False
1783432884130,2409,7.0266,-0.1399,0.8043,0.1948,0.0256,0.2719,0.386700,0.569500,-0.338000,0.641800,-1.7535,-1.2388,9.4002,0.2114,0.2679,0.1792,0.402800,-0.104500,-0.030300,0.908800,-6.6768,-0.1612,10.0573,0.9913,-7.1688,1.6152,-0.892600,0.063800,-0.382600,-0.230000,True,False,True,Straight,1.000,1.42,1.000,True,,,False,,,False
1783432884140,2410,6.8219,-0.1337,0.4837,0.1073,-0.0478,0.1623,0.384400,0.569700,-0.338500,0.642700,-1.6658,-0.9627,9.4264,0.0877,0.3527,0.1702,0.401100,-0.108300,-0.027300,0.909200,-8.1596,0.1094,10.9977,1.4676,-7.0912,1.3373,-0.920100,0.020300,-0.306800,-0.242700,True,False,True,Straight,1.000,1.42,1.000,True,,,False,,,False
1783432884150,2411,6.6917,-0.1517,-0.3597,0.0706,-0.1653,0.0218,0.383000,0.571300,-0.338900,0.641900,-2.1266,-0.8706,9.5599,0.0046,0.4210,0.1565,0.399400,-0.113300,-0.025000,0.909400,-11.7589,2.1066,14.3543,2.3049,-6.1668,1.3860,-0.936900,-0.030400,-0.241900,-0.250700,True,False,True,Straight,1.000,1.42,1.000,True,,,False,,,False
1783432884161,2412,6.6361,-0.0978,-0.9652,-0.0548,-0.2877,-0.1238,0.383100,0.573900,-0.339800,0.639000,-2.1977,-1.0424,9.4428,-0.0535,0.4241,0.1488,0.397700,-0.118700,-0.023300,0.909500,-20.5530,4.9718,23.3313,2.6313,-5.8659,2.5575,-0.942100,-0.087200,-0.179300,-0.269600,True,False,True,Straight,1.000,1.42,1.000,True,,,False,,,False
1783432884172,2413,6.7866,-0.5076,-0.3081,-0.1567,-0.2893,-0.2383,0.384900,0.576500,-0.340700,0.635100,-2.1872,-1.3790,9.2696,-0.0510,0.4143,0.1668,0.395800,-0.123900,-0.021600,0.909700,-26.3312,3.1042,19.4809,1.4023,-5.9850,3.5333,-0.938400,-0.131600,-0.108700,-0.300600,True,False,True,Straight,1.000,1.42,1.000,True,,,False,,,False
1783432884182,2414,8.1470,-0.5433,0.5144,-0.1112,-0.1205,-0.3321,0.387700,0.578400,-0.339800,0.632200,-2.2810,-1.5083,9.3035,0.0135,0.3702,0.1616,0.394000,-0.128200,-0.019400,0.909900,-27.7517,2.4843,6.4454,-0.9726,-5.4174,3.0818,-0.932800,-0.144400,-0.036000,-0.328200,True,False,True,Straight,1.000,1.42,1.000,True,,,False,,,False
1783432884192,2415,11.6755,-0.7183,1.8746,0.1875,-0.1456,-0.2367,0.387600,0.581500,-0.337300,0.630800,-1.8259,-1.1448,9.5760,-0.0048,0.5690,0.1555,0.392300,-0.134900,-0.016400,0.909700,-27.7567,-12.4626,-7.2739,0.5126,-3.8482,1.4212,-0.926500,-0.166700,0.009500,-0.337100,True,False,True,Straight,1.000,1.42,1.000,True,,,False,,,False
1783432884203,2416,12.4377,-0.6424,1.1585,0.2281,-0.1194,-0.0404,0.385700,0.583700,-0.335700,0.630700,-1.4609,-0.5788,9.7692,-0.1225,1.0128,0.0917,0.391100,-0.147200,-0.012700,0.908400,-28.1423,-4.9618,-12.2975,2.4870,-1.7113,0.1184,-0.920000,-0.202500,0.019100,-0.334900,False,False,True,Straight,1.000,1.42,1.000,True,,,False,,,False
1783432884213,2417,11.1475,1.2226,-1.2625,-0.1384,0.0193,0.1005,0.386000,0.582500,-0.337400,0.630700,-1.8999,-0.6097,9.8897,-0.3186,1.7026,0.0486,0.390100,-0.168300,-0.007900,0.905200,-18.6204,5.5436,-6.6724,-1.2123,1.6781,-0.1731,-0.924000,-0.181500,0.004400,-0.336600,False,False,True,Straight,1.000,1.42,1.000,True,,,False,,,False
1783432884224,2418,11.2742,-1.0543,-1.4927,0.0731,-0.1769,0.1579,0.383400,0.583600,-0.338900,0.630500,-2.1550,-1.3734,10.0166,-0.3690,2.5095,0.0881,0.388300,-0.198600,0.000300,0.899900,-0.8941,6.2650,14.7988,-2.5972,2.9870,0.8525,-0.925300,-0.138700,-0.017300,-0.352500,False,False,True,Straight,1.000,1.42,1.000,True,,,False,,,False
1783432884234,2419,13.2226,-1.9458,-0.6888,0.4882,-0.4158,0.2261,0.376200,0.588300,-0.338600,0.630600,-0.8168,-2.4677,9.6109,-0.2861,3.7109,0.3807,0.382800,-0.241600,0.016000,0.891500,-1.2819,-6.1298,10.3436,-0.3538,3.6409,1.6949,-0.916600,-0.118700,-0.055000,-0.377800,False,False,True,Straight,1.000,1.42,1.000,True,,,False,,,False
1783432884244,2420,14.0951,-0.6761,1.3558,0.6541,-0.4194,0.3245,0.367000,0.593300,-0.337800,0.631800,-0.5371,-4.3633,9.5130,0.1669,5.4393,1.0122,0.370000,-0.300700,0.046800,0.877800,-8.6967,-15.8786,17.1928,-0.0469,3.8250,-0.2403,-0.914200,-0.099800,-0.099100,-0.380200,False,False,True,Straight,1.000,1.42,1.000,True,,,False,,,False
1783432884255,2421,11.2710,1.7502,3.7080,0.4463,-0.1545,0.3299,0.360300,0.595300,-0.337400,0.634000,-2.3724,-3.4498,11.3858,0.8338,7.8653,1.9246,0.345500,-0.380500,0.099100,0.852100,-11.6438,17.2796,17.2261,-0.4368,2.5785,-0.7792,-0.914800,-0.081400,-0.127500,-0.374600,False,False,True,Straight,1.000,1.42,1.000,True,,,False,,,False
1783432884265,2422,10.8016,3.1310,3.2228,-0.1948,-0.0063,0.3968,0.358600,0.592800,-0.341900,0.634900,-9.9219,-1.2574,19.8509,-0.0410,10.2868,2.5758,0.302100,-0.483500,0.154200,0.807000,-5.6730,-5.6160,14.1870,-1.2268,1.4120,-0.4247,-0.915500,-0.060000,-0.138400,-0.372900,False,False,True,Straight,1.000,1.42,1.000,True,,,False,,,False
1783432884275,2423,10.2954,0.7310,2.4010,-0.2898,0.2094,0.3865,0.358500,0.588200,-0.346100,0.637000,-14.8778,-3.5611,22.1812,-0.5140,9.7987,2.6850,0.250600,-0.575000,0.200800,0.752500,-4.3557,2.7216,11.0139,-0.6182,0.4186,-0.3276,-0.916800,-0.050200,-0.140700,-0.370300,False,False,True,Straight,1.000,1.42,1.000,True,,,False,,,False
1783432884286,2424,10.3983,-0.8931,2.9693,-0.0606,0.3852,0.4130,0.357300,0.583100,-0.347900,0.641400,-3.8659,-9.1979,20.6360,1.5152,7.0597,3.0864,0.213500,-0.626100,0.258200,0.704100,-3.1298,2.3434,10.1209,-0.3292,0.1261,-0.2116,-0.917800,-0.045400,-0.141000,-0.368300,False,False,True,Straight,1.000,1.42,1.000,True,,,False,,,False
1783432884296,2425,11.3724,-0.5971,2.7205,0.0344,0.3672,0.2653,0.356400,0.579200,-0.347800,0.645400,-13.1586,-6.9832,40.3143,0.6522,1.2671,1.2216,0.203700,-0.631300,0.276700,0.695200,-2.3046,1.9894,9.3946,-0.2315,0.1929,-0.1654,-0.918400,-0.041400,-0.142400,-0.366800,False,False,True,Straight,1.000,1.42,1.000,True,,,False,,,False
1783432884307,2426,10.8434,0.8061,2.1051,0.0961,0.2254,-0.0506,0.357100,0.578000,-0.345700,0.647200,3.2528,-8.3177,14.8552,-1.1635,-4.4350,-0.8799,0.217200,-0.597600,0.247700,0.731000,-2.6367,1.5422,9.5137,-0.1671,0.2867,-0.1368,-0.918700,-0.037800,-0.145100,-0.365400,False,False,True,Straight,1.000,1.42,1.000,True,,,False,,,False
1783432884317,2427,9.4337,1.3173,1.5481,0.0666,0.0887,-0.3118,0.359500,0.579000,-0.342500,0.646800,3.0654,-3.3961,7.1662,-0.7130,-4.3371,-1.3691,0.237600,-0.563000,0.218500,0.760800,-2.6394,1.1961,9.5480,-0.0676,0.3663,-0.0935,-0.918500,-0.035100,-0.149200,-0.364500,False,False,True,Straight,1.000,1.42,1.000,True,,,False,,,False
1783432884328,2428,8.0879,0.8367,1.1743,0.0267,0.0996,-0.4412,0.363200,0.580200,-0.338600,0.645600,-1.8323,-1.5523,10.5216,-0.5086,-5.1516,-1.2286,0.259300,-0.517400,0.189100,0.793300,-2.8452,1.9928,9.3210,-0.0330,0.3924,-0.0784,-0.918200,-0.032600,-0.153800,-0.363600,False,True,True,Straight,1.000,1.42,1.000,True,,,False,,,False
1783432884338,2429,7.4832,0.6381,1.0763,0.0092,0.1975,-0.4624,0.367700,0.580600,-0.334200,0.645000,-4.0223,-1.1831,10.6064,-0.5263,-6.6143,-1.0555,0.281200,-0.454000,0.154700,0.831200,-2.8322,1.7321,9.2399,-0.0645,0.3577,-0.1076,-0.918100,-0.029900,-0.157800,-0.362500,False,True,True,Straight,1.000,1.42,1.000,True,,,False,,,False
1783432884348,2430,7.3074,1.0211,1.0727,-0.0837,0.2827,-0.3619,0.372400,0.579400,-0.330900,0.645000,-4.3468,-0.5570,8.8502,-0.7120,-7.1582,-0.9174,0.299500,-0.381900,0.116000,0.866600,-2.8352,1.3540,9.2174,-0.0407,0.3718,-0.1146,-0.917900,-0.027400,-0.162100,-0.361200,False,True,True,Straight,1.000,1.42,1.000,True,,,False,,,False
1783432884359,2431,7.4060,0.7795,1.0056,-0.2054,0.2924,-0.2801,0.377300,0.577300,-0.329200,0.645000,-5.6029,-0.7996,10.7539,-1.2194,-7.0239,-0.8920,0.312400,-0.309900,0.071500,0.895100,-2.9569,1.4417,9.1642,0.0028,0.3814,-0.1146,-0.917700,-0.025400,-0.166600,-0.359800,False,True,True,Straight,1.000,1.42,1.000,True,,,False,,,False
1783432884370,2432,7.1964,0.3523,0.7717,-0.2338,0.2409,-0.2353,0.381900,0.575200,-0.328200,0.644600,-8.3042,-1.7201,15.2729,-1.8172,-6.9295,-0.9865,0.321500,-0.238900,0.019800,0.916100,-3.3453,1.4758,9.2275,-0.0002,0.3186,-0.1246,-0.917600,-0.023600,-0.170500,-0.358300,False,True,True,Straight,1.000,1.42,1.000,True,,,False,,,False
1783432884380,2433,7.4225,0.5789,0.4186,-0.2320,0.1404,-0.1635,0.385500,0.573700,-0.328200,0.643900,-11.7541,-3.1848,19.1734,-2.6259,-6.5117,-1.2652,0.328600,-0.174000,-0.040600,0.927400,-3.1911,1.4147,9.1268,0.0046,0.2575,-0.1446,-0.917700,-0.022000,-0.173600,-0.356500,False,True,True,Straight,1.000,1.42,1.000,True,,,False,,,False
1783432884390,2434,7.6017,1.0541,0.0389,-0.2806,-0.1866,-0.0099,0.386800,0.573900,-0.331300,0.641400,-21.3323,-5.1248,24.0684,-3.1044,-5.9782,-2.3292,0.344600,-0.115400,-0.106300,0.925500,-3.1865,1.6063,9.1555,-0.0241,0.2703,-0.1713,-0.918000,-0.020000,-0.176800,-0.354500,False,True,True,Straight,1.000,1.42,1.000,True,,,False,,,False
1783432884401,2435,7.4693,0.9706,-0.3266,-0.3086,-0.5413,0.1415,0.385600,0.576100,-0.337400,0.636800,-30.0273,-4.8145,17.5261,-1.5243,-5.8868,-3.4565,0.373400,-0.048700,-0.154100,0.913500,-3.0540,1.4649,9.1055,-0.0151,0.3446,-0.2029,-0.918100,-0.017800,-0.180900,-0.352100,False,True,True,Straight,1.000,1.42,1.000,True,,,False,,,False
1783432884411,2436,8.8805,0.4932,0.0180,-0.4008,-0.5060,0.2861,0.384100,0.577000,-0.345000,0.632800,-29.1261,-0.0794,3.9048,1.4057,-4.9697,-3.5025,0.403500,0.021600,-0.163100,0.900100,-2.6712,1.5775,9.2706,0.0065,0.5565,-0.1835,-0.917700,-0.014900,-0.187500,-0.349900,False,True,True,Straight,1.000,1.42,1.000,True,,,False,,,False
1783432884421,2437,12.0458,0.2108,0.2593,-0.2616,-0.2168,0.2633,0.382900,0.576300,-0.350000,0.631400,-29.3202,16.9058,-4.5891,-0.0450,-3.7398,-0.7360,0.403700,0.064900,-0.182300,0.894200,-2.9468,1.0651,9.4605,0.0692,0.9394,-0.1633,-0.916200,-0.011100,-0.198700,-0.347800,False,True,True,Straight,1.000,1.42,1.000,True,,,False,6.83,,False
1783432884431,2438,12.4530,-0.2550,-0.0359,-0.1146,-0.1090,0.1512,0.382100,0.576000,-0.352500,0.630800,-28.9116,4.6136,-10.3737,-2.4767,-1.2593,1.3295,0.387700,0.063400,-0.217400,0.893500,-3.0126,0.9589,9.5150,0.2171,1.4169,-0.1121,-0.913000,-0.007000,-0.216000,-0.346000,False,False,True,Straight,1.000,2.21,1.000,True,,,False,,,False
1783432884442,2439,11.7570,-0.1684,-1.4645,-0.1181,-0.0242,0.0392,0.382600,0.575500,-0.353900,0.630300,-13.4463,-12.0563,-3.4607,2.0136,2.0480,0.4112,0.386800,0.049000,-0.185200,0.902000,-3.0989,1.5101,9.6007,0.3275,2.0840,-0.1391,-0.907700,-0.001200,-0.241300,-0.343400,False,False,True,Straight,1.000,2.21,1.000,True,,,False,,,False
1783432884452,2440,11.7818,1.9790,-1.1369,-0.0851,-0.0468,-0.0155,0.383100,0.575500,-0.354600,0.629500,3.7608,-2.1592,17.5053,0.9876,2.4156,-1.4184,0.407500,0.029700,-0.161500,0.898300,-3.1530,1.9807,9.4670,0.3195,3.0722,-0.2435,-0.898800,0.009200,-0.277400,-0.339300,False,False,True,Straight,1.000,2.21,1.000,True,,,False,,,False
1783432884462,2441,11.5237,0.8389,0.0413,-0.0928,0.0107,-0.0969,0.384600,0.575500,-0.354600,0.628600,-0.4297,11.0610,10.3868,-0.2710,3.7128,-0.5493,0.420700,-0.012500,-0.145400,0.895400,-2.5423,3.4993,9.7334,0.1472,4.3383,-0.5722,-0.884900,0.028000,-0.326400,-0.331200,False,False,True,Straight,1.000,2.21,1.000,True,,,False,,,False
1783432884473,2442,10.7524,-0.0237,2.5516,-0.0020,-0.5058,-0.1978,0.383900,0.580300,-0.355700,0.624000,-3.5999,3.8538,16.2848,-0.4772,3.8873,1.0216,0.415700,-0.060500,-0.130000,0.898100,-3.3815,3.7361,9.3585,-0.2664,5.9756,-1.2523,-0.863100,0.060800,-0.390000,-0.315200,False,False,True,Straight,1.000,2.21,1.000,True,,,False,,,False
1783432884483,2443,10.9699,-1.6649,3.7230,0.1792,-0.4022,-0.3061,0.383200,0.585700,-0.354000,0.620300,-11.9772,-15.7608,17.2975,0.6075,2.8379,0.5676,0.414100,-0.090200,-0.107900,0.899300,-6.7144,2.9931,13.3357,-0.5532,8.3180,-2.1816,-0.825800,0.109800,-0.473500,-0.286100,False,False,True,Straight,1.000,2.21,1.000,True,,,False,,,False
1783432884493,2444,10.9756,-1.5298,3.4941,0.4397,0.0608,-0.3879,0.383300,0.589000,-0.347400,0.620800,-2.9918,3.5763,14.1824,1.4202,1.4513,0.3395,0.413600,-0.099800,-0.084100,0.901100,-13.9899,1.4682,18.7931,1.0670,9.3742,-2.5891,-0.774900,0.146800,-0.566800,-0.238000,False,False,True,Straight,1.000,2.21,1.000,True,,,False,,,False
1783432884503,2445,10.3234,0.5510,3.7926,0.2577,0.4497,-0.4627,0.386900,0.588800,-0.339800,0.623000,-3.4928,-3.5918,11.3323,1.0611,0.4697,0.1873,0.413200,-0.100000,-0.069500,0.902500,-16.3657,8.7263,21.6919,0.1389,8.6046,-3.2271,-0.718800,0.192900,-0.640700,-0.188400,False,False,True,Straight,1.000,2.21,1.000,True,,,False,,,False
1783432884514,2446,11.1618,1.9939,3.6883,-0.0640,0.5922,-0.5374,0.394100,0.586100,-0.333500,0.624400,-2.2208,-0.8543,11.2758,0.4940,0.1388,0.0531,0.413200,-0.099200,-0.063100,0.903000,-10.9974,5.8223,25.1656,-0.0335,5.7009,-3.2814,-0.678500,0.232200,-0.681700,-0.144800,False,False,True,Straight,1.000,2.21,1.000,True,,,False,,,False
1783432884524,2447,12.5042,0.8550,2.9820,-0.2363,0.5453,-0.3443,0.400800,0.582100,-0.330100,0.625700,-1.5074,-1.5271,9.9696,0.0251,0.1702,0.0153,0.413200,-0.101200,-0.062000,0.902900,-7.3162,10.2083,30.4337,1.3778,-2.1782,-1.2135,-0.702900,0.226800,-0.661600,-0.129000,False,False,True,Straight,1.000,2.21,1.000,True,,,False,,,False
1783432884534,2448,11.5967,-0.5643,2.1160,-0.1763,0.3052,0.0312,0.403100,0.578700,-0.330200,0.627400,-1.3366,-1.8886,9.5569,-0.1535,0.2611,0.0356,0.412700,-0.105200,-0.062300,0.902600,4.7726,8.8850,9.1490,0.8311,-4.0800,0.2297,-0.737900,0.210800,-0.626700,-0.135700,False,False,True,Straight,1.000,2.21,1.000,True,,,False,,,False
1783432884544,2449,9.4656,-1.6463,1.2867,0.0312,0.1684,0.3173,0.401100,0.576300,-0.331400,0.630300,-1.6135,-1.8260,9.5519,-0.2380,0.3145,0.0534,0.411900,-0.110200,-0.063400,0.902300,0.9936,4.6143,8.1814,0.4444,-3.8975,1.0433,-0.767000,0.191600,-0.593200,-0.152000,False,False,True,Straight,1.000,2.21,1.000,True,,,False,,,False
1783432884554,2450,8.1596,-1.2924,0.9520,0.1890,0.1133,0.4345,0.396800,0.574500,-0.332400,0.634100,-1.6475,-1.8947,9.3455,-0.2998,0.3260,0.0600,0.411000,-0.115700,-0.065000,0.901900,-3.9810,3.3155,10.9669,0.5313,-5.3251,1.5118,-0.803200,0.164700,-0.545100,-0.175100,True,False,True,Straight,1.000,2.21,1.000,True,,,False,,,False
1783432884565,2451,7.1977,-0.9736,0.8014,0.3046,0.1406,0.4301,0.391700,0.573100,-0.332300,0.638500,-1.5871,-2.4592,8.9197,-0.1701,0.3362,0.0940,0.409900,-0.120600,-0.065100,0.901800,-4.5175,1.4579,8.8704,0.4172,-6.6344,1.5226,-0.843100,0.135000,-0.480400,-0.200600,True,False,True,Straight,1.000,2.21,1.000,True,,,False,,,False
1783432884574,2452,6.8913,-0.7965,0.7084,0.4202,0.1524,0.3624,0.386400,0.572500,-0.330800,0.643100,-1.8760,-2.2412,9.1415,0.0130,0.2904,0.1240,0.408700,-0.124100,-0.063300,0.902000,-5.0346,0.0439,7.7100,0.8108,-6.9178,1.3724,-0.879300,0.100200,-0.409700,-0.221200,True,False,True,Straight,1.000,2.21,1.000,True,,,False,,,False
1783432884585,2453,6.6060,-0.2041,0.5228,0.4303,0.1147,0.2703,0.381600,0.572500,-0.328700,0.647000,-2.0214,-1.9397,9.3138,0.0317,0.2652,0.1112,0.407600,-0.127200,-0.061400,0.902200,-7.0001,0.7656,9.9560,1.3595,-6.8034,1.2617,-0.909000,0.059500,-0.338400,-0.235900,True,False,True,Straight,1.000,2.21,1.000,True,,,False,,,False
1783432884595,2454,6.7901,0.0472,0.1939,0.3616,0.0228,0.1647,0.377700,0.573400,-0.326800,0.649400,-2.0182,-1.9393,9.2180,0.0161,0.2437,0.1062,0.406500,-0.130100,-0.059900,0.902300,-9.8512,0.9189,12.5952,2.1227,-6.5902,1.4386,-0.930700,0.009600,-0.269200,-0.247400,True,False,True,Straight,1.000,2.21,1.000,True,,,False,,,False
1783432884606,2455,6.7369,0.1849,-0.3873,0.2620,-0.1332,0.0446,0.374900,0.575500,-0.325600,0.649800,-1.9340,-2.1927,9.0540,0.0905,0.2116,0.1426,0.405200,-0.132400,-0.057600,0.902800,-14.6425,3.1979,18.6996,2.7720,-5.7209,2.0031,-0.940900,-0.047200,-0.210300,-0.261300,True,False,True,Straight,1.000,2.21,1.000,True,,,False,,,False
1783432884616,2456,6.6853,-0.2407,-0.4231,0.0711,-0.2785,-0.0769,0.373900,0.578400,-0.325700,0.647700,-1.7993,-2.1756,9.1135,0.1904,0.2243,0.1878,0.403400,-0.134200,-0.054000,0.903500,-22.4272,2.3698,21.8409,2.3427,-5.7610,3.0688,-0.941100,-0.101500,-0.147300,-0.286900,True,False,True,Straight,1.000,2.21,1.000,True,,,False,,,False
1783432884626,2457,7.0107,-0.0388,-0.0542,-0.0856,-0.2545,-0.2206,0.375200,0.581000,-0.326000,0.644500,-1.9048,-2.1254,9.1156,0.2754,0.2705,0.2112,0.401600,-0.136200,-0.049200,0.904300,-27.3069,2.0840,15.2622,0.7300,-5.4189,3.1037,-0.936100,-0.135000,-0.081600,-0.314300,True,False,True,Straight,1.000,2.21,1.000,True,,,False,,,False
1783432884638,2458,9.8781,0.8792,0.6356,-0.2033,-0.2300,-0.3122,0.378200,0.583200,-0.326400,0.640500,-2.3495,-1.8172,9.5923,0.2657,0.3686,0.1659,0.400300,-0.139300,-0.044100,0.904600,-26.5424,-4.6667,-1.2624,-0.5516,-4.7019,2.1046,-0.931600,-0.149000,-0.020600,-0.330900,True,False,True,Straight,1.000,2.21,1.000,True,,,False,,,False
1783432884648,2459,12.4410,-0.3539,1.5107,-0.0805,-0.2429,-0.2272,0.379600,0.585700,-0.326500,0.637400,-1.5884,-1.6400,9.4713,0.1508,0.6196,0.1639,0.399000,-0.145800,-0.039000,0.904400,-27.2382,-12.4665,-11.7437,2.5665,-2.5230,0.5955,-0.924100,-0.189400,-0.000600,-0.332100,True,False,True,Straight,1.000,2.21,1.000,True,-11.75,,False,,,False
1783432884659,2460,12.1257,0.2797,0.0368,-0.0650,-0.2401,-0.0458,0.379400,0.587500,-0.327800,0.635100,-1.7668,-1.4704,9.7476,0.0601,1.0717,0.2173,0.397100,-0.157900,-0.032700,0.903500,-26.9911,0.1713,-9.3674,0.6772,0.2138,-0.2451,-0.923500,-0.196300,-0.006500,-0.329600,False,False,True,Straight,1.000,2.21,1.000,True,,,False,,,False
1783432884669,2461,11.0310,-0.3709,-2.3038,-0.0124,-0.2538,0.1564,0.377200,0.588900,-0.330200,0.634000,-1.2110,-1.8164,10.0705,-0.0603,1.7877,0.2884,0.394200,-0.178600,-0.023900,0.901200,-13.2488,2.0135,6.0823,-1.8503,2.0313,0.5628,-0.925000,-0.166500,-0.021000,-0.340900,False,False,True,Straight,1.000,2.21,1.000,True,,,False,,,False
1783432884679,2462,11.7379,-2.6067,-1.5405,0.3391,-0.4236,0.2092,0.371300,0.593000,-0.331000,0.633200,-1.6883,-1.3867,10.1684,-0.0410,2.8220,0.3424,0.390800,-0.210800,-0.009800,0.896000,5.0763,3.9551,13.0519,-1.5474,1.9650,1.1911,-0.922100,-0.140400,-0.034800,-0.358800,False,False,True,Straight,1.000,2.21,1.000,True,,,False,,,False
1783432884690,2463,12.7719,-1.4380,-0.6446,0.7599,-0.4946,0.2221,0.361800,0.599500,-0.328900,0.633700,0.2802,-3.2018,9.4572,-0.1014,4.4980,0.6625,0.382900,-0.261500,0.012800,0.885900,-2.7736,-10.2078,9.8833,-0.3748,3.7141,0.7852,-0.916700,-0.119600,-0.074600,-0.374000,False,False,True,Straight,0.900,2.21,1.000,True,,,False,,,False
1783432884700,2464,11.5374,0.0089,2.2414,0.8053,-0.3332,0.2027,0.352700,0.604900,-0.325500,0.635400,-0.2845,-3.4429,10.0748,0.3260,6.8934,1.3956,0.365900,-0.335100,0.053800,0.866600,-7.4306,-3.7548,16.3712,0.0310,3.8523,-1.1387,-0.917200,-0.100600,-0.120600,-0.366100,False,False,True,Straight,0.800,2.21,1.000,True,,,False,,,False
1783432884710,2465,12.2365,3.7587,5.6814,0.2328,0.1316,0.3590,0.348500,0.603500,-0.325800,0.638900,-4.8099,-1.8499,15.5206,0.1858,9.7346,2.1087,0.334500,-0.435500,0.108500,0.828700,-13.9190,9.8494,18.8473,-1.8367,2.4224,-0.4653,-0.917400,-0.067600,-0.140500,-0.366100,False,False,True,Straight,1.000,2.21,1.000,True,,,False,,,False
1783432884720,2466,12.3782,4.8074,3.4371,-0.4644,0.1817,0.5996,0.347900,0.597600,-0.333100,0.641000,-14.2137,-2.5560,21.1706,-0.9195,10.7155,2.5331,0.285500,-0.542500,0.156300,0.774400,-5.6941,-0.7092,12.6215,-0.8470,0.7375,-0.4428,-0.918800,-0.053600,-0.145600,-0.362900,False,False,True,Straight,1.000,2.21,1.000,True,,,False,,,False
1783432884731,2467,10.6373,-0.4865,3.2855,-0.3467,0.2598,0.6015,0.346700,0.591500,-0.339300,0.644100,-10.4308,-7.5836,20.4079,0.4342,9.0949,2.8836,0.240800,-0.619300,0.211100,0.716900,-4.0599,1.3545,10.9581,-0.3504,0.1285,-0.1009,-0.919300,-0.048700,-0.145700,-0.362300,False,False,True,Straight,1.000,2.21,1.000,True,,,False,,,False
1783432884741,2468,11.6510,-2.4917,3.2913,-0.0820,0.3864,0.4026,0.345700,0.586300,-0.341200,0.648300,-11.2399,-6.5877,31.6040,1.2553,5.6151,2.5045,0.212500,-0.657300,0.257800,0.675500,-2.5302,1.8287,9.7711,-0.0732,0.0188,-0.0093,-0.919400,-0.047600,-0.145800,-0.362100,False,False,True,Straight,1.000,2.21,1.000,True,,,False,,,False
1783432884751,2469,11.3493,-0.1383,2.5149,0.0414,0.3734,-0.0607,0.347500,0.583700,-0.338700,0.651000,-3.6177,-9.4808,31.3064,-0.6802,-2.8592,-0.0777,0.216600,-0.634700,0.243600,0.700700,-2.3203,1.8514,9.3502,0.0219,0.1334,-0.0264,-0.919300,-0.047100,-0.147600,-0.361700,False,False,True,Straight,1.000,2.21,1.000,True,,,False,,,False
1783432884762,2470,9.9182,2.7883,1.8144,-0.0129,0.2381,-0.4384,0.352100,0.583600,-0.334600,0.650800,4.4981,-5.2888,7.3474,-0.3148,-4.7062,-1.0779,0.237600,-0.596300,0.218900,0.734900,-2.4344,1.4863,9.4381,0.1169,0.2529,-0.0433,-0.919100,-0.047100,-0.151200,-0.360900,False,False,True,Straight,1.000,2.21,1.000,True,,,False,,,False
1783432884773,2471,8.2976,2.6399,1.4051,-0.3694,0.1683,-0.5643,0.360100,0.582900,-0.332700,0.648000,1.6357,-1.5189,5.7251,-0.1042,-4.4566,-1.0101,0.257900,-0.557300,0.196600,0.764400,-2.6447,1.7597,9.3413,0.1901,0.3083,-0.0358,-0.918600,-0.047700,-0.155700,-0.360100,False,True,True,Straight,1.000,2.21,1.000,True,,,False,,,False
1783432884783,2472,7.2905,0.8315,0.9749,-0.5287,0.1736,-0.5800,0.369300,0.581500,-0.331900,0.644400,-3.8444,-1.8037,10.6302,-0.4677,-5.5009,-0.9326,0.276600,-0.507000,0.167200,0.799100,-2.6463,2.2426,9.0595,0.1358,0.2943,-0.0533,-0.918200,-0.047700,-0.159900,-0.359200,False,True,True,Straight,1.000,2.21,1.000,True,,,False,,,False
1783432884793,2473,6.9573,0.0260,0.8968,-0.5026,0.1881,-0.5492,0.378200,0.580000,-0.331100,0.641100,-5.9188,-3.1071,11.0485,-0.3929,-7.1447,-1.0830,0.298800,-0.437000,0.130800,0.838200,-2.7590,2.0552,8.9934,-0.0012,0.2252,-0.0992,-0.918300,-0.046400,-0.162700,-0.358100,False,True,True,Straight,1.000,2.21,1.000,True,,,False,,,False
1783432884803,2474,6.6644,-0.2078,0.6313,-0.4728,0.2412,-0.4906,0.386500,0.577800,-0.330100,0.638600,-5.9247,-2.1109,9.3493,-0.2339,-7.8889,-1.1633,0.321200,-0.354800,0.091700,0.873200,-2.7404,1.9475,9.0953,-0.0850,0.1697,-0.1215,-0.918600,-0.044300,-0.164400,-0.356700,False,True,True,Straight,1.000,2.21,1.000,True,,,False,,,False
1783432884814,2475,7.0430,-0.1979,0.4661,-0.4426,0.2239,-0.3751,0.393600,0.575400,-0.329800,0.636500,-6.2945,-1.3028,10.2503,-0.4849,-7.6610,-1.0018,0.337400,-0.272400,0.050600,0.899700,-2.7029,1.7471,9.0973,-0.1208,0.1678,-0.1205,-0.918900,-0.041800,-0.166000,-0.355500,False,True,True,Straight,1.000,2.21,1.000,True,,,False,,,False
1783432884825,2476,7.6831,-0.1867,-0.0366,-0.3538,0.1075,-0.2077,0.398300,0.573700,-0.330600,0.634800,-9.3273,-2.0913,16.3079,-1.4812,-7.0849,-0.8097,0.344600,-0.198200,0.000800,0.917600,-2.8280,1.9156,9.1127,-0.1446,0.1941,-0.1387,-0.919200,-0.038800,-0.167800,-0.354100,False,True,True,Straight,1.000,2.21,1.000,True,,,False,,,False
1783432884835,2477,7.9841,0.1034,-0.7034,-0.3015,-0.1092,-0.0112,0.400100,0.573100,-0.333400,0.632700,-16.7514,-6.5963,23.2222,-2.4828,-6.6268,-1.4985,0.354500,-0.131900,-0.060200,0.923800,-2.6205,1.8842,9.0344,-0.1780,0.2357,-0.1910,-0.919700,-0.035200,-0.170000,-0.352200,False,True,True,Straight,1.000,2.21,1.000,True,,,False,,,False
1783432884846,2478,7.8694,0.2701,-0.7026,-0.2034,-0.4492,0.1422,0.398500,0.575000,-0.338300,0.629300,-27.2916,-5.9500,22.6426,-2.0618,-6.6294,-3.1696,0.381100,-0.061400,-0.118500,0.914800,-2.8655,1.7808,9.1976,-0.1940,0.3494,-0.2531,-0.920200,-0.030800,-0.173400,-0.349700,False,True,True,Straight,1.000,2.21,1.000,True,,,False,,,False
1783432884856,2479,8.4534,0.8775,-0.4751,-0.1879,-0.6320,0.3098,0.394800,0.577700,-0.345100,0.625500,-29.5975,-2.8985,8.4112,0.5326,-5.7608,-3.8747,0.415900,0.013100,-0.142600,0.898100,-3.1716,1.7074,9.3264,-0.1581,0.4073,-0.2456,-0.920400,-0.026600,-0.177600,-0.347200,False,True,True,Straight,1.000,2.21,1.000,True,,,False,,,False
1783432884867,2480,11.1947,0.7997,0.5708,-0.2298,-0.3135,0.3664,0.392200,0.577500,-0.351100,0.624100,-28.6764,12.0012,-2.6305,1.2849,-3.9435,-1.9784,0.430200,0.067600,-0.148400,0.887900,-2.8644,1.6227,9.3863,-0.1239,0.5654,-0.2901,-0.920500,-0.021900,-0.183700,-0.344100,False,True,True,Straight,1.000,2.21,1.000,True,,,False,5.76,,False
1783432884878,2481,12.0220,0.9096,0.5709,-0.1033,-0.1074,0.2883,0.390200,0.576500,-0.354500,0.624200,-30.4913,12.8892,-9.6279,-2.1003,-1.8398,1.2504,0.414400,0.074300,-0.182600,0.888500,-2.2438,1.0454,9.5591,0.0152,0.9446,-0.2639,-0.919400,-0.017300,-0.194800,-0.341100,False,True,True,Straight,1.000,2.21,1.000,True,,,False,,,False
1783432884889,2482,11.0190,-0.4542,-1.5843,-0.0857,-0.0078,0.1087,0.390000,0.575700,-0.356000,0.624300,-20.0249,-8.0340,-4.5255,-0.0327,0.7164,1.4376,0.400000,0.062900,-0.180700,0.896300,-2.4241,0.9818,9.8702,0.2184,1.6631,-0.2089,-0.916100,-0.012100,-0.215000,-0.338300,False,False,True,Straight,1.000,1.30,1.000,True,,,False,,,False
1783432884899,2483,10.9739,1.4764,-1.6018,-0.0432,0.1667,0.0478,0.390700,0.574000,-0.355800,0.625500,4.3401,-3.0342,14.9561,1.4335,2.3901,-0.3685,0.408200,0.043900,-0.152300,0.899000,-3.0294,1.2548,9.8030,0.3465,2.4949,-0.2638,-0.910000,-0.004700,-0.245100,-0.334400,False,False,True,Straight,1.000,1.30,1.000,True,,,False,,,False
1783432884909,2484,11.5082,1.8416,-0.5515,-0.0256,-0.0267,0.0051,0.390700,0.574100,-0.356200,0.625200,-0.7946,-0.3301,6.8889,-0.8857,3.6605,-0.4715,0.420500,-0.001000,-0.143200,0.895900,-2.2578,3.0419,9.6088,0.3514,3.7597,-0.4076,-0.899200,0.008400,-0.289100,-0.328300,False,False,True,Straight,1.000,1.30,1.000,True,,,False,,,False
1783432884919,2485,11.7171,0.7711,1.6754,0.0103,-0.5210,-0.1062,0.389200,0.578700,-0.357900,0.621000,-1.6385,7.2610,13.2509,-0.7458,4.3853,0.3021,0.424200,-0.054700,-0.128400,0.894700,-1.9825,4.0053,9.9733,-0.0451,5.4111,-0.9943,-0.881600,0.034700,-0.349000,-0.315800,False,False,True,Straight,1.000,1.30,1.000,True,,,False,,,False
1783432884930,2486,11.2469,-1.2385,3.8205,0.0604,-0.5268,-0.1882,0.387800,0.583900,-0.358600,0.616500,-15.3487,-15.5520,20.9101,0.4183,3.5674,0.8566,0.420100,-0.093800,-0.104100,0.896600,-4.9048,3.8466,10.8954,-0.4827,7.6886,-1.7835,-0.850700,0.078000,-0.429300,-0.293200,False,False,True,Straight,1.000,1.30,1.000,True,,,False,,,False
1783432884940,2487,11.3986,-2.9488,3.5687,0.4232,-0.1691,-0.3309,0.386600,0.588700,-0.353800,0.615500,-3.1749,4.2695,15.6671,1.5806,1.4348,0.3107,0.420200,-0.102200,-0.078500,0.898300,-10.7460,2.1216,16.9287,0.2654,9.5137,-2.6022,-0.803100,0.123400,-0.525400,-0.252600,False,False,True,Straight,1.000,1.30,1.000,True,,,False,,,False
1783432884950,2488,11.0790,-1.1085,3.4636,0.5146,0.3297,-0.4295,0.387500,0.590600,-0.345000,0.618100,-3.7445,-3.9981,11.3260,0.8861,0.4115,0.1813,0.419500,-0.102500,-0.066200,0.899500,-16.7633,5.9918,20.6929,1.0551,8.9750,-3.1229,-0.750000,0.160700,-0.610100,-0.198700,False,False,True,Straight,1.000,1.30,1.000,True,,,False,,,False
1783432884961,2489,11.0143,2.3416,3.7025,0.2538,0.5615,-0.4909,0.391800,0.589500,-0.336700,0.620900,-2.2756,-1.7157,10.9931,0.3947,0.1340,0.0722,0.419300,-0.102200,-0.061000,0.900000,-6.5812,7.7209,20.7822,-0.0021,6.9871,-3.6943,-0.702400,0.205400,-0.665000,-0.149000,False,False,True,Straight,1.000,1.30,1.000,True,,,False,,,False
1783432884971,2490,12.1821,1.9206,3.2691,-0.0976,0.5869,-0.3020,0.397400,0.585800,-0.332300,0.623300,-1.5432,-1.7889,9.8711,0.1597,0.1432,0.0414,0.419000,-0.103200,-0.058400,0.900200,-15.6937,8.6778,34.1489,0.7932,1.1782,-2.0050,-0.698100,0.217300,-0.671300,-0.121700,False,False,True,Straight,1.000,1.30,1.000,True,,,False,,,False
1783432884981,2491,11.9074,-0.2935,2.5027,-0.1466,0.3679,0.0817,0.399300,0.581800,-0.332200,0.625800,-1.2132,-1.8793,9.3342,0.0855,0.2023,0.0693,0.418400,-0.105300,-0.056400,0.900400,2.9575,10.2144,14.2157,1.0021,-4.0808,0.0074,-0.734200,0.202000,-0.636200,-0.124300,False,False,True,Straight,1.000,1.30,1.000,True,,,False,,,False
1783432884991,2492,10.0898,-1.6451,1.6887,0.0015,0.2004,0.3786,0.397200,0.578700,-0.333900,0.629100,-1.4845,-1.6867,9.4907,0.1956,0.2373,0.1088,0.417500,-0.107200,-0.052800,0.900800,3.8659,5.2910,6.6553,0.3391,-3.5747,0.8060,-0.761600,0.186700,-0.605000,-0.137900,False,False,True,Straight,1.000,1.30,1.000,True,,,False,,,False
1783432885001,2493,8.1298,-1.1537,1.0402,0.1670,0.1261,0.4369,0.393100,0.576700,-0.335100,0.632900,-1.6970,-1.8820,9.4114,0.2742,0.2136,0.1306,0.416500,-0.108400,-0.048500,0.901300,-1.5316,3.4994,9.7057,0.3712,-4.2904,1.2888,-0.791700,0.165600,-0.566700,-0.157300,True,False,True,Straight,1.000,1.30,1.000,True,,,False,,,False
1783432885011,2494,6.9436,-0.5079,0.8579,0.2183,0.1174,0.3994,0.388800,0.575200,-0.335700,0.636700,-1.6940,-2.0014,9.3001,0.2561,0.2234,0.1443,0.415300,-0.109900,-0.044200,0.902000,-3.7827,2.5660,10.0031,0.3533,-5.6816,1.5228,-0.827600,0.139700,-0.512500,-0.181300,True,False,True,Straight,1.000,1.30,1.000,True,,,False,,,False
1783432885021,2495,6.7596,-0.6242,0.7249,0.2561,0.1280,0.3402,0.384800,0.574000,-0.335400,0.640300,-1.7166,-1.9093,9.3076,0.2669,0.2026,0.1695,0.413800,-0.111000,-0.040000,0.902700,-4.9682,0.9071,9.1067,0.4257,-6.5873,1.4977,-0.864300,0.110200,-0.445900,-0.205000,True,False,True,Straight,1.000,1.30,1.000,True,,,False,,,False
1783432885031,2496,6.8084,-0.3350,0.6078,0.2752,0.0985,0.2891,0.380900,0.573300,-0.334800,0.643600,-1.9012,-1.3480,9.5059,0.2201,0.2043,0.1691,0.412200,-0.112500,-0.036200,0.903400,-6.5641,-0.0348,10.0396,0.9901,-6.9612,1.3850,-0.897500,0.073400,-0.373100,-0.223200,True,False,True,Straight,1.000,1.30,1.000,True,,,False,,,False
1783432885042,2497,6.9796,-0.0781,0.3888,0.2433,0.0117,0.1917,0.377600,0.573600,-0.334100,0.645600,-1.6553,-1.2706,9.3340,0.1500,0.2517,0.1521,0.410700,-0.114800,-0.033100,0.903900,-8.3523,0.6496,11.7413,1.6053,-7.0878,1.2871,-0.924700,0.029300,-0.297400,-0.235800,True,False,True,Straight,1.000,1.30,1.000,True,,,False,,,False
1783432885053,2498,7.0860,0.1494,-0.0727,0.1439,-0.0830,0.0600,0.375700,0.574700,-0.333700,0.645900,-1.6651,-1.4150,9.2654,0.1253,0.3295,0.1814,0.408900,-0.118100,-0.029700,0.904400,-10.1247,1.1317,13.1327,2.4180,-6.2049,1.4363,-0.941100,-0.022500,-0.232000,-0.244900,True,False,True,Straight,1.000,1.30,1.000,True,,,False,,,False
1783432885063,2499,7.1085,-0.3298,-0.5302,-0.0449,-0.2301,-0.0711,0.375600,0.576600,-0.334600,0.643800,-2.2489,-1.4838,9.4722,0.1220,0.3549,0.2089,0.406800,-0.121700,-0.026300,0.905000,-19.6150,3.3810,22.5653,2.8542,-5.4442,2.4673,-0.945400,-0.079900,-0.174900,-0.263300,True,False,True,Straight,1.000,1.30,1.000,True,,,False,,,False
1783432885074,2500,7.2055,-0.9495,-0.1820,-0.1110,-0.2386,-0.2158,0.377100,0.579000,-0.335000,0.640600,-2.0695,-1.4010,9.3856,0.1151,0.3602,0.2128,0.404600,-0.125500,-0.022900,0.905600,-25.7895,1.6840,18.5151,1.4909,-5.2421,3.2329,-0.941700,-0.121700,-0.113900,-0.292200,True,False,True,Straight,1.000,1.30,1.000,True,,,False,,,False
1783432885084,2501,9.0975,0.1063,0.3312,-0.0265,-0.1336,-0.3477,0.379500,0.581400,-0.333300,0.637900,-2.1326,-1.1362,9.6005,0.0562,0.4026,0.1621,0.402900,-0.130000,-0.020000,0.905800,-29.4323,2.2110,5.8709,-0.9631,-4.8680,2.7459,-0.937700,-0.131800,-0.048400,-0.317700,True,False,True,Straight,1.000,1.30,1.000,True,,,False,,,False
1783432885094,2502,12.2200,-0.1690,1.3510,0.1098,-0.1281,-0.2617,0.380200,0.584000,-0.331100,0.636200,-1.8843,-1.3381,9.6386,-0.0320,0.5957,0.1527,0.401200,-0.137100,-0.017100,0.905500,-27.5217,-11.4582,-7.3706,1.0708,-3.4034,1.8321,-0.929600,-0.158800,-0.009600,-0.332500,True,False,True,Straight,1.000,1.30,1.000,True,-10.90,,False,,,False
1783432885106,2503,11.9862,0.2083,0.5544,0.1308,-0.2066,-0.0417,0.378700,0.586500,-0.330700,0.635000,-1.0244,-1.1136,9.6748,-0.0512,1.0190,0.1674,0.399300,-0.149000,-0.012400,0.904500,-27.3415,-3.7140,-9.6977,1.6237,-1.5073,0.7476,-0.923100,-0.184000,0.002700,-0.337800,False,False,True,Straight,1.000,1.30,1.000,True,,,False,,,False
1783432885117,2504,10.5515,0.6177,-1.9010,-0.2435,-0.1525,0.1296,0.378800,0.586000,-0.334300,0.633500,-1.4572,-0.7644,10.0746,-0.1631,1.8668,0.1703,0.397200,-0.171100,-0.004600,0.901600,-18.2827,0.5595,-6.8065,-1.1973,1.5312,0.3988,-0.923900,-0.163600,-0.009100,-0.345700,False,False,True,Straight,1.000,1.30,1.000,True,,,False,,,False
1783432885127,2505,10.9584,-1.8905,-1.6880,-0.1057,-0.2333,0.1175,0.377600,0.586900,-0.337000,0.631900,-1.9650,-0.8904,10.1064,-0.2296,2.8556,0.2237,0.394000,-0.204500,0.007400,0.896000,0.4524,2.9702,17.3421,-1.6309,2.3738,0.9178,-0.922400,-0.134500,-0.027700,-0.361000,False,False,True,Straight,1.000,1.30,1.000,True,,,False,,,False
1783432885137,2506,13.0439,-1.6090,-0.3723,0.4723,-0.4548,0.0292,0.372000,0.592600,-0.335600,0.630700,-0.1965,-2.9765,9.4049,-0.1504,4.3755,0.5134,0.386800,-0.254000,0.028500,0.886100,-0.1848,-7.9103,8.3570,0.0960,3.3126,0.8979,-0.916200,-0.120800,-0.064900,-0.376400,False,False,True,Straight,1.000,1.30,1.000,True,,,False,,,False
1783432885148,2507,13.0334,-0.0518,2.0594,0.5012,-0.4163,0.0950,0.365700,0.597800,-0.334300,0.630200,-0.6559,-4.0845,9.4143,0.3408,6.3762,1.2716,0.370200,-0.321700,0.066900,0.868900,-7.8844,-8.9904,16.1582,0.4903,3.7050,-0.7421,-0.915000,-0.108200,-0.110700,-0.372600,False,False,True,Straight,1.000,1.30,1.000,True,,,False,,,False
1783432885159,2508,11.1818,1.8063,4.0429,0.2648,-0.1377,0.2432,0.361200,0.599100,-0.334600,0.631400,-3.7800,-2.2795,13.2395,0.7390,9.0279,2.2549,0.338600,-0.412200,0.125100,0.836600,-10.7089,19.7049,15.2540,-0.9093,2.7767,-0.6932,-0.915100,-0.083700,-0.139200,-0.369200,False,False,True,Straight,1.000,1.30,1.000,True,,,False,,,False
1783432885169,2509,11.3060,2.8952,3.3510,-0.2879,0.1195,0.4146,0.360500,0.595200,-0.339400,0.633000,-13.2807,-1.0709,22.0898,-0.6072,10.7229,2.6512,0.287800,-0.518500,0.176300,0.785600,-7.2741,-5.8289,15.4657,-1.2890,1.3615,-0.5439,-0.916300,-0.061700,-0.149500,-0.366400,False,False,True,Straight,1.000,1.30,1.000,True,,,False,,,False
1783432885179,2510,11.0532,0.4920,3.1870,-0.2040,0.3183,0.5069,0.359300,0.589600,-0.343300,0.636800,-12.6104,-4.9534,20.7842,-0.2736,9.3387,2.7223,0.236600,-0.601200,0.223300,0.729900,-4.8289,1.6496,11.8044,-0.6210,0.3114,-0.2212,-0.917200,-0.052600,-0.150500,-0.365000,False,False,True,Straight,1.000,1.30,1.000,True,,,False,,,False
1783432885189,2511,11.3691,-1.1230,3.3182,0.0594,0.4154,0.4780,0.356800,0.584500,-0.344400,0.642200,-8.0777,-6.8696,24.6445,0.8861,6.0856,2.7435,0.200400,-0.644300,0.269100,0.687300,-2.8764,2.3965,9.9633,-0.1517,-0.0018,-0.0449,-0.917600,-0.050700,-0.150000,-0.364600,False,False,True,Straight,1.000,1.30,1.000,True,,,False,,,False
1783432885209,2513,10.3611,1.6103,1.7749,0.1577,0.2430,-0.2768,0.358100,0.581400,-0.338600,0.647400,-0.2324,-8.1365,24.0329,-0.4336,-3.4251,-0.3679,0.221900,-0.587600,0.237300,0.741100,-2.3040,1.7779,9.2915,-0.0420,0.1931,-0.0612,-0.917700,-0.047900,-0.153100,-0.363400,False,False,True,Straight,1.000,1.30,1.000,True,,,False,,,False
1783432885219,2514,8.7387,2.2975,1.1819,-0.0194,0.1777,-0.5314,0.363300,0.582100,-0.334000,0.646200,1.8657,-1.3904,6.7467,-0.2730,-4.5881,-1.2071,0.244500,-0.548100,0.212400,0.771200,-2.6212,1.8783,9.3080,-0.0109,0.2741,-0.0593,-0.917500,-0.046300,-0.156400,-0.362800,False,False,True,Straight,1.000,1.30,1.000,True,,,False,,,False
1783432885229,2515,7.7260,1.4299,0.8911,-0.1985,0.1447,-0.5513,0.369800,0.582300,-0.330900,0.643900,-3.3982,-1.3327,10.6252,-0.7090,-5.5997,-1.1752,0.265300,-0.497800,0.179700,0.805900,-2.7373,1.8262,9.2198,0.0463,0.2526,-0.0325,-0.917200,-0.045500,-0.159600,-0.362300,False,False,True,Straight,1.000,1.30,1.000,True,,,False,,,False
1783432885240,2516,7.1188,0.7279,0.9540,-0.2709,0.1546,-0.4415,0.375900,0.581700,-0.329100,0.641900,-5.0503,-2.0718,10.2756,-0.6878,-7.0364,-1.2631,0.288600,-0.429900,0.140600,0.843900,-2.6005,1.9464,9.0609,0.0715,0.2351,-0.0358,-0.916900,-0.045000,-0.162800,-0.361600,False,True,True,Straight,1.000,1.30,1.000,True,,,False,,,False
1783432885250,2517,6.7244,0.1291,0.7518,-0.3106,0.1952,-0.3647,0.381900,0.580100,-0.328000,0.640300,-5.2140,-1.3867,8.8355,-0.5992,-7.4601,-1.2984,0.310900,-0.353500,0.099600,0.876600,-2.5307,1.9198,8.9409,0.0463,0.2301,-0.0598,-0.916700,-0.044300,-0.165800,-0.360800,False,True,True,Straight,1.000,1.30,1.000,True,,,False,,,False
1783432885260,2518,6.7433,0.0248,0.4889,-0.3028,0.2134,-0.2857,0.387300,0.578100,-0.327300,0.639300,-6.5306,-1.2017,11.4836,-0.8821,-7.3352,-1.2216,0.328300,-0.276400,0.055300,0.901600,-2.7345,1.7169,9.1202,0.0366,0.2215,-0.0662,-0.916600,-0.043500,-0.168600,-0.359900,False,True,True,Straight,1.000,1.30,1.000,True,,,False,,,False
1783432885271,2519,7.3242,-0.0017,0.0962,-0.2751,0.1031,-0.1432,0.390800,0.576600,-0.328000,0.638200,-8.7266,-1.7937,15.6345,-1.4950,-7.0452,-0.9996,0.338000,-0.202500,0.005600,0.919100,-2.7958,1.8610,9.1212,0.0600,0.2099,-0.0647,-0.916500,-0.043000,-0.171500,-0.359000,False,True,True,Straight,1.000,1.30,1.000,True,,,False,,,False
1783432885281,2520,7.5809,0.0958,-0.6649,-0.2582,-0.0785,0.0182,0.392200,0.575900,-0.330500,0.636700,-14.7211,-5.4520,21.6360,-2.4311,-6.3485,-1.3668,0.346800,-0.138900,-0.052800,0.926100,-2.6849,2.0512,9.0439,0.0159,0.2457,-0.1136,-0.916500,-0.041700,-0.174500,-0.357600,False,True,True,Straight,1.000,1.30,1.000,True,,,False,,,False
1783432885291,2521,7.7648,0.2205,-0.6650,-0.1693,-0.3759,0.1584,0.390600,0.577400,-0.334800,0.634000,-25.0821,-5.7235,23.0111,-2.4468,-6.1943,-2.8789,0.370500,-0.075200,-0.113000,0.918900,-2.5930,2.0185,9.0298,-0.0939,0.3056,-0.2048,-0.916800,-0.038700,-0.177800,-0.355400,False,True,True,Straight,1.000,1.30,1.000,True,,,False,,,False
1783432885301,2522,8.1549,0.8495,-0.5641,-0.0361,-0.5966,0.2780,0.386200,0.580700,-0.340000,0.630900,-28.6033,-1.3849,12.0254,-0.1973,-5.5878,-3.6103,0.402700,-0.006400,-0.144400,0.903900,-3.1380,2.1546,9.2143,-0.2169,0.3992,-0.2781,-0.917300,-0.033700,-0.181700,-0.352700,False,True,True,Straight,1.000,1.30,1.000,True,,,False,,,False
1783432885312,2523,11.0038,0.6592,0.7777,-0.1455,-0.3984,0.3719,0.382600,0.581600,-0.345700,0.629200,-28.8755,7.2058,-0.8102,1.3237,-4.3444,-2.2211,0.419300,0.053400,-0.151400,0.893500,-2.9084,1.7928,9.4445,-0.1865,0.5157,-0.2645,-0.917400,-0.028600,-0.187000,-0.350200,False,True,True,Straight,1.000,1.30,1.000,True,,,False,,,False
1783432885322,2524,12.5027,0.8590,0.4045,-0.0842,-0.1064,0.2951,0.380400,0.580800,-0.349000,0.629400,-29.5756,15.9396,-9.1045,-0.8553,-2.5157,1.1861,0.401600,0.074700,-0.175000,0.895800,-2.7466,1.2937,9.4371,-0.0560,0.8332,-0.3005,-0.916800,-0.023500,-0.196500,-0.346900,False,True,True,Straight,1.000,1.30,1.000,True,,,False,,,False
1783432885333,2525,11.3687,-0.0028,-1.3912,-0.0085,-0.0453,0.0912,0.379600,0.580700,-0.350000,0.629500,-27.4531,-4.5805,-8.0761,-1.1715,0.5736,1.7640,0.384000,0.058500,-0.186900,0.902300,-2.0878,1.0707,9.8754,0.1655,1.4588,-0.2454,-0.914100,-0.018400,-0.214000,-0.343900,False,False,True,Straight,1.000,2.29,1.000,True,,,False,,,False
1783432885343,2526,10.5179,1.0837,-1.9438,0.0273,0.1172,-0.0014,0.379900,0.579900,-0.349200,0.630400,-0.1485,-12.2486,14.9631,2.4573,2.4371,-0.3975,0.392100,0.043500,-0.147100,0.907100,-3.1319,1.5348,9.8226,0.2855,2.2840,-0.3071,-0.908900,-0.010900,-0.241400,-0.339800,False,False,True,Straight,1.000,2.29,1.000,True,,,False,,,False
1783432885354,2527,11.3961,2.4641,-0.8098,-0.0188,-0.0070,-0.0586,0.380500,0.580100,-0.348900,0.630000,7.3125,3.0793,5.6643,-0.7124,2.6452,-1.4897,0.413900,0.012600,-0.141400,0.899200,-2.7968,2.3722,9.5959,0.3566,3.3462,-0.3703,-0.899600,0.000500,-0.280900,-0.334500,False,False,True,Straight,1.000,2.29,1.000,True,,,False,,,False
1783432885364,2528,11.6479,1.1295,0.6552,-0.0064,-0.3130,-0.1770,0.380600,0.583300,-0.349200,0.626800,-2.9563,11.0814,13.2179,-0.6835,4.2756,-0.2930,0.424300,-0.038600,-0.126800,0.895800,-1.6094,4.0236,10.1299,0.1467,4.9944,-0.8155,-0.883700,0.022600,-0.337100,-0.324000,False,False,True,Straight,1.000,2.29,1.000,True,,,False,,,False
1783432885374,2529,10.4861,-0.1352,2.8979,-0.0445,-0.4798,-0.2161,0.380500,0.587800,-0.350300,0.622100,-7.8257,-6.2795,16.7007,-0.3475,3.8116,1.2131,0.416000,-0.085100,-0.109800,0.898700,-3.0107,4.0424,9.8167,-0.2975,7.1709,-1.4303,-0.855500,0.060900,-0.413200,-0.305900,False,False,True,Straight,1.000,2.29,1.000,True,,,False,,,False
1783432885384,2530,10.9637,-2.5574,4.3045,0.2744,-0.3136,-0.3453,0.379900,0.593100,-0.347100,0.619300,-9.7172,-6.3304,18.5298,1.9094,2.0641,0.3839,0.416200,-0.099000,-0.077200,0.900600,-9.2659,2.2211,16.0413,-0.1919,9.4662,-2.2303,-0.808800,0.110200,-0.508800,-0.273500,False,False,True,Straight,1.000,2.29,1.000,True,,,False,,,False
1783432885395,2531,11.1065,-2.3859,3.7482,0.5086,0.2209,-0.4747,0.380700,0.595800,-0.338600,0.620800,-4.5065,-1.4548,13.1295,1.0851,0.6325,0.3317,0.414300,-0.100900,-0.061300,0.902400,-16.6597,5.2100,20.6170,0.9122,9.2210,-2.7892,-0.755200,0.149400,-0.597400,-0.224800,False,False,True,Straight,1.000,2.29,1.000,True,,,False,,,False
1783432885405,2532,10.9554,1.6165,3.6379,0.2196,0.5693,-0.5180,0.385500,0.594600,-0.330300,0.623500,-2.7440,-0.6774,11.8087,0.6034,0.1771,0.0988,0.414000,-0.100100,-0.053500,0.903200,-10.0847,7.9948,20.9374,-0.5002,7.7225,-3.4368,-0.702200,0.200500,-0.658900,-0.180300,False,False,True,Straight,1.000,2.29,1.000,True,,,False,,,False
1783432885415,2533,12.5088,2.6173,3.2155,-0.1119,0.5889,-0.3978,0.391900,0.591100,-0.325300,0.625500,-1.3864,-1.7602,9.7781,0.2467,0.1041,0.0387,0.413900,-0.100200,-0.050200,0.903400,-13.4250,5.5479,32.6517,0.1242,3.0140,-2.5567,-0.682700,0.227100,-0.678400,-0.149100,False,False,True,Straight,1.000,2.29,1.000,True,,,False,,,False
1783432885425,2534,12.6396,0.3878,2.6784,-0.2154,0.3411,-0.0395,0.395200,0.587500,-0.325000,0.626900,-1.4008,-1.7705,9.6702,0.1581,0.1608,0.0767,0.413200,-0.101400,-0.047500,0.903700,0.4504,9.3687,19.4260,1.3534,-3.6750,-0.7591,-0.718400,0.214800,-0.646400,-0.141300,False,False,True,Straight,1.000,2.29,1.000,True,,,False,,,False
1783432885435,2535,10.8783,-1.6702,1.7911,-0.1105,0.1727,0.3109,0.394300,0.584400,-0.327300,0.629200,-1.3313,-1.6192,9.4454,0.2202,0.2057,0.1209,0.412200,-0.102800,-0.043800,0.904200,4.3823,6.6899,7.5962,0.6813,-3.7820,0.1249,-0.749900,0.200700,-0.613000,-0.147000,False,False,True,Straight,1.000,2.29,1.000,True,,,False,,,False
1783432885446,2536,8.9040,-1.7443,1.0526,0.0862,0.0981,0.4730,0.390300,0.582100,-0.329600,0.632600,-1.6024,-1.5103,9.4991,0.2553,0.2113,0.1346,0.411000,-0.104100,-0.039700,0.904800,-0.7824,4.5427,9.3758,0.4806,-4.4066,0.8653,-0.782200,0.181100,-0.573600,-0.162300,False,False,True,Straight,1.000,2.29,1.000,True,,,False,,,False
1783432885456,2537,7.5341,-0.3601,0.9575,0.1926,0.0809,0.4596,0.385600,0.580500,-0.331000,0.636300,-1.6203,-1.6731,9.3417,0.2414,0.2440,0.1310,0.409900,-0.105900,-0.035600,0.905300,-3.3622,2.8572,9.7502,0.5124,-5.7178,1.3692,-0.819600,0.154100,-0.520000,-0.184500,True,False,True,Straight,1.000,2.29,1.000,True,,,False,,,False
1783432885466,2538,7.0022,-0.2528,0.7315,0.1940,0.1190,0.3812,0.381600,0.578900,-0.331600,0.639800,-1.8374,-1.7631,9.3967,0.2394,0.2457,0.1676,0.408400,-0.107700,-0.031400,0.905900,-4.9589,1.1694,9.3508,0.6012,-6.6605,1.5416,-0.857600,0.121900,-0.454000,-0.208600,True,False,True,Straight,1.000,2.29,1.000,True,,,False,,,False
1783432885476,2539,6.8872,-0.1179,0.6779,0.1920,0.1233,0.2944,0.378400,0.577600,-0.331500,0.642900,-1.8474,-1.3383,9.4962,0.2224,0.2223,0.1666,0.406800,-0.109300,-0.027600,0.906500,-6.1532,0.0849,9.9881,0.9467,-7.0890,1.5309,-0.891800,0.084000,-0.380700,-0.229600,True,False,True,Straight,1.000,2.29,1.000,True,,,False,,,False
1783432885486,2540,6.8477,-0.2554,0.4674,0.1227,0.0819,0.1892,0.376300,0.576800,-0.331500,0.644900,-1.7970,-0.9013,9.4740,0.1141,0.2452,0.1395,0.405400,-0.111700,-0.024900,0.907000,-7.8182,0.3221,11.5578,1.4087,-7.1851,1.3319,-0.919800,0.040900,-0.304200,-0.244300,True,False,True,Straight,1.000,2.29,1.000,True,,,False,,,False
1783432885496,2541,7.0521,-0.3369,-0.0257,0.1556,-0.0662,0.0720,0.374300,0.577700,-0.331000,0.645400,-1.7809,-1.1002,9.4367,0.0601,0.3134,0.1331,0.404000,-0.115200,-0.022500,0.907200,-10.1285,1.8397,12.5770,2.1602,-6.3944,1.3864,-0.937700,-0.008900,-0.236600,-0.254400,True,False,True,Straight,1.000,2.29,1.000,True,,,False,,,False
1783432885507,2542,7.0246,-0.2465,-0.6449,0.0771,-0.2670,-0.0238,0.372800,0.580400,-0.331500,0.643700,-1.9117,-1.4458,9.3166,0.0498,0.3467,0.1732,0.402100,-0.119100,-0.019900,0.907600,-18.5751,4.6052,21.7244,2.6498,-5.4138,2.6509,-0.941800,-0.065100,-0.180200,-0.276200,True,False,True,Straight,1.000,2.29,1.000,True,,,False,,,False
1783432885517,2543,6.6402,-0.7914,-0.3583,0.0065,-0.3904,-0.1363,0.372200,0.584100,-0.332200,0.640300,-1.8230,-1.4104,9.3006,0.0795,0.3969,0.2279,0.399700,-0.123400,-0.016700,0.908200,-24.4643,2.3011,18.2020,1.3956,-5.2031,3.6581,-0.936700,-0.107600,-0.119900,-0.310900,True,False,True,Straight,1.000,2.29,1.000,True,,,False,,,False
1783432885527,2544,7.7454,-0.4774,0.0120,-0.0595,-0.2944,-0.2854,0.373600,0.587400,-0.331900,0.636600,-2.2315,-1.1595,9.5141,0.0515,0.4768,0.2394,0.397100,-0.128700,-0.013500,0.908600,-28.8131,2.0055,8.4355,-0.8746,-4.6182,3.1530,-0.930200,-0.119900,-0.057700,-0.342100,True,False,True,Straight,1.000,2.29,1.000,True,,,False,,,False
1783432885537,2545,11.4842,-0.1763,1.0275,0.1394,-0.1928,-0.2667,0.373900,0.590700,-0.329700,0.634500,-1.9702,-0.9876,9.6568,0.0104,0.6327,0.1892,0.395000,-0.136100,-0.009900,0.908500,-27.2100,-11.8047,-5.3411,0.2140,-3.6148,1.6655,-0.924200,-0.138900,-0.013900,-0.355500,True,False,True,Straight,1.000,2.29,1.000,True,,,False,,,False
1783432885548,2546,12.6618,-0.6650,0.8885,0.2713,-0.1743,-0.0987,0.371900,0.593800,-0.327600,0.633900,-1.4014,-0.8031,9.7198,-0.0390,0.9349,0.1536,0.393200,-0.147000,-0.005600,0.907600,-26.9784,-4.3856,-8.9326,1.9648,-2.0731,0.2252,-0.919600,-0.170800,0.001800,-0.353800,True,False,True,Straight,1.000,2.29,1.000,True,-10.93,,False,,,False
1783432885557,2547,11.3761,0.5442,-1.3339,0.0339,-0.1365,0.0908,0.370300,0.594700,-0.328600,0.633400,-1.5760,-0.9948,9.9537,-0.1087,1.6121,0.1637,0.391100,-0.166000,0.001400,0.905300,-23.3058,0.9184,-5.9927,-0.4667,0.4224,-0.0803,-0.921000,-0.163500,-0.001200,-0.353700,False,False,True,Straight,1.000,2.29,1.000,True,,,False,,,False
1783432885568,2548,10.5352,-1.0656,-2.2635,0.0555,-0.2192,0.1680,0.367700,0.596000,-0.330400,0.632800,-2.0617,-0.8579,10.0938,-0.0995,2.4720,0.2623,0.387600,-0.194500,0.012800,0.901000,-2.5416,5.0130,11.3847,-1.6274,1.9706,0.4891,-0.921600,-0.136000,-0.015800,-0.363100,False,False,True,Straight,1.000,2.29,1.000,True,,,False,,,False
1783432885579,2549,12.0331,-1.5584,-1.1661,0.4083,-0.4174,0.1215,0.361900,0.600700,-0.329900,0.632000,-0.6592,-1.9963,9.5595,-0.0330,3.7519,0.4829,0.381000,-0.236700,0.031700,0.893200,5.4918,-3.4015,7.2736,-0.1232,2.5696,0.9890,-0.916300,-0.123000,-0.043300,-0.378600,False,False,True,Straight,1.000,2.29,1.000,True,,,False,,,False
1783432885589,2550,12.8975,-0.4948,0.5614,0.5088,-0.5021,0.1755,0.354500,0.606200,-0.329400,0.631100,-0.5510,-3.7385,9.3694,0.3331,5.6626,1.0820,0.366500,-0.297400,0.065400,0.879200,-5.5783,-10.7849,12.6354,0.2825,4.1641,-0.1583,-0.913200,-0.106200,-0.092500,-0.382400,False,False,True,Straight,1.000,2.29,1.000,True,,,False,,,False
1783432885600,2551,10.9806,0.7183,3.2789,0.4040,-0.1980,0.1597,0.349300,0.608900,-0.328300,0.632000,-2.9181,-2.7038,11.5721,1.0059,8.0555,2.0787,0.338800,-0.377900,0.120600,0.853100,-14.7882,16.3733,19.7920,-0.1771,3.4563,-1.0633,-0.913600,-0.086300,-0.132500,-0.374500,False,False,True,Straight,1.000,2.29,1.000,True,,,False,,,False
1783432885609,2552,11.9543,3.6239,5.0356,-0.0934,0.1442,0.4509,0.347000,0.605600,-0.331800,0.634700,-9.4648,-1.2373,20.4439,0.2214,10.4913,2.6628,0.292600,-0.481100,0.178600,0.806800,-6.9870,-5.1865,16.1501,-1.5044,1.7694,-0.3568,-0.913600,-0.060100,-0.146100,-0.374600,False,False,True,Straight,1.000,2.29,1.000,True,,,False,,,False
1783432885630,2554,11.1373,-1.4056,3.0958,-0.1977,0.2737,0.7010,0.342200,0.592900,-0.345400,0.641900,-10.1734,-4.8005,20.9395,0.8410,8.0489,2.4593,0.211100,-0.614600,0.279000,0.707000,-3.5870,2.2489,10.5227,-0.1770,0.0682,-0.0337,-0.914300,-0.048900,-0.150000,-0.373000,False,False,True,Straight,1.000,2.29,1.000,True,,,False,,,False
1783432885640,2555,12.0226,-1.6178,2.6633,-0.0060,0.2949,0.3136,0.340900,0.589200,-0.346500,0.645400,-12.0704,-4.4534,39.1249,0.8698,1.3292,1.3807,0.200900,-0.619000,0.300500,0.697300,-2.6415,2.1114,9.6548,-0.0018,0.0491,-0.0054,-0.914300,-0.048600,-0.150700,-0.372800,False,False,True,Straight,1.000,2.29,1.000,True,,,False,,,False
1783432885651,2556,10.8093,1.2565,1.8930,0.0698,0.2646,-0.2259,0.343400,0.588300,-0.343100,0.646700,2.2805,-8.3676,14.2416,-1.4802,-3.8088,-0.6970,0.209600,-0.591200,0.272100,0.729800,-2.3534,1.8149,9.4074,0.0736,0.1237,-0.0226,-0.914200,-0.048700,-0.152600,-0.372300,False,False,True,Straight,1.000,2.29,1.000,True,,,False,,,False
1783432885662,2557,9.5374,2.7999,1.2783,-0.0886,0.1810,-0.5228,0.349000,0.588700,-0.339100,0.645400,2.1728,-5.3944,6.1271,-0.8215,-4.1950,-1.6005,0.232100,-0.559400,0.241100,0.758300,-2.2933,1.9383,9.2167,0.0828,0.2253,-0.0429,-0.913900,-0.048400,-0.155700,-0.371600,False,False,True,Straight,1.000,2.29,1.000,True,,,False,,,False
1783432885672,2558,8.1747,2.1334,0.9522,-0.3491,0.1426,-0.5659,0.356700,0.588500,-0.337100,0.642500,-1.5970,-2.3468,8.8970,-0.0196,-5.0321,-1.7708,0.263500,-0.515700,0.213200,0.786900,-2.7209,1.8995,9.2772,0.0999,0.2461,-0.0351,-0.913600,-0.048200,-0.159100,-0.371000,False,True,True,Straight,1.000,2.29,1.000,True,,,False,,,False
1783432885683,2559,7.3611,0.6513,0.9423,-0.4525,0.1488,-0.4833,0.364500,0.587300,-0.336500,0.639500,-4.1617,0.3095,10.9172,-0.2166,-6.5675,-1.5386,0.293900,-0.453900,0.178500,0.822000,-2.4984,2.0136,9.0448,0.0916,0.2067,-0.0352,-0.913400,-0.048100,-0.162100,-0.370400,False,True,True,Straight,1.000,2.29,1.000,True,,,False,,,False
1783432885694,2560,6.7940,-0.0067,0.7948,-0.4608,0.1964,-0.4276,0.372200,0.585400,-0.336100,0.637100,-4.5136,0.5160,9.2252,-0.6766,-7.5281,-1.1182,0.317100,-0.379300,0.136500,0.858400,-2.5818,2.0266,9.0048,0.0203,0.1734,-0.0576,-0.913300,-0.047400,-0.164300,-0.369600,False,True,True,Straight,1.000,2.29,1.000,True,,,False,,,False
1783432885704,2561,6.5275,-0.0824,0.5017,-0.4588,0.2698,-0.3615,0.379500,0.582600,-0.335900,0.635400,-4.7776,0.1110,8.6346,-0.9211,-7.6423,-0.7952,0.332900,-0.300400,0.091700,0.889100,-2.6140,1.8568,9.0347,0.0017,0.1390,-0.0721,-0.913400,-0.046500,-0.166000,-0.368700,False,True,True,Straight,1.000,2.29,1.000,True,,,False,,,False
1783432885715,2562,6.9539,-0.2023,0.1287,-0.4153,0.2337,-0.2421,0.385500,0.579800,-0.336300,0.634200,-5.9626,0.4804,11.5993,-1.3872,-7.1735,-0.5065,0.340300,-0.225600,0.043900,0.911800,-2.6334,1.8313,9.1005,0.0190,0.1196,-0.0792,-0.913600,-0.045900,-0.167600,-0.367600,False,True,True,Straight,1.000,2.29,1.000,True,,,False,,,False
1783432885726,2563,7.8458,-0.0915,-0.4356,-0.2931,0.0356,-0.0850,0.388400,0.578400,-0.337800,0.632800,-8.5544,-1.3165,16.1239,-2.4180,-6.2038,-0.5355,0.341900,-0.164400,-0.011900,0.925200,-2.6513,2.1700,9.0457,0.0051,0.1232,-0.0951,-0.913800,-0.045100,-0.169200,-0.366400,False,True,True,Straight,1.000,2.29,1.000,True,,,False,,,False
1783432885736,2564,8.1366,-0.1637,-0.8956,-0.1604,-0.2830,0.0736,0.387800,0.579600,-0.340900,0.630500,-18.8200,-3.2164,24.8740,-3.1540,-5.6258,-1.5832,0.351800,-0.111800,-0.075900,0.926300,-2.4822,2.0810,8.9846,-0.0569,0.1732,-0.1368,-0.914200,-0.043300,-0.171100,-0.364900,False,True,True,Straight,1.000,2.29,1.000,True,,,False,,,False
1783432885747,2565,8.3232,0.2089,-0.3484,0.0148,-0.5522,0.2145,0.383600,0.583100,-0.345000,0.627500,-27.1086,0.2853,16.2804,-2.1802,-5.2524,-2.3597,0.370100,-0.057900,-0.127600,0.918400,-2.3394,2.2624,9.0268,-0.2407,0.2684,-0.2327,-0.914800,-0.038700,-0.173300,-0.362700,False,True,True,Straight,1.000,2.29,1.000,True,,,False,,,False
1783432885757,2566,9.6690,0.8348,0.1122,-0.0972,-0.5470,0.4113,0.378700,0.585100,-0.351400,0.625100,-31.3154,0.2775,5.5816,0.3223,-4.1608,-1.9958,0.386100,-0.005200,-0.144600,0.911100,-2.8486,2.1970,9.3360,-0.2845,0.4178,-0.2668,-0.915300,-0.032900,-0.177000,-0.360300,False,True,True,Straight,1.000,2.29,1.000,True,,,False,,,False
1783432885768,2567,12.5992,0.3716,-0.1175,-0.1733,-0.1933,0.4162,0.375900,0.584000,-0.356700,0.624900,-28.6345,7.2119,-3.8560,0.4834,-2.8931,-0.8856,0.390700,0.031700,-0.153200,0.907100,-2.6079,1.5034,9.5613,-0.1988,0.6492,-0.2821,-0.915200,-0.027000,-0.183800,-0.357600,False,True,True,Straight,1.000,2.29,1.000,True,,,False,7.31,,False
1783432885778,2568,11.9590,0.0896,-0.9660,0.0034,-0.0842,0.2005,0.373900,0.583800,-0.358500,0.625200,-27.9741,3.4089,-5.9214,-1.1419,-0.9356,0.2248,0.386800,0.036300,-0.170900,0.905500,-2.6863,0.9899,9.6341,0.0320,1.0531,-0.2593,-0.913900,-0.021900,-0.196100,-0.354800,False,False,True,Straight,1.000,2.56,1.000,True,,,False,,,False
1783432885788,2569,10.4556,0.3103,-2.1311,0.0693,0.0598,-0.0220,0.373900,0.583700,-0.357500,0.625800,-13.0872,-7.5749,-0.5589,1.1324,1.2074,-0.5080,0.394600,0.029100,-0.152000,0.905700,-2.0809,1.6113,10.0515,0.2242,1.7248,-0.2689,-0.910600,-0.016100,-0.216900,-0.351400,False,False,True,Straight,1.000,2.56,1.000,True,,,False,,,False
1783432885798,2570,11.3029,2.3037,-1.0632,-0.0021,0.0678,-0.0959,0.375000,0.583600,-0.356500,0.625900,6.3526,2.1579,15.0002,0.7415,1.8424,-1.4865,0.414500,0.014500,-0.134100,0.900000,-2.9235,1.6687,9.8509,0.2343,2.5903,-0.3720,-0.904700,-0.006300,-0.247500,-0.346700,False,False,True,Straight,1.000,2.56,1.000,True,,,False,,,False
1783432885808,2571,11.8208,1.9081,0.0009,-0.0078,-0.0264,-0.1278,0.375900,0.584300,-0.355800,0.625000,0.1439,9.0948,8.3239,-0.7163,3.4126,-0.4537,0.425100,-0.027000,-0.124300,0.896200,-1.9173,3.3239,9.7299,0.2176,3.9020,-0.6161,-0.894300,0.010200,-0.292300,-0.338700,False,False,True,Straight,1.000,2.56,1.000,True,,,False,,,False
1783432885818,2572,10.5867,0.3678,1.7963,0.0041,-0.4787,-0.1906,0.375300,0.588900,-0.356600,0.620600,-3.9521,2.1639,14.5724,-0.6098,3.6786,0.6651,0.422600,-0.072500,-0.111300,0.896500,-1.6004,3.5128,10.0798,-0.0905,5.7690,-1.1060,-0.875500,0.039600,-0.355500,-0.324900,False,False,True,Straight,1.000,2.56,1.000,True,,,False,,,False
1783432885828,2573,10.1095,-1.5459,3.1130,0.1649,-0.4733,-0.2627,0.374100,0.594500,-0.355600,0.616600,-12.1974,-14.4261,17.7180,0.7568,2.8023,0.4993,0.421300,-0.100700,-0.087600,0.897100,-4.9690,2.8153,11.2580,-0.3464,8.2993,-1.6462,-0.840300,0.084200,-0.442000,-0.302400,False,False,True,Straight,1.000,2.56,1.000,True,,,False,,,False
1783432885839,2574,10.8230,-2.3280,3.3173,0.4985,-0.0925,-0.3566,0.372700,0.599100,-0.349600,0.616400,-2.7380,4.0407,14.2164,1.3240,1.1621,0.2808,0.420900,-0.107200,-0.066300,0.898300,-11.9201,1.8268,18.2107,0.8000,9.7512,-2.2337,-0.789300,0.124300,-0.541400,-0.261800,False,False,True,Straight,1.000,2.56,1.000,True,,,False,,,False
1783432885849,2575,10.8923,-0.5681,3.6115,0.4316,0.4107,-0.4615,0.374800,0.600000,-0.340800,0.619200,-3.4771,-1.9935,11.9850,0.7704,0.3747,0.0771,0.421300,-0.107600,-0.055600,0.898800,-17.7098,7.6763,22.0339,0.6860,8.7182,-2.9120,-0.735800,0.164900,-0.621300,-0.213100,False,False,True,Straight,1.000,2.56,1.000,True,,,False,,,False
1783432885859,2576,11.4881,1.9883,3.1841,0.1970,0.5642,-0.4966,0.379600,0.598600,-0.332900,0.621900,-2.0773,-1.7660,10.5461,0.1343,0.0969,-0.0077,0.421600,-0.108100,-0.053600,0.898700,-6.0115,6.1146,19.4032,-0.2577,6.1491,-3.3206,-0.693600,0.208700,-0.667800,-0.171100,False,False,True,Straight,1.000,2.56,1.000,True,,,False,,,False
1783432885869,2577,12.6630,1.2578,2.6280,0.0436,0.4490,-0.2533,0.383100,0.596400,-0.328500,0.624200,-1.3956,-1.7593,9.6476,-0.0859,0.1714,-0.0041,0.421500,-0.110700,-0.053700,0.898400,-13.3341,5.6327,33.0687,0.8226,-0.5431,-2.1340,-0.704700,0.218200,-0.659000,-0.147000,False,False,True,Straight,1.000,2.56,1.000,True,,,False,,,False
1783432885880,2578,11.7988,-0.6527,1.9433,0.1333,0.2169,0.1610,0.381800,0.594700,-0.327700,0.627100,-1.4568,-2.0029,9.5731,-0.2172,0.2692,0.0296,0.421000,-0.115000,-0.054700,0.898100,4.9084,8.5270,8.8581,1.1252,-3.6804,-0.8862,-0.739000,0.208500,-0.625200,-0.139700,False,False,True,Straight,1.000,2.56,1.000,True,,,False,,,False
1783432885890,2579,9.9826,-1.7113,1.1895,0.2727,0.1554,0.4551,0.376800,0.592900,-0.328100,0.631500,-1.7818,-2.0113,9.5980,-0.2591,0.3120,0.0432,0.420300,-0.120100,-0.056000,0.897700,3.0126,6.8125,5.6379,0.5270,-3.0021,0.0419,-0.763400,0.197800,-0.597900,-0.143700,False,False,True,Straight,1.000,2.56,1.000,True,,,False,,,False
1783432885901,2580,8.5635,-1.0980,0.8349,0.4057,0.1345,0.4934,0.370400,0.591700,-0.327900,0.636500,-1.8007,-1.8726,9.4390,-0.2917,0.3021,0.0359,0.419600,-0.125200,-0.057600,0.897200,-1.7144,6.0442,8.9265,0.1677,-3.7330,1.0009,-0.789200,0.181700,-0.564100,-0.161100,True,False,True,Straight,1.000,2.56,1.000,True,,,False,,,False
1783432885911,2581,7.7147,-0.4709,0.7230,0.4577,0.1025,0.4076,0.364200,0.591300,-0.326800,0.641000,-1.7158,-2.0096,9.1641,-0.2371,0.2846,0.0486,0.418800,-0.129800,-0.058800,0.896800,-4.2520,4.4587,9.7848,0.1570,-5.1562,1.8256,-0.820500,0.156400,-0.516200,-0.189400,True,False,True,Straight,1.000,2.56,1.000,True,,,False,,,False
1783432885921,2582,6.9220,-0.4056,0.5399,0.5178,0.0983,0.2846,0.358500,0.591700,-0.324200,0.645200,-1.8719,-2.1506,9.0912,-0.1377,0.2536,0.0666,0.417900,-0.133600,-0.058900,0.896700,-4.7902,2.7364,8.4359,0.2991,-6.1133,2.2315,-0.852600,0.123900,-0.456600,-0.221700,True,False,True,Straight,1.000,2.56,1.000,True,,,False,,,False
1783432885932,2583,6.6572,-0.3717,0.4092,0.5432,0.0635,0.1975,0.353100,0.592800,-0.321000,0.648700,-1.9482,-1.9320,9.1616,-0.1005,0.2249,0.0641,0.417100,-0.136800,-0.058800,0.896600,-6.5128,1.8759,9.6733,0.4956,-6.4730,2.1835,-0.881300,0.087700,-0.390500,-0.251400,True,False,True,Straight,1.000,2.56,1.000,True,,,False,,,False
1783432885942,2584,6.8152,-0.0354,0.0773,0.5110,-0.0140,0.1218,0.348300,0.594700,-0.317800,0.651200,-1.9688,-1.9962,9.1311,-0.0784,0.2008,0.0689,0.416300,-0.139700,-0.058600,0.896500,-9.2272,1.7356,12.3429,0.8128,-6.8955,1.8791,-0.906400,0.047500,-0.317300,-0.274700,True,False,True,Straight,1.000,2.56,1.000,True,,,False,,,False
1783432885952,2585,6.9523,0.3236,-0.4189,0.4069,-0.0791,0.0495,0.344500,0.596900,-0.315100,0.652400,-1.9340,-2.2913,9.0519,0.0031,0.1857,0.1154,0.415000,-0.142000,-0.057400,0.896800,-10.6102,1.7201,11.9909,1.7800,-6.5911,1.6740,-0.924400,-0.002200,-0.248300,-0.289500,True,False,True,Straight,1.000,2.56,1.000,True,,,False,,,False
1783432885973,2587,7.3681,0.0380,-0.6615,-0.0970,-0.2518,-0.1504,0.344000,0.601500,-0.315400,0.648400,-1.8188,-2.5095,8.8872,0.1469,0.2722,0.1654,0.412100,-0.147100,-0.052300,0.897700,-21.4295,3.1280,18.0317,2.3098,-5.2403,2.6817,-0.925800,-0.109900,-0.140700,-0.333100,True,False,True,Straight,1.000,2.56,1.000,True,,,False,,,False
1783432885984,2588,9.0074,0.1554,0.0853,-0.1549,-0.1465,-0.3227,0.347200,0.603300,-0.314900,0.645300,-1.7991,-2.2027,9.1435,0.2806,0.3481,0.1849,0.410700,-0.149800,-0.047100,0.898200,-30.1920,0.0862,8.0917,-0.3684,-4.5547,2.0388,-0.924000,-0.128200,-0.083100,-0.350500,True,False,True,Straight,1.000,2.56,1.000,True,,,False,,,False
1783432885994,2589,12.1038,0.0881,0.5412,-0.0672,-0.1114,-0.2959,0.349600,0.605100,-0.313600,0.642900,-2.1667,-1.9713,9.6884,0.2200,0.5590,0.1837,0.409300,-0.155200,-0.041400,0.898200,-26.6883,-10.5397,-7.8224,0.6698,-3.5793,0.7866,-0.922200,-0.152300,-0.043200,-0.352800,True,False,True,Straight,1.000,2.56,1.000,True,,,False,,,False
1783432886016,2591,11.3937,0.4880,-1.5374,-0.1885,0.0302,0.0466,0.351400,0.605000,-0.314600,0.641600,-2.0926,-0.8066,10.0167,-0.2958,1.4223,0.1492,0.405900,-0.183200,-0.032100,0.894800,-23.1965,0.8070,-8.0203,0.4001,-0.2140,-0.1754,-0.922400,-0.163300,-0.042400,-0.347400,False,False,True,Straight,1.000,2.56,1.000,True,,,False,,,False
1783432886026,2592,10.9001,-1.5516,-1.7980,0.1403,-0.1094,0.1477,0.348700,0.605900,-0.315000,0.641900,-1.6697,-2.2758,9.8987,-0.4572,2.2026,0.1550,0.403800,-0.210200,-0.025700,0.890000,-0.1421,4.9052,14.3282,-2.1734,2.2133,1.5519,-0.918000,-0.129200,-0.055600,-0.370800,False,False,True,Straight,1.000,2.56,1.000,True,,,False,,,False
1783432886037,2593,12.3161,-1.8748,-0.8799,0.6279,-0.2875,0.2147,0.341100,0.610100,-0.312900,0.643100,-1.4443,-2.4678,9.6136,-0.3504,3.2161,0.2371,0.400800,-0.247800,-0.012800,0.881900,1.6644,-9.2583,9.9978,-0.5551,3.0104,1.7826,-0.907600,-0.110000,-0.084700,-0.396100,False,False,True,Straight,1.000,2.56,1.000,True,,,False,,,False
1783432886047,2594,12.6349,-0.9293,1.0846,0.7715,-0.3296,0.2957,0.331500,0.614800,-0.310300,0.644900,0.5954,-3.5678,8.9403,-0.4164,5.0610,0.7416,0.391300,-0.305400,0.010200,0.868100,-8.6407,-14.8237,15.4446,-0.2692,3.4880,-0.5226,-0.906000,-0.089000,-0.123700,-0.394900,False,False,True,Straight,0.900,2.56,1.000,True,,,False,,,False
1783432886058,2595,11.2610,1.0123,3.6557,0.6364,-0.1540,0.3582,0.323000,0.617300,-0.308500,0.647600,-1.5621,-3.0111,10.8613,-0.1346,7.5322,1.1827,0.375100,-0.386200,0.049900,0.841200,-10.3091,18.2710,15.4720,-0.8655,2.2435,-0.6928,-0.906600,-0.066900,-0.145600,-0.390400,False,False,True,Straight,1.000,2.56,1.000,True,,,False,,,False
1783432886069,2596,10.9176,3.5431,3.6419,0.1196,0.0190,0.5158,0.318000,0.615700,-0.311400,0.650300,-7.9948,-1.7826,17.3121,-1.0761,10.0073,1.8866,0.340700,-0.491900,0.094000,0.795700,-6.7776,-4.8910,14.9348,-1.2964,1.1477,-0.4850,-0.907700,-0.045700,-0.152800,-0.388100,False,False,True,Straight,1.000,2.56,1.000,True,,,False,,,False
1783432886079,2597,9.9681,1.8392,2.8214,-0.1060,0.1766,0.4842,0.315500,0.611900,-0.315200,0.653200,-14.4550,-4.5870,18.8488,-1.6140,9.9221,2.4690,0.291800,-0.590200,0.134300,0.740600,-3.9925,1.5675,10.8865,-0.5931,0.2614,-0.2358,-0.908700,-0.037100,-0.153100,-0.386500,False,False,True,Straight,1.000,2.56,1.000,True,,,False,,,False
1783432886090,2598,10.2288,-0.7705,3.1826,0.0346,0.3732,0.4341,0.313100,0.607300,-0.316800,0.657900,-9.9586,-7.7327,20.2452,0.6264,7.9788,2.7446,0.255900,-0.653800,0.188500,0.686700,-2.9588,1.6080,9.9262,-0.2950,0.0062,-0.1272,-0.909500,-0.033400,-0.151900,-0.385400,False,False,True,Straight,1.000,2.56,1.000,True,,,False,,,False
1783432886101,2599,11.6227,-0.5736,2.9464,0.1177,0.3572,0.2491,0.311600,0.603900,-0.316200,0.662000,-11.0067,-4.4129,33.6289,1.7038,3.7317,2.4620,0.239300,-0.673400,0.234600,0.659000,-2.6479,1.7727,9.5788,-0.2261,0.0398,-0.1265,-0.910200,-0.030300,-0.151400,-0.384300,False,False,True,Straight,1.000,2.56,1.000,True,,,False,,,False
1783432886111,2600,10.8464,1.2405,2.1441,0.1239,0.2454,-0.1080,0.312500,0.602700,-0.313400,0.663900,-1.5931,-3.9228,25.4044,-0.4937,-3.7914,1.0475,0.237300,-0.639600,0.227500,0.694800,-2.4695,1.5876,9.3614,-0.2020,0.1083,-0.1262,-0.910700,-0.027200,-0.151800,-0.383100,False,False,True,Straight,1.000,2.56,1.000,True,,,False,,,False
1783432886121,2601,9.4696,1.8222,1.4683,-0.0036,0.1550,-0.3458,0.316000,0.602800,-0.310200,0.663700,3.4471,-4.0916,6.5804,-0.9467,-4.9620,0.4962,0.239000,-0.596500,0.207800,0.737500,-2.5838,1.4872,9.4310,-0.1436,0.2076,-0.0911,-0.910900,-0.024300,-0.153700,-0.382200,False,True,True,Straight,1.000,2.56,1.000,True,,,False,,,False
1783432886131,2602,9.0211,0.9847,1.1307,-0.1171,0.0964,-0.4726,0.321200,0.603400,-0.307200,0.662100,-0.4925,-4.0137,7.0066,-0.3577,-4.9761,0.2006,0.246800,-0.549900,0.190500,0.774900,-2.5701,1.6266,9.3456,-0.0458,0.2734,-0.0554,-0.910700,-0.022200,-0.156700,-0.381600,False,True,True,Straight,1.000,2.56,1.000,True,,,False,,,False
1783432886141,2603,8.3463,0.2457,1.0346,-0.1467,0.1320,-0.4831,0.326800,0.603500,-0.304200,0.660600,-4.0157,-2.8691,10.2031,-0.1696,-6.1816,-0.1666,0.261200,-0.489100,0.167800,0.815100,-2.6750,1.9109,9.2081,-0.0637,0.2923,-0.0878,-0.910600,-0.019800,-0.159800,-0.380600,False,True,True,Straight,1.000,2.56,1.000,True,,,False,,,False
1783432886152,2604,7.3962,0.3005,0.8750,-0.1763,0.2214,-0.4496,0.332700,0.602700,-0.301400,0.659800,-4.3849,-1.6556,9.2968,-0.5376,-7.2736,-0.4228,0.276400,-0.415400,0.135000,0.856000,-2.7805,1.3102,9.2436,-0.0574,0.2919,-0.1021,-0.910600,-0.017500,-0.163000,-0.379500,False,True,True,Straight,1.000,2.56,1.000,True,,,False,,,False
1783432886162,2605,7.3397,0.3246,0.7220,-0.2587,0.2785,-0.3887,0.338900,0.600700,-0.299400,0.659300,-5.4441,-0.9444,9.3610,-0.9526,-7.5948,-0.4619,0.287900,-0.336200,0.095300,0.891600,-2.7949,1.3281,9.1903,-0.0158,0.2943,-0.0923,-0.910500,-0.015700,-0.166400,-0.378400,False,True,True,Straight,1.000,2.56,1.000,True,,,False,,,False
1783432886173,2606,7.3912,0.2365,0.4817,-0.2970,0.2425,-0.2829,0.344400,0.598500,-0.298700,0.658800,-6.7455,-1.0909,12.1418,-1.4523,-7.4700,-0.3037,0.292700,-0.256800,0.050300,0.919700,-2.9691,1.4837,9.1242,-0.0126,0.2577,-0.1201,-0.910500,-0.014000,-0.169400,-0.376900,False,True,True,Straight,1.000,2.56,1.000,True,,,False,,,False
1783432886183,2607,7.6574,0.5019,0.0335,-0.3168,0.1290,-0.1763,0.348700,0.596800,-0.299400,0.657800,-10.1125,-2.4278,15.1575,-2.6648,-6.7998,-0.4970,0.292900,-0.187400,-0.007300,0.937600,-3.2618,1.3625,9.2172,0.0008,0.1838,-0.1362,-0.910800,-0.012700,-0.171600,-0.375200,False,True,True,Straight,1.000,2.56,1.000,True,,,False,,,False
1783432886194,2608,7.8713,0.5003,-0.5414,-0.3237,-0.0743,-0.0805,0.351500,0.596200,-0.301800,0.655600,-18.2919,-5.8638,21.1046,-3.6701,-5.6035,-1.9344,0.305400,-0.134000,-0.075500,0.939700,-3.0319,1.3654,9.1704,0.0427,0.1297,-0.1144,-0.911100,-0.012300,-0.173300,-0.373700,False,True,True,Straight,1.000,2.56,1.000,True,,,False,,,False
1783432886204,2609,7.8737,0.6370,-0.3696,-0.2231,-0.3837,0.0649,0.351200,0.598200,-0.305700,0.652200,-27.9095,-5.5115,18.3608,-2.5468,-5.0198,-3.7423,0.339200,-0.080600,-0.130800,0.928100,-2.9302,1.3591,9.1644,0.0394,0.1456,-0.1106,-0.911400,-0.011700,-0.175300,-0.372200,False,True,True,Straight,1.000,2.56,1.000,True,,,False,,,False
1783432886214,2610,8.5545,0.6080,-0.1951,-0.2575,-0.5151,0.2585,0.349100,0.600200,-0.312000,0.648500,-30.6698,-1.8159,8.3681,1.0034,-4.4939,-4.1748,0.380300,-0.017000,-0.142300,0.913700,-2.8590,1.6939,9.2644,0.0288,0.2119,-0.0926,-0.911400,-0.010800,-0.177900,-0.370900,False,True,True,Straight,1.000,2.56,1.000,True,,,False,8.07,,False
1783432886224,2611,11.1545,-0.1894,0.1695,-0.2382,-0.2542,0.2917,0.347600,0.600100,-0.317300,0.646900,-26.9071,13.0076,-2.6127,1.4992,-3.7559,-1.7563,0.393500,0.036200,-0.143400,0.907400,-2.6406,1.4664,9.3330,-0.0065,0.4251,-0.1422,-0.911100,-0.008300,-0.182800,-0.369200,False,True,True,Straight,1.000,2.56,1.000,True,,,False,,,False
1783432886234,2612,11.6706,0.0427,0.1987,-0.0441,-0.1294,0.1973,0.345800,0.600200,-0.319700,0.646600,-26.3742,10.5153,-8.1413,-1.9364,-1.9154,1.2988,0.376000,0.046100,-0.175400,0.908700,-2.6030,1.2028,9.4959,0.0747,0.7513,-0.1493,-0.910100,-0.005300,-0.191800,-0.367200,False,True,True,Straight,1.000,2.56,1.000,True,,,False,,,False
1783432886244,2613,10.6080,-0.1081,-1.5177,-0.0555,-0.0585,0.0844,0.345300,0.600100,-0.321000,0.646300,-24.0112,-6.2973,-3.3602,-0.1467,0.2891,1.4949,0.359600,0.038800,-0.176600,0.915400,-2.0114,1.0441,9.7463,0.1884,1.3315,-0.1436,-0.907500,-0.000900,-0.207900,-0.365000,False,False,True,Straight,1.000,5.96,1.000,True,,,False,,,False
1783432886255,2614,10.8990,1.7112,-1.8185,-0.0955,0.0553,0.0731,0.345700,0.598900,-0.322100,0.646600,6.0882,-10.1356,16.5838,2.5004,1.5555,-0.4992,0.367300,0.033100,-0.140700,0.918800,-3.0519,1.0669,9.7710,0.3458,2.0421,-0.2352,-0.903000,0.005200,-0.232600,-0.361200,False,False,True,Straight,1.000,5.96,1.000,True,,,False,,,False
1783432886265,2615,11.6978,1.9883,-0.9297,-0.1188,-0.0859,0.0393,0.346000,0.598900,-0.323700,0.645600,7.3006,2.4470,3.1506,-0.4433,2.2559,-1.2370,0.385600,0.007200,-0.134900,0.912700,-2.9049,2.1367,9.6687,0.4036,2.9842,-0.3150,-0.895200,0.015100,-0.268000,-0.355800,False,False,True,Straight,1.000,5.96,1.000,True,,,False,,,False
1783432886276,2616,11.4577,0.4500,0.4163,0.0052,-0.3199,-0.1179,0.345700,0.602000,-0.324200,0.642700,-2.9829,8.6235,13.3509,-0.3410,3.4876,-0.2679,0.394200,-0.033900,-0.122000,0.910200,-2.0109,2.9765,10.0171,0.1978,4.4652,-0.6686,-0.881800,0.035000,-0.318300,-0.346100,False,False,True,Straight,1.000,5.96,1.000,True,,,False,,,False
1783432886287,2617,10.3496,-0.3355,1.9642,0.0558,-0.5725,-0.1477,0.344200,0.607400,-0.325100,0.637900,-4.5123,-3.7545,13.7076,-0.2595,3.5810,0.9545,0.388300,-0.077400,-0.106800,0.912100,-2.8053,3.2970,9.7476,-0.0834,6.1283,-1.1757,-0.859900,0.067000,-0.384000,-0.329600,False,False,True,Straight,1.000,5.96,1.000,True,,,False,,,False
1783432886297,2618,9.7773,-0.6089,3.1275,0.1917,-0.4320,-0.1978,0.342600,0.612400,-0.324000,0.634500,-9.5692,-8.4377,16.9688,1.0336,2.4844,0.3392,0.388500,-0.101300,-0.082600,0.912200,-6.3712,2.3504,12.5613,-0.3385,8.3143,-1.8518,-0.822500,0.113400,-0.468100,-0.302400,False,False,True,Straight,1.000,5.96,1.000,True,,,False,,,False
1783432886308,2619,10.6724,-0.8939,3.5317,0.3070,-0.0096,-0.3905,0.343300,0.615400,-0.318600,0.634000,-3.6159,0.4854,13.4393,1.2968,1.0197,0.3717,0.386800,-0.107100,-0.062500,0.913800,-14.0417,3.2601,18.9856,0.9417,9.4550,-2.3418,-0.771400,0.152300,-0.561800,-0.257100,False,False,True,Straight,1.000,5.96,1.000,True,,,False,,,False
1783432886318,2620,10.6295,0.4602,3.8490,0.1132,0.5033,-0.5632,0.348900,0.614100,-0.311200,0.635800,-3.2193,-0.5857,12.0659,0.8751,0.3321,0.1310,0.386700,-0.106900,-0.050700,0.914600,-16.2370,7.1633,21.0547,0.0916,8.2155,-2.9907,-0.719100,0.197800,-0.632100,-0.210400,False,False,True,Straight,1.000,5.96,1.000,True,,,False,,,False
1783432886328,2621,11.8401,1.2830,3.4152,-0.0892,0.6428,-0.5458,0.356500,0.610700,-0.304900,0.638000,-2.1914,-1.7676,10.4640,0.4765,0.1088,0.0763,0.386500,-0.106000,-0.044700,0.915100,-9.3600,4.4362,23.2029,-0.4315,5.3049,-3.1080,-0.682200,0.239600,-0.669000,-0.172100,False,False,True,Straight,1.000,5.96,1.000,True,,,False,,,False
1783432886338,2622,12.8124,0.7399,2.8527,-0.1791,0.4726,-0.2783,0.361900,0.607200,-0.302100,0.639600,-1.6263,-1.6068,9.8839,0.3456,0.0342,0.0903,0.385900,-0.105000,-0.040500,0.915700,-6.5112,6.6417,27.9622,1.0538,-2.1624,-1.5889,-0.706600,0.239000,-0.647500,-0.156100,False,False,True,Straight,1.000,5.96,1.000,True,,,False,,,False
1783432886348,2623,11.9529,-0.4038,1.9849,-0.1592,0.2320,0.1515,0.362800,0.604000,-0.303500,0.641400,-1.4922,-1.8828,9.4658,0.3261,0.0692,0.1276,0.384800,-0.104400,-0.036300,0.916300,4.8233,7.9931,7.7513,1.0160,-3.8069,-0.3275,-0.740300,0.224900,-0.613900,-0.156100,False,False,True,Straight,1.000,5.96,1.000,True,,,False,,,False
1783432886359,2624,9.9893,-1.1785,1.1082,-0.0844,0.1479,0.4159,0.360700,0.600800,-0.306600,0.644100,-1.6312,-1.3419,9.5572,0.2952,0.1260,0.1328,0.383700,-0.104600,-0.032200,0.916900,1.3246,5.9095,6.9959,0.2705,-3.5889,0.5525,-0.767000,0.210900,-0.582000,-0.169100,False,False,True,Straight,1.000,5.96,1.000,True,,,False,,,False
1783432886369,2625,8.7879,-1.0083,0.7702,0.0106,0.1383,0.4184,0.357800,0.598200,-0.309100,0.647100,-1.8928,-1.0817,9.7087,0.1825,0.1742,0.0949,0.382900,-0.105900,-0.029200,0.917200,-2.5878,4.0784,9.4939,0.0348,-4.5663,1.2642,-0.796400,0.191300,-0.540400,-0.192700,True,False,True,Straight,1.000,5.96,1.000,True,,,False,,,False
1783432886380,2626,8.2035,-0.7364,0.6586,0.0975,0.1539,0.3598,0.354700,0.596000,-0.310200,0.650200,-1.9184,-1.3011,9.5556,0.1258,0.1399,0.0687,0.382300,-0.107100,-0.027000,0.917400,-5.4110,2.1914,10.3466,0.2727,-6.0387,1.6407,-0.831600,0.162300,-0.483000,-0.221100,True,False,True,Straight,1.000,5.96,1.000,True,,,False,,,False
1783432886389,2627,7.5250,-0.8776,0.5176,0.2172,0.1659,0.2837,0.351500,0.594500,-0.309800,0.653500,-1.9436,-1.2155,9.5235,0.1096,0.0802,0.0575,0.381800,-0.107600,-0.025400,0.917600,-5.1768,0.8924,8.2138,0.6328,-6.8340,1.6209,-0.866500,0.126300,-0.414900,-0.247200,True,False,True,Straight,1.000,5.96,1.000,True,,,False,,,False
1783432886400,2628,7.3336,-0.6127,0.4627,0.2991,0.1592,0.2447,0.347800,0.593500,-0.308500,0.656900,-1.8044,-1.0930,9.5014,0.0641,0.0547,0.0283,0.381500,-0.108100,-0.024400,0.917700,-6.7757,0.6383,9.4640,1.2022,-6.7861,1.4356,-0.895900,0.084300,-0.345500,-0.266300,True,False,True,Straight,1.000,5.96,1.000,True,,,False,,,False
1783432886410,2629,7.1027,-0.4749,0.0680,0.3226,0.1323,0.2159,0.344200,0.593000,-0.306800,0.660100,-1.7395,-1.0013,9.3982,0.0125,0.0606,0.0164,0.381400,-0.108900,-0.024000,0.917700,-9.6418,1.0571,11.1444,1.9460,-6.5074,1.2931,-0.918400,0.034900,-0.279000,-0.278200,True,False,True,Straight,1.000,5.96,1.000,True,,,False,,,False
1783432886420,2630,6.9624,-0.1308,-0.4126,0.3254,0.0909,0.1220,0.341100,0.593200,-0.304600,0.662500,-1.6294,-1.1834,9.2302,-0.0276,0.1054,0.0355,0.380900,-0.110400,-0.023800,0.917700,-13.2793,1.5847,15.5869,2.7543,-5.4010,1.7673,-0.929500,-0.021900,-0.226200,-0.290400,True,False,True,Straight,1.000,5.96,1.000,True,,,False,,,False
1783432886431,2631,7.0321,-0.3212,-0.4968,0.2512,0.0124,-0.0313,0.339500,0.594300,-0.302200,0.663500,-1.6942,-1.3332,9.2321,-0.0418,0.1513,0.0720,0.380000,-0.112500,-0.023500,0.917800,-18.5090,2.8221,22.1108,2.4593,-5.3417,2.3923,-0.932400,-0.076700,-0.171400,-0.308900,True,False,True,Straight,1.000,5.96,1.000,True,,,False,,,False
1783432886441,2632,7.5867,-0.6983,0.0525,0.2497,0.0733,-0.2168,0.339700,0.595600,-0.298200,0.664000,-1.6878,-1.3940,9.3018,-0.0149,0.1741,0.0915,0.379000,-0.114700,-0.022800,0.918000,-22.7308,1.5084,19.5755,1.4799,-5.1920,2.4734,-0.930000,-0.119100,-0.113600,-0.328700,True,False,True,Straight,1.000,5.96,1.000,True,,,False,,,False
1783432886451,2633,9.1545,0.5319,0.5307,0.2474,0.0631,-0.3636,0.341100,0.597500,-0.293100,0.663900,-1.6560,-1.1821,9.4774,-0.0203,0.2542,0.1122,0.377700,-0.117800,-0.021700,0.918100,-22.0739,1.8008,9.6985,0.1106,-5.3795,2.1462,-0.926200,-0.145300,-0.047800,-0.344600,True,False,True,Straight,1.000,5.96,1.000,True,,,False,,,False
1783432886461,2634,10.6368,0.6858,1.1241,0.1488,-0.0546,-0.3486,0.342700,0.599800,-0.289500,0.662500,-1.4266,-1.4031,9.3500,-0.0284,0.3983,0.1267,0.376300,-0.122700,-0.020000,0.918100,-21.7288,-7.8414,-0.9506,1.1868,-4.3710,1.3821,-0.919100,-0.178500,0.000300,-0.351300,True,False,True,Straight,1.000,5.96,1.000,True,-11.73,,False,,,False
1783432886472,2635,10.7653,0.5684,1.2457,0.0932,-0.1037,-0.2178,0.343400,0.601900,-0.287500,0.661100,-1.5974,-1.3183,9.4890,-0.0268,0.6239,0.1530,0.374600,-0.130200,-0.017200,0.917800,-23.9919,-6.2730,-9.7953,2.1153,-2.8576,0.6293,-0.910700,-0.215200,0.025400,-0.351800,True,False,True,Straight,1.000,5.96,1.000,True,,,False,,,False
1783432886482,2636,10.0812,0.9915,-0.5891,-0.2497,-0.0563,-0.0456,0.345500,0.601500,-0.289500,0.659600,-1.7797,-1.2368,9.6896,-0.0689,0.8973,0.1811,0.372500,-0.140900,-0.013600,0.917200,-17.1159,-1.7094,-8.8839,-0.1213,0.3867,0.0953,-0.910700,-0.212100,0.021700,-0.353800,True,False,True,Straight,1.000,5.96,1.000,True,,,False,,,False
1783432886492,2637,9.9991,-1.0517,-1.9811,-0.2026,-0.0829,0.0678,0.346100,0.601000,-0.292000,0.658600,-1.3852,-1.3463,9.7694,-0.1040,1.2785,0.2554,0.369600,-0.156200,-0.008400,0.915900,-15.5986,-0.7563,4.9600,-1.2159,1.9298,-0.3168,-0.915500,-0.189700,0.004300,-0.354800,False,False,True,Straight,1.000,5.96,1.000,True,,,False,,,False
1783432886502,2638,10.9594,-3.0436,-2.2328,0.2123,-0.1987,0.0917,0.343000,0.603300,-0.291800,0.658200,-1.9568,-0.6640,9.8703,-0.1313,2.0263,0.3123,0.365800,-0.180100,-0.000000,0.913100,2.1448,8.7881,18.5426,-1.1375,1.3701,0.0533,-0.917800,-0.170600,-0.006400,-0.358500,False,False,True,Straight,1.000,5.96,1.000,True,,,False,,,False
1783432886513,2639,12.2389,-3.1841,-0.5535,0.7422,-0.2317,0.1304,0.335500,0.607900,-0.287600,0.659700,-2.6033,-0.6260,9.9481,-0.2634,2.7834,0.3117,0.361400,-0.213000,0.010300,0.907700,11.9946,0.9203,4.3580,-1.3428,1.3678,0.6882,-0.917200,-0.149000,-0.014700,-0.369300,False,False,True,Straight,0.900,5.96,1.000,True,,,False,,,False
1783432886524,2640,11.7815,0.6135,0.1984,0.9565,-0.4726,0.2768,0.324200,0.614800,-0.283700,0.660700,-1.0631,-2.0636,9.4398,-0.3177,3.8904,0.4627,0.354300,-0.258400,0.025400,0.898400,-3.8657,-6.7526,10.3490,-0.1499,3.9534,0.3667,-0.913900,-0.128900,-0.058600,-0.380400,False,False,True,Straight,0.800,5.96,1.000,True,,,False,,,False
1783432886534,2641,10.8523,2.0981,1.7767,0.6237,-0.3670,0.3156,0.315400,0.619200,-0.282400,0.661300,-1.6415,-2.4344,9.4095,-0.0989,5.3405,0.8594,0.341700,-0.318000,0.050600,0.882900,-6.0383,-0.3249,13.6655,-0.0303,4.2944,-0.9832,-0.914200,-0.107200,-0.109100,-0.375400,False,False,True,Straight,1.000,5.96,1.000,True,,,False,,,False
1783432886544,2642,11.1750,3.5725,4.2114,-0.1333,0.0060,0.3486,0.313500,0.617400,-0.286200,0.662300,-3.6842,-1.9392,11.1584,0.2064,7.2765,1.2356,0.322800,-0.395200,0.088500,0.855400,-11.5158,13.2810,17.1961,-1.6163,3.5489,-0.3807,-0.912300,-0.071400,-0.142500,-0.377400,False,False,True,Straight,1.000,5.96,1.000,True,,,False,,,False
1783432886555,2643,12.0553,2.4037,3.4930,-0.6209,-0.1015,0.5255,0.313600,0.613900,-0.295700,0.661300,-8.4118,-0.9918,17.1820,-0.6595,9.1763,1.3976,0.292300,-0.491600,0.124600,0.810800,-6.8770,-5.4711,15.3974,-1.6259,2.0133,-0.6494,-0.912700,-0.042100,-0.158300,-0.374400,False,False,True,Straight,1.000,5.96,1.000,True,,,False,,,False
1783432886565,2644,10.8269,-0.7768,3.6438,-0.3700,0.0793,0.5451,0.312200,0.609800,-0.302600,0.662700,-13.2674,-3.0263,18.0969,-0.6664,9.1966,1.4985,0.256600,-0.581400,0.159600,0.755400,-5.3880,1.2447,11.7310,-1.0433,0.7669,-0.4104,-0.913600,-0.025700,-0.162500,-0.372000,False,False,True,Straight,1.000,5.96,1.000,True,,,False,,,False
1783432886576,2645,11.0595,-0.9167,3.9565,-0.1220,0.3157,0.4567,0.310500,0.605000,-0.305900,0.666400,-9.3857,-5.0113,17.6581,0.5159,7.4668,1.6691,0.228500,-0.644100,0.199600,0.702200,-3.6738,0.8524,10.2945,-0.4422,0.3653,-0.2215,-0.914000,-0.018400,-0.164800,-0.370300,False,False,True,Straight,1.000,5.96,1.000,True,,,False,,,False
1783432886586,2646,11.8707,1.1619,3.4699,-0.1604,0.2516,0.1824,0.311200,0.601600,-0.307600,0.668400,-12.0940,-3.8040,30.2597,0.9271,3.3715,1.2623,0.216100,-0.667200,0.227100,0.675700,-3.1487,1.4669,9.5507,-0.1916,0.3402,-0.1447,-0.914100,-0.014200,-0.167900,-0.368900,False,False,True,Straight,1.000,5.96,1.000,True,,,False,,,False
1783432886597,2647,10.6498,2.7783,2.9635,-0.3775,0.0846,-0.1359,0.315400,0.599900,-0.309300,0.667000,-1.3430,-5.1058,19.4408,0.5875,-3.2393,0.0526,0.229400,-0.637500,0.223300,0.700800,-3.2791,1.0061,9.6131,-0.0200,0.3494,-0.0841,-0.913800,-0.012100,-0.171900,-0.367900,False,False,True,Straight,1.000,5.96,1.000,True,,,False,,,False
1783432886607,2648,9.4669,2.7052,2.1306,-0.8190,0.0203,-0.3267,0.324400,0.597700,-0.313600,0.662700,2.6114,-1.4749,6.7503,1.1424,-4.1180,0.0311,0.249300,-0.597000,0.221200,0.729700,-3.1211,1.6040,9.4217,0.0122,0.3727,-0.0638,-0.913300,-0.010300,-0.176300,-0.367000,False,False,True,Straight,0.900,5.96,1.000,True,,,False,,,False
1783432886618,2649,9.0971,1.7381,1.8524,-1.1144,0.1136,-0.4300,0.336700,0.593900,-0.319100,0.657300,-0.8129,-1.6858,8.4856,0.5817,-4.8154,-0.0703,0.267000,-0.550200,0.210300,0.762700,-3.2027,1.6050,9.2093,-0.0119,0.3930,-0.0655,-0.912800,-0.008200,-0.180800,-0.366200,False,True,True,Straight,0.800,5.96,1.000,True,,,False,,,False
1783432886628,2650,8.8391,1.2524,1.8169,-1.2657,0.1557,-0.4375,0.350300,0.588900,-0.325600,0.651500,-3.3608,-4.5416,8.9455,0.3044,-6.2250,-0.6160,0.290400,-0.489700,0.187300,0.800500,-3.4921,1.4283,9.0895,-0.0611,0.3536,-0.0668,-0.912300,-0.005600,-0.184600,-0.365400,False,True,True,Straight,0.700,5.96,1.000,True,,,False,,,False
1783432886639,2651,8.1993,1.1402,1.7208,-1.4432,0.1791,-0.4549,0.365300,0.582900,-0.333100,0.644800,-4.0332,-5.4144,6.4998,0.8488,-6.8951,-1.3030,0.323500,-0.418600,0.161800,0.833000,-3.4967,1.2940,9.0893,-0.0403,0.2912,-0.0348,-0.911900,-0.003700,-0.187800,-0.364900,False,True,True,Straight,0.600,5.96,1.000,True,,,False,,,False
1783432886650,2652,7.9029,1.1897,1.5831,-1.5817,0.2270,-0.4689,0.381500,0.575700,-0.341400,0.637600,-5.3510,-5.4446,5.6785,1.0274,-6.7748,-1.9948,0.362000,-0.346100,0.133700,0.855200,-3.5298,1.3778,9.0277,-0.0351,0.2302,-0.0449,-0.911600,-0.002000,-0.190400,-0.364400,False,True,True,Straight,0.500,5.96,1.000,True,,,False,,,False
1783432886660,2653,8.0918,1.5380,1.4143,-1.6735,0.1678,-0.4680,0.398000,0.568200,-0.350500,0.629300,-8.0208,-6.0719,6.3893,0.7854,-5.9938,-2.7305,0.403300,-0.281700,0.102500,0.864600,-3.5428,1.2542,9.0093,-0.0205,0.1786,-0.0368,-0.911400,-0.000800,-0.192400,-0.363800,False,True,True,Straight,0.400,5.96,1.000,True,,,False,,,False
1783432886672,2654,8.3558,1.5653,1.0784,-1.8294,0.1056,-0.4305,0.414800,0.560000,-0.361200,0.619600,-10.7994,-7.5985,8.6540,0.4474,-4.8934,-3.5528,0.448400,-0.230100,0.069600,0.860900,-3.4766,1.3463,9.0801,-0.0135,0.1387,-0.0437,-0.911300,0.000200,-0.194000,-0.363200,False,True,True,Straight,0.300,5.96,1.000,True,,,False,,,False
1783432886683,2655,8.6710,1.1861,0.8770,-1.9352,0.0826,-0.4004,0.431700,0.550900,-0.372900,0.609200,-13.2479,-10.7705,11.8166,0.8673,-3.9750,-4.6976,0.503600,-0.185700,0.042700,0.842700,-3.5318,1.1919,9.0974,-0.0057,0.1323,-0.0454,-0.911200,0.001000,-0.195500,-0.362500,False,True,True,Straight,0.200,5.96,1.000,True,,,False,,,False
1783432886693,2656,8.9220,0.7239,0.7799,-2.0131,-0.0294,-0.3307,0.447900,0.541600,-0.386000,0.597600,-16.4046,-13.6652,11.6356,2.1295,-3.3659,-5.7857,0.569400,-0.139100,0.030100,0.809600,-3.4530,1.1943,9.0780,0.0186,0.1424,-0.0219,-0.911000,0.001600,-0.197300,-0.362100,False,True,True,Straight,0.100,5.96,1.000,True,,,False,,,False
1783432886703,2657,8.9915,1.1596,0.6232,-2.2259,-0.1307,-0.2130,0.463800,0.530900,-0.401800,0.584500,-15.5853,-12.2220,5.3037,3.8067,-2.4678,-5.8391,0.633800,-0.088500,0.040500,0.767400,-3.4171,1.2812,8.9444,0.0098,0.1742,-0.0548,-0.910900,0.002500,-0.199400,-0.361200,False,True,True,Turning,1.000,5.96,1.000,True,,,False,,,False
1783432886713,2658,9.2054,2.0690,0.6304,-2.3839,-0.1474,-0.1039,0.479500,0.518400,-0.419200,0.570600,-10.8479,-4.4664,2.4327,2.6168,-0.6238,-4.9623,0.683200,-0.064000,0.054800,0.725300,-3.5060,1.0822,8.9959,0.0555,0.2127,-0.0849,-0.910800,0.003100,-0.202100,-0.360000,False,True,True,Turning,1.000,5.96,1.000,True,,,False,,,False
1783432886723,2659,9.2163,1.7215,0.5969,-2.5049,-0.1803,-0.1025,0.495400,0.504900,-0.437300,0.555400,-12.5721,-3.9855,5.0488,0.4266,0.8138,-3.9448,0.718100,-0.070300,0.062100,0.689600,-3.6028,1.3462,9.0272,0.0896,0.2392,-0.0911,-0.910700,0.003500,-0.205300,-0.358500,False,True,True,Turning,1.000,5.96,1.000,True,,,False,,,False
1783432886734,2660,9.5225,0.9763,0.5827,-2.5053,-0.1539,-0.2438,0.511900,0.491500,-0.453900,0.538900,-17.6696,-5.5602,4.1833,0.7946,1.2868,-3.3379,0.746000,-0.076800,0.077300,0.656900,-3.6304,1.8493,9.0556,0.0366,0.2543,-0.1604,-0.910800,0.004700,-0.208400,-0.356400,False,True,True,Turning,1.000,5.96,1.000,True,,,False,,,False
1783432886744,2661,9.8632,0.8022,0.5988,-2.4058,-0.0865,-0.3675,0.528500,0.478500,-0.468300,0.522000,-18.0610,-6.9123,-0.0440,2.6753,1.2912,-3.0814,0.771700,-0.065400,0.108000,0.623300,-3.4776,1.6728,9.1918,-0.0511,0.3277,-0.2765,-0.911200,0.007500,-0.212000,-0.353200,False,True,True,Turning,1.000,5.96,1.000,True,,,False,,,False
1783432886754,2662,10.0176,0.9821,0.2686,-2.3613,-0.0803,-0.4299,0.544800,0.465600,-0.481500,0.504600,-13.5143,-4.9365,-2.5526,2.6528,2.1291,-3.3963,0.796200,-0.061000,0.146100,0.584000,-3.5410,1.3225,9.2251,-0.0842,0.5047,-0.3391,-0.911300,0.011700,-0.217400,-0.349400,False,True,True,Turning,1.000,5.96,1.000,True,,,False,,,False
1783432886764,2663,9.5731,1.7516,-0.3070,-2.2608,-0.1153,-0.4137,0.559700,0.453200,-0.493900,0.487200,-14.4944,5.0292,14.4880,-1.0767,2.9040,-3.7460,0.816000,-0.099800,0.163800,0.545300,-3.8271,1.4385,9.2033,-0.1397,0.6500,-0.4214,-0.911400,0.017300,-0.224200,-0.344700,False,True,True,Turning,1.000,5.96,1.000,True,,,False,,,False
1783432886775,2664,9.1851,1.8259,-0.3709,-2.1554,-0.1484,-0.4252,0.573500,0.441400,-0.505600,0.469800,-10.1889,-2.5335,10.1064,-4.2373,1.1778,-2.3297,0.822600,-0.155800,0.143600,0.527700,-4.1283,1.5317,9.1757,-0.2024,0.7277,-0.6012,-0.911900,0.024500,-0.231500,-0.338000,False,True,True,Turning,1.000,5.96,1.000,True,,,False,,,False
1783432886785,2665,8.8346,0.6198,0.0126,-2.0763,-0.1367,-0.4918,0.586800,0.430200,-0.515900,0.452200,-8.4818,-8.0053,6.7030,-1.3551,-0.0778,-2.4583,0.835700,-0.173700,0.128900,0.504800,-4.2897,1.6082,8.9473,-0.1744,0.8445,-0.9314,-0.913300,0.032900,-0.240100,-0.327500,False,False,True,Turning,1.000,5.96,1.000,True,,,False,,,False
1783432886796,2666,8.8743,-0.6125,0.3395,-1.9863,-0.0433,-0.5882,0.600400,0.419500,-0.524100,0.434600,-6.0210,-5.5884,7.0039,-1.4947,-1.6068,-1.4946,0.844000,-0.181800,0.099200,0.494800,-4.2395,1.0928,8.5124,-0.0285,1.1073,-1.3032,-0.915100,0.041700,-0.252100,-0.312000,False,False,True,Turning,1.000,5.96,1.000,True,,,False,,,False
1783432886806,2667,10.2057,-0.7297,1.8203,-1.9203,0.0639,-0.5857,0.614000,0.408300,-0.530900,0.417700,-2.8540,-6.0607,10.6919,-0.7461,-2.2448,-0.7465,0.849200,-0.176900,0.069000,0.492800,-5.3437,0.6131,8.6587,0.3361,1.4348,-1.7316,-0.917100,0.049000,-0.268800,-0.290100,False,False,True,Turning,1.000,5.96,1.000,True,,,False,,,False
1783432886817,2668,12.6688,-2.4998,3.5017,-1.7998,0.2886,-0.5819,0.628000,0.396700,-0.535000,0.402600,-0.2561,-7.1985,8.8967,0.5192,-2.0466,0.0320,0.851500,-0.158900,0.050400,0.497100,-5.0918,1.6611,9.2289,0.6539,1.9416,-2.3900,-0.919000,0.056600,-0.291800,-0.259000,False,False,True,Turning,1.000,5.96,1.000,True,,,False,,,False
1783432886828,2669,14.2828,-3.3833,4.6367,-1.5722,0.5773,-0.6507,0.642800,0.385600,-0.535000,0.389600,-0.3917,0.2843,10.2779,0.6095,-1.0199,0.1306,0.852500,-0.146300,0.043500,0.500000,-6.0141,3.4986,10.3761,0.8898,2.6590,-3.4005,-0.919600,0.067400,-0.322400,-0.214300,False,False,True,Turning,1.000,5.96,1.000,True,,,False,,,False
1783432886838,2670,13.2464,-1.7014,3.0616,-1.6086,0.5868,-0.4642,0.656600,0.372800,-0.535800,0.377800,-1.3398,-1.6559,9.5650,0.2164,-0.0485,0.0306,0.852700,-0.143900,0.044200,0.500300,-8.0754,3.0937,10.1409,1.1234,2.8247,-4.5604,-0.919200,0.080300,-0.353300,-0.154400,False,False,True,Turning,1.000,5.96,1.000,True,,,False,,,False
1783432886848,2671,11.7157,1.6963,1.3728,-2.0253,0.3219,-0.1516,0.668800,0.355500,-0.541900,0.364300,-2.4621,-2.2783,9.2076,0.1110,0.1309,0.0259,0.852600,-0.143800,0.046200,0.500300,-8.8382,3.3433,7.6881,2.3069,2.3175,-5.5770,-0.919000,0.082700,-0.377600,-0.077300,False,False,True,Turning,1.000,5.96,1.000,True,,,False,,,False
1783432886859,2672,11.1387,0.3649,0.8088,-2.5581,0.1292,-0.0603,0.681000,0.333700,-0.551900,0.346800,-2.5142,-2.4199,9.2941,0.2561,0.0024,0.0745,0.852600,-0.141300,0.047800,0.500900,-8.9544,1.5452,4.5729,3.2092,1.8021,-6.5456,-0.916100,0.078300,-0.392900,0.015100,False,False,True,Turning,1.000,5.96,1.000,True,,,False,,,False
1783432886869,2673,10.7851,-1.7565,0.6519,-2.6679,0.1774,-0.1018,0.693400,0.310700,-0.561300,0.328000,-2.3062,-1.5007,9.5083,0.2617,-0.0430,0.0738,0.852600,-0.138400,0.049000,0.501600,-7.5279,2.5296,5.5690,4.0167,1.1506,-7.4318,-0.907800,0.068300,-0.395800,0.120800,False,False,True,Turning,1.000,5.96,1.000,True,,,False,,,False
1783432886879,2674,9.9760,-1.8892,0.6174,-2.5948,0.2374,-0.1478,0.705400,0.288000,-0.569000,0.309300,-2.2364,-1.4537,9.4294,0.1551,-0.0129,0.0267,0.852700,-0.136900,0.049700,0.501800,-7.1235,3.6396,6.5592,5.1836,0.0329,-7.6178,-0.894600,0.046800,-0.379300,0.231800,True,False,True,Turning,1.000,5.96,1.000,True,,,False,,,False
1783432886890,2675,8.6915,-1.5462,0.4556,-2.5697,0.2124,-0.1743,0.716500,0.265600,-0.576200,0.290000,-2.3308,-1.5600,9.3586,0.0804,-0.0316,-0.0122,0.852900,-0.136100,0.049700,0.501600,-3.6043,7.1374,4.0862,6.2315,-0.4487,-6.1715,-0.877100,0.007700,-0.350400,0.328400,True,False,True,Turning,1.000,5.96,1.000,True,,,False,,,False
1783432886900,2676,8.0969,-1.1774,0.7588,-2.5906,0.1361,-0.2147,0.726500,0.243300,-0.583300,0.269800,-2.2329,-1.7126,9.2961,0.0419,-0.0482,-0.0298,0.853100,-0.135700,0.049300,0.501300,-2.2323,4.4785,6.8146,5.9649,-0.2876,-4.4288,-0.857100,-0.037000,-0.320900,0.401400,True,False,True,Turning,1.000,5.96,1.000,True,,,False,,,False
1783432886910,2677,7.8821,-0.9725,0.8019,-2.6602,0.0777,-0.2748,0.735600,0.220700,-0.590400,0.248000,-2.1696,-1.8057,9.2604,0.0542,-0.0739,-0.0197,0.853400,-0.134900,0.048700,0.501200,-0.7970,0.1236,10.0525,5.2799,-0.0812,-3.1342,-0.836700,-0.080300,-0.294100,0.454900,True,False,True,Turning,1.000,5.96,1.000,True,,,False,,,False
1783432886921,2678,8.1029,-1.6178,0.8598,-2.7276,0.0156,-0.2915,0.743800,0.197600,-0.597600,0.225100,-2.0299,-1.6593,9.2429,0.0637,-0.0822,-0.0127,0.853600,-0.133900,0.048000,0.501100,-1.4833,-4.5166,13.7091,5.0308,-0.1456,-2.4985,-0.816000,-0.122600,-0.265700,0.498500,True,False,True,Turning,1.000,5.96,1.000,True,,,False,,,False
1783432886931,2679,8.5767,-1.7666,0.8046,-2.7445,-0.0033,-0.3029,0.750900,0.174300,-0.604300,0.201600,-2.0826,-1.8077,9.3107,0.0462,-0.0576,-0.0071,0.853700,-0.133300,0.047600,0.501100,-1.5048,-7.0577,14.1525,4.5388,-0.6404,-2.4992,-0.793900,-0.156200,-0.234200,0.539000,True,False,True,Turning,1.000,5.96,1.000,True,,,False,,,False
1783432886942,2680,8.9635,-1.5031,0.7139,-2.7751,0.0019,-0.3069,0.757300,0.150400,-0.610200,0.177700,-2.0839,-1.7757,9.2966,0.0707,-0.0592,0.0039,0.853800,-0.132400,0.047200,0.501200,-1.1959,-7.9094,12.6909,4.0160,-1.0316,-2.8133,-0.768500,-0.180400,-0.201900,0.579700,True,False,True,Turning,1.000,5.96,1.000,True,,,False,,,False
1783432886952,2681,9.3595,-1.2399,0.7352,-2.8154,0.0210,-0.3182,0.762900,0.126100,-0.615300,0.153200,-2.1485,-1.7831,9.4200,0.0820,-0.0526,0.0147,0.853900,-0.131500,0.047100,0.501400,-1.3638,-6.6989,12.2226,3.3597,-1.2973,-3.2023,-0.739600,-0.194700,-0.171900,0.620900,True,False,True,Turning,1.000,5.96,1.000,True,,,False,,,False
1783432886973,2683,9.7643,-1.0583,0.4090,-2.8558,0.0477,-0.3186,0.771900,0.076100,-0.622700,0.103200,-1.9905,-1.6364,9.3128,0.1069,-0.0614,0.0222,0.853900,-0.129200,0.046800,0.502000,-1.2091,-2.9798,10.4989,2.1212,-1.7655,-3.6247,-0.675900,-0.189400,-0.122900,0.701600,True,False,True,Turning,1.000,5.96,1.000,True,,,False,,,False
1783432886983,2684,9.6027,-1.8998,0.0416,-2.7368,0.0214,-0.3330,0.774600,0.052200,-0.625400,0.078700,-1.9632,-1.6150,9.3052,0.1124,-0.0234,0.0269,0.853900,-0.128100,0.047100,0.502200,-1.0751,1.6433,9.4008,1.9035,-1.9522,-3.3382,-0.644100,-0.182600,-0.097400,0.736400,True,False,True,Turning,1.000,5.96,1.000,True,,,False,,,False
1783432887003,2686,9.1605,-1.5488,-0.0913,-2.4628,0.0952,-0.4114,0.778200,0.009400,-0.627100,0.031800,-2.0983,-1.5507,9.4115,0.0960,0.0182,0.0435,0.853600,-0.126600,0.048400,0.503000,-1.6153,2.7469,9.2492,1.5544,-1.9354,-2.2172,-0.598600,-0.165700,-0.047300,0.782300,True,False,True,Turning,1.000,5.96,1.000,True,,,False,,,False
1783432887013,2687,9.1118,-1.6073,-0.2882,-2.3896,0.0579,-0.4596,0.778800,-0.010300,-0.627200,0.008700,-2.0195,-1.4218,9.3498,0.0892,0.0278,0.0255,0.853500,-0.126000,0.049200,0.503200,-3.4677,1.5019,9.3369,1.4083,-1.8250,-1.2416,-0.584200,-0.157200,-0.022300,0.795900,True,False,True,Turning,1.000,5.96,1.000,True,,,False,,,False
1783432887023,2688,9.2094,-2.1386,-0.4096,-2.2812,0.0205,-0.4808,0.778300,-0.028700,-0.627100,-0.013700,-1.9718,-1.5739,9.3009,0.0832,0.0694,0.0147,0.853500,-0.125800,0.050300,0.503200,-4.5871,0.8283,8.6725,1.1738,-1.8234,-1.0254,-0.571800,-0.147100,0.000800,0.807100,True,False,True,Turning,1.000,5.96,1.000,True,,,False,,,False
1783432887034,2689,9.4665,-2.5688,-0.4619,-2.1008,0.0119,-0.4919,0.777300,-0.045200,-0.626600,-0.034800,-2.0477,-1.5390,9.2965,0.0888,0.1016,0.0291,0.853400,-0.125700,0.051900,0.503300,-5.1222,0.5438,7.0059,0.7704,-1.5013,-1.2678,-0.557300,-0.137200,0.017100,0.818700,True,False,True,Turning,1.000,5.96,1.000,True,,,False,,,False
1783432887044,2690,9.7041,-3.1704,-0.4360,-1.8454,-0.0071,-0.4987,0.775700,-0.059100,-0.626000,-0.054000,-1.9558,-1.5612,9.2837,0.1595,0.1250,0.0189,0.853400,-0.125000,0.054100,0.503100,-5.8390,1.9720,6.1163,0.4931,-0.9215,-1.5640,-0.540100,-0.131300,0.025900,0.830900,True,False,True,Turning,1.000,5.96,1.000,True,,,False,,,False
1783432887054,2691,9.8707,-3.6871,-0.5955,-1.5044,-0.0274,-0.5053,0.773800,-0.069700,-0.625600,-0.070500,-2.0129,-1.5451,9.3487,0.2383,0.1651,0.0147,0.853600,-0.123700,0.057200,0.502900,-5.3922,5.3044,5.9168,0.0667,-0.2135,-1.2655,-0.526600,-0.129700,0.026100,0.839800,True,False,True,Turning,1.000,5.96,1.000,True,,,False,,,False
1783432887065,2692,9.9343,-3.6686,-0.6194,-1.1494,-0.0284,-0.5160,0.772000,-0.076700,-0.625300,-0.084300,-1.9936,-1.4582,9.5013,0.2987,0.2076,0.0089,0.853800,-0.122000,0.061200,0.502400,-1.0194,5.4906,9.0796,-0.1711,0.3022,-0.2721,-0.524000,-0.131700,0.021900,0.841200,True,False,True,Turning,1.000,5.96,1.000,True,,,False,,,False
1783432887076,2693,10.0010,-3.2959,-0.1097,-0.8827,-0.0690,-0.5014,0.770000,-0.081300,-0.625500,-0.095800,-2.0020,-1.3527,9.5972,0.3307,0.2780,0.0038,0.854000,-0.120400,0.066100,0.501700,0.5265,1.3922,6.5272,-0.3609,0.8627,0.0614,-0.525300,-0.138200,0.012700,0.839500,True,False,True,Turning,1.000,5.96,1.000,True,,,False,,,False
1783432887086,2694,10.2459,-2.4118,1.0011,-0.6769,-0.1444,-0.4130,0.767700,-0.084800,-0.626500,-0.104800,-1.5131,-2.1096,9.7398,0.4463,0.4413,-0.0066,0.854400,-0.118600,0.073500,0.500600,-7.9697,3.4798,13.9446,-0.4437,0.7808,-0.0141,-0.525900,-0.143300,0.003000,0.838400,True,False,True,Turning,1.000,5.96,1.000,True,,,False,,,False
1783432887096,2695,10.3998,-0.8348,1.3231,-0.7616,-0.2297,-0.2920,0.764600,-0.090000,-0.628100,-0.113200,-1.1087,-1.8377,10.1685,0.7241,0.8252,0.0934,0.854000,-0.116200,0.086800,0.499600,-2.3692,-0.2764,10.5656,-0.2139,0.3130,0.0404,-0.526500,-0.145100,-0.001200,0.837700,False,False,True,Turning,1.000,5.96,1.000,True,,,False,,,False
1783432887107,2696,10.5735,-0.6820,1.0642,-0.9874,-0.2676,-0.2194,0.761000,-0.098100,-0.629500,-0.122600,-1.1191,-3.3560,11.1677,1.0020,1.5054,0.3406,0.851500,-0.114700,0.109500,0.499800,-2.7293,1.1360,9.8490,-0.1183,0.0981,0.0373,-0.527000,-0.145200,-0.002900,0.837400,False,False,True,Turning,1.000,5.96,1.000,True,,,False,,,False
1783432887118,2697,10.8444,-0.9714,1.3296,-0.9537,-0.2296,-0.2375,0.757500,-0.105600,-0.630500,-0.131900,-1.4494,-4.3742,11.8451,1.7071,2.4245,0.6662,0.845900,-0.110900,0.146700,0.500600,-2.9250,1.1193,9.7680,0.0560,0.0702,0.0346,-0.527200,-0.146100,-0.002600,0.837100,False,False,True,Turning,1.000,5.96,1.000,True,,,False,,,False
1783432887128,2698,11.2091,0.0681,2.4057,-0.9156,-0.0314,-0.2752,0.755500,-0.112100,-0.629700,-0.141600,-2.9247,-7.7483,12.4198,3.5110,3.2336,1.2144,0.835700,-0.091800,0.204000,0.501500,-2.5604,1.3570,9.4548,0.0383,0.0169,0.0211,-0.527200,-0.146400,-0.002200,0.837000,False,False,True,Turning,1.000,5.96,1.000,True,,,False,,,False
1783432887148,2700,10.2336,1.9659,3.2688,-0.9846,0.2673,-0.4996,0.754800,-0.122200,-0.623000,-0.165100,-14.5984,-24.3699,5.4698,8.4129,2.5703,-3.0878,0.834600,0.015800,0.351000,0.424300,-2.5625,1.7658,9.5058,0.1240,0.0546,0.0441,-0.527500,-0.149000,-0.000100,0.836400,False,True,True,Turning,1.000,5.96,1.000,True,,,False,,,False
1783432887158,2701,9.8945,1.8387,2.4283,-1.0667,0.2074,-0.6365,0.753400,-0.126800,-0.619800,-0.179600,-18.8580,-12.3688,6.5770,5.0971,2.4411,-9.5520,0.865600,0.013700,0.401600,0.298800,-2.5525,1.9367,9.5454,0.1050,0.1392,0.0046,-0.527200,-0.150900,0.000300,0.836300,False,True,True,Turning,1.000,5.96,1.000,True,,,False,,,False
1783432887169,2702,10.0686,1.8920,1.3287,-1.1757,0.1137,-0.7146,0.750600,-0.132000,-0.617200,-0.195500,-9.3051,4.9874,8.8458,5.1535,1.8139,-7.7620,0.878600,0.023300,0.438600,0.187200,-2.6751,1.5695,9.4686,0.0972,0.1568,-0.0209,-0.526600,-0.153100,0.000300,0.836200,False,True,True,Turning,1.000,5.96,1.000,True,,,False,,,False
1783432887180,2703,9.6600,1.8927,0.8105,-1.1956,0.0690,-0.6948,0.747400,-0.137600,-0.614800,-0.211200,-2.2058,5.2245,10.5244,2.5257,0.3326,-4.4945,0.884900,0.025200,0.448300,0.123500,-2.6957,1.2573,9.3832,0.1642,0.1528,0.0077,-0.526300,-0.155600,0.001100,0.835900,False,True,True,Turning,1.000,5.96,1.000,True,,,False,,,False
1783432887201,2705,8.6971,1.2330,1.0257,-1.2963,0.1252,-0.6390,0.740800,-0.150600,-0.607900,-0.242900,0.0305,-6.2730,7.0980,1.4462,-1.3665,-3.0284,0.901200,0.025600,0.430800,0.040400,-2.6336,1.5600,9.1781,0.2139,0.1596,0.0339,-0.526000,-0.161500,0.003700,0.835000,False,True,True,Turning,1.000,5.96,1.000,True,,,False,,,False
1783432887211,2706,8.3710,1.1893,1.0066,-1.3745,0.1145,-0.5890,0.737100,-0.158400,-0.603800,-0.258800,-0.1018,-6.2263,6.6233,1.1899,-2.1351,-3.3804,0.912900,0.021600,0.407500,-0.005200,-2.7310,1.8198,9.1761,0.1660,0.1212,0.0069,-0.525600,-0.163700,0.004800,0.834800,False,True,True,Turning,1.000,5.96,1.000,True,,,False,,,False
1783432887222,2707,8.7733,0.0560,0.8809,-1.4097,0.1262,-0.5225,0.733500,-0.166900,-0.599100,-0.274300,-0.6215,-6.2808,6.9190,0.9063,-2.7210,-3.4376,0.925000,0.013900,0.376300,-0.050100,-2.7141,1.9500,9.1906,0.1446,0.0914,-0.0136,-0.525000,-0.165500,0.005800,0.834800,False,True,True,Turning,1.000,5.96,1.000,True,,,False,,,False
1783432887232,2708,9.0803,-0.2130,0.6247,-1.3130,0.0739,-0.4502,0.729600,-0.175200,-0.594900,-0.288200,-1.5211,-5.6588,8.5545,0.5505,-3.3220,-3.1847,0.937100,0.002900,0.337100,-0.090300,-2.6250,2.0866,9.1823,0.0938,0.0893,-0.0465,-0.524300,-0.166900,0.006100,0.835000,False,True,True,Turning,1.000,5.96,1.000,True,,,False,,,False
1783432887242,2709,9.2994,0.0225,0.1919,-1.2141,-0.0627,-0.3875,0.725000,-0.183500,-0.592000,-0.300500,-2.3804,-5.7079,9.6247,0.0965,-3.9006,-2.7344,0.948900,-0.012200,0.290400,-0.123000,-2.5384,2.0410,9.1188,0.0449,0.1319,-0.0883,-0.523100,-0.168400,0.005600,0.835400,False,True,True,Turning,1.000,5.96,1.000,True,,,False,,,False
1783432887252,2710,9.7651,0.0812,-0.0708,-1.0880,-0.1834,-0.3405,0.719800,-0.191400,-0.590400,-0.311000,-4.4015,-6.3704,11.1357,-0.4774,-4.2070,-2.2711,0.958900,-0.032900,0.240000,-0.147700,-2.7032,1.9857,9.2237,0.0283,0.2254,-0.1154,-0.521800,-0.170800,0.004300,0.835800,False,True,True,Turning,1.000,5.96,1.000,True,,,False,,,False
1783432887263,2711,9.8535,-0.0823,-0.2646,-0.9537,-0.2675,-0.2504,0.714500,-0.199100,-0.589800,-0.319400,-7.6836,-8.5946,13.2227,-1.2852,-4.2739,-2.3113,0.965000,-0.063500,0.189400,-0.169800,-2.8852,1.9082,9.2624,0.0136,0.2856,-0.1248,-0.520300,-0.173800,0.002400,0.836100,False,True,True,Turning,1.000,5.96,1.000,True,,,False,,,False
1783432887273,2712,9.5620,-0.1334,-0.3774,-0.8673,-0.2789,-0.1413,0.709600,-0.206900,-0.589200,-0.326200,-11.0707,-12.4628,15.0421,-1.5255,-4.1379,-3.1206,0.964800,-0.098300,0.139400,-0.200400,-3.1198,1.9347,9.1914,0.0106,0.3219,-0.1408,-0.518700,-0.177100,0.000200,0.836400,False,True,True,Turning,1.000,5.96,1.000,True,,,False,,,False
1783432887284,2713,9.2158,0.1903,-0.2882,-0.8122,-0.2340,-0.0528,0.705600,-0.214500,-0.588200,-0.331900,-15.5309,-12.8309,15.3581,-1.0801,-3.7838,-4.5110,0.956000,-0.128800,0.090200,-0.247800,-2.9138,1.9916,9.1221,-0.0326,0.3586,-0.1551,-0.517100,-0.180500,-0.002800,0.836700,False,True,True,Turning,1.000,5.96,1.000,True,,,False,,,False
1783432887294,2714,8.9348,0.8902,0.5879,-0.6847,-0.3271,0.0017,0.701300,-0.221900,-0.588400,-0.335900,-19.1518,0.2587,12.7081,-1.0363,-3.1088,-5.0709,0.939300,-0.156600,0.047500,-0.301400,-2.9030,1.8578,9.1318,-0.0419,0.4734,-0.1907,-0.515000,-0.185000,-0.006600,0.836900,False,True,True,Turning,1.000,5.96,1.000,True,,,False,,,False
1783432887305,2715,8.6862,1.0199,0.2087,-0.7066,-0.4728,0.0843,0.696100,-0.230600,-0.589400,-0.338800,-21.6158,4.0232,7.2837,-0.1925,-2.5576,-3.6155,0.925400,-0.170800,0.010700,-0.338200,-2.9088,1.6470,9.0319,0.0074,0.6025,-0.2409,-0.512300,-0.191200,-0.010900,0.837200,False,True,True,Turning,1.000,5.96,1.000,True,,,False,,,False
1783432887315,2716,9.5701,0.5267,-0.2612,-0.7297,-0.3436,0.0582,0.691700,-0.238700,-0.589300,-0.342500,-20.6193,5.2990,1.7448,0.8130,-1.8341,-1.9964,0.918300,-0.169700,-0.018500,-0.357200,-2.9423,1.7286,9.1726,0.0874,0.8242,-0.2681,-0.509000,-0.200200,-0.015800,0.837000,False,True,True,Turning,1.000,5.96,1.000,True,,,False,,,False
1783432887336,2718,11.3911,0.8507,-1.6252,-0.6160,-0.0616,0.0310,0.685900,-0.250900,-0.586200,-0.350700,-16.2223,-1.1823,-0.9451,-0.8955,0.3822,0.6885,0.917200,-0.189100,-0.018700,-0.350100,-3.0043,1.5994,9.3205,0.1331,1.5296,-0.2482,-0.502000,-0.233500,-0.033600,0.832100,False,False,True,Turning,1.000,5.96,1.000,True,,,False,,,False
1783432887346,2719,11.9286,1.0685,-1.5092,-0.5452,-0.0816,0.1900,0.684300,-0.257200,-0.584100,-0.352600,-0.2235,-6.0927,11.0544,2.9753,2.1491,-0.4816,0.921700,-0.145500,-0.008300,-0.359500,-3.5645,1.2590,9.2199,0.3780,2.4729,-0.1447,-0.498000,-0.261200,-0.045500,0.825700,False,False,True,Turning,1.000,5.96,1.000,True,,,False,,,False
1783432887357,2720,12.5959,-0.2145,-0.9447,-0.3439,-0.0702,0.1514,0.683400,-0.261500,-0.582900,-0.353400,4.2831,0.9033,6.2842,-0.0744,2.6167,-1.2919,0.915400,-0.134700,0.019700,-0.378700,-3.5844,1.8446,9.0596,0.5813,3.3269,-0.0603,-0.493000,-0.298800,-0.060200,0.814900,False,False,True,Turning,1.000,5.96,1.000,True,,,False,,,False
1783432887367,2721,12.1258,-0.8218,0.4058,-0.0832,-0.0749,0.0366,0.682700,-0.262700,-0.583200,-0.353300,-3.6918,8.5872,15.3612,0.5412,3.4248,0.2962,0.916100,-0.112300,0.056800,-0.380800,-3.5281,2.7258,9.0011,0.5136,4.3679,-0.0802,-0.486200,-0.345700,-0.082000,0.798300,False,False,True,Turning,1.000,5.96,1.000,True,,,False,,,False
1783432887378,2722,11.5590,-0.5487,2.9046,0.0726,-0.3908,0.0465,0.680300,-0.264100,-0.586800,-0.350900,-7.1053,-3.7327,16.2637,0.1955,2.9605,0.6526,0.916700,-0.095700,0.090500,-0.377300,-4.2671,2.8607,8.9420,0.3297,5.7873,-0.2319,-0.475200,-0.404200,-0.114600,0.773100,False,False,True,Turning,1.000,5.96,1.000,True,,,False,,,False
1783432887388,2723,11.0089,-0.4510,4.1541,0.1987,-0.3560,-0.0496,0.678000,-0.263500,-0.591100,-0.348500,-6.3825,-2.9713,15.7077,1.1574,1.3262,0.3709,0.918100,-0.075900,0.100600,-0.375800,-7.1942,3.0574,13.2127,0.5272,7.1836,-0.8578,-0.451900,-0.473600,-0.155900,0.739700,False,False,True,Turning,1.000,5.96,1.000,True,,,False,,,False
1783432887399,2724,10.1982,1.0085,4.1732,0.0142,-0.0232,-0.1126,0.677400,-0.262600,-0.591800,-0.349100,-3.7919,-2.4478,11.5591,0.6743,0.5012,0.1784,0.918900,-0.065800,0.103300,-0.375000,-13.0117,0.4669,15.3840,2.0882,8.4477,-1.1675,-0.409600,-0.558100,-0.190100,0.696200,False,False,True,Turning,1.000,5.96,1.000,True,,,False,,,False
1783432887410,2725,9.1210,1.5237,4.0728,-0.3240,0.3086,-0.1820,0.677800,-0.262600,-0.588600,-0.353900,-2.5724,-1.8444,10.8196,0.3828,0.1551,0.0057,0.919000,-0.060800,0.103300,-0.375500,-16.3543,6.0970,17.5621,2.1267,8.4954,-1.7367,-0.357000,-0.635000,-0.225800,0.646800,False,False,True,Turning,1.000,5.96,1.000,True,,,False,,,False
1783432887420,2726,9.6987,1.2481,3.5083,-0.4032,0.4095,-0.3042,0.678100,-0.261900,-0.584400,-0.360600,-1.4240,-1.6906,9.6971,0.0135,0.2018,-0.0040,0.918800,-0.059900,0.105500,-0.375700,-9.3468,2.1730,18.1136,1.4865,5.7798,-2.1912,-0.310100,-0.679900,-0.256100,0.613100,False,False,True,Turning,1.000,5.96,1.000,True,,,False,,,False
1783432887430,2727,10.8697,0.0021,3.3233,-0.3539,0.3841,-0.2400,0.678600,-0.261400,-0.580500,-0.366300,-1.8654,-2.1034,9.6206,-0.0998,0.2534,0.0126,0.918400,-0.060100,0.108900,-0.375600,-15.6914,0.5340,31.9862,2.3147,0.1245,-2.9930,-0.266800,-0.679300,-0.263800,0.630700,False,False,True,Turning,1.000,5.96,1.000,True,,,False,,,False
1783432887441,2728,10.7523,-0.8940,2.6842,-0.2141,0.2479,0.0092,0.679700,-0.262100,-0.577500,-0.368500,-1.8902,-1.9331,9.6117,-0.0953,0.2471,0.0188,0.918100,-0.060200,0.112200,-0.375300,-1.2470,5.7552,13.5466,2.3402,-4.3100,-2.6866,-0.239400,-0.642400,-0.253000,0.682700,False,False,True,Turning,1.000,5.96,1.000,True,,,False,,,False
1783432887451,2729,9.8057,-0.9242,2.0288,-0.1070,0.1196,0.2997,0.681500,-0.264600,-0.575200,-0.367000,-1.8602,-1.7465,9.5305,-0.1323,0.2356,0.0156,0.917800,-0.060700,0.115500,-0.375100,1.5638,7.0146,6.4725,1.2911,-4.5589,-1.7879,-0.227800,-0.600100,-0.241900,0.727700,True,False,True,Turning,1.000,5.96,1.000,True,,,False,,,False
1783432887462,2730,8.5179,-0.6729,1.7938,0.0073,0.0947,0.4209,0.684100,-0.267100,-0.573200,-0.363500,-1.7356,-1.9929,9.3217,-0.1551,0.2567,0.0263,0.917400,-0.061500,0.119100,-0.374700,-1.0876,6.1703,7.4715,0.5142,-4.8448,-0.5544,-0.233100,-0.554400,-0.226800,0.766100,True,False,True,Turning,1.000,5.96,1.000,True,,,False,,,False
1783432887472,2731,7.7825,-0.5852,1.6000,0.0425,0.1415,0.4258,0.687200,-0.269100,-0.570900,-0.359900,-2.0110,-2.3229,9.2425,-0.0941,0.2506,0.0648,0.917200,-0.061400,0.122500,-0.374000,-2.6859,3.7840,8.0757,0.4256,-5.6840,0.5653,-0.251000,-0.501000,-0.201300,0.803400,True,False,True,Turning,1.000,5.96,1.000,True,,,False,,,False
1783432887482,2732,7.6359,-0.7687,1.3012,0.1570,0.0838,0.3842,0.690000,-0.270100,-0.569700,-0.355600,-2.1050,-1.9355,9.3474,-0.0500,0.2167,0.0677,0.917200,-0.061100,0.125200,-0.373300,-3.7995,1.9305,7.9113,0.5994,-6.2675,1.2926,-0.275100,-0.441300,-0.166500,0.837800,True,False,True,Turning,1.000,5.96,1.000,True,,,False,,,False
1783432887493,2733,7.3717,-0.3436,1.1621,0.1916,0.0334,0.3322,0.692300,-0.270600,-0.569200,-0.351400,-2.1250,-1.8463,9.4026,-0.0971,0.1983,0.0554,0.917100,-0.061400,0.128000,-0.372600,-4.7987,0.8943,8.0995,0.6705,-6.4834,1.5346,-0.299800,-0.377000,-0.127700,0.867000,True,False,True,Turning,1.000,5.96,1.000,True,,,False,,,False
1783432887503,2734,7.3007,-0.0266,0.9284,0.1724,-0.0379,0.2574,0.693700,-0.271100,-0.569600,-0.347700,-2.1539,-1.9994,9.2116,-0.1319,0.1782,0.0601,0.917000,-0.062100,0.130700,-0.371800,-7.0827,0.3192,9.4008,1.0173,-6.3936,1.4390,-0.319600,-0.312100,-0.085100,0.890600,True,False,True,Turning,1.000,5.96,1.000,True,,,False,,,False
1783432887514,2735,7.3477,-0.1479,0.6371,0.1003,-0.0934,0.1518,0.693900,-0.271800,-0.570400,-0.345200,-2.0678,-2.1453,9.0638,-0.0936,0.1397,0.0858,0.917100,-0.062600,0.132800,-0.370700,-9.1528,0.0721,10.7113,1.8949,-5.7840,1.7020,-0.336100,-0.255600,-0.033600,0.905800,True,False,True,Turning,1.000,5.96,1.000,True,,,False,,,False
1783432887524,2736,7.2497,-0.4936,0.1944,0.0564,-0.2379,0.0301,0.692500,-0.272500,-0.572800,-0.343600,-2.1062,-2.0583,9.0905,-0.0266,0.1071,0.1056,0.917400,-0.062400,0.134200,-0.369500,-16.0022,3.0025,20.4763,2.0306,-5.1618,2.3248,-0.357000,-0.205500,0.018900,0.911000,True,False,True,Turning,1.000,5.96,1.000,True,,,False,,,False
1783432887534,2737,7.4842,-0.7564,-0.0189,-0.0270,-0.3581,-0.0883,0.689400,-0.273700,-0.576200,-0.343300,-2.1003,-2.2452,9.1428,0.0271,0.1023,0.1057,0.917700,-0.061600,0.135300,-0.368300,-21.8915,1.5393,20.0797,1.0198,-5.5319,2.7282,-0.382800,-0.145300,0.062500,0.910200,True,False,True,ReacquiringPd,0.000,5.96,0.000,False,,,False,,,False
1783432887546,2738,8.3054,-0.0815,-0.1884,-0.0046,-0.3606,-0.1834,0.685900,-0.273900,-0.580000,-0.343500,-1.8558,-2.3024,9.0361,0.1103,0.1526,0.1249,0.918100,-0.059700,0.136600,-0.367100,-26.3390,2.8864,13.6987,-0.1803,-5.5536,1.9493,-0.399600,-0.078900,0.090700,0.908800,True,False,True,ReacquiringPd,0.000,5.96,0.000,False,,,False,,,False
1783432887556,2739,10.6866,0.5029,0.4009,-0.0393,-0.2676,-0.1717,0.683100,-0.274200,-0.582900,-0.344200,-2.0230,-2.3693,9.2594,0.1611,0.3214,0.1395,0.918400,-0.056300,0.139600,-0.366000,-22.1967,-6.1027,-2.2825,0.8371,-4.5136,1.0415,-0.404600,-0.030200,0.123800,0.905600,True,False,True,ReacquiringPd,0.000,5.96,0.000,False,,,False,,,False
1783432887566,2740,11.7872,0.4821,0.9021,-0.1035,-0.2265,-0.0758,0.680700,-0.275500,-0.584800,-0.344700,-1.7739,-1.9258,9.3590,0.0824,0.5840,0.1524,0.918100,-0.052600,0.146100,-0.364700,-25.6897,-7.0785,-5.5736,2.7681,-2.2281,-0.3724,-0.395200,-0.019200,0.166400,0.903200,True,False,True,ReacquiringPd,0.000,5.96,0.000,False,,,False,,,False
1783432887576,2741,11.1156,1.1531,0.1016,-0.2917,-0.1912,-0.0193,0.678100,-0.278700,-0.585300,-0.346200,-1.5771,-1.6161,9.5577,-0.0463,0.9969,0.1547,0.916900,-0.048500,0.157800,-0.363500,-23.9670,-0.7879,-8.9496,0.3758,-0.4378,-0.8072,-0.384900,-0.017600,0.172700,0.906500,False,False,True,ReacquiringPd,0.000,5.96,0.000,False,,,False,,,False
1783432887587,2742,10.9664,-0.2686,-1.4036,-0.3015,-0.2090,0.0386,0.675600,-0.282400,-0.585800,-0.347300,-1.7855,-1.6798,9.9013,-0.3174,1.5824,0.2345,0.914400,-0.044600,0.177500,-0.361000,-10.7891,4.0023,1.6807,-1.4576,1.9212,-0.0751,-0.388100,-0.032400,0.147000,0.909300,False,False,True,ReacquiringPd,0.000,5.96,0.000,False,,,False,,,False
1783432887598,2743,12.0352,-2.4942,-1.2882,0.0800,-0.2843,0.0204,0.673800,-0.283100,-0.588600,-0.345400,-2.0891,-2.1409,9.8741,-0.2335,2.4268,0.2379,0.909600,-0.036000,0.206300,-0.358900,2.4519,4.7080,14.3848,-0.8627,1.7608,1.1699,-0.404500,-0.046000,0.129200,0.904200,False,False,True,ReacquiringPd,0.000,5.96,0.000,False,,,False,,,False
1783432887608,2744,12.9183,-1.7795,-0.4985,0.5708,-0.4482,0.0928,0.672900,-0.280900,-0.594700,-0.338700,-1.4622,-2.4031,9.3555,-0.1351,3.4221,0.3253,0.901300,-0.021500,0.245700,-0.356000,-2.5555,-7.8288,9.8691,-0.2123,3.0987,0.7778,-0.417800,-0.078600,0.111600,0.898200,False,False,True,ReacquiringPd,0.000,5.96,0.000,False,,,False,,,False
1783432887619,2745,11.7670,-0.0645,1.7069,0.6474,-0.4206,0.2168,0.672800,-0.278900,-0.600300,-0.330400,-0.3166,-3.9107,9.5784,0.0056,5.1631,0.8523,0.887400,0.004000,0.303500,-0.347000,-6.8768,-7.2026,14.4671,0.1097,3.1352,-0.8274,-0.412200,-0.115300,0.095600,0.898700,False,False,True,ReacquiringPd,0.000,5.96,0.000,False,,,False,,,False
1783432887628,2746,10.3149,1.4093,4.1614,0.3039,-0.1934,0.2993,0.673600,-0.279400,-0.602300,-0.324800,-2.0219,-2.6657,10.5313,0.1732,7.4769,1.3189,0.860800,0.043100,0.384100,-0.331100,-9.7978,16.0235,15.2522,-1.1224,2.2654,-0.5276,-0.410400,-0.135500,0.070500,0.899000,False,False,True,ReacquiringPd,0.000,5.96,0.000,False,,,False,,,False
1783432887639,2747,11.1134,2.5843,3.4545,-0.1394,-0.0358,0.3776,0.674200,-0.283600,-0.600800,-0.322400,-8.0972,-1.6994,17.0117,-0.6164,9.6736,1.9730,0.816500,0.085300,0.486400,-0.299200,-6.0721,-3.2186,14.2717,-1.2988,1.0997,-0.5929,-0.406600,-0.141700,0.049300,0.901200,False,False,True,ReacquiringPd,0.000,5.96,0.000,False,,,False,,,False
1783432887650,2748,10.4500,0.5331,3.0291,-0.0842,0.1629,0.3834,0.676600,-0.286600,-0.597900,-0.320300,-14.2172,-3.9591,18.7137,-1.1200,9.6485,2.3737,0.761700,0.123400,0.582400,-0.255700,-4.2475,0.5774,11.4798,-0.7765,0.2308,-0.2992,-0.404600,-0.140500,0.038900,0.902800,False,False,True,ReacquiringPd,0.000,5.96,0.000,False,,,False,,,False
1783432887660,2749,10.0431,-0.7835,3.5324,0.1294,0.3028,0.4385,0.681000,-0.287500,-0.594400,-0.316500,-9.7285,-7.1570,19.2062,0.5679,7.9018,2.5907,0.707700,0.172000,0.648400,-0.221700,-3.1533,1.9843,10.2101,-0.4841,-0.0765,-0.1753,-0.403300,-0.137300,0.033500,0.904100,False,False,True,ReacquiringPd,0.000,5.96,0.000,False,,,False,,,False
1783432887670,2750,11.0199,-0.3945,3.1642,0.1784,0.2853,0.3547,0.685100,-0.287600,-0.591500,-0.313100,-9.8227,-3.5414,31.3664,0.7001,3.6272,2.1738,0.681900,0.205500,0.672800,-0.200100,-2.4092,1.8812,9.4441,-0.3569,-0.0835,-0.1502,-0.402100,-0.134600,0.029600,0.905200,False,False,True,ReacquiringPd,0.000,5.96,0.000,False,,,False,,,False
1783432887680,2751,10.8161,0.8776,2.4577,0.1827,0.2420,0.0659,0.687700,-0.285600,-0.590100,-0.311900,-2.2802,-6.7664,23.0882,-0.7848,-3.2828,0.6380,0.712700,0.195600,0.644300,-0.196600,-2.5016,1.6602,9.4194,-0.3137,0.0246,-0.1154,-0.401200,-0.133300,0.025800,0.905900,False,False,True,ReacquiringPd,0.000,5.96,0.000,False,,,False,,,False
1783432887690,2752,9.6021,1.5980,1.6942,0.0972,0.1519,-0.2133,0.688300,-0.282600,-0.590000,-0.313500,1.9898,-4.4219,8.1874,0.0032,-4.3933,0.1913,0.747700,0.186000,0.603400,-0.205600,-2.5602,1.1810,9.5994,-0.2265,0.1090,-0.0639,-0.400800,-0.133400,0.022500,0.906100,False,False,True,ReacquiringPd,0.000,5.96,0.000,False,,,False,,,False
1783432887712,2754,8.3217,0.5500,1.2526,-0.0267,0.1857,-0.4597,0.687300,-0.275200,-0.590100,-0.322000,-2.9520,-2.6413,9.8134,-0.1602,-5.6109,-0.2520,0.824400,0.148300,0.494500,-0.232100,-2.5243,1.4324,9.2925,-0.0408,0.1402,-0.0327,-0.400200,-0.135900,0.019500,0.906100,False,True,True,ReacquiringPd,0.000,5.96,0.000,False,,,False,,,False
1783432887722,2755,7.4395,0.6468,1.1649,-0.1206,0.2096,-0.4203,0.686700,-0.272200,-0.589400,-0.327100,-4.1934,-1.6169,8.2825,-0.5342,-7.3443,-0.5664,0.865900,0.116900,0.418500,-0.247900,-2.4974,1.4474,9.2287,-0.0240,0.1324,-0.0364,-0.399800,-0.137300,0.018500,0.906100,False,True,True,ReacquiringPd,0.000,5.96,0.000,False,,,False,,,False
1783432887733,2756,7.2446,0.6394,0.9461,-0.2249,0.2154,-0.3574,0.686000,-0.270700,-0.588000,-0.332400,-4.9083,-1.0610,8.2682,-0.9144,-7.3602,-0.5944,0.900200,0.080400,0.340400,-0.259600,-2.4978,1.2001,9.2080,0.0295,0.1544,-0.0252,-0.399400,-0.139200,0.018000,0.906000,False,True,True,ReacquiringPd,0.000,5.96,0.000,False,,,False,,,False
1783432887743,2757,7.3528,0.3025,0.6376,-0.2698,0.1861,-0.3197,0.685000,-0.269800,-0.586500,-0.337600,-6.3207,-1.2310,11.2162,-1.2976,-7.1515,-0.4833,0.926600,0.039900,0.262800,-0.265900,-2.5213,1.2269,9.1681,0.0847,0.1800,-0.0203,-0.398900,-0.141600,0.018000,0.905800,False,True,True,ReacquiringPd,0.000,5.96,0.000,False,,,False,,,False
1783432887754,2758,7.5648,0.0497,0.3058,-0.2450,0.0359,-0.2246,0.683400,-0.270100,-0.586000,-0.341300,-9.4750,-3.1780,14.5578,-2.0666,-6.8196,-0.5987,0.950700,-0.013900,0.189700,-0.245000,-2.6194,1.4335,9.1550,0.0974,0.1888,-0.0405,-0.398300,-0.144300,0.018100,0.905700,False,True,True,ReacquiringPd,0.000,5.96,0.000,False,,,False,,,False
1783432887764,2759,7.5493,0.2085,-0.1542,-0.2079,-0.2132,-0.0951,0.680700,-0.272100,-0.587400,-0.342800,-15.1852,-6.9932,18.2225,-2.7748,-5.8483,-1.8479,0.955100,-0.069500,0.127300,-0.258500,-2.6190,1.4208,9.1176,0.0884,0.1754,-0.0719,-0.397200,-0.146700,0.018100,0.905700,False,True,True,ReacquiringPd,0.000,5.96,0.000,False,,,False,,,False
1783432887774,2760,7.3467,0.6231,-0.0078,-0.1838,-0.5207,0.0452,0.676400,-0.276200,-0.591100,-0.341900,-25.9929,-5.6915,19.7577,-2.2632,-5.4121,-3.7921,0.945800,-0.120100,0.065900,-0.294400,-2.4430,1.7002,8.9950,0.0786,0.2140,-0.1033,-0.395900,-0.149600,0.017700,0.905900,False,True,True,ReacquiringPd,0.000,5.96,0.000,False,,,False,,,False
1783432887784,2761,8.0864,1.4593,-0.1708,-0.2348,-0.6811,0.2056,0.671300,-0.282600,-0.595200,-0.339400,-29.3155,-0.6108,9.2644,0.1805,-4.9080,-4.2355,0.931400,-0.139500,0.000300,-0.336100,-2.2537,1.6163,9.1388,0.0383,0.3126,-0.1449,-0.394100,-0.153300,0.016300,0.906000,False,True,True,ReacquiringPd,0.000,5.96,0.000,False,,,False,,,False
1783432887806,2763,12.0409,0.1428,0.0802,-0.3263,-0.2637,0.2721,0.667300,-0.294300,-0.595100,-0.337600,-26.2746,10.8610,-4.9403,-0.3980,-2.0295,0.3177,0.920500,-0.147900,-0.073300,-0.354300,-2.6489,1.2990,9.6782,-0.0031,0.7692,-0.2316,-0.389100,-0.167800,0.009200,0.905700,False,True,True,ReacquiringPd,0.000,5.96,0.000,False,,,False,,,False
1783432887816,2764,11.1026,-0.2738,-1.5982,-0.0670,-0.0166,0.0845,0.667100,-0.295600,-0.595000,-0.337100,-21.5269,-6.5290,-5.7170,-2.1827,0.0882,1.1894,0.921300,-0.173900,-0.060400,-0.342500,-2.0952,1.5174,9.8019,0.0658,1.1836,-0.3070,-0.385500,-0.181600,0.003500,0.904700,False,False,True,ReacquiringPd,0.000,-169.48,0.000,False,,,False,,,False
1783432887826,2765,10.8289,1.4787,-1.4291,-0.0735,0.0898,0.0010,0.667400,-0.295800,-0.594100,-0.337800,-2.3270,-5.1611,11.6346,1.6155,2.6671,-1.0703,0.921500,-0.143100,-0.038900,-0.358900,-2.3642,0.8727,10.1496,0.1615,1.9896,-0.4061,-0.380400,-0.204800,-0.005200,0.901800,False,False,True,ReacquiringPd,0.000,-169.48,0.000,False,,,False,,,False
1783432887837,2766,12.3306,2.1711,-0.5412,-0.0780,0.0417,-0.0756,0.667000,-0.295700,-0.593800,-0.339000,3.8564,4.3127,8.3212,-0.6739,2.9345,-1.0507,0.916400,-0.137300,-0.003900,-0.376100,-2.5414,1.7346,10.1310,0.3041,2.9444,-0.5472,-0.372900,-0.239200,-0.017200,0.896300,False,False,True,ReacquiringPd,0.000,-169.48,0.000,False,,,False,,,False
1783432887848,2767,11.8421,0.3773,0.9379,0.0328,-0.2489,-0.1611,0.664500,-0.295300,-0.596800,-0.339100,-3.2244,5.6712,13.6143,-0.5577,3.8464,0.1151,0.915100,-0.125700,0.043000,-0.380800,-1.5676,2.9000,10.0777,0.0214,4.6165,-0.9102,-0.361000,-0.290400,-0.041100,0.885300,False,False,True,ReacquiringPd,0.000,-169.48,0.000,False,,,False,,,False
1783432887858,2768,10.6574,-1.0236,2.3295,0.0544,-0.4358,-0.1869,0.660600,-0.295300,-0.601600,-0.338400,-6.2164,-6.1367,15.2962,-0.7327,3.7262,0.7052,0.914200,-0.116000,0.090200,-0.377600,-2.4291,4.0043,10.6789,-0.4826,6.6546,-1.5271,-0.341000,-0.359900,-0.081800,0.864600,False,False,True,ReacquiringPd,0.000,-169.48,0.000,False,,,False,,,False
1783432887869,2769,10.6771,-1.4825,3.5648,0.2200,-0.2943,-0.2121,0.658200,-0.293100,-0.605900,-0.337300,-9.6583,-4.8228,17.3894,1.1847,1.7467,0.3587,0.915400,-0.094000,0.105100,-0.377200,-6.6812,2.4260,14.5539,-0.7993,8.9944,-2.3715,-0.307500,-0.448500,-0.138800,0.827700,False,False,True,ReacquiringPd,0.000,-169.48,0.000,False,,,False,,,False
1783432887879,2770,11.4238,-0.9935,3.8340,0.2777,0.1305,-0.3158,0.658800,-0.287800,-0.607300,-0.338100,-4.2286,-2.8444,11.8360,0.7322,0.4668,0.2394,0.916700,-0.083200,0.107300,-0.375800,-14.8050,2.7127,20.5415,0.3297,9.8144,-2.7696,-0.257500,-0.542500,-0.187300,0.777300,False,False,True,ReacquiringPd,0.000,-169.48,0.000,False,,,False,,,False
1783432887890,2771,11.0184,1.2512,4.0492,0.0898,0.4554,-0.5015,0.660400,-0.281400,-0.605900,-0.343100,-2.6965,-1.5693,11.2852,0.3906,0.0974,0.0571,0.917200,-0.078400,0.106700,-0.375700,-14.6385,7.1373,21.9871,-0.1063,8.3439,-3.1354,-0.206700,-0.612300,-0.235200,0.726000,False,False,True,ReacquiringPd,0.000,-169.48,0.000,False,,,False,,,False
1783432887901,2772,11.6886,1.5470,3.4076,-0.1435,0.5474,-0.4975,0.661800,-0.276400,-0.602600,-0.350000,-1.7868,-2.2363,9.7737,0.0928,0.0611,0.0078,0.917300,-0.077200,0.107100,-0.375700,-10.5778,3.5016,29.3752,0.1599,4.0530,-2.7773,-0.168000,-0.640000,-0.264900,0.701400,False,False,True,ReacquiringPd,0.000,-169.48,0.000,False,,,False,,,False
1783432887911,2773,11.9343,0.1918,2.6748,-0.2369,0.4300,-0.1647,0.663400,-0.275200,-0.598700,-0.354500,-1.4396,-2.2691,9.3461,0.0387,0.1124,0.0374,0.917400,-0.076300,0.108400,-0.375300,0.7068,9.1047,19.4140,2.1373,-2.7955,-0.8220,-0.152800,-0.616400,-0.246400,0.732100,False,False,True,ReacquiringPd,0.000,-169.48,0.000,False,,,False,,,False
1783432887921,2774,10.6000,-0.9695,1.7875,-0.1841,0.2017,0.2967,0.665500,-0.278100,-0.595400,-0.354000,-1.3075,-2.5528,8.7634,0.1673,0.2460,0.0853,0.917600,-0.073300,0.110600,-0.374700,5.3077,7.3182,6.4054,1.3311,-2.8027,0.2975,-0.153900,-0.593500,-0.226200,0.756900,False,False,True,ReacquiringPd,0.000,-169.48,0.000,False,,,False,,,False
1783432887932,2775,8.4863,-1.2859,1.0863,-0.0531,0.0823,0.4650,0.667900,-0.281600,-0.593000,-0.350700,-1.8400,-2.1249,9.3817,0.3259,0.2863,0.0884,0.917900,-0.068200,0.112500,-0.374300,0.4490,4.1779,8.7806,0.8875,-3.0729,1.0495,-0.165800,-0.568200,-0.203600,0.779800,True,False,True,ReacquiringPd,0.000,-169.48,0.000,False,,,False,,,False
1783432887942,2776,7.6387,-0.9158,0.8081,-0.0078,0.1015,0.4005,0.670300,-0.284200,-0.590800,-0.347600,-2.0998,-1.7677,9.6599,0.2382,0.2348,0.0924,0.918300,-0.064400,0.114300,-0.373600,-3.9241,2.8676,12.0752,0.7757,-4.5890,1.6418,-0.187700,-0.527900,-0.174200,0.809800,True,False,True,ReacquiringPd,0.000,-169.48,0.000,False,,,False,,,False
1783432887954,2777,7.2342,-0.7721,0.8599,0.0581,0.1502,0.2975,0.672800,-0.285300,-0.588900,-0.345100,-1.9261,-1.8979,9.3040,0.1208,0.2042,0.1009,0.918500,-0.062100,0.116200,-0.372700,-5.5069,0.8840,11.2000,0.6249,-6.3137,1.9357,-0.216300,-0.467500,-0.139400,0.845700,True,False,True,ReacquiringPd,0.000,-169.48,0.000,False,,,False,,,False
1783432887965,2778,7.1688,-0.3169,0.9017,0.1031,0.1632,0.2174,0.675300,-0.285300,-0.587300,-0.343000,-1.9408,-2.0680,9.2615,0.0978,0.1899,0.1084,0.918900,-0.060100,0.118100,-0.371700,-5.0064,-0.9912,8.6596,0.7410,-6.8339,1.8152,-0.242200,-0.398200,-0.101700,0.878900,True,False,True,ReacquiringPd,0.000,-169.48,0.000,False,,,False,,,False
1783432887975,2779,7.4163,-0.3195,0.6500,0.0699,0.1135,0.1512,0.676900,-0.285400,-0.586300,-0.341500,-2.0666,-1.7912,9.3378,0.1197,0.1549,0.1057,0.919200,-0.058000,0.119500,-0.370600,-7.1507,-0.6064,10.9971,0.9805,-6.7099,1.5469,-0.261900,-0.327500,-0.062200,0.905700,True,False,True,ReacquiringPd,0.000,-169.48,0.000,False,,,False,,,False
1783432887986,2780,7.2080,-0.3838,0.0813,0.0850,0.0087,0.0600,0.677500,-0.285100,-0.586500,-0.340300,-2.0173,-1.8463,9.2405,0.1658,0.1251,0.1231,0.919700,-0.055500,0.120400,-0.369500,-10.4869,0.4201,14.4882,1.4313,-6.7969,1.5628,-0.278000,-0.254800,-0.016900,0.926000,True,False,True,ReacquiringPd,0.000,-169.48,0.000,False,,,False,,,False
1783432887997,2781,7.2219,-0.1614,-0.5072,0.0925,-0.0959,-0.0150,0.676900,-0.284600,-0.587900,-0.339300,-1.8071,-1.9810,9.0610,0.2397,0.1192,0.1707,0.920500,-0.052100,0.120900,-0.367800,-13.1041,2.7852,16.3077,2.1702,-6.2516,2.1122,-0.295800,-0.189000,0.037000,0.935600,True,False,True,ReacquiringPd,0.000,-169.48,0.000,False,,,False,,,False
1783432888008,2782,7.0223,-0.1373,-0.6892,0.0102,-0.2392,-0.0995,0.674700,-0.284900,-0.590400,-0.339100,-1.5528,-2.0579,8.9847,0.3472,0.1970,0.2590,0.921600,-0.046900,0.121800,-0.365400,-22.0783,5.7910,21.8944,2.0075,-5.6437,3.3986,-0.327100,-0.127700,0.089500,0.932000,True,False,True,ReacquiringPd,0.000,-169.48,0.000,False,,,False,,,False
1783432888019,2783,7.0228,-0.3199,-0.6194,-0.1863,-0.3415,-0.2380,0.670400,-0.286200,-0.593500,-0.341200,-2.4078,-1.5643,9.5226,0.3557,0.2922,0.2964,0.922800,-0.041200,0.123800,-0.362600,-26.8885,2.2975,15.0784,0.4390,-5.5451,4.1201,-0.366800,-0.059500,0.123800,0.920100,True,False,True,ReacquiringPd,0.000,-169.48,0.000,False,,,False,,,False
1783432888029,2784,10.0732,-0.6761,0.7515,-0.2197,-0.2058,-0.3166,0.666700,-0.286600,-0.595600,-0.344600,-2.1203,-1.6399,9.4611,0.2859,0.4269,0.2467,0.923400,-0.035700,0.127600,-0.360300,-26.6009,-7.2920,1.6515,-0.3665,-4.4034,3.1104,-0.395000,-0.001900,0.142000,0.907600,True,False,True,ReacquiringPd,0.000,-169.48,0.000,False,,,False,,,False
1783432888039,2785,12.6990,0.2741,1.2244,0.0178,-0.1457,-0.1896,0.664800,-0.285700,-0.597700,-0.345400,-1.8638,-1.3757,9.6133,0.1542,0.6797,0.2646,0.923500,-0.030600,0.135000,-0.357700,-26.9595,-10.8175,-11.6965,-0.0887,-2.6727,0.0500,-0.390500,0.029200,0.154200,0.907100,True,False,True,ReacquiringPd,0.000,-169.48,0.000,False,,,False,,,False
1783432888050,2786,12.2425,-0.0123,0.1264,-0.1436,-0.1319,0.0217,0.663300,-0.287600,-0.598200,-0.345700,-1.3575,-0.9466,9.9356,0.0135,1.1149,0.2541,0.922700,-0.025200,0.148000,-0.355100,-26.9844,-2.6681,-10.4828,2.2666,-0.1465,-1.4991,-0.373700,0.017000,0.181100,0.909500,False,False,True,ReacquiringPd,0.000,-169.48,0.000,False,,,False,,,False
1783432888060,2787,10.7571,-0.5168,-2.4300,-0.1287,-0.2294,0.2190,0.661900,-0.291400,-0.598900,-0.343900,-1.6147,-0.8900,10.0616,-0.1271,2.0008,0.2090,0.919600,-0.017600,0.171700,-0.352900,-10.6923,9.2814,3.2393,-0.6776,1.7624,-0.5423,-0.371100,-0.001100,0.165300,0.913800,False,False,True,ReacquiringPd,0.000,-169.48,0.000,False,,,False,,,False
1783432888070,2788,11.2475,-2.8769,-2.1968,0.2349,-0.3169,0.1996,0.661200,-0.292300,-0.601900,-0.339200,-2.0597,-1.1581,9.9659,-0.2004,3.0164,0.2884,0.913700,-0.006100,0.207300,-0.349500,1.8330,8.6208,18.7797,-1.4515,1.9766,1.0205,-0.386400,-0.014900,0.139500,0.911600,False,False,True,ReacquiringPd,0.000,-169.48,0.000,False,,,False,,,False
1783432888080,2789,13.1788,-1.6690,-1.1428,0.6362,-0.3985,0.1945,0.661200,-0.290200,-0.607300,-0.331200,-0.1751,-3.0879,9.5995,-0.1061,4.6255,0.6228,0.902900,0.014400,0.260300,-0.341800,2.3053,-6.9212,4.2101,-0.0092,3.2696,1.1881,-0.405000,-0.050000,0.123800,0.904500,False,False,True,ReacquiringPd,0.000,-169.48,0.000,False,,,False,,,False
1783432888090,2790,11.5465,0.3336,1.4434,0.7160,-0.3577,0.2004,0.661800,-0.287400,-0.612700,-0.322700,-1.1291,-4.3074,9.0749,0.4541,6.5429,1.4297,0.884500,0.051800,0.331000,-0.324700,-6.0813,-11.4899,13.3362,0.1637,4.0268,-0.6272,-0.403300,-0.097300,0.104700,0.903800,False,False,True,ReacquiringPd,0.000,-169.48,0.000,False,,,False,,,False
1783432888100,2791,10.3209,1.9270,5.3071,0.3383,0.0550,0.1575,0.663900,-0.285600,-0.613100,-0.318800,-4.3712,-1.4931,13.7966,0.5614,9.1327,2.3374,0.849800,0.104100,0.425700,-0.293000,-14.5456,20.0430,18.7114,-1.1136,2.9177,-0.7145,-0.400000,-0.125600,0.076400,0.904600,False,False,True,ReacquiringPd,0.000,-169.48,0.000,False,,,False,,,False
1783432888111,2792,12.1926,5.4019,5.2779,-0.2963,0.2181,0.5520,0.666600,-0.291500,-0.608300,-0.317200,-14.4203,-1.1269,22.1267,-1.0827,10.5725,2.6553,0.796900,0.144100,0.534300,-0.242600,-6.6245,-7.4983,16.3687,-1.2287,1.3023,-0.4643,-0.397600,-0.134700,0.055200,0.905900,False,False,True,ReacquiringPd,0.000,-169.48,0.000,False,,,False,,,False
1783432888122,2793,10.2356,1.4431,3.2803,-0.4542,0.1768,0.7602,0.669200,-0.300400,-0.602300,-0.314800,-12.9745,-6.4779,20.9905,-0.1860,8.9957,2.9376,0.740600,0.187800,0.615200,-0.194200,-4.4828,2.1790,11.2746,-0.4900,0.4073,-0.1415,-0.397000,-0.137000,0.047400,0.906300,False,False,True,ReacquiringPd,0.000,-169.48,0.000,False,,,False,,,False
1783432888132,2794,11.0981,-2.6223,3.2324,-0.1634,0.2978,0.5974,0.673100,-0.305100,-0.597100,-0.312000,-10.3552,-6.7182,26.9664,1.9063,5.7189,2.9161,0.696900,0.240800,0.654400,-0.167700,-2.9153,2.0580,10.0743,-0.1607,0.0537,-0.0143,-0.397100,-0.137000,0.045200,0.906400,False,False,True,ReacquiringPd,0.000,-169.48,0.000,False,,,False,,,False
1783432888142,2795,12.0666,-1.3201,2.7637,0.0518,0.2862,0.1161,0.675800,-0.304400,-0.594600,-0.311700,-5.6615,-8.9763,33.2910,-0.2128,-1.5743,0.4340,0.711400,0.238900,0.639600,-0.166900,-2.6666,2.0561,9.6118,-0.0142,0.1260,-0.0115,-0.396900,-0.138400,0.044300,0.906300,False,False,True,ReacquiringPd,0.000,-169.48,0.000,False,,,False,,,False
1783432888153,2796,10.5006,2.1689,1.9601,0.0467,0.2103,-0.3113,0.676200,-0.301000,-0.594300,-0.314600,3.2011,-6.6439,9.2326,-0.7479,-4.2355,-1.2122,0.744100,0.213000,0.605900,-0.184100,-2.3441,1.6158,9.3357,0.0342,0.1652,-0.0265,-0.396600,-0.140600,0.043700,0.906100,False,False,True,ReacquiringPd,0.000,-169.48,0.000,False,,,False,,,False
1783432888163,2797,9.2690,3.0637,1.6364,-0.2563,0.1630,-0.4922,0.674500,-0.298800,-0.593800,-0.321200,2.3698,-2.3071,5.2387,-0.4372,-4.2167,-1.4854,0.772900,0.187200,0.570400,-0.205500,-2.5578,1.5795,9.4115,0.0854,0.2458,-0.0232,-0.396200,-0.143900,0.043300,0.905800,False,False,True,ReacquiringPd,0.000,-169.48,0.000,False,,,False,,,False
1783432888173,2798,8.1816,1.4942,1.2240,-0.5418,0.1231,-0.5036,0.671200,-0.299200,-0.592600,-0.329800,-2.1284,-0.6861,9.4276,-0.4534,-4.8980,-1.2231,0.804400,0.160700,0.525700,-0.225100,-2.6767,1.8065,9.2962,0.0919,0.2538,-0.0222,-0.395800,-0.147400,0.043000,0.905400,False,True,True,ReacquiringPd,0.000,-169.48,0.000,False,,,False,,,False
1783432888185,2799,7.1348,0.4902,1.0965,-0.6198,0.1710,-0.4913,0.668000,-0.300000,-0.590500,-0.339100,-4.9663,-1.3618,11.4679,-0.6512,-6.4534,-1.0632,0.842600,0.128100,0.462800,-0.243700,-2.6315,2.1051,9.0013,0.0460,0.2013,-0.0438,-0.395200,-0.150000,0.042300,0.905300,False,True,True,ReacquiringPd,0.000,-169.48,0.000,False,,,False,,,False
1783432888195,2800,6.7885,-0.0469,1.0893,-0.6470,0.2419,-0.5130,0.665100,-0.300600,-0.587800,-0.348900,-5.2478,-1.3632,9.8356,-0.6904,-7.3576,-1.0556,0.879600,0.091400,0.386800,-0.261600,-2.5394,1.9180,9.0570,-0.0416,0.1659,-0.0777,-0.394400,-0.151800,0.040800,0.905400,False,True,True,ReacquiringPd,0.000,-169.48,0.000,False,,,False,,,False
1783432888206,2801,6.9537,0.0611,0.8109,-0.6734,0.2658,-0.4528,0.662500,-0.301700,-0.584500,-0.358500,-6.2567,-1.1052,10.5566,-0.9716,-7.4150,-1.0646,0.909200,0.050500,0.307600,-0.275800,-2.6571,1.6966,9.1151,-0.0903,0.1407,-0.1118,-0.393300,-0.153100,0.038800,0.905700,False,True,True,ReacquiringPd,0.000,-169.48,0.000,False,,,False,,,False
1783432888216,2802,7.2638,-0.0927,0.2179,-0.6561,0.1627,-0.2680,0.659900,-0.304400,-0.581300,-0.366000,-8.6677,-1.9043,14.7117,-1.4911,-7.2062,-1.1185,0.930200,0.003800,0.229900,-0.286100,-2.8302,1.7166,9.1221,-0.0527,0.1278,-0.1167,-0.392000,-0.154500,0.037300,0.906100,False,True,True,ReacquiringPd,0.000,-169.48,0.000,False,,,False,,,False
1783432888226,2803,7.6267,-0.3932,-0.6174,-0.5395,-0.0514,-0.0929,0.657000,-0.308400,-0.579700,-0.370400,-11.8716,-3.4259,18.8762,-2.3976,-6.6013,-1.3825,0.940600,-0.052100,0.160500,-0.294500,-2.6880,1.7784,9.0990,-0.0154,0.1308,-0.1219,-0.390600,-0.156100,0.036100,0.906500,False,True,True,ReacquiringPd,0.000,-169.48,0.000,False,,,False,,,False
1783432888237,2804,7.6985,-0.5983,-0.9841,-0.3472,-0.3735,0.0761,0.653200,-0.313600,-0.581000,-0.370800,-21.9980,-4.3617,24.3643,-3.2893,-5.9485,-2.4181,0.937700,-0.117600,0.100100,-0.311200,-2.5084,1.9060,9.1296,-0.0712,0.1689,-0.1974,-0.388500,-0.157800,0.034000,0.907200,False,True,True,ReacquiringPd,0.000,-169.48,0.000,False,,,False,,,False
1783432888247,2805,7.7599,-0.2645,-0.8482,-0.1095,-0.6563,0.2457,0.649000,-0.319300,-0.585000,-0.366900,-30.8782,-4.8469,17.6950,-1.4970,-5.9425,-3.3927,0.926100,-0.162400,0.030600,-0.339000,-2.3873,1.9764,9.0283,-0.1882,0.2825,-0.3061,-0.385400,-0.160300,0.029800,0.908200,False,True,True,ReacquiringPd,0.000,-169.48,0.000,False,,,False,,,False
1783432888258,2806,9.9359,0.0679,0.3577,-0.1903,-0.5116,0.4462,0.646500,-0.326500,-0.586600,-0.362500,-29.8377,-0.1019,1.8452,1.9411,-5.1229,-3.2823,0.915200,-0.162700,-0.043800,-0.366100,-3.0746,2.0549,9.3914,-0.1869,0.4096,-0.2865,-0.382600,-0.164300,0.025100,0.908800,False,True,True,ReacquiringPd,0.000,-169.48,0.000,False,,,False,,,False
1783432888268,2807,12.9627,0.4538,0.7516,-0.1116,-0.1921,0.4023,0.646300,-0.331200,-0.586100,-0.359200,-30.0983,17.8431,-6.8116,0.3020,-3.4787,-0.6867,0.909800,-0.174900,-0.086500,-0.366200,-2.7195,1.3655,9.4627,-0.1373,0.6142,-0.2946,-0.379600,-0.170800,0.019900,0.909000,False,True,True,ReacquiringPd,0.000,-169.48,0.000,False,,,False,,,False
1783432888278,2808,11.7420,-0.0638,-0.5400,-0.1011,-0.0507,0.1976,0.646300,-0.333700,-0.585400,-0.358000,-30.0847,3.1628,-10.0938,-1.3799,-0.8513,1.3205,0.911600,-0.196000,-0.087000,-0.350700,-2.5109,1.1889,9.6481,0.0208,0.9898,-0.2893,-0.376400,-0.182300,0.014700,0.908200,False,False,True,ReacquiringPd,0.000,-172.69,1.000,True,,,False,,,False
1783432888289,2809,10.6666,-0.0549,-1.9838,-0.0566,0.1085,-0.0417,0.646600,-0.333400,-0.584600,-0.359100,-6.9931,-9.3712,6.9115,2.2200,1.8668,0.5203,0.920700,-0.163100,-0.074000,-0.346600,-2.0938,1.3746,9.9320,0.1638,1.7211,-0.2810,-0.373000,-0.202700,0.007800,0.905400,False,False,True,Straight,1.000,-172.69,1.000,True,,,False,,,False
1783432888299,2810,11.8676,1.6926,-1.0600,-0.0040,0.1012,-0.1526,0.646600,-0.331900,-0.584600,-0.360700,8.5317,-2.4050,8.9669,-0.4093,2.0848,-0.7190,0.918400,-0.158200,-0.049600,-0.359200,-2.6952,1.2353,10.0760,0.2874,2.6686,-0.3678,-0.368000,-0.234200,-0.002400,0.899800,False,False,True,Straight,1.000,-172.69,1.000,True,,,False,,,False
1783432888310,2811,12.3388,0.8650,0.6047,0.1317,0.1048,-0.2156,0.646800,-0.328800,-0.585300,-0.361800,-3.6593,5.6340,13.0444,-0.7784,3.9248,-0.3816,0.916500,-0.149300,-0.001700,-0.371200,-1.4359,3.0961,9.7981,0.2406,4.1781,-0.6460,-0.359300,-0.282000,-0.020900,0.889300,False,False,True,Straight,1.000,-172.69,1.000,True,,,False,,,False
1783432888320,2812,11.4231,0.0237,2.2976,0.1872,-0.4623,-0.2452,0.643000,-0.327500,-0.591100,-0.360400,-2.5903,1.5699,13.9126,-0.6725,3.8788,0.8612,0.918100,-0.138900,0.047600,-0.368100,-2.0106,3.4262,10.0634,-0.1239,6.1830,-1.1696,-0.343900,-0.349000,-0.054200,0.870000,False,False,True,Straight,1.000,-172.69,1.000,True,,,False,,,False
1783432888330,2813,10.4654,-1.3901,3.1510,0.3146,-0.3584,-0.2544,0.640400,-0.324700,-0.596600,-0.358500,-11.9654,-13.4819,17.6814,0.5078,3.1690,0.4659,0.918500,-0.118200,0.082500,-0.368200,-5.6209,2.8472,12.4984,-0.4127,8.7551,-1.8920,-0.317000,-0.438800,-0.104200,0.834300,False,False,True,Straight,1.000,-172.69,1.000,True,,,False,,,False
1783432888340,2814,10.6811,-1.1716,3.6132,0.5348,-0.0264,-0.3711,0.640600,-0.317800,-0.600800,-0.357300,-3.4668,2.8868,14.5625,1.2715,1.4029,0.3555,0.920300,-0.096900,0.093400,-0.367200,-12.4768,1.2880,18.7234,1.0825,10.1620,-2.4067,-0.270100,-0.541800,-0.145400,0.782500,False,False,True,Straight,1.000,-172.69,1.000,True,,,False,,,False
1783432888351,2815,10.1203,0.2440,4.0510,0.4508,0.3721,-0.6274,0.642300,-0.307800,-0.602400,-0.360300,-3.6168,-3.0765,11.7472,0.8661,0.4921,0.2080,0.921700,-0.084500,0.095500,-0.366400,-17.4119,6.4652,21.6861,0.8905,9.2056,-2.9735,-0.216400,-0.625200,-0.186800,0.726200,False,False,True,Straight,1.000,-172.69,1.000,True,,,False,,,False
1783432888362,2816,11.1110,2.2376,3.6088,0.1148,0.5657,-0.7127,0.643700,-0.299000,-0.601200,-0.367200,-2.3761,-1.9535,10.9200,0.3970,0.1136,0.0702,0.922300,-0.079400,0.095300,-0.366100,-7.3844,4.8236,17.2928,0.3148,6.4914,-3.3706,-0.167300,-0.674300,-0.227000,0.682400,False,False,True,Straight,1.000,-172.69,1.000,True,,,False,,,False
1783432888372,2817,12.4414,1.4988,2.9800,-0.0754,0.5412,-0.4468,0.645300,-0.293700,-0.598300,-0.373300,-1.7153,-1.9535,10.0405,0.0960,0.0584,0.0221,0.922400,-0.078100,0.095700,-0.365900,-13.3224,6.6515,32.0945,1.7518,0.6895,-1.8503,-0.134800,-0.678100,-0.229000,0.685200,False,False,True,Straight,1.000,-172.69,1.000,True,,,False,,,False
1783432888383,2818,11.7530,-0.0634,2.3811,-0.0730,0.3264,0.0688,0.647700,-0.293300,-0.595200,-0.374400,-1.3666,-2.1710,9.4293,-0.0288,0.1204,0.0347,0.922400,-0.077900,0.097500,-0.365500,0.3715,10.0361,13.4528,1.2255,-3.5480,-0.0350,-0.134200,-0.648700,-0.212600,0.718300,False,False,True,Straight,1.000,-172.69,1.000,True,,,False,,,False
1783432888393,2819,9.5607,-1.0991,1.5060,0.0272,0.1675,0.4092,0.650900,-0.295400,-0.592500,-0.371400,-1.6286,-2.0748,9.5597,-0.0588,0.1668,0.0455,0.922300,-0.077900,0.099900,-0.365000,1.3356,5.2458,7.1832,0.0940,-3.9022,1.0059,-0.152800,-0.615300,-0.196700,0.747900,False,False,True,Straight,1.000,-172.69,1.000,True,,,False,,,False
1783432888403,2820,8.1543,-1.2117,1.0307,0.0921,0.1240,0.5113,0.654500,-0.297800,-0.590200,-0.367000,-1.6589,-1.8322,9.4998,-0.1692,0.1644,0.0453,0.922200,-0.079100,0.102800,-0.364400,-1.6400,2.5217,7.4657,-0.1526,-4.6240,1.3969,-0.178300,-0.573800,-0.178100,0.779200,True,False,True,Straight,1.000,-172.69,1.000,True,,,False,,,False
1783432888413,2821,7.2693,-0.9637,0.8216,0.2117,0.0978,0.4820,0.658100,-0.299200,-0.588600,-0.361700,-1.3353,-1.9591,9.0038,-0.2145,0.1932,0.0638,0.922000,-0.080700,0.106200,-0.363500,-3.9491,1.2332,8.2662,-0.0483,-5.6580,1.2763,-0.203300,-0.519600,-0.156200,0.815000,True,False,True,Straight,1.000,-172.69,1.000,True,,,False,,,False
1783432888434,2823,6.5195,-0.3421,0.5533,0.3858,0.0544,0.3413,0.665100,-0.298000,-0.588100,-0.350700,-1.5768,-2.2465,8.9422,-0.0134,0.2418,0.1146,0.922300,-0.078700,0.112300,-0.361200,-6.1893,0.9347,8.8062,0.9102,-6.8343,1.0661,-0.240600,-0.384200,-0.093100,0.886500,True,False,True,Straight,1.000,-172.69,1.000,True,,,False,,,False
1783432888445,2824,6.6958,-0.2643,0.3023,0.3561,-0.0011,0.2621,0.667500,-0.296900,-0.588800,-0.345800,-1.8774,-1.9676,9.2662,0.0291,0.2387,0.1142,0.922600,-0.077200,0.115400,-0.360000,-8.7836,2.7179,11.6203,1.1600,-7.0983,1.2777,-0.256500,-0.308600,-0.052200,0.914500,True,False,True,Straight,1.000,-172.69,1.000,True,,,False,,,False
1783432888455,2825,7.1123,-0.0787,-0.1857,0.2894,-0.0359,0.1366,0.668900,-0.295700,-0.589900,-0.342300,-1.9018,-2.1498,9.1714,0.0243,0.2121,0.1147,0.922800,-0.075900,0.118000,-0.358900,-10.1059,1.6808,13.0780,1.5220,-7.1055,1.6845,-0.273500,-0.231600,-0.005200,0.933600,True,False,True,Straight,1.000,-172.69,1.000,True,,,False,,,False
1783432888466,2826,7.4686,0.2549,-0.4705,0.0901,-0.0892,-0.0120,0.668400,-0.295300,-0.591200,-0.341300,-1.9104,-2.4628,9.0029,0.0936,0.2013,0.1275,0.923100,-0.073800,0.120200,-0.357700,-13.6133,0.6556,16.0095,2.5623,-5.7950,1.9649,-0.288500,-0.171700,0.050400,0.940600,True,False,True,Straight,1.000,-172.69,1.000,True,,,False,,,False
1783432888477,2827,8.0828,-0.1288,-0.2001,-0.0945,-0.1945,-0.1505,0.666000,-0.295800,-0.593000,-0.342500,-1.7932,-2.3528,9.0981,0.1827,0.2387,0.1237,0.923500,-0.070500,0.122400,-0.356600,-25.7847,-0.3893,22.2429,3.0064,-5.3740,2.4493,-0.306500,-0.116900,0.110400,0.938200,True,False,True,Straight,1.000,-172.69,1.000,True,,,False,,,False
1783432888488,2828,8.9159,-0.5226,0.3996,-0.0458,-0.1952,-0.3471,0.662800,-0.294500,-0.595900,-0.344900,-1.5263,-2.2888,9.1643,0.2430,0.3361,0.1358,0.923800,-0.066100,0.125500,-0.355700,-30.4857,1.0898,11.4038,0.8261,-5.0310,1.9861,-0.320900,-0.057700,0.142200,0.934600,True,False,True,Straight,1.000,-172.69,1.000,True,,,False,,,False
1783432888498,2829,11.6771,0.7943,0.6075,0.0074,-0.2130,-0.3675,0.659600,-0.292600,-0.599100,-0.347000,-1.9407,-2.0951,9.7043,0.2648,0.5959,0.2021,0.923900,-0.060100,0.131500,-0.354200,-28.9391,-6.6785,-6.9272,0.1787,-3.8960,1.0948,-0.326200,-0.010700,0.160600,0.931500,True,False,True,Straight,1.000,-172.69,1.000,True,,,False,,,False
1783432888508,2830,12.5764,0.7269,0.2642,-0.1052,-0.2289,-0.0701,0.657100,-0.294000,-0.600900,-0.347400,-1.3400,-1.4737,9.5528,0.0898,0.9017,0.2391,0.923500,-0.054800,0.141900,-0.352100,-27.9254,-7.9619,-14.1308,2.1382,-1.3001,0.1235,-0.324400,-0.004000,0.190800,0.926500,True,False,True,Straight,1.000,-172.69,1.000,True,-10.87,,False,,,False
1783432888518,2831,11.1991,0.5940,-1.1272,-0.2269,-0.1822,0.1705,0.655600,-0.297900,-0.600900,-0.347000,-1.8944,-0.8293,10.0560,-0.1911,1.4574,0.2465,0.921700,-0.050200,0.159800,-0.349800,-20.4756,5.2536,-3.7125,-0.3825,1.2229,-0.0249,-0.326800,-0.016700,0.181400,0.927400,False,False,True,Straight,1.000,-172.69,1.000,True,,,False,,,False
1783432888529,2832,11.3425,-2.2351,-1.5132,0.0565,-0.3044,0.2416,0.654500,-0.300600,-0.602800,-0.343300,-1.2512,-2.6958,10.0399,-0.2790,2.2920,0.3431,0.918100,-0.042800,0.187700,-0.346500,-0.6260,6.0543,15.1172,-2.2224,2.1064,1.5611,-0.349500,-0.028600,0.147200,0.924900,False,False,True,Straight,1.000,-172.69,1.000,True,,,False,,,False
1783432888539,2833,12.0326,-2.6237,-0.9812,0.5417,-0.4017,0.1425,0.654000,-0.299000,-0.608000,-0.336500,-1.1992,-2.2198,9.8867,-0.1169,3.5202,0.5208,0.911100,-0.027700,0.228900,-0.341700,2.9892,-7.5555,8.7748,-0.9648,2.9967,1.6077,-0.373300,-0.056200,0.123400,0.917800,False,False,True,Straight,1.000,-172.69,1.000,True,,,False,,,False
1783432888549,2834,12.0531,-0.7972,0.9994,0.7180,-0.3828,0.1832,0.654500,-0.296100,-0.613500,-0.328000,1.0067,-3.5543,9.7832,0.0571,5.7501,1.0849,0.896800,0.000500,0.293900,-0.330600,-7.2405,-17.0427,14.1822,-0.4447,3.7564,-0.5012,-0.373000,-0.098000,0.100300,0.917200,False,False,True,Straight,0.900,-172.69,1.000,True,,,False,,,False
1783432888559,2835,11.3679,1.5881,4.5838,0.5124,-0.0298,0.3265,0.657400,-0.294600,-0.614800,-0.321100,-2.5146,-3.1865,11.0512,0.3705,8.2363,1.5235,0.868000,0.044100,0.383000,-0.312900,-13.1028,19.3302,18.0595,-1.0679,2.6943,-0.7139,-0.369200,-0.124800,0.074400,0.917900,False,False,True,Straight,1.000,-172.69,1.000,True,,,False,,,False
1783432888569,2836,12.1359,4.7293,4.1264,-0.1970,0.1297,0.5777,0.659900,-0.300200,-0.610900,-0.318300,-8.7662,-2.5448,19.5987,-0.2594,10.6377,2.3214,0.818400,0.093300,0.494400,-0.277700,-6.4818,-7.2204,15.7052,-1.1991,1.1483,-0.4257,-0.366900,-0.133000,0.054600,0.919100,False,False,True,Straight,1.000,-172.69,1.000,True,,,False,,,False
1783432888580,2837,10.8367,0.7781,2.9423,-0.2604,0.2460,0.5932,0.663100,-0.305900,-0.605600,-0.316200,-14.5317,-5.0198,20.7973,-0.2943,10.1802,2.6907,0.758200,0.141200,0.591900,-0.234200,-3.9521,1.8151,10.7704,-0.4245,0.2424,-0.1350,-0.366100,-0.134100,0.048300,0.919600,False,False,True,Straight,1.000,-172.69,1.000,True,,,False,,,False
1783432888600,2839,11.5667,-0.7296,3.0324,0.0913,0.3966,0.2780,0.672600,-0.307900,-0.596500,-0.311400,-8.0585,-8.5145,30.6638,0.8049,4.7722,1.9856,0.690200,0.212100,0.665300,-0.189600,-2.5747,1.8404,9.5766,-0.0263,0.0634,-0.0098,-0.366000,-0.134200,0.045900,0.919700,False,False,True,Straight,1.000,-172.69,1.000,True,,,False,,,False
1783432888611,2840,10.4393,1.8527,2.3350,0.1066,0.3303,-0.1372,0.674900,-0.304700,-0.594700,-0.313000,1.9666,-7.7575,16.4335,-0.4609,-4.7172,-0.8462,0.727800,0.189200,0.626400,-0.205400,-2.4371,1.5394,9.5102,-0.0298,0.1185,-0.0185,-0.365800,-0.135700,0.044900,0.919700,False,False,True,Straight,1.000,-172.69,1.000,True,,,False,,,False
1783432888622,2841,9.3073,2.1944,1.6304,-0.1149,0.2082,-0.4643,0.674200,-0.301400,-0.594300,-0.318500,4.0533,-2.1697,4.9460,-0.1074,-4.5457,-1.0152,0.760000,0.168100,0.586400,-0.224200,-2.5595,1.5049,9.5498,0.0371,0.1854,-0.0034,-0.365700,-0.138100,0.044300,0.919400,False,False,True,Straight,1.000,-172.69,1.000,True,,,False,,,False
1783432888632,2842,8.2749,1.0896,1.1465,-0.2999,0.1806,-0.6093,0.671900,-0.298700,-0.594000,-0.326400,-0.0037,-1.1444,6.8744,-0.4319,-4.4875,-0.7671,0.790600,0.145200,0.545400,-0.237500,-2.4572,1.8451,9.2060,0.0578,0.1926,-0.0130,-0.365400,-0.140800,0.044000,0.919100,False,True,True,Straight,1.000,-172.69,1.000,True,,,False,,,False
1783432888643,2843,7.3944,0.3745,1.0062,-0.3100,0.2017,-0.6394,0.669500,-0.295700,-0.593400,-0.334800,-5.1475,-2.6165,11.8441,-0.7456,-5.7606,-0.7922,0.826900,0.114700,0.490400,-0.250100,-2.4825,1.9117,9.0566,0.0085,0.1892,-0.0475,-0.364800,-0.143200,0.043000,0.919000,False,True,True,Straight,1.000,-172.69,1.000,True,,,False,,,False
1783432888654,2844,6.8134,0.1341,0.9511,-0.3677,0.2313,-0.5567,0.667500,-0.293700,-0.592100,-0.343000,-5.9402,-2.9850,10.8114,-0.6169,-7.2679,-1.0552,0.865700,0.078300,0.416400,-0.266700,-2.4742,1.7727,9.0870,-0.0342,0.1711,-0.0671,-0.364100,-0.145200,0.041500,0.919000,False,True,True,Straight,1.000,-172.69,1.000,True,,,False,,,False
1783432888664,2845,6.8990,0.1184,0.6519,-0.4028,0.2286,-0.4342,0.665800,-0.292900,-0.590100,-0.350300,-6.3318,-1.7626,9.9234,-0.5793,-7.6198,-1.0907,0.898300,0.040300,0.334800,-0.281700,-2.5361,1.5741,9.1430,-0.0552,0.1659,-0.0833,-0.363200,-0.147000,0.039900,0.919200,False,True,True,Straight,1.000,-172.69,1.000,True,,,False,,,False
1783432888674,2846,7.3339,-0.0389,0.2914,-0.3840,0.1582,-0.3081,0.664100,-0.293100,-0.588300,-0.356300,-8.1927,-2.1252,13.0545,-0.9628,-7.4345,-0.9987,0.922400,-0.001300,0.253400,-0.291400,-2.6818,1.5738,9.1695,-0.0643,0.1502,-0.1052,-0.362100,-0.148700,0.038100,0.919400,False,True,True,Straight,1.000,-172.69,1.000,True,,,False,,,False
1783432888686,2847,7.6021,-0.0982,-0.3936,-0.3442,-0.0127,-0.1555,0.662000,-0.294800,-0.587500,-0.360000,-11.8323,-4.0926,18.5038,-1.8012,-7.1781,-1.1027,0.937100,-0.052000,0.175800,-0.297100,-2.6229,1.8081,9.1039,-0.0752,0.1482,-0.1356,-0.360600,-0.150200,0.036200,0.919800,False,True,True,Straight,1.000,-172.69,1.000,True,,,False,,,False
1783432888695,2848,7.6827,0.0056,-1.1344,-0.2736,-0.2660,0.0072,0.659100,-0.298400,-0.588500,-0.360900,-19.6707,-4.6551,22.7704,-2.7053,-6.6102,-1.8979,0.938800,-0.112500,0.106200,-0.307900,-2.4148,1.7380,9.0431,-0.0853,0.2296,-0.1678,-0.358800,-0.152700,0.033800,0.920200,False,True,True,Straight,1.000,-172.69,1.000,True,,,False,,,False
1783432888706,2849,7.4259,0.3138,-1.2565,-0.0835,-0.5620,0.1714,0.655300,-0.302800,-0.592200,-0.357900,-29.7807,-5.1477,18.6946,-2.1215,-6.2801,-2.8623,0.929200,-0.165200,0.036000,-0.328600,-2.3568,1.4761,9.1196,-0.0759,0.3843,-0.2146,-0.356500,-0.157000,0.030600,0.920500,False,True,True,Straight,1.000,-172.69,1.000,True,,,False,,,False
1783432888717,2850,9.0620,0.8085,-0.2188,-0.0603,-0.4869,0.3360,0.652900,-0.308000,-0.594700,-0.353700,-29.8354,-0.8920,4.6316,0.8220,-4.9928,-3.5907,0.915600,-0.177500,-0.033100,-0.359300,-3.0589,1.4897,9.5008,-0.0220,0.4948,-0.1899,-0.354400,-0.162800,0.027700,0.920400,False,True,True,Straight,1.000,-172.69,1.000,True,,,False,,,False
1783432888727,2851,12.6944,-0.1657,0.8671,-0.0518,-0.1785,0.3413,0.652800,-0.311700,-0.594700,-0.350600,-31.1492,8.7135,-7.3491,2.1447,-3.7956,-1.3084,0.911400,-0.169400,-0.089000,-0.364300,-2.6825,1.5747,9.5281,-0.0111,0.7246,-0.2200,-0.352000,-0.171300,0.023800,0.919900,False,True,True,Straight,1.000,-172.69,1.000,True,,,False,1.06,,False
1783432888738,2852,12.4392,0.1471,0.2402,0.1125,-0.0059,0.1793,0.654000,-0.312200,-0.594700,-0.348200,-28.9973,11.1988,-12.1553,-2.0822,-1.3055,1.3959,0.911300,-0.200700,-0.091400,-0.347700,-2.2750,0.9404,9.7342,0.1143,1.1334,-0.2527,-0.349100,-0.185100,0.019400,0.918400,False,False,True,Straight,1.000,-171.62,1.000,True,,,False,,,False
1783432888749,2853,10.8685,0.6730,-1.5829,-0.0062,0.1030,0.0274,0.654800,-0.312000,-0.593800,-0.348300,-7.9054,-14.8852,1.1464,1.8938,3.0100,-0.0266,0.918500,-0.165900,-0.065200,-0.352900,-2.3072,1.2071,9.9645,0.2837,1.9010,-0.2469,-0.345800,-0.208200,0.013700,0.914800,False,False,True,Straight,1.000,-171.62,1.000,True,,,False,,,False
1783432888760,2854,11.3095,2.4475,-1.1284,-0.0562,0.1524,-0.0542,0.655400,-0.311400,-0.592600,-0.349700,5.0319,1.5449,12.7541,-0.2907,2.8482,-1.5354,0.912700,-0.155500,-0.034200,-0.376200,-2.6785,1.7322,10.0381,0.3715,2.8169,-0.3403,-0.341100,-0.242100,0.004700,0.908300,False,False,True,Straight,1.000,-171.62,1.000,True,,,False,,,False
1783432888770,2855,11.6142,1.2885,0.7721,0.0023,-0.1574,-0.1943,0.653300,-0.310600,-0.594800,-0.350600,-3.1380,9.9669,12.0397,-0.3729,4.4988,-0.2021,0.911600,-0.138400,0.018600,-0.386700,-1.4823,3.3654,9.8849,0.2394,4.4065,-0.6520,-0.332600,-0.292900,-0.013400,0.896300,False,False,True,Straight,1.000,-171.62,1.000,True,,,False,,,False
1783432888781,2856,12.0149,-0.3520,2.6803,-0.0319,-0.5631,-0.3178,0.647500,-0.311000,-0.600500,-0.351200,-7.9708,-1.0363,18.6037,-0.5053,4.0772,1.1043,0.913800,-0.124100,0.069500,-0.380500,-2.2128,3.8611,10.3549,-0.2286,6.4340,-1.2087,-0.317600,-0.362800,-0.047200,0.874800,False,False,True,Straight,1.000,-171.62,1.000,True,,,False,,,False
1783432888792,2857,11.6539,-1.7577,4.1456,0.1748,-0.3168,-0.3368,0.644300,-0.308500,-0.605300,-0.351300,-10.6197,-11.5564,17.2119,1.3696,2.5542,0.4459,0.915200,-0.095900,0.093000,-0.380200,-5.9107,2.8493,13.7553,-0.5980,9.0451,-2.0090,-0.290800,-0.455600,-0.098400,0.835600,False,False,True,Straight,1.000,-171.62,1.000,True,,,False,,,False
1783432888802,2858,11.1093,-0.8626,3.4070,0.2617,0.0074,-0.2371,0.644200,-0.304500,-0.607300,-0.351200,-4.5312,0.9115,14.4104,1.2729,0.9200,0.3813,0.917300,-0.076600,0.098100,-0.378200,-14.6439,2.3249,20.5402,0.8521,10.1173,-2.5342,-0.244600,-0.557100,-0.139900,0.781200,False,False,True,Straight,1.000,-171.62,1.000,True,,,False,,,False
1783432888813,2859,10.3840,1.5087,3.9265,0.0420,0.2991,-0.3242,0.645200,-0.300400,-0.606400,-0.354600,-3.5589,-1.7795,11.9748,0.8062,0.2068,0.0959,0.918200,-0.066300,0.097000,-0.378200,-16.7722,9.3330,23.2972,-0.1472,8.7899,-3.3442,-0.196000,-0.632500,-0.190500,0.724700,False,False,True,Straight,1.000,-171.62,1.000,True,,,False,,,False
1783432888824,2860,11.1802,2.0853,3.4312,-0.2121,0.4538,-0.4434,0.645800,-0.296800,-0.603500,-0.361400,-1.6009,-1.6926,10.0322,0.3528,0.0642,0.0287,0.918600,-0.061900,0.096300,-0.378300,-11.3147,4.8513,28.5803,-0.1201,5.1322,-3.1555,-0.155600,-0.669300,-0.228600,0.689600,False,False,True,Straight,1.000,-171.62,1.000,True,,,False,,,False
1783432888834,2861,12.5116,0.1239,3.0384,-0.3006,0.4523,-0.2660,0.646800,-0.295100,-0.599600,-0.367500,-1.5062,-1.8036,9.6197,0.2972,0.0585,0.0873,0.919100,-0.058200,0.095900,-0.377600,-2.9770,8.9487,25.5275,1.6002,-2.7019,-1.2091,-0.139400,-0.644900,-0.219500,0.718700,False,False,True,Straight,1.000,-171.62,1.000,True,,,False,,,False
1783432888845,2862,11.5831,-1.1757,2.2384,-0.1678,0.2671,0.1184,0.648700,-0.296100,-0.596300,-0.368700,-1.3706,-1.7766,9.3551,0.3119,0.1421,0.1140,0.919700,-0.053800,0.096300,-0.376700,6.6824,8.0656,6.7924,1.1606,-3.3811,-0.0200,-0.139200,-0.615600,-0.203200,0.748600,False,False,True,Straight,1.000,-171.62,1.000,True,,,False,,,False
1783432888855,2863,9.3966,-1.3416,1.4185,-0.0086,0.0740,0.4187,0.651100,-0.299000,-0.594100,-0.365600,-1.8510,-1.6003,9.6415,0.3199,0.1789,0.1157,0.920300,-0.049200,0.097200,-0.375800,1.3917,5.1819,8.1220,0.6837,-3.1443,0.8013,-0.149400,-0.588600,-0.184900,0.772700,False,False,True,Straight,1.000,-171.62,1.000,True,,,False,,,False
1783432888866,2864,7.4572,-0.9047,1.0083,0.0993,0.0500,0.4321,0.653800,-0.301100,-0.592600,-0.361500,-1.8492,-1.5115,9.5373,0.2535,0.1536,0.1040,0.920700,-0.045500,0.098000,-0.375000,-3.2631,4.1567,11.3767,0.5055,-4.5249,1.4741,-0.170200,-0.547800,-0.160300,0.803200,True,False,True,Straight,1.000,-171.62,1.000,True,,,False,,,False
1783432888876,2865,6.7205,-0.6669,0.9588,0.1223,0.0951,0.4080,0.656800,-0.302700,-0.590900,-0.357600,-1.7774,-1.6244,9.3984,0.2118,0.1474,0.1191,0.921200,-0.042300,0.099000,-0.373900,-5.3927,1.7224,11.0431,0.4287,-6.2188,1.8179,-0.197600,-0.487900,-0.129700,0.840300,True,False,True,Straight,1.000,-171.62,1.000,True,,,False,,,False
1783432888886,2866,6.5902,-0.5415,0.7325,0.1951,0.1167,0.3324,0.659800,-0.303000,-0.589600,-0.353800,-1.8436,-1.3625,9.4700,0.1899,0.1325,0.1340,0.921800,-0.039400,0.100000,-0.372600,-5.4083,-0.4354,8.9410,0.8241,-7.0198,1.7657,-0.221800,-0.416700,-0.092300,0.876700,True,False,True,Straight,1.000,-171.62,1.000,True,,,False,,,False
1783432888897,2867,6.8867,-0.2018,0.6186,0.1691,0.0525,0.2755,0.662100,-0.303400,-0.588900,-0.350400,-1.8504,-0.9814,9.4608,0.1167,0.1348,0.1193,0.922200,-0.037300,0.101200,-0.371300,-7.1390,-0.2121,10.6074,1.2621,-7.0885,1.5316,-0.239400,-0.342200,-0.050400,0.907200,True,False,True,Straight,1.000,-171.62,1.000,True,,,False,,,False
1783432888906,2868,6.6846,-0.1337,0.0745,0.1184,-0.0313,0.1606,0.663000,-0.303800,-0.589200,-0.348000,-1.7204,-0.8986,9.3705,0.0314,0.1752,0.1119,0.922500,-0.036000,0.103400,-0.370100,-10.1882,0.3636,13.7615,1.6289,-7.1861,1.4299,-0.252200,-0.264600,-0.004000,0.930800,True,False,True,Straight,1.000,-171.62,1.000,True,,,False,,,False
1783432888917,2869,6.4517,-0.1384,-0.3966,0.0636,-0.1333,0.0113,0.662200,-0.303900,-0.590600,-0.346900,-1.8046,-1.3801,9.2169,-0.0211,0.2339,0.1392,0.922800,-0.035100,0.106400,-0.368500,-12.2275,1.2369,15.4103,2.4187,-6.4758,1.7935,-0.264600,-0.195600,0.050700,0.943000,True,False,True,Straight,1.000,-171.62,1.000,True,,,False,,,False
1783432888928,2870,6.4713,-0.3200,-0.3634,-0.0539,-0.2715,-0.1144,0.659500,-0.304700,-0.593100,-0.347100,-2.1749,-1.5761,9.1563,-0.0032,0.2542,0.1994,0.923400,-0.033700,0.109700,-0.366300,-22.7340,3.1678,23.1101,2.6013,-5.7126,2.8980,-0.287900,-0.134000,0.107200,0.942200,True,False,True,Straight,1.000,-171.62,1.000,True,,,False,,,False
1783432888938,2871,7.1296,-0.9853,0.1472,-0.1284,-0.2598,-0.2750,0.655900,-0.304800,-0.595800,-0.349300,-1.9532,-1.4658,9.3466,0.0501,0.1988,0.1810,0.924000,-0.032000,0.112000,-0.364300,-29.1306,2.6774,16.8605,0.5912,-5.5692,3.5418,-0.320200,-0.065100,0.139900,0.934700,True,False,True,Straight,1.000,-171.62,1.000,True,,,False,,,False
1783432888948,2872,10.2552,-0.6548,0.9530,0.1371,-0.0817,-0.4373,0.653900,-0.300800,-0.598700,-0.351400,-1.6425,-1.4967,9.4728,0.0749,0.2849,0.1387,0.924200,-0.029700,0.115200,-0.362800,-29.8371,-0.2733,-2.3263,-1.6314,-4.6945,2.7980,-0.345100,0.001500,0.141600,0.927800,True,False,True,Straight,1.000,-171.62,1.000,True,,,False,,,False
1783432888958,2873,13.0730,0.0592,1.5115,0.1377,-0.0981,-0.3161,0.652200,-0.297700,-0.601400,-0.352600,-1.5126,-1.4416,9.6370,0.0639,0.5637,0.1831,0.924300,-0.026200,0.121700,-0.360900,-28.8929,-15.9514,-14.1472,1.5965,-2.0748,0.9635,-0.352300,0.020500,0.169000,0.920200,True,False,True,Straight,1.000,-171.62,1.000,True,-12.68,,False,,,False
1783432888968,2874,11.7361,1.2521,-0.5589,0.0312,-0.1767,-0.0231,0.650900,-0.298000,-0.603100,-0.351800,-1.3214,-1.2498,9.9166,-0.0083,0.9868,0.2460,0.923800,-0.021600,0.133400,-0.358300,-28.8891,1.9405,-7.5263,0.8048,0.3066,-0.1274,-0.351600,0.013200,0.177000,0.919200,False,False,True,Straight,1.000,-171.62,1.000,True,,,False,,,False
1783432888979,2875,10.6383,0.0929,-2.8492,-0.1189,-0.2005,0.2473,0.650000,-0.301800,-0.603400,-0.349800,-0.7834,-0.7844,10.1840,-0.0028,1.7952,0.2813,0.921800,-0.013200,0.154300,-0.355400,-9.8907,0.6325,7.7309,-1.9080,2.0435,0.2649,-0.358500,-0.001500,0.145900,0.922100,False,False,True,Straight,1.000,-171.62,1.000,True,,,False,,,False
1783432888989,2876,12.2277,-3.0381,-1.1078,0.2565,-0.3052,0.2173,0.649600,-0.302600,-0.606200,-0.344900,-1.5817,-0.9000,10.3658,-0.0212,2.9237,0.4489,0.917500,0.000400,0.188200,-0.350300,9.4112,2.1693,10.5889,-0.3242,1.9378,0.6933,-0.369700,-0.021200,0.133400,0.919300,False,False,True,Straight,1.000,-171.62,1.000,True,,,False,,,False
1783432889000,2877,13.5044,-1.2497,-0.0935,0.7224,-0.4141,0.1419,0.649700,-0.299600,-0.612200,-0.336600,0.4696,-3.2553,9.3935,0.2002,4.6891,0.8667,0.908600,0.025200,0.240900,-0.340200,-6.0059,-4.8691,11.5872,0.5757,4.1603,0.3358,-0.379600,-0.071200,0.120600,0.914500,False,False,True,Straight,0.900,-171.62,1.000,True,,,False,,,False
1783432889010,2878,12.2225,0.4718,3.2279,0.6887,-0.2433,0.1871,0.651200,-0.296500,-0.616400,-0.328800,-0.8609,-3.3972,9.8669,0.8882,7.1415,1.7901,0.890600,0.070800,0.316700,-0.318700,-8.5111,3.1851,17.9666,0.3759,3.6783,-0.8262,-0.374800,-0.116300,0.106500,0.913600,False,False,True,Straight,1.000,-171.62,1.000,True,,,False,,,False
1783432889020,2879,11.7682,4.2634,5.0884,-0.0359,0.1095,0.3842,0.653500,-0.299200,-0.614000,-0.326200,-5.4396,-1.5386,16.3749,0.9783,9.6220,2.7416,0.855600,0.130000,0.414800,-0.281100,-12.1873,5.3051,17.2354,-1.6201,2.3713,-0.3255,-0.376200,-0.136300,0.076200,0.913300,False,False,True,Straight,1.000,-171.62,1.000,True,,,False,,,False
1783432889031,2880,11.7699,2.5590,2.6457,-0.5213,0.1794,0.4997,0.654900,-0.306600,-0.608600,-0.326700,-13.2430,-0.6638,21.6484,-0.4095,10.4416,2.7209,0.804000,0.175000,0.519500,-0.230400,-5.6083,1.4431,11.8699,-0.7477,0.8087,-0.4016,-0.373500,-0.142600,0.063100,0.914400,False,False,True,Straight,1.000,-171.62,1.000,True,,,False,,,False
1783432889042,2881,10.9237,-1.1854,3.6522,-0.1389,0.3965,0.5767,0.659700,-0.310500,-0.602600,-0.324500,-10.9677,-5.7969,20.5315,0.4256,8.6442,2.8930,0.750200,0.221600,0.595300,-0.183700,-3.8208,0.7533,11.0619,-0.3603,0.2022,-0.1232,-0.372700,-0.143500,0.057700,0.915000,False,False,True,Straight,1.000,-171.62,1.000,True,,,False,,,False
1783432889052,2882,11.4054,-1.3848,3.4289,0.0250,0.4794,0.4439,0.665200,-0.311600,-0.597100,-0.322400,-10.2580,-6.4536,30.6948,1.1533,5.1197,2.5675,0.712900,0.262500,0.631900,-0.153500,-2.8930,2.1306,9.9560,-0.0728,0.0962,-0.0301,-0.372400,-0.144500,0.056200,0.915000,False,False,True,Straight,1.000,-171.62,1.000,True,,,False,,,False
1783432889063,2883,11.3294,0.7292,2.6222,0.0655,0.4097,0.0697,0.668700,-0.309900,-0.593700,-0.322900,-3.4426,-11.4377,27.2004,-1.1571,-2.0899,-0.3258,0.732400,0.245300,0.616200,-0.154100,-2.5572,2.0439,9.4944,0.0643,0.0940,-0.0117,-0.372100,-0.146000,0.056300,0.914900,False,False,True,Straight,1.000,-171.62,1.000,True,,,False,,,False
1783432889073,2884,9.7168,2.4158,1.8662,-0.0373,0.2946,-0.3222,0.669500,-0.306700,-0.592400,-0.326900,3.4396,-6.6857,7.4815,-0.5803,-3.8319,-1.9423,0.759000,0.217100,0.587100,-0.178900,-2.5468,1.6750,9.5104,0.1907,0.1509,-0.0123,-0.371600,-0.148800,0.057600,0.914600,False,False,True,Straight,1.000,-171.62,1.000,True,,,False,,,False
1783432889084,2885,8.1684,2.0703,1.2639,-0.2972,0.2086,-0.5115,0.667800,-0.304500,-0.591400,-0.334100,1.9608,-1.0276,5.5893,-0.3032,-3.8613,-2.0702,0.782600,0.189700,0.555700,-0.206600,-2.6540,1.9067,9.2980,0.2870,0.1817,-0.0009,-0.371000,-0.152400,0.059900,0.914100,False,False,True,Straight,1.000,-171.62,1.000,True,,,False,,,False
1783432889094,2886,7.4811,0.9123,1.0804,-0.3771,0.1990,-0.5703,0.665400,-0.302600,-0.590300,-0.342400,-2.2060,0.0312,9.6898,-0.6466,-4.6744,-1.6957,0.810900,0.158900,0.514400,-0.229400,-2.4116,2.2893,8.9200,0.2406,0.1773,-0.0058,-0.370500,-0.155700,0.061700,0.913600,False,True,True,Straight,1.000,-171.62,1.000,True,,,False,,,False
1783432889104,2887,6.6655,0.4054,1.0913,-0.4318,0.2559,-0.5217,0.663400,-0.301200,-0.588400,-0.350800,-4.3878,-1.2112,10.7778,-0.6773,-6.0940,-1.4350,0.844900,0.124600,0.455600,-0.251000,-2.4528,2.5142,8.8151,0.0761,0.1892,-0.0514,-0.369800,-0.158500,0.061400,0.913400,False,True,True,Straight,1.000,-171.62,1.000,True,,,False,,,False
1783432889114,2888,6.8553,0.1964,0.9100,-0.4629,0.2580,-0.4485,0.661500,-0.300600,-0.585900,-0.358900,-5.2134,-1.0355,10.2120,-0.5281,-6.8901,-1.2970,0.877700,0.089200,0.384600,-0.271500,-2.6041,2.1031,9.0048,-0.0272,0.1769,-0.0890,-0.368800,-0.160600,0.060000,0.913600,False,True,True,Straight,1.000,-171.62,1.000,True,,,False,,,False
1783432889124,2889,7.0418,0.0378,0.5769,-0.4710,0.2357,-0.3492,0.659900,-0.300800,-0.583200,-0.366100,-6.6513,-1.1216,11.4600,-0.8300,-7.1026,-1.2169,0.905100,0.049500,0.309000,-0.287800,-2.6963,1.9388,9.0124,-0.0043,0.1553,-0.0917,-0.367700,-0.162600,0.058900,0.913700,False,True,True,Straight,1.000,-171.62,1.000,True,,,False,,,False
1783432889134,2890,7.6291,-0.2350,0.1342,-0.4129,0.1541,-0.1935,0.658500,-0.302100,-0.580800,-0.371200,-9.8091,-2.4402,15.8088,-1.3785,-7.1670,-1.3448,0.925000,0.002400,0.232200,-0.300900,-2.8370,2.0355,9.0453,0.0688,0.1483,-0.0803,-0.366600,-0.164800,0.058700,0.913800,False,True,True,Straight,1.000,-171.62,1.000,True,,,False,,,False
1783432889144,2891,7.8064,-0.2114,-0.5148,-0.3103,0.0081,-0.0370,0.657200,-0.304300,-0.579400,-0.373800,-13.5343,-4.5142,20.4068,-1.9465,-7.0681,-1.5396,0.935700,-0.051400,0.156600,-0.312000,-2.7629,2.3694,8.9890,0.0218,0.1196,-0.0943,-0.365400,-0.166500,0.058100,0.914000,False,True,True,Straight,1.000,-171.62,1.000,True,,,False,,,False
1783432889155,2892,7.9554,0.0523,-0.5348,-0.1843,-0.2849,0.0921,0.654900,-0.307800,-0.580600,-0.373200,-22.6912,-3.6980,24.1710,-2.4599,-6.5680,-2.1834,0.934500,-0.110100,0.087100,-0.327200,-2.4958,2.3767,8.9626,-0.1046,0.1462,-0.1321,-0.364100,-0.168000,0.055800,0.914400,False,True,True,Straight,1.000,-171.62,1.000,True,,,False,,,False
1783432889165,2893,8.0014,0.8357,-0.2018,-0.0592,-0.5431,0.2057,0.651600,-0.312300,-0.584000,-0.369800,-29.8950,-1.3773,15.5762,-1.6181,-6.3864,-2.4215,0.925600,-0.157600,0.015300,-0.343700,-2.3197,2.1536,9.0167,-0.1678,0.3025,-0.1649,-0.362600,-0.170900,0.052100,0.914600,False,True,True,Straight,1.000,-171.62,1.000,True,,,False,,,False
1783432889175,2894,10.4270,0.1274,0.6839,-0.1000,-0.4510,0.3240,0.649400,-0.317600,-0.586000,-0.366100,-28.6382,4.5915,0.4882,0.6052,-4.9048,-1.5337,0.919200,-0.171900,-0.047200,-0.351200,-2.7642,2.3727,9.3309,-0.1523,0.5776,-0.1958,-0.361000,-0.177100,0.047200,0.914400,False,True,True,Straight,1.000,-171.62,1.000,True,,,False,,,False
1783432889186,2895,12.4978,-0.3465,0.5053,0.0921,-0.1733,0.2505,0.649600,-0.319400,-0.586900,-0.362700,-29.5854,13.9518,-9.2775,-1.0016,-2.9850,1.1116,0.919300,-0.197200,-0.074700,-0.332200,-2.5657,1.6198,9.4760,-0.0670,0.9160,-0.2009,-0.359200,-0.187500,0.041700,0.913300,False,True,True,Straight,1.000,-171.62,1.000,True,,,False,1.29,,False
1783432889197,2896,11.4426,-0.7170,-0.9019,0.1841,0.0008,0.1313,0.650900,-0.318900,-0.587200,-0.360200,-28.4896,-1.5362,-9.5741,-1.5676,0.0321,1.8159,0.922600,-0.216800,-0.063300,-0.312700,-2.4920,0.8033,9.5415,0.2585,1.4417,-0.1424,-0.357500,-0.205300,0.037700,0.910300,False,False,True,Straight,1.000,-172.54,1.000,True,,,False,,,False
1783432889207,2897,10.7965,1.1363,-1.7173,0.0996,0.1607,0.0827,0.652800,-0.317900,-0.586100,-0.359400,-5.7498,-14.9589,9.2076,3.1884,2.4824,-0.9682,0.928200,-0.169400,-0.049500,-0.327600,-2.2467,1.7843,9.8503,0.4901,2.2638,-0.1975,-0.354800,-0.233400,0.032500,0.904800,False,False,True,Straight,1.000,-172.54,1.000,True,,,False,,,False
1783432889218,2898,11.9702,3.3086,-1.0854,-0.0907,0.0563,0.0313,0.653000,-0.318700,-0.585200,-0.360000,9.9019,6.5005,9.1710,0.1990,2.5475,-2.5289,0.919000,-0.155000,-0.025900,-0.361600,-2.9833,3.0192,9.7308,0.3929,3.2849,-0.2356,-0.351900,-0.272300,0.021500,0.895300,False,False,True,Straight,1.000,-172.54,1.000,True,,,False,,,False
1783432889228,2899,12.2622,1.5991,0.5092,-0.1375,-0.2352,-0.1935,0.649800,-0.319400,-0.587300,-0.361600,-3.3186,15.8010,12.1573,-0.4176,4.4050,-0.7253,0.914900,-0.139600,0.025400,-0.377900,-1.8021,3.3223,9.4907,0.4172,4.7889,-0.5220,-0.345100,-0.327500,0.003200,0.879600,False,False,True,Straight,1.000,-172.54,1.000,True,,,False,,,False
1783432889238,2900,10.9042,0.1930,2.8802,-0.0716,-0.6768,-0.3759,0.642800,-0.320300,-0.594000,-0.362500,-8.3161,-0.0686,19.5351,-0.5953,3.7334,1.3158,0.917700,-0.128200,0.073300,-0.368700,-1.8031,3.6728,10.1322,0.1589,7.0923,-0.8223,-0.334200,-0.404900,-0.029100,0.850600,False,False,True,Straight,1.000,-172.54,1.000,True,,,False,,,False
1783432889248,2901,10.8028,-1.4384,4.6837,0.2142,-0.4931,-0.5171,0.637600,-0.317000,-0.601000,-0.363100,-9.4749,-13.4686,15.4822,1.4648,2.3780,0.4389,0.919400,-0.100000,0.094600,-0.368500,-8.3191,2.2983,15.5455,0.7937,9.8613,-1.2545,-0.310600,-0.509200,-0.067900,0.799800,False,False,True,Straight,1.000,-172.54,1.000,True,,,False,,,False
1783432889259,2902,10.4035,-1.7879,3.9989,0.3794,0.1108,-0.4816,0.637700,-0.309800,-0.603800,-0.364400,-4.4714,0.5291,14.4112,1.3602,0.8506,0.3968,0.921700,-0.080000,0.098800,-0.366500,-15.9345,4.4665,19.6496,1.9632,10.1165,-2.0110,-0.266700,-0.611600,-0.099800,0.738100,False,False,True,Straight,1.000,-172.54,1.000,True,,,False,,,False
1783432889269,2903,10.1804,0.9681,3.7673,0.1190,0.5181,-0.4633,0.639900,-0.303000,-0.602000,-0.369200,-3.3524,-0.7714,11.9790,0.8509,0.2562,0.1132,0.922700,-0.068900,0.098200,-0.366400,-14.2858,9.6672,21.9152,0.1093,8.9692,-3.1162,-0.224100,-0.686300,-0.151800,0.675100,False,False,True,Straight,1.000,-172.54,1.000,True,,,False,,,False
1783432889281,2904,11.6319,2.1111,3.2637,-0.0729,0.6022,-0.4340,0.642100,-0.297500,-0.598500,-0.375500,-1.8679,-1.1876,10.4470,0.3224,0.0466,0.0248,0.923000,-0.065000,0.097500,-0.366500,-14.2917,6.2642,31.0845,0.2305,4.9487,-2.7628,-0.188900,-0.721600,-0.187200,0.639200,False,False,True,Straight,1.000,-172.54,1.000,True,,,False,,,False
1783432889291,2905,12.5776,0.6974,2.7732,-0.1145,0.3676,-0.1143,0.643800,-0.295800,-0.595500,-0.378600,-1.3330,-1.9525,9.4207,0.2000,0.0870,0.0605,0.923400,-0.062200,0.097900,-0.366000,-5.1061,8.8456,27.9393,0.8497,-3.6296,-1.1396,-0.180400,-0.690900,-0.182000,0.676000,False,False,True,Straight,1.000,-172.54,1.000,True,,,False,,,False
1783432889301,2906,10.8498,-0.8853,1.9519,-0.0414,0.1790,0.2041,0.646000,-0.296800,-0.593100,-0.377900,-1.3593,-2.1998,9.2739,0.2792,0.1313,0.1189,0.924000,-0.058300,0.098400,-0.365000,4.7580,5.9099,8.1858,0.1351,-5.0037,-0.7116,-0.184400,-0.645700,-0.175400,0.719900,False,False,True,Straight,1.000,-172.54,1.000,True,,,False,,,False
1783432889311,2907,9.1361,-1.2089,1.3837,0.0915,0.0520,0.4214,0.648700,-0.298900,-0.591600,-0.374000,-1.6282,-1.6078,9.4784,0.3392,0.1843,0.1297,0.924600,-0.053400,0.099300,-0.364000,0.8975,4.5751,7.1654,-0.0560,-4.6678,-0.3387,-0.191900,-0.601400,-0.167600,0.757200,False,False,True,Straight,1.000,-172.54,1.000,True,,,False,,,False
1783432889322,2908,7.6252,-0.0816,0.9710,0.1804,0.1036,0.4360,0.652100,-0.300200,-0.590000,-0.369400,-1.7062,-1.7102,9.4627,0.2635,0.2172,0.1248,0.925000,-0.049200,0.100900,-0.362900,-4.0282,5.0243,10.1399,0.0584,-5.8458,0.3609,-0.206700,-0.545100,-0.149900,0.798600,True,False,True,Straight,1.000,-172.54,1.000,True,,,False,,,False
1783432889333,2909,7.0569,-0.0083,0.7390,0.1179,0.1383,0.4124,0.655500,-0.301600,-0.587900,-0.365700,-1.8680,-1.8503,9.3899,0.2639,0.2029,0.1572,0.925600,-0.045100,0.102300,-0.361500,-5.4759,3.8878,9.2813,0.0740,-7.1349,0.9614,-0.228500,-0.473400,-0.123500,0.841700,True,False,True,Straight,1.000,-172.54,1.000,True,,,False,,,False
1783432889343,2910,6.6594,-0.2232,0.4944,0.1336,0.1367,0.3239,0.658500,-0.302300,-0.586200,-0.362500,-1.7911,-1.1652,9.4682,0.2232,0.2007,0.1590,0.926200,-0.041400,0.103900,-0.360000,-6.3127,2.1870,8.3200,0.4316,-7.6999,1.2655,-0.250100,-0.393000,-0.088800,0.880400,True,False,True,Straight,1.000,-172.54,1.000,True,,,False,,,False
1783432889354,2911,7.0708,0.2021,0.4105,0.1093,0.0625,0.2253,0.660400,-0.302700,-0.585400,-0.360100,-1.6344,-0.9326,9.4328,0.0781,0.2734,0.1325,0.926500,-0.039200,0.107000,-0.358600,-7.4840,1.9943,9.6684,1.0746,-7.6850,1.3248,-0.266900,-0.311100,-0.046000,0.911000,True,False,True,Straight,1.000,-172.54,1.000,True,,,False,,,False
1783432889364,2912,7.1521,0.1143,0.1005,0.0327,-0.0512,0.1488,0.660800,-0.303700,-0.585400,-0.358400,-1.7890,-1.4142,9.3663,0.0365,0.3711,0.1831,0.926800,-0.036900,0.111400,-0.356700,-10.1734,2.8652,12.3392,1.8830,-7.2481,1.2957,-0.277400,-0.233800,0.005000,0.931900,True,False,True,Straight,1.000,-172.54,1.000,True,,,False,,,False
1783432889374,2913,6.9905,-0.4811,-0.3363,-0.0047,-0.2066,0.0403,0.659400,-0.305000,-0.587000,-0.357200,-2.1865,-1.6089,9.2758,0.0552,0.3488,0.2339,0.927400,-0.034400,0.115500,-0.354100,-15.2100,5.1986,17.2892,2.7095,-6.0308,2.1995,-0.293700,-0.171700,0.063900,0.938200,True,False,True,Straight,1.000,-172.54,1.000,True,,,False,,,False
1783432889385,2914,6.9906,-1.4756,-0.1738,0.0250,-0.3372,-0.0546,0.656800,-0.305800,-0.590100,-0.356200,-2.2269,-1.2874,9.3031,0.0506,0.3649,0.2523,0.928000,-0.031800,0.119800,-0.351300,-25.8476,3.6436,21.1039,2.3815,-5.5341,3.6622,-0.326000,-0.111600,0.119900,0.931100,True,False,True,Straight,1.000,-172.54,1.000,True,,,False,,,False
1783432889395,2915,7.9249,-1.6447,0.3739,0.1913,-0.2945,-0.1838,0.654500,-0.304200,-0.594100,-0.355100,-2.1206,-1.3287,9.5533,0.0419,0.3965,0.1876,0.928200,-0.029400,0.124500,-0.349300,-30.8734,2.6039,11.0898,-0.5583,-4.5990,3.3608,-0.358100,-0.050300,0.136600,0.922200,True,False,True,Straight,1.000,-172.54,1.000,True,,,False,,,False
1783432889405,2916,10.3856,0.1834,0.4400,0.4408,-0.1735,-0.2221,0.653900,-0.299700,-0.598400,-0.352900,-1.4248,-1.6376,9.5552,0.0778,0.6365,0.2005,0.928100,-0.025400,0.131800,-0.347300,-30.9612,-7.0542,-5.9409,-1.3615,-3.6379,1.6834,-0.371600,0.000800,0.138200,0.918000,True,False,True,Straight,1.000,-172.54,1.000,True,,,False,,,False
1783432889415,2917,12.1429,0.8142,0.1798,0.2692,-0.1926,0.0193,0.653600,-0.298400,-0.601100,-0.349900,-1.2309,-0.5184,9.9196,0.0520,1.1140,0.2454,0.927300,-0.019600,0.144800,-0.344700,-29.7483,-9.8565,-12.0193,2.7539,-1.9893,0.1696,-0.369700,0.011200,0.178900,0.911700,False,False,True,Straight,1.000,-172.54,1.000,True,,,False,,,False
1783432889425,2918,11.8816,1.5007,-1.5807,-0.0972,-0.1538,0.2219,0.653000,-0.301500,-0.601200,-0.348200,-1.8199,-0.6568,10.1284,-0.0558,1.8972,0.1856,0.924300,-0.011800,0.167200,-0.342800,-22.9938,4.5290,-5.2461,0.2241,0.4976,-0.3312,-0.367000,0.003700,0.179200,0.912800,False,False,True,Straight,1.000,-172.54,1.000,True,,,False,,,False
1783432889436,2919,11.7415,-1.4734,-1.6894,-0.0283,-0.1801,0.1887,0.652400,-0.303900,-0.601800,-0.346100,-1.9838,-1.2200,9.9710,-0.0437,2.8117,0.2939,0.919100,0.000300,0.199900,-0.339400,-0.2986,3.7293,12.4061,-1.4417,1.8872,0.2561,-0.373700,-0.010800,0.153900,0.914600,False,False,True,Straight,1.000,-172.54,1.000,True,,,False,,,False
1783432889446,2920,12.3772,-1.9474,-0.1808,0.6817,-0.3575,-0.0321,0.652100,-0.299700,-0.607900,-0.339800,-0.1905,-2.6004,9.4932,0.1070,4.2449,0.6132,0.909800,0.021100,0.248100,-0.332100,3.4356,-0.4617,6.4794,0.2249,3.3232,0.8843,-0.389700,-0.048200,0.140900,0.908800,False,False,True,Straight,1.000,-172.54,1.000,True,,,False,,,False
1783432889456,2921,12.5609,0.1389,2.7716,0.6846,-0.2672,0.0903,0.653000,-0.295900,-0.612600,-0.332700,-1.0093,-4.3959,9.3186,0.6722,6.3177,1.4633,0.893100,0.059300,0.316000,-0.314700,-7.9854,-10.0403,15.8679,0.3082,4.6482,-0.5256,-0.390900,-0.103500,0.121200,0.906500,False,False,True,Straight,1.000,-172.54,1.000,True,,,False,,,False
1783432889467,2922,12.1215,3.7355,5.7570,0.3681,0.0425,0.3940,0.656300,-0.295700,-0.612400,-0.326800,-4.1087,-2.4914,14.3865,1.2150,8.9031,2.6298,0.861300,0.117600,0.406400,-0.281400,-14.4683,18.0361,18.9482,-1.3131,3.1656,-0.7654,-0.388200,-0.134100,0.089700,0.907400,False,False,True,Straight,1.000,-172.54,1.000,True,,,False,,,False
1783432889478,2923,11.2564,3.8422,3.2462,-0.4526,0.0360,0.5633,0.657200,-0.303500,-0.608200,-0.325700,-12.5006,-0.9182,22.2100,0.0825,10.3951,2.8461,0.810700,0.168200,0.509900,-0.233300,-6.6858,-5.6879,15.3789,-1.2205,1.5446,-0.6067,-0.384800,-0.146500,0.067200,0.908800,False,False,True,Straight,1.000,-172.54,1.000,True,,,False,,,False
1783432889489,2924,11.1356,-1.4926,2.9754,-0.1582,0.1949,0.5108,0.660200,-0.307900,-0.604000,-0.323400,-11.9856,-4.2902,21.0442,0.1110,9.2716,2.8830,0.753900,0.213300,0.593600,-0.183700,-4.6695,2.6289,11.5825,-0.7436,0.5306,-0.2627,-0.383400,-0.149400,0.055600,0.909700,False,False,True,Straight,1.000,-172.54,1.000,True,,,False,,,False
1783432889499,2925,11.6600,-3.0152,3.4357,0.3260,0.4059,0.4051,0.666100,-0.306500,-0.600500,-0.319100,-10.1253,-6.4377,29.4954,1.2610,5.9542,2.9935,0.710700,0.260200,0.636600,-0.148300,-2.9917,2.5356,10.0333,-0.3509,0.1128,-0.1074,-0.382800,-0.149200,0.050700,0.910300,False,False,True,Straight,1.000,-172.54,1.000,True,,,False,,,False
1783432889510,2926,12.2431,0.6218,2.9040,0.4473,0.3983,0.1224,0.671300,-0.302100,-0.598500,-0.316100,-4.8938,-10.4817,33.5264,-1.3837,-2.1443,0.2894,0.732500,0.245900,0.618800,-0.141600,-2.9936,1.6715,9.8192,-0.0688,0.1294,-0.0526,-0.382200,-0.150600,0.049100,0.910400,False,False,True,Straight,1.000,-172.54,1.000,True,,,False,,,False
1783432889520,2927,10.6603,3.3544,1.9838,0.2301,0.2112,-0.1635,0.673100,-0.298100,-0.598200,-0.316500,4.3795,-7.5354,7.8607,-1.3569,-4.1283,-1.4880,0.765000,0.214100,0.586700,-0.157200,-2.5467,1.3861,9.5668,0.1626,0.2020,-0.0289,-0.381500,-0.153900,0.049800,0.910100,False,False,True,Straight,1.000,-172.54,1.000,True,,,False,,,False
1783432889530,2928,8.7373,2.5249,1.5085,-0.0830,0.1389,-0.3601,0.672400,-0.295500,-0.598100,-0.320600,2.2372,-1.8846,6.2493,-0.9592,-3.9684,-1.7883,0.792100,0.183500,0.554400,-0.177700,-2.5814,1.7426,9.3184,0.3365,0.2968,-0.0216,-0.380700,-0.159000,0.052000,0.909400,False,False,True,Straight,1.000,-172.54,1.000,True,,,False,,,False
1783432889541,2929,7.6510,0.8926,1.1128,-0.2240,0.1248,-0.4577,0.670700,-0.293400,-0.597900,-0.326600,-2.5102,-0.7332,10.8858,-1.1415,-4.8793,-1.5828,0.823500,0.149700,0.510800,-0.196400,-2.6282,2.3239,9.0436,0.3323,0.3178,-0.0250,-0.379800,-0.164400,0.054100,0.908700,False,True,True,Straight,1.000,-172.54,1.000,True,,,False,,,False
1783432889551,2930,6.8271,0.7932,1.0356,-0.2557,0.1856,-0.4826,0.669100,-0.291200,-0.597000,-0.333200,-4.6208,-1.4423,11.5095,-1.1130,-6.4721,-1.5190,0.860300,0.111900,0.447800,-0.216400,-2.7936,2.6570,8.9283,0.1576,0.2709,-0.0971,-0.378400,-0.168500,0.054300,0.908600,False,True,True,Straight,1.000,-172.54,1.000,True,,,False,,,False
1783432889562,2931,6.8675,0.6747,0.9467,-0.3253,0.2388,-0.4759,0.667700,-0.289300,-0.595400,-0.340500,-4.6336,-0.2747,9.5927,-0.9447,-7.1195,-1.4091,0.894100,0.073900,0.373600,-0.235400,-2.8742,2.1223,9.0566,0.0701,0.1961,-0.1178,-0.376900,-0.171300,0.053800,0.908700,False,True,True,Straight,1.000,-172.54,1.000,True,,,False,,,False
1783432889572,2932,6.7829,0.4789,0.7214,-0.3642,0.2665,-0.4044,0.666600,-0.288200,-0.593100,-0.347500,-5.6639,0.2279,11.3674,-1.2933,-6.9800,-1.2159,0.920800,0.032700,0.298800,-0.248600,-2.8888,2.0080,8.9937,0.0612,0.1873,-0.0884,-0.375700,-0.173900,0.053300,0.908700,False,True,True,Straight,1.000,-172.54,1.000,True,,,False,,,False
1783432889582,2933,7.1061,0.0558,0.3198,-0.3404,0.1965,-0.2256,0.665900,-0.288500,-0.590800,-0.352600,-8.7033,-1.1511,16.3664,-1.9298,-6.7942,-1.1916,0.939600,-0.015500,0.225700,-0.257000,-2.8551,2.0782,8.9021,0.0921,0.2220,-0.0666,-0.374700,-0.177100,0.053000,0.908500,False,True,True,Straight,1.000,-172.54,1.000,True,,,False,,,False
1783432889593,2934,7.2039,-0.0111,-0.3123,-0.2700,0.0508,-0.0147,0.665200,-0.290400,-0.589300,-0.354900,-13.0320,-3.9980,21.8597,-2.5251,-6.5053,-1.6095,0.948500,-0.070700,0.155900,-0.266600,-2.9559,2.3487,8.8645,0.0197,0.2203,-0.1159,-0.373400,-0.179900,0.051800,0.908600,False,True,True,Straight,1.000,-172.54,1.000,True,,,False,,,False
1783432889603,2935,7.3805,0.0995,-0.6478,-0.1547,-0.2052,0.1460,0.663700,-0.293700,-0.589800,-0.354100,-22.2724,-4.4289,25.3399,-2.7235,-6.3378,-2.7706,0.945000,-0.129500,0.086500,-0.287500,-2.8470,2.2724,8.8904,-0.0762,0.2250,-0.1454,-0.371900,-0.182300,0.049500,0.908900,False,True,True,Straight,1.000,-172.54,1.000,True,,,False,,,False
1783432889613,2936,7.4698,0.4011,-0.4487,0.0162,-0.4590,0.2723,0.661600,-0.297600,-0.592600,-0.350100,-29.6424,-3.8645,17.0350,-0.7527,-6.3197,-3.2881,0.935000,-0.164300,0.008800,-0.314200,-2.9679,2.4829,9.0015,-0.1836,0.3234,-0.1668,-0.370400,-0.185400,0.045400,0.909000,False,True,True,Straight,1.000,-172.54,1.000,True,,,False,,,False
1783432889623,2937,10.0191,0.0259,0.6004,0.0043,-0.4441,0.3584,0.659800,-0.302100,-0.595000,-0.345400,-28.4059,5.7879,0.4033,1.4095,-5.2611,-2.0671,0.927800,-0.168500,-0.062600,-0.326900,-2.5673,2.0930,9.1785,-0.1630,0.5772,-0.1488,-0.369300,-0.191500,0.040400,0.908500,False,True,True,Straight,1.000,-172.54,1.000,True,,,False,,,False
1783432889634,2938,12.4932,0.5787,0.8957,0.1231,-0.1498,0.3274,0.660600,-0.304200,-0.595600,-0.341200,-29.8473,17.8831,-11.0383,-1.9485,-2.7961,0.9667,0.924500,-0.203300,-0.085000,-0.311100,-2.8369,1.1152,9.4961,0.0532,0.9592,-0.1233,-0.368100,-0.202800,0.036200,0.906700,False,True,True,Straight,1.000,-172.54,1.000,True,,,False,3.53,,False
1783432889644,2939,12.1874,0.0748,-0.6171,0.0748,-0.0449,0.2529,0.661600,-0.305600,-0.595300,-0.338400,-31.0515,-2.8599,-8.2876,-1.2633,0.3103,1.6693,0.927800,-0.218500,-0.072200,-0.293800,-2.5626,1.5262,9.5770,0.3694,1.5186,-0.0974,-0.366500,-0.221800,0.033000,0.903000,False,False,True,Straight,1.000,-169.81,1.000,True,,,False,,,False
1783432889654,2940,11.3846,1.0245,-2.1011,-0.1082,0.1580,0.1160,0.662800,-0.306700,-0.593100,-0.338800,-8.7422,-12.3650,6.9240,2.6279,1.8924,-0.4588,0.934200,-0.180600,-0.061000,-0.301600,-2.8220,2.4524,9.6347,0.3978,2.3083,-0.1761,-0.364000,-0.249800,0.026300,0.896900,False,False,True,Straight,1.000,-169.81,1.000,True,,,False,,,False
1783432889665,2941,11.7377,3.0216,-0.9519,-0.2476,0.0952,-0.0047,0.662500,-0.308300,-0.591300,-0.341100,9.2530,1.4519,12.7484,1.2191,1.9831,-2.2861,0.929100,-0.157100,-0.047400,-0.331500,-3.1501,2.6608,9.5966,0.3176,3.2528,-0.2707,-0.360600,-0.287700,0.014100,0.887100,False,False,True,Straight,1.000,-169.81,1.000,True,,,False,,,False
1783432889675,2942,11.6489,1.1107,0.4170,-0.2440,-0.1112,-0.1992,0.659900,-0.309400,-0.592000,-0.344100,-0.6813,14.8249,8.8309,-0.3562,4.5859,-0.9180,0.925700,-0.141600,0.005700,-0.350700,-1.4501,4.1689,9.4111,0.3344,4.8301,-0.6164,-0.352600,-0.342400,-0.006300,0.870800,False,False,True,Straight,1.000,-169.81,1.000,True,,,False,,,False
1783432889685,2943,10.3982,0.2156,2.6414,-0.2139,-0.6268,-0.3039,0.653000,-0.311600,-0.597400,-0.345800,-6.6022,3.9624,18.7908,-0.4322,4.2850,1.1430,0.928200,-0.127500,0.059300,-0.344400,-2.4389,3.2470,9.8882,-0.0074,7.2667,-0.9900,-0.339700,-0.420000,-0.042700,0.840500,False,False,True,Straight,1.000,-169.81,1.000,True,,,False,,,False
1783432889696,2944,10.7405,-2.6627,4.8614,0.1968,-0.4470,-0.4673,0.648300,-0.308400,-0.603700,-0.346500,-12.3224,-15.3916,17.9545,1.3380,2.9139,0.4498,0.929400,-0.099100,0.088200,-0.344500,-9.4145,1.3554,15.6761,0.7918,9.7413,-1.4203,-0.312700,-0.521500,-0.082800,0.789500,False,False,True,Straight,1.000,-169.81,1.000,True,,,False,,,False
1783432889706,2945,10.5622,-2.9714,3.7837,0.7444,0.0879,-0.5509,0.649400,-0.297800,-0.608400,-0.345600,-3.8580,3.9118,15.2893,1.2373,1.1732,0.3726,0.931000,-0.079200,0.097100,-0.342800,-16.5103,6.5111,19.8434,1.9908,9.7793,-2.2260,-0.265100,-0.619000,-0.115300,0.730300,False,False,True,Straight,1.000,-169.81,1.000,True,,,False,,,False
1783432889716,2946,10.5536,1.4668,3.6459,0.4639,0.5322,-0.5076,0.652900,-0.287900,-0.607900,-0.348200,-3.2870,-1.8835,11.8275,0.8315,0.4054,0.0997,0.931700,-0.067700,0.098600,-0.342900,-14.1925,9.8468,22.7327,0.0735,8.3503,-3.3881,-0.219900,-0.686500,-0.167700,0.672500,False,False,True,Straight,1.000,-169.81,1.000,True,,,False,,,False
1783432889727,2947,12.3328,3.0219,3.5191,0.1548,0.5987,-0.4291,0.656100,-0.280700,-0.605200,-0.352700,-2.0576,-1.4748,10.4878,0.1989,0.1819,-0.0006,0.931700,-0.064600,0.100000,-0.343200,-13.8427,9.3170,32.6998,0.0533,3.5843,-2.5343,-0.190300,-0.710300,-0.198700,0.647900,False,False,True,Straight,1.000,-169.81,1.000,True,,,False,,,False
1783432889738,2948,12.8462,0.4189,3.1302,0.1217,0.3794,-0.0776,0.659100,-0.277500,-0.602900,-0.353700,-1.6543,-1.8031,9.7433,-0.0172,0.1996,0.0184,0.931500,-0.064000,0.102700,-0.343100,-1.7044,8.9952,22.5855,0.0170,-4.1011,-1.0584,-0.191500,-0.673400,-0.197900,0.686100,False,False,True,Straight,1.000,-169.81,1.000,True,,,False,,,False
1783432889748,2949,11.4228,-1.7286,2.2242,0.2838,0.1893,0.2897,0.662700,-0.276500,-0.601600,-0.349900,-1.3300,-1.8160,9.4051,0.0290,0.2342,0.0849,0.931600,-0.062500,0.105500,-0.342200,5.6401,5.1179,6.4211,-0.2885,-4.3545,-0.8496,-0.197200,-0.632000,-0.196800,0.723200,False,False,True,Straight,1.000,-169.81,1.000,True,,,False,,,False
1783432889758,2950,9.6745,-1.4813,1.5913,0.5154,0.0801,0.5182,0.667300,-0.275700,-0.601400,-0.342000,-1.7394,-1.9427,9.3896,0.2057,0.2260,0.1398,0.932000,-0.059000,0.107600,-0.340900,0.2653,5.4373,7.7464,-0.1444,-4.1733,-0.4610,-0.204300,-0.591600,-0.191200,0.756100,False,False,True,Straight,1.000,-169.81,1.000,True,,,False,,,False
1783432889768,2951,7.8604,-0.0381,1.2354,0.6194,0.0595,0.4965,0.672000,-0.274000,-0.601800,-0.333300,-1.8180,-2.0004,9.2988,0.2284,0.2342,0.1480,0.932500,-0.055200,0.109600,-0.339600,-3.9429,5.8986,10.0663,-0.0890,-5.5621,0.3359,-0.221000,-0.538000,-0.174800,0.794500,True,False,True,Straight,1.000,-169.81,1.000,True,,,False,,,False
1783432889778,2952,6.9577,0.1947,1.0345,0.5374,0.1228,0.4359,0.676600,-0.272200,-0.601500,-0.326000,-2.0296,-1.9772,9.4094,0.2258,0.2494,0.1674,0.933000,-0.051300,0.111900,-0.338000,-4.8827,4.3906,8.6244,0.0631,-6.7298,1.1113,-0.245500,-0.471500,-0.147400,0.834100,True,False,True,Straight,1.000,-169.81,1.000,True,,,False,,,False
1783432889789,2953,6.4343,-0.0996,0.7725,0.5397,0.1686,0.3614,0.681100,-0.269700,-0.601100,-0.319400,-2.0510,-1.5822,9.4893,0.2107,0.1779,0.1620,0.933600,-0.047900,0.113300,-0.336500,-6.0792,2.9701,8.5276,0.4132,-7.0847,1.5047,-0.270900,-0.399500,-0.111800,0.868600,True,False,True,Straight,1.000,-169.81,1.000,True,,,False,,,False
1783432889800,2954,6.5942,0.1690,0.6461,0.4864,0.1177,0.2532,0.684700,-0.266900,-0.601200,-0.314000,-1.8871,-1.3032,9.3311,0.1780,0.1720,0.1635,0.934200,-0.044800,0.114900,-0.334800,-8.2789,2.9812,11.2104,0.8340,-7.1981,1.5826,-0.292900,-0.324400,-0.069900,0.896700,True,False,True,Straight,1.000,-169.81,1.000,True,,,False,,,False
1783432889811,2955,6.5150,0.4145,0.2154,0.3742,-0.0403,0.1326,0.686100,-0.264800,-0.602600,-0.309900,-1.6884,-1.0710,9.3049,0.0674,0.2879,0.1605,0.934500,-0.042700,0.118200,-0.333100,-10.8483,2.7055,13.9020,1.5610,-7.0916,1.5046,-0.308400,-0.250300,-0.019900,0.917500,True,False,True,Straight,1.000,-169.81,1.000,True,,,False,,,False
1783432889821,2956,6.5659,0.5525,-0.4183,0.1830,-0.2275,0.0230,0.685100,-0.264300,-0.605200,-0.307600,-2.0455,-1.5243,9.3185,0.0148,0.4020,0.2023,0.934700,-0.040500,0.123200,-0.330900,-16.7979,4.4949,18.2713,2.6972,-6.2748,1.9712,-0.323000,-0.188000,0.041600,0.926600,True,False,True,Straight,1.000,-169.81,1.000,True,,,False,,,False
1783432889831,2957,6.5645,-0.0242,-0.1383,-0.0806,-0.3928,-0.0642,0.681600,-0.266000,-0.608400,-0.307400,-2.2213,-1.6495,9.2463,0.0402,0.4249,0.2400,0.935100,-0.038000,0.128200,-0.328300,-24.4900,2.6753,20.0274,2.7134,-5.7262,3.1283,-0.348600,-0.130000,0.103500,0.922400,True,False,True,Straight,1.000,-169.81,1.000,True,,,False,,,False
1783432889841,2958,7.0381,-0.3677,0.3722,-0.1746,-0.2992,-0.2062,0.677900,-0.267000,-0.611000,-0.309500,-2.4457,-1.6508,9.2573,0.1456,0.3509,0.2305,0.935500,-0.034500,0.132000,-0.325900,-30.2956,3.6527,12.8611,-0.0036,-4.9403,2.9610,-0.375400,-0.068600,0.129600,0.915200,True,False,True,Straight,1.000,-169.81,1.000,True,,,False,,,False
1783432889852,2959,10.3425,0.2729,1.1060,-0.0323,-0.2043,-0.2981,0.675100,-0.265800,-0.613600,-0.311600,-1.7424,-1.2924,9.5540,0.1294,0.4576,0.1901,0.935600,-0.030800,0.137100,-0.324000,-29.4160,-9.1421,-6.2754,-0.3261,-4.2021,1.7728,-0.388500,-0.015900,0.147000,0.909500,True,False,True,Straight,1.000,-169.81,1.000,True,,,False,,,False
1783432889861,2960,12.9065,-0.2946,0.8407,0.1124,-0.2440,-0.1223,0.673100,-0.264800,-0.616500,-0.310900,-1.6761,-1.0951,9.7387,0.0294,0.8626,0.1954,0.934800,-0.026700,0.147300,-0.322000,-29.8416,-9.1581,-13.0475,2.5682,-1.8117,0.1417,-0.385900,-0.007500,0.185000,0.903800,True,False,True,Straight,1.000,-169.81,1.000,True,-10.22,,False,,,False
1783432889872,2961,12.1389,1.3393,-1.3972,-0.1535,-0.1936,0.0710,0.671400,-0.267400,-0.617300,-0.310800,-1.5512,-0.5405,9.9785,-0.1054,1.5783,0.1212,0.932200,-0.021400,0.166300,-0.320800,-27.3995,2.5431,-5.6849,-0.6266,0.6167,0.0611,-0.387900,-0.011300,0.174900,0.904900,False,False,True,Straight,1.000,-169.81,1.000,True,,,False,,,False
1783432889882,2962,11.5839,-0.4048,-2.5542,-0.1928,-0.1265,0.1842,0.670500,-0.270900,-0.617100,-0.310300,-2.1871,-0.8887,10.0984,-0.1885,2.4444,0.1565,0.927200,-0.013500,0.195700,-0.319000,-4.8013,3.3935,10.9380,-1.7710,1.9084,0.8018,-0.401100,-0.022700,0.145700,0.904100,False,False,True,Straight,1.000,-169.81,1.000,True,,,False,,,False
1783432889892,2963,12.4880,-2.2980,-1.0509,0.3331,-0.3186,0.0802,0.669400,-0.270000,-0.620800,-0.306000,-0.8934,-1.7169,9.6481,-0.1967,3.6346,0.3374,0.918700,-0.000500,0.238600,-0.314800,8.1863,-2.6110,8.3066,-0.3469,2.7383,1.1153,-0.418300,-0.050000,0.128200,0.897800,False,False,True,Straight,1.000,-169.81,1.000,True,,,False,,,False
1783432889903,2964,13.4261,-0.8494,1.2162,0.7052,-0.4044,0.0916,0.669000,-0.266300,-0.626500,-0.298300,-0.2898,-4.0014,9.2809,0.0806,5.4531,0.9133,0.903800,0.024600,0.300400,-0.303700,-7.3048,-10.9587,13.6588,-0.0749,4.5459,-0.2143,-0.422500,-0.101000,0.103200,0.894800,False,False,True,Straight,0.900,-169.81,1.000,True,,,False,,,False
1783432889915,2965,12.0296,1.5963,4.5379,0.6019,-0.0854,0.2248,0.671100,-0.263300,-0.628800,-0.291400,-2.5487,-3.5822,11.1297,0.6412,7.8436,1.8281,0.876600,0.068200,0.384400,-0.281400,-15.9769,15.5378,20.9396,-0.7109,3.0831,-0.9657,-0.416000,-0.133000,0.077600,0.896200,False,False,True,Straight,1.000,-169.81,1.000,True,,,False,,,False
1783432889925,2966,11.7923,4.6316,4.5026,-0.2097,0.0824,0.4972,0.672900,-0.268700,-0.625700,-0.289100,-8.9582,-1.4712,19.0599,-0.1476,10.3545,2.6744,0.828600,0.115000,0.492500,-0.240100,-5.8003,-5.6256,14.9697,-1.5468,1.6338,-0.4720,-0.414600,-0.143900,0.050900,0.897100,False,False,True,Straight,1.000,-169.81,1.000,True,,,False,,,False
1783432889936,2967,10.4345,0.6320,2.5095,-0.4061,0.1152,0.4941,0.674200,-0.275500,-0.621600,-0.288500,-14.8078,-1.9993,21.5916,-1.1320,10.1457,2.7339,0.768900,0.149400,0.592500,-0.188200,-4.9974,2.2482,11.3721,-0.6628,0.4020,-0.2297,-0.413300,-0.145300,0.040800,0.898000,False,False,True,Straight,1.000,-169.81,1.000,True,,,False,,,False
1783432889946,2968,10.3861,-2.3869,3.4497,0.0518,0.3892,0.4564,0.679000,-0.277200,-0.616900,-0.285600,-6.8084,-7.0769,21.7818,0.0913,7.4604,3.1545,0.717100,0.190300,0.654900,-0.143600,-3.3202,2.1646,10.3995,-0.2751,-0.0186,-0.0354,-0.413200,-0.143800,0.037700,0.898400,False,False,True,Straight,1.000,-169.81,1.000,True,,,False,,,False
1783432889956,2969,11.4677,-1.1965,3.2865,0.2077,0.5016,0.2710,0.684500,-0.275700,-0.612500,-0.283400,-13.3656,-8.9766,38.9508,-0.1456,2.4307,1.8802,0.700500,0.208500,0.671900,-0.119600,-2.5772,1.7240,9.6835,-0.0552,0.0441,-0.0107,-0.413000,-0.144200,0.036700,0.898500,False,False,True,Straight,1.000,-169.81,1.000,True,,,False,,,False
1783432889966,2970,11.2527,1.6766,2.6174,0.1543,0.3417,-0.1103,0.687300,-0.272300,-0.610500,-0.284300,0.6881,-10.5148,18.9141,-0.9704,-4.3195,-0.8074,0.737200,0.186300,0.636500,-0.129600,-2.1896,1.6157,9.2991,0.0844,0.1540,-0.0125,-0.412700,-0.146500,0.036700,0.898300,False,False,True,Straight,1.000,-169.81,1.000,True,,,False,,,False
1783432889977,2971,9.3512,2.6546,1.8017,-0.0394,0.1677,-0.4443,0.686800,-0.268600,-0.610400,-0.289000,3.1856,-2.9990,7.0337,-0.4489,-4.6327,-1.5761,0.771300,0.161600,0.596800,-0.151200,-2.5582,1.4804,9.5215,0.1121,0.2637,-0.0289,-0.412100,-0.150300,0.036400,0.897900,False,False,True,Straight,1.000,-169.81,1.000,True,,,False,,,False
1783432889987,2972,7.9613,1.4772,1.3347,-0.3173,0.1473,-0.6090,0.684700,-0.266100,-0.610000,-0.297100,-0.7068,-0.4463,8.6106,-0.6613,-4.9810,-1.3765,0.805700,0.135000,0.551300,-0.169300,-2.4157,1.9338,9.1853,0.1799,0.3119,-0.0139,-0.411600,-0.154900,0.036700,0.897400,False,True,True,Straight,1.000,-169.81,1.000,True,,,False,,,False
1783432889998,2973,7.1062,0.7805,1.1289,-0.3668,0.2225,-0.6238,0.682800,-0.263600,-0.608800,-0.306000,-4.1630,-1.4197,10.9624,-0.7679,-6.2737,-1.1626,0.845300,0.105400,0.489700,-0.185900,-2.3771,2.2063,9.0083,0.1270,0.3508,-0.0470,-0.410800,-0.159600,0.036100,0.896900,False,True,True,Straight,1.000,-169.81,1.000,True,,,False,,,False
1783432890008,2974,6.9911,0.7260,1.1758,-0.4163,0.2835,-0.5565,0.681400,-0.261900,-0.606600,-0.314900,-5.1788,-1.4043,10.1559,-0.5332,-7.3293,-1.1197,0.884700,0.075300,0.412600,-0.203400,-2.5887,1.8945,9.1438,0.0713,0.3375,-0.0970,-0.409600,-0.164000,0.034900,0.896700,False,True,True,Straight,1.000,-169.81,1.000,True,,,False,,,False
1783432890018,2975,7.1015,0.5993,0.9448,-0.4645,0.3128,-0.4597,0.680400,-0.261100,-0.603600,-0.323400,-5.6606,-1.0684,10.0186,-0.6598,-7.5396,-1.0981,0.917400,0.042600,0.329800,-0.218400,-2.7215,1.8844,9.1716,0.0467,0.3394,-0.1161,-0.408200,-0.168200,0.033300,0.896700,False,True,True,Straight,1.000,-169.81,1.000,True,,,False,,,False
1783432890029,2976,7.3843,0.1304,0.5309,-0.4301,0.2072,-0.3209,0.679200,-0.261500,-0.601100,-0.330000,-8.1221,-2.3028,14.0240,-1.1096,-7.3498,-1.1389,0.941200,0.004700,0.247500,-0.229900,-3.0184,1.6395,9.1753,0.0825,0.3304,-0.1157,-0.406700,-0.172500,0.032200,0.896600,False,True,True,Straight,1.000,-169.81,1.000,True,,,False,,,False
1783432890040,2977,7.5553,0.0894,-0.0625,-0.3676,0.0705,-0.1376,0.678000,-0.263300,-0.599400,-0.334200,-11.6868,-4.7281,18.6238,-1.9330,-7.0447,-1.3457,0.955200,-0.042700,0.168900,-0.239300,-2.9240,1.9470,9.0509,0.1001,0.3078,-0.1193,-0.405100,-0.176700,0.031400,0.896500,False,True,True,Straight,1.000,-169.81,1.000,True,,,False,,,False
1783432890050,2978,7.3839,0.1936,-0.6248,-0.3250,-0.2197,0.0372,0.675400,-0.267200,-0.599800,-0.335700,-20.2420,-8.2343,23.8565,-2.5602,-6.4566,-2.2730,0.956600,-0.097400,0.097400,-0.256700,-3.2470,2.0670,9.1550,0.0745,0.3198,-0.1489,-0.403200,-0.180800,0.030200,0.896600,False,True,True,Straight,1.000,-169.81,1.000,True,,,False,,,False
1783432890060,2979,7.3811,0.4230,-0.7848,-0.1597,-0.5812,0.1665,0.671200,-0.272200,-0.603500,-0.333500,-29.5464,-3.5074,19.5742,-2.2285,-6.3216,-3.2105,0.947100,-0.148000,0.024400,-0.283700,-2.8579,1.9126,9.0312,0.0321,0.4245,-0.1361,-0.401600,-0.186000,0.028000,0.896300,False,True,True,Straight,1.000,-169.81,1.000,True,,,False,,,False
1783432890071,2980,8.9056,0.4658,-0.0227,-0.0815,-0.5476,0.2949,0.667900,-0.277400,-0.606700,-0.329800,-29.0574,0.8150,5.1097,-0.2295,-5.2691,-2.6654,0.936200,-0.170000,-0.042300,-0.304700,-2.8935,1.7309,9.1913,0.0878,0.5925,-0.0886,-0.400400,-0.193200,0.025700,0.895400,False,True,True,Straight,1.000,-169.81,1.000,True,,,False,,,False
1783432890081,2981,12.1038,0.1668,0.5074,0.0909,-0.2289,0.2613,0.667600,-0.279600,-0.608100,-0.326200,-30.5413,13.7127,-5.2759,-1.0067,-3.7520,-0.1092,0.930500,-0.196000,-0.082600,-0.298200,-2.6195,1.2570,9.3916,0.2468,0.9714,-0.0994,-0.398900,-0.205500,0.023200,0.893400,False,False,True,Straight,1.000,-166.56,0.999,True,,,False,,,False
1783432890091,2982,12.1646,-0.2735,-0.0776,0.1289,-0.0700,0.2056,0.668300,-0.280400,-0.608500,-0.323300,-29.5207,4.1206,-11.2481,-2.3517,-1.0715,1.7515,0.929400,-0.229200,-0.081900,-0.277400,-2.4356,1.7514,9.5444,0.3671,1.5973,-0.1243,-0.396700,-0.225200,0.019000,0.889700,False,False,True,Straight,1.000,-166.56,0.999,True,,,False,,,False
1783432890102,2983,11.5046,-0.1627,-1.8305,0.0570,0.0636,0.0993,0.669400,-0.280400,-0.607800,-0.322300,-15.4676,-17.1152,-2.8816,0.5440,1.4852,0.4527,0.933900,-0.218200,-0.065200,-0.275800,-3.0539,2.1851,9.5104,0.3599,2.3220,-0.1606,-0.394200,-0.252900,0.010900,0.883500,False,False,True,Straight,1.000,-166.56,0.999,True,,,False,,,False
1783432890112,2984,11.4589,2.1324,-1.2880,-0.0603,0.1446,0.0527,0.670400,-0.280700,-0.606200,-0.322800,0.9237,-5.2443,19.3134,3.3288,2.7217,-3.0245,0.932700,-0.167200,-0.052800,-0.315100,-3.2589,2.2764,9.4258,0.3834,3.1869,-0.1775,-0.390900,-0.289900,-0.001200,0.873600,False,False,True,Straight,1.000,-166.56,0.999,True,,,False,,,False
1783432890122,2985,11.8527,1.8906,-0.6003,-0.1617,0.0604,-0.0742,0.670000,-0.281300,-0.605300,-0.324900,5.0174,16.8964,3.6971,-0.7643,4.0781,-2.8861,0.920600,-0.158000,-0.008000,-0.357000,-2.2585,3.6141,9.3200,0.4742,4.5570,-0.3584,-0.384400,-0.341600,-0.019700,0.857400,False,False,True,Straight,1.000,-166.56,0.999,True,,,False,,,False
1783432890132,2986,10.2293,1.0653,1.8315,-0.0746,-0.3566,-0.2029,0.666100,-0.281900,-0.608700,-0.326000,-4.3447,19.7604,18.7107,-0.4142,4.7559,0.2979,0.919900,-0.141400,0.049200,-0.362400,-2.5913,3.6705,9.7050,0.0375,6.5708,-0.7402,-0.373300,-0.410800,-0.054000,0.830000,False,False,True,Straight,1.000,-166.56,0.999,True,,,False,,,False
1783432890143,2987,9.9669,-0.5800,4.6142,-0.0565,-0.5374,-0.3317,0.660400,-0.282000,-0.614100,-0.327300,-14.6072,-22.3545,17.8167,0.5721,3.4876,1.3755,0.924000,-0.118100,0.089200,-0.352600,-7.4499,2.3181,13.8056,0.3061,8.9918,-1.2843,-0.349800,-0.501900,-0.099000,0.784800,False,False,True,Straight,1.000,-166.56,0.999,True,,,False,,,False
1783432890153,2988,10.8631,-2.8425,4.9986,0.4524,-0.0422,-0.6034,0.659200,-0.273800,-0.618400,-0.328700,-3.5448,8.0416,17.6825,2.0505,1.6218,0.4125,0.926500,-0.086800,0.099700,-0.352200,-14.9831,2.4299,18.8606,1.9216,9.9779,-1.6954,-0.305800,-0.601700,-0.133600,0.725700,False,False,True,Straight,1.000,-166.56,0.999,True,,,False,,,False
1783432890163,2989,10.8647,0.2575,4.1276,0.2839,0.5442,-0.6424,0.661600,-0.264300,-0.617300,-0.333700,-4.4710,-5.1856,11.6348,1.2038,0.4985,0.2893,0.928400,-0.070300,0.100600,-0.350800,-17.2235,9.3038,22.1979,0.8796,9.2861,-2.7648,-0.256400,-0.680000,-0.180800,0.662700,False,False,True,Straight,1.000,-166.56,0.999,True,,,False,,,False
1783432890174,2990,12.4474,3.3683,4.1103,-0.1031,0.7084,-0.5194,0.664500,-0.258100,-0.612700,-0.341100,-2.9260,-1.4210,11.5619,0.5908,0.0172,0.0945,0.929300,-0.063300,0.098500,-0.350300,-12.0028,4.6612,26.0105,0.8240,5.8812,-2.5890,-0.213800,-0.723200,-0.214300,0.620800,False,False,True,Straight,1.000,-166.56,0.999,True,,,False,,,False
1783432890185,2991,13.5607,2.2673,3.4954,-0.2716,0.4989,-0.2107,0.666600,-0.256700,-0.608000,-0.346600,-1.3313,-2.1861,9.4953,0.3088,0.0671,0.0785,0.929800,-0.059300,0.098200,-0.349700,-8.7535,8.9986,32.3756,1.0301,-2.3304,-1.4514,-0.199300,-0.703400,-0.213100,0.648200,False,False,True,Straight,1.000,-166.56,0.999,True,,,False,,,False
1783432890196,2992,11.8281,-0.2413,2.4698,-0.3422,0.2459,0.1708,0.668000,-0.259700,-0.603900,-0.348600,-1.3278,-1.9024,9.4844,0.2661,0.1960,0.1278,0.930300,-0.055200,0.099600,-0.348600,3.3377,6.6440,10.5292,0.1606,-5.0460,-0.8647,-0.203900,-0.658900,-0.206300,0.694000,False,False,True,Straight,1.000,-166.56,0.999,True,,,False,,,False
1783432890206,2993,10.0972,-1.7560,1.4926,-0.2101,0.1298,0.4397,0.670200,-0.264200,-0.600500,-0.347000,-1.4719,-1.5362,9.3828,0.2276,0.3152,0.1306,0.930700,-0.051100,0.102500,-0.347500,1.1750,4.1957,6.9995,-0.1820,-4.7794,-0.4809,-0.213300,-0.614400,-0.199300,0.733100,False,False,True,Straight,1.000,-166.56,0.999,True,,,False,,,False
1783432890217,2994,8.3171,-1.0624,1.1134,0.0027,0.0455,0.4797,0.672600,-0.267600,-0.598500,-0.343100,-1.5680,-1.3576,9.3736,0.1022,0.4498,0.0936,0.930500,-0.047800,0.107600,-0.346800,-3.7828,3.9179,9.2528,-0.0462,-5.8152,0.0627,-0.228200,-0.559200,-0.183200,0.775600,False,False,True,Straight,1.000,-166.56,0.999,True,,,False,,,False
1783432890228,2995,6.8744,-0.1867,1.0658,0.0624,0.0694,0.3742,0.675000,-0.269600,-0.597000,-0.339700,-1.8896,-1.4502,9.6204,-0.0179,0.4934,0.1174,0.930400,-0.045800,0.113600,-0.345600,-5.0194,2.9508,8.3241,0.1814,-6.9893,0.4879,-0.246800,-0.490700,-0.157300,0.820700,True,False,True,Straight,1.000,-166.56,0.999,True,,,False,,,False
1783432890238,2996,6.3922,-0.5088,0.9365,0.1021,0.1284,0.2980,0.677500,-0.270400,-0.595300,-0.336800,-2.2224,-1.7927,9.3919,0.0002,0.3905,0.1585,0.930500,-0.043900,0.118400,-0.343800,-6.0461,2.3090,7.9137,0.5040,-7.3966,0.7195,-0.264700,-0.415500,-0.124100,0.861400,True,False,True,Straight,1.000,-166.56,0.999,True,,,False,,,False
1783432890248,2997,6.1946,-0.2802,0.8795,0.1358,0.1232,0.2144,0.679800,-0.270200,-0.594100,-0.334400,-2.1232,-1.1532,9.4464,-0.1267,0.3968,0.1158,0.930300,-0.043500,0.123800,-0.342400,-7.6529,2.0696,9.6036,0.9671,-7.4268,0.8342,-0.279000,-0.337900,-0.084200,0.894900,True,False,True,Straight,1.000,-166.56,0.999,True,,,False,,,False
1783432890260,2998,6.2143,-0.2803,0.4393,0.0970,-0.0182,0.1049,0.680400,-0.270200,-0.594300,-0.332700,-2.0663,-1.1165,9.4039,-0.2400,0.4139,0.0878,0.929900,-0.044400,0.129900,-0.341200,-9.8143,1.6191,11.2613,1.8936,-7.1097,0.9707,-0.288200,-0.264300,-0.033700,0.919800,True,False,True,Straight,1.000,-166.56,0.999,True,,,False,,,False
1783432890270,2999,6.1498,-0.0613,-0.3574,0.0421,-0.1984,-0.0515,0.678900,-0.270300,-0.596400,-0.332200,-2.3183,-1.4796,9.3278,-0.2523,0.3941,0.1181,0.929600,-0.045500,0.135800,-0.339500,-14.7718,1.2018,15.7319,3.3046,-5.9146,1.1574,-0.292100,-0.207400,0.029700,0.933200,True,False,True,Straight,1.000,-166.56,0.999,True,,,False,,,False
1783432890281,3000,6.4226,0.2090,-0.4143,-0.2157,-0.3646,-0.1468,0.674900,-0.272500,-0.599100,-0.333800,-2.3982,-2.2467,9.1219,-0.1596,0.3778,0.1639,0.929600,-0.045500,0.141100,-0.337400,-21.9552,0.4446,19.9417,3.6350,-5.6569,1.8010,-0.300500,-0.153000,0.097400,0.936400,True,False,True,Straight,1.000,-166.56,0.999,True,,,False,,,False
1783432890291,3001,6.8590,-0.3128,0.2729,-0.3604,-0.3427,-0.2451,0.670000,-0.275100,-0.601300,-0.337300,-2.4747,-1.8678,9.0185,0.0018,0.3149,0.1674,0.929700,-0.043900,0.145000,-0.335600,-27.2379,-3.0586,15.4475,2.0672,-5.1370,1.4074,-0.306000,-0.098300,0.143400,0.936000,True,False,True,Straight,1.000,-166.56,0.999,True,,,False,,,False
1783432890301,3002,9.9745,-0.0404,0.7914,-0.3384,-0.2180,-0.3374,0.665800,-0.276300,-0.602900,-0.341900,-2.1004,-1.4382,9.3806,0.0159,0.4011,0.1056,0.929500,-0.041900,0.149800,-0.334500,-27.2491,-7.0556,1.5499,0.9077,-4.8398,0.2274,-0.298300,-0.044400,0.172600,0.937700,True,False,True,Straight,1.000,-166.56,0.999,True,,,False,,,False
1783432890311,3003,12.6766,-0.7024,1.0608,-0.0314,-0.1728,-0.2333,0.663400,-0.275500,-0.605000,-0.343500,-1.7616,-1.1816,9.6219,-0.1624,0.7922,0.1156,0.928300,-0.040300,0.159900,-0.333200,-26.3185,-8.5845,-10.8046,2.4449,-2.6719,-0.8406,-0.280900,-0.023900,0.210600,0.936000,True,False,True,Straight,1.000,-166.56,0.999,True,,,False,,,False
1783432890321,3004,12.2992,1.0783,0.0217,-0.1383,-0.1176,-0.0894,0.661700,-0.276400,-0.605700,-0.344800,-1.7132,-1.0457,9.9792,-0.3797,1.4993,0.1364,0.925500,-0.038200,0.179100,-0.331400,-26.7635,0.6961,-7.1829,0.7644,-0.4427,-0.5753,-0.272700,-0.022900,0.220900,0.936100,False,False,True,Straight,1.000,-166.56,0.999,True,,,False,,,False
1783432890331,3005,11.2332,0.6529,-1.9605,-0.2399,-0.1697,0.0098,0.659600,-0.279200,-0.606100,-0.345900,-1.5139,-1.7476,9.9446,-0.4347,2.3895,0.1351,0.920100,-0.033100,0.208700,-0.329800,-12.5126,5.8802,2.5064,-2.1692,1.7176,0.9978,-0.289500,-0.033000,0.189800,0.937600,False,False,True,Straight,1.000,-166.56,0.999,True,,,False,,,False
1783432890341,3006,11.2333,-1.8162,-0.8294,0.1288,-0.3641,-0.0586,0.657000,-0.279200,-0.609800,-0.344100,-1.3156,-2.0756,9.6302,-0.4696,3.5550,0.3090,0.911000,-0.023100,0.251500,-0.326000,5.1370,2.3899,13.7158,-2.3593,2.0791,1.8248,-0.316400,-0.044600,0.155100,0.934800,False,False,True,Straight,1.000,-166.56,0.999,True,,,False,,,False
1783432890351,3007,12.5476,-1.5124,0.4946,0.3631,-0.5032,0.0040,0.654500,-0.278400,-0.615500,-0.339500,0.9869,-4.2582,9.7163,-0.2647,5.6895,0.8982,0.894300,-0.000100,0.317100,-0.315600,-2.1574,-19.6882,9.9430,-1.1477,3.9172,0.8754,-0.334300,-0.084200,0.126500,0.930100,False,False,True,Straight,1.000,-166.56,0.999,True,,,False,,,False
1783432890362,3008,11.9682,0.4330,4.0940,0.3900,-0.1332,0.1237,0.655300,-0.276700,-0.617900,-0.335000,-2.1441,-3.6352,10.7363,0.0996,8.3915,1.4500,0.861800,0.039700,0.408600,-0.297900,-14.6342,7.9648,21.3660,-0.7653,3.7508,-1.2835,-0.325600,-0.126600,0.100300,0.931600,False,False,True,Straight,1.000,-166.56,0.999,True,,,False,,,False
1783432890372,3009,11.5118,5.0109,6.2389,-0.3240,0.0927,0.5249,0.657100,-0.282900,-0.614000,-0.333400,-9.9144,-2.7834,19.6698,-0.2737,10.9445,2.3806,0.806600,0.089100,0.522000,-0.262500,-7.1797,-3.2254,15.9273,-1.8795,2.1294,-0.2590,-0.327900,-0.144100,0.069200,0.931100,False,False,True,Straight,1.000,-166.56,0.999,True,,,False,,,False
1783432890382,3010,10.3256,1.7304,2.8544,-0.8968,0.0775,0.5716,0.656900,-0.294300,-0.607500,-0.335800,-16.7554,-6.4452,22.5661,0.0769,10.2203,2.7138,0.741900,0.140100,0.617000,-0.222000,-5.7583,2.3757,11.3780,-0.8414,0.6843,-0.3912,-0.325200,-0.149100,0.055800,0.932100,False,False,True,Straight,0.900,-166.56,0.999,True,,,False,,,False
1783432890392,3011,11.2501,-1.7146,4.0421,-0.5189,0.3919,0.4353,0.659800,-0.300200,-0.600500,-0.337600,-4.4850,-8.9687,22.6592,2.5341,6.8811,2.7244,0.688500,0.202800,0.666000,-0.203100,-3.8111,0.9611,10.7631,-0.3689,0.1389,-0.1265,-0.324300,-0.149400,0.050600,0.932700,False,False,True,Straight,1.000,-166.56,0.999,True,,,False,,,False
1783432890402,3012,12.6806,-0.9110,3.9719,-0.3982,0.3801,0.1644,0.661800,-0.303000,-0.595100,-0.340600,-13.9119,-4.3321,40.6354,1.7738,1.0083,1.6046,0.679500,0.233700,0.665700,-0.201300,-2.6111,1.9739,9.6068,-0.0441,0.1558,-0.0395,-0.323900,-0.151200,0.049200,0.932600,False,False,True,Straight,1.000,-166.56,0.999,True,,,False,,,False
1783432890412,3013,11.7602,2.1051,2.8412,-0.5275,0.2216,-0.2193,0.660600,-0.304800,-0.591900,-0.347100,3.0412,-7.5549,14.4819,-0.1592,-4.7570,0.2568,0.719100,0.222000,0.623600,-0.211400,-2.4409,2.0048,9.3474,0.0252,0.2096,-0.0410,-0.323300,-0.153900,0.048400,0.932400,False,False,True,Straight,1.000,-166.56,0.999,True,,,False,,,False
1783432890423,3014,10.5456,3.1430,1.9335,-0.8017,0.1422,-0.5081,0.656300,-0.307000,-0.589100,-0.357700,2.8336,-8.0091,5.7350,0.8179,-4.4861,-0.0788,0.750600,0.216400,0.580200,-0.230600,-2.9027,1.1729,9.6717,0.1076,0.2987,-0.0511,-0.322500,-0.158000,0.048200,0.932000,False,False,True,Straight,0.900,-166.56,0.999,True,,,False,,,False
1783432890433,3015,9.0881,1.6513,1.2985,-1.0729,0.1396,-0.6018,0.650500,-0.310600,-0.585400,-0.371000,-3.0348,-6.9551,10.3758,1.5344,-5.3743,-0.4665,0.782400,0.211100,0.525000,-0.260100,-2.7855,1.5804,9.3867,0.2633,0.3271,-0.0219,-0.321700,-0.163000,0.049800,0.931400,False,True,True,Straight,0.800,-166.56,0.999,True,,,False,,,False
1783432890443,3016,7.8720,0.1159,1.1256,-1.0673,0.1665,-0.5830,0.644800,-0.314200,-0.581300,-0.384200,-5.4087,-6.3505,11.0936,0.9063,-7.2165,-0.9645,0.821100,0.189100,0.451600,-0.293500,-2.7020,2.5634,9.0898,0.2192,0.3379,-0.0549,-0.320700,-0.168000,0.050800,0.930800,False,True,True,Straight,0.700,-166.56,0.999,True,,,False,,,False
1783432890453,3017,6.7115,-0.0957,1.0064,-0.9713,0.2497,-0.5733,0.640000,-0.316600,-0.576800,-0.396800,-6.2031,-6.5402,9.2628,0.4106,-8.1035,-1.2922,0.856800,0.155100,0.367400,-0.326800,-2.9546,2.3638,9.0401,0.0728,0.3068,-0.1014,-0.319300,-0.172100,0.050000,0.930500,False,True,True,Straight,0.600,-166.56,0.999,True,,,False,,,False
1783432890463,3018,6.5445,0.3308,1.0800,-0.9827,0.3050,-0.5158,0.635700,-0.319200,-0.571500,-0.409200,-6.8769,-6.2311,8.8214,0.2047,-8.2237,-1.3925,0.883900,0.116200,0.279100,-0.356900,-2.9839,1.7786,9.0366,0.0378,0.2816,-0.0867,-0.318200,-0.175700,0.049000,0.930300,False,True,True,Straight,0.500,-166.56,0.999,True,,,False,,,False
1783432890474,3019,6.7958,0.6424,0.7827,-1.0386,0.2692,-0.4190,0.631300,-0.323000,-0.565600,-0.421000,-9.0243,-4.0470,12.5285,-0.8596,-7.6277,-1.0410,0.902900,0.068200,0.198700,-0.374900,-3.0300,1.6560,8.9442,0.0520,0.2645,-0.0435,-0.317600,-0.179100,0.048400,0.929900,False,True,True,Straight,0.400,-166.56,0.999,True,,,False,,,False
1783432890485,3020,6.8208,0.4296,0.1797,-1.1067,0.0746,-0.2945,0.625700,-0.329200,-0.560400,-0.431400,-14.4561,-10.8626,18.8667,-2.4384,-7.0634,-1.0661,0.913500,0.004400,0.130200,-0.385400,-2.8425,1.9574,8.8533,0.0250,0.2525,-0.0693,-0.316700,-0.182300,0.047400,0.929600,False,True,True,Straight,0.300,-166.56,0.999,True,,,False,,,False
1783432890495,3021,6.8981,-0.3556,-0.3842,-1.1647,-0.2544,-0.1863,0.618100,-0.338300,-0.556800,-0.439900,-22.8357,-21.3905,22.3902,-2.2485,-6.6328,-3.3281,0.904000,-0.059000,0.064800,-0.418400,-3.0615,2.1284,9.0413,-0.0214,0.3245,-0.1360,-0.315200,-0.186200,0.045400,0.929500,False,True,True,Straight,0.200,-166.56,0.999,True,,,False,,,False
1783432890506,3022,7.3587,-0.8605,-0.4349,-0.9220,-0.5759,-0.0938,0.609600,-0.347900,-0.556500,-0.444500,-26.4574,-8.6229,15.7746,-1.3372,-6.0658,-5.9976,0.871300,-0.110600,-0.001600,-0.478200,-3.0928,2.0561,9.0571,-0.0629,0.4143,-0.1416,-0.313700,-0.191000,0.042600,0.929100,False,True,True,Straight,0.100,-166.56,0.999,True,,,False,,,False
1783432890517,3023,8.7342,-0.9867,0.1797,-0.6626,-0.6414,0.0821,0.602700,-0.357100,-0.557300,-0.445700,-26.0263,1.4162,7.4340,-0.9464,-4.1752,-5.3187,0.834800,-0.145700,-0.048800,-0.528700,-3.0905,1.7959,9.0999,-0.0870,0.5234,-0.1404,-0.312400,-0.196900,0.039100,0.928500,False,True,True,Straight,1.000,-166.56,0.999,True,,,False,,,False
1783432890527,3024,11.2980,-0.3280,0.6277,-0.5516,-0.4517,0.1651,0.598000,-0.364800,-0.556900,-0.446200,-26.6439,9.3757,-0.0862,-1.8479,-3.0979,-2.3166,0.812900,-0.184200,-0.073000,-0.547600,-3.0333,1.7245,9.2731,-0.0250,0.7448,-0.1621,-0.310800,-0.205600,0.035400,0.927300,False,True,True,Straight,1.000,-166.56,0.999,True,,,False,-9.64,-22.42,False
1783432890537,3025,12.4037,-0.2403,-0.1743,-0.3918,-0.3310,0.1160,0.594600,-0.370400,-0.556700,-0.446500,-27.7981,3.4834,-6.7574,-2.3960,-1.1115,-0.0712,0.805400,-0.216200,-0.067900,-0.547700,-2.7608,1.3173,9.4217,0.1486,1.1844,-0.1247,-0.309200,-0.220000,0.032000,0.924600,False,False,True,Straight,1.000,178.29,0.997,True,,,False,,,False
1783432890547,3026,12.1522,-0.7560,-1.7006,-0.3567,-0.1253,-0.0308,0.591900,-0.373500,-0.555800,-0.448600,-23.3965,-3.1372,-0.9501,0.0046,1.2161,0.0343,0.806500,-0.208000,-0.055500,-0.550600,-2.9128,1.7042,9.5638,0.2736,1.8681,-0.0879,-0.308000,-0.242800,0.027600,0.919500,False,False,True,Straight,1.000,178.29,0.997,True,,,False,,,False
1783432890557,3027,11.1287,1.3997,-1.8837,-0.3893,-0.0414,-0.0209,0.589700,-0.376400,-0.554100,-0.451200,-2.2406,-8.7578,14.6221,1.4299,2.6016,-1.1784,0.803300,-0.174900,-0.041900,-0.567800,-3.4166,1.3074,9.4012,0.3939,2.7064,-0.0623,-0.306600,-0.275300,0.021400,0.910900,False,False,True,Straight,1.000,178.29,0.997,True,,,False,,,False
1783432890567,3028,11.6215,1.4939,-0.9837,-0.6139,-0.1204,-0.0383,0.585800,-0.381200,-0.551700,-0.455000,7.0131,7.2242,5.5230,-0.9324,2.8874,-2.0535,0.787300,-0.162700,-0.010500,-0.594600,-3.1707,1.6242,9.0397,0.7008,3.7055,0.0065,-0.304700,-0.320000,0.015100,0.897000,False,False,True,Straight,1.000,178.29,0.997,True,,,False,,,False
1783432890578,3029,10.5539,0.1970,0.8129,-0.5590,-0.1437,-0.1272,0.581500,-0.385200,-0.550200,-0.459100,-2.2694,13.4057,13.9860,-1.5301,4.3793,-0.4704,0.780000,-0.145000,0.043200,-0.607300,-2.4887,3.6757,9.7560,0.7189,5.1410,-0.2191,-0.299500,-0.379800,0.002600,0.875200,False,False,True,Straight,1.000,178.29,0.997,True,,,False,,,False
1783432890589,3030,9.5957,-0.5059,3.0529,-0.6674,-0.6061,-0.1680,0.573100,-0.392300,-0.551600,-0.461800,-6.2654,-7.7710,15.0002,-1.2712,4.3108,1.4694,0.785100,-0.123800,0.097600,-0.598900,-4.6278,2.6678,10.4800,0.8385,7.4591,-0.5430,-0.288300,-0.462800,-0.018800,0.838100,False,False,True,Straight,0.900,178.29,0.997,True,,,False,,,False
1783432890599,3031,10.9291,-2.4734,5.1325,-0.3640,-0.4612,-0.4051,0.565900,-0.394700,-0.554800,-0.464900,-11.4025,-10.6340,19.4846,0.8669,3.0152,0.3598,0.784900,-0.092300,0.121400,-0.600600,-10.1342,0.2593,15.4661,2.5704,9.1306,-0.8410,-0.260300,-0.564000,-0.029600,0.783100,False,False,True,Straight,1.000,178.29,0.997,True,,,False,,,False
1783432890609,3032,11.2074,-2.6414,4.7220,-0.0110,0.2139,-0.6426,0.563600,-0.389000,-0.556500,-0.470500,-4.0692,-0.0830,13.8005,0.9544,1.3914,0.5148,0.787600,-0.071800,0.128700,-0.598300,-18.2116,4.1139,20.6789,4.2612,9.2480,-1.5397,-0.209600,-0.662900,-0.028600,0.718200,False,False,True,Straight,1.000,178.29,0.997,True,,,False,,,False
1783432890619,3033,11.1032,2.5214,3.9971,-0.3838,0.6206,-0.5738,0.562700,-0.384000,-0.552700,-0.480100,-2.3274,-2.6702,11.4698,0.7709,0.6093,0.2183,0.788900,-0.059400,0.129400,-0.597800,-13.6120,6.2198,25.1697,3.4054,6.9832,-2.4844,-0.155300,-0.730000,-0.036700,0.664600,False,False,True,Straight,1.000,178.29,0.997,True,,,False,,,False
1783432890629,3034,13.1294,2.9986,3.1256,-0.7303,0.5182,-0.3501,0.560700,-0.383500,-0.546300,-0.490000,-2.2560,-3.6210,10.1959,0.5072,0.3347,0.1419,0.789800,-0.051700,0.129200,-0.597400,-14.4252,2.7000,35.2305,3.1483,0.2324,-3.3915,-0.097800,-0.735100,-0.041900,0.669500,False,False,True,Straight,0.900,178.29,0.997,True,,,False,,,False
1783432890639,3035,13.0223,0.3949,2.3995,-0.8344,0.1723,0.0468,0.558200,-0.388600,-0.539800,-0.496100,-1.4441,-2.5044,9.6346,0.4551,0.2599,0.1505,0.790800,-0.045100,0.128700,-0.596700,2.8078,7.3501,14.5223,3.0531,-5.2399,-2.8247,-0.048300,-0.690800,-0.035600,0.720600,False,False,True,Straight,0.800,178.29,0.997,True,,,False,,,False
1783432890650,3036,10.9710,-1.8785,1.5254,-0.6780,-0.0248,0.3588,0.557000,-0.395800,-0.534000,-0.497900,-1.3913,-2.3497,9.3697,0.6320,0.2508,0.2375,0.792500,-0.036700,0.126900,-0.595400,4.8565,8.6991,6.0101,2.0369,-4.5621,-1.3877,-0.019800,-0.648600,-0.026300,0.760400,False,False,True,Straight,1.000,178.29,0.997,True,,,False,,,False
1783432890660,3037,9.0579,-1.5291,1.1947,-0.4692,-0.0514,0.4352,0.557100,-0.402200,-0.529300,-0.497700,-1.6091,-2.2314,9.2594,0.7945,0.2486,0.2411,0.794300,-0.026700,0.123800,-0.594200,-0.2137,7.0594,9.6912,0.6649,-4.6037,0.4956,-0.020300,-0.603800,-0.014600,0.796700,False,False,True,Straight,1.000,178.29,0.997,True,,,False,,,False
1783432890670,3038,7.5922,-0.3620,1.0710,-0.4011,-0.0382,0.3600,0.557200,-0.407500,-0.525300,-0.497500,-1.7252,-2.0688,9.4646,0.9010,0.2874,0.2501,0.795900,-0.015300,0.120300,-0.593100,-4.4726,1.4182,12.1885,0.2086,-5.8563,1.8585,-0.037900,-0.543800,0.003200,0.838300,True,False,True,Straight,1.000,178.29,0.997,True,,,False,,,False
1783432890680,3039,6.8738,0.2600,1.0559,-0.4687,-0.0235,0.2945,0.556600,-0.412800,-0.521100,-0.498300,-2.0985,-1.7565,9.5721,0.7461,0.2797,0.2891,0.797800,-0.005500,0.117800,-0.591300,-5.8580,-3.1393,11.4558,0.1067,-7.1078,1.8467,-0.055800,-0.466700,0.020400,0.882400,True,False,True,Straight,1.000,178.29,0.997,True,,,False,,,False
1783432890691,3040,6.2006,-0.0249,0.8233,-0.5585,-0.0266,0.2309,0.555000,-0.418300,-0.516700,-0.500100,-1.8929,-0.8705,9.6563,0.5171,0.2741,0.2739,0.799400,0.002000,0.117000,-0.589200,-5.9763,-7.1386,9.9679,0.6125,-7.4567,0.8900,-0.059400,-0.382300,0.037600,0.921400,True,False,True,Straight,1.000,178.29,0.997,True,,,False,,,False
1783432890702,3041,6.0104,-0.5872,0.5161,-0.5647,-0.1063,0.1109,0.552200,-0.423500,-0.513400,-0.502300,-2.1164,-0.5785,9.6560,0.3153,0.3068,0.2632,0.800900,0.007800,0.117900,-0.587000,-8.5841,-8.4968,10.0941,1.8665,-6.9733,-0.6385,-0.039200,-0.301700,0.061100,0.950600,True,False,True,Straight,1.000,178.29,0.997,True,,,False,,,False
1783432890712,3042,6.1285,-0.6519,-0.1950,-0.5417,-0.2524,0.0032,0.547800,-0.428700,-0.511700,-0.504300,-2.1085,-1.1719,9.3891,0.1986,0.2940,0.2972,0.802700,0.012300,0.119600,-0.584200,-13.1043,-7.6246,15.0694,3.3931,-6.0396,-1.7322,-0.000500,-0.231300,0.097600,0.968000,True,False,True,Straight,1.000,178.29,0.997,True,,,False,,,False
1783432890722,3043,5.9331,-0.5249,-0.3261,-0.7218,-0.3203,-0.0920,0.541400,-0.435000,-0.509900,-0.507600,-2.1899,-1.6000,9.1509,0.1670,0.3588,0.3667,0.804800,0.017000,0.122200,-0.580600,-19.2061,-3.2944,18.8684,4.2263,-6.2517,-1.5245,0.038300,-0.156100,0.143900,0.976500,True,False,True,Straight,0.900,178.29,0.997,True,,,False,,,False
1783432890732,3044,6.6991,-0.4485,0.0606,-0.8785,-0.2524,-0.2365,0.533600,-0.440900,-0.507400,-0.513300,-2.4363,-1.2105,9.2795,0.2613,0.3104,0.3842,0.807100,0.022400,0.123500,-0.577000,-24.6074,-3.3967,12.2810,3.1569,-5.6557,-0.9817,0.067100,-0.086400,0.177200,0.978100,True,False,True,Straight,0.800,178.29,0.997,True,,,False,,,False
1783432890743,3045,9.2008,-1.2783,0.0253,-0.8122,-0.1858,-0.3766,0.525600,-0.445000,-0.505500,-0.519800,-2.0979,-0.1090,9.6642,0.1711,0.3528,0.2176,0.808100,0.026900,0.126000,-0.574800,-27.6821,-6.6798,3.7531,2.1103,-4.7226,-0.9499,0.091800,-0.028400,0.197600,0.975600,True,False,True,Straight,0.700,178.29,0.997,True,,,False,,,False
1783432890753,3046,12.6114,-1.3939,-0.2386,-0.3319,-0.1601,-0.3376,0.520700,-0.446000,-0.506400,-0.523100,-1.7202,-0.5634,9.8853,-0.0534,0.7470,0.1157,0.807700,0.031800,0.134100,-0.573200,-25.4746,-2.5801,-4.5572,1.0627,-2.8826,-0.4093,0.104600,0.007200,0.206800,0.972700,True,False,True,Straight,1.000,178.29,0.997,True,,,False,,,False
1783432890764,3047,12.6125,0.2975,-0.6532,-0.2933,-0.0267,-0.2119,0.517600,-0.446600,-0.505900,-0.526000,-1.3771,-0.3893,9.9720,-0.1460,1.3690,0.0641,0.805800,0.040200,0.149200,-0.571600,-23.8473,-2.8617,-4.7524,-0.3915,-0.8753,0.9279,0.095800,0.019900,0.200700,0.974800,False,False,True,Straight,1.000,178.29,0.997,True,,,False,,,False
1783432890774,3048,11.6596,0.7994,-1.9306,-0.5006,-0.0806,0.0076,0.514500,-0.450300,-0.503200,-0.528500,-1.8953,0.0195,10.0523,-0.2997,2.2410,0.0420,0.801800,0.053100,0.174000,-0.569200,-19.6080,-2.8392,-2.6922,-1.6436,1.1324,1.3007,0.077700,0.007400,0.181500,0.980300,False,False,True,Straight,1.000,178.29,0.997,True,,,False,,,False
1783432890785,3049,11.6100,-1.4891,-0.9961,-0.2619,-0.2704,0.0724,0.512000,-0.454100,-0.502900,-0.528000,-0.8916,-1.6088,9.9318,-0.3946,3.4831,0.2029,0.795200,0.074300,0.211600,-0.563400,2.2701,1.1273,14.3048,-2.3331,1.7376,0.9197,0.062700,-0.014100,0.154300,0.985900,False,False,True,Straight,1.000,178.29,0.997,True,,,False,,,False
1783432890795,3050,13.0055,-2.5657,1.1714,-0.1572,-0.2921,0.0714,0.509900,-0.457400,-0.503500,-0.526600,0.4176,-3.7779,9.7804,-0.1145,5.3439,0.7633,0.784700,0.112500,0.264500,-0.549100,1.0911,-13.4697,9.2742,-1.0714,3.2712,0.6195,0.048500,-0.054100,0.143500,0.987000,False,False,True,Straight,1.000,178.29,0.997,True,,,False,,,False
1783432890806,3051,13.1018,1.3993,4.7021,-0.0988,-0.0205,0.1276,0.510200,-0.458800,-0.502400,-0.526100,-1.5369,-3.7990,10.9894,0.8937,7.7903,1.7128,0.765600,0.179600,0.331100,-0.521600,-16.2885,9.6532,22.1398,-1.1468,2.9716,-0.8965,0.053600,-0.093100,0.130300,0.985600,False,False,True,Straight,1.000,178.29,0.997,True,,,False,,,False
1783432890816,3052,11.5221,5.4320,4.9677,-0.8999,0.0218,0.4791,0.508500,-0.467300,-0.493700,-0.528600,-7.3297,-2.2105,19.4557,0.9634,10.4826,2.3762,0.728600,0.264900,0.416700,-0.474600,-4.2701,-7.1006,13.6403,-1.4947,1.7083,-0.3622,0.053600,-0.115800,0.112400,0.985400,False,False,True,Straight,0.900,178.29,0.997,True,,,False,,,False
1783432890826,3053,9.5340,1.1087,1.9893,-1.4298,0.0764,0.4273,0.503500,-0.478300,-0.481200,-0.534900,-15.7821,-2.5122,23.0635,0.3861,10.6476,2.0972,0.677800,0.339700,0.500400,-0.418000,-4.9424,2.3509,10.7499,-0.6925,0.6822,-0.3411,0.055900,-0.125200,0.103700,0.985100,False,False,True,Straight,0.800,178.29,0.997,True,,,False,,,False
1783432890837,3054,10.7551,-2.4884,3.5701,-1.0263,0.3963,0.3638,0.502200,-0.484200,-0.469800,-0.541000,-6.2122,-9.6701,21.8667,2.3345,7.5954,2.3455,0.629100,0.411800,0.539900,-0.378400,-4.1124,1.4761,10.7744,-0.3625,0.0722,-0.1437,0.057100,-0.126600,0.098800,0.985400,False,False,True,Straight,0.700,178.29,0.997,True,,,False,,,False
1783432890847,3055,12.1338,-1.4844,3.7187,-0.7637,0.4963,0.2122,0.502100,-0.486700,-0.460300,-0.547000,-12.4478,-6.8510,38.4587,2.6696,2.1818,0.3288,0.601600,0.444800,0.542200,-0.382300,-3.0360,1.8327,9.7105,-0.1251,0.0190,-0.0549,0.057700,-0.127100,0.097000,0.985400,False,False,True,Straight,0.600,178.29,0.997,True,,,False,,,False
1783432890857,3056,11.7847,1.3924,2.5635,-0.7501,0.3750,-0.1174,0.499000,-0.488100,-0.453600,-0.554100,2.9090,-6.5325,16.9824,0.5964,-3.9106,-1.5388,0.616700,0.419400,0.517700,-0.419400,-2.5693,1.8216,9.3642,-0.0926,0.0467,-0.0517,0.058200,-0.127900,0.095700,0.985400,False,False,True,Straight,0.500,178.29,0.997,True,,,False,,,False
1783432890868,3057,10.2773,2.0968,1.7217,-0.8657,0.2551,-0.3954,0.492500,-0.489400,-0.448400,-0.562900,2.8826,-3.5850,8.1488,0.9678,-4.1540,-1.6807,0.628700,0.393300,0.488400,-0.459900,-2.5748,1.1936,9.4316,-0.0651,0.1600,-0.0619,0.058700,-0.130100,0.094700,0.985200,False,False,True,Straight,0.400,178.29,0.997,True,,,False,,,False
1783432890878,3058,8.9832,1.1447,1.1761,-1.0680,0.2099,-0.5182,0.483600,-0.491400,-0.442800,-0.573200,-2.3829,-3.5175,10.5964,1.3322,-5.4327,-1.5608,0.644700,0.361800,0.444200,-0.506100,-2.7613,1.6329,9.3571,0.0067,0.2443,-0.0372,0.059000,-0.133300,0.094700,0.984800,False,True,True,Straight,0.300,178.29,0.997,True,,,False,,,False
1783432890888,3059,8.0124,0.3380,0.7982,-1.0702,0.1947,-0.5136,0.474500,-0.493600,-0.437200,-0.583200,-4.8819,-3.4889,10.9371,1.6511,-7.2234,-1.2979,0.666200,0.320400,0.379400,-0.556500,-2.8103,1.9594,9.1811,-0.0236,0.2131,-0.0588,0.059500,-0.136100,0.094300,0.984400,False,True,True,Straight,0.200,178.29,0.997,True,,,False,,,False
1783432890901,3060,7.5180,0.2213,0.8485,-1.0611,0.2116,-0.4992,0.465500,-0.495500,-0.431300,-0.593100,-6.0388,-3.5353,9.4895,1.3323,-8.2495,-0.9992,0.689200,0.267300,0.303200,-0.601300,-2.7313,1.8884,9.1612,-0.1056,0.1709,-0.1141,0.060600,-0.138500,0.092700,0.984100,False,True,True,Straight,0.100,178.29,0.997,True,,,False,,,False
1783432890910,3061,7.4955,0.3788,0.8635,-1.1134,0.2099,-0.4757,0.456300,-0.497700,-0.424800,-0.603000,-6.1165,-4.6827,7.8553,0.6762,-8.2273,-0.9028,0.707400,0.206200,0.228500,-0.636200,-2.7594,1.6260,9.1485,-0.1187,0.1650,-0.1283,0.061900,-0.140800,0.091000,0.983900,False,True,True,Turning,1.000,178.29,0.997,True,,,False,,,False
1783432890921,3062,7.2504,0.3545,0.4607,-1.1400,0.1438,-0.4047,0.447000,-0.500900,-0.417900,-0.612100,-8.6023,-6.0951,11.6915,-0.3098,-7.2126,-0.6586,0.720500,0.143000,0.167900,-0.657500,-2.8895,1.3856,9.1901,-0.1255,0.1584,-0.1330,0.063200,-0.143100,0.089200,0.983700,False,True,True,Turning,1.000,178.29,0.997,True,,,False,,,False
1783432890932,3063,6.9106,0.3008,-0.0205,-1.2122,-0.0821,-0.2545,0.437100,-0.506800,-0.410700,-0.619200,-15.5893,-14.9701,18.3010,-1.3697,-6.5999,-1.4543,0.721900,0.072500,0.121500,-0.677400,-2.8981,1.4687,9.1267,-0.1301,0.1365,-0.1911,0.065200,-0.145200,0.087200,0.983400,False,True,True,Turning,1.000,178.29,0.997,True,,,False,,,False
1783432890942,3064,6.8446,-0.2361,-0.6430,-1.2897,-0.4083,-0.1379,0.425900,-0.516200,-0.403900,-0.623800,-24.8133,-19.9726,19.6429,-0.9780,-6.5193,-3.8863,0.696200,0.001800,0.073900,-0.714000,-2.8154,1.5496,9.0813,-0.1502,0.1273,-0.2642,0.068100,-0.147300,0.084800,0.983100,False,True,True,Turning,1.000,178.29,0.997,True,,,False,,,False
1783432890952,3065,7.1029,0.0262,-0.8157,-1.0629,-0.7422,-0.0778,0.414700,-0.527100,-0.400100,-0.624600,-27.0014,-5.5358,10.4059,-0.7483,-5.6610,-5.5279,0.648400,-0.060700,0.031200,-0.758200,-3.0919,1.5139,9.1857,-0.1506,0.1364,-0.2933,0.071400,-0.149500,0.082300,0.982700,False,True,True,Turning,1.000,178.29,0.997,True,,,False,,,False
1783432890963,3066,8.1587,0.3453,-0.2346,-0.9365,-0.7505,0.0369,0.405200,-0.537900,-0.396500,-0.623900,-27.4217,-2.2734,5.3969,-0.0555,-3.7714,-5.0333,0.599900,-0.099100,-0.002600,-0.793900,-2.8246,1.4364,9.2323,-0.1186,0.1460,-0.2834,0.074600,-0.151700,0.080300,0.982300,False,True,True,Turning,1.000,178.29,0.997,True,,,False,,,False
1783432890973,3067,10.6148,0.5000,0.3366,-0.8034,-0.5589,0.1351,0.398200,-0.546900,-0.392200,-0.623300,-26.7739,6.8181,-0.7543,-0.3890,-2.8966,-2.7270,0.571300,-0.130900,-0.023700,-0.809900,-2.8462,1.4378,9.3966,-0.0933,0.2985,-0.2864,0.077700,-0.155900,0.078700,0.981600,False,True,True,Turning,1.000,178.29,0.997,True,,,False,,,False
1783432890983,3068,11.2797,0.1279,-0.3530,-0.6511,-0.4121,0.1433,0.393000,-0.553900,-0.388300,-0.622800,-26.3917,4.0629,-4.9263,-2.2701,-1.2465,-0.1789,0.565000,-0.159800,-0.009700,-0.809400,-2.4750,1.4330,9.5434,-0.0748,0.5770,-0.2955,0.080600,-0.163400,0.077600,0.980200,False,True,True,Turning,1.000,178.29,0.997,True,,,False,,,False
1783432890995,3069,10.5437,-0.3118,-1.4130,-0.4479,-0.3349,0.0733,0.389000,-0.559000,-0.386100,-0.622200,-15.9727,-7.1818,-5.5575,-1.2587,2.0431,-0.2950,0.559500,-0.148100,0.017100,-0.815300,-2.7391,1.6034,9.7162,-0.1246,1.0023,-0.4226,0.084700,-0.176200,0.076000,0.977700,False,False,True,Turning,1.000,178.29,0.997,True,,,False,,,False
1783432891005,3070,9.9944,0.7601,-0.7823,-0.3368,-0.3046,0.0425,0.385700,-0.563100,-0.384800,-0.621300,3.9441,-2.0100,14.2147,-0.8741,3.2408,-0.8922,0.547600,-0.121400,0.047300,-0.826500,-2.2284,0.5779,10.0185,-0.0436,1.6927,-0.4762,0.088800,-0.197400,0.076100,0.973300,False,False,True,Turning,1.000,178.29,0.997,True,,,False,,,False
1783432891015,3071,10.5892,0.8693,-0.0108,-0.2145,-0.0330,-0.0008,0.384200,-0.564400,-0.383500,-0.622000,-0.9950,5.0920,9.2220,-1.6474,4.4765,-0.0619,0.540900,-0.086500,0.095000,-0.831300,-1.7209,1.3821,10.1426,0.1238,2.7996,-0.6307,0.094200,-0.231900,0.078900,0.965000,False,False,True,Turning,1.000,178.29,0.997,True,,,False,,,False
1783432891025,3072,11.3662,0.4846,2.5990,-0.2513,-0.4531,-0.0045,0.380400,-0.569000,-0.383900,-0.619800,-8.7138,-4.0458,19.5490,-1.1976,4.4393,0.9595,0.543400,-0.047300,0.138600,-0.826600,-1.3502,2.4560,10.6210,0.0519,4.7332,-1.0815,0.102700,-0.289600,0.081600,0.948100,False,False,True,Turning,1.000,178.29,0.997,True,,,False,,,False
1783432891036,3073,12.7420,-2.2727,2.8149,-0.3292,-0.3859,-0.1417,0.375300,-0.572800,-0.384300,-0.619200,-10.6206,-8.5175,17.7457,0.8602,2.0537,0.4044,0.544300,-0.019700,0.144100,-0.826200,-4.1213,2.5225,11.9040,-0.3467,7.0116,-1.9793,0.117400,-0.373800,0.078900,0.916700,False,False,True,Turning,1.000,178.29,0.997,True,,,False,,,False
1783432891046,3074,13.6331,-2.3115,3.3217,-0.0972,0.1101,-0.3882,0.372300,-0.570400,-0.386000,-0.622100,-4.8733,-3.3669,12.2421,0.8218,0.7197,0.3129,0.546500,-0.006200,0.140800,-0.825500,-7.2048,1.3470,15.2820,0.6454,8.8990,-2.9759,0.145100,-0.474900,0.084700,0.863800,False,False,True,Turning,1.000,178.29,0.997,True,,,False,,,False
1783432891057,3075,11.8663,0.4900,4.0302,-0.3089,0.3724,-0.5808,0.367500,-0.566100,-0.386100,-0.628800,-2.4139,-2.2084,11.2957,0.6556,0.2975,0.1570,0.547700,0.001500,0.136400,-0.825500,-14.6110,5.6453,21.9770,1.0972,8.7843,-3.4723,0.178900,-0.567900,0.091200,0.798300,False,False,True,Turning,1.000,178.29,0.997,True,,,False,,,False
1783432891067,3076,11.8949,1.1588,3.0754,-0.5868,0.4349,-0.5400,0.361400,-0.562600,-0.383400,-0.637100,-1.8834,-2.8116,9.6459,0.4348,0.1969,0.1401,0.549000,0.006700,0.133500,-0.825100,-6.7399,5.7664,21.4931,-0.2200,6.4911,-4.1063,0.210300,-0.635000,0.073900,0.739700,False,False,True,Turning,1.000,178.29,0.997,True,,,False,,,False
1783432891078,3077,12.0061,-0.3301,2.3563,-0.7106,0.3148,-0.2193,0.356300,-0.562200,-0.377900,-0.643500,-1.5380,-2.4037,9.4010,0.7180,0.1610,0.2206,0.551000,0.013600,0.127500,-0.824600,-10.5077,1.8620,27.3526,2.7692,0.9147,-3.6390,0.265100,-0.638300,0.073000,0.719000,False,False,True,Turning,1.000,178.29,0.997,True,,,False,,,False
1783432891088,3078,11.0239,-1.4215,1.7342,-0.6147,0.1529,0.1800,0.354300,-0.564500,-0.371100,-0.646600,-1.7409,-2.2685,9.5759,0.9303,0.1715,0.2498,0.553200,0.022000,0.119300,-0.824200,4.8408,13.8034,9.5582,3.7562,-2.5660,-1.4945,0.310900,-0.602700,0.086400,0.729800,False,False,True,Turning,1.000,178.29,0.997,True,,,False,,,False
1783432891099,3079,9.4443,-1.5445,1.2622,-0.5144,0.1577,0.3219,0.354100,-0.566900,-0.364100,-0.648600,-2.1360,-1.0027,9.9910,0.6278,0.2372,0.2121,0.554900,0.029000,0.114700,-0.823400,3.3919,7.7945,6.5044,2.0173,-2.2765,0.1765,0.327300,-0.573200,0.097500,0.744900,True,False,True,Turning,1.000,178.29,0.997,True,,,False,,,False
1783432891108,3080,8.5323,-0.7452,0.9147,-0.5241,0.1556,0.2900,0.353600,-0.569300,-0.357200,-0.650600,-2.0648,-1.1224,9.6972,0.3239,0.2573,0.1701,0.556300,0.034100,0.113400,-0.822500,1.3985,2.5676,8.1362,2.0954,-2.8103,1.3909,0.333100,-0.535700,0.115700,0.767200,True,False,True,Turning,1.000,178.29,0.997,True,,,False,,,False
1783432891120,3081,7.7150,-0.4027,0.7164,-0.5184,0.1392,0.1406,0.351800,-0.571000,-0.351400,-0.653200,-2.0258,-1.3366,9.4145,0.2103,0.2227,0.1589,0.557600,0.038000,0.113000,-0.821500,-2.5376,0.9476,12.0675,2.1337,-3.7224,1.9695,0.334000,-0.486900,0.134000,0.795800,True,False,True,Turning,1.000,178.29,0.997,True,,,False,,,False
1783432891130,3082,7.4946,-0.2590,0.6625,-0.5189,0.1061,0.0374,0.349100,-0.572500,-0.346600,-0.656000,-2.2525,-1.2714,9.5429,0.1595,0.1779,0.1451,0.558900,0.041000,0.112800,-0.820500,-5.3862,-1.6154,13.7219,1.8867,-5.4563,1.9646,0.335000,-0.419600,0.141800,0.831600,True,False,True,Turning,1.000,178.29,0.997,True,,,False,,,False
1783432891141,3083,7.4416,-0.2937,0.5793,-0.5536,0.0758,-0.0011,0.345600,-0.574200,-0.341800,-0.658800,-2.1381,-1.0980,9.4504,0.1247,0.1288,0.1265,0.560100,0.043300,0.112700,-0.819600,-4.0663,-4.3682,10.3959,2.0727,-6.2983,1.5350,0.340700,-0.340800,0.144700,0.864200,True,False,True,Turning,1.000,178.29,0.997,True,,,False,,,False
1783432891151,3084,7.4928,-0.7063,0.3923,-0.5521,0.0757,-0.0468,0.341700,-0.575700,-0.337400,-0.661800,-2.1608,-1.1691,9.4617,0.0615,0.1242,0.1042,0.561100,0.045000,0.113100,-0.818800,-5.3711,-6.2575,8.5949,3.0070,-5.7885,0.9356,0.353700,-0.262100,0.156200,0.884200,True,False,True,Turning,1.000,178.29,0.997,True,,,False,,,False
1783432891161,3085,7.4439,-0.7006,-0.2475,-0.5640,0.0232,-0.0853,0.337200,-0.577500,-0.333300,-0.664600,-2.0736,-1.3338,9.3424,0.0507,0.1249,0.1080,0.562100,0.046700,0.113700,-0.817900,-11.5324,-6.6497,16.2544,3.9965,-4.5470,0.8273,0.366400,-0.191300,0.182500,0.892100,True,False,True,Turning,1.000,178.29,0.997,True,,,False,,,False
1783432891173,3086,7.2530,-0.8132,-0.2686,-0.5564,-0.0912,-0.1361,0.331900,-0.580000,-0.330200,-0.666700,-2.0800,-1.5397,9.3177,0.0497,0.1544,0.1314,0.563300,0.048800,0.114500,-0.816900,-16.8038,-10.0432,19.2529,4.0235,-5.0676,0.5203,0.381500,-0.114000,0.204800,0.894200,True,False,True,Turning,1.000,178.29,0.997,True,,,False,,,False
1783432891182,3087,7.3852,-0.0631,0.1297,-0.5003,-0.1299,-0.2497,0.325800,-0.582100,-0.328500,-0.668700,-2.1313,-1.2666,9.3808,0.0468,0.2049,0.1336,0.564400,0.051300,0.115600,-0.815700,-22.7183,-9.0930,13.0671,3.4519,-4.6785,-0.4117,0.402800,-0.045500,0.219800,0.887400,True,False,True,ReacquiringPd,0.000,178.29,0.000,False,,,False,,,False
1783432891192,3088,8.6757,0.8898,-0.1445,-0.6807,-0.0868,-0.3451,0.317800,-0.584100,-0.325800,-0.672100,-1.8686,-0.9882,9.3850,-0.0072,0.2866,0.0886,0.565000,0.054200,0.117900,-0.814800,-24.8298,-3.4088,2.6823,2.0339,-3.8098,-0.5131,0.420100,0.006100,0.222300,0.879800,True,False,True,ReacquiringPd,0.000,178.29,0.000,False,,,False,,,False
1783432891202,3089,10.5405,0.1249,0.3752,-0.5291,-0.0621,-0.3265,0.311200,-0.585300,-0.324100,-0.675000,-1.5209,-0.7365,9.4856,-0.1687,0.5949,0.0621,0.565000,0.059000,0.124100,-0.813600,-23.4002,-1.1459,-4.3905,1.3078,-2.3127,0.7927,0.417900,0.040800,0.224200,0.879400,True,False,True,ReacquiringPd,0.000,178.29,0.000,False,,,False,,,False
1783432891213,3090,10.4905,0.4084,0.3725,-0.4408,-0.0818,-0.2796,0.305500,-0.586500,-0.322900,-0.677100,-1.4085,-0.5415,9.7066,-0.4299,1.1036,0.0150,0.563800,0.067100,0.136500,-0.811800,-19.7632,-0.4618,-2.5120,-0.3116,-0.6813,2.1464,0.396500,0.052800,0.215900,0.890700,False,False,True,ReacquiringPd,0.000,178.29,0.000,False,,,False,,,False
1783432891223,3091,10.0434,0.2584,-0.5400,-0.3979,-0.1511,-0.1875,0.300600,-0.588500,-0.321600,-0.678200,-1.0135,-1.4238,10.1122,-0.5717,1.9621,0.0224,0.561100,0.082900,0.156300,-0.808600,-12.8928,-7.5528,-0.1751,-2.6733,1.5620,2.0043,0.371400,0.027500,0.192300,0.907900,False,False,True,ReacquiringPd,0.000,178.29,0.000,False,,,False,,,False
1783432891234,3092,10.3208,-1.7227,0.3636,-0.2806,-0.1627,-0.1249,0.297000,-0.590300,-0.320900,-0.678400,0.0761,-2.8108,10.5664,-0.3959,3.3214,0.3712,0.558300,0.114300,0.183300,-0.801000,8.4551,-4.0562,15.7560,-2.8605,1.6760,1.0144,0.356400,-0.002400,0.167000,0.919300,False,False,True,ReacquiringPd,0.000,178.29,0.000,False,,,False,,,False
1783432891245,3093,11.8530,-1.8482,2.5937,0.0660,-0.0087,-0.0509,0.297300,-0.589900,-0.322100,-0.678200,2.4470,-2.9280,10.6949,-0.1053,5.9895,0.9541,0.552800,0.175200,0.224500,-0.783200,-8.1577,-10.4663,13.8799,-1.2300,3.5215,-1.1910,0.362300,-0.050900,0.168200,0.915300,False,False,True,ReacquiringPd,0.000,178.29,0.000,False,,,False,,,False
1783432891255,3094,14.0763,1.1811,6.7331,0.0128,0.3472,0.3277,0.301800,-0.588200,-0.318600,-0.679300,-0.9845,-1.8040,12.6977,0.0601,9.1736,1.5091,0.538000,0.268100,0.282600,-0.747600,-10.1777,3.8886,17.1426,-1.7768,1.5935,-0.5056,0.363400,-0.078300,0.154500,0.915400,False,False,True,ReacquiringPd,0.000,178.29,0.000,False,,,False,,,False
1783432891266,3095,11.6497,5.3927,3.9137,-0.6123,0.4426,0.6765,0.305000,-0.589300,-0.306900,-0.682300,-11.6426,0.3094,25.5607,-1.0896,11.0240,1.4531,0.511200,0.365800,0.359200,-0.689800,-6.1934,0.0776,12.2008,-0.8735,0.5466,-0.4386,0.366400,-0.089400,0.146300,0.914500,False,False,True,ReacquiringPd,0.000,178.29,0.000,False,,,False,,,False
1783432891277,3096,10.8577,-1.6905,3.5022,-0.5055,0.4285,0.6959,0.309000,-0.590200,-0.295900,-0.684600,-13.2084,-5.9344,23.9139,-0.9138,8.1050,1.3210,0.487600,0.433600,0.410900,-0.636700,-3.7966,1.9170,9.9239,-0.4462,0.0427,-0.1375,0.367300,-0.092300,0.141100,0.914700,False,False,True,ReacquiringPd,0.000,178.29,0.000,False,,,False,,,False
1783432891287,3097,11.5720,-2.5303,4.3644,-0.1067,0.6639,0.4373,0.314600,-0.586500,-0.289300,-0.688100,-4.8400,0.2901,31.0943,0.6191,2.3123,0.9949,0.480000,0.460500,0.414600,-0.621000,-2.5778,1.7186,9.5082,-0.1896,0.0296,-0.0877,0.367900,-0.093800,0.138800,0.914600,False,False,True,ReacquiringPd,0.000,178.29,0.000,False,,,False,,,False
1783432891298,3098,12.1707,0.8333,3.6720,-0.1282,0.6157,-0.0217,0.315800,-0.581600,-0.286000,-0.693000,8.7886,-0.9275,11.6226,-0.1649,-3.2877,0.8164,0.503800,0.437600,0.391000,-0.633800,-2.8084,2.2673,9.3078,-0.2365,0.1090,-0.1339,0.368900,-0.096500,0.136200,0.914400,False,False,True,ReacquiringPd,0.000,178.29,0.000,False,,,False,,,False
1783432891307,3099,11.3739,2.5451,2.7605,-0.2382,0.6611,-0.3475,0.313600,-0.575500,-0.283900,-0.699900,2.0029,-6.0635,8.2120,0.4143,-3.4781,0.3452,0.520700,0.413800,0.363400,-0.652400,-3.0305,1.6367,9.4663,-0.3043,0.1607,-0.1605,0.370000,-0.100100,0.133100,0.914000,False,False,True,ReacquiringPd,0.000,178.29,0.000,False,,,False,,,False
1783432891318,3100,9.9760,2.2309,2.5024,-0.4493,0.6525,-0.4516,0.308800,-0.569900,-0.280700,-0.707900,-1.3092,-6.3606,9.1332,1.2273,-5.3974,-0.9885,0.529400,0.372000,0.322400,-0.691000,-3.1108,1.3013,9.4660,-0.2215,0.1698,-0.1106,0.370600,-0.103400,0.131000,0.913700,False,True,True,ReacquiringPd,0.000,178.29,0.000,False,,,False,,,False
1783432891328,3101,9.0131,1.2796,2.3422,-0.5475,0.6569,-0.4159,0.303600,-0.564700,-0.276300,-0.716000,-3.2319,-2.3685,8.7147,1.2249,-6.8797,-1.6043,0.535200,0.312600,0.272400,-0.736000,-3.1542,1.3157,9.2936,-0.1300,0.1121,-0.0613,0.370800,-0.105500,0.129800,0.913500,False,True,True,ReacquiringPd,0.000,178.29,0.000,False,,,False,,,False
1783432891339,3102,8.3608,0.6566,2.3710,-0.5654,0.6476,-0.3979,0.298400,-0.559600,-0.271600,-0.723900,-3.4267,-2.1998,4.7389,0.9496,-7.7725,-1.3952,0.542100,0.240900,0.215800,-0.775600,-3.0617,1.6064,9.1860,-0.0891,0.0364,-0.0465,0.371000,-0.106500,0.128700,0.913500,False,True,True,ReacquiringPd,0.000,178.29,0.000,False,,,False,,,False
1783432891349,3103,7.6664,0.9057,2.5281,-0.6267,0.6392,-0.3671,0.293000,-0.554900,-0.266100,-0.731800,-4.8711,-3.6291,2.5718,0.5015,-6.5842,-1.1630,0.544900,0.176200,0.169000,-0.802200,-2.8554,1.6489,9.0930,-0.1035,-0.0098,-0.0776,0.371700,-0.107100,0.127200,0.913400,False,True,True,ReacquiringPd,0.000,178.29,0.000,False,,,False,,,False
1783432891359,3104,6.9685,2.1089,2.4706,-0.7866,0.4482,-0.3049,0.286300,-0.552600,-0.259400,-0.738500,-13.8936,-10.0533,9.5870,0.0173,-5.1786,-1.9004,0.535100,0.119700,0.137400,-0.824900,-2.6724,1.4824,9.0777,-0.1281,-0.0158,-0.1125,0.372700,-0.107800,0.125300,0.913100,False,True,True,ReacquiringPd,0.000,178.29,0.000,False,,,False,,,False
1783432891369,3105,6.4602,3.1309,3.0656,-1.0873,0.0512,-0.2237,0.277000,-0.555200,-0.250800,-0.743100,-21.0480,-10.5219,13.6722,0.1130,-5.0431,-3.8917,0.501400,0.061100,0.107900,-0.856300,-2.7494,1.4623,9.0395,-0.1175,0.0145,-0.1367,0.373900,-0.108900,0.123600,0.912700,False,True,True,ReacquiringPd,0.000,178.29,0.000,False,,,False,,,False
1783432891379,3106,6.4368,3.0590,3.1345,-1.4178,-0.1776,-0.1054,0.265600,-0.561300,-0.238900,-0.746500,-22.5778,-0.9586,10.8246,-0.0326,-4.3621,-4.1454,0.461300,0.008100,0.083900,-0.883300,-2.5729,1.6099,9.1534,-0.1467,0.0423,-0.1869,0.375700,-0.110400,0.121700,0.912100,False,True,True,ReacquiringPd,0.000,178.29,0.000,False,,,False,,,False
1783432891390,3107,7.0273,1.8391,3.4148,-1.5848,0.0613,-0.1179,0.253600,-0.565600,-0.224800,-0.751900,-23.6854,-1.8673,7.1269,-0.1299,-3.2186,-2.3659,0.437800,-0.030900,0.067100,-0.896100,-2.8931,1.4994,9.3980,-0.1532,0.1221,-0.2673,0.378200,-0.113100,0.120000,0.910900,False,True,True,ReacquiringPd,0.000,178.29,0.000,False,,,False,,,False
1783432891400,3108,7.6272,1.6469,3.6174,-1.5255,0.2663,-0.3171,0.240600,-0.566900,-0.211800,-0.758900,-20.6009,-3.2652,2.4603,0.9182,-2.3486,-0.6872,0.432100,-0.053000,0.043800,-0.899200,-1.9993,1.5238,9.3481,-0.0536,0.4181,-0.3805,0.381700,-0.118700,0.120600,0.908600,False,True,True,ReacquiringPd,0.000,178.29,0.000,False,,,False,,,False
1783432891411,3109,6.6950,0.6302,3.1297,-1.5100,0.4841,-0.5494,0.225900,-0.565300,-0.199800,-0.767800,-18.7783,-2.4648,-4.5502,-0.1666,-0.5621,0.2816,0.435500,-0.060200,0.043000,-0.897200,-1.0194,2.7107,10.1742,0.0430,1.1825,-0.7297,0.388100,-0.133100,0.125500,0.903300,False,False,True,ReacquiringPd,0.000,99.49,0.000,False,,,False,,,False
1783432891422,3110,4.2992,0.3536,2.5442,-1.3958,0.7197,-0.7283,0.210800,-0.560400,-0.189500,-0.778200,-5.8105,-1.2094,4.0039,-0.7503,1.4454,-1.1021,0.421800,-0.048700,0.058700,-0.903500,-0.6739,0.8421,11.1774,0.2849,2.5784,-1.3313,0.399300,-0.162900,0.138700,0.891500,False,False,True,ReacquiringPd,0.000,99.49,0.000,False,,,False,,,False
1783432891432,3111,2.5036,0.8516,2.8032,-1.3350,0.7300,-0.7983,0.195400,-0.554800,-0.180100,-0.788400,10.1646,9.5000,7.3130,-1.4076,2.5775,-0.3103,0.415400,-0.027300,0.088300,-0.904900,-2.2140,-0.4460,12.1753,1.3207,4.2560,-2.1934,0.418200,-0.207300,0.169700,0.867900,False,False,True,ReacquiringPd,0.000,99.49,0.000,False,,,False,,,False
1783432891443,3112,2.7840,-0.9145,2.4992,-1.3115,0.6271,-0.8188,0.179600,-0.549900,-0.171300,-0.797500,-16.3508,-16.7977,22.9729,-0.5971,2.9436,0.6546,0.419100,0.003500,0.110700,-0.901100,-7.1203,-2.1660,14.4354,3.9828,3.4539,-3.8812,0.461900,-0.231500,0.220100,0.827400,False,False,True,ReacquiringPd,0.000,99.49,0.000,False,,,False,,,False
1783432891453,3113,6.4651,-3.9871,0.8517,-0.9381,1.0387,-0.7305,0.168100,-0.540000,-0.164600,-0.808200,-0.7385,3.9442,12.4886,0.4426,1.2306,0.1149,0.418800,0.019800,0.112400,-0.900900,-4.5170,6.7318,19.6900,4.4279,-0.6250,-6.0409,0.536800,-0.215200,0.243600,0.778600,False,False,True,Turning,0.000,99.49,0.000,False,,,False,,,False
1783432891463,3114,12.1405,-3.4506,2.4536,-0.4611,1.4066,-0.2397,0.165400,-0.526100,-0.158500,-0.819000,-2.5100,-3.1327,9.5969,0.0208,0.8076,0.0767,0.418700,0.029000,0.116600,-0.900100,3.4032,11.9108,2.4462,4.1861,-2.3319,-4.2830,0.595200,-0.176700,0.256100,0.740900,False,False,True,Turning,1.000,99.49,0.000,False,,,False,,,False
1783432891473,3115,8.6978,0.8991,3.0988,-0.5831,0.9887,0.2321,0.165900,-0.517600,-0.149000,-0.826000,-2.8141,-2.7781,9.6040,0.2190,0.5059,0.0644,0.418800,0.035800,0.117100,-0.899800,-1.8865,9.4844,6.1449,3.8102,-3.2493,-1.3893,0.625800,-0.122300,0.263400,0.723900,False,False,True,Turning,1.000,99.49,0.000,False,,,False,,,False
1783432891484,3116,4.8746,-0.2675,2.8881,-0.9705,0.5053,0.1906,0.162500,-0.514800,-0.136600,-0.830600,-1.7321,-1.8468,9.7788,0.2913,0.2584,0.0197,0.418700,0.040200,0.115400,-0.899900,-2.1177,-7.3709,2.2761,2.7560,-3.4119,-0.3772,0.643900,-0.070800,0.260600,0.715900,False,False,True,Turning,1.000,99.49,0.000,False,,,False,,,False
1783432891494,3117,4.6418,-2.6925,1.2013,-0.6232,0.3011,0.0466,0.159600,-0.513000,-0.129200,-0.833500,-2.0404,-1.9222,9.8503,0.2329,0.3868,0.0726,0.419000,0.045800,0.115100,-0.899500,-4.0101,-12.4555,-1.1146,2.3219,-2.7194,-1.8657,0.670800,-0.033700,0.257300,0.694700,False,False,True,Turning,1.000,99.49,0.000,False,,,False,,,False
1783432891504,3118,6.7011,-3.4798,0.3888,-0.1910,0.6236,-0.1278,0.158000,-0.506700,-0.126800,-0.838000,-1.9595,-1.5817,9.7579,0.0999,0.2954,0.0778,0.419600,0.049700,0.115700,-0.898900,-3.2078,-6.0475,-5.3920,1.4451,-0.4542,-2.1785,0.691500,-0.024600,0.264800,0.671600,True,False,True,Turning,1.000,99.49,0.000,False,,,False,,,False
1783432891514,3119,6.2976,-2.1865,1.1422,0.1762,0.8767,-0.1767,0.158700,-0.496800,-0.128000,-0.843500,-2.1729,-1.8072,9.5733,0.0820,0.3200,0.0798,0.420200,0.053800,0.116700,-0.898300,-34.5800,12.1378,19.6444,-3.5766,-0.1871,-0.7490,0.696600,-0.056400,0.232500,0.676400,True,False,True,Turning,1.000,99.49,0.000,False,,,False,,,False
1783432891524,3120,4.8876,-0.9577,3.2696,0.4126,0.7712,-0.2206,0.160300,-0.487500,-0.132200,-0.848000,-2.7475,-1.2490,9.7686,0.0082,0.2311,0.0628,0.420800,0.056400,0.118000,-0.897700,4.3408,-8.1550,18.4550,-1.1275,-1.9151,0.1228,0.700000,-0.049700,0.206100,0.681900,True,False,True,Turning,1.000,99.49,0.000,False,,,False,,,False
1783432891535,3121,6.5244,1.0701,2.8697,0.1733,0.6359,-0.2120,0.160200,-0.480100,-0.134000,-0.852000,-1.7176,-1.5292,9.2259,-0.0643,0.1942,0.0421,0.421200,0.058200,0.120000,-0.897100,-2.1243,1.9750,10.1597,-0.0125,0.0629,0.0397,0.699400,-0.050400,0.206400,0.682400,True,False,True,Turning,1.000,99.49,0.000,False,,,False,,,False
1783432891546,3122,7.1228,-0.0287,3.1531,-0.2818,0.3574,0.0508,0.159700,-0.476900,-0.130000,-0.854500,-1.9620,-1.3048,9.2098,-0.1157,0.3120,0.0731,0.421800,0.061200,0.123200,-0.896200,-3.7381,2.0186,8.3361,-0.1093,0.2072,-0.0440,0.699100,-0.053300,0.207000,0.682300,True,False,True,Turning,1.000,99.49,0.000,False,,,False,,,False
1783432891556,3123,7.8473,-0.4101,3.5420,-0.1904,-0.0477,0.2135,0.160800,-0.478200,-0.126800,-0.854000,-1.9350,-1.9384,9.3414,-0.0888,0.3351,0.1156,0.422800,0.064500,0.126100,-0.895100,-5.7847,3.0010,8.4726,-0.2438,-0.3295,-0.0124,0.699800,-0.052800,0.201900,0.683200,True,False,True,Turning,1.000,99.49,0.000,False,,,False,,,False
1783432891566,3124,7.4197,-2.0607,5.0255,-0.0102,-0.0976,0.0206,0.160900,-0.479300,-0.126800,-0.853400,-2.6881,-1.8160,9.4948,-0.0424,0.3288,0.1606,0.424300,0.068200,0.128500,-0.893800,-3.3958,1.1256,9.2165,-0.3416,-0.7241,-0.1328,0.702400,-0.050000,0.192300,0.683400,True,False,True,Turning,1.000,99.49,0.000,False,,,False,,,False
1783432891577,3125,10.2487,0.5676,6.3941,0.0569,-0.1286,-0.1323,0.159700,-0.480400,-0.128400,-0.852800,-2.6766,-1.9772,9.3778,0.0368,0.2311,0.1562,0.425900,0.071100,0.129400,-0.892700,-1.8117,0.6589,9.4229,0.1229,-0.1942,0.1141,0.701900,-0.047100,0.191600,0.684400,True,False,True,Turning,1.000,99.49,0.000,False,,,False,,,False
1783432891587,3126,11.8961,0.9687,7.3409,-0.3938,-0.1054,0.1143,0.158500,-0.482500,-0.123800,-0.852500,-2.9731,-1.6970,9.3324,0.1382,0.0814,0.1737,0.427700,0.073000,0.128400,-0.891800,-2.8247,2.7230,9.1397,0.1025,0.1840,0.0006,0.701500,-0.047900,0.193900,0.684200,True,False,True,Turning,1.000,99.49,0.000,False,,,False,,,False
1783432891598,3127,10.7666,0.0635,7.0940,-0.5651,-0.0875,0.3051,0.158200,-0.485000,-0.116100,-0.852200,-2.9811,-1.1965,9.4460,0.1540,-0.1395,0.1227,0.429400,0.072300,0.126100,-0.891300,-4.2681,1.6175,8.8779,0.0795,0.0454,-0.0191,0.701500,-0.047700,0.194800,0.683900,True,False,True,Turning,1.000,99.49,0.000,False,,,False,,,False
1783432891608,3128,10.7174,-0.5356,6.8580,-0.3910,-0.2675,0.2025,0.157700,-0.489000,-0.111200,-0.850700,-2.2134,-1.3855,9.4709,0.1017,-0.1314,0.0580,0.430300,0.071400,0.124500,-0.891200,-3.4556,2.0317,9.0437,0.1180,-0.0656,0.0311,0.701400,-0.046100,0.195000,0.684100,True,True,True,Turning,1.000,99.49,0.000,False,,,False,,,False
1783432891618,3129,11.7294,-0.3796,6.7329,-0.2157,-0.3114,0.0906,0.157000,-0.492800,-0.108900,-0.848900,-2.2616,-1.5746,9.3185,0.0901,-0.0569,0.0678,0.431300,0.071300,0.123400,-0.890900,-3.2619,1.5873,9.1141,0.2046,-0.0376,0.0500,0.701100,-0.044000,0.196300,0.684200,True,True,True,Turning,1.000,99.49,0.000,False,,,False,,,False
1783432891628,3130,11.6554,-0.0253,7.0076,-0.1496,-0.5389,0.1432,0.156900,-0.499100,-0.107500,-0.845400,-2.6100,-1.3055,9.2703,0.0960,-0.0796,0.0729,0.432300,0.071000,0.122000,-0.890600,-3.4322,2.0726,8.9538,0.2597,-0.0122,0.0615,0.700600,-0.041500,0.198300,0.684200,True,True,True,Turning,1.000,99.49,0.000,False,,,False,,,False
1783432891639,3131,11.4185,0.0726,6.5488,-0.1189,-0.6110,0.1609,0.157100,-0.506000,-0.106400,-0.841400,-2.3094,-1.1495,9.3563,0.0530,-0.0441,0.0197,0.432800,0.070700,0.121500,-0.890500,-3.3032,2.2841,8.8288,0.1761,0.0601,0.0517,0.700000,-0.040500,0.200100,0.684300,True,True,True,Turning,1.000,99.49,0.000,False,,,False,,,False
1783432891650,3132,10.5807,0.2857,6.2072,-0.1314,-0.5983,0.1377,0.157000,-0.512700,-0.105300,-0.837500,-2.2189,-1.4900,9.3281,0.0446,0.0124,0.0106,0.433000,0.071000,0.121300,-0.890400,-3.4910,2.5297,8.9391,0.0167,0.1530,0.0287,0.699300,-0.041600,0.201500,0.684600,True,True,True,Turning,1.000,99.49,0.000,False,,,False,,,False
1783432891660,3133,11.3438,0.2735,5.8741,-0.1859,-0.8062,0.0948,0.155700,-0.521600,-0.104300,-0.832300,-2.2177,-1.5570,9.3432,0.0502,0.0412,0.0142,0.433200,0.071700,0.121200,-0.890200,-3.4218,2.0921,8.9294,-0.0142,0.1467,0.0349,0.698600,-0.043000,0.202500,0.684900,True,True,True,Turning,1.000,99.49,0.000,False,,,False,,,False
1783432891670,3134,12.0943,-0.1489,5.8438,-0.2754,-0.7745,0.0848,0.153900,-0.530300,-0.102400,-0.827400,-2.4364,-1.2572,9.3110,0.0454,0.0047,0.0262,0.433700,0.072000,0.120900,-0.890000,-3.6081,2.0422,8.9018,0.0873,0.0288,0.0319,0.698200,-0.042500,0.203300,0.685100,True,True,True,Turning,1.000,99.49,0.000,False,,,False,,,False
1783432891681,3135,12.6422,-0.7324,5.7458,-0.2620,-0.7058,0.0854,0.152100,-0.538200,-0.100500,-0.822800,-2.4562,-1.2752,9.3297,-0.0064,-0.0297,-0.0058,0.433900,0.071500,0.121100,-0.889900,-3.5555,2.3484,8.9250,0.0793,-0.0580,0.0197,0.698100,-0.041400,0.203300,0.685200,True,True,True,Turning,1.000,99.49,0.000,False,,,False,,,False
1783432891691,3136,12.2076,-0.7366,5.4742,-0.1478,-0.5519,0.0662,0.151200,-0.544300,-0.099500,-0.819100,-2.2319,-1.3601,9.3905,-0.0300,-0.0060,0.0021,0.434100,0.071200,0.121600,-0.889800,-3.3976,2.2962,8.9496,-0.0020,-0.0559,0.0033,0.698200,-0.041000,0.202600,0.685400,True,True,True,ReacquiringPd,0.000,99.49,0.000,False,,,False,,,False
1783432891701,3137,12.5453,-0.4503,5.3465,-0.1000,-0.5313,0.0376,0.150300,-0.550000,-0.099200,-0.815500,-2.3227,-1.3956,9.3441,-0.0492,0.0291,0.0167,0.434500,0.071200,0.122500,-0.889500,-3.4884,2.3091,8.8923,-0.0687,-0.0306,-0.0012,0.698200,-0.041400,0.201600,0.685700,True,True,True,ReacquiringPd,0.000,99.49,0.000,False,,,False,,,False
1783432891712,3138,12.5496,-0.4726,5.3288,-0.1168,-0.3366,0.0334,0.149400,-0.553700,-0.098400,-0.813300,-2.3998,-1.4358,9.3518,-0.0590,0.0862,0.0015,0.434600,0.071800,0.123900,-0.889200,-3.4212,2.2020,8.9323,-0.1241,0.0026,0.0122,0.697900,-0.042600,0.200400,0.686200,True,True,True,ReacquiringPd,0.000,99.49,0.000,False,,,False,,,False
1783432891722,3139,12.2268,-0.5867,5.1307,-0.1293,-0.2020,0.0362,0.148700,-0.556000,-0.097200,-0.812000,-2.5065,-1.5390,9.3538,0.0025,0.1008,-0.0123,0.434500,0.072800,0.124600,-0.889000,-3.3438,2.0622,8.9687,-0.1643,0.0694,0.0218,0.697400,-0.044600,0.199500,0.686900,True,True,True,ReacquiringPd,0.000,99.49,0.000,False,,,False,,,False
1783432891732,3140,11.5330,-0.5949,4.8802,-0.1020,-0.0773,0.0354,0.148300,-0.557100,-0.096000,-0.811500,-2.4127,-1.5022,9.3891,0.0549,0.1094,-0.0261,0.434100,0.074200,0.124900,-0.889100,-3.3647,1.9884,8.9838,-0.1734,0.1378,0.0082,0.696800,-0.047400,0.199000,0.687500,True,True,True,ReacquiringPd,0.000,99.49,0.000,False,,,False,,,False
1783432891742,3141,10.8532,-0.5181,4.6728,-0.0615,-0.0182,0.0017,0.147900,-0.557400,-0.095400,-0.811400,-2.5127,-1.3881,9.3419,0.0485,0.1089,-0.0177,0.433900,0.075600,0.125200,-0.889000,-3.4512,1.8444,8.9690,-0.0907,0.1597,0.0189,0.696100,-0.049600,0.199500,0.687900,True,True,True,ReacquiringPd,0.000,99.49,0.000,False,,,False,,,False
1783432891752,3142,10.3591,-0.4342,4.2958,-0.0247,0.0932,-0.0338,0.147500,-0.556500,-0.095100,-0.812100,-2.5584,-1.3850,9.3002,0.0226,0.0874,-0.0076,0.433800,0.076600,0.125600,-0.888900,-3.5341,1.9629,8.9122,-0.0121,0.1326,0.0374,0.695400,-0.050800,0.200400,0.688200,True,True,True,ReacquiringPd,0.000,99.49,0.000,False,,,False,,,False
1783432891763,3143,9.6254,-0.5154,3.9419,-0.0181,0.1486,-0.0486,0.147100,-0.555000,-0.095000,-0.813200,-2.5406,-1.4152,9.3088,0.0030,0.0629,-0.0035,0.433900,0.077200,0.126200,-0.888700,-3.4964,1.9434,8.9117,0.0403,0.1186,0.0495,0.694600,-0.051500,0.201700,0.688600,True,True,True,ReacquiringPd,0.000,99.49,0.000,False,,,False,,,False
1783432891773,3144,8.7454,-0.5353,3.5718,0.0027,0.1380,-0.0516,0.146800,-0.553500,-0.095100,-0.814300,-2.5230,-1.4097,9.3104,-0.0120,0.0540,0.0067,0.434100,0.077600,0.126800,-0.888500,-3.4210,1.9200,8.8905,0.0988,0.1151,0.0513,0.693900,-0.051500,0.203400,0.688800,True,True,True,ReacquiringPd,0.000,99.49,0.000,False,,,False,,,False
1783432891784,3145,8.3502,-0.5295,3.3093,0.0157,0.0995,-0.0531,0.146500,-0.552400,-0.095400,-0.815000,-2.5659,-1.4186,9.3103,-0.0283,0.0532,0.0037,0.434200,0.078000,0.127600,-0.888300,-3.6514,1.9445,8.9052,0.1698,0.1073,0.0924,0.692900,-0.050800,0.205700,0.689200,True,True,True,ReacquiringPd,0.000,99.49,0.000,False,,,False,,,False
1783432891794,3146,8.1293,-0.3942,3.2352,0.0390,0.0624,-0.0374,0.146500,-0.551700,-0.095900,-0.815500,-2.5481,-1.4235,9.2925,-0.0360,0.0461,-0.0051,0.434300,0.078200,0.128500,-0.888100,-3.7424,2.2755,8.7963,0.1696,0.1068,0.1178,0.691600,-0.050100,0.208000,0.689900,True,True,True,ReacquiringPd,0.000,99.49,0.000,False,,,False,,,False
1783432891805,3147,7.9882,-0.3058,3.1655,0.0409,0.0286,-0.0207,0.146600,-0.551300,-0.096300,-0.815600,-2.5507,-1.4447,9.2804,-0.0339,0.0395,-0.0020,0.434400,0.078400,0.129300,-0.887900,-3.6503,2.3117,8.7771,0.1111,0.1135,0.1187,0.690300,-0.049900,0.209800,0.690600,True,True,True,ReacquiringPd,0.000,99.49,0.000,False,,,False,,,False
1783432891815,3148,7.9617,-0.3044,3.1436,0.0310,-0.0234,-0.0141,0.146700,-0.551500,-0.096700,-0.815400,-2.6057,-1.4384,9.2595,-0.0266,0.0189,-0.0107,0.434500,0.078400,0.130000,-0.887800,-3.5473,2.1906,8.8429,0.0858,0.1341,0.1113,0.689000,-0.050100,0.211700,0.691400,True,True,True,ReacquiringPd,0.000,99.49,0.000,False,,,False,,,False
1783432891825,3149,8.1156,-0.1516,3.1540,0.0413,-0.0647,-0.0110,0.146800,-0.552100,-0.097300,-0.815000,-2.5045,-1.5430,9.2876,-0.0010,0.0113,-0.0165,0.434500,0.078400,0.130300,-0.887800,-3.5816,2.2040,8.8129,0.0917,0.1503,0.1007,0.687700,-0.050400,0.213700,0.692000,True,True,True,ReacquiringPd,0.000,99.49,0.000,False,,,False,,,False
1783432891836,3150,8.3931,-0.0983,3.2967,0.0112,-0.1194,-0.0057,0.146700,-0.553300,-0.097600,-0.814100,-2.4829,-1.5134,9.2986,0.0157,0.0264,-0.0132,0.434400,0.078600,0.130500,-0.887700,-3.6876,2.3800,8.7443,0.0999,0.1135,0.0701,0.686800,-0.050400,0.215400,0.692400,True,True,True,ReacquiringPd,0.000,99.49,0.000,False,,,False,,,False
1783432891846,3151,8.6533,-0.1327,3.2860,0.0034,-0.1026,-0.0210,0.146400,-0.554400,-0.098000,-0.813400,-2.5737,-1.4753,9.2590,0.0154,0.0200,-0.0094,0.434400,0.078800,0.130600,-0.887700,-3.8176,2.4182,8.7114,0.0720,0.0504,0.0541,0.686200,-0.050200,0.216300,0.692700,True,True,True,ReacquiringPd,0.000,99.49,0.000,False,,,False,,,False
1783432891856,3152,8.8898,-0.1602,3.4730,0.0111,-0.0925,-0.0335,0.146000,-0.555300,-0.098400,-0.812800,-2.5626,-1.4585,9.2848,0.0174,0.0059,-0.0074,0.434500,0.078900,0.130700,-0.887600,-3.6999,2.4330,8.7670,0.0373,0.0082,0.0298,0.685800,-0.049900,0.216600,0.693000,True,True,True,ReacquiringPd,0.000,99.49,0.000,False,,,False,,,False
1783432891866,3153,9.2301,-0.1386,3.5512,0.0109,-0.0935,-0.0158,0.145900,-0.556200,-0.098800,-0.812200,-2.5607,-1.4979,9.2737,0.0187,-0.0026,-0.0054,0.434600,0.078900,0.130700,-0.887600,-3.6497,2.3174,8.7863,0.0212,0.0087,0.0216,0.685600,-0.049800,0.216800,0.693200,True,True,True,ReacquiringPd,0.000,99.49,0.000,False,,,False,,,False
1783432891877,3154,9.3651,-0.1292,3.6129,-0.0085,-0.1315,0.0057,0.145700,-0.557600,-0.098800,-0.811200,-2.5763,-1.4809,9.2743,0.0214,-0.0155,-0.0030,0.434700,0.078700,0.130600,-0.887600,-3.6885,2.3734,8.7557,0.0227,0.0112,0.0162,0.685400,-0.049800,0.216900,0.693300,True,True,True,ReacquiringPd,0.000,99.49,0.000,False,,,False,,,False
1783432891887,3155,9.4424,-0.1077,3.6758,-0.0000,-0.0940,0.0094,0.145700,-0.558600,-0.098900,-0.810500,-2.5682,-1.4639,9.2842,0.0275,-0.0336,-0.0001,0.434900,0.078400,0.130300,-0.887500,-3.7627,2.4035,8.7298,0.0148,-0.0125,0.0035,0.685300,-0.049600,0.216800,0.693400,True,True,True,ReacquiringPd,0.000,99.49,0.000,False,,,False,,,False
1783432891897,3156,9.5137,-0.1658,3.6223,0.0096,-0.0727,0.0017,0.145700,-0.559300,-0.099100,-0.810000,-2.5361,-1.4442,9.3221,0.0238,-0.0323,-0.0026,0.435100,0.078100,0.130000,-0.887500,-3.7309,2.3748,8.7509,-0.0020,-0.0331,0.0003,0.685400,-0.049400,0.216400,0.693500,True,True,True,ReacquiringPd,0.000,99.49,0.000,False,,,False,,,False
1783432891908,3157,9.5325,-0.1919,3.5870,0.0202,-0.0833,0.0019,0.145800,-0.560100,-0.099400,-0.809400,-2.5279,-1.4840,9.3038,0.0235,-0.0271,-0.0056,0.435200,0.077800,0.129800,-0.887500,-3.6733,2.3466,8.8063,-0.0141,-0.0334,-0.0020,0.685400,-0.049300,0.215800,0.693700,True,True,True,ReacquiringPd,0.000,99.49,0.000,False,,,False,,,False
1783432891919,3158,9.5037,-0.1385,3.5961,0.0367,-0.0674,0.0147,0.146200,-0.560800,-0.099700,-0.808800,-2.5163,-1.4489,9.3097,0.0217,-0.0258,-0.0062,0.435400,0.077600,0.129700,-0.887500,-3.6600,2.3355,8.8201,-0.0291,-0.0215,-0.0056,0.685500,-0.049500,0.215300,0.693800,True,True,True,ReacquiringPd,0.000,99.49,0.000,False,,,False,,,False
1783432891929,3159,9.5231,-0.1156,3.5358,0.0317,-0.0715,0.0347,0.146700,-0.561500,-0.099900,-0.808200,-2.5123,-1.4567,9.3045,0.0107,-0.0286,-0.0006,0.435500,0.077200,0.129600,-0.887400,-3.6743,2.3688,8.7773,-0.0388,-0.0254,-0.0119,0.685600,-0.049700,0.214600,0.693900,True,True,True,ReacquiringPd,0.000,99.49,0.000,False,,,False,,,False
1783432891940,3160,9.2755,-0.1494,3.4697,0.0212,-0.0549,0.0368,0.147100,-0.562100,-0.099900,-0.807700,-2.5209,-1.4335,9.3040,-0.0028,-0.0385,0.0066,0.435800,0.076700,0.129600,-0.887300,-3.5844,2.2912,8.7730,-0.0118,-0.0421,-0.0254,0.685800,-0.049500,0.214000,0.693800,True,True,True,ReacquiringPd,0.000,99.49,0.000,False,,,False,,,False
1783432891950,3161,9.2206,-0.1845,3.2955,0.0339,-0.0278,0.0358,0.147700,-0.562400,-0.100000,-0.807400,-2.4872,-1.4683,9.3104,-0.0148,-0.0421,0.0050,0.436100,0.076100,0.129700,-0.887200,-3.6497,2.2262,8.8214,0.0424,-0.0565,-0.0200,0.686100,-0.048800,0.213700,0.693700,True,True,True,ReacquiringPd,0.000,99.49,0.000,False,,,False,,,False
1783432891960,3162,9.0812,-0.1275,3.2478,0.0390,-0.0612,0.0240,0.148200,-0.563000,-0.100300,-0.806900,-2.4262,-1.4598,9.3142,-0.0250,-0.0376,0.0043,0.436400,0.075500,0.130000,-0.887100,-3.7131,2.3559,8.7795,0.0591,-0.0583,-0.0036,0.686300,-0.047900,0.213600,0.693600,True,True,True,ReacquiringPd,0.000,99.49,0.000,False,,,False,,,False
1783432891971,3163,9.0559,-0.0653,3.2348,0.0391,-0.0581,0.0235,0.148600,-0.563600,-0.100600,-0.806300,-2.4485,-1.4709,9.3194,-0.0336,-0.0327,0.0098,0.436800,0.074800,0.130400,-0.886900,-3.6773,2.3853,8.7768,0.0164,-0.0485,0.0051,0.686400,-0.047400,0.213200,0.693700,True,True,True,ReacquiringPd,0.000,99.49,0.000,False,,,False,,,False
1783432891981,3164,9.0524,-0.0915,3.2409,0.0246,-0.0709,0.0238,0.149000,-0.564300,-0.100700,-0.805800,-2.4790,-1.4665,9.3020,-0.0364,-0.0433,0.0067,0.437100,0.074100,0.130700,-0.886800,-3.5884,2.3119,8.8197,-0.0066,-0.0369,0.0108,0.686300,-0.047100,0.212700,0.693900,True,True,True,ReacquiringPd,0.000,99.49,0.000,False,,,False,,,False
1783432891992,3165,8.9750,-0.1181,3.1931,0.0108,-0.0880,0.0135,0.149100,-0.565200,-0.100900,-0.805100,-2.4547,-1.5070,9.2988,-0.0276,-0.0474,0.0030,0.437400,0.073300,0.130900,-0.886600,-3.6246,2.3304,8.8013,-0.0042,-0.0367,0.0172,0.686200,-0.046900,0.212200,0.694200,True,True,True,ReacquiringPd,0.000,99.49,0.000,False,,,False,,,False
1783432892002,3166,9.0788,-0.1180,3.0783,0.0240,-0.0793,0.0102,0.149300,-0.566000,-0.101200,-0.804500,-2.4078,-1.5362,9.3114,-0.0223,-0.0413,0.0003,0.437700,0.072600,0.131100,-0.886600,-3.5380,2.3246,8.7820,0.0007,-0.0497,0.0115,0.686200,-0.046500,0.211700,0.694400,True,True,True,ReacquiringPd,0.000,99.49,0.000,False,,,False,,,False
1783432892012,3167,9.2558,-0.0788,3.1288,0.0057,-0.1007,0.0181,0.149400,-0.567000,-0.101200,-0.803700,-2.4079,-1.5449,9.3347,-0.0175,-0.0350,0.0001,0.437900,0.072100,0.131300,-0.886500,-3.5905,2.2455,8.8590,0.0700,-0.0641,0.0007,0.686400,-0.045400,0.211700,0.694300,True,True,True,ReacquiringPd,0.000,99.49,0.000,False,,,False,,,False
1783432892023,3168,9.3339,-0.1774,3.1229,0.0074,-0.0909,0.0338,0.149700,-0.568000,-0.101200,-0.803000,-2.4080,-1.5230,9.3115,-0.0200,-0.0289,0.0032,0.438100,0.071600,0.131600,-0.886300,-3.5671,2.3884,8.8251,0.0735,-0.0733,0.0111,0.686500,-0.044100,0.211600,0.694300,True,True,True,ReacquiringPd,0.000,99.49,0.000,False,,,False,,,False
1783432892033,3169,9.3354,-0.2160,3.1027,0.0128,-0.0861,0.0423,0.150100,-0.568900,-0.101100,-0.802200,-2.4111,-1.5262,9.3131,-0.0230,-0.0276,0.0020,0.438400,0.071000,0.131800,-0.886200,-3.4822,2.2765,8.8793,0.0690,-0.0570,0.0132,0.686500,-0.043100,0.211600,0.694300,True,True,True,ReacquiringPd,0.000,99.49,0.000,False,,,False,,,False
1783432892043,3170,9.4153,-0.2001,3.1475,0.0043,-0.0776,0.0491,0.150600,-0.569800,-0.100900,-0.801600,-2.4067,-1.5330,9.3042,-0.0195,-0.0196,-0.0020,0.438600,0.070600,0.132100,-0.886100,-3.5176,2.3147,8.8757,0.1138,-0.0385,0.0189,0.686500,-0.041800,0.212100,0.694300,True,True,True,ReacquiringPd,0.000,99.49,0.000,False,,,False,,,False
1783432892054,3171,9.4543,-0.1044,3.1827,-0.0088,-0.0651,0.0523,0.151000,-0.570500,-0.100600,-0.801000,-2.3734,-1.5469,9.3234,-0.0068,-0.0108,-0.0084,0.438600,0.070400,0.132300,-0.886100,-3.5910,2.4615,8.7689,0.0981,-0.0442,0.0270,0.686400,-0.040500,0.212500,0.694300,True,True,True,ReacquiringPd,0.000,99.49,0.000,False,,,False,,,False
1783432892064,3172,9.4462,-0.1376,3.1359,-0.0281,-0.0562,0.0450,0.151200,-0.571200,-0.100000,-0.800500,-2.3540,-1.5612,9.3241,-0.0029,-0.0006,-0.0078,0.438700,0.070200,0.132500,-0.886000,-3.4915,2.4232,8.8092,0.0624,-0.0357,0.0265,0.686200,-0.039700,0.212600,0.694500,True,True,True,ReacquiringPd,0.000,99.49,0.000,False,,,False,,,False
1783432892074,3173,9.5038,-0.2026,3.1647,-0.0287,-0.0450,0.0403,0.151300,-0.571800,-0.099500,-0.800200,-2.3976,-1.5728,9.2909,-0.0034,-0.0009,-0.0053,0.438800,0.070100,0.132800,-0.886000,-3.4683,2.3766,8.8813,0.0857,-0.0179,0.0250,0.686100,-0.038800,0.213100,0.694500,True,True,True,ReacquiringPd,0.000,99.49,0.000,False,,,False,,,False
1783432892085,3174,9.4960,-0.1966,3.1427,-0.0285,-0.0343,0.0367,0.151500,-0.572200,-0.099000,-0.799900,-2.3764,-1.5747,9.2991,0.0023,-0.0042,-0.0095,0.438800,0.070000,0.132900,-0.885900,-3.5323,2.5081,8.8020,0.1021,-0.0175,0.0294,0.685900,-0.037700,0.213800,0.694600,True,True,True,ReacquiringPd,0.000,99.49,0.000,False,,,False,,,False
1783432892095,3175,9.3994,-0.2339,3.0591,-0.0342,-0.0294,0.0261,0.151500,-0.572700,-0.098500,-0.799600,-2.3530,-1.5720,9.3265,0.0045,-0.0022,-0.0061,0.438900,0.069900,0.133000,-0.885900,-3.5253,2.5472,8.7507,0.0712,-0.0237,0.0307,0.685700,-0.036900,0.214100,0.694700,True,True,True,ReacquiringPd,0.000,99.49,0.000,False,,,False,,,False
1783432892105,3176,9.3562,-0.2778,3.0249,-0.0298,-0.0297,0.0180,0.151400,-0.573100,-0.098100,-0.799400,-2.3712,-1.5680,9.3284,0.0049,-0.0052,-0.0046,0.439000,0.069700,0.133100,-0.885800,-3.4640,2.5385,8.7521,0.0249,-0.0152,0.0259,0.685500,-0.036500,0.214100,0.695000,True,True,True,ReacquiringPd,0.000,99.49,0.000,False,,,False,,,False
1783432892115,3177,9.3207,-0.2521,3.0100,-0.0216,-0.0330,0.0160,0.151400,-0.573500,-0.097800,-0.799200,-2.3422,-1.5655,9.3055,0.0097,-0.0015,-0.0009,0.439100,0.069700,0.133100,-0.885800,-3.4710,2.5098,8.8073,0.0091,-0.0078,0.0284,0.685200,-0.036300,0.214000,0.695200,True,True,True,ReacquiringPd,0.000,99.49,0.000,False,,,False,,,False
1783432892126,3178,9.3057,-0.2887,2.9955,-0.0256,-0.0395,0.0132,0.151400,-0.574000,-0.097400,-0.798900,-2.3601,-1.5504,9.3054,0.0125,0.0032,-0.0015,0.439300,0.069700,0.133200,-0.885700,-3.4497,2.5605,8.7839,-0.0170,0.0013,0.0281,0.684900,-0.036500,0.213800,0.695600,True,True,True,ReacquiringPd,0.000,99.49,0.000,False,,,False,,,False
1783432892136,3179,9.3105,-0.3535,2.9616,-0.0197,-0.0313,0.0117,0.151300,-0.574300,-0.097200,-0.798600,-2.3512,-1.5549,9.3258,0.0123,0.0092,-0.0027,0.439300,0.069800,0.133300,-0.885600,-3.4369,2.5088,8.8498,-0.0136,0.0157,0.0258,0.684600,-0.036700,0.213700,0.695900,True,True,True,ReacquiringPd,0.000,99.49,0.000,False,,,False,,,False
1783432892146,3180,9.3194,-0.3327,2.9993,-0.0035,-0.0219,0.0108,0.151400,-0.574600,-0.097100,-0.798400,-2.3833,-1.5501,9.3183,0.0051,0.0112,-0.0014,0.439400,0.069800,0.133400,-0.885600,-3.5054,2.5609,8.7501,-0.0146,0.0092,0.0222,0.684400,-0.036900,0.213600,0.696200,True,True,True,ReacquiringPd,0.000,99.49,0.000,False,,,False,,,False
1783432892157,3181,9.3301,-0.3465,2.9621,-0.0014,-0.0224,0.0087,0.151500,-0.574900,-0.097000,-0.798200,-2.3787,-1.5620,9.3096,0.0039,0.0108,-0.0000,0.439500,0.069900,0.133600,-0.885500,-3.5052,2.5557,8.7615,-0.0418,-0.0071,0.0168,0.684200,-0.037200,0.213100,0.696500,True,True,True,ReacquiringPd,0.000,99.49,0.000,False,,,False,,,False
1783432892167,3182,9.3022,-0.3180,2.9803,0.0096,-0.0145,0.0114,0.151700,-0.575000,-0.097000,-0.798100,-2.3710,-1.5610,9.3177,0.0030,0.0151,-0.0011,0.439600,0.069900,0.133800,-0.885400,-3.4534,2.5498,8.7607,-0.0738,-0.0092,0.0081,0.684100,-0.037800,0.212200,0.696800,True,True,True,ReacquiringPd,0.000,99.49,0.000,False,,,False,,,False
1783432892177,3183,9.3026,-0.3303,2.9795,0.0049,-0.0187,0.0190,0.151900,-0.575200,-0.096900,-0.797900,-2.3985,-1.5714,9.2919,0.0111,0.0179,-0.0036,0.439700,0.070100,0.134000,-0.885300,-3.4538,2.5277,8.7767,-0.1236,0.0075,0.0006,0.684000,-0.038900,0.211100,0.697200,True,True,True,ReacquiringPd,0.000,99.49,0.000,False,,,False,,,False
1783432892188,3184,9.3087,-0.2502,3.0145,0.0194,-0.0007,0.0240,0.152300,-0.575300,-0.096900,-0.797800,-2.3798,-1.5664,9.3185,0.0132,0.0149,-0.0064,0.439700,0.070200,0.134100,-0.885300,-3.4680,2.4272,8.8647,-0.1243,0.0108,-0.0081,0.684000,-0.040200,0.210100,0.697500,True,True,True,ReacquiringPd,0.000,99.49,0.000,False,,,False,,,False
1783432892199,3185,9.3131,-0.2876,3.0099,-0.0152,-0.0186,0.0228,0.152400,-0.575500,-0.096600,-0.797600,-2.3876,-1.5861,9.3033,0.0160,0.0122,-0.0069,0.439700,0.070300,0.134100,-0.885300,-3.4767,2.3725,8.8770,-0.0861,-0.0020,-0.0032,0.683900,-0.040900,0.209200,0.697700,True,True,True,ReacquiringPd,0.000,99.49,0.000,False,,,False,,,False
1783432892209,3186,9.2941,-0.2988,3.0170,0.0106,0.0063,0.0211,0.152700,-0.575500,-0.096500,-0.797600,-2.3798,-1.5896,9.3237,0.0197,0.0113,-0.0070,0.439800,0.070500,0.134100,-0.885200,-3.4224,2.3520,8.8554,-0.0474,0.0014,0.0051,0.683900,-0.041400,0.208700,0.697900,True,True,True,ReacquiringPd,0.000,99.49,0.000,False,,,False,,,False
1783432892220,3187,9.2644,-0.2919,3.0422,-0.0164,-0.0355,0.0225,0.152800,-0.575900,-0.096200,-0.797300,-2.3809,-1.5754,9.3218,0.0229,0.0115,-0.0028,0.439800,0.070600,0.134100,-0.885200,-3.4336,2.3837,8.8407,-0.0501,0.0261,0.0071,0.683700,-0.042100,0.208400,0.698100,True,True,True,ReacquiringPd,0.000,99.49,0.000,False,,,False,,,False
1783432892231,3188,9.4184,-0.2320,3.0933,-0.0048,0.0016,0.0325,0.153100,-0.576000,-0.095900,-0.797200,-2.4125,-1.5596,9.3032,0.0257,0.0080,-0.0045,0.439900,0.070800,0.134000,-0.885200,-3.4931,2.3801,8.8570,-0.0489,0.0327,0.0082,0.683500,-0.042800,0.208200,0.698300,True,True,True,ReacquiringPd,0.000,99.49,0.000,False,,,False,,,False
1783432892241,3189,9.3928,-0.2711,3.0544,-0.0308,-0.0305,0.0321,0.153200,-0.576400,-0.095400,-0.797000,-2.3651,-1.5675,9.3214,0.0260,0.0053,-0.0066,0.439900,0.070800,0.133900,-0.885200,-3.5011,2.3835,8.8490,-0.0541,0.0205,0.0041,0.683300,-0.043400,0.207800,0.698500,True,True,True,ReacquiringPd,0.000,99.49,0.000,False,,,False,,,False
1783432892251,3190,9.3396,-0.3491,3.0143,-0.0183,-0.0073,0.0297,0.153400,-0.576600,-0.095000,-0.796900,-2.3745,-1.5513,9.3206,0.0201,0.0068,-0.0022,0.440000,0.070900,0.133800,-0.885100,-3.4725,2.3505,8.8709,-0.0453,0.0082,-0.0021,0.683300,-0.043900,0.207400,0.698700,True,True,True,ReacquiringPd,0.000,99.49,0.000,False,,,False,,,False
1783432892261,3191,9.3084,-0.3188,3.0546,-0.0150,-0.0150,0.0222,0.153500,-0.576800,-0.094700,-0.796700,-2.3858,-1.5534,9.3332,0.0138,0.0044,-0.0011,0.440100,0.071000,0.133900,-0.885100,-3.4957,2.3589,8.8436,-0.0374,-0.0050,-0.0077,0.683400,-0.044300,0.206900,0.698800,True,True,True,ReacquiringPd,0.000,99.49,0.000,False,,,False,,,False
1783432892271,3192,9.3419,-0.3338,3.0652,-0.0034,-0.0007,0.0226,0.153700,-0.576900,-0.094400,-0.796700,-2.3860,-1.5507,9.3336,0.0097,-0.0025,0.0011,0.440200,0.070900,0.133900,-0.885000,-3.4911,2.3554,8.8673,-0.0459,-0.0108,-0.0090,0.683400,-0.044600,0.206300,0.698800,True,True,True,ReacquiringPd,0.000,99.49,0.000,False,,,False,,,False
1783432892282,3193,9.3155,-0.3796,2.9984,-0.0108,-0.0160,0.0255,0.153900,-0.577100,-0.094100,-0.796500,-2.3731,-1.5390,9.3409,0.0046,-0.0061,0.0041,0.440400,0.070800,0.133900,-0.884900,-3.4914,2.3579,8.8628,-0.0534,-0.0151,-0.0094,0.683500,-0.045000,0.205600,0.698900,True,True,True,ReacquiringPd,0.000,99.49,0.000,False,,,False,,,False
1783432892292,3194,9.2716,-0.3934,3.0243,-0.0032,-0.0082,0.0268,0.154200,-0.577200,-0.093900,-0.796400,-2.3745,-1.5510,9.3246,0.0047,-0.0123,0.0035,0.440500,0.070600,0.134000,-0.884900,-3.4931,2.3369,8.8661,-0.0534,-0.0195,-0.0097,0.683600,-0.045400,0.204900,0.699000,True,True,True,ReacquiringPd,0.000,99.49,0.000,False,,,False,,,False
1783432892303,3195,9.2604,-0.4102,2.9839,-0.0132,-0.0339,0.0223,0.154300,-0.577700,-0.093600,-0.796100,-2.3722,-1.5426,9.3137,0.0016,-0.0054,0.0030,0.440700,0.070400,0.134100,-0.884800,-3.4582,2.2465,8.8941,-0.0379,-0.0154,-0.0020,0.683600,-0.045600,0.204400,0.699200,True,True,True,ReacquiringPd,0.000,99.49,0.000,False,,,False,,,False
1783432892314,3196,9.2256,-0.3992,3.0180,0.0002,-0.0199,0.0218,0.154500,-0.577900,-0.093500,-0.795900,-2.3672,-1.5742,9.3098,-0.0006,-0.0004,0.0013,0.440800,0.070300,0.134200,-0.884700,-3.4220,2.2781,8.8934,-0.0146,-0.0043,0.0019,0.683600,-0.045700,0.204100,0.699200,True,True,True,ReacquiringPd,0.000,99.49,0.000,False,,,False,,,False
1783432892325,3197,9.2999,-0.3935,2.9730,0.0046,-0.0226,0.0265,0.154800,-0.578200,-0.093300,-0.795600,-2.3733,-1.5594,9.3275,-0.0018,-0.0013,0.0039,0.441000,0.070200,0.134400,-0.884600,-3.4795,2.2912,8.8715,-0.0084,-0.0052,-0.0018,0.683600,-0.045800,0.203900,0.699300,True,True,True,ReacquiringPd,0.000,99.49,0.000,False,,,False,,,False
1783432892336,3198,9.3430,-0.4197,2.9797,-0.0011,-0.0293,0.0253,0.155000,-0.578500,-0.093200,-0.795400,-2.3950,-1.5626,9.3004,-0.0045,-0.0043,0.0025,0.441200,0.070000,0.134500,-0.884500,-3.4815,2.3015,8.8837,-0.0076,-0.0166,-0.0051,0.683700,-0.045700,0.203600,0.699300,True,True,True,ReacquiringPd,0.000,99.49,0.000,False,,,False,,,False
1783432892346,3199,9.3015,-0.4133,2.9979,0.0089,-0.0100,0.0208,0.155300,-0.578700,-0.093100,-0.795200,-2.3633,-1.5717,9.3291,-0.0023,-0.0065,0.0008,0.441300,0.069800,0.134600,-0.884400,-3.4632,2.2677,8.8931,0.0031,-0.0214,-0.0064,0.683800,-0.045600,0.203400,0.699300,True,True,True,ReacquiringPd,0.000,99.49,0.000,False,,,False,,,False
1783432892356,3200,9.3161,-0.4169,2.9655,-0.0037,-0.0425,0.0153,0.155400,-0.579100,-0.093000,-0.794900,-2.3633,-1.5811,9.3315,0.0021,-0.0061,0.0024,0.441500,0.069700,0.134700,-0.884400,-3.4772,2.2747,8.8542,0.0083,-0.0202,0.0027,0.683800,-0.045300,0.203200,0.699300,True,True,True,ReacquiringPd,0.000,99.49,0.000,False,,,False,,,False
1783432892366,3201,9.2924,-0.3960,2.9915,0.0011,-0.0313,0.0128,0.155500,-0.579500,-0.092900,-0.794600,-2.3636,-1.5766,9.3014,0.0044,-0.0066,-0.0007,0.441600,0.069500,0.134800,-0.884300,-3.4370,2.2976,8.8709,-0.0044,-0.0175,0.0051,0.683800,-0.045200,0.203000,0.699400,True,True,True,ReacquiringPd,0.000,99.49,0.000,False,,,False,,,False
1783432892376,3202,9.3673,-0.4324,2.9030,0.0049,-0.0327,0.0136,0.155700,-0.579800,-0.092900,-0.794300,-2.3435,-1.5862,9.3120,0.0052,-0.0041,0.0002,0.441700,0.069400,0.134800,-0.884300,-3.4159,2.2511,8.8884,0.0072,-0.0173,0.0016,0.683900,-0.045000,0.202800,0.699400,True,True,True,ReacquiringPd,0.000,99.49,0.000,False,,,False,,,False
1783432892386,3203,9.3530,-0.4478,2.8837,0.0061,-0.0322,0.0134,0.155800,-0.580200,-0.092900,-0.794000,-2.3611,-1.5743,9.3024,0.0045,-0.0064,0.0011,0.441800,0.069300,0.134900,-0.884200,-3.4420,2.2980,8.8718,0.0197,-0.0207,-0.0002,0.683900,-0.044700,0.202700,0.699400,True,True,True,ReacquiringPd,0.000,99.49,0.000,False,,,False,,,False
1783432892397,3204,9.3306,-0.4863,2.8527,0.0164,-0.0339,0.0113,0.156000,-0.580500,-0.093000,-0.793700,-2.3409,-1.5838,9.3131,0.0063,-0.0050,-0.0022,0.441900,0.069200,0.134900,-0.884200,-3.4162,2.2634,8.8993,0.0266,-0.0208,0.0019,0.684000,-0.044300,0.202700,0.699400,True,True,True,ReacquiringPd,0.000,99.49,0.000,False,,,False,,,False
1783432892407,3205,9.2811,-0.4386,2.9129,0.0117,-0.0472,0.0041,0.156100,-0.581000,-0.093200,-0.793300,-2.3405,-1.5830,9.3133,0.0013,0.0017,-0.0008,0.442000,0.069100,0.135000,-0.884100,-3.3992,2.2744,8.9098,0.0508,-0.0180,0.0014,0.684000,-0.043800,0.202900,0.699300,True,True,True,ReacquiringPd,0.000,99.49,0.000,False,,,False,,,False
1783432892418,3206,9.3462,-0.4346,2.9019,0.0272,-0.0286,0.0062,0.156400,-0.581200,-0.093400,-0.793100,-2.3598,-1.5794,9.3148,0.0018,-0.0012,0.0013,0.442100,0.069000,0.135100,-0.884000,-3.4614,2.3447,8.8697,0.0619,-0.0262,0.0025,0.684100,-0.043000,0.203200,0.699200,True,True,True,ReacquiringPd,0.000,99.49,0.000,False,,,False,,,False
1783432892429,3207,9.3889,-0.4734,2.8481,0.0257,-0.0392,0.0018,0.156500,-0.581600,-0.093700,-0.792700,-2.3609,-1.5889,9.3170,-0.0025,-0.0016,0.0009,0.442200,0.068800,0.135300,-0.884000,-3.4141,2.3305,8.8794,0.0418,-0.0273,0.0076,0.684100,-0.042400,0.203200,0.699200,True,True,True,ReacquiringPd,0.000,99.49,0.000,False,,,False,,,False
1783432892439,3208,9.3424,-0.4644,2.8769,0.0357,-0.0405,-0.0021,0.156700,-0.582000,-0.094100,-0.792400,-2.3491,-1.5741,9.3026,-0.0026,-0.0021,0.0016,0.442400,0.068700,0.135400,-0.883900,-3.3651,2.3364,8.8723,0.0276,-0.0115,0.0108,0.684100,-0.042100,0.203300,0.699200,True,True,True,ReacquiringPd,0.000,99.49,0.000,False,,,False,,,False
1783432892449,3209,9.4013,-0.4281,2.8897,0.0317,-0.0528,0.0017,0.156900,-0.582500,-0.094500,-0.792000,-2.3300,-1.5850,9.3128,-0.0006,-0.0004,0.0019,0.442500,0.068600,0.135600,-0.883800,-3.4086,2.3606,8.8600,0.0203,-0.0057,0.0116,0.684000,-0.041900,0.203400,0.699300,True,True,True,ReacquiringPd,0.000,99.49,0.000,False,,,False,,,False
1783432892459,3210,9.4029,-0.4098,2.8645,0.0398,-0.0376,-0.0014,0.157200,-0.582800,-0.094900,-0.791600,-2.3528,-1.6102,9.3206,-0.0015,-0.0063,0.0038,0.442700,0.068400,0.135700,-0.883700,-3.4043,2.3501,8.8780,0.0151,-0.0111,0.0086,0.684000,-0.041600,0.203400,0.699300,True,True,True,ReacquiringPd,0.000,99.49,0.000,False,,,False,,,False
1783432892469,3211,9.3828,-0.4141,2.8894,0.0466,-0.0299,-0.0012,0.157500,-0.583000,-0.095400,-0.791300,-2.3297,-1.5948,9.3152,-0.0033,-0.0048,0.0044,0.442800,0.068300,0.135800,-0.883600,-3.3965,2.2894,8.9303,0.0375,-0.0169,0.0139,0.683900,-0.041100,0.203500,0.699400,True,True,True,ReacquiringPd,0.000,99.49,0.000,False,,,False,,,False
1783432892479,3212,9.4241,-0.3909,2.8299,0.0478,-0.0277,0.0014,0.157800,-0.583200,-0.095900,-0.791100,-2.3509,-1.6054,9.3000,-0.0024,-0.0087,0.0035,0.443000,0.068100,0.135900,-0.883500,-3.3875,2.3622,8.8768,0.0456,-0.0173,0.0147,0.683900,-0.040600,0.203700,0.699400,True,True,True,ReacquiringPd,0.000,99.49,0.000,False,,,False,,,False
1783432892489,3213,9.4835,-0.4058,2.8182,0.0406,-0.0305,0.0043,0.158100,-0.583500,-0.096300,-0.790800,-2.3293,-1.6085,9.2991,0.0015,-0.0134,0.0026,0.443100,0.067800,0.135900,-0.883500,-3.3643,2.3655,8.8371,0.0295,-0.0066,0.0156,0.683800,-0.040300,0.203800,0.699500,True,True,True,ReacquiringPd,0.000,99.49,0.000,False,,,False,,,False
1783432892499,3214,9.3266,-0.3078,2.8094,0.0411,-0.0259,0.0054,0.158500,-0.583700,-0.096700,-0.790500,-2.3347,-1.6041,9.3103,0.0051,-0.0144,0.0019,0.443300,0.067600,0.135900,-0.883400,-3.3907,2.4193,8.8488,0.0008,0.0041,0.0123,0.683700,-0.040300,0.203800,0.699600,True,True,True,ReacquiringPd,0.000,99.49,0.000,False,,,False,,,False
1783432892510,3215,9.3955,-0.3154,2.7933,0.0479,-0.0171,0.0010,0.158800,-0.583800,-0.097200,-0.790300,-2.3043,-1.6163,9.3113,0.0114,-0.0120,0.0001,0.443400,0.067400,0.135800,-0.883400,-3.3834,2.3748,8.8653,-0.0325,0.0141,0.0108,0.683500,-0.040700,0.203600,0.699800,True,True,True,ReacquiringPd,0.000,99.49,0.000,False,,,False,,,False
1783432892520,3216,9.4132,-0.2998,2.8013,0.0373,-0.0158,0.0006,0.159100,-0.583900,-0.097500,-0.790100,-2.3220,-1.6120,9.3044,0.0146,-0.0098,-0.0003,0.443500,0.067300,0.135700,-0.883400,-3.3740,2.3337,8.8929,-0.0347,0.0223,0.0119,0.683400,-0.041100,0.203400,0.700000,True,True,True,ReacquiringPd,0.000,99.49,0.000,False,,,False,,,False
1783432892531,3217,9.4310,-0.2855,2.8088,0.0207,-0.0196,0.0047,0.159300,-0.584000,-0.097700,-0.789900,-2.3200,-1.6086,9.3055,0.0155,-0.0068,-0.0006,0.443600,0.067200,0.135700,-0.883400,-3.3909,2.3460,8.9031,-0.0198,0.0233,0.0104,0.683200,-0.041500,0.203400,0.700100,True,True,True,ReacquiringPd,0.000,99.49,0.000,False,,,False,,,False
1783432892541,3218,9.4179,-0.3049,2.8059,0.0115,-0.0106,0.0054,0.159400,-0.584200,-0.097800,-0.789800,-2.3091,-1.6140,9.3174,0.0161,-0.0074,0.0000,0.443700,0.067100,0.135600,-0.883300,-3.3918,2.3672,8.8851,-0.0097,0.0186,0.0098,0.683100,-0.041700,0.203400,0.700200,True,True,True,ReacquiringPd,0.000,99.49,0.000,False,,,False,,,False
1783432892552,3219,9.4077,-0.2872,2.8241,0.0087,-0.0066,0.0059,0.159500,-0.584200,-0.097800,-0.789700,-2.3075,-1.6031,9.3067,0.0139,-0.0031,-0.0016,0.443800,0.067000,0.135500,-0.883300,-3.4150,2.3690,8.8635,-0.0141,0.0137,0.0062,0.683000,-0.042000,0.203300,0.700300,True,True,True,ReacquiringPd,0.000,99.49,0.000,False,,,False,,,False
