PacketId,Role,StatusWord,Qx,Qy,Qz,Qw,Gx,Gy,Gz,FreeAx,FreeAy,FreeAz,Ax,Ay,Az,DQx,DQy,DQz,DQw,DVx,DVy,DVz
200273,Left,0,0.3471,0.0596,-0.9341,0.0579,0.0008,0.0079,0.0076,-0.0000,-0.0000,-0.0098,-6.4252,-0.6973,7.3707,0.0000,0.0001,0.0001,1.0000,-0.1606,-0.0175,0.1843
200273,Right,0,0.2828,-0.0996,-0.9457,-0.1252,0.0117,0.0086,-0.0001,-0.0000,-0.0000,-0.0602,-5.4613,1.1477,7.9979,0.0001,0.0001,-0.0000,1.0000,-0.1365,0.0287,0.2000
200273,Pelvis,0,-0.5408,-0.4528,-0.5326,0.4679,0.0259,0.0192,0.0056,0.0000,0.0000,0.0043,9.8140,-0.2343,0.0523,0.0003,0.0002,0.0001,1.0000,0.2454,-0.0058,0.0012
200274,Left,0,0.3472,0.0596,-0.9341,0.0579,0.0003,0.0051,0.0061,-0.0101,0.0010,-0.0158,-6.4135,-0.6996,7.3727,0.0000,0.0001,0.0001,1.0000,-0.1603,-0.0175,0.1843
200274,Right,0,0.2829,-0.0997,-0.9457,-0.1252,0.0107,0.0068,-0.0013,-0.0058,0.0047,-0.0691,-5.4506,1.1437,7.9950,0.0001,0.0001,-0.0000,1.0000,-0.1362,0.0286,0.1999
200274,Pelvis,0,-0.5405,-0.4528,-0.5326,0.4682,0.0248,0.0245,0.0025,0.0002,-0.0039,0.0397,9.8495,-0.2339,0.0493,0.0003,0.0003,0.0000,1.0000,0.2462,-0.0058,0.0012
200275,Left,0,0.3473,0.0596,-0.9341,0.0580,0.0001,0.0094,0.0098,-0.0164,0.0022,-0.0342,-6.3982,-0.6991,7.3616,0.0000,0.0001,0.0001,1.0000,-0.1599,-0.0175,0.1841
200275,Right,0,0.2830,-0.0999,-0.9457,-0.1252,0.0120,0.0085,0.0013,-0.0225,-0.0148,-0.0933,-5.4286,1.1665,7.9773,0.0001,0.0001,0.0000,1.0000,-0.1357,0.0291,0.1995
200275,Pelvis,0,-0.5402,-0.4527,-0.5327,0.4685,0.0194,0.0297,0.0056,0.0170,-0.0171,0.0334,9.8437,-0.2163,0.0462,0.0002,0.0004,0.0001,1.0000,0.2461,-0.0054,0.0011
200276,Left,0,0.3474,0.0595,-0.9340,0.0581,0.0025,0.0140,0.0095,-0.0133,0.0016,-0.0250,-6.4089,-0.6969,7.3647,0.0000,0.0002,0.0001,1.0000,-0.1602,-0.0174,0.1841
200276,Right,0,0.2831,-0.1000,-0.9456,-0.1253,0.0116,0.0131,-0.0034,-0.0122,-0.0228,-0.0978,-5.4379,1.1728,7.9645,0.0001,0.0002,-0.0000,1.0000,-0.1359,0.0293,0.1991
200276,Pelvis,0,-0.5400,-0.4525,-0.5328,0.4689,0.0106,0.0348,0.0067,0.0087,0.0199,-0.0028,9.8068,-0.2307,0.0894,0.0001,0.0004,0.0001,1.0000,0.2452,-0.0057,0.0021
200277,Left,0,0.3476,0.0595,-0.9339,0.0582,-0.0008,0.0131,0.0090,-0.0038,-0.0002,0.0027,-6.4367,-0.6941,7.3775,-0.0000,0.0002,0.0001,1.0000,-0.1609,-0.0174,0.1845
200277,Right,0,0.2832,-0.1002,-0.9455,-0.1254,0.0104,0.0100,-0.0022,0.0010,0.0042,-0.0536,-5.4709,1.1504,7.9992,0.0001,0.0001,-0.0000,1.0000,-0.1367,0.0287,0.2000
200277,Pelvis,0,-0.5398,-0.4524,-0.5329,0.4691,0.0101,0.0314,0.0053,-0.0165,0.0545,-0.0154,9.7932,-0.2618,0.1268,0.0001,0.0004,0.0001,1.0000,0.2448,-0.0065,0.0031
200278,Left,0,0.3477,0.0594,-0.9339,0.0583,0.0006,0.0103,0.0101,0.0097,-0.0122,-0.0130,-6.4380,-0.6776,7.3570,0.0000,0.0001,0.0001,1.0000,-0.1609,-0.0170,0.1839
200278,Right,0,0.2833,-0.1003,-0.9455,-0.1254,0.0108,0.0114,0.0002,-0.0106,-0.0014,-0.0488,-5.4673,1.1618,8.0058,0.0001,0.0001,0.0000,1.0000,-0.1367,0.0290,0.2002
200278,Pelvis,0,-0.5395,-0.4522,-0.5330,0.4694,0.0125,0.0254,0.0043,-0.0422,0.0831,-0.0369,9.7705,-0.2922,0.1591,0.0002,0.0003,0.0001,1.0000,0.2443,-0.0073,0.0039
200279,Left,0,0.3478,0.0594,-0.9339,0.0584,-0.0008,0.0067,0.0071,0.0038,0.0086,-0.0097,-6.4389,-0.6978,7.3588,-0.0000,0.0001,0.0001,1.0000,-0.1610,-0.0175,0.1840
200279,Right,0,0.2834,-0.1005,-0.9455,-0.1254,0.0114,0.0059,0.0013,-0.0070,0.0190,-0.0558,-5.4644,1.1429,8.0020,0.0001,0.0001,0.0000,1.0000,-0.1366,0.0285,0.2001
200279,Pelvis,0,-0.5394,-0.4522,-0.5330,0.4696,0.0114,0.0093,0.0057,-0.0192,0.1059,-0.0371,9.7705,-0.2741,0.1895,0.0001,0.0001,0.0001,1.0000,0.2443,-0.0068,0.0047
200280,Left,0,0.3479,0.0593,-0.9338,0.0585,0.0024,0.0040,0.0087,-0.0160,0.0019,-0.0033,-6.4289,-0.6933,7.3765,0.0000,0.0001,0.0001,1.0000,-0.1607,-0.0174,0.1844
200280,Right,0,0.2834,-0.1006,-0.9454,-0.1254,0.0106,0.0034,-0.0001,-0.0033,0.0114,-0.0760,-5.4583,1.1489,7.9807,0.0001,0.0000,-0.0000,1.0000,-0.1364,0.0287,0.1995
200280,Pelvis,0,-0.5394,-0.4522,-0.5329,0.4697,0.0082,-0.0033,0.0086,-0.0141,0.1156,-0.0316,9.7759,-0.2727,0.2026,0.0001,-0.0000,0.0001,1.0000,0.2444,-0.0068,0.0051
200281,Left,0,0.3479,0.0593,-0.9338,0.0586,0.0022,0.0031,0.0075,-0.0266,0.0137,-0.0093,-6.4186,-0.7043,7.3766,0.0000,0.0000,0.0001,1.0000,-0.1605,-0.0176,0.1844
200281,Right,0,0.2835,-0.1007,-0.9454,-0.1255,0.0123,0.0073,0.0000,-0.0200,0.0199,-0.0869,-5.4380,1.1467,7.9815,0.0002,0.0001,0.0000,1.0000,-0.1359,0.0286,0.1996
200281,Pelvis,0,-0.5394,-0.4522,-0.5328,0.4698,0.0027,-0.0119,0.0084,-0.0141,0.0971,-0.0141,9.7935,-0.2728,0.1847,0.0000,-0.0001,0.0001,1.0000,0.2448,-0.0068,0.0047
200282,Left,0,0.3480,0.0592,-0.9338,0.0587,0.0024,0.0040,0.0087,-0.0098,0.0010,-0.0158,-6.4267,-0.6872,7.3624,0.0000,0.0001,0.0001,1.0000,-0.1607,-0.0172,0.1841
200282,Right,0,0.2835,-0.1009,-0.9453,-0.1255,0.0105,0.0083,-0.0009,-0.0118,0.0050,-0.0847,-5.4500,1.1607,7.9740,0.0001,0.0001,-0.0000,1.0000,-0.1362,0.0290,0.1994
200282,Pelvis,0,-0.5395,-0.4521,-0.5327,0.4698,-0.0045,-0.0119,0.0063,-0.0148,0.0747,-0.0057,9.8021,-0.2725,0.1618,-0.0001,-0.0001,0.0001,1.0000,0.2451,-0.0068,0.0041
200283,Right,0,0.2836,-0.1010,-0.9453,-0.1255,0.0119,0.0061,0.0010,-0.0057,0.0115,-0.0625,-5.4675,1.1576,7.9896,0.0001,0.0001,0.0000,1.0000,-0.1367,0.0289,0.1998
200283,Pelvis,0,-0.5396,-0.4520,-0.5327,0.4697,-0.0069,-0.0111,0.0031,-0.0289,0.0458,-0.0042,9.8037,-0.2837,0.1298,-0.0001,-0.0001,0.0000,1.0000,0.2451,-0.0071,0.0033
200284,Left,0,0.3480,0.0591,-0.9338,0.0588,0.0021,0.0033,0.0082,-0.0193,0.0173,-0.0062,-6.4280,-0.7028,7.3725,0.0001,0.0001,0.0002,1.0000,-0.3214,-0.0352,0.3686
200284,Right,0,0.2836,-0.1012,-0.9453,-0.1256,0.0122,0.0071,0.0009,-0.0149,0.0122,-0.0645,-5.4598,1.1618,7.9917,0.0002,0.0001,0.0000,1.0000,-0.1365,0.0290,0.1998
200284,Pelvis,0,-0.5396,-0.4519,-0.5328,0.4698,-0.0067,-0.0026,0.0010,-0.0397,0.0702,0.0166,9.8238,-0.3000,0.1542,-0.0001,-0.0000,0.0000,1.0000,0.2456,-0.0075,0.0039
200285,Left,0,0.3481,0.0591,-0.9338,0.0589,-0.0008,0.0042,0.0074,-0.0164,0.0116,-0.0125,-6.4264,-0.6946,7.3663,-0.0000,0.0001,0.0001,1.0000,-0.1606,-0.0174,0.1842
200285,Right,0,0.2836,-0.1013,-0.9453,-0.1256,0.0116,0.0043,0.0017,-0.0111,0.0324,-0.0715,-5.4562,1.1431,7.9884,0.0001,0.0001,0.0000,1.0000,-0.1364,0.0285,0.1997
200285,Pelvis,0,-0.5396,-0.4517,-0.5330,0.4698,-0.0151,0.0101,-0.0011,0.0046,0.0535,0.0415,9.8499,-0.2550,0.1474,-0.0002,0.0001,-0.0000,1.0000,0.2462,-0.0064,0.0037
200286,Left,0,0.3481,0.0591,-0.9337,0.0590,0.0016,0.0063,0.0074,-0.0052,0.0195,-0.0156,-6.4340,-0.6996,7.3550,0.0000,0.0001,0.0001,1.0000,-0.1608,-0.0175,0.1839
200286,Right,0,0.2836,-0.1015,-0.9452,-0.1256,0.0124,0.0037,0.0026,-0.0129,0.0253,-0.0647,-5.4602,1.1536,7.9925,0.0002,0.0000,0.0000,1.0000,-0.1365,0.0288,0.1998
200286,Pelvis,0,-0.5395,-0.4514,-0.5332,0.4699,-0.0154,0.0151,-0.0014,-0.0250,0.0731,0.0235,9.8309,-0.2875,0.1673,-0.0002,0.0002,-0.0000,1.0000,0.2458,-0.0072,0.0041
200287,Left,0,0.3481,0.0591,-0.9337,0.0591,0.0016,0.0012,0.0080,-0.0198,0.0216,0.0000,-6.4340,-0.7037,7.3755,0.0000,0.0000,0.0001,1.0000,-0.1608,-0.0176,0.1844
200287,Right,0,0.2837,-0.1016,-0.9452,-0.1256,0.0124,0.0064,0.0007,-0.0059,0.0447,-0.0852,-5.4513,1.1330,7.9766,0.0002,0.0001,0.0000,1.0000,-0.1363,0.0283,0.1994
200287,Pelvis,0,-0.5395,-0.4512,-0.5335,0.4699,-0.0146,0.0129,0.0004,-0.0254,0.0788,-0.0119,9.7953,-0.2887,0.1790,-0.0002,0.0002,0.0000,1.0000,0.2449,-0.0072,0.0044
200288,Left,0,0.3482,0.0590,-0.9337,0.0591,0.0020,0.0048,0.0060,-0.0058,0.0091,-0.0157,-6.4336,-0.6873,7.3565,0.0000,0.0001,0.0001,1.0000,-0.1608,-0.0172,0.1839
200288,Right,0,0.2837,-0.1017,-0.9452,-0.1256,0.0110,0.0039,0.0029,-0.0032,0.0302,-0.0560,-5.4730,1.1515,7.9947,0.0001,0.0000,0.0000,1.0000,-0.1368,0.0288,0.1999
200288,Pelvis,0,-0.5394,-0.4509,-0.5337,0.4699,-0.0174,0.0073,0.0002,-0.0314,0.0605,-0.0264,9.7808,-0.2917,0.1652,-0.0002,0.0001,0.0000,1.0000,0.2445,-0.0073,0.0041
200289,Left,0,0.3482,0.0590,-0.9337,0.0592,0.0009,0.0039,0.0073,-0.0144,0.0301,-0.0216,-6.4253,-0.7080,7.3540,0.0000,0.0000,0.0001,1.0000,-0.1606,-0.0177,0.1839
200289,Right,0,0.2837,-0.1018,-0.9452,-0.1256,0.0117,0.0045,0.0009,-0.0295,0.0390,-0.0690,-5.4435,1.1512,7.9990,0.0001,0.0001,0.0000,1.0000,-0.1361,0.0287,0.2000
200289,Pelvis,0,-0.5395,-0.4507,-0.5338,0.4699,-0.0210,0.0020,0.0011,-0.0386,0.0667,-0.0187,9.7881,-0.3014,0.1731,-0.0003,0.0000,0.0000,1.0000,0.2447,-0.0075,0.0043
200290,Left,0,0.3482,0.0590,-0.9337,0.0592,0.0023,0.0036,0.0081,-0.0185,0.0205,-0.0309,-6.4158,-0.6976,7.3509,0.0000,0.0000,0.0001,1.0000,-0.1604,-0.0175,0.1838
200290,Right,0,0.2837,-0.1019,-0.9452,-0.1257,0.0117,0.0036,0.0015,-0.0070,0.0357,-0.0784,-5.4571,1.1484,7.9787,0.0001,0.0000,0.0000,1.0000,-0.1364,0.0287,0.1995
200290,Pelvis,0,-0.5397,-0.4505,-0.5340,0.4698,-0.0234,-0.0028,0.0021,-0.0334,0.0562,-0.0048,9.8022,-0.2965,0.1652,-0.0003,-0.0000,0.0000,1.0000,0.2451,-0.0074,0.0041
200291,Left,0,0.3482,0.0590,-0.9337,0.0593,0.0018,0.0027,0.0078,-0.0269,0.0014,-0.0186,-6.4165,-0.6801,7.3683,0.0000,0.0000,0.0001,1.0000,-0.1604,-0.0170,0.1842
200291,Right,0,0.2837,-0.1020,-0.9451,-0.1257,0.0111,0.0041,0.0021,-0.0059,0.0277,-0.0850,-5.4559,1.1566,7.9701,0.0001,0.0001,0.0000,1.0000,-0.1364,0.0289,0.1993
200291,Pelvis,0,-0.5399,-0.4502,-0.5340,0.4697,-0.0272,-0.0039,0.0053,-0.0317,0.0379,0.0126,9.8198,-0.2956,0.1481,-0.0003,-0.0000,0.0001,1.0000,0.2455,-0.0074,0.0037
200292,Left,0,0.3482,0.0590,-0.9337,0.0594,0.0004,0.0030,0.0070,-0.0182,0.0291,-0.0091,-6.4313,-0.7060,7.3655,0.0000,0.0000,0.0001,1.0000,-0.1608,-0.0177,0.1841
200292,Right,0,0.2837,-0.1021,-0.9451,-0.1257,0.0117,0.0036,0.0015,0.0013,0.0261,-0.0695,-5.4708,1.1595,7.9785,0.0001,0.0000,0.0000,1.0000,-0.1368,0.0290,0.1995
200292,Pelvis,0,-0.5401,-0.4498,-0.5342,0.4696,-0.0333,-0.0019,0.0075,-0.0413,0.0157,0.0106,9.8178,-0.3038,0.1264,-0.0004,-0.0000,0.0001,1.0000,0.2454,-0.0076,0.0032
200293,Left,0,0.3482,0.0590,-0.9337,0.0595,0.0006,0.0039,0.0082,-0.0085,0.0071,-0.0033,-6.4412,-0.6827,7.3668,0.0000,0.0000,0.0001,1.0000,-0.1610,-0.0171,0.1842
200293,Right,0,0.2837,-0.1022,-0.9451,-0.1257,0.0123,0.0036,0.0035,-0.0040,0.0463,-0.0785,-5.4578,1.1427,7.9789,0.0002,0.0000,0.0000,1.0000,-0.1364,0.0285,0.1995
200293,Pelvis,0,-0.5403,-0.4495,-0.5345,0.4694,-0.0369,-0.0005,0.0072,-0.0332,0.0288,0.0036,9.8108,-0.2989,0.1428,-0.0005,-0.0000,0.0001,1.0000,0.2453,-0.0074,0.0036
200294,Left,0,0.3483,0.0589,-0.9337,0.0595,0.0022,0.0031,0.0075,-0.0218,0.0191,-0.0184,-6.4225,-0.6944,7.3619,0.0000,0.0000,0.0001,1.0000,-0.1606,-0.0174,0.1841
200294,Right,0,0.2836,-0.1023,-0.9451,-0.1257,0.0117,0.0027,0.0022,0.0037,0.0375,-0.0696,-5.4706,1.1516,7.9797,0.0001,0.0000,0.0000,1.0000,-0.1368,0.0288,0.1995
200294,Pelvis,0,-0.5405,-0.4491,-0.5347,0.4693,-0.0372,-0.0009,0.0084,-0.0624,0.0530,-0.0054,9.8006,-0.3340,0.1628,-0.0005,-0.0000,0.0001,1.0000,0.2450,-0.0083,0.0041
200295,Left,0,0.3483,0.0589,-0.9336,0.0596,0.0020,0.0042,0.0075,-0.0216,0.0184,-0.0184,-6.4233,-0.6928,7.3614,0.0000,0.0001,0.0001,1.0000,-0.1606,-0.0173,0.1840
200295,Right,0,0.2836,-0.1025,-0.9451,-0.1258,0.0124,0.0046,0.0020,-0.0004,0.0508,-0.0853,-5.4557,1.1404,7.9724,0.0002,0.0001,0.0000,1.0000,-0.1364,0.0285,0.1993
200295,Pelvis,0,-0.5408,-0.4488,-0.5349,0.4691,-0.0364,-0.0031,0.0071,-0.0571,0.0634,0.0002,9.8060,-0.3330,0.1743,-0.0005,-0.0000,0.0001,1.0000,0.2452,-0.0083,0.0044
200296,Left,0,0.3483,0.0589,-0.9336,0.0597,0.0010,0.0024,0.0068,-0.0089,0.0157,-0.0124,-6.4370,-0.6878,7.3578,0.0000,0.0000,0.0001,1.0000,-0.1609,-0.0172,0.1839
200296,Right,0,0.2836,-0.1026,-0.9451,-0.1259,0.0127,0.0023,0.0022,-0.0025,0.0430,-0.0785,-5.4596,1.1509,7.9765,0.0002,0.0000,0.0000,1.0000,-0.1365,0.0287,0.1994
200296,Pelvis,0,-0.5410,-0.4485,-0.5350,0.4689,-0.0356,-0.0080,0.0081,-0.0591,0.0292,-0.0185,9.7878,-0.3317,0.1412,-0.0004,-0.0001,0.0001,1.0000,0.2447,-0.0083,0.0036
200297,Left,0,0.3483,0.0589,-0.9336,0.0597,0.0010,0.0043,0.0079,-0.0278,0.0084,-0.0060,-6.4267,-0.6834,7.3758,0.0000,0.0001,0.0001,1.0000,-0.1607,-0.0171,0.1844
200297,Right,0,0.2836,-0.1027,-0.9451,-0.1259,0.0117,0.0036,0.0015,-0.0148,0.0431,-0.0671,-5.4563,1.1574,7.9918,0.0001,0.0000,0.0000,1.0000,-0.1364,0.0289,0.1998
200297,Pelvis,0,-0.5413,-0.4481,-0.5352,0.4687,-0.0373,-0.0089,0.0098,-0.0462,0.0175,0.0057,9.8124,-0.3198,0.1321,-0.0005,-0.0001,0.0001,1.0000,0.2453,-0.0080,0.0033
200298,Left,0,0.3484,0.0589,-0.9336,0.0598,0.0020,0.0042,0.0075,-0.0179,0.0261,-0.0183,-6.4276,-0.6977,7.3573,0.0000,0.0001,0.0001,1.0000,-0.1607,-0.0175,0.1839
200298,Pelvis,0,-0.5417,-0.4478,-0.5354,0.4685,-0.0388,-0.0079,0.0113,-0.0718,0.0132,0.0190,9.8250,-0.3480,0.1226,-0.0005,-0.0001,0.0001,1.0000,0.2456,-0.0087,0.0031
200299,Left,0,0.3484,0.0589,-0.9336,0.0599,0.0005,0.0054,0.0087,-0.0246,0.0168,-0.0060,-6.4305,-0.6896,7.3720,0.0000,0.0001,0.0001,1.0000,-0.1607,-0.0173,0.1843
200299,Right,0,0.2837,-0.1029,-0.9450,-0.1259,0.0131,0.0049,0.0019,-0.0039,0.0442,-0.0684,-5.4649,1.1560,7.9845,0.0003,0.0001,0.0000,1.0000,-0.2732,0.0577,0.3993
200299,Pelvis,0,-0.5420,-0.4474,-0.5355,0.4683,-0.0422,-0.0054,0.0101,-0.0582,0.0118,0.0079,9.8142,-0.3378,0.1223,-0.0005,-0.0001,0.0001,1.0000,0.2454,-0.0084,0.0031
200300,Pelvis,0,-0.5422,-0.4470,-0.5358,0.4681,-0.0411,0.0056,0.0046,-0.0786,0.0187,0.0267,9.8322,-0.3622,0.1271,-0.0005,0.0001,0.0001,1.0000,0.2458,-0.0090,0.0032
200301,Left,0,0.3485,0.0588,-0.9335,0.0601,0.0028,0.0065,0.0086,-0.0215,0.0156,-0.0122,-6.4305,-0.6856,7.3640,0.0001,0.0002,0.0002,1.0000,-0.3215,-0.0344,0.3683
200301,Right,0,0.2836,-0.1031,-0.9450,-0.1260,0.0132,0.0046,0.0014,-0.0098,0.0487,-0.0773,-5.4544,1.1555,7.9809,0.0003,0.0001,0.0000,1.0000,-0.2727,0.0576,0.3991
200301,Pelvis,0,-0.5423,-0.4465,-0.5362,0.4680,-0.0407,0.0255,-0.0045,-0.1071,0.0260,0.0351,9.8397,-0.3935,0.1349,-0.0005,0.0003,-0.0001,1.0000,0.2460,-0.0099,0.0033
200302,Left,0,0.3486,0.0588,-0.9335,0.0601,0.0006,0.0064,0.0079,-0.0201,0.0342,-0.0058,-6.4383,-0.7029,7.3642,0.0000,0.0001,0.0001,1.0000,-0.1609,-0.0176,0.1841
200303,Left,0,0.3487,0.0588,-0.9335,0.0602,0.0022,0.0070,0.0098,-0.0236,0.0343,-0.0150,-6.4313,-0.7016,7.3582,0.0000,0.0001,0.0001,1.0000,-0.1608,-0.0176,0.1840
200303,Right,0,0.2837,-0.1034,-0.9450,-0.1261,0.0137,0.0056,0.0015,-0.0093,0.0460,-0.0773,-5.4564,1.1613,7.9787,0.0003,0.0001,0.0000,1.0000,-0.2728,0.0579,0.3990
200303,Pelvis,0,-0.5418,-0.4458,-0.5373,0.4680,-0.0270,0.0440,-0.0138,-0.0996,0.0411,0.0389,9.8433,-0.3851,0.1649,-0.0007,0.0011,-0.0003,1.0000,0.4922,-0.0194,0.0077
200304,Left,0,0.3487,0.0588,-0.9334,0.0603,0.0005,0.0060,0.0073,-0.0259,0.0141,-0.0152,-6.4288,-0.6815,7.3620,0.0000,0.0001,0.0001,1.0000,-0.1607,-0.0171,0.1841
200305,Left,0,0.3488,0.0588,-0.9334,0.0604,0.0010,0.0069,0.0076,-0.0267,0.0236,-0.0243,-6.4236,-0.6899,7.3536,0.0000,0.0001,0.0001,1.0000,-0.1606,-0.0173,0.1839
200305,Right,0,0.2839,-0.1035,-0.9449,-0.1261,0.0132,0.0089,0.0016,-0.0098,0.0572,-0.0706,-5.4604,1.1547,7.9851,0.0003,0.0002,0.0000,1.0000,-0.2729,0.0576,0.3993
200305,Pelvis,0,-0.5413,-0.4450,-0.5383,0.4683,-0.0167,0.0488,-0.0103,-0.0519,0.0412,0.0090,9.8142,-0.3347,0.1970,-0.0004,0.0012,-0.0003,1.0000,0.4907,-0.0169,0.0093
200307,Left,0,0.3489,0.0587,-0.9333,0.0606,0.0013,0.0067,0.0093,-0.0325,0.0242,-0.0119,-6.4295,-0.6901,7.3650,0.0000,0.0002,0.0002,1.0000,-0.3214,-0.0346,0.3683
200307,Right,0,0.2841,-0.1037,-0.9448,-0.1262,0.0117,0.0093,0.0003,0.0029,0.0531,-0.0675,-5.4774,1.1575,7.9768,0.0003,0.0002,0.0000,1.0000,-0.2738,0.0578,0.3989
200307,Pelvis,0,-0.5410,-0.4443,-0.5390,0.4684,-0.0179,0.0316,-0.0044,-0.0735,0.0394,-0.0482,9.7562,-0.3533,0.2122,-0.0004,0.0008,-0.0001,1.0000,0.4878,-0.0177,0.0102
200308,Left,0,0.3489,0.0587,-0.9334,0.0606,0.0032,0.0055,0.0068,-0.0123,0.0200,-0.0183,-6.4406,-0.6814,7.3474,0.0000,0.0001,0.0001,1.0000,-0.1610,-0.0171,0.1837
200308,Right,0,0.2841,-0.1038,-0.9447,-0.1264,0.0118,0.0059,0.0018,-0.0072,0.0689,-0.0809,-5.4607,1.1452,7.9738,0.0001,0.0001,0.0000,1.0000,-0.1365,0.0286,0.1994
200308,Pelvis,0,-0.5410,-0.4440,-0.5391,0.4686,-0.0046,0.0139,-0.0014,-0.1077,0.0680,-0.0271,9.7753,-0.3946,0.2463,-0.0001,0.0002,-0.0000,1.0000,0.2444,-0.0099,0.0061
200309,Left,0,0.3490,0.0586,-0.9333,0.0606,0.0004,0.0049,0.0081,-0.0307,0.0226,-0.0118,-6.4326,-0.6860,7.3627,0.0000,0.0001,0.0001,1.0000,-0.1608,-0.0172,0.1841
200309,Right,0,0.2842,-0.1039,-0.9447,-0.1264,0.0105,0.0065,0.0004,-0.0100,0.0611,-0.0741,-5.4652,1.1554,7.9775,0.0001,0.0001,0.0000,1.0000,-0.1366,0.0289,0.1995
200309,Pelvis,0,-0.5410,-0.4439,-0.5391,0.4687,-0.0005,0.0045,0.0004,-0.0757,0.0610,-0.0266,9.7767,-0.3637,0.2483,-0.0000,0.0001,0.0000,1.0000,0.2444,-0.0091,0.0062
200310,Left,0,0.3491,0.0586,-0.9333,0.0606,0.0004,0.0055,0.0067,-0.0368,0.0235,-0.0303,-6.4168,-0.6856,7.3520,0.0000,0.0001,0.0001,1.0000,-0.1604,-0.0172,0.1838
200310,Pelvis,0,-0.5409,-0.4439,-0.5392,0.4687,0.0054,0.0042,-0.0034,-0.0838,0.0551,0.0075,9.8106,-0.3711,0.2442,0.0001,0.0001,-0.0000,1.0000,0.2453,-0.0093,0.0061
200311,Left,0,0.3491,0.0586,-0.9333,0.0607,0.0018,0.0052,0.0075,-0.0229,0.0208,-0.0243,-6.4309,-0.6807,7.3480,0.0000,0.0001,0.0001,1.0000,-0.1608,-0.0170,0.1837
200311,Right,0,0.2843,-0.1042,-0.9446,-0.1266,0.0127,0.0055,0.0018,-0.0182,0.0680,-0.0549,-5.4695,1.1566,7.9979,0.0003,0.0001,0.0000,1.0000,-0.2734,0.0577,0.3999
200311,Pelvis,0,-0.5408,-0.4440,-0.5391,0.4689,0.0134,0.0019,-0.0032,-0.0687,0.0744,-0.0120,9.7910,-0.3598,0.2664,0.0002,0.0000,-0.0000,1.0000,0.2448,-0.0090,0.0067
200312,Left,0,0.3491,0.0585,-0.9333,0.0607,0.0017,0.0048,0.0069,-0.0375,0.0228,-0.0086,-6.4312,-0.6850,7.3683,0.0000,0.0001,0.0001,1.0000,-0.1608,-0.0171,0.1842
200312,Right,0,0.2841,-0.1042,-0.9447,-0.1266,0.0127,0.0055,0.0018,-0.0049,0.0706,-0.0742,-5.4671,1.1500,7.9770,0.0002,0.0001,0.0000,1.0000,-0.1367,0.0287,0.1994
200312,Pelvis,0,-0.5407,-0.4441,-0.5390,0.4689,0.0172,-0.0064,-0.0023,-0.0522,0.0844,-0.0176,9.7856,-0.3432,0.2800,0.0002,-0.0001,-0.0000,1.0000,0.2446,-0.0086,0.0070
200313,Left,0,0.3491,0.0585,-0.9333,0.0607,0.0019,0.0031,0.0084,-0.0193,0.0296,-0.0242,-6.4348,-0.6870,7.3442,0.0000,0.0000,0.0001,1.0000,-0.1609,-0.0172,0.1836
200313,Right,0,0.2842,-0.1043,-0.9446,-0.1267,0.0131,0.0042,0.0006,-0.0268,0.0578,-0.0782,-5.4514,1.1695,7.9799,0.0002,0.0001,0.0000,1.0000,-0.1363,0.0292,0.1995
200313,Pelvis,0,-0.5405,-0.4442,-0.5390,0.4691,0.0237,-0.0038,0.0005,-0.0349,0.0588,0.0115,9.8156,-0.3227,0.2611,0.0003,-0.0000,0.0000,1.0000,0.2454,-0.0081,0.0065
200314,Left,0,0.3489,0.0585,-0.9334,0.0607,0.0017,0.0048,0.0069,-0.0325,0.0318,-0.0177,-6.4265,-0.6916,7.3597,0.0000,0.0001,0.0001,1.0000,-0.1606,-0.0173,0.1840
200314,Right,0,0.2842,-0.1044,-0.9446,-0.1266,0.0130,0.0063,0.0026,-0.0027,0.0677,-0.0877,-5.4638,1.1534,7.9622,0.0002,0.0001,0.0000,1.0000,-0.1366,0.0288,0.1991
200314,Pelvis,0,-0.5401,-0.4442,-0.5390,0.4695,0.0280,0.0179,-0.0081,-0.0504,0.0189,0.0698,9.8744,-0.3340,0.2251,0.0003,0.0002,-0.0001,1.0000,0.2469,-0.0084,0.0056
200315,Left,0,0.3488,0.0585,-0.9334,0.0608,-0.0006,0.0037,0.0060,-0.0279,0.0405,-0.0176,-6.4293,-0.6997,7.3566,-0.0000,0.0000,0.0001,1.0000,-0.1607,-0.0175,0.1839
200315,Right,0,0.2841,-0.1045,-0.9446,-0.1267,0.0129,0.0039,0.0023,0.0029,0.0662,-0.0586,-5.4842,1.1590,7.9829,0.0002,0.0000,0.0000,1.0000,-0.1371,0.0289,0.1996
200315,Pelvis,0,-0.5395,-0.4443,-0.5392,0.4698,0.0324,0.0383,-0.0208,-0.0220,0.0323,0.0836,9.8884,-0.3060,0.2511,0.0004,0.0005,-0.0003,1.0000,0.2472,-0.0077,0.0062
200316,Left,0,0.3488,0.0586,-0.9334,0.0609,-0.0009,0.0063,0.0065,-0.0280,0.0300,-0.0177,-6.4284,-0.6895,7.3582,-0.0000,0.0001,0.0001,1.0000,-0.1607,-0.0172,0.1840
200316,Right,0,0.2842,-0.1045,-0.9446,-0.1265,0.0121,0.0027,0.0027,-0.0143,0.0730,-0.0695,-5.4635,1.1573,7.9841,0.0002,0.0000,0.0000,1.0000,-0.1366,0.0289,0.1996
200316,Pelvis,0,-0.5388,-0.4444,-0.5395,0.4703,0.0394,0.0483,-0.0338,0.0136,0.0348,0.0272,9.8327,-0.2655,0.2703,0.0005,0.0006,-0.0004,1.0000,0.2458,-0.0067,0.0066
200317,Left,0,0.3489,0.0585,-0.9333,0.0609,0.0007,0.0051,0.0053,-0.0375,0.0313,-0.0145,-6.4250,-0.6917,7.3654,0.0000,0.0001,0.0001,1.0000,-0.1606,-0.0173,0.1841
200317,Right,0,0.2841,-0.1046,-0.9446,-0.1264,0.0140,0.0032,0.0046,-0.0062,0.0709,-0.0539,-5.4782,1.1609,7.9925,0.0002,0.0000,0.0001,1.0000,-0.1369,0.0290,0.1998
200317,Pelvis,0,-0.5380,-0.4446,-0.5398,0.4706,0.0447,0.0454,-0.0417,0.0184,0.0501,-0.0116,9.7934,-0.2540,0.2985,0.0006,0.0006,-0.0005,1.0000,0.2448,-0.0065,0.0073
200318,Left,0,0.3488,0.0586,-0.9334,0.0610,-0.0004,0.0027,0.0060,-0.0285,0.0192,-0.0178,-6.4284,-0.6784,7.3591,-0.0000,0.0000,0.0001,1.0000,-0.1607,-0.0170,0.1840
200318,Right,0,0.2840,-0.1048,-0.9446,-0.1266,0.0120,0.0004,0.0024,-0.0251,0.0788,-0.0513,-5.4624,1.1617,8.0065,0.0002,0.0000,0.0000,1.0000,-0.1366,0.0290,0.2002
200318,Pelvis,0,-0.5373,-0.4449,-0.5400,0.4709,0.0372,0.0316,-0.0396,0.0624,0.0349,-0.0403,9.7659,-0.1993,0.3013,0.0005,0.0004,-0.0005,1.0000,0.2441,-0.0051,0.0074
200319,Left,0,0.3488,0.0585,-0.9334,0.0609,0.0001,0.0037,0.0043,-0.0280,0.0295,-0.0269,-6.4226,-0.6874,7.3512,0.0000,0.0000,0.0001,1.0000,-0.1606,-0.0172,0.1838
200319,Right,0,0.2839,-0.1048,-0.9447,-0.1265,0.0127,0.0031,0.0015,-0.0204,0.0768,-0.0648,-5.4575,1.1622,7.9933,0.0002,0.0000,0.0000,1.0000,-0.1364,0.0290,0.1998
200319,Pelvis,0,-0.5368,-0.4451,-0.5402,0.4711,0.0337,0.0193,-0.0350,0.0485,0.0210,-0.0563,9.7500,-0.2019,0.2944,0.0004,0.0002,-0.0004,1.0000,0.2438,-0.0052,0.0073
200320,Left,0,0.3487,0.0585,-0.9334,0.0608,0.0005,0.0034,0.0076,-0.0358,0.0211,-0.0237,-6.4169,-0.6802,7.3612,0.0000,0.0000,0.0001,1.0000,-0.1604,-0.0170,0.1840
200320,Right,0,0.2839,-0.1048,-0.9447,-0.1264,0.0097,0.0044,0.0015,-0.0202,0.0822,-0.0581,-5.4601,1.1591,8.0002,0.0001,0.0001,0.0000,1.0000,-0.1365,0.0289,0.2000
200320,Pelvis,0,-0.5363,-0.4454,-0.5403,0.4711,0.0305,0.0099,-0.0283,0.0221,0.0176,-0.0429,9.7630,-0.2193,0.2911,0.0004,0.0001,-0.0004,1.0000,0.2441,-0.0056,0.0072
200321,Left,0,0.3487,0.0585,-0.9334,0.0609,0.0006,0.0025,0.0056,-0.0310,0.0294,-0.0144,-6.4279,-0.6878,7.3632,0.0000,0.0000,0.0001,1.0000,-0.1607,-0.0172,0.1841
200321,Right,0,0.2839,-0.1050,-0.9446,-0.1267,0.0111,0.0040,0.0020,0.0008,0.1002,-0.0474,-5.4794,1.1390,8.0031,0.0001,0.0001,0.0000,1.0000,-0.1370,0.0284,0.2001
200321,Pelvis,0,-0.5360,-0.4457,-0.5403,0.4713,0.0309,0.0074,-0.0278,-0.0081,0.0281,-0.0038,9.8011,-0.2477,0.3014,0.0004,0.0001,-0.0003,1.0000,0.2450,-0.0063,0.0075
200322,Left,0,0.3487,0.0586,-0.9334,0.0611,0.0010,0.0025,0.0048,-0.0168,0.0262,-0.0085,-6.4414,-0.6832,7.3597,0.0000,0.0000,0.0001,1.0000,-0.1610,-0.0171,0.1840
200322,Right,0,0.2838,-0.1051,-0.9446,-0.1268,0.0106,0.0016,0.0012,-0.0040,0.0855,-0.0764,-5.4619,1.1521,7.9777,0.0001,0.0000,0.0000,1.0000,-0.1365,0.0288,0.1994
200322,Pelvis,0,-0.5357,-0.4461,-0.5402,0.4714,0.0309,-0.0005,-0.0296,-0.0132,0.0522,-0.0134,9.7908,-0.2519,0.3252,0.0004,-0.0000,-0.0004,1.0000,0.2448,-0.0064,0.0081
200323,Left,0,0.3486,0.0585,-0.9334,0.0611,0.0019,0.0018,0.0058,-0.0215,0.0269,-0.0269,-6.4251,-0.6831,7.3495,0.0000,0.0000,0.0001,1.0000,-0.1606,-0.0171,0.1837
200323,Right,0,0.2836,-0.1052,-0.9447,-0.1268,0.0126,0.0021,0.0031,0.0066,0.0830,-0.0608,-5.4764,1.1553,7.9863,0.0002,0.0000,0.0000,1.0000,-0.1369,0.0288,0.1997
200323,Pelvis,0,-0.5354,-0.4464,-0.5401,0.4716,0.0335,-0.0048,-0.0282,-0.0095,0.0551,-0.0044,9.7999,-0.2449,0.3287,0.0004,-0.0001,-0.0004,1.0000,0.2450,-0.0062,0.0082
200324,Left,0,0.3486,0.0586,-0.9334,0.0612,0.0003,0.0006,0.0053,-0.0358,0.0287,-0.0112,-6.4247,-0.6877,7.3704,0.0000,0.0000,0.0001,1.0000,-0.1606,-0.0172,0.1843
200324,Right,0,0.2835,-0.1053,-0.9447,-0.1269,0.0130,0.0008,0.0018,0.0032,0.0961,-0.0764,-5.4610,1.1442,7.9795,0.0002,0.0000,0.0000,1.0000,-0.1365,0.0286,0.1995
200324,Pelvis,0,-0.5351,-0.4469,-0.5399,0.4716,0.0336,-0.0102,-0.0266,-0.0050,0.0553,-0.0259,9.7787,-0.2340,0.3276,0.0004,-0.0001,-0.0003,1.0000,0.2445,-0.0059,0.0082
200325,Left,0,0.3487,0.0585,-0.9334,0.0612,0.0014,0.0009,0.0054,-0.0240,0.0463,-0.0142,-6.4334,-0.7021,7.3574,0.0000,0.0000,0.0001,1.0000,-0.1608,-0.0176,0.1839
200325,Right,0,0.2834,-0.1054,-0.9447,-0.1267,0.0116,0.0016,0.0037,-0.0032,0.0812,-0.0919,-5.4484,1.1599,7.9669,0.0001,0.0000,0.0000,1.0000,-0.1362,0.0290,0.1992
200325,Pelvis,0,-0.5349,-0.4473,-0.5398,0.4716,0.0332,-0.0173,-0.0236,0.0162,0.0156,-0.0012,9.8051,-0.2014,0.2911,0.0004,-0.0002,-0.0003,1.0000,0.2451,-0.0051,0.0073
200326,Left,0,0.3485,0.0586,-0.9335,0.0613,-0.0004,0.0007,0.0049,-0.0354,0.0378,-0.0203,-6.4187,-0.6955,7.3628,-0.0000,0.0000,0.0001,1.0000,-0.1605,-0.0174,0.1841
200326,Right,0,0.2834,-0.1054,-0.9447,-0.1266,0.0101,0.0003,0.0030,0.0037,0.0996,-0.0697,-5.4632,1.1440,7.9863,0.0001,0.0000,0.0000,1.0000,-0.1366,0.0286,0.1997
200326,Pelvis,0,-0.5347,-0.4477,-0.5396,0.4717,0.0284,-0.0167,-0.0215,0.0002,-0.0136,0.0217,9.8288,-0.2095,0.2575,0.0004,-0.0002,-0.0003,1.0000,0.2457,-0.0053,0.0065
200327,Left,0,0.3484,0.0584,-0.9335,0.0610,-0.0002,-0.0003,0.0049,-0.0174,0.0258,-0.0052,-6.4383,-0.6814,7.3670,-0.0000,-0.0000,0.0001,1.0000,-0.1610,-0.0170,0.1842
200327,Right,0,0.2834,-0.1055,-0.9448,-0.1266,0.0127,0.0005,0.0035,0.0035,0.0845,-0.0696,-5.4645,1.1602,7.9830,0.0002,0.0000,0.0000,1.0000,-0.1366,0.0290,0.1996
200327,Pelvis,0,-0.5345,-0.4480,-0.5395,0.4717,0.0303,-0.0147,-0.0240,-0.0152,0.0096,0.0018,9.8081,-0.2241,0.2757,0.0004,-0.0002,-0.0003,1.0000,0.2452,-0.0057,0.0069
200328,Left,0,0.3484,0.0584,-0.9335,0.0610,0.0007,-0.0015,0.0054,-0.0333,0.0284,-0.0203,-6.4168,-0.6846,7.3653,0.0000,-0.0000,0.0001,1.0000,-0.1604,-0.0171,0.1841
200328,Right,0,0.2833,-0.1054,-0.9448,-0.1262,0.0118,-0.0009,0.0048,-0.0125,0.0909,-0.0805,-5.4431,1.1587,7.9847,0.0001,-0.0000,0.0001,1.0000,-0.1361,0.0289,0.1996
200328,Pelvis,0,-0.5342,-0.4483,-0.5394,0.4718,0.0290,-0.0153,-0.0210,0.0071,0.0010,-0.0081,9.7989,-0.1965,0.2706,0.0004,-0.0002,-0.0003,1.0000,0.2450,-0.0050,0.0068
200329,Left,0,0.3484,0.0584,-0.9335,0.0612,0.0012,-0.0000,0.0043,-0.0327,0.0372,-0.0203,-6.4187,-0.6929,7.3630,0.0000,-0.0000,0.0001,1.0000,-0.1605,-0.0173,0.1841
200329,Right,0,0.2832,-0.1054,-0.9449,-0.1261,0.0104,-0.0001,0.0011,0.0003,0.0743,-0.0918,-5.4481,1.1709,7.9654,0.0001,-0.0000,0.0000,1.0000,-0.1362,0.0292,0.1991
200329,Pelvis,0,-0.5342,-0.4487,-0.5391,0.4720,0.0270,-0.0180,-0.0152,-0.0072,-0.0106,-0.0024,9.8048,-0.2078,0.2529,0.0003,-0.0002,-0.0002,1.0000,0.2451,-0.0052,0.0064
200330,Left,0,0.3484,0.0583,-0.9335,0.0610,0.0005,0.0015,0.0065,-0.0515,0.0312,-0.0138,-6.4078,-0.6888,7.3815,0.0000,0.0000,0.0001,1.0000,-0.1602,-0.0172,0.1845
200330,Right,0,0.2831,-0.1054,-0.9449,-0.1260,0.0108,0.0032,0.0013,-0.0067,0.0805,-0.0871,-5.4413,1.1692,7.9761,0.0001,0.0000,0.0000,1.0000,-0.1360,0.0292,0.1994
200330,Pelvis,0,-0.5341,-0.4489,-0.5389,0.4720,0.0252,-0.0201,-0.0133,-0.0181,-0.0159,-0.0003,9.8070,-0.2167,0.2430,0.0003,-0.0003,-0.0002,1.0000,0.2452,-0.0055,0.0061
200331,Left,0,0.3483,0.0582,-0.9336,0.0609,0.0012,0.0039,0.0065,-0.0155,0.0453,-0.0451,-6.4138,-0.6947,7.3341,0.0000,0.0000,0.0001,1.0000,-0.1603,-0.0174,0.1834
200331,Right,0,0.2830,-0.1054,-0.9450,-0.1258,0.0103,0.0048,0.0003,0.0198,0.1038,-0.0967,-5.4521,1.1390,7.9617,0.0001,0.0001,0.0000,1.0000,-0.1363,0.0284,0.1991
200331,Pelvis,0,-0.5339,-0.4492,-0.5387,0.4722,0.0268,-0.0092,-0.0124,-0.0178,-0.0071,0.0484,9.8555,-0.2179,0.2508,0.0003,-0.0001,-0.0002,1.0000,0.2464,-0.0055,0.0063
200332,Left,0,0.3482,0.0582,-0.9336,0.0609,0.0002,0.0040,0.0070,-0.0381,0.0389,-0.0262,-6.4074,-0.6930,7.3650,0.0000,0.0001,0.0001,1.0000,-0.1602,-0.0173,0.1841
200332,Right,0,0.2832,-0.1054,-0.9450,-0.1256,0.0109,0.0056,0.0016,0.0123,0.1027,-0.0697,-5.4635,1.1457,7.9858,0.0001,0.0001,0.0000,1.0000,-0.1366,0.0286,0.1997
200332,Pelvis,0,-0.5337,-0.4493,-0.5386,0.4724,0.0220,0.0042,-0.0133,0.0062,-0.0175,0.0294,9.8372,-0.1925,0.2447,0.0003,0.0001,-0.0002,1.0000,0.2459,-0.0049,0.0061
200333,Left,0,0.3482,0.0583,-0.9336,0.0611,-0.0010,0.0033,0.0062,-0.0248,0.0361,-0.0202,-6.4212,-0.6885,7.3613,-0.0000,0.0000,0.0001,1.0000,-0.1605,-0.0172,0.1840
200333,Right,0,0.2832,-0.1053,-0.9450,-0.1252,0.0113,0.0048,0.0028,-0.0084,0.0956,-0.0669,-5.4498,1.1594,7.9965,0.0001,0.0001,0.0000,1.0000,-0.1362,0.0290,0.1999
200333,Pelvis,0,-0.5335,-0.4494,-0.5385,0.4726,0.0192,0.0085,-0.0108,0.0140,-0.0061,0.0350,9.8425,-0.1861,0.2587,0.0002,0.0001,-0.0001,1.0000,0.2461,-0.0047,0.0064
200334,Left,0,0.3483,0.0582,-0.9336,0.0609,0.0003,0.0046,0.0055,-0.0280,0.0369,-0.0294,-6.4136,-0.6881,7.3557,0.0000,0.0001,0.0001,1.0000,-0.1603,-0.0172,0.1839
200334,Right,0,0.2833,-0.1053,-0.9450,-0.1250,0.0117,0.0044,0.0009,-0.0159,0.0943,-0.0825,-5.4365,1.1613,7.9864,0.0001,0.0001,0.0000,1.0000,-0.1359,0.0290,0.1997
200334,Pelvis,0,-0.5333,-0.4495,-0.5384,0.4728,0.0180,0.0130,-0.0074,0.0039,0.0155,0.0380,9.8447,-0.1988,0.2799,0.0002,0.0002,-0.0001,1.0000,0.2461,-0.0050,0.0070
200335,Left,0,0.3482,0.0582,-0.9336,0.0611,0.0020,0.0022,0.0064,-0.0183,0.0345,-0.0110,-6.4312,-0.6859,7.3651,0.0000,0.0000,0.0001,1.0000,-0.1608,-0.0172,0.1841
200335,Right,0,0.2833,-0.1053,-0.9450,-0.1247,0.0109,0.0078,0.0027,0.0133,0.0969,-0.0696,-5.4665,1.1532,7.9827,0.0001,0.0001,0.0000,1.0000,-0.1366,0.0288,0.1996
200335,Pelvis,0,-0.5332,-0.4496,-0.5384,0.4730,0.0139,0.0134,-0.0027,0.0338,0.0162,-0.0060,9.8011,-0.1681,0.2865,0.0002,0.0002,-0.0000,1.0000,0.2450,-0.0042,0.0071
200336,Left,0,0.3483,0.0582,-0.9336,0.0611,0.0004,0.0051,0.0061,-0.0288,0.0363,-0.0386,-6.4067,-0.6862,7.3497,0.0000,0.0001,0.0001,1.0000,-0.1602,-0.0172,0.1838
200336,Right,0,0.2833,-0.1054,-0.9450,-0.1248,0.0110,0.0053,-0.0017,0.0151,0.0957,-0.0696,-5.4678,1.1555,7.9815,0.0001,0.0001,-0.0000,1.0000,-0.1367,0.0289,0.1996
200336,Pelvis,0,-0.5331,-0.4495,-0.5385,0.4731,0.0056,0.0059,-0.0043,0.0280,0.0091,-0.0559,9.7512,-0.1719,0.2806,0.0001,0.0001,-0.0001,1.0000,0.2438,-0.0043,0.0070
200337,Left,0,0.3483,0.0581,-0.9336,0.0610,0.0004,0.0070,0.0073,-0.0373,0.0476,-0.0136,-6.4176,-0.6995,7.3723,0.0000,0.0001,0.0001,1.0000,-0.1604,-0.0175,0.1843
200337,Right,0,0.2833,-0.1055,-0.9450,-0.1248,0.0118,0.0059,0.0018,-0.0060,0.0898,-0.0669,-5.4543,1.1689,7.9921,0.0001,0.0001,0.0000,1.0000,-0.1363,0.0292,0.1998
200337,Pelvis,0,-0.5331,-0.4495,-0.5384,0.4732,-0.0023,0.0007,-0.0038,0.0411,0.0180,-0.0185,9.7885,-0.1625,0.2941,-0.0000,0.0000,-0.0000,1.0000,0.2447,-0.0041,0.0074
200338,Left,0,0.3483,0.0580,-0.9336,0.0610,0.0009,0.0058,0.0085,-0.0180,0.0445,-0.0201,-6.4280,-0.6919,7.3551,0.0000,0.0001,0.0001,1.0000,-0.1607,-0.0173,0.1839
200338,Right,0,0.2834,-0.1055,-0.9450,-0.1248,0.0117,0.0076,0.0005,0.0070,0.1076,-0.0717,-5.4599,1.1485,7.9855,0.0001,0.0001,0.0000,1.0000,-0.1365,0.0287,0.1997
200338,Pelvis,0,-0.5331,-0.4492,-0.5384,0.4733,-0.0065,0.0032,-0.0013,0.0330,0.0027,0.0190,9.8262,-0.1728,0.2813,-0.0001,0.0000,-0.0000,1.0000,0.2457,-0.0043,0.0070
200339,Left,0,0.3484,0.0579,-0.9336,0.0610,0.0009,0.0078,0.0097,-0.0227,0.0451,-0.0076,-6.4333,-0.6929,7.3671,0.0000,0.0001,0.0001,1.0000,-0.1608,-0.0173,0.1842
200339,Right,0,0.2835,-0.1055,-0.9450,-0.1246,0.0114,0.0058,0.0012,0.0161,0.1049,-0.0697,-5.4702,1.1493,7.9808,0.0001,0.0001,0.0000,1.0000,-0.1367,0.0287,0.1995
200339,Pelvis,0,-0.5332,-0.4491,-0.5385,0.4734,-0.0072,-0.0014,0.0007,0.0006,0.0186,0.0139,9.8199,-0.2093,0.2938,-0.0001,-0.0000,0.0000,1.0000,0.2455,-0.0052,0.0073
200340,Left,0,0.3484,0.0579,-0.9336,0.0609,0.0011,0.0088,0.0088,-0.0233,0.0455,-0.0168,-6.4266,-0.6917,7.3608,0.0000,0.0001,0.0001,1.0000,-0.1606,-0.0173,0.1840
200340,Right,0,0.2834,-0.1056,-0.9450,-0.1245,0.0114,0.0067,0.0006,-0.0064,0.0853,-0.0533,-5.4634,1.1785,8.0009,0.0001,0.0001,0.0000,1.0000,-0.1366,0.0294,0.2000
200340,Pelvis,0,-0.5333,-0.4490,-0.5384,0.4734,-0.0049,-0.0047,0.0043,0.0248,0.0340,-0.0043,9.8017,-0.1903,0.3111,-0.0001,-0.0001,0.0001,1.0000,0.2450,-0.0047,0.0078
200341,Left,0,0.3486,0.0578,-0.9335,0.0610,0.0004,0.0069,0.0093,-0.0356,0.0374,-0.0137,-6.4217,-0.6840,7.3701,0.0000,0.0001,0.0001,1.0000,-0.1605,-0.0171,0.1843
200341,Right,0,0.2834,-0.1056,-0.9450,-0.1243,0.0112,0.0074,0.0008,0.0216,0.0880,-0.0831,-5.4690,1.1652,7.9628,0.0001,0.0001,0.0000,1.0000,-0.1367,0.0291,0.1991
200341,Pelvis,0,-0.5334,-0.4489,-0.5383,0.4735,-0.0044,-0.0101,0.0098,0.0085,0.0402,-0.0069,9.7986,-0.2104,0.3154,-0.0001,-0.0001,0.0001,1.0000,0.2450,-0.0052,0.0079
200342,Left,0,0.3487,0.0578,-0.9335,0.0611,0.0019,0.0072,0.0086,-0.0283,0.0456,-0.0260,-6.4212,-0.6890,7.3535,0.0000,0.0001,0.0001,1.0000,-0.1605,-0.0172,0.1839
200342,Right,0,0.2834,-0.1056,-0.9450,-0.1243,0.0099,0.0055,-0.0009,0.0003,0.0959,-0.0669,-5.4595,1.1673,7.9888,0.0001,0.0001,-0.0000,1.0000,-0.1365,0.0292,0.1997
200342,Pelvis,0,-0.5337,-0.4488,-0.5380,0.4736,-0.0005,-0.0125,0.0148,-0.0154,0.0465,-0.0288,9.7761,-0.2404,0.3140,-0.0000,-0.0002,0.0002,1.0000,0.2444,-0.0060,0.0079
200343,Left,0,0.3485,0.0577,-0.9335,0.0611,0.0012,0.0052,0.0092,-0.0322,0.0461,0.0081,-6.4387,-0.6919,7.3835,0.0000,0.0001,0.0001,1.0000,-0.1610,-0.0173,0.1846
200343,Pelvis,0,-0.5339,-0.4488,-0.5378,0.4737,0.0047,-0.0169,0.0129,-0.0049,0.0203,-0.0193,9.7865,-0.2324,0.2875,0.0001,-0.0002,0.0002,1.0000,0.2447,-0.0058,0.0072
200344,Left,0,0.3485,0.0579,-0.9335,0.0614,0.0017,0.0063,0.0075,-0.0185,0.0426,-0.0168,-6.4321,-0.6852,7.3566,0.0000,0.0001,0.0001,1.0000,-0.1608,-0.0171,0.1839
200344,Right,0,0.2834,-0.1057,-0.9450,-0.1241,0.0102,0.0055,0.0001,0.0180,0.1066,-0.0707,-5.4706,1.1532,7.9788,0.0003,0.0001,0.0000,1.0000,-0.2735,0.0576,0.3990
200344,Pelvis,0,-0.5339,-0.4488,-0.5375,0.4739,0.0136,-0.0127,0.0108,-0.0059,0.0257,0.0204,9.8259,-0.2395,0.2913,0.0002,-0.0002,0.0001,1.0000,0.2456,-0.0060,0.0073
200346,Left,0,0.3486,0.0577,-0.9335,0.0613,0.0002,0.0061,0.0071,-0.0295,0.0498,-0.0073,-6.4324,-0.6922,7.3685,0.0000,0.0002,0.0002,1.0000,-0.3216,-0.0347,0.3685
200346,Right,0,0.2835,-0.1059,-0.9450,-0.1242,0.0113,0.0045,0.0015,0.0119,0.1145,-0.0828,-5.4587,1.1476,7.9730,0.0003,0.0001,0.0000,1.0000,-0.2729,0.0573,0.3987
200346,Pelvis,0,-0.5336,-0.4489,-0.5374,0.4743,0.0206,0.0037,-0.0021,0.0073,0.0442,0.0429,9.8480,-0.2310,0.3136,0.0005,0.0001,-0.0001,1.0000,0.4924,-0.0116,0.0156
200347,Left,0,0.3486,0.0578,-0.9335,0.0614,0.0007,0.0064,0.0079,-0.0165,0.0322,-0.0169,-6.4339,-0.6721,7.3561,0.0000,0.0001,0.0001,1.0000,-0.1608,-0.0168,0.1839
200347,Right,0,0.2835,-0.1058,-0.9450,-0.1239,0.0115,0.0042,0.0017,0.0014,0.0878,-0.0668,-5.4644,1.1785,7.9838,0.0001,0.0001,0.0000,1.0000,-0.1366,0.0294,0.1996
200347,Pelvis,0,-0.5334,-0.4490,-0.5374,0.4745,0.0226,0.0080,-0.0094,0.0636,0.0415,0.0184,9.8245,-0.1755,0.3233,0.0003,0.0001,-0.0001,1.0000,0.2456,-0.0044,0.0081
200348,Left,0,0.3486,0.0577,-0.9335,0.0613,-0.0004,0.0042,0.0066,-0.0301,0.0546,-0.0102,-6.4299,-0.6956,7.3665,-0.0000,0.0001,0.0001,1.0000,-0.1607,-0.0174,0.1842
200348,Right,0,0.2834,-0.1058,-0.9451,-0.1238,0.0097,0.0020,0.0012,0.0071,0.1067,-0.0736,-5.4603,1.1596,7.9813,0.0001,0.0000,0.0000,1.0000,-0.1365,0.0290,0.1995
200348,Pelvis,0,-0.5333,-0.4490,-0.5373,0.4747,0.0156,0.0016,-0.0046,0.0945,0.0403,-0.0257,9.7810,-0.1442,0.3278,0.0002,0.0000,-0.0001,1.0000,0.2445,-0.0036,0.0082
200349,Left,0,0.3487,0.0577,-0.9334,0.0615,0.0028,0.0045,0.0085,-0.0240,0.0625,-0.0225,-6.4290,-0.7008,7.3504,0.0000,0.0001,0.0001,1.0000,-0.1607,-0.0175,0.1838
200349,Right,0,0.2835,-0.1060,-0.9450,-0.1243,0.0105,0.0064,0.0004,0.0051,0.1200,-0.0602,-5.4650,1.1505,7.9960,0.0001,0.0001,0.0000,1.0000,-0.1366,0.0287,0.1999
200349,Pelvis,0,-0.5332,-0.4491,-0.5373,0.4747,0.0098,0.0014,-0.0039,0.0558,0.0327,-0.0100,9.7961,-0.1810,0.3162,0.0001,0.0000,-0.0000,1.0000,0.2449,-0.0045,0.0079
200350,Left,0,0.3487,0.0577,-0.9334,0.0615,-0.0017,0.0049,0.0064,-0.0271,0.0432,-0.0227,-6.4260,-0.6811,7.3545,-0.0000,0.0001,0.0001,1.0000,-0.1606,-0.0170,0.1839
200350,Right,0,0.2837,-0.1060,-0.9449,-0.1242,0.0116,0.0053,0.0002,0.0034,0.1115,-0.0669,-5.4642,1.1584,7.9871,0.0001,0.0001,0.0000,1.0000,-0.1366,0.0289,0.1997
200350,Pelvis,0,-0.5331,-0.4489,-0.5374,0.4749,0.0034,0.0076,-0.0026,0.0051,0.0001,0.0161,9.8221,-0.2285,0.2803,0.0000,0.0001,-0.0000,1.0000,0.2456,-0.0057,0.0070
200351,Left,0,0.3486,0.0576,-0.9335,0.0613,0.0008,0.0034,0.0068,-0.0224,0.0430,-0.0227,-6.4269,-0.6801,7.3538,0.0000,0.0000,0.0001,1.0000,-0.1607,-0.0170,0.1839
200351,Right,0,0.2835,-0.1060,-0.9450,-0.1240,0.0099,0.0055,-0.0009,0.0190,0.1154,-0.0716,-5.4710,1.1509,7.9778,0.0001,0.0001,-0.0000,1.0000,-0.1368,0.0288,0.1995
200351,Pelvis,0,-0.5330,-0.4488,-0.5374,0.4751,0.0038,0.0113,-0.0063,-0.0027,0.0386,0.0110,9.8154,-0.2446,0.3210,0.0000,0.0001,-0.0001,1.0000,0.2454,-0.0061,0.0080
200352,Left,0,0.3487,0.0575,-0.9335,0.0613,-0.0000,0.0066,0.0075,-0.0178,0.0518,-0.0134,-6.4383,-0.6876,7.3555,-0.0000,0.0001,0.0001,1.0000,-0.1609,-0.0172,0.1839
200352,Right,0,0.2835,-0.1061,-0.9450,-0.1241,0.0100,0.0070,0.0000,0.0124,0.1011,-0.0871,-5.4594,1.1657,7.9646,0.0001,0.0001,0.0000,1.0000,-0.1365,0.0291,0.1991
200352,Pelvis,0,-0.5329,-0.4487,-0.5374,0.4753,0.0064,0.0077,-0.0013,0.0002,0.0375,0.0110,9.8154,-0.2436,0.3234,0.0001,0.0001,-0.0000,1.0000,0.2454,-0.0061,0.0081
200353,Left,0,0.3488,0.0575,-0.9334,0.0614,0.0005,0.0054,0.0088,-0.0434,0.0557,-0.0253,-6.4137,-0.6935,7.3609,0.0000,0.0001,0.0001,1.0000,-0.1603,-0.0174,0.1840
200353,Right,0,0.2835,-0.1062,-0.9449,-0.1242,0.0102,0.0063,-0.0002,0.0099,0.1281,-0.0601,-5.4685,1.1454,7.9945,0.0001,0.0001,-0.0000,1.0000,-0.1367,0.0286,0.1999
200353,Pelvis,0,-0.5329,-0.4486,-0.5373,0.4755,0.0049,0.0025,0.0044,0.0555,0.0653,-0.0151,9.7893,-0.1956,0.3617,0.0001,0.0000,0.0001,1.0000,0.2447,-0.0049,0.0090
200354,Left,2,0.3489,0.0574,-0.9334,0.0615,0.0010,0.0058,0.0085,-0.0395,0.0645,-0.0160,-6.4253,-0.7007,7.3625,0.0000,0.0001,0.0001,1.0000,-0.1606,-0.0175,0.1841
200354,Right,2,0.2836,-0.1063,-0.9449,-0.1241,0.0118,0.0078,-0.0004,0.0020,0.1137,-0.0756,-5.4570,1.1604,7.9811,0.0001,0.0001,-0.0000,1.0000,-0.1364,0.0290,0.1995
200354,Pelvis,2,-0.5330,-0.4484,-0.5373,0.4756,0.0023,-0.0062,0.0086,0.0350,0.0676,-0.0051,9.7987,-0.2190,0.3630,0.0000,-0.0001,0.0001,1.0000,0.2450,-0.0055,0.0091
200355,Left,2,0.3489,0.0574,-0.9334,0.0615,0.0008,0.0075,0.0070,-0.0377,0.0543,-0.0160,-6.4246,-0.6900,7.3639,0.0000,0.0001,0.0001,1.0000,-0.1606,-0.0173,0.1841
200355,Right,2,0.2836,-0.1063,-0.9449,-0.1241,0.0118,0.0069,0.0003,0.0112,0.1183,-0.0668,-5.4694,1.1555,7.9841,0.0001,0.0001,0.0000,1.0000,-0.1367,0.0289,0.1996
200355,Pelvis,2,-0.5331,-0.4484,-0.5370,0.4757,0.0023,-0.0068,0.0087,0.0452,0.0227,0.0125,9.8179,-0.2076,0.3186,0.0000,-0.0001,0.0001,1.0000,0.2454,-0.0052,0.0080
200356,Left,2,0.3488,0.0574,-0.9334,0.0614,0.0000,0.0064,0.0096,-0.0140,0.0605,-0.0225,-6.4371,-0.6916,7.3442,0.0000,0.0001,0.0001,1.0000,-0.1609,-0.0173,0.1836
200356,Right,2,0.2837,-0.1063,-0.9449,-0.1240,0.0117,0.0044,0.0008,0.0109,0.1098,-0.0736,-5.4686,1.1635,7.9752,0.0001,0.0001,0.0000,1.0000,-0.1367,0.0291,0.1994
200356,Pelvis,2,-0.5331,-0.4482,-0.5371,0.4758,0.0025,0.0004,0.0062,0.0371,0.0202,0.0022,9.8074,-0.2183,0.3170,0.0000,0.0000,0.0001,1.0000,0.2452,-0.0054,0.0079
200357,Left,2,0.3487,0.0574,-0.9334,0.0615,0.0023,0.0057,0.0073,-0.0195,0.0509,-0.0101,-6.4403,-0.6834,7.3586,0.0000,0.0001,0.0001,1.0000,-0.1610,-0.0171,0.1840
200357,Right,2,0.2840,-0.1063,-0.9449,-0.1238,0.0112,0.0074,0.0008,0.0087,0.1287,-0.0668,-5.4703,1.1469,7.9849,0.0001,0.0001,0.0000,1.0000,-0.1367,0.0286,0.1996
200357,Pelvis,2,-0.5331,-0.4481,-0.5371,0.4759,-0.0018,-0.0022,0.0051,0.0326,0.0260,-0.0115,9.7933,-0.2252,0.3243,-0.0000,-0.0000,0.0001,1.0000,0.2448,-0.0056,0.0081
200358,Left,2,0.3487,0.0574,-0.9335,0.0617,-0.0003,0.0046,0.0072,-0.0256,0.0713,-0.0158,-6.4324,-0.7042,7.3561,-0.0000,0.0001,0.0001,1.0000,-0.1608,-0.0176,0.1839
200358,Right,2,0.2839,-0.1063,-0.9449,-0.1238,0.0097,0.0061,0.0001,0.0140,0.1269,-0.0803,-5.4664,1.1467,7.9711,0.0001,0.0001,0.0000,1.0000,-0.1366,0.0286,0.1993
200358,Pelvis,2,-0.5332,-0.4480,-0.5370,0.4760,-0.0021,-0.0053,0.0088,0.0483,0.0361,0.0043,9.8091,-0.2147,0.3366,-0.0000,-0.0001,0.0001,1.0000,0.2452,-0.0053,0.0084
200359,Left,2,0.3485,0.0574,-0.9335,0.0616,-0.0003,0.0027,0.0060,-0.0267,0.0617,0.0058,-6.4435,-0.6960,7.3759,-0.0000,0.0000,0.0001,1.0000,-0.1611,-0.0174,0.1844
200359,Right,2,0.2837,-0.1064,-0.9449,-0.1237,0.0124,0.0045,0.0019,-0.0051,0.1207,-0.0641,-5.4580,1.1626,7.9943,0.0002,0.0001,0.0000,1.0000,-0.1364,0.0290,0.1999
200359,Pelvis,2,-0.5333,-0.4479,-0.5369,0.4760,-0.0003,-0.0099,0.0081,0.0372,0.0718,-0.0098,9.7935,-0.2338,0.3691,-0.0000,-0.0001,0.0001,1.0000,0.2448,-0.0058,0.0093
200360,Left,2,0.3484,0.0575,-0.9336,0.0618,0.0020,0.0037,0.0069,-0.0196,0.0600,-0.0159,-6.4319,-0.6928,7.3575,0.0000,0.0000,0.0001,1.0000,-0.1608,-0.0173,0.1839
200360,Right,2,0.2836,-0.1065,-0.9450,-0.1236,0.0102,0.0037,0.0018,0.0206,0.1309,-0.0736,-5.4701,1.1460,7.9770,0.0001,0.0000,0.0000,1.0000,-0.1367,0.0286,0.1994
200360,Pelvis,2,-0.5335,-0.4480,-0.5369,0.4759,-0.0033,-0.0172,0.0056,0.0444,0.0625,-0.0176,9.7862,-0.2261,0.3588,-0.0000,-0.0002,0.0001,1.0000,0.2447,-0.0056,0.0090
200361,Left,2,0.3484,0.0574,-0.9336,0.0618,0.0014,0.0043,0.0072,-0.0179,0.0596,-0.0159,-6.4328,-0.6913,7.3568,0.0000,0.0001,0.0001,1.0000,-0.1608,-0.0173,0.1839
200361,Right,2,0.2837,-0.1065,-0.9449,-0.1235,0.0115,0.0060,0.0004,-0.0007,0.1176,-0.0775,-5.4545,1.1651,7.9799,0.0001,0.0001,0.0000,1.0000,-0.1363,0.0291,0.1995
200361,Pelvis,2,-0.5336,-0.4479,-0.5369,0.4757,-0.0088,-0.0224,0.0067,0.0338,0.0688,-0.0097,9.7937,-0.2370,0.3609,-0.0001,-0.0003,0.0001,1.0000,0.2448,-0.0059,0.0091
200362,Left,2,0.3483,0.0574,-0.9336,0.0618,0.0015,0.0033,0.0072,-0.0029,0.0667,-0.0099,-6.4485,-0.6955,7.3506,0.0000,0.0000,0.0001,1.0000,-0.1612,-0.0174,0.1838
200362,Right,2,0.2837,-0.1065,-0.9450,-0.1233,0.0109,0.0047,0.0022,0.0026,0.1504,-0.0708,-5.4548,1.1352,7.9927,0.0001,0.0001,0.0000,1.0000,-0.1364,0.0283,0.1998
200362,Pelvis,2,-0.5340,-0.4479,-0.5367,0.4756,-0.0139,-0.0282,0.0085,0.0296,0.0563,-0.0153,9.7886,-0.2422,0.3423,-0.0002,-0.0004,0.0001,1.0000,0.2447,-0.0060,0.0086
200363,Left,2,0.3484,0.0574,-0.9335,0.0619,0.0024,0.0042,0.0067,-0.0270,0.0502,-0.0127,-6.4279,-0.6823,7.3662,0.0000,0.0001,0.0001,1.0000,-0.1607,-0.0171,0.1842
200363,Right,2,0.2835,-0.1066,-0.9450,-0.1234,0.0111,0.0059,-0.0002,0.0046,0.1214,-0.0708,-5.4585,1.1643,7.9856,0.0001,0.0001,-0.0000,1.0000,-0.1364,0.0291,0.1997
200363,Pelvis,2,-0.5343,-0.4478,-0.5366,0.4755,-0.0153,-0.0240,0.0100,0.0007,0.0263,0.0188,9.8231,-0.2715,0.3048,-0.0002,-0.0003,0.0001,1.0000,0.2456,-0.0068,0.0077
200364,Left,2,0.3484,0.0573,-0.9335,0.0619,0.0009,0.0034,0.0068,-0.0062,0.0567,-0.0192,-6.4397,-0.6839,7.3470,0.0000,0.0000,0.0001,1.0000,-0.1610,-0.0171,0.1837
200364,Right,2,0.2835,-0.1067,-0.9450,-0.1235,0.0112,0.0041,0.0012,0.0055,0.1341,-0.0708,-5.4581,1.1532,7.9876,0.0001,0.0001,0.0000,1.0000,-0.1364,0.0288,0.1997
200364,Pelvis,2,-0.5345,-0.4477,-0.5365,0.4754,-0.0159,-0.0194,0.0110,0.0151,0.0329,0.0257,9.8301,-0.2618,0.3086,-0.0002,-0.0002,0.0001,1.0000,0.2458,-0.0065,0.0078
200365,Left,2,0.3484,0.0572,-0.9336,0.0617,0.0014,0.0009,0.0055,-0.0239,0.0600,-0.0126,-6.4312,-0.6889,7.3629,0.0000,0.0000,0.0001,1.0000,-0.1608,-0.0172,0.1841
200365,Right,2,0.2836,-0.1068,-0.9449,-0.1236,0.0122,0.0052,0.0021,0.0158,0.1456,-0.0688,-5.4666,1.1407,7.9863,0.0002,0.0001,0.0000,1.0000,-0.1367,0.0285,0.1997
200365,Pelvis,2,-0.5348,-0.4475,-0.5365,0.4754,-0.0185,-0.0131,0.0068,0.0169,0.0303,0.0257,9.8302,-0.2641,0.3045,-0.0002,-0.0002,0.0001,1.0000,0.2458,-0.0066,0.0077
200366,Left,2,0.3484,0.0572,-0.9336,0.0617,0.0016,0.0012,0.0081,-0.0202,0.0590,-0.0034,-6.4399,-0.6870,7.3676,0.0000,0.0000,0.0001,1.0000,-0.1610,-0.0172,0.1842
200366,Right,2,0.2835,-0.1069,-0.9449,-0.1236,0.0107,0.0039,0.0015,0.0066,0.1314,-0.0707,-5.4599,1.1583,7.9857,0.0001,0.0000,0.0000,1.0000,-0.1365,0.0289,0.1997
200366,Pelvis,2,-0.5351,-0.4473,-0.5365,0.4752,-0.0264,-0.0171,0.0071,0.0418,0.0415,-0.0231,9.7817,-0.2422,0.3155,-0.0003,-0.0002,0.0001,1.0000,0.2445,-0.0060,0.0079
200367,Right,2,0.2836,-0.1068,-0.9450,-0.1232,0.0124,0.0027,0.0032,0.0154,0.1490,-0.0620,-5.4701,1.1403,7.9923,0.0002,0.0000,0.0000,1.0000,-0.1367,0.0285,0.1998
200367,Pelvis,2,-0.5354,-0.4472,-0.5365,0.4749,-0.0300,-0.0223,0.0016,0.0373,0.0532,-0.0278,9.7766,-0.2491,0.3220,-0.0004,-0.0003,0.0000,1.0000,0.2444,-0.0062,0.0081
200368,Left,2,0.3483,0.0571,-0.9336,0.0618,0.0009,0.0016,0.0070,-0.0143,0.0678,-0.0250,-6.4302,-0.6922,7.3470,0.0000,0.0000,0.0002,1.0000,-0.3215,-0.0347,0.3674
200368,Right,2,0.2835,-0.1069,-0.9450,-0.1231,0.0117,0.0017,0.0028,0.0084,0.1413,-0.0707,-5.4595,1.1504,7.9873,0.0001,0.0000,0.0000,1.0000,-0.1365,0.0287,0.1997
200368,Pelvis,2,-0.5356,-0.4472,-0.5366,0.4745,-0.0227,-0.0216,0.0005,-0.0208,0.0389,0.0026,9.8063,-0.3038,0.2945,-0.0003,-0.0003,0.0000,1.0000,0.2452,-0.0076,0.0074
200369,Left,2,0.3484,0.0570,-0.9336,0.0617,0.0023,0.0016,0.0070,-0.0281,0.0596,-0.0000,-6.4367,-0.6860,7.3750,0.0000,0.0000,0.0001,1.0000,-0.1609,-0.0172,0.1844
200369,Right,2,0.2834,-0.1071,-0.9450,-0.1235,0.0127,0.0004,0.0035,0.0166,0.1257,-0.0687,-5.4699,1.1649,7.9803,0.0002,0.0000,0.0000,1.0000,-0.1367,0.0291,0.1995
200369,Pelvis,2,-0.5358,-0.4471,-0.5367,0.4743,-0.0209,-0.0168,-0.0038,0.0011,0.0193,0.0188,9.8237,-0.2798,0.2760,-0.0003,-0.0002,-0.0000,1.0000,0.2456,-0.0070,0.0070
200370,Left,2,0.3485,0.0568,-0.9335,0.0615,0.0011,0.0009,0.0063,-0.0162,0.0681,-0.0250,-6.4312,-0.6887,7.3464,0.0000,0.0000,0.0001,1.0000,-0.1608,-0.0172,0.1837
200370,Right,2,0.2834,-0.1072,-0.9450,-0.1234,0.0121,0.0001,0.0047,0.0079,0.1390,-0.0707,-5.4595,1.1563,7.9864,0.0002,0.0000,0.0001,1.0000,-0.1365,0.0289,0.1997
200370,Pelvis,2,-0.5359,-0.4471,-0.5367,0.4741,-0.0187,-0.0118,-0.0074,-0.0072,0.0398,0.0004,9.8046,-0.2898,0.2914,-0.0002,-0.0001,-0.0001,1.0000,0.2451,-0.0073,0.0073
200371,Left,2,0.3484,0.0568,-0.9336,0.0615,0.0007,0.0025,0.0056,-0.0118,0.0573,-0.0159,-6.4380,-0.6778,7.3535,0.0000,0.0000,0.0001,1.0000,-0.1609,-0.0170,0.1838
200371,Right,2,0.2836,-0.1072,-0.9449,-0.1232,0.0111,0.0013,0.0040,0.0073,0.1372,-0.0841,-5.4543,1.1568,7.9735,0.0001,0.0000,0.0000,1.0000,-0.1364,0.0289,0.1993
200371,Pelvis,2,-0.5361,-0.4470,-0.5368,0.4739,-0.0163,-0.0144,-0.0071,-0.0211,0.0065,-0.0073,9.7976,-0.2979,0.2550,-0.0002,-0.0002,-0.0001,1.0000,0.2449,-0.0075,0.0064
200372,Left,2,0.3482,0.0568,-0.9337,0.0614,0.0002,0.0015,0.0073,-0.0176,0.0684,-0.0216,-6.4276,-0.6896,7.3539,0.0000,0.0000,0.0001,1.0000,-0.1607,-0.0173,0.1839
200372,Right,2,0.2837,-0.1072,-0.9449,-0.1232,0.0111,0.0017,0.0009,0.0157,0.1349,-0.0821,-5.4635,1.1577,7.9695,0.0001,0.0000,0.0000,1.0000,-0.1366,0.0289,0.1992
200372,Pelvis,2,-0.5362,-0.4470,-0.5368,0.4738,-0.0116,-0.0124,-0.0052,-0.0051,0.0404,0.0095,9.8138,-0.2869,0.2885,-0.0001,-0.0002,-0.0001,1.0000,0.2453,-0.0072,0.0073
200373,Left,2,0.3482,0.0567,-0.9337,0.0614,0.0027,0.0036,0.0073,-0.0262,0.0698,0.0034,-6.4361,-0.6932,7.3795,0.0000,0.0000,0.0001,1.0000,-0.1609,-0.0174,0.1845
200373,Right,2,0.2836,-0.1074,-0.9449,-0.1234,0.0123,0.0043,0.0028,-0.0059,0.1499,-0.0591,-5.4553,1.1550,8.0038,0.0002,0.0001,0.0000,1.0000,-0.1364,0.0288,0.2001
200373,Pelvis,2,-0.5362,-0.4471,-0.5369,0.4737,-0.0063,-0.0049,-0.0042,0.0039,0.0230,0.0370,9.8421,-0.2748,0.2712,-0.0001,-0.0001,-0.0001,1.0000,0.2461,-0.0069,0.0068
200374,Left,2,0.3480,0.0566,-0.9338,0.0612,0.0008,0.0015,0.0057,-0.0111,0.0679,-0.0216,-6.4288,-0.6868,7.3532,0.0000,0.0000,0.0001,1.0000,-0.1607,-0.0172,0.1838
200374,Right,2,0.2837,-0.1074,-0.9449,-0.1232,0.0122,0.0042,0.0036,0.0141,0.1465,-0.0686,-5.4687,1.1521,7.9834,0.0002,0.0001,0.0000,1.0000,-0.1367,0.0288,0.1996
200374,Pelvis,2,-0.5362,-0.4470,-0.5369,0.4737,-0.0036,-0.0007,-0.0012,-0.0121,-0.0131,0.0201,9.8260,-0.2838,0.2335,-0.0000,-0.0000,-0.0000,1.0000,0.2456,-0.0071,0.0058
200375,Left,2,0.3480,0.0565,-0.9338,0.0612,0.0005,0.0036,0.0056,-0.0203,0.0596,-0.0184,-6.4228,-0.6796,7.3633,0.0000,0.0000,0.0001,1.0000,-0.1606,-0.0170,0.1841
200375,Right,2,0.2836,-0.1075,-0.9449,-0.1234,0.0121,0.0059,0.0023,0.0138,0.1593,-0.0976,-5.4488,1.1385,7.9639,0.0002,0.0001,0.0000,1.0000,-0.1362,0.0284,0.1991
200375,Pelvis,2,-0.5362,-0.4469,-0.5370,0.4738,-0.0019,0.0027,0.0004,-0.0033,-0.0303,-0.0058,9.8007,-0.2739,0.2191,-0.0000,0.0000,0.0000,1.0000,0.2450,-0.0068,0.0055
200376,Left,2,0.3481,0.0564,-0.9338,0.0610,-0.0003,0.0027,0.0061,-0.0139,0.0787,-0.0090,-6.4360,-0.6966,7.3628,-0.0000,0.0000,0.0001,1.0000,-0.1609,-0.0174,0.1841
200376,Right,2,0.2838,-0.1076,-0.9448,-0.1233,0.0112,0.0041,0.0011,-0.0044,0.1455,-0.0725,-5.4527,1.1609,7.9883,0.0001,0.0001,0.0000,1.0000,-0.1363,0.0290,0.1997
200376,Pelvis,2,-0.5362,-0.4469,-0.5369,0.4738,0.0039,-0.0057,0.0012,-0.0082,-0.0267,-0.0286,9.7776,-0.2793,0.2224,0.0000,-0.0001,0.0000,1.0000,0.2444,-0.0070,0.0056
200377,Left,2,0.3480,0.0564,-0.9338,0.0610,0.0009,0.0034,0.0068,-0.0276,0.0612,-0.0151,-6.4197,-0.6807,7.3704,0.0000,0.0000,0.0001,1.0000,-0.1605,-0.0170,0.1843
200377,Right,2,0.2838,-0.1076,-0.9448,-0.1233,0.0107,0.0080,0.0004,-0.0022,0.1508,-0.0793,-5.4505,1.1553,7.9824,0.0001,0.0001,0.0000,1.0000,-0.1362,0.0289,0.1996
200377,Pelvis,2,-0.5362,-0.4470,-0.5368,0.4738,0.0152,-0.0175,0.0018,-0.0211,0.0324,-0.0416,9.7626,-0.2993,0.2779,0.0002,-0.0002,0.0000,1.0000,0.2441,-0.0075,0.0070
200378,Left,2,0.3480,0.0563,-0.9338,0.0609,0.0007,0.0045,0.0068,-0.0252,0.1004,-0.0022,-6.4326,-0.7190,7.3730,0.0000,0.0001,0.0001,1.0000,-0.1608,-0.0180,0.1843
200378,Right,2,0.2839,-0.1076,-0.9448,-0.1231,0.0100,0.0070,-0.0000,0.0003,0.1561,-0.0860,-5.4487,1.1495,7.9764,0.0001,0.0001,-0.0000,1.0000,-0.1362,0.0287,0.1994
200378,Pelvis,2,-0.5362,-0.4473,-0.5365,0.4739,0.0239,-0.0291,0.0031,-0.0150,0.0249,-0.0189,9.7858,-0.2945,0.2686,0.0003,-0.0004,0.0000,1.0000,0.2446,-0.0074,0.0068
200379,Left,2,0.3479,0.0563,-0.9338,0.0610,0.0010,0.0039,0.0074,-0.0212,0.0697,-0.0149,-6.4235,-0.6874,7.3667,0.0000,0.0000,0.0001,1.0000,-0.1606,-0.0172,0.1842
200379,Right,2,0.2839,-0.1077,-0.9448,-0.1233,0.0083,0.0064,-0.0005,0.0083,0.1539,-0.0705,-5.4643,1.1520,7.9843,0.0001,0.0001,-0.0000,1.0000,-0.1366,0.0288,0.1996
200379,Pelvis,2,-0.5362,-0.4475,-0.5362,0.4740,0.0268,-0.0290,0.0012,-0.0062,-0.0032,-0.0095,9.7962,-0.2835,0.2387,0.0003,-0.0004,0.0000,1.0000,0.2449,-0.0071,0.0061
200380,Left,2,0.3478,0.0563,-0.9339,0.0609,0.0010,0.0045,0.0059,0.0013,0.0664,-0.0216,-6.4333,-0.6799,7.3498,0.0000,0.0001,0.0001,1.0000,-0.1608,-0.0170,0.1838
200380,Right,2,0.2839,-0.1077,-0.9448,-0.1232,0.0106,0.0056,0.0001,0.0184,0.1445,-0.0752,-5.4725,1.1576,7.9719,0.0001,0.0001,0.0000,1.0000,-0.1368,0.0289,0.1993
200380,Pelvis,2,-0.5362,-0.4477,-0.5360,0.4741,0.0277,-0.0212,-0.0013,0.0330,-0.0149,-0.0081,9.7990,-0.2433,0.2289,0.0003,-0.0003,-0.0000,1.0000,0.2450,-0.0061,0.0058
200381,Left,2,0.3477,0.0563,-0.9339,0.0610,-0.0007,0.0042,0.0074,-0.0008,0.0760,-0.0090,-6.4402,-0.6906,7.3597,-0.0000,0.0001,0.0001,1.0000,-0.1610,-0.0173,0.1840
200381,Right,2,0.2839,-0.1077,-0.9448,-0.1231,0.0089,0.0031,0.0019,0.0114,0.1576,-0.0772,-5.4631,1.1480,7.9776,0.0001,0.0000,0.0000,1.0000,-0.1366,0.0287,0.1994
200381,Pelvis,2,-0.5362,-0.4479,-0.5357,0.4742,0.0182,-0.0228,0.0047,0.0676,-0.0006,-0.0375,9.7701,-0.2111,0.2434,0.0002,-0.0003,0.0001,1.0000,0.2443,-0.0053,0.0062
200382,Left,2,0.3478,0.0563,-0.9339,0.0611,0.0021,0.0042,0.0076,-0.0094,0.0768,-0.0056,-6.4366,-0.6924,7.3671,0.0000,0.0001,0.0001,1.0000,-0.1609,-0.0173,0.1842
200382,Right,2,0.2840,-0.1077,-0.9448,-0.1230,0.0138,0.0029,-0.0002,-0.0043,0.1641,-0.0589,-5.4620,1.1490,8.0007,0.0002,0.0000,-0.0000,1.0000,-0.1365,0.0287,0.2000
200382,Pelvis,2,-0.5364,-0.4479,-0.5355,0.4743,0.0065,-0.0255,0.0148,0.0996,0.0460,0.0043,9.8114,-0.1918,0.2913,0.0001,-0.0003,0.0002,1.0000,0.2453,-0.0048,0.0074
200383,Left,2,0.3477,0.0562,-0.9339,0.0609,0.0021,0.0022,0.0064,-0.0096,0.0770,-0.0148,-6.4289,-0.6915,7.3617,0.0000,0.0000,0.0001,1.0000,-0.1607,-0.0173,0.1840
200383,Right,2,0.2840,-0.1078,-0.9448,-0.1229,0.0107,0.0030,0.0021,0.0003,0.1621,-0.0724,-5.4572,1.1492,7.9874,0.0001,0.0000,0.0000,1.0000,-0.1364,0.0287,0.1997
200383,Pelvis,2,-0.5366,-0.4478,-0.5353,0.4742,-0.0079,-0.0268,0.0108,0.0216,0.0967,0.0512,9.8549,-0.2820,0.3273,-0.0001,-0.0003,0.0001,1.0000,0.2464,-0.0070,0.0083
200384,Left,2,0.3477,0.0562,-0.9339,0.0610,0.0014,0.0022,0.0081,-0.0195,0.0683,-0.0116,-6.4229,-0.6839,7.3719,0.0000,0.0000,0.0001,1.0000,-0.1606,-0.0171,0.1843
200384,Right,2,0.2841,-0.1078,-0.9448,-0.1228,0.0117,0.0035,0.0015,0.0060,0.1530,-0.0636,-5.4701,1.1579,7.9879,0.0001,0.0000,0.0000,1.0000,-0.1367,0.0289,0.1997
200384,Pelvis,2,-0.5369,-0.4478,-0.5353,0.4741,-0.0093,-0.0277,0.0018,-0.0653,0.1520,0.0129,9.8130,-0.3767,0.3637,-0.0001,-0.0003,0.0000,1.0000,0.2453,-0.0094,0.0092
200385,Left,2,0.3476,0.0562,-0.9340,0.0611,0.0014,0.0030,0.0046,0.0052,0.0932,-0.0180,-6.4386,-0.7041,7.3481,0.0000,0.0000,0.0001,1.0000,-0.1610,-0.0176,0.1837
200385,Right,2,0.2841,-0.1078,-0.9448,-0.1227,0.0113,0.0039,0.0034,-0.0035,0.1589,-0.0588,-5.4638,1.1567,7.9983,0.0001,0.0000,0.0000,1.0000,-0.1366,0.0289,0.2000
200385,Pelvis,2,-0.5371,-0.4480,-0.5351,0.4739,-0.0016,-0.0315,0.0003,-0.0361,0.1384,-0.0050,9.7964,-0.3457,0.3479,-0.0000,-0.0004,0.0000,1.0000,0.2449,-0.0086,0.0088
200386,Pelvis,2,-0.5372,-0.4481,-0.5349,0.4738,0.0066,-0.0267,0.0049,0.0108,0.0691,0.0400,9.8446,-0.2909,0.2815,0.0001,-0.0003,0.0001,1.0000,0.2461,-0.0073,0.0071
200387,Left,2,0.3477,0.0561,-0.9339,0.0611,0.0024,0.0022,0.0066,-0.0080,0.0751,-0.0148,-6.4309,-0.6867,7.3605,0.0001,0.0001,0.0002,1.0000,-0.3215,-0.0344,0.3680
200387,Right,2,0.2841,-0.1080,-0.9448,-0.1227,0.0114,0.0020,0.0031,0.0068,0.1668,-0.0814,-5.4586,1.1457,7.9760,0.0003,0.0000,0.0001,1.0000,-0.2729,0.0571,0.3988
200387,Pelvis,2,-0.5372,-0.4481,-0.5348,0.4739,0.0102,-0.0094,0.0069,0.0279,0.0079,0.0938,9.9004,-0.2680,0.2226,0.0001,-0.0001,0.0001,1.0000,0.2475,-0.0067,0.0056
200388,Left,2,0.3477,0.0561,-0.9339,0.0612,0.0007,0.0026,0.0056,-0.0152,0.0753,-0.0114,-6.4272,-0.6878,7.3681,0.0000,0.0000,0.0001,1.0000,-0.1607,-0.0172,0.1842
200388,Right,2,0.2839,-0.1080,-0.9448,-0.1226,0.0117,0.0058,0.0017,0.0268,0.1585,-0.0885,-5.4693,1.1486,7.9595,0.0001,0.0001,0.0000,1.0000,-0.1367,0.0287,0.1990
200388,Pelvis,2,-0.5371,-0.4480,-0.5348,0.4742,0.0117,0.0103,0.0075,0.0388,-0.0576,0.0976,9.9061,-0.2500,0.1606,0.0001,0.0001,0.0001,1.0000,0.2477,-0.0062,0.0040
200389,Left,2,0.3476,0.0562,-0.9339,0.0613,-0.0009,0.0014,0.0051,0.0028,0.0812,-0.0272,-6.4302,-0.6906,7.3442,-0.0000,0.0000,0.0001,1.0000,-0.1608,-0.0173,0.1836
200389,Right,2,0.2839,-0.1081,-0.9448,-0.1226,0.0139,0.0049,0.0032,0.0063,0.1587,-0.0789,-5.4577,1.1574,7.9778,0.0002,0.0001,0.0000,1.0000,-0.1364,0.0289,0.1995
200389,Pelvis,2,-0.5369,-0.4479,-0.5349,0.4744,0.0090,0.0193,0.0040,0.0550,-0.0264,0.0305,9.8385,-0.2387,0.1988,0.0001,0.0002,0.0001,1.0000,0.2460,-0.0060,0.0049
200390,Left,2,0.3476,0.0563,-0.9339,0.0613,-0.0021,0.0032,0.0040,-0.0371,0.0779,-0.0231,-6.4023,-0.6940,7.3738,-0.0000,0.0000,0.0001,1.0000,-0.1600,-0.0174,0.1844
200391,Left,2,0.3476,0.0563,-0.9340,0.0613,0.0014,0.0023,0.0081,-0.0302,0.0859,-0.0138,-6.4134,-0.7017,7.3758,0.0000,0.0000,0.0001,1.0000,-0.1603,-0.0176,0.1844
200391,Right,2,0.2840,-0.1082,-0.9448,-0.1223,0.0112,0.0045,0.0008,-0.0039,0.1577,-0.0809,-5.4500,1.1630,7.9798,0.0003,0.0001,0.0000,1.0000,-0.2725,0.0580,0.3990
200391,Pelvis,2,-0.5367,-0.4475,-0.5352,0.4746,-0.0052,0.0164,-0.0015,0.0844,0.0164,-0.0519,9.7556,-0.2143,0.2512,-0.0001,0.0004,-0.0000,1.0000,0.4878,-0.0107,0.0124
200392,Left,2,0.3475,0.0563,-0.9340,0.0614,-0.0010,0.0048,0.0068,-0.0118,0.0724,-0.0206,-6.4211,-0.6850,7.3615,-0.0000,0.0001,0.0001,1.0000,-0.1605,-0.0171,0.1840
200393,Left,2,0.3475,0.0562,-0.9340,0.0613,0.0014,0.0043,0.0072,-0.0167,0.0833,-0.0171,-6.4196,-0.6962,7.3664,0.0000,0.0001,0.0001,1.0000,-0.1605,-0.0174,0.1842
200393,Right,2,0.2840,-0.1082,-0.9449,-0.1220,0.0110,0.0061,0.0003,0.0078,0.1741,-0.0720,-5.4618,1.1470,7.9853,0.0003,0.0002,0.0000,1.0000,-0.2730,0.0572,0.3993
200393,Pelvis,2,-0.5369,-0.4473,-0.5355,0.4743,-0.0222,0.0007,-0.0059,0.0787,0.0059,-0.0002,9.8073,-0.2195,0.2457,-0.0006,0.0000,-0.0001,1.0000,0.4904,-0.0110,0.0123
200394,Left,2,0.3475,0.0561,-0.9340,0.0613,0.0015,0.0048,0.0078,-0.0227,0.0743,-0.0047,-6.4225,-0.6880,7.3811,0.0000,0.0001,0.0001,1.0000,-0.1605,-0.0172,0.1845
200394,Right,2,0.2840,-0.1082,-0.9448,-0.1221,0.0110,0.0048,0.0013,0.0080,0.1777,-0.0652,-5.4654,1.1450,7.9915,0.0001,0.0001,0.0000,1.0000,-0.1366,0.0286,0.1998
200394,Pelvis,2,-0.5370,-0.4470,-0.5359,0.4741,-0.0338,-0.0011,-0.0085,0.0520,-0.0076,-0.0003,9.8068,-0.2423,0.2329,-0.0004,-0.0000,-0.0001,1.0000,0.2452,-0.0061,0.0058
200395,Left,2,0.3475,0.0561,-0.9340,0.0613,0.0022,0.0046,0.0082,-0.0104,0.0819,-0.0080,-6.4300,-0.6925,7.3698,0.0000,0.0001,0.0001,1.0000,-0.1607,-0.0173,0.1843
200395,Right,2,0.2841,-0.1082,-0.9448,-0.1220,0.0111,0.0039,0.0020,0.0070,0.1687,-0.0719,-5.4642,1.1529,7.9827,0.0001,0.0000,0.0000,1.0000,-0.1366,0.0288,0.1996
200395,Pelvis,2,-0.5371,-0.4468,-0.5362,0.4738,-0.0356,0.0030,-0.0109,0.0232,-0.0095,0.0438,9.8502,-0.2696,0.2291,-0.0004,0.0000,-0.0001,1.0000,0.2463,-0.0068,0.0057
200396,Left,2,0.3473,0.0562,-0.9340,0.0614,-0.0002,0.0051,0.0078,-0.0123,0.0812,0.0046,-6.4350,-0.6936,7.3821,-0.0000,0.0001,0.0001,1.0000,-0.1609,-0.0174,0.1846
200396,Right,2,0.2840,-0.1082,-0.9449,-0.1219,0.0125,0.0037,0.0017,-0.0031,0.1678,-0.0604,-5.4613,1.1597,7.9978,0.0002,0.0000,0.0000,1.0000,-0.1365,0.0290,0.2000
200396,Pelvis,2,-0.5371,-0.4465,-0.5366,0.4735,-0.0312,0.0127,-0.0118,-0.0178,-0.0240,0.0414,9.8472,-0.3045,0.2108,-0.0004,0.0002,-0.0001,1.0000,0.2462,-0.0076,0.0052
200397,Left,2,0.3475,0.0561,-0.9340,0.0615,0.0011,0.0049,0.0065,-0.0032,0.0890,0.0013,-6.4426,-0.6985,7.3707,0.0000,0.0001,0.0001,1.0000,-0.1611,-0.0175,0.1843
200397,Right,2,0.2842,-0.1082,-0.9448,-0.1218,0.0117,0.0053,-0.0007,-0.0027,0.1660,-0.0739,-5.4569,1.1597,7.9843,0.0001,0.0001,-0.0000,1.0000,-0.1364,0.0290,0.1996
200397,Pelvis,2,-0.5371,-0.4463,-0.5369,0.4734,-0.0290,0.0150,-0.0092,-0.0191,-0.0020,-0.0200,9.7851,-0.3055,0.2346,-0.0004,0.0002,-0.0001,1.0000,0.2446,-0.0077,0.0058
200398,Left,2,0.3475,0.0561,-0.9340,0.0615,0.0007,0.0045,0.0068,-0.0159,0.0809,-0.0046,-6.4286,-0.6917,7.3756,0.0000,0.0001,0.0001,1.0000,-0.1607,-0.0173,0.1844
200398,Right,2,0.2842,-0.1083,-0.9448,-0.1218,0.0102,0.0059,0.0029,-0.0010,0.1781,-0.0738,-5.4567,1.1487,7.9864,0.0001,0.0001,0.0000,1.0000,-0.1364,0.0287,0.1997
200398,Pelvis,2,-0.5372,-0.4461,-0.5372,0.4732,-0.0271,0.0055,-0.0084,-0.0008,0.0329,-0.0246,9.7800,-0.2902,0.2745,-0.0003,0.0001,-0.0001,1.0000,0.2445,-0.0073,0.0068
200399,Left,2,0.3474,0.0561,-0.9340,0.0615,0.0009,0.0035,0.0068,-0.0081,0.0790,-0.0171,-6.4255,-0.6879,7.3620,0.0000,0.0000,0.0001,1.0000,-0.1606,-0.0172,0.1841
200399,Right,2,0.2842,-0.1084,-0.9448,-0.1220,0.0114,0.0049,0.0019,-0.0057,0.1699,-0.0535,-5.4663,1.1615,8.0026,0.0001,0.0001,0.0000,1.0000,-0.1366,0.0290,0.2001
200399,Pelvis,2,-0.5373,-0.4460,-0.5374,0.4730,-0.0211,-0.0012,-0.0022,-0.0185,0.0408,-0.0270,9.7769,-0.3073,0.2810,-0.0003,-0.0000,-0.0000,1.0000,0.2444,-0.0077,0.0070
200400,Left,2,0.3473,0.0561,-0.9340,0.0616,0.0017,0.0037,0.0078,-0.0018,0.0773,-0.0079,-6.4347,-0.6859,7.3664,0.0000,0.0000,0.0001,1.0000,-0.1609,-0.0172,0.1842
200400,Right,2,0.2844,-0.1084,-0.9447,-0.1219,0.0122,0.0052,0.0021,0.0081,0.1808,-0.0785,-5.4643,1.1441,7.9763,0.0002,0.0001,0.0000,1.0000,-0.1366,0.0286,0.1994
200400,Pelvis,2,-0.5374,-0.4459,-0.5375,0.4728,-0.0183,-0.0151,-0.0010,-0.0108,0.0545,-0.0339,9.7699,-0.3003,0.2957,-0.0002,-0.0002,-0.0000,1.0000,0.2442,-0.0075,0.0074
200401,Left,2,0.3473,0.0562,-0.9340,0.0617,0.0012,0.0029,0.0074,-0.0221,0.0801,-0.0103,-6.4181,-0.6913,7.3772,0.0000,0.0000,0.0001,1.0000,-0.1604,-0.0173,0.1844
200401,Right,2,0.2845,-0.1084,-0.9447,-0.1219,0.0126,0.0030,0.0015,0.0169,0.1782,-0.0764,-5.4740,1.1451,7.9719,0.0002,0.0000,0.0000,1.0000,-0.1368,0.0286,0.1993
200401,Pelvis,2,-0.5375,-0.4459,-0.5375,0.4726,-0.0136,-0.0216,-0.0008,-0.0346,0.0162,-0.0077,9.7966,-0.3174,0.2527,-0.0002,-0.0003,-0.0000,1.0000,0.2449,-0.0079,0.0064
200402,Left,2,0.3474,0.0562,-0.9340,0.0617,0.0013,0.0039,0.0066,-0.0067,0.0771,-0.0262,-6.4194,-0.6843,7.3556,0.0000,0.0000,0.0001,1.0000,-0.1605,-0.0171,0.1839
200402,Right,2,0.2845,-0.1085,-0.9447,-0.1220,0.0106,0.0037,0.0023,0.0055,0.1706,-0.0717,-5.4689,1.1573,7.9792,0.0001,0.0000,0.0000,1.0000,-0.1367,0.0289,0.1995
200402,Pelvis,2,-0.5377,-0.4460,-0.5374,0.4723,-0.0069,-0.0296,-0.0012,-0.0186,0.0025,-0.0144,9.7909,-0.2987,0.2364,-0.0001,-0.0004,-0.0000,1.0000,0.2448,-0.0075,0.0060
200403,Left,2,0.3473,0.0561,-0.9340,0.0618,0.0023,0.0016,0.0071,-0.0028,0.0856,0.0047,-6.4429,-0.6934,7.3755,0.0000,0.0000,0.0001,1.0000,-0.1611,-0.0174,0.1844
200403,Right,2,0.2844,-0.1085,-0.9447,-0.1219,0.0106,0.0037,0.0023,0.0092,0.1684,-0.0852,-5.4643,1.1573,7.9659,0.0001,0.0000,0.0000,1.0000,-0.1366,0.0289,0.1992
200403,Pelvis,2,-0.5380,-0.4461,-0.5373,0.4721,-0.0034,-0.0355,-0.0014,0.0067,0.0088,-0.0188,9.7872,-0.2733,0.2393,-0.0000,-0.0004,-0.0000,1.0000,0.2447,-0.0068,0.0061
200404,Left,2,0.3473,0.0560,-0.9340,0.0617,0.0031,0.0027,0.0045,-0.0072,0.0763,-0.0045,-6.4329,-0.6834,7.3727,0.0000,0.0000,0.0001,1.0000,-0.1608,-0.0171,0.1843
200404,Right,2,0.2844,-0.1086,-0.9447,-0.1219,0.0112,0.0001,0.0014,0.0093,0.1665,-0.0851,-5.4646,1.1597,7.9653,0.0001,0.0000,0.0000,1.0000,-0.1366,0.0290,0.1991
200404,Pelvis,2,-0.5382,-0.4463,-0.5371,0.4718,-0.0024,-0.0405,-0.0009,-0.0020,0.0350,-0.0189,9.7863,-0.2848,0.2568,-0.0000,-0.0005,-0.0000,1.0000,0.2447,-0.0071,0.0065
200405,Left,2,0.3472,0.0560,-0.9341,0.0617,-0.0006,0.0012,0.0063,-0.0148,0.0874,-0.0102,-6.4225,-0.6952,7.3732,-0.0000,0.0000,0.0001,1.0000,-0.1606,-0.0174,0.1843
200405,Right,2,0.2844,-0.1086,-0.9447,-0.1218,0.0118,0.0010,0.0026,0.0055,0.1786,-0.0580,-5.4740,1.1539,7.9931,0.0001,0.0000,0.0000,1.0000,-0.1368,0.0288,0.1998
200405,Pelvis,2,-0.5385,-0.4466,-0.5369,0.4715,-0.0007,-0.0431,-0.0007,-0.0017,0.0257,0.0163,9.8221,-0.2829,0.2380,-0.0000,-0.0005,-0.0000,1.0000,0.2455,-0.0071,0.0061
200406,Left,2,0.3472,0.0560,-0.9341,0.0616,0.0025,0.0021,0.0076,-0.0092,0.0764,-0.0228,-6.4169,-0.6822,7.3624,0.0000,0.0000,0.0001,1.0000,-0.1604,-0.0171,0.1841
200406,Right,2,0.2842,-0.1087,-0.9448,-0.1219,0.0120,-0.0015,0.0038,0.0075,0.1769,-0.0580,-5.4739,1.1567,7.9928,0.0002,-0.0000,0.0000,1.0000,-0.1369,0.0289,0.1998
200406,Pelvis,2,-0.5387,-0.4468,-0.5368,0.4713,-0.0006,-0.0386,-0.0003,-0.0087,0.0129,0.0106,9.8168,-0.2860,0.2157,-0.0000,-0.0005,-0.0000,1.0000,0.2454,-0.0072,0.0055
200407,Left,2,0.3471,0.0560,-0.9341,0.0617,0.0024,0.0001,0.0065,-0.0013,0.0943,-0.0135,-6.4298,-0.6984,7.3623,0.0000,0.0000,0.0001,1.0000,-0.1607,-0.0175,0.1841
200407,Right,2,0.2843,-0.1087,-0.9447,-0.1218,0.0110,0.0015,0.0017,-0.0375,0.1721,-0.0882,-5.4216,1.1709,7.9895,0.0001,0.0000,0.0000,1.0000,-0.1355,0.0292,0.1997
200407,Pelvis,2,-0.5389,-0.4470,-0.5365,0.4711,-0.0006,-0.0452,-0.0016,-0.0204,0.0278,0.0048,9.8105,-0.3007,0.2200,-0.0000,-0.0006,-0.0000,1.0000,0.2453,-0.0075,0.0056
200408,Left,2,0.3471,0.0560,-0.9341,0.0618,0.0018,0.0023,0.0073,-0.0231,0.0874,-0.0160,-6.4107,-0.6946,7.3759,0.0000,0.0000,0.0001,1.0000,-0.1603,-0.0174,0.1844
200408,Right,2,0.2844,-0.1087,-0.9447,-0.1217,0.0111,0.0049,0.0005,0.0100,0.1795,-0.0781,-5.4658,1.1513,7.9746,0.0001,0.0001,0.0000,1.0000,-0.1366,0.0288,0.1994
200408,Pelvis,2,-0.5392,-0.4472,-0.5362,0.4710,0.0025,-0.0414,0.0027,-0.0282,0.0307,0.0036,9.8092,-0.3100,0.2124,0.0000,-0.0005,0.0000,1.0000,0.2452,-0.0077,0.0054
200409,Left,2,0.3472,0.0560,-0.9341,0.0620,0.0007,0.0020,0.0071,-0.0055,0.0832,-0.0227,-6.4202,-0.6870,7.3594,0.0000,0.0000,0.0001,1.0000,-0.1605,-0.0172,0.1840
200409,Right,2,0.2843,-0.1087,-0.9447,-0.1216,0.0120,0.0052,0.0007,-0.0009,0.1785,-0.0666,-5.4631,1.1579,7.9895,0.0001,0.0001,0.0000,1.0000,-0.1366,0.0289,0.1998
200409,Pelvis,2,-0.5394,-0.4473,-0.5360,0.4708,-0.0024,-0.0354,0.0064,-0.0118,0.0238,0.0151,9.8214,-0.2930,0.2007,-0.0000,-0.0004,0.0001,1.0000,0.2455,-0.0073,0.0051
200410,Left,2,0.3472,0.0560,-0.9341,0.0619,0.0015,0.0029,0.0066,-0.0180,0.0949,-0.0067,-6.4223,-0.7006,7.3776,0.0000,0.0000,0.0001,1.0000,-0.1606,-0.0175,0.1844
200410,Right,2,0.2845,-0.1086,-0.9448,-0.1212,0.0107,0.0052,0.0032,0.0181,0.1674,-0.0693,-5.4800,1.1624,7.9737,0.0001,0.0001,0.0000,1.0000,-0.1370,0.0290,0.1994
200410,Pelvis,2,-0.5396,-0.4473,-0.5359,0.4706,-0.0040,-0.0270,0.0071,-0.0030,0.0254,0.0345,9.8411,-0.2860,0.1975,-0.0000,-0.0003,0.0001,1.0000,0.2460,-0.0071,0.0050
200411,Left,2,0.3471,0.0560,-0.9341,0.0620,0.0009,0.0035,0.0068,-0.0205,0.0850,-0.0160,-6.4125,-0.6906,7.3747,0.0000,0.0000,0.0001,1.0000,-0.1603,-0.0173,0.1844
200411,Right,2,0.2844,-0.1086,-0.9448,-0.1211,0.0107,0.0038,0.0014,0.0117,0.1731,-0.0780,-5.4686,1.1587,7.9716,0.0001,0.0000,0.0000,1.0000,-0.1367,0.0289,0.1993
200411,Pelvis,2,-0.5398,-0.4474,-0.5358,0.4705,-0.0058,-0.0203,0.0050,0.0069,0.0471,0.0458,9.8522,-0.2812,0.2161,-0.0001,-0.0003,0.0001,1.0000,0.2463,-0.0070,0.0055
200412,Left,2,0.3471,0.0560,-0.9341,0.0622,0.0012,0.0048,0.0086,-0.0073,0.0818,-0.0102,-6.4263,-0.6855,7.3708,0.0000,0.0001,0.0001,1.0000,-0.1606,-0.0172,0.1843
200412,Pelvis,2,-0.5399,-0.4474,-0.5357,0.4705,-0.0036,-0.0174,0.0043,-0.0017,0.0667,0.0276,9.8334,-0.2937,0.2307,-0.0000,-0.0002,0.0001,1.0000,0.2458,-0.0073,0.0058
200413,Left,2,0.3472,0.0560,-0.9341,0.0621,0.0003,0.0041,0.0070,-0.0285,0.0851,-0.0126,-6.4099,-0.6910,7.3815,0.0000,0.0001,0.0001,1.0000,-0.1602,-0.0173,0.1845
200413,Right,2,0.2845,-0.1087,-0.9448,-0.1210,0.0127,0.0046,0.0013,0.0009,0.1787,-0.0732,-5.4629,1.1588,7.9815,0.0003,0.0001,0.0000,1.0000,-0.2731,0.0578,0.3991
200413,Pelvis,2,-0.5400,-0.4474,-0.5356,0.4705,0.0011,-0.0185,0.0028,-0.0075,0.0494,0.0128,9.8189,-0.2975,0.2103,0.0000,-0.0002,0.0000,1.0000,0.2455,-0.0074,0.0053
200414,Left,2,0.3472,0.0559,-0.9341,0.0620,0.0015,0.0054,0.0063,-0.0189,0.0835,-0.0159,-6.4153,-0.6866,7.3726,0.0000,0.0001,0.0001,1.0000,-0.1604,-0.0172,0.1843
200414,Right,2,0.2846,-0.1087,-0.9448,-0.1209,0.0111,0.0072,0.0015,0.0005,0.1750,-0.0731,-5.4645,1.1627,7.9799,0.0001,0.0001,0.0000,1.0000,-0.1366,0.0290,0.1995
200414,Pelvis,2,-0.5401,-0.4474,-0.5355,0.4705,0.0008,-0.0125,0.0119,0.0226,0.0453,0.0221,9.8290,-0.2687,0.2096,0.0000,-0.0002,0.0001,1.0000,0.2457,-0.0067,0.0053
200415,Left,2,0.3474,0.0558,-0.9340,0.0619,0.0012,0.0094,0.0074,-0.0246,0.0745,-0.0561,-6.3854,-0.6754,7.3463,0.0000,0.0001,0.0001,1.0000,-0.1596,-0.0169,0.1837
200415,Right,2,0.2846,-0.1088,-0.9447,-0.1211,0.0128,0.0086,0.0013,0.0036,0.1868,-0.0730,-5.4647,1.1520,7.9817,0.0002,0.0001,0.0000,1.0000,-0.1366,0.0288,0.1996
200415,Pelvis,2,-0.5402,-0.4469,-0.5355,0.4708,-0.0114,0.0098,0.0377,0.0309,0.0248,0.0495,9.8568,-0.2638,0.1937,-0.0001,0.0001,0.0005,1.0000,0.2464,-0.0065,0.0048
200416,Left,2,0.3476,0.0559,-0.9339,0.0619,-0.0015,0.0225,0.0016,-0.0234,0.1032,-0.0123,-6.4196,-0.7061,7.3721,-0.0000,0.0003,0.0000,1.0000,-0.1604,-0.0177,0.1843
200416,Right,2,0.2847,-0.1089,-0.9447,-0.1210,0.0153,0.0144,0.0002,-0.0250,0.1872,-0.0789,-5.4401,1.1600,7.9901,0.0002,0.0002,0.0000,1.0000,-0.1360,0.0290,0.1998
200416,Pelvis,2,-0.5405,-0.4459,-0.5356,0.4713,-0.0370,0.0366,0.0716,-0.0003,0.0246,0.1242,9.9301,-0.3111,0.1976,-0.0005,0.0005,0.0009,1.0000,0.2483,-0.0076,0.0048
200417,Left,2,0.3478,0.0559,-0.9339,0.0618,-0.0024,0.0225,0.0041,-0.0175,0.1318,-0.0429,-6.4091,-0.7325,7.3385,-0.0000,0.0003,0.0001,1.0000,-0.1602,-0.0183,0.1835
200417,Pelvis,2,-0.5412,-0.4449,-0.5356,0.4714,-0.0611,0.0104,0.0847,-0.1334,0.2013,0.0526,9.8499,-0.4855,0.3562,-0.0008,0.0001,0.0011,1.0000,0.2463,-0.0119,0.0089
200418,Left,2,0.3479,0.0560,-0.9338,0.0617,-0.0025,0.0199,-0.0032,0.0016,0.0579,0.0080,-6.4535,-0.6614,7.3731,-0.0000,0.0002,-0.0000,1.0000,-0.1613,-0.0165,0.1844
200418,Right,2,0.2852,-0.1094,-0.9444,-0.1212,0.0200,0.0299,0.0011,-0.0251,0.1958,-0.0686,-5.4505,1.1576,7.9961,0.0005,0.0007,0.0000,1.0000,-0.2722,0.0577,0.4000
200418,Pelvis,2,-0.5423,-0.4439,-0.5353,0.4715,-0.0665,-0.0318,0.0980,-0.4409,0.2735,-0.0201,9.7648,-0.8199,0.3755,-0.0008,-0.0004,0.0012,1.0000,0.2441,-0.0202,0.0095
200419,Left,2,0.3481,0.0562,-0.9338,0.0615,-0.0059,0.0192,-0.0134,0.0131,0.0948,0.0176,-6.4738,-0.6997,7.3650,-0.0001,0.0002,-0.0002,1.0000,-0.1618,-0.0175,0.1842
200419,Right,2,0.2856,-0.1094,-0.9443,-0.1212,0.0155,0.0436,-0.0051,-0.0091,0.1801,-0.0903,-5.4614,1.1668,7.9604,0.0002,0.0005,-0.0001,1.0000,-0.1364,0.0291,0.1991
200419,Pelvis,2,-0.5435,-0.4431,-0.5346,0.4717,-0.0339,-0.0530,0.1164,-0.5039,0.2804,0.0544,9.8351,-0.9116,0.3628,-0.0004,-0.0007,0.0015,1.0000,0.2459,-0.0224,0.0092
200420,Left,2,0.3480,0.0563,-0.9338,0.0614,-0.0021,0.0126,-0.0081,-0.0030,0.1069,0.0153,-6.4613,-0.7183,7.3713,-0.0000,0.0002,-0.0001,1.0000,-0.1615,-0.0179,0.1843
200420,Right,2,0.2860,-0.1095,-0.9442,-0.1214,0.0122,0.0416,-0.0053,-0.0028,0.1775,-0.0612,-5.4898,1.1722,7.9756,0.0002,0.0005,-0.0001,1.0000,-0.1371,0.0293,0.1995
200420,Pelvis,2,-0.5445,-0.4426,-0.5335,0.4722,0.0069,-0.0423,0.1212,-0.5715,0.1860,0.1062,9.8841,-0.9945,0.2468,0.0001,-0.0005,0.0015,1.0000,0.2471,-0.0245,0.0063
200421,Left,2,0.3480,0.0563,-0.9338,0.0614,-0.0005,0.0024,0.0034,-0.0112,0.0781,0.0058,-6.4480,-0.6919,7.3726,-0.0000,0.0000,0.0000,1.0000,-0.1612,-0.0173,0.1843
200421,Right,2,0.2863,-0.1097,-0.9440,-0.1215,0.0145,0.0381,-0.0018,0.0288,0.2076,-0.0482,-5.5241,1.1371,7.9737,0.0002,0.0005,-0.0000,1.0000,-0.1380,0.0284,0.1994
200421,Pelvis,2,-0.5450,-0.4422,-0.5325,0.4732,0.0413,-0.0257,0.1149,-0.5894,0.1328,0.0438,9.8193,-1.0306,0.1837,0.0005,-0.0003,0.0014,1.0000,0.2455,-0.0254,0.0047
200422,Left,2,0.3480,0.0565,-0.9338,0.0615,-0.0035,-0.0004,0.0010,0.0158,0.0719,0.0482,-6.4949,-0.6857,7.3885,-0.0000,-0.0000,0.0000,1.0000,-0.1624,-0.0171,0.1847
200422,Right,2,0.2865,-0.1098,-0.9440,-0.1217,0.0159,0.0211,-0.0010,0.0390,0.1772,-0.0599,-5.5362,1.1623,7.9466,0.0002,0.0003,-0.0000,1.0000,-0.1384,0.0290,0.1987
200422,Pelvis,2,-0.5453,-0.4421,-0.5314,0.4741,0.0676,-0.0299,0.0923,-0.6495,0.1486,-0.0226,9.7476,-1.1138,0.1856,0.0008,-0.0004,0.0012,1.0000,0.2437,-0.0276,0.0047
200423,Left,2,0.3478,0.0567,-0.9338,0.0615,-0.0154,-0.0070,-0.0054,0.0048,0.0937,0.0027,-6.4560,-0.7093,7.3598,-0.0002,-0.0001,-0.0001,1.0000,-0.1614,-0.0177,0.1840
200423,Right,2,0.2866,-0.1098,-0.9440,-0.1215,0.0108,0.0086,0.0019,0.0204,0.1972,-0.0569,-5.5220,1.1498,7.9624,0.0001,0.0001,0.0000,1.0000,-0.1380,0.0287,0.1991
200423,Pelvis,2,-0.5453,-0.4425,-0.5303,0.4751,0.0935,-0.0411,0.0697,-0.6470,0.1398,-0.0622,9.7060,-1.1280,0.1729,0.0012,-0.0005,0.0009,1.0000,0.2427,-0.0280,0.0044
200424,Left,2,0.3475,0.0569,-0.9339,0.0613,-0.0135,-0.0104,-0.0045,-0.0123,0.0864,0.0094,-6.4434,-0.7099,7.3796,-0.0002,-0.0001,-0.0001,1.0000,-0.1611,-0.0177,0.1845
200424,Right,2,0.2866,-0.1098,-0.9439,-0.1215,0.0119,0.0025,0.0035,-0.0048,0.1905,-0.0832,-5.4887,1.1604,7.9516,0.0001,0.0000,0.0000,1.0000,-0.1372,0.0290,0.1988
200424,Pelvis,2,-0.5453,-0.4433,-0.5290,0.4758,0.1187,-0.0636,0.0470,-0.5707,0.0916,-0.1536,9.6179,-1.0540,0.1271,0.0015,-0.0008,0.0006,1.0000,0.2405,-0.0262,0.0033
200425,Left,2,0.3473,0.0571,-0.9340,0.0614,-0.0119,-0.0124,-0.0022,-0.0025,0.0940,-0.0031,-6.4393,-0.7194,7.3658,-0.0001,-0.0002,-0.0000,1.0000,-0.1610,-0.0180,0.1841
200425,Right,2,0.2865,-0.1099,-0.9440,-0.1213,0.0127,0.0036,0.0031,0.0044,0.2081,-0.0607,-5.5044,1.1454,7.9709,0.0002,0.0000,0.0000,1.0000,-0.1376,0.0286,0.1993
200425,Pelvis,2,-0.5452,-0.4444,-0.5276,0.4764,0.1289,-0.0854,0.0238,-0.4121,-0.0062,-0.2205,9.5599,-0.8874,0.0406,0.0016,-0.0011,0.0003,1.0000,0.2390,-0.0221,0.0012
200426,Left,2,0.3471,0.0572,-0.9341,0.0613,-0.0158,-0.0126,-0.0025,0.0145,0.1003,0.0120,-6.4604,-0.7272,7.3667,-0.0002,-0.0002,-0.0000,1.0000,-0.1615,-0.0181,0.1841
200426,Right,2,0.2863,-0.1099,-0.9441,-0.1212,0.0128,-0.0044,0.0045,0.0288,0.1832,-0.0771,-5.5159,1.1612,7.9399,0.0002,-0.0001,0.0001,1.0000,-0.1379,0.0290,0.1985
200426,Pelvis,2,-0.5451,-0.4458,-0.5263,0.4767,0.1257,-0.0988,-0.0060,-0.3544,-0.0857,-0.1303,9.6539,-0.8257,-0.0473,0.0016,-0.0012,-0.0001,1.0000,0.2413,-0.0207,-0.0009
200427,Right,2,0.2861,-0.1098,-0.9442,-0.1211,0.0074,-0.0134,0.0033,0.0386,0.1869,-0.0683,-5.5250,1.1566,7.9452,0.0001,-0.0002,0.0000,1.0000,-0.1382,0.0289,0.1986
200427,Pelvis,2,-0.5448,-0.4473,-0.5253,0.4767,0.1099,-0.0941,-0.0478,-0.2525,-0.1346,0.0078,9.7977,-0.7203,-0.0994,0.0014,-0.0012,-0.0006,1.0000,0.2449,-0.0182,-0.0022
200428,Left,2,0.3466,0.0574,-0.9342,0.0614,-0.0091,-0.0157,0.0056,-0.0009,0.1080,-0.0229,-6.4215,-0.7383,7.3533,-0.0002,-0.0004,0.0001,1.0000,-0.3212,-0.0369,0.3675
200428,Right,2,0.2858,-0.1098,-0.9443,-0.1210,0.0086,-0.0148,0.0054,0.0313,0.1992,-0.0701,-5.5118,1.1472,7.9538,0.0001,-0.0002,0.0001,1.0000,-0.1378,0.0286,0.1988
200428,Pelvis,2,-0.5446,-0.4489,-0.5247,0.4760,0.0685,-0.0977,-0.0903,-0.1310,-0.0631,0.0564,9.8519,-0.5983,-0.0329,0.0009,-0.0012,-0.0011,1.0000,0.2463,-0.0152,-0.0005
200429,Left,2,0.3465,0.0574,-0.9343,0.0616,0.0038,-0.0154,0.0159,-0.0250,0.1155,-0.0235,-6.3989,-0.7506,7.3711,0.0000,-0.0002,0.0002,1.0000,-0.1600,-0.0188,0.1842
200429,Pelvis,2,-0.5444,-0.4504,-0.5247,0.4749,0.0205,-0.1001,-0.1280,-0.1318,0.1261,-0.0073,9.7880,-0.5984,0.1319,0.0003,-0.0013,-0.0016,1.0000,0.2447,-0.0154,0.0036
200430,Left,2,0.3464,0.0572,-0.9343,0.0618,0.0094,-0.0114,0.0240,-0.0031,0.1503,-0.0081,-6.4265,-0.7786,7.3652,0.0001,-0.0001,0.0003,1.0000,-0.1607,-0.0195,0.1841
200430,Right,2,0.2853,-0.1098,-0.9444,-0.1209,0.0066,-0.0158,0.0107,0.0261,0.2428,-0.0962,-5.4798,1.1059,7.9510,0.0002,-0.0004,0.0003,1.0000,-0.2742,0.0552,0.3974
200430,Pelvis,2,-0.5440,-0.4519,-0.5252,0.4733,-0.0135,-0.0747,-0.1681,-0.0146,0.2636,-0.0053,9.7962,-0.4673,0.2637,-0.0002,-0.0009,-0.0021,1.0000,0.2449,-0.0122,0.0068
200432,Left,2,0.3467,0.0564,-0.9342,0.0622,0.0199,0.0182,0.0343,0.0324,0.1778,0.0501,-6.4941,-0.7932,7.3827,0.0005,0.0005,0.0009,1.0000,-0.3245,-0.0401,0.3693
200432,Right,2,0.2846,-0.1101,-0.9447,-0.1203,0.0164,-0.0259,0.0328,0.0402,0.2507,-0.0650,-5.4977,1.1048,7.9773,0.0004,-0.0006,0.0008,1.0000,-0.2752,0.0549,0.3987
200432,Pelvis,2,-0.5393,-0.4557,-0.5293,0.4706,0.0377,0.0654,-0.3080,0.0577,0.9991,0.6172,10.4203,-0.4270,1.0102,0.0009,0.0016,-0.0077,1.0000,0.5209,-0.0254,0.0496
200433,Left,2,0.3489,0.0561,-0.9334,0.0624,0.0244,0.1819,0.0457,-0.5966,0.7214,-0.0377,-6.0265,-1.4084,7.6240,0.0003,0.0023,0.0006,1.0000,-0.1502,-0.0354,0.1909
200433,Right,2,0.2838,-0.1104,-0.9449,-0.1202,0.0292,-0.0432,0.0345,-0.0009,0.1010,-0.0835,-5.4649,1.2653,7.9499,0.0004,-0.0005,0.0004,1.0000,-0.1367,0.0315,0.1987
200433,Pelvis,2,-0.5325,-0.4599,-0.5318,0.4714,0.3683,0.2582,-0.5034,-0.5600,2.3245,1.1805,10.9598,-1.0845,2.2971,0.0046,0.0032,-0.0063,1.0000,0.2740,-0.0291,0.0564
200434,Left,2,0.3593,0.0554,-0.9293,0.0646,0.0410,0.8811,0.2512,-2.8758,1.2522,-0.5523,-4.1414,-2.2343,8.5705,0.0005,0.0110,0.0031,0.9999,-0.1010,-0.0563,0.2154
200434,Right,2,0.2831,-0.1108,-0.9450,-0.1201,0.0391,-0.0576,0.0397,-0.0040,0.1893,-0.0913,-5.4340,1.1909,7.9747,0.0005,-0.0007,0.0005,1.0000,-0.1360,0.0296,0.1993
200434,Pelvis,2,-0.5241,-0.4653,-0.5323,0.4748,0.6752,0.3014,-0.4262,-1.0830,2.4207,-0.2709,9.4992,-1.4500,2.3967,0.0084,0.0038,-0.0053,0.9999,0.2375,-0.0380,0.0587
200435,Left,2,0.3869,0.0451,-0.9180,0.0747,0.5683,2.2886,1.2326,-5.8269,2.1535,6.0015,-7.0638,-3.7376,14.9973,0.0071,0.0286,0.0154,0.9994,-0.1643,-0.0987,0.3791
200435,Right,2,0.2826,-0.1114,-0.9452,-0.1196,0.0600,-0.0416,0.0494,-0.0448,0.1266,0.0211,-5.4645,1.2911,8.0742,0.0007,-0.0005,0.0006,1.0000,-0.1367,0.0320,0.2018
200435,Pelvis,2,-0.5175,-0.4688,-0.5298,0.4814,0.7630,0.2884,-0.0380,-1.1816,0.3073,-2.2875,7.5171,-1.2242,0.3389,0.0095,0.0036,-0.0005,0.9999,0.1879,-0.0308,0.0075
200436,Left,2,0.4025,0.0457,-0.9110,0.0779,-0.0675,1.3536,0.3140,-3.3121,2.5162,19.9957,-19.7486,-3.7408,22.4039,-0.0008,0.0169,0.0039,0.9998,-0.4838,-0.0950,0.5684
200436,Right,2,0.2823,-0.1121,-0.9452,-0.1195,0.0578,-0.0121,0.0277,-0.0322,0.1785,0.0372,-5.4672,1.2559,8.0985,0.0007,-0.0002,0.0003,1.0000,-0.1367,0.0312,0.2025
200436,Pelvis,2,-0.5110,-0.4674,-0.5278,0.4918,0.6829,0.6326,0.2973,-0.6698,-1.1316,-0.8272,9.0161,-0.6201,-0.8921,0.0085,0.0079,0.0037,0.9999,0.2253,-0.0145,-0.0242
200437,Left,2,0.4089,0.0483,-0.9082,0.0750,-0.0625,0.5911,-0.2393,-2.3574,-0.5134,2.7103,-7.7267,-0.2083,10.1441,-0.0008,0.0074,-0.0030,1.0000,-0.1913,-0.0044,0.2550
200437,Right,2,0.2823,-0.1128,-0.9452,-0.1193,0.0670,0.0101,0.0158,0.0878,0.1930,0.0903,-5.5912,1.2282,8.0836,0.0008,0.0001,0.0002,1.0000,-0.1398,0.0305,0.2021
200437,Pelvis,2,-0.5057,-0.4686,-0.5254,0.4987,0.6141,0.3381,0.0988,0.9277,-0.9570,1.9590,11.8100,0.8629,-0.3582,0.0077,0.0042,0.0012,1.0000,0.2952,0.0220,-0.0100
200438,Left,2,0.4191,0.0509,-0.9028,0.0819,-0.3713,0.9196,0.4983,-0.6852,-5.5171,2.7640,-8.5292,4.9823,9.5663,-0.0046,0.0115,0.0062,0.9999,-0.2112,0.1244,0.2410
200438,Right,2,0.2821,-0.1139,-0.9451,-0.1192,0.1048,-0.0024,0.0310,0.0998,0.3082,0.0290,-5.5482,1.1250,8.0570,0.0013,-0.0000,0.0004,1.0000,-0.1387,0.0278,0.2015
200438,Pelvis,2,-0.4994,-0.4712,-0.5261,0.5019,0.4618,0.3085,-0.2557,2.6264,-0.8201,2.2632,12.1176,2.5618,-0.0217,0.0058,0.0039,-0.0032,1.0000,0.3031,0.0631,-0.0013
200439,Left,2,0.4245,0.0523,-0.8986,0.0978,-0.6099,0.4779,1.1606,0.7142,-2.3294,0.0433,-7.7537,2.2573,6.1532,-0.0076,0.0060,0.0145,0.9998,-0.1937,0.0548,0.1546
200439,Right,2,0.2818,-0.1153,-0.9451,-0.1189,0.1211,-0.0155,0.0500,-0.0855,0.2263,-0.1779,-5.2925,1.2507,7.9570,0.0015,-0.0002,0.0006,1.0000,-0.1324,0.0309,0.1989
200439,Pelvis,2,-0.4938,-0.4731,-0.5287,0.5028,0.2435,0.2944,-0.3581,2.4449,-0.6377,-0.1999,9.6285,2.4651,0.0712,0.0030,0.0037,-0.0045,1.0000,0.2410,0.0605,0.0011
200440,Left,2,0.4283,0.0495,-0.8953,0.1119,-0.2643,0.3146,1.1536,2.2922,0.2129,-2.7730,-6.8994,0.3110,2.6762,-0.0033,0.0039,0.0144,0.9999,-0.1723,0.0055,0.0676
200440,Right,2,0.2815,-0.1161,-0.9451,-0.1187,0.0758,-0.0032,0.0266,-0.1946,0.0818,-0.2846,-5.1629,1.4253,7.8831,0.0009,-0.0000,0.0003,1.0000,-0.1291,0.0354,0.1971
200440,Pelvis,2,-0.4890,-0.4730,-0.5323,0.5038,0.0938,0.3786,-0.2800,1.3023,-0.8550,-0.2808,9.5542,1.4093,-0.1308,0.0012,0.0047,-0.0035,1.0000,0.2390,0.0344,-0.0044
200441,Left,2,0.4307,0.0465,-0.8936,0.1174,0.0437,0.1936,0.5261,3.2039,2.0092,-4.6856,-6.2629,-1.0927,0.4150,0.0005,0.0024,0.0066,1.0000,-0.1564,-0.0284,0.0107
200441,Right,2,0.2817,-0.1162,-0.9450,-0.1188,0.0188,0.0108,-0.0068,-0.0906,0.1183,-0.1994,-5.2908,1.3816,7.9080,0.0002,0.0001,-0.0001,1.0000,-0.1322,0.0345,0.1977
200441,Pelvis,2,-0.4850,-0.4725,-0.5354,0.5048,0.0660,0.3463,-0.2224,0.3848,-0.9895,-0.3982,9.4551,0.5563,-0.2285,0.0008,0.0043,-0.0028,1.0000,0.2364,0.0133,-0.0067
200442,Left,2,0.4331,0.0433,-0.8931,0.1137,0.3758,0.1799,-0.1384,4.0493,1.6668,-6.7943,-5.0704,-0.5631,-1.5031,0.0047,0.0022,-0.0017,1.0000,-0.1269,-0.0137,-0.0374
200442,Right,2,0.2819,-0.1160,-0.9449,-0.1191,-0.0063,0.0137,-0.0214,-0.0275,0.1857,-0.0947,-5.3934,1.3125,7.9789,-0.0001,0.0002,-0.0003,1.0000,-0.1348,0.0329,0.1995
200442,Pelvis,2,-0.4815,-0.4735,-0.5374,0.5052,0.1242,0.1938,-0.2354,-0.2366,-1.2211,-0.4559,9.4295,-0.0028,-0.4257,0.0016,0.0024,-0.0029,1.0000,0.2357,-0.0007,-0.0112
200443,Left,2,0.4359,0.0408,-0.8930,0.1046,0.5200,0.2165,-0.5484,4.4426,0.4691,-7.8877,-4.2451,0.6101,-2.2956,0.0065,0.0027,-0.0069,1.0000,-0.1062,0.0164,-0.0570
200443,Right,2,0.2821,-0.1156,-0.9449,-0.1192,-0.0147,0.0137,-0.0209,-0.0220,0.1898,-0.1148,-5.3883,1.2967,7.9605,-0.0002,0.0002,-0.0003,1.0000,-0.1347,0.0325,0.1990
200443,Pelvis,2,-0.4783,-0.4756,-0.5380,0.5056,0.2099,0.0889,-0.2075,-0.1298,-1.3860,-0.8090,9.0907,0.1512,-0.5830,0.0026,0.0011,-0.0026,1.0000,0.2273,0.0032,-0.0148
200444,Left,2,0.4387,0.0394,-0.8928,0.0945,0.4773,0.2317,-0.6501,4.5899,-0.7026,-8.3576,-3.7911,1.6858,-2.5425,0.0060,0.0029,-0.0081,0.9999,-0.0946,0.0433,-0.0630
200444,Right,2,0.2823,-0.1151,-0.9449,-0.1193,-0.0217,0.0138,-0.0229,-0.0200,0.1805,-0.1216,-5.3897,1.2954,7.9513,-0.0003,0.0002,-0.0003,1.0000,-0.1347,0.0325,0.1988
200444,Pelvis,2,-0.4765,-0.4778,-0.5369,0.5064,0.2368,-0.0258,-0.0811,0.3313,-1.5993,-0.7686,9.1350,0.6492,-0.7704,0.0030,-0.0003,-0.0010,1.0000,0.2284,0.0161,-0.0191
200445,Left,2,0.4405,0.0379,-0.8927,0.0875,0.3716,0.1484,-0.4341,4.3520,-1.1615,-7.9942,-3.8884,2.0138,-2.1026,0.0046,0.0019,-0.0054,1.0000,-0.0970,0.0511,-0.0521
200445,Right,2,0.2825,-0.1146,-0.9448,-0.1197,-0.0324,0.0112,-0.0281,-0.0314,0.1652,-0.1237,-5.3852,1.3016,7.9504,-0.0004,0.0001,-0.0004,1.0000,-0.1346,0.0327,0.1988
200445,Pelvis,2,-0.4762,-0.4793,-0.5349,0.5073,0.1948,-0.0982,0.0504,0.5308,-1.5918,-0.6490,9.2456,0.8506,-0.7642,0.0024,-0.0012,0.0006,1.0000,0.2311,0.0215,-0.0188
200446,Left,2,0.4403,0.0368,-0.8931,0.0844,0.1809,-0.0305,-0.1800,3.5947,-0.6491,-7.2698,-4.0849,1.3308,-1.1629,0.0023,-0.0004,-0.0023,1.0000,-0.1020,0.0336,-0.0290
200446,Right,2,0.2828,-0.1139,-0.9448,-0.1199,-0.0366,0.0098,-0.0291,-0.0153,0.1957,-0.0990,-5.4111,1.2583,7.9706,-0.0005,0.0001,-0.0004,1.0000,-0.1352,0.0316,0.1993
200446,Pelvis,2,-0.4773,-0.4805,-0.5324,0.5077,0.1140,-0.1780,0.1081,0.6771,-1.3959,-0.8086,9.0648,0.9656,-0.6139,0.0014,-0.0022,0.0014,1.0000,0.2266,0.0245,-0.0148
200447,Left,2,0.4366,0.0374,-0.8950,0.0829,-0.0027,-0.3232,-0.1487,2.4680,0.3865,-6.5874,-4.0785,0.0921,0.0020,-0.0000,-0.0040,-0.0019,1.0000,-0.1020,0.0025,-0.0004
200447,Right,2,0.2829,-0.1134,-0.9448,-0.1200,-0.0287,0.0030,-0.0207,0.0518,0.2772,-0.0500,-5.4814,1.1568,8.0004,-0.0004,0.0000,-0.0003,1.0000,-0.1370,0.0290,0.2000
200448,Left,2,0.4293,0.0384,-0.8987,0.0817,-0.0709,-0.6449,-0.1590,0.8967,0.4430,-6.8208,-2.9415,-0.2639,1.1088,-0.0009,-0.0081,-0.0020,1.0000,-0.0738,-0.0064,0.0271
200448,Right,2,0.2827,-0.1131,-0.9449,-0.1203,-0.0137,-0.0055,-0.0097,0.0580,0.2740,-0.0209,-5.5012,1.1543,8.0226,-0.0002,-0.0001,-0.0001,1.0000,-0.1375,0.0289,0.2005
200448,Pelvis,2,-0.4837,-0.4813,-0.5271,0.5064,-0.0365,-0.2799,0.1869,0.8016,-1.2579,-0.8656,8.9945,1.0302,-0.5615,-0.0009,-0.0070,0.0047,1.0000,0.4497,0.0536,-0.0250
200449,Left,2,0.4176,0.0408,-0.9041,0.0807,-0.1990,-1.0051,-0.2222,-1.8156,0.4109,-7.3422,-0.8081,-0.7374,2.8935,-0.0025,-0.0126,-0.0028,0.9999,-0.0212,-0.0182,0.0721
200449,Right,2,0.2826,-0.1129,-0.9450,-0.1201,-0.0034,-0.0107,-0.0003,0.0156,0.2547,-0.0648,-5.4434,1.1736,8.0049,-0.0000,-0.0001,-0.0000,1.0000,-0.1361,0.0293,0.2001
200449,Pelvis,2,-0.4894,-0.4807,-0.5241,0.5047,-0.2051,-0.3975,0.2936,1.0444,-1.2305,-0.8249,9.0307,1.1989,-0.6290,-0.0026,-0.0050,0.0037,1.0000,0.2257,0.0308,-0.0147
200450,Left,2,0.4001,0.0452,-0.9121,0.0778,-0.3110,-1.5001,-0.4581,-6.0872,0.1261,-6.6142,1.5638,-1.2576,6.5787,-0.0039,-0.0187,-0.0057,0.9998,0.0358,-0.0310,0.1653
200450,Right,2,0.2825,-0.1127,-0.9450,-0.1200,-0.0014,-0.0070,0.0010,-0.0101,0.2269,-0.0982,-5.4065,1.1994,7.9847,-0.0000,-0.0001,0.0000,1.0000,-0.1352,0.0300,0.1996
200450,Pelvis,2,-0.4969,-0.4796,-0.5210,0.5017,-0.3435,-0.5119,0.3234,1.3929,-1.5434,-0.7487,9.1220,1.4925,-1.0205,-0.0043,-0.0064,0.0040,1.0000,0.2281,0.0381,-0.0242
200451,Left,2,0.3750,0.0567,-0.9225,0.0719,-0.7610,-2.0669,-0.9490,-9.8161,-0.5920,-1.0297,0.5002,-1.4664,13.0956,-0.0095,-0.0258,-0.0119,0.9996,0.0036,-0.0336,0.3279
200451,Right,2,0.2826,-0.1124,-0.9451,-0.1198,-0.0046,0.0002,-0.0029,-0.0528,0.1724,-0.1068,-5.3749,1.2588,7.9851,-0.0001,0.0000,-0.0000,1.0000,-0.1344,0.0315,0.1996
200451,Pelvis,2,-0.5057,-0.4788,-0.5178,0.4969,-0.4618,-0.6450,0.2979,1.6751,-1.6146,-0.5621,9.3073,1.7166,-1.1896,-0.0058,-0.0081,0.0037,0.9999,0.2328,0.0436,-0.0281
200452,Left,524544,0.3519,0.0605,-0.9321,0.0616,-0.0646,-1.9236,-1.0322,3.2988,2.3298,46.6122,-41.0753,-5.1418,38.5644,-0.0008,-0.0240,-0.0129,0.9996,-1.0512,-0.1143,0.9391
200452,Right,2,0.2825,-0.1121,-0.9451,-0.1199,-0.0129,-0.0053,-0.0150,-0.0190,0.0350,-0.0787,-5.4392,1.3778,7.9542,-0.0002,-0.0001,-0.0002,1.0000,-0.1360,0.0345,0.1988
200452,Pelvis,2,-0.5148,-0.4772,-0.5147,0.4922,-0.4963,-0.6172,0.3453,1.4685,-0.8647,-0.4920,9.3521,1.4092,-0.5770,-0.0062,-0.0077,0.0043,0.9999,0.2338,0.0362,-0.0128
200453,Left,0,0.3275,0.0569,-0.9408,0.0664,0.0571,-2.1038,0.3062,-8.5695,-5.7320,-9.8123,6.9800,4.2763,6.2697,0.0007,-0.0263,0.0038,0.9996,0.1699,0.1075,0.1613
200453,Right,2,0.2831,-0.1120,-0.9449,-0.1198,0.0057,0.0580,-0.0052,-0.1354,0.0258,0.0521,-5.4238,1.4349,8.1152,0.0001,0.0007,-0.0001,1.0000,-0.1354,0.0359,0.2030
200453,Pelvis,2,-0.5250,-0.4709,-0.5143,0.4880,-0.8150,-0.3500,0.4911,0.1650,4.2949,0.0662,9.8310,-0.3516,4.3930,-0.0102,-0.0044,0.0061,0.9999,0.2453,-0.0062,0.1110
200454,Left,0,0.3398,0.0581,-0.9365,0.0649,-0.0021,1.0603,-0.0626,0.7431,3.5443,0.1921,-7.2144,-4.0120,6.7136,-0.0000,0.0133,-0.0008,0.9999,-0.1782,-0.1002,0.1702
200454,Right,2,0.2844,-0.1112,-0.9446,-0.1205,-0.0509,0.1013,-0.0799,-0.2839,0.3106,-0.2680,-5.0926,1.1505,8.0013,-0.0006,0.0013,-0.0010,1.0000,-0.1270,0.0290,0.2002
200454,Pelvis,2,-0.5253,-0.4821,-0.5163,0.4744,-0.2000,-0.8784,-1.1000,-10.3890,2.4597,11.6509,21.3208,-10.8623,1.4694,-0.0025,-0.0110,-0.0137,0.9998,0.5288,-0.2787,0.0432
200455,Left,0,0.3440,0.0570,-0.9350,0.0652,0.0877,0.3558,0.0852,1.1022,0.9671,0.2819,-7.4496,-1.4135,6.8233,0.0011,0.0044,0.0011,1.0000,-0.1854,-0.0357,0.1714
200455,Right,2,0.2860,-0.1104,-0.9442,-0.1209,-0.0471,0.1256,-0.0752,0.0618,0.3252,-0.0348,-5.5240,1.0472,8.0065,-0.0006,0.0016,-0.0009,1.0000,-0.1378,0.0264,0.2004
200455,Pelvis,2,-0.5159,-0.4928,-0.5126,0.4777,1.0806,-0.0491,-0.5405,2.3486,2.3481,0.8802,10.7219,2.2386,2.3242,0.0135,-0.0006,-0.0068,0.9999,0.2684,0.0534,0.0590
200456,Left,0,0.3451,0.0555,-0.9346,0.0658,0.1044,0.0829,0.1011,-0.1699,0.1174,0.0238,-6.2906,-0.7337,7.5292,0.0013,0.0010,0.0013,1.0000,-0.1570,-0.0188,0.1884
200456,Right,2,0.2874,-0.1101,-0.9437,-0.1212,-0.0222,0.1235,-0.0406,0.1232,0.2412,-0.0155,-5.6227,1.0945,7.9527,-0.0003,0.0015,-0.0005,1.0000,-0.1402,0.0275,0.1990
200456,Pelvis,2,-0.5178,-0.4938,-0.5083,0.4793,0.2024,-0.2357,0.2662,4.7543,0.5275,-3.2384,6.5466,4.7769,0.6526,0.0025,-0.0029,0.0033,1.0000,0.1632,0.1199,0.0171
200457,Left,0,0.3466,0.0553,-0.9341,0.0653,0.0318,0.1329,-0.0140,0.2137,-0.5796,0.1508,-6.6235,0.0257,7.4686,0.0004,0.0017,-0.0002,1.0000,-0.1653,0.0006,0.1870
200457,Right,2,0.2882,-0.1098,-0.9435,-0.1212,-0.0151,0.0716,-0.0203,0.1626,0.2354,-0.0076,-5.6786,1.0794,7.9253,-0.0002,0.0009,-0.0003,1.0000,-0.1418,0.0271,0.1983
200457,Pelvis,2,-0.5251,-0.4901,-0.5071,0.4763,-0.5102,-0.3269,0.3624,2.9449,-1.3924,-4.8909,4.8821,3.0285,-1.3519,-0.0064,-0.0041,0.0045,1.0000,0.1218,0.0761,-0.0338
200458,Left,0,0.3470,0.0554,-0.9340,0.0650,0.0050,0.0396,-0.0150,0.3511,0.2379,0.1877,-6.8343,-0.7602,7.2734,0.0001,0.0005,-0.0002,1.0000,-0.1708,-0.0190,0.1819
200458,Pelvis,2,-0.5308,-0.4851,-0.5094,0.4727,-0.6592,-0.0876,0.1934,0.8739,-0.4439,-3.6896,6.1119,0.8722,-0.5803,-0.0082,-0.0011,0.0024,1.0000,0.1528,0.0221,-0.0145
200459,Left,0,0.3464,0.0552,-0.9342,0.0652,0.0103,-0.0451,0.0247,0.1441,0.0867,0.1269,-6.6251,-0.6399,7.3839,0.0001,-0.0006,0.0003,1.0000,-0.1657,-0.0161,0.1845
200459,Right,2,0.2881,-0.1092,-0.9436,-0.1215,-0.0119,0.0001,-0.0187,0.1073,0.2236,-0.0196,-5.6342,1.0954,7.9387,-0.0003,0.0000,-0.0005,1.0000,-0.2817,0.0550,0.3969
200459,Pelvis,2,-0.5351,-0.4817,-0.5123,0.4681,-0.6127,-0.1054,0.0212,-0.9761,-0.3849,0.3790,10.1613,-1.0130,-0.8328,-0.0077,-0.0013,0.0003,1.0000,0.2541,-0.0254,-0.0203
200460,Left,0,0.3457,0.0551,-0.9344,0.0652,0.0045,-0.0537,0.0004,-0.0581,-0.0059,0.0795,-6.4244,-0.5760,7.5003,0.0001,-0.0007,0.0000,1.0000,-0.1607,-0.0144,0.1874
200460,Right,2,0.2877,-0.1089,-0.9437,-0.1216,0.0021,-0.0358,0.0030,0.0407,0.2442,-0.0260,-5.5695,1.0846,7.9777,0.0000,-0.0004,0.0000,1.0000,-0.1393,0.0271,0.1994
200460,Pelvis,2,-0.5382,-0.4789,-0.5154,0.4641,-0.5163,-0.0478,-0.0447,-3.2411,0.4388,2.9740,12.7595,-3.3537,-0.3792,-0.0065,-0.0006,-0.0006,1.0000,0.3189,-0.0841,-0.0087
200461,Left,0,0.3456,0.0553,-0.9345,0.0650,-0.0060,-0.0087,-0.0137,-0.0798,0.1169,0.0459,-6.3895,-0.7009,7.4762,-0.0001,-0.0001,-0.0002,1.0000,-0.1598,-0.0175,0.1869
200461,Right,2,0.2872,-0.1091,-0.9439,-0.1214,0.0220,-0.0239,0.0248,0.0385,0.2617,0.0082,-5.5749,1.0757,8.0177,0.0003,-0.0003,0.0003,1.0000,-0.1394,0.0268,0.2004
200461,Pelvis,2,-0.5387,-0.4783,-0.5159,0.4636,-0.0896,-0.0015,0.0071,-1.2589,0.4660,3.1845,12.9922,-1.3796,-0.1718,-0.0011,-0.0000,0.0001,1.0000,0.3248,-0.0345,-0.0043
200462,Left,0,0.3455,0.0556,-0.9345,0.0648,-0.0155,0.0050,-0.0179,-0.0150,0.1846,-0.0136,-6.4036,-0.7596,7.3806,-0.0002,0.0001,-0.0002,1.0000,-0.1601,-0.0189,0.1845
200462,Right,2,0.2867,-0.1095,-0.9440,-0.1210,0.0372,-0.0292,0.0377,0.0520,0.1893,-0.0316,-5.5677,1.1427,7.9626,0.0005,-0.0004,0.0005,1.0000,-0.1393,0.0284,0.1990
200462,Pelvis,2,-0.5394,-0.4771,-0.5158,0.4642,-0.0453,0.0355,0.1007,0.7365,0.2558,-0.7311,9.0927,0.6371,-0.0038,-0.0006,0.0004,0.0013,1.0000,0.2273,0.0162,-0.0002
200463,Left,0,0.3455,0.0557,-0.9345,0.0647,-0.0039,-0.0010,-0.0044,-0.0279,0.1763,-0.0194,-6.3887,-0.7579,7.3858,-0.0000,-0.0000,-0.0001,1.0000,-0.1597,-0.0189,0.1846
200463,Right,2,0.2860,-0.1097,-0.9442,-0.1210,0.0241,-0.0390,0.0254,-0.0607,0.0936,-0.1468,-5.4179,1.2584,7.9059,0.0003,-0.0005,0.0003,1.0000,-0.1356,0.0314,0.1976
200463,Pelvis,2,-0.5408,-0.4751,-0.5169,0.4632,-0.2161,0.0175,0.0606,0.4906,0.4848,-1.4847,8.3457,0.3544,0.2315,-0.0027,0.0002,0.0008,1.0000,0.2086,0.0090,0.0057
200464,Left,0,0.3453,0.0557,-0.9346,0.0646,-0.0027,-0.0111,-0.0017,0.0294,0.1058,-0.0352,-6.4136,-0.6807,7.3494,-0.0000,-0.0001,-0.0000,1.0000,-0.1604,-0.0170,0.1837
200464,Right,2,0.2857,-0.1096,-0.9443,-0.1212,0.0071,-0.0217,-0.0013,-0.0919,0.1561,-0.1602,-5.3674,1.2089,7.9330,0.0001,-0.0003,-0.0000,1.0000,-0.1342,0.0302,0.1983
200464,Pelvis,2,-0.5416,-0.4710,-0.5200,0.4632,-0.3209,0.2551,0.0894,0.2813,0.8658,0.3437,10.1819,0.0623,0.5541,-0.0040,0.0032,0.0011,1.0000,0.2546,0.0019,0.0130
200465,Left,0,0.3450,0.0558,-0.9347,0.0646,-0.0046,-0.0169,-0.0002,0.0056,0.0694,-0.0289,-6.3934,-0.6511,7.3775,-0.0001,-0.0002,-0.0000,1.0000,-0.1599,-0.0163,0.1844
200465,Right,2,0.2857,-0.1095,-0.9443,-0.1213,0.0026,0.0009,-0.0057,-0.0310,0.2028,-0.0913,-5.4447,1.1546,7.9731,0.0000,0.0000,-0.0001,1.0000,-0.1361,0.0289,0.1993
200465,Pelvis,2,-0.5416,-0.4658,-0.5237,0.4642,-0.3124,0.3874,0.1276,0.1469,1.3641,1.9853,11.8276,-0.1910,1.0719,-0.0039,0.0048,0.0016,1.0000,0.2958,-0.0042,0.0254
200466,Left,0,0.3449,0.0559,-0.9348,0.0646,-0.0024,-0.0088,0.0021,-0.1063,0.0597,-0.0714,-6.2773,-0.6586,7.4208,-0.0000,-0.0001,0.0000,1.0000,-0.1570,-0.0165,0.1855
200466,Right,2,0.2859,-0.1094,-0.9442,-0.1213,0.0066,0.0146,-0.0031,0.0011,0.2173,-0.0492,-5.4938,1.1347,7.9940,0.0001,0.0002,-0.0000,1.0000,-0.1373,0.0284,0.1999
200466,Pelvis,2,-0.5396,-0.4619,-0.5271,0.4664,-0.1201,0.4513,0.0612,-1.0175,1.1779,0.7626,10.5698,-1.3343,0.8708,-0.0015,0.0056,0.0008,1.0000,0.2644,-0.0331,0.0203
200467,Left,0,0.3450,0.0558,-0.9347,0.0647,0.0041,0.0136,0.0134,-0.1084,0.1688,-0.1029,-6.2640,-0.7646,7.3823,0.0001,0.0002,0.0002,1.0000,-0.1566,-0.0191,0.1846
200467,Right,2,0.2860,-0.1094,-0.9442,-0.1213,0.0090,0.0167,0.0002,-0.0099,0.2091,-0.0870,-5.4661,1.1395,7.9659,0.0001,0.0002,0.0000,1.0000,-0.1366,0.0285,0.1992
200467,Pelvis,2,-0.5365,-0.4602,-0.5293,0.4692,0.0830,0.3907,-0.0089,-1.1986,0.4228,-0.7486,9.0436,-1.3932,0.2161,0.0010,0.0049,-0.0001,1.0000,0.2261,-0.0349,0.0043
200468,Left,0,0.3453,0.0557,-0.9346,0.0648,0.0042,0.0311,0.0190,-0.0162,0.1300,-0.0142,-6.3916,-0.7149,7.3935,0.0001,0.0004,0.0002,1.0000,-0.1597,-0.0179,0.1849
200468,Right,2,0.2861,-0.1094,-0.9442,-0.1215,0.0055,0.0193,-0.0065,0.0113,0.1979,-0.0899,-5.4856,1.1422,7.9482,0.0001,0.0002,-0.0001,1.0000,-0.1371,0.0286,0.1987
200468,Pelvis,2,-0.5342,-0.4602,-0.5298,0.4713,0.1611,0.1875,-0.0145,-0.6437,-0.0182,-0.8057,8.9959,-0.7804,-0.0760,0.0020,0.0023,-0.0002,1.0000,0.2249,-0.0195,-0.0025
200469,Left,0,0.3457,0.0558,-0.9344,0.0648,-0.0003,0.0353,0.0136,-0.0185,0.1097,-0.0145,-6.3936,-0.6935,7.3931,-0.0000,0.0004,0.0002,1.0000,-0.1598,-0.0174,0.1849
200469,Right,2,0.2863,-0.1093,-0.9441,-0.1216,0.0057,0.0190,-0.0098,0.0199,0.2218,-0.0738,-5.5015,1.1166,7.9613,0.0001,0.0002,-0.0001,1.0000,-0.1375,0.0279,0.1991
200469,Pelvis,2,-0.5328,-0.4603,-0.5295,0.4731,0.1398,0.1082,0.0299,0.0641,-0.3036,-0.0630,9.7519,-0.0562,-0.2241,0.0017,0.0014,0.0004,1.0000,0.2438,-0.0013,-0.0059
200470,Left,0,0.3460,0.0558,-0.9343,0.0649,0.0006,0.0294,0.0153,0.0164,0.1023,-0.0066,-6.4299,-0.6801,7.3732,0.0000,0.0004,0.0002,1.0000,-0.1607,-0.0170,0.1844
200470,Right,2,0.2865,-0.1091,-0.9440,-0.1216,0.0054,0.0132,-0.0087,-0.0001,0.2205,-0.0777,-5.4871,1.1199,7.9660,0.0001,0.0002,-0.0001,1.0000,-0.1371,0.0280,0.1992
200470,Pelvis,2,-0.5318,-0.4595,-0.5299,0.4746,0.0553,0.1380,0.0440,0.4130,-0.4255,0.0120,9.8345,0.2940,-0.2683,0.0007,0.0017,0.0005,1.0000,0.2458,0.0075,-0.0071
200471,Left,0,0.3462,0.0558,-0.9342,0.0650,-0.0004,0.0207,0.0112,-0.0095,0.0859,0.0126,-6.4257,-0.6684,7.4033,-0.0000,0.0003,0.0001,1.0000,-0.1606,-0.0167,0.1851
200471,Right,2,0.2866,-0.1091,-0.9440,-0.1217,0.0079,0.0114,-0.0051,0.0021,0.2039,-0.0914,-5.4855,1.1309,7.9482,0.0001,0.0001,-0.0001,1.0000,-0.1371,0.0283,0.1987
200471,Pelvis,2,-0.5310,-0.4581,-0.5310,0.4757,-0.0219,0.1727,0.0281,0.2524,-0.2936,-0.0911,9.7279,0.1102,-0.1203,-0.0003,0.0022,0.0004,1.0000,0.2432,0.0028,-0.0035
200473,Left,0,0.3466,0.0559,-0.9341,0.0651,-0.0030,0.0196,0.0083,-0.0071,0.0847,0.0018,-6.4252,-0.6659,7.3895,-0.0001,0.0005,0.0002,1.0000,-0.3211,-0.0333,0.3696
200473,Right,2,0.2871,-0.1089,-0.9439,-0.1215,0.0074,0.0198,-0.0074,-0.0058,0.2113,-0.0752,-5.4923,1.1261,7.9643,0.0002,0.0005,-0.0002,1.0000,-0.2744,0.0563,0.3984
200473,Pelvis,2,-0.5291,-0.4554,-0.5337,0.4773,-0.0376,0.1741,0.0038,-0.1169,0.0726,-0.0813,9.7240,-0.3082,0.2598,-0.0009,0.0044,0.0001,1.0000,0.4863,-0.0154,0.0109
200474,Left,0,0.3467,0.0560,-0.9340,0.0651,-0.0029,0.0188,0.0091,0.0072,0.1103,-0.0212,-6.4270,-0.6890,7.3556,-0.0000,0.0002,0.0001,1.0000,-0.1606,-0.0172,0.1839
200474,Right,2,0.2873,-0.1087,-0.9439,-0.1215,0.0079,0.0218,-0.0063,0.0074,0.2075,-0.0619,-5.5159,1.1229,7.9646,0.0001,0.0003,-0.0001,1.0000,-0.1378,0.0281,0.1992
200474,Pelvis,2,-0.5286,-0.4545,-0.5344,0.4780,-0.0203,0.1041,0.0168,-0.2070,0.2448,-0.0058,9.7912,-0.4258,0.4774,-0.0003,0.0013,0.0002,1.0000,0.2448,-0.0106,0.0116
200475,Left,0,0.3469,0.0560,-0.9340,0.0651,-0.0006,0.0199,0.0100,-0.0237,0.1050,-0.0201,-6.4070,-0.6889,7.3744,-0.0000,0.0002,0.0001,1.0000,-0.1601,-0.0172,0.1844
200475,Right,2,0.2875,-0.1087,-0.9438,-0.1216,0.0066,0.0240,-0.0091,0.0006,0.2190,-0.0635,-5.5105,1.1118,7.9683,0.0001,0.0003,-0.0001,1.0000,-0.1377,0.0278,0.1993
200475,Pelvis,2,-0.5282,-0.4539,-0.5347,0.4787,0.0128,0.0741,0.0323,-0.2091,0.2466,-0.0591,9.7364,-0.4337,0.5001,0.0002,0.0009,0.0004,1.0000,0.2434,-0.0107,0.0123
200476,Left,0,0.3472,0.0560,-0.9339,0.0652,-0.0020,0.0256,0.0121,-0.0388,0.1165,-0.0130,-6.4049,-0.7030,7.3846,-0.0000,0.0003,0.0002,1.0000,-0.1601,-0.0176,0.1847
200477,Left,0,0.3475,0.0561,-0.9337,0.0652,-0.0042,0.0271,0.0109,0.0089,0.0771,-0.0125,-6.4420,-0.6566,7.3566,-0.0001,0.0003,0.0001,1.0000,-0.1610,-0.0164,0.1840
200477,Right,2,0.2880,-0.1086,-0.9436,-0.1218,0.0067,0.0278,-0.0115,-0.0027,0.2059,-0.0613,-5.5167,1.1231,7.9648,0.0002,0.0007,-0.0003,1.0000,-0.2755,0.0562,0.3984
200477,Pelvis,2,-0.5275,-0.4532,-0.5344,0.4804,0.0392,0.0517,0.0385,-0.0684,0.0837,-0.0380,9.7636,-0.2870,0.3807,0.0010,0.0013,0.0010,1.0000,0.4882,-0.0139,0.0184
200478,Left,0,0.3477,0.0561,-0.9337,0.0653,-0.0025,0.0233,0.0091,0.0079,0.0959,0.0004,-6.4553,-0.6765,7.3606,-0.0000,0.0003,0.0001,1.0000,-0.1613,-0.0169,0.1841
200478,Right,2,0.2883,-0.1085,-0.9436,-0.1218,0.0075,0.0297,-0.0083,0.0153,0.2019,-0.0683,-5.5345,1.1150,7.9448,0.0001,0.0004,-0.0001,1.0000,-0.1383,0.0279,0.1987
200478,Pelvis,2,-0.5272,-0.4530,-0.5343,0.4810,0.0269,0.0267,0.0258,0.0433,0.0164,-0.0835,9.7215,-0.1800,0.3451,0.0003,0.0003,0.0003,1.0000,0.2430,-0.0044,0.0085
200479,Left,0,0.3478,0.0562,-0.9336,0.0653,-0.0031,0.0164,0.0073,0.0271,0.0915,-0.0065,-6.4678,-0.6692,7.3410,-0.0000,0.0002,0.0001,1.0000,-0.1617,-0.0167,0.1836
200479,Right,2,0.2885,-0.1084,-0.9435,-0.1219,0.0107,0.0261,-0.0079,0.0250,0.2116,-0.0524,-5.5535,1.1033,7.9530,0.0001,0.0003,-0.0001,1.0000,-0.1388,0.0276,0.1989
200479,Pelvis,2,-0.5271,-0.4527,-0.5342,0.4814,0.0141,0.0193,0.0246,0.0327,0.0765,-0.0958,9.7065,-0.2043,0.4096,0.0002,0.0002,0.0003,1.0000,0.2427,-0.0050,0.0102
200480,Left,0,0.3479,0.0563,-0.9336,0.0653,-0.0021,0.0068,0.0037,0.0244,0.1006,0.0063,-6.4764,-0.6804,7.3496,-0.0000,0.0001,0.0000,1.0000,-0.1619,-0.0170,0.1838
200480,Right,2,0.2886,-0.1084,-0.9434,-0.1219,0.0116,0.0217,-0.0012,0.0332,0.2077,-0.0369,-5.5728,1.1058,7.9581,0.0001,0.0003,-0.0000,1.0000,-0.1393,0.0276,0.1990
200480,Pelvis,2,-0.5271,-0.4524,-0.5341,0.4819,0.0125,0.0243,0.0366,-0.0365,0.1410,-0.0638,9.7343,-0.2898,0.4723,0.0002,0.0003,0.0005,1.0000,0.2434,-0.0071,0.0117
200481,Left,0,0.3478,0.0563,-0.9336,0.0652,-0.0034,0.0020,0.0027,0.0041,0.1033,0.0041,-6.4601,-0.6876,7.3603,-0.0000,0.0000,0.0000,1.0000,-0.1615,-0.0172,0.1840
200481,Right,2,0.2886,-0.1085,-0.9434,-0.1220,0.0133,0.0111,0.0012,0.0348,0.1840,-0.0441,-5.5752,1.1269,7.9440,0.0002,0.0001,0.0000,1.0000,-0.1394,0.0281,0.1986
200481,Pelvis,2,-0.5271,-0.4521,-0.5339,0.4824,0.0146,0.0180,0.0408,-0.0218,0.1842,-0.0817,9.7144,-0.2900,0.5226,0.0002,0.0002,0.0005,1.0000,0.2429,-0.0071,0.0130
200482,Left,0,0.3478,0.0564,-0.9336,0.0652,-0.0005,-0.0016,0.0032,-0.0178,0.0964,0.0017,-6.4408,-0.6855,7.3742,-0.0000,-0.0000,0.0000,1.0000,-0.1610,-0.0171,0.1844
200482,Right,2,0.2886,-0.1085,-0.9435,-0.1219,0.0137,0.0023,0.0038,0.0237,0.2168,-0.0674,-5.5471,1.0962,7.9402,0.0002,0.0000,0.0000,1.0000,-0.1387,0.0274,0.1985
200482,Pelvis,2,-0.5271,-0.4518,-0.5338,0.4828,0.0110,0.0134,0.0359,0.0149,0.1925,-0.0668,9.7291,-0.2648,0.5409,0.0001,0.0002,0.0004,1.0000,0.2432,-0.0065,0.0135
200483,Left,0,0.3477,0.0564,-0.9336,0.0652,-0.0006,-0.0042,0.0035,-0.0111,0.0943,-0.0108,-6.4362,-0.6826,7.3617,-0.0000,-0.0001,0.0000,1.0000,-0.1609,-0.0171,0.1840
200483,Right,2,0.2884,-0.1086,-0.9435,-0.1221,0.0119,0.0007,0.0049,0.0031,0.2016,-0.0580,-5.5363,1.1189,7.9556,0.0001,0.0000,0.0001,1.0000,-0.1384,0.0279,0.1989
200483,Pelvis,2,-0.5273,-0.4515,-0.5336,0.4830,-0.0038,0.0044,0.0288,0.1068,0.1244,-0.0160,9.7843,-0.1749,0.4900,-0.0000,0.0001,0.0004,1.0000,0.2446,-0.0043,0.0122
200484,Left,0,0.3476,0.0564,-0.9337,0.0652,0.0007,-0.0034,0.0043,-0.0154,0.1139,-0.0070,-6.4357,-0.7036,7.3655,0.0000,-0.0000,0.0001,1.0000,-0.1609,-0.0176,0.1841
200484,Right,2,0.2883,-0.1086,-0.9435,-0.1221,0.0129,0.0003,0.0050,0.0178,0.2116,-0.0692,-5.5384,1.1042,7.9428,0.0002,0.0000,0.0001,1.0000,-0.1385,0.0276,0.1986
200484,Pelvis,2,-0.5277,-0.4512,-0.5336,0.4830,-0.0280,-0.0097,0.0259,0.0979,0.0699,0.0156,9.8175,-0.1855,0.4365,-0.0003,-0.0001,0.0003,1.0000,0.2454,-0.0046,0.0109
200485,Left,0,0.3475,0.0564,-0.9337,0.0652,0.0008,-0.0010,0.0060,-0.0178,0.0934,-0.0073,-6.4309,-0.6842,7.3708,0.0000,-0.0000,0.0001,1.0000,-0.1608,-0.0171,0.1843
200485,Right,2,0.2882,-0.1087,-0.9435,-0.1223,0.0129,0.0035,0.0045,0.0115,0.1958,-0.0849,-5.5254,1.1198,7.9299,0.0002,0.0000,0.0001,1.0000,-0.1381,0.0280,0.1983
200485,Pelvis,2,-0.5281,-0.4508,-0.5336,0.4829,-0.0375,-0.0151,0.0187,-0.0455,0.0715,0.0245,9.8230,-0.3346,0.4178,-0.0005,-0.0002,0.0002,1.0000,0.2456,-0.0083,0.0105
200486,Left,0,0.3475,0.0565,-0.9337,0.0651,-0.0016,-0.0019,0.0030,-0.0059,0.1001,-0.0106,-6.4373,-0.6895,7.3604,-0.0000,-0.0000,0.0000,1.0000,-0.1609,-0.0172,0.1840
200486,Right,2,0.2881,-0.1087,-0.9435,-0.1223,0.0119,0.0019,0.0011,0.0189,0.1917,-0.0694,-5.5403,1.1236,7.9379,0.0001,0.0000,0.0000,1.0000,-0.1385,0.0281,0.1985
200486,Pelvis,2,-0.5285,-0.4506,-0.5335,0.4827,-0.0309,-0.0242,0.0154,-0.1328,0.0544,-0.0471,9.7500,-0.4219,0.3831,-0.0004,-0.0003,0.0002,1.0000,0.2437,-0.0105,0.0097
200487,Left,0,0.3474,0.0565,-0.9338,0.0651,-0.0005,-0.0063,0.0044,-0.0031,0.0885,-0.0017,-6.4428,-0.6792,7.3683,-0.0000,-0.0001,0.0001,1.0000,-0.1611,-0.0170,0.1842
200487,Right,2,0.2880,-0.1087,-0.9435,-0.1224,0.0107,0.0003,0.0042,0.0199,0.1953,-0.0624,-5.5426,1.1210,7.9454,0.0001,0.0000,0.0001,1.0000,-0.1386,0.0280,0.1986
200487,Pelvis,2,-0.5289,-0.4506,-0.5333,0.4825,-0.0166,-0.0346,0.0178,-0.0835,0.0460,-0.1107,9.6881,-0.3749,0.3729,-0.0002,-0.0004,0.0002,1.0000,0.2422,-0.0093,0.0094
200488,Left,0,0.3472,0.0565,-0.9338,0.0651,0.0018,-0.0087,0.0036,0.0031,0.0960,0.0076,-6.4522,-0.6868,7.3719,0.0000,-0.0001,0.0000,1.0000,-0.1613,-0.0172,0.1843
200488,Right,2,0.2879,-0.1086,-0.9436,-0.1224,0.0105,-0.0030,0.0055,0.0324,0.1915,-0.0739,-5.5456,1.1192,7.9294,0.0001,-0.0000,0.0001,1.0000,-0.1386,0.0279,0.1982
200488,Pelvis,2,-0.5294,-0.4507,-0.5329,0.4823,-0.0108,-0.0582,0.0216,-0.0054,0.0587,-0.1423,9.6581,-0.3035,0.3842,-0.0001,-0.0007,0.0003,1.0000,0.2414,-0.0075,0.0098
200489,Left,0,0.3470,0.0565,-0.9339,0.0651,0.0016,-0.0117,0.0033,-0.0025,0.0963,-0.0106,-6.4335,-0.6875,7.3640,0.0000,-0.0001,0.0000,1.0000,-0.1609,-0.0172,0.1841
200489,Right,2,0.2877,-0.1086,-0.9436,-0.1224,0.0107,-0.0068,0.0049,0.0249,0.1890,-0.0758,-5.5356,1.1238,7.9333,0.0001,-0.0001,0.0001,1.0000,-0.1384,0.0281,0.1983
200489,Pelvis,2,-0.5302,-0.4509,-0.5322,0.4820,-0.0113,-0.0868,0.0244,0.0174,0.0767,-0.1513,9.6496,-0.2892,0.3885,-0.0001,-0.0011,0.0003,1.0000,0.2412,-0.0072,0.0100
200490,Left,0,0.3468,0.0565,-0.9340,0.0650,0.0016,-0.0152,0.0016,-0.0120,0.1069,-0.0161,-6.4205,-0.7000,7.3670,0.0000,-0.0002,0.0000,1.0000,-0.1605,-0.0175,0.1841
200490,Right,2,0.2875,-0.1086,-0.9437,-0.1225,0.0103,-0.0087,0.0066,0.0356,0.1918,-0.0669,-5.5449,1.1196,7.9385,0.0001,-0.0001,0.0001,1.0000,-0.1386,0.0280,0.1985
200490,Pelvis,2,-0.5310,-0.4512,-0.5316,0.4815,-0.0165,-0.0924,0.0270,-0.0055,0.0522,-0.0674,9.7342,-0.3180,0.3431,-0.0002,-0.0012,0.0003,1.0000,0.2433,-0.0079,0.0089
200491,Left,0,0.3466,0.0566,-0.9340,0.0650,0.0012,-0.0121,0.0035,-0.0300,0.1096,-0.0399,-6.3883,-0.7048,7.3629,0.0000,-0.0002,0.0000,1.0000,-0.1597,-0.0176,0.1840
200491,Right,2,0.2873,-0.1086,-0.9438,-0.1224,0.0109,-0.0070,0.0072,0.0279,0.2031,-0.0684,-5.5330,1.1112,7.9464,0.0001,-0.0001,0.0001,1.0000,-0.1383,0.0277,0.1987
200491,Pelvis,2,-0.5320,-0.4514,-0.5309,0.4810,-0.0258,-0.1048,0.0262,-0.0103,0.0559,-0.0061,9.7958,-0.3325,0.3249,-0.0003,-0.0013,0.0003,1.0000,0.2449,-0.0082,0.0084
200492,Left,0,0.3465,0.0566,-0.9341,0.0649,0.0018,-0.0081,0.0021,-0.0223,0.0867,-0.0129,-6.4074,-0.6834,7.3839,0.0000,-0.0001,0.0000,1.0000,-0.1602,-0.0171,0.1846
200492,Pelvis,2,-0.5331,-0.4516,-0.5302,0.4804,-0.0364,-0.1130,0.0301,0.0157,0.0743,0.0474,9.8500,-0.3186,0.3223,-0.0005,-0.0014,0.0004,1.0000,0.2462,-0.0079,0.0084
200493,Left,0,0.3464,0.0566,-0.9341,0.0649,0.0012,-0.0081,0.0038,-0.0154,0.1046,-0.0343,-6.3978,-0.6993,7.3626,0.0000,-0.0001,0.0000,1.0000,-0.1600,-0.0175,0.1840
200493,Right,2,0.2870,-0.1087,-0.9439,-0.1223,0.0116,-0.0084,0.0080,0.0224,0.2002,-0.0625,-5.5286,1.1185,7.9555,0.0003,-0.0002,0.0002,1.0000,-0.2765,0.0558,0.3977
200493,Pelvis,2,-0.5343,-0.4517,-0.5295,0.4797,-0.0457,-0.1147,0.0355,0.0117,0.1695,0.0423,9.8428,-0.3440,0.3888,-0.0006,-0.0014,0.0004,1.0000,0.2461,-0.0085,0.0101
200494,Left,0,0.3463,0.0566,-0.9342,0.0649,0.0019,-0.0048,0.0059,-0.0311,0.1056,0.0036,-6.4090,-0.7056,7.4025,0.0000,-0.0001,0.0001,1.0000,-0.1602,-0.0177,0.1851
200494,Right,2,0.2867,-0.1085,-0.9440,-0.1222,0.0136,-0.0117,0.0086,0.0204,0.1938,-0.0701,-5.5182,1.1234,7.9526,0.0002,-0.0001,0.0001,1.0000,-0.1380,0.0280,0.1988
200494,Pelvis,2,-0.5355,-0.4517,-0.5290,0.4790,-0.0581,-0.0990,0.0282,0.0326,0.1766,0.0901,9.8917,-0.3350,0.3741,-0.0007,-0.0012,0.0004,1.0000,0.2473,-0.0083,0.0097
200495,Left,0,0.3461,0.0566,-0.9342,0.0649,0.0033,-0.0071,0.0056,-0.0209,0.1027,0.0001,-6.4124,-0.7010,7.3954,0.0000,-0.0001,0.0001,1.0000,-0.1603,-0.0175,0.1849
200495,Right,2,0.2865,-0.1086,-0.9440,-0.1222,0.0139,-0.0123,0.0076,0.0332,0.1900,-0.0816,-5.5190,1.1226,7.9379,0.0002,-0.0002,0.0001,1.0000,-0.1380,0.0280,0.1984
200495,Pelvis,2,-0.5365,-0.4515,-0.5288,0.4781,-0.0771,-0.0794,0.0101,0.0699,0.1548,0.1479,9.9517,-0.3028,0.3367,-0.0010,-0.0010,0.0001,1.0000,0.2488,-0.0075,0.0087
200496,Left,0,0.3460,0.0566,-0.9343,0.0649,0.0009,-0.0066,0.0052,-0.0160,0.0910,-0.0127,-6.4049,-0.6881,7.3860,0.0000,-0.0001,0.0001,1.0000,-0.1601,-0.0172,0.1846
200496,Right,2,0.2863,-0.1086,-0.9441,-0.1221,0.0142,-0.0108,0.0099,0.0320,0.2069,-0.0607,-5.5229,1.1109,7.9630,0.0002,-0.0001,0.0001,1.0000,-0.1381,0.0277,0.1991
200496,Pelvis,2,-0.5374,-0.4512,-0.5290,0.4772,-0.0947,-0.0527,-0.0003,0.1200,0.0995,0.1442,9.9513,-0.2479,0.2727,-0.0012,-0.0007,-0.0000,1.0000,0.2488,-0.0062,0.0070
200497,Left,0,0.3459,0.0566,-0.9343,0.0649,0.0012,-0.0066,0.0044,-0.0187,0.1000,0.0001,-6.4101,-0.6988,7.3976,0.0000,-0.0001,0.0001,1.0000,-0.1603,-0.0175,0.1849
200497,Right,2,0.2860,-0.1086,-0.9442,-0.1222,0.0163,-0.0141,0.0111,0.0307,0.1969,-0.0540,-5.5234,1.1234,7.9687,0.0002,-0.0002,0.0001,1.0000,-0.1381,0.0280,0.1992
200497,Pelvis,2,-0.5382,-0.4506,-0.5296,0.4763,-0.1134,-0.0235,-0.0080,0.0619,0.0732,0.1474,9.9534,-0.3015,0.2295,-0.0014,-0.0003,-0.0001,1.0000,0.2488,-0.0076,0.0058
200498,Left,0,0.3457,0.0566,-0.9344,0.0648,0.0020,-0.0092,0.0022,-0.0159,0.0883,0.0091,-6.4149,-0.6880,7.4061,0.0000,-0.0001,0.0000,1.0000,-0.1604,-0.0172,0.1851
200498,Right,2,0.2857,-0.1086,-0.9443,-0.1220,0.0152,-0.0171,0.0124,0.0159,0.1950,-0.0713,-5.4967,1.1289,7.9652,0.0002,-0.0002,0.0002,1.0000,-0.1375,0.0282,0.1991
200498,Pelvis,2,-0.5388,-0.4499,-0.5304,0.4755,-0.1175,0.0016,-0.0134,-0.0206,0.0505,0.0984,9.9023,-0.3762,0.1924,-0.0015,0.0000,-0.0002,1.0000,0.2476,-0.0094,0.0048
200499,Left,0,0.3456,0.0566,-0.9344,0.0647,0.0006,-0.0088,0.0014,-0.0177,0.0981,-0.0307,-6.3861,-0.6966,7.3777,0.0000,-0.0001,0.0000,1.0000,-0.1597,-0.0174,0.1844
200499,Right,2,0.2855,-0.1087,-0.9444,-0.1219,0.0158,-0.0144,0.0114,0.0254,0.1909,-0.0694,-5.5021,1.1319,7.9634,0.0002,-0.0002,0.0001,1.0000,-0.1376,0.0282,0.1991
200499,Pelvis,2,-0.5391,-0.4490,-0.5313,0.4748,-0.1118,0.0267,-0.0169,-0.0847,0.0053,0.0777,9.8804,-0.4296,0.1419,-0.0014,0.0003,-0.0002,1.0000,0.2470,-0.0108,0.0035
200500,Left,0,0.3455,0.0567,-0.9345,0.0647,0.0003,-0.0088,0.0022,-0.0363,0.0903,-0.0239,-6.3735,-0.6934,7.3978,0.0000,-0.0001,0.0000,1.0000,-0.1594,-0.0173,0.1849
200500,Right,2,0.2852,-0.1087,-0.9445,-0.1218,0.0153,-0.0137,0.0111,0.0213,0.1954,-0.0913,-5.4812,1.1274,7.9517,0.0002,-0.0002,0.0001,1.0000,-0.1371,0.0281,0.1988
200500,Pelvis,2,-0.5394,-0.4482,-0.5322,0.4742,-0.1045,0.0326,-0.0141,-0.1182,-0.0072,-0.0518,9.7502,-0.4532,0.1299,-0.0013,0.0004,-0.0002,1.0000,0.2438,-0.0114,0.0032
200501,Left,0,0.3454,0.0567,-0.9345,0.0647,0.0002,-0.0037,0.0024,-0.0176,0.0954,-0.0089,-6.3959,-0.6974,7.3979,0.0000,-0.0000,0.0000,1.0000,-0.1599,-0.0174,0.1849
200501,Right,2,0.2850,-0.1087,-0.9445,-0.1218,0.0146,-0.0084,0.0106,-0.0027,0.1880,-0.1175,-5.4444,1.1396,7.9431,0.0002,-0.0001,0.0001,1.0000,-0.1361,0.0284,0.1986
200501,Pelvis,2,-0.5397,-0.4475,-0.5330,0.4736,-0.0938,0.0223,-0.0127,-0.1361,-0.0199,-0.0462,9.7555,-0.4662,0.1216,-0.0012,0.0003,-0.0002,1.0000,0.2439,-0.0117,0.0030
200502,Left,0,0.3453,0.0568,-0.9346,0.0646,-0.0012,-0.0040,0.0031,-0.0289,0.0964,-0.0145,-6.3824,-0.7011,7.4018,-0.0000,-0.0001,0.0000,1.0000,-0.1596,-0.0175,0.1850
200502,Right,2,0.2849,-0.1088,-0.9445,-0.1218,0.0163,-0.0034,0.0068,0.0295,0.1880,-0.0757,-5.4917,1.1372,7.9619,0.0002,-0.0000,0.0001,1.0000,-0.1373,0.0284,0.1990
200502,Pelvis,2,-0.5400,-0.4468,-0.5337,0.4732,-0.0844,0.0178,-0.0037,-0.1298,-0.0200,-0.0054,9.7966,-0.4596,0.1286,-0.0011,0.0002,-0.0000,1.0000,0.2449,-0.0115,0.0032
200503,Left,0,0.3452,0.0568,-0.9346,0.0646,0.0001,-0.0043,0.0039,-0.0204,0.1038,-0.0269,-6.3798,-0.7074,7.3871,0.0000,-0.0001,0.0000,1.0000,-0.1595,-0.0177,0.1847
200503,Right,2,0.2849,-0.1088,-0.9446,-0.1217,0.0151,-0.0007,0.0064,0.0214,0.1924,-0.0841,-5.4788,1.1350,7.9609,0.0002,-0.0000,0.0001,1.0000,-0.1370,0.0283,0.1990
200503,Pelvis,2,-0.5404,-0.4462,-0.5342,0.4727,-0.0764,0.0076,0.0015,-0.1015,0.0335,-0.0072,9.7944,-0.4396,0.1892,-0.0010,0.0001,0.0000,1.0000,0.2449,-0.0110,0.0047
200504,Left,0,0.3451,0.0568,-0.9346,0.0646,0.0009,-0.0025,0.0055,-0.0211,0.0929,-0.0271,-6.3771,-0.6973,7.3901,0.0000,-0.0000,0.0001,1.0000,-0.1594,-0.0174,0.1847
200504,Right,2,0.2848,-0.1088,-0.9446,-0.1217,0.0154,0.0019,0.0049,0.0193,0.1749,-0.0710,-5.4855,1.1549,7.9692,0.0002,0.0000,0.0001,1.0000,-0.1371,0.0288,0.1992
200504,Pelvis,2,-0.5408,-0.4457,-0.5347,0.4723,-0.0737,0.0028,-0.0002,-0.0740,0.0293,0.0234,9.8259,-0.4134,0.1915,-0.0009,0.0000,-0.0000,1.0000,0.2456,-0.0103,0.0048
200505,Left,0,0.3451,0.0568,-0.9346,0.0646,0.0011,-0.0010,0.0052,-0.0237,0.1019,-0.0143,-6.3832,-0.7079,7.4009,0.0000,-0.0000,0.0001,1.0000,-0.1596,-0.0177,0.1850
200505,Right,2,0.2847,-0.1088,-0.9446,-0.1218,0.0136,0.0021,0.0046,0.0307,0.1847,-0.0686,-5.4935,1.1434,7.9685,0.0002,0.0000,0.0001,1.0000,-0.1373,0.0285,0.1992
200505,Pelvis,2,-0.5412,-0.4452,-0.5351,0.4718,-0.0745,-0.0023,-0.0039,-0.0483,0.0318,0.0098,9.8130,-0.3879,0.1981,-0.0009,-0.0000,-0.0000,1.0000,0.2453,-0.0097,0.0050
200506,Left,0,0.3450,0.0568,-0.9347,0.0646,0.0019,-0.0007,0.0062,-0.0154,0.0893,-0.0180,-6.3852,-0.6943,7.3954,0.0000,-0.0000,0.0001,1.0000,-0.1596,-0.0174,0.1849
200506,Right,2,0.2846,-0.1088,-0.9446,-0.1218,0.0141,0.0023,0.0043,0.0351,0.1748,-0.0890,-5.4862,1.1491,7.9475,0.0002,0.0000,0.0001,1.0000,-0.1371,0.0287,0.1987
200506,Pelvis,2,-0.5416,-0.4448,-0.5355,0.4712,-0.0742,-0.0097,-0.0070,-0.0366,0.0100,0.0063,9.8104,-0.3717,0.1776,-0.0009,-0.0001,-0.0001,1.0000,0.2453,-0.0093,0.0045
200507,Left,0,0.3450,0.0568,-0.9347,0.0646,0.0026,0.0006,0.0071,-0.0215,0.0991,-0.0143,-6.3832,-0.7053,7.4011,0.0000,0.0000,0.0001,1.0000,-0.1596,-0.0177,0.1850
200507,Right,2,0.2846,-0.1088,-0.9446,-0.1217,0.0132,0.0011,0.0048,0.0302,0.2054,-0.0540,-5.4970,1.1264,7.9868,0.0002,0.0000,0.0001,1.0000,-0.1374,0.0281,0.1997
200507,Pelvis,2,-0.5421,-0.4444,-0.5359,0.4706,-0.0700,-0.0156,-0.0108,-0.0714,0.0268,0.0019,9.8047,-0.4066,0.1859,-0.0009,-0.0002,-0.0001,1.0000,0.2451,-0.0102,0.0047
200508,Right,2,0.2845,-0.1088,-0.9447,-0.1217,0.0131,-0.0044,0.0050,0.0337,0.1815,-0.0749,-5.4902,1.1453,7.9627,0.0002,-0.0001,0.0001,1.0000,-0.1373,0.0286,0.1991
200508,Pelvis,2,-0.5425,-0.4442,-0.5363,0.4700,-0.0644,-0.0184,-0.0143,-0.0592,0.0052,-0.0017,9.8021,-0.3885,0.1628,-0.0008,-0.0002,-0.0002,1.0000,0.2451,-0.0098,0.0041
200509,Left,0,0.3449,0.0568,-0.9347,0.0646,0.0018,-0.0012,0.0056,-0.0151,0.0917,-0.0115,-6.3885,-0.6966,7.4009,0.0000,-0.0000,0.0001,1.0000,-0.3194,-0.0349,0.3700
200509,Right,2,0.2844,-0.1088,-0.9447,-0.1217,0.0123,0.0016,0.0047,0.0347,0.1848,-0.0679,-5.4919,1.1433,7.9705,0.0002,0.0000,0.0001,1.0000,-0.1373,0.0285,0.1993
200509,Pelvis,2,-0.5428,-0.4440,-0.5366,0.4694,-0.0557,-0.0192,-0.0169,-0.0655,-0.0310,-0.0088,9.7958,-0.3852,0.1217,-0.0007,-0.0002,-0.0002,1.0000,0.2449,-0.0097,0.0031
200510,Left,0,0.3448,0.0568,-0.9347,0.0645,0.0040,-0.0032,0.0062,-0.0164,0.1044,-0.0140,-6.3851,-0.7103,7.3994,0.0000,-0.0000,0.0001,1.0000,-0.1596,-0.0178,0.1850
200510,Right,2,0.2843,-0.1088,-0.9447,-0.1217,0.0153,-0.0004,0.0047,0.0269,0.1959,-0.0692,-5.4817,1.1352,7.9772,0.0002,-0.0000,0.0001,1.0000,-0.1370,0.0283,0.1994
200510,Pelvis,2,-0.5431,-0.4439,-0.5368,0.4689,-0.0438,-0.0197,-0.0164,-0.1034,-0.0190,-0.0008,9.8027,-0.4216,0.1234,-0.0005,-0.0002,-0.0002,1.0000,0.2451,-0.0106,0.0032
200511,Left,0,0.3447,0.0568,-0.9348,0.0645,0.0006,-0.0025,0.0063,-0.0009,0.0806,-0.0214,-6.3889,-0.6841,7.3885,0.0000,-0.0000,0.0001,1.0000,-0.1597,-0.0171,0.1847
200511,Right,2,0.2843,-0.1088,-0.9448,-0.1217,0.0114,0.0013,0.0045,0.0290,0.1790,-0.0832,-5.4774,1.1489,7.9608,0.0001,0.0000,0.0001,1.0000,-0.1369,0.0287,0.1990
200511,Pelvis,2,-0.5433,-0.4439,-0.5369,0.4685,-0.0295,-0.0236,-0.0130,-0.1196,0.0092,-0.0107,9.7918,-0.4391,0.1437,-0.0004,-0.0003,-0.0002,1.0000,0.2448,-0.0110,0.0037
200512,Left,0,0.3447,0.0568,-0.9348,0.0645,0.0020,-0.0022,0.0056,-0.0323,0.0848,0.0017,-6.3796,-0.6950,7.4263,0.0000,-0.0000,0.0001,1.0000,-0.1595,-0.0174,0.1857
200512,Right,2,0.2842,-0.1088,-0.9448,-0.1217,0.0128,-0.0004,0.0033,0.0193,0.1832,-0.0780,-5.4706,1.1484,7.9719,0.0002,-0.0000,0.0000,1.0000,-0.1368,0.0287,0.1993
200512,Pelvis,2,-0.5434,-0.4439,-0.5370,0.4683,-0.0162,-0.0164,-0.0117,-0.0796,-0.0155,0.0163,9.8207,-0.3939,0.1225,-0.0002,-0.0002,-0.0001,1.0000,0.2455,-0.0099,0.0031
200513,Right,2,0.2841,-0.1089,-0.9448,-0.1219,0.0130,0.0012,0.0034,0.0176,0.1799,-0.0644,-5.4761,1.1544,7.9839,0.0002,0.0000,0.0000,1.0000,-0.1369,0.0288,0.1996
200513,Pelvis,2,-0.5435,-0.4439,-0.5370,0.4682,-0.0078,-0.0118,-0.0083,-0.0872,-0.0087,0.0243,9.8284,-0.4010,0.1256,-0.0001,-0.0001,-0.0001,1.0000,0.2457,-0.0100,0.0032
200514,Left,0,0.3446,0.0568,-0.9348,0.0645,0.0025,0.0002,0.0066,-0.0335,0.1090,-0.0160,-6.3683,-0.7174,7.4107,0.0001,0.0000,0.0002,1.0000,-0.3184,-0.0359,0.3705
200514,Right,2,0.2841,-0.1089,-0.9448,-0.1219,0.0128,0.0053,0.0008,0.0021,0.1923,-0.0812,-5.4521,1.1446,7.9814,0.0002,0.0001,0.0000,1.0000,-0.1363,0.0286,0.1995
200514,Pelvis,2,-0.5435,-0.4439,-0.5370,0.4682,-0.0019,-0.0005,-0.0034,-0.0649,-0.0108,0.0232,9.8280,-0.3779,0.1267,-0.0000,-0.0000,-0.0000,1.0000,0.2457,-0.0095,0.0032
200515,Left,0,0.3446,0.0568,-0.9348,0.0645,0.0010,0.0041,0.0054,-0.0266,0.1006,-0.0287,-6.3636,-0.7083,7.3987,0.0000,0.0001,0.0001,1.0000,-0.1591,-0.0177,0.1850
200515,Right,2,0.2841,-0.1089,-0.9447,-0.1221,0.0124,0.0101,-0.0007,0.0128,0.1678,-0.0867,-5.4616,1.1638,7.9648,0.0002,0.0001,-0.0000,1.0000,-0.1365,0.0291,0.1991
200515,Pelvis,2,-0.5434,-0.4438,-0.5371,0.4683,0.0055,0.0046,-0.0010,-0.0659,0.0143,0.0552,9.8595,-0.3842,0.1533,0.0001,0.0001,-0.0000,1.0000,0.2465,-0.0096,0.0038
200516,Left,0,0.3446,0.0568,-0.9348,0.0645,0.0016,0.0048,0.0078,-0.0329,0.0903,-0.0162,-6.3664,-0.7003,7.4134,0.0000,0.0001,0.0001,1.0000,-0.1591,-0.0175,0.1853
200516,Right,2,0.2843,-0.1088,-0.9447,-0.1219,0.0122,0.0108,-0.0005,0.0309,0.1832,-0.0754,-5.4825,1.1441,7.9676,0.0002,0.0001,-0.0000,1.0000,-0.1370,0.0286,0.1992
200516,Pelvis,2,-0.5433,-0.4439,-0.5370,0.4685,0.0163,0.0065,0.0020,-0.0432,0.0324,0.0463,9.8508,-0.3653,0.1775,0.0002,0.0001,0.0000,1.0000,0.2463,-0.0091,0.0044
200518,Left,0,0.3446,0.0568,-0.9348,0.0645,0.0017,0.0040,0.0086,-0.0291,0.0933,-0.0116,-6.3732,-0.7020,7.4136,0.0000,0.0001,0.0002,1.0000,-0.3186,-0.0352,0.3707
200518,Right,2,0.2845,-0.1088,-0.9447,-0.1219,0.0121,0.0079,0.0000,0.0336,0.1863,-0.0674,-5.4918,1.1417,7.9715,0.0003,0.0002,0.0000,1.0000,-0.2745,0.0570,0.3986
200518,Pelvis,2,-0.5432,-0.4440,-0.5367,0.4687,0.0172,-0.0054,0.0026,0.0080,0.0523,-0.0488,9.7567,-0.3165,0.2048,0.0004,-0.0001,0.0001,1.0000,0.4878,-0.0158,0.0103
200519,Left,0,0.3446,0.0569,-0.9348,0.0645,-0.0002,0.0047,0.0073,-0.0136,0.1028,-0.0102,-6.3865,-0.7099,7.4033,-0.0000,0.0001,0.0001,1.0000,-0.1597,-0.0178,0.1851
200519,Right,2,0.2845,-0.1087,-0.9447,-0.1219,0.0121,0.0049,0.0028,0.0390,0.1790,-0.0663,-5.4982,1.1446,7.9678,0.0002,0.0001,0.0000,1.0000,-0.1374,0.0286,0.1992
200519,Pelvis,2,-0.5432,-0.4442,-0.5365,0.4688,0.0197,-0.0197,0.0008,0.0329,0.0427,-0.0477,9.7587,-0.2925,0.1982,0.0002,-0.0002,0.0000,1.0000,0.2440,-0.0073,0.0050
200520,Left,0,0.3446,0.0569,-0.9348,0.0645,0.0031,0.0030,0.0081,-0.0126,0.0813,-0.0015,-6.3913,-0.6893,7.4124,0.0000,0.0000,0.0001,1.0000,-0.1598,-0.0173,0.1853
200520,Right,2,0.2845,-0.1086,-0.9447,-0.1219,0.0109,0.0023,0.0010,0.0513,0.1752,-0.0779,-5.5023,1.1424,7.9511,0.0001,0.0000,0.0000,1.0000,-0.1376,0.0285,0.1988
200520,Pelvis,2,-0.5432,-0.4445,-0.5362,0.4689,0.0252,-0.0303,-0.0007,0.0197,0.0006,-0.0209,9.7861,-0.2999,0.1501,0.0003,-0.0004,-0.0000,1.0000,0.2447,-0.0075,0.0038
200521,Left,0,0.3446,0.0569,-0.9348,0.0645,0.0024,0.0032,0.0077,-0.0221,0.0919,-0.0068,-6.3815,-0.7007,7.4128,0.0000,0.0000,0.0001,1.0000,-0.1595,-0.0175,0.1853
200521,Right,2,0.2844,-0.1086,-0.9447,-0.1219,0.0111,0.0012,0.0040,0.0382,0.1857,-0.0521,-5.5035,1.1393,7.9824,0.0001,0.0000,0.0000,1.0000,-0.1376,0.0284,0.1996
200521,Pelvis,2,-0.5432,-0.4449,-0.5358,0.4689,0.0274,-0.0339,-0.0028,0.0278,0.0584,-0.0124,9.7938,-0.3019,0.2021,0.0003,-0.0004,-0.0000,1.0000,0.2448,-0.0076,0.0052
200522,Left,0,0.3447,0.0569,-0.9348,0.0645,0.0004,0.0041,0.0071,-0.0210,0.0904,-0.0068,-6.3823,-0.6993,7.4122,0.0000,0.0001,0.0001,1.0000,-0.1595,-0.0175,0.1853
200522,Right,2,0.2843,-0.1086,-0.9447,-0.1219,0.0108,0.0013,0.0026,0.0301,0.1762,-0.0610,-5.4925,1.1489,7.9775,0.0001,0.0000,0.0000,1.0000,-0.1373,0.0287,0.1994
200522,Pelvis,2,-0.5433,-0.4453,-0.5355,0.4689,0.0316,-0.0378,-0.0058,0.0198,0.0447,0.0034,9.8097,-0.3076,0.1801,0.0004,-0.0005,-0.0001,1.0000,0.2452,-0.0077,0.0046
200523,Left,0,0.3446,0.0569,-0.9348,0.0645,0.0010,0.0020,0.0063,-0.0357,0.0922,-0.0215,-6.3617,-0.7029,7.4102,0.0000,0.0000,0.0001,1.0000,-0.1590,-0.0176,0.1853
200523,Right,2,0.2843,-0.1085,-0.9447,-0.1218,0.0112,-0.0004,0.0045,0.0297,0.1728,-0.0609,-5.4925,1.1516,7.9771,0.0001,-0.0000,0.0001,1.0000,-0.1373,0.0288,0.1994
200523,Pelvis,2,-0.5433,-0.4458,-0.5351,0.4689,0.0333,-0.0410,-0.0093,0.0284,0.0356,-0.0046,9.8023,-0.2962,0.1640,0.0004,-0.0005,-0.0001,1.0000,0.2451,-0.0074,0.0042
200524,Left,0,0.3446,0.0569,-0.9348,0.0645,0.0010,0.0029,0.0084,-0.0259,0.0987,-0.0031,-6.3815,-0.7091,7.4171,0.0000,0.0000,0.0001,1.0000,-0.1595,-0.0177,0.1854
200524,Right,2,0.2843,-0.1085,-0.9448,-0.1218,0.0118,-0.0000,0.0033,0.0215,0.1568,-0.0768,-5.4792,1.1666,7.9643,0.0001,-0.0000,0.0000,1.0000,-0.1370,0.0291,0.1991
200524,Pelvis,2,-0.5433,-0.4463,-0.5346,0.4689,0.0349,-0.0420,-0.0076,0.0348,0.0663,-0.0066,9.8002,-0.2934,0.1864,0.0004,-0.0005,-0.0001,1.0000,0.2450,-0.0074,0.0048
200525,Left,0,0.3446,0.0569,-0.9348,0.0645,0.0003,0.0021,0.0059,-0.0176,0.0861,-0.0068,-6.3841,-0.6955,7.4110,0.0000,0.0000,0.0001,1.0000,-0.1596,-0.0174,0.1853
200525,Right,2,0.2842,-0.1085,-0.9448,-0.1219,0.0121,-0.0006,0.0023,0.0215,0.1807,-0.0621,-5.4821,1.1458,7.9837,0.0002,-0.0000,0.0000,1.0000,-0.1371,0.0286,0.1996
200525,Pelvis,2,-0.5433,-0.4468,-0.5342,0.4688,0.0342,-0.0465,-0.0082,0.0017,0.0696,0.0151,9.8210,-0.3260,0.1750,0.0004,-0.0006,-0.0001,1.0000,0.2455,-0.0082,0.0045
200526,Left,0,0.3446,0.0570,-0.9348,0.0645,0.0010,0.0035,0.0069,-0.0237,0.0958,-0.0030,-6.3827,-0.7067,7.4163,0.0000,0.0000,0.0001,1.0000,-0.1596,-0.0177,0.1854
200526,Right,2,0.2842,-0.1084,-0.9448,-0.1218,0.0110,-0.0012,0.0038,0.0324,0.1771,-0.0737,-5.4853,1.1437,7.9676,0.0001,-0.0000,0.0000,1.0000,-0.1371,0.0286,0.1992
200526,Pelvis,2,-0.5433,-0.4473,-0.5337,0.4689,0.0399,-0.0415,-0.0073,0.0201,0.0798,0.0095,9.8161,-0.3081,0.1786,0.0005,-0.0005,-0.0001,1.0000,0.2454,-0.0077,0.0046
200527,Left,0,0.3446,0.0570,-0.9348,0.0645,-0.0006,0.0029,0.0049,-0.0188,0.0840,-0.0158,-6.3770,-0.6942,7.4052,-0.0000,0.0000,0.0001,1.0000,-0.1594,-0.0174,0.1851
200527,Right,2,0.2841,-0.1084,-0.9448,-0.1218,0.0113,-0.0034,0.0041,0.0355,0.1739,-0.0872,-5.4792,1.1435,7.9553,0.0001,-0.0000,0.0001,1.0000,-0.1370,0.0286,0.1989
200527,Pelvis,2,-0.5433,-0.4478,-0.5333,0.4689,0.0437,-0.0390,-0.0102,0.0167,0.0739,0.0220,9.8287,-0.3093,0.1640,0.0005,-0.0005,-0.0001,1.0000,0.2457,-0.0078,0.0042
200528,Left,0,0.3446,0.0570,-0.9348,0.0645,0.0002,0.0026,0.0074,-0.0251,0.0737,-0.0034,-6.3795,-0.6865,7.4202,0.0000,0.0000,0.0001,1.0000,-0.1595,-0.0172,0.1855
200528,Right,2,0.2841,-0.1083,-0.9449,-0.1217,0.0114,-0.0059,0.0053,0.0299,0.1902,-0.0525,-5.4901,1.1339,7.9920,0.0001,-0.0001,0.0001,1.0000,-0.1373,0.0283,0.1998
200528,Pelvis,2,-0.5432,-0.4483,-0.5329,0.4690,0.0418,-0.0323,-0.0117,0.0318,0.0491,0.0717,9.8794,-0.2898,0.1350,0.0005,-0.0004,-0.0001,1.0000,0.2470,-0.0073,0.0035
200529,Left,0,0.3446,0.0571,-0.9348,0.0645,0.0009,0.0015,0.0057,-0.0153,0.0801,0.0150,-6.3991,-0.6929,7.4271,0.0000,0.0000,0.0001,1.0000,-0.1600,-0.0173,0.1857
200529,Right,2,0.2839,-0.1083,-0.9449,-0.1218,0.0115,-0.0076,0.0067,0.0424,0.1727,-0.0646,-5.4932,1.1455,7.9730,0.0001,-0.0001,0.0001,1.0000,-0.1374,0.0286,0.1993
200529,Pelvis,2,-0.5430,-0.4488,-0.5326,0.4691,0.0408,-0.0247,-0.0082,0.0172,0.0342,0.0466,9.8541,-0.2991,0.1121,0.0005,-0.0003,-0.0001,1.0000,0.2464,-0.0075,0.0029
200530,Left,0,0.3446,0.0571,-0.9348,0.0644,0.0002,0.0017,0.0053,-0.0479,0.0851,0.0074,-6.3696,-0.7032,7.4416,0.0000,0.0000,0.0001,1.0000,-0.1592,-0.0176,0.1860
200530,Right,2,0.2837,-0.1083,-0.9450,-0.1217,0.0116,-0.0105,0.0054,0.0344,0.1770,-0.0729,-5.4790,1.1424,7.9732,0.0001,-0.0001,0.0001,1.0000,-0.1370,0.0285,0.1993
200530,Pelvis,2,-0.5429,-0.4492,-0.5323,0.4693,0.0410,-0.0235,-0.0052,0.0257,0.0419,0.0217,9.8295,-0.2902,0.1165,0.0005,-0.0003,-0.0001,1.0000,0.2457,-0.0073,0.0030
200531,Left,0,0.3445,0.0571,-0.9348,0.0644,-0.0004,0.0003,0.0044,-0.0271,0.0901,0.0006,-6.3808,-0.7052,7.4227,-0.0000,0.0000,0.0001,1.0000,-0.1595,-0.0176,0.1856
200531,Right,2,0.2835,-0.1082,-0.9450,-0.1217,0.0119,-0.0145,0.0071,0.0172,0.1667,-0.0412,-5.4817,1.1614,8.0070,0.0001,-0.0002,0.0001,1.0000,-0.1371,0.0290,0.2002
200531,Pelvis,2,-0.5427,-0.4495,-0.5319,0.4695,0.0419,-0.0192,-0.0058,-0.0073,0.0288,-0.0238,9.7832,-0.3187,0.0945,0.0005,-0.0002,-0.0001,1.0000,0.2446,-0.0080,0.0024
200532,Right,2,0.2833,-0.1083,-0.9451,-0.1218,0.0137,-0.0133,0.0091,0.0166,0.1857,-0.0760,-5.4542,1.1396,7.9869,0.0002,-0.0002,0.0001,1.0000,-0.1364,0.0284,0.1997
200532,Pelvis,2,-0.5426,-0.4500,-0.5316,0.4697,0.0443,-0.0231,-0.0059,-0.0073,0.0243,-0.0330,9.7742,-0.3170,0.0861,0.0006,-0.0003,-0.0001,1.0000,0.2444,-0.0079,0.0022
200533,Right,2,0.2831,-0.1082,-0.9452,-0.1218,0.0103,-0.0127,0.0069,0.0254,0.1677,-0.0746,-5.4615,1.1546,7.9810,0.0001,-0.0002,0.0001,1.0000,-0.1366,0.0288,0.1995
200534,Left,2,0.3444,0.0572,-0.9349,0.0644,-0.0003,-0.0001,0.0051,-0.0179,0.0876,-0.0235,-6.3713,-0.7000,7.3995,-0.0000,-0.0000,0.0002,1.0000,-0.4778,-0.0526,0.5550
200534,Right,2,0.2830,-0.1082,-0.9452,-0.1217,0.0116,-0.0092,0.0072,0.0043,0.1522,-0.0789,-5.4425,1.1745,7.9856,0.0001,-0.0001,0.0001,1.0000,-0.1361,0.0293,0.1996
200534,Pelvis,2,-0.5423,-0.4509,-0.5308,0.4699,0.0451,-0.0290,-0.0085,0.0136,0.0046,-0.0065,9.8017,-0.2920,0.0616,0.0011,-0.0007,-0.0002,1.0000,0.4901,-0.0147,0.0034
200535,Left,2,0.3444,0.0573,-0.9349,0.0643,0.0021,0.0003,0.0053,-0.0385,0.0875,-0.0140,-6.3600,-0.7069,7.4212,0.0000,0.0000,0.0001,1.0000,-0.1590,-0.0177,0.1855
200535,Right,2,0.2828,-0.1081,-0.9453,-0.1216,0.0121,-0.0095,0.0044,0.0166,0.1687,-0.0829,-5.4448,1.1545,7.9824,0.0002,-0.0001,0.0001,1.0000,-0.1361,0.0288,0.1995
200535,Pelvis,2,-0.5422,-0.4514,-0.5304,0.4700,0.0389,-0.0297,-0.0089,0.0116,-0.0426,0.0106,9.8192,-0.2858,0.0066,0.0005,-0.0004,-0.0001,1.0000,0.2455,-0.0072,0.0003
200536,Left,2,0.3443,0.0573,-0.9349,0.0643,0.0022,0.0008,0.0059,-0.0305,0.0843,0.0042,-6.3771,-0.7039,7.4308,0.0000,0.0000,0.0001,1.0000,-0.1594,-0.0176,0.1858
200536,Right,2,0.2828,-0.1081,-0.9453,-0.1216,0.0107,-0.0038,0.0053,0.0169,0.1792,-0.0822,-5.4422,1.1442,7.9867,0.0001,-0.0000,0.0001,1.0000,-0.1361,0.0286,0.1997
200536,Pelvis,2,-0.5422,-0.4518,-0.5301,0.4701,0.0343,-0.0313,-0.0082,0.0216,-0.0446,0.0208,9.8298,-0.2747,-0.0002,0.0004,-0.0004,-0.0001,1.0000,0.2457,-0.0069,0.0001
200537,Left,2,0.3443,0.0573,-0.9349,0.0643,0.0007,0.0035,0.0077,-0.0431,0.0863,-0.0322,-6.3438,-0.7059,7.4112,0.0000,0.0000,0.0001,1.0000,-0.1586,-0.0177,0.1853
200537,Right,2,0.2827,-0.1080,-0.9453,-0.1217,0.0098,0.0026,0.0018,-0.0227,0.1670,-0.1328,-5.3821,1.1600,7.9634,0.0001,0.0000,0.0000,1.0000,-0.1345,0.0290,0.1991
200537,Pelvis,2,-0.5421,-0.4522,-0.5297,0.4701,0.0318,-0.0319,-0.0086,0.0013,-0.0246,0.0142,9.8225,-0.2966,0.0102,0.0004,-0.0004,-0.0001,1.0000,0.2456,-0.0074,0.0004
200538,Left,2,0.3443,0.0573,-0.9349,0.0643,0.0007,0.0056,0.0068,-0.0242,0.0910,-0.0173,-6.3683,-0.7089,7.4095,0.0000,0.0001,0.0001,1.0000,-0.1592,-0.0177,0.1852
200538,Right,2,0.2828,-0.1080,-0.9453,-0.1217,0.0098,0.0100,-0.0021,0.0099,0.1597,-0.0981,-5.4300,1.1608,7.9728,0.0001,0.0001,-0.0000,1.0000,-0.1357,0.0290,0.1993
200538,Pelvis,2,-0.5420,-0.4525,-0.5295,0.4702,0.0320,-0.0163,-0.0132,-0.0193,-0.0421,0.0322,9.8400,-0.3135,-0.0145,0.0004,-0.0002,-0.0002,1.0000,0.2460,-0.0079,-0.0003
200539,Left,2,0.3444,0.0573,-0.9349,0.0643,0.0004,0.0081,0.0073,-0.0271,0.0799,0.0042,-6.3800,-0.7001,7.4287,0.0000,0.0001,0.0001,1.0000,-0.1595,-0.0175,0.1857
200539,Right,2,0.2828,-0.1079,-0.9452,-0.1219,0.0098,0.0117,-0.0035,0.0112,0.1767,-0.0904,-5.4332,1.1440,7.9828,0.0001,0.0001,-0.0000,1.0000,-0.1358,0.0286,0.1996
200539,Pelvis,2,-0.5416,-0.4528,-0.5295,0.4704,0.0311,0.0064,-0.0169,-0.0132,-0.0316,0.0380,9.8460,-0.3065,-0.0034,0.0004,0.0001,-0.0002,1.0000,0.2461,-0.0077,-0.0001
200540,Left,2,0.3445,0.0573,-0.9348,0.0643,0.0014,0.0080,0.0069,-0.0237,0.0985,-0.0261,-6.3651,-0.7164,7.3999,0.0000,0.0001,0.0001,1.0000,-0.1591,-0.0179,0.1850
200540,Right,2,0.2830,-0.1079,-0.9452,-0.1219,0.0104,0.0126,-0.0022,-0.0032,0.1665,-0.0722,-5.4356,1.1585,8.0010,0.0001,0.0002,-0.0000,1.0000,-0.1359,0.0289,0.2001
200540,Pelvis,2,-0.5412,-0.4529,-0.5295,0.4707,0.0303,0.0211,-0.0159,0.0079,0.0091,0.0521,9.8605,-0.2892,0.0450,0.0004,0.0003,-0.0002,1.0000,0.2465,-0.0073,0.0011
200541,Left,2,0.3445,0.0574,-0.9348,0.0643,-0.0009,0.0083,0.0086,-0.0284,0.0778,-0.0048,-6.3748,-0.6983,7.4213,-0.0000,0.0001,0.0001,1.0000,-0.1593,-0.0175,0.1855
200541,Right,2,0.2831,-0.1078,-0.9452,-0.1219,0.0092,0.0140,-0.0043,0.0141,0.1544,-0.0619,-5.4595,1.1645,7.9961,0.0001,0.0002,-0.0001,1.0000,-0.1365,0.0291,0.1999
200541,Pelvis,2,-0.5408,-0.4530,-0.5296,0.4710,0.0269,0.0261,-0.0136,0.0370,0.0762,0.0245,9.8332,-0.2671,0.1225,0.0003,0.0003,-0.0002,1.0000,0.2458,-0.0067,0.0030
200542,Left,2,0.3446,0.0574,-0.9348,0.0643,0.0003,0.0077,0.0067,-0.0111,0.0930,0.0012,-6.3938,-0.7114,7.4118,0.0000,0.0001,0.0001,1.0000,-0.1598,-0.0178,0.1853
200542,Right,2,0.2833,-0.1078,-0.9451,-0.1220,0.0105,0.0141,-0.0013,0.0224,0.1570,-0.0529,-5.4735,1.1592,7.9984,0.0001,0.0002,-0.0000,1.0000,-0.1368,0.0290,0.2000
200542,Pelvis,2,-0.5404,-0.4530,-0.5297,0.4713,0.0233,0.0201,-0.0126,0.0307,0.1030,0.0249,9.8331,-0.2752,0.1553,0.0003,0.0003,-0.0002,1.0000,0.2458,-0.0069,0.0038
200543,Left,2,0.3446,0.0575,-0.9348,0.0644,-0.0012,0.0049,0.0077,-0.0223,0.0940,-0.0043,-6.3823,-0.7144,7.4141,-0.0000,0.0001,0.0001,1.0000,-0.1595,-0.0179,0.1854
200543,Right,2,0.2833,-0.1078,-0.9451,-0.1221,0.0123,0.0085,-0.0016,0.0173,0.1685,-0.0677,-5.4602,1.1468,7.9915,0.0002,0.0001,-0.0000,1.0000,-0.1365,0.0286,0.1998
200543,Pelvis,2,-0.5402,-0.4531,-0.5297,0.4715,0.0197,0.0096,-0.0088,0.0300,0.1288,-0.0270,9.7809,-0.2765,0.1855,0.0002,0.0001,-0.0001,1.0000,0.2445,-0.0069,0.0046
200544,Left,2,0.3446,0.0574,-0.9348,0.0643,0.0032,0.0040,0.0072,-0.0355,0.0853,-0.0101,-6.3682,-0.7079,7.4192,0.0000,0.0001,0.0001,1.0000,-0.1592,-0.0177,0.1855
200544,Right,2,0.2833,-0.1077,-0.9451,-0.1221,0.0109,0.0045,0.0021,0.0178,0.1715,-0.0605,-5.4637,1.1441,7.9984,0.0001,0.0001,0.0000,1.0000,-0.1366,0.0286,0.2000
200544,Pelvis,2,-0.5401,-0.4532,-0.5296,0.4716,0.0142,-0.0015,-0.0053,0.0486,0.0889,-0.0661,9.7428,-0.2502,0.1508,0.0002,-0.0000,-0.0001,1.0000,0.2436,-0.0063,0.0038
200545,Left,2,0.3446,0.0575,-0.9348,0.0643,-0.0001,0.0032,0.0067,-0.0164,0.0806,-0.0172,-6.3776,-0.7000,7.4024,-0.0000,0.0000,0.0001,1.0000,-0.1594,-0.0175,0.1851
200545,Right,2,0.2833,-0.1077,-0.9451,-0.1220,0.0119,0.0040,0.0021,-0.0018,0.1630,-0.0713,-5.4444,1.1553,7.9965,0.0001,0.0001,0.0000,1.0000,-0.1361,0.0289,0.1999
200545,Pelvis,2,-0.5401,-0.4533,-0.5296,0.4716,0.0057,-0.0088,-0.0055,0.0429,0.0851,-0.0229,9.7858,-0.2562,0.1467,0.0001,-0.0001,-0.0001,1.0000,0.2446,-0.0064,0.0037
200546,Left,2,0.3446,0.0575,-0.9348,0.0643,0.0016,0.0029,0.0067,-0.0297,0.0814,-0.0010,-6.3781,-0.7045,7.4230,0.0000,0.0000,0.0001,1.0000,-0.1594,-0.0176,0.1856
200546,Right,2,0.2834,-0.1076,-0.9451,-0.1220,0.0115,0.0022,0.0029,0.0168,0.1581,-0.0675,-5.4628,1.1544,7.9887,0.0001,0.0000,0.0000,1.0000,-0.1366,0.0288,0.1997
200546,Pelvis,2,-0.5401,-0.4534,-0.5295,0.4716,0.0039,-0.0121,-0.0034,0.0143,0.0418,0.0368,9.8451,-0.2798,0.0986,0.0000,-0.0002,-0.0000,1.0000,0.2461,-0.0070,0.0025
200547,Left,2,0.3446,0.0575,-0.9348,0.0643,0.0007,0.0041,0.0063,-0.0195,0.0783,-0.0045,-6.3832,-0.7000,7.4143,0.0000,0.0001,0.0001,1.0000,-0.1596,-0.0175,0.1854
200547,Right,2,0.2834,-0.1076,-0.9451,-0.1220,0.0120,0.0025,0.0026,0.0193,0.1690,-0.0803,-5.4566,1.1409,7.9795,0.0002,0.0000,0.0000,1.0000,-0.1364,0.0285,0.1995
200547,Pelvis,2,-0.5402,-0.4534,-0.5294,0.4715,-0.0010,-0.0134,-0.0009,0.0469,0.0261,-0.0123,9.7971,-0.2444,0.0853,-0.0000,-0.0002,-0.0000,1.0000,0.2449,-0.0061,0.0022
200548,Left,2,0.3446,0.0575,-0.9348,0.0643,0.0020,0.0033,0.0065,-0.0291,0.0688,-0.0012,-6.3774,-0.6928,7.4243,0.0000,0.0000,0.0001,1.0000,-0.1594,-0.0173,0.1856
200548,Right,2,0.2834,-0.1076,-0.9451,-0.1220,0.0120,0.0016,0.0033,0.0143,0.1646,-0.0532,-5.4679,1.1497,8.0035,0.0002,0.0000,0.0000,1.0000,-0.1367,0.0287,0.2001
200548,Pelvis,2,-0.5403,-0.4534,-0.5294,0.4714,-0.0082,-0.0193,-0.0005,0.0294,0.0303,-0.0235,9.7854,-0.2623,0.0841,-0.0001,-0.0002,-0.0000,1.0000,0.2446,-0.0066,0.0022
200549,Left,2,0.3446,0.0576,-0.9348,0.0643,-0.0005,0.0013,0.0064,-0.0240,0.0770,-0.0227,-6.3676,-0.6992,7.4038,-0.0000,0.0000,0.0001,1.0000,-0.1592,-0.0175,0.1851
200549,Right,2,0.2834,-0.1075,-0.9451,-0.1219,0.0120,0.0030,0.0050,0.0083,0.1557,-0.0757,-5.4516,1.1566,7.9860,0.0001,0.0000,0.0001,1.0000,-0.1363,0.0289,0.1997
200549,Pelvis,2,-0.5405,-0.4534,-0.5293,0.4713,-0.0114,-0.0218,0.0025,0.0323,0.0397,0.0038,9.8127,-0.2629,0.0896,-0.0001,-0.0003,0.0000,1.0000,0.2453,-0.0066,0.0023
200550,Left,2,0.3446,0.0576,-0.9348,0.0643,0.0024,0.0032,0.0077,-0.0268,0.0859,-0.0098,-6.3746,-0.7095,7.4139,0.0000,0.0000,0.0001,1.0000,-0.1594,-0.0178,0.1854
200550,Right,2,0.2833,-0.1075,-0.9451,-0.1220,0.0138,0.0009,0.0011,0.0200,0.1586,-0.0802,-5.4575,1.1496,7.9775,0.0002,0.0000,0.0000,1.0000,-0.1364,0.0287,0.1994
200550,Pelvis,2,-0.5407,-0.4534,-0.5292,0.4712,-0.0136,-0.0187,0.0015,0.0029,0.0266,0.0208,9.8289,-0.2922,0.0688,-0.0002,-0.0002,0.0000,1.0000,0.2457,-0.0073,0.0018
200551,Left,2,0.3445,0.0576,-0.9348,0.0643,0.0012,0.0024,0.0069,-0.0254,0.0844,-0.0097,-6.3752,-0.7080,7.4135,0.0000,0.0000,0.0001,1.0000,-0.1594,-0.0177,0.1853
200551,Right,2,0.2833,-0.1075,-0.9452,-0.1220,0.0124,0.0017,0.0038,0.0206,0.1550,-0.0801,-5.4577,1.1526,7.9770,0.0002,0.0000,0.0000,1.0000,-0.1364,0.0288,0.1994
200551,Pelvis,2,-0.5410,-0.4533,-0.5291,0.4710,-0.0139,-0.0197,0.0029,0.0034,0.0426,0.0040,9.8120,-0.2949,0.0807,-0.0002,-0.0002,0.0000,1.0000,0.2453,-0.0074,0.0021
200552,Left,2,0.3445,0.0576,-0.9348,0.0643,0.0002,0.0011,0.0068,-0.0333,0.0845,-0.0062,-6.3714,-0.7100,7.4214,0.0000,0.0000,0.0001,1.0000,-0.1593,-0.0178,0.1855
200552,Right,2,0.2832,-0.1075,-0.9452,-0.1220,0.0118,0.0008,0.0026,0.0204,0.1516,-0.0801,-5.4579,1.1554,7.9765,0.0001,0.0000,0.0000,1.0000,-0.1364,0.0289,0.1994
200552,Pelvis,2,-0.5412,-0.4533,-0.5291,0.4709,-0.0145,-0.0205,0.0023,0.0015,0.0607,0.0179,9.8257,-0.3015,0.0944,-0.0002,-0.0003,0.0000,1.0000,0.2456,-0.0075,0.0024
200553,Left,2,0.3445,0.0576,-0.9348,0.0643,0.0013,0.0029,0.0075,-0.0448,0.0654,-0.0031,-6.3630,-0.6937,7.4341,0.0000,0.0000,0.0001,1.0000,-0.1591,-0.0174,0.1859
200553,Right,2,0.2832,-0.1075,-0.9452,-0.1220,0.0131,-0.0004,0.0039,0.0131,0.1560,-0.0883,-5.4455,1.1520,7.9754,0.0002,-0.0000,0.0000,1.0000,-0.1361,0.0288,0.1994
200553,Pelvis,2,-0.5414,-0.4533,-0.5290,0.4708,-0.0126,-0.0239,0.0014,0.0105,0.0513,0.0098,9.8179,-0.2927,0.0822,-0.0002,-0.0003,0.0000,1.0000,0.2454,-0.0073,0.0021
200554,Right,2,0.2831,-0.1075,-0.9452,-0.1221,0.0111,0.0003,0.0046,0.0092,0.1384,-0.0754,-5.4521,1.1713,7.9835,0.0001,0.0000,0.0001,1.0000,-0.1363,0.0292,0.1996
200554,Pelvis,2,-0.5417,-0.4533,-0.5289,0.4706,-0.0140,-0.0269,0.0017,0.0316,0.0421,-0.0096,9.7992,-0.2711,0.0711,-0.0002,-0.0003,0.0000,1.0000,0.2450,-0.0068,0.0019
200555,Left,2,0.3445,0.0576,-0.9348,0.0643,0.0016,0.0028,0.0077,-0.0345,0.0824,-0.0152,-6.3644,-0.7074,7.4157,0.0000,0.0001,0.0002,1.0000,-0.3182,-0.0354,0.3708
200555,Right,2,0.2831,-0.1074,-0.9452,-0.1221,0.0125,0.0001,0.0044,0.0198,0.1479,-0.0728,-5.4597,1.1592,7.9834,0.0002,0.0000,0.0001,1.0000,-0.1365,0.0289,0.1996
200555,Pelvis,2,-0.5419,-0.4533,-0.5288,0.4704,-0.0140,-0.0302,0.0010,0.0013,0.0256,-0.0018,9.8062,-0.3001,0.0447,-0.0002,-0.0004,0.0000,1.0000,0.2452,-0.0075,0.0012
200556,Left,2,0.3445,0.0576,-0.9348,0.0643,0.0007,0.0041,0.0063,-0.0232,0.0778,-0.0188,-6.3698,-0.7020,7.4068,0.0000,0.0001,0.0001,1.0000,-0.1592,-0.0176,0.1852
200556,Right,2,0.2830,-0.1075,-0.9452,-0.1222,0.0136,-0.0011,0.0042,0.0151,0.1594,-0.0875,-5.4439,1.1480,7.9782,0.0002,-0.0000,0.0001,1.0000,-0.1361,0.0287,0.1995
200556,Pelvis,2,-0.5422,-0.4533,-0.5286,0.4702,-0.0121,-0.0282,0.0016,-0.0065,0.0087,0.0048,9.8127,-0.3073,0.0203,-0.0002,-0.0004,0.0000,1.0000,0.2453,-0.0077,0.0006
200557,Left,2,0.3445,0.0577,-0.9348,0.0642,0.0020,0.0039,0.0050,-0.0275,0.0971,-0.0147,-6.3710,-0.7225,7.4094,0.0000,0.0000,0.0001,1.0000,-0.1593,-0.0181,0.1852
200557,Right,2,0.2829,-0.1074,-0.9453,-0.1222,0.0111,-0.0019,0.0036,0.0258,0.1551,-0.0855,-5.4524,1.1492,7.9745,0.0001,-0.0000,0.0000,1.0000,-0.1363,0.0287,0.1994
200557,Pelvis,2,-0.5424,-0.4534,-0.5285,0.4700,-0.0122,-0.0288,0.0017,-0.0025,-0.0051,0.0091,9.8172,-0.3020,0.0015,-0.0002,-0.0004,0.0000,1.0000,0.2454,-0.0075,0.0001
200559,Left,2,0.3445,0.0576,-0.9348,0.0643,0.0017,0.0033,0.0073,-0.0420,0.0785,-0.0053,-6.3653,-0.7065,7.4281,0.0000,0.0001,0.0002,1.0000,-0.3182,-0.0354,0.3714
200559,Right,2,0.2827,-0.1074,-0.9453,-0.1220,0.0121,-0.0014,0.0057,0.0060,0.1565,-0.0857,-5.4350,1.1548,7.9854,0.0003,-0.0000,0.0001,1.0000,-0.2718,0.0576,0.3993
200559,Pelvis,2,-0.5429,-0.4535,-0.5282,0.4697,-0.0070,-0.0298,0.0025,-0.0029,0.0325,0.0000,9.8079,-0.3092,0.0286,-0.0002,-0.0007,0.0001,1.0000,0.4904,-0.0154,0.0018
200560,Left,2,0.3445,0.0577,-0.9348,0.0642,0.0002,0.0032,0.0059,-0.0294,0.0934,-0.0020,-6.3774,-0.7208,7.4208,0.0000,0.0000,0.0001,1.0000,-0.1594,-0.0180,0.1855
200560,Right,2,0.2827,-0.1073,-0.9453,-0.1220,0.0115,-0.0010,0.0034,0.0134,0.1450,-0.0737,-5.4477,1.1631,7.9899,0.0001,-0.0000,0.0000,1.0000,-0.1362,0.0290,0.1997
200560,Pelvis,2,-0.5432,-0.4536,-0.5280,0.4695,-0.0018,-0.0355,0.0023,-0.0053,0.0374,-0.0288,9.7789,-0.3137,0.0242,-0.0000,-0.0004,0.0000,1.0000,0.2445,-0.0078,0.0007
200561,Left,2,0.3445,0.0577,-0.9348,0.0642,0.0017,0.0033,0.0073,-0.0263,0.0721,-0.0151,-6.3693,-0.6989,7.4123,0.0000,0.0000,0.0001,1.0000,-0.1592,-0.0175,0.1853
200561,Right,2,0.2827,-0.1073,-0.9454,-0.1220,0.0100,0.0010,0.0023,-0.0056,0.1430,-0.0774,-5.4298,1.1693,7.9966,0.0001,0.0000,0.0000,1.0000,-0.1357,0.0292,0.1999
200561,Pelvis,2,-0.5434,-0.4538,-0.5277,0.4694,-0.0000,-0.0374,0.0023,-0.0034,0.0259,0.0063,9.8140,-0.3124,0.0053,-0.0000,-0.0005,0.0000,1.0000,0.2454,-0.0078,0.0002
200562,Left,2,0.3445,0.0577,-0.9348,0.0642,0.0012,0.0024,0.0069,-0.0374,0.0730,-0.0206,-6.3572,-0.7016,7.4152,0.0000,0.0000,0.0001,1.0000,-0.1589,-0.0176,0.1854
200562,Right,2,0.2827,-0.1072,-0.9454,-0.1220,0.0106,0.0018,0.0036,0.0148,0.1518,-0.0729,-5.4467,1.1549,7.9929,0.0001,0.0000,0.0000,1.0000,-0.1362,0.0288,0.1998
200562,Pelvis,2,-0.5437,-0.4539,-0.5275,0.4692,0.0012,-0.0380,0.0027,0.0123,0.0386,0.0314,9.8396,-0.3008,0.0118,0.0000,-0.0005,0.0000,1.0000,0.2460,-0.0075,0.0004
200563,Left,2,0.3445,0.0577,-0.9348,0.0642,0.0012,0.0024,0.0069,-0.0223,0.0785,-0.0148,-6.3729,-0.7053,7.4090,0.0000,0.0000,0.0001,1.0000,-0.1593,-0.0176,0.1852
200563,Right,2,0.2825,-0.1072,-0.9454,-0.1220,0.0109,0.0014,0.0017,0.0137,0.1477,-0.0593,-5.4524,1.1605,8.0047,0.0001,0.0000,0.0000,1.0000,-0.1363,0.0290,0.2001
200563,Pelvis,2,-0.5439,-0.4541,-0.5272,0.4691,0.0033,-0.0364,0.0015,0.0035,0.0389,0.0212,9.8291,-0.3104,0.0024,0.0000,-0.0005,0.0000,1.0000,0.2457,-0.0078,0.0002
200564,Left,2,0.3445,0.0578,-0.9348,0.0642,0.0005,0.0026,0.0065,-0.0411,0.0708,-0.0079,-6.3625,-0.7014,7.4274,0.0000,0.0000,0.0001,1.0000,-0.1591,-0.0175,0.1857
200564,Right,2,0.2825,-0.1071,-0.9454,-0.1220,0.0112,0.0030,0.0017,0.0094,0.1526,-0.0811,-5.4351,1.1535,7.9911,0.0001,0.0000,0.0000,1.0000,-0.1359,0.0288,0.1998
200564,Pelvis,2,-0.5441,-0.4543,-0.5269,0.4690,0.0036,-0.0354,0.0039,0.0087,0.0627,0.0012,9.8092,-0.3097,0.0191,0.0000,-0.0004,0.0000,1.0000,0.2452,-0.0077,0.0006
200565,Left,2,0.3445,0.0578,-0.9348,0.0642,0.0020,0.0027,0.0079,-0.0274,0.0667,-0.0024,-6.3759,-0.6959,7.4236,0.0000,0.0000,0.0001,1.0000,-0.1594,-0.0174,0.1856
200565,Right,2,0.2825,-0.1071,-0.9454,-0.1221,0.0108,0.0012,0.0025,0.0065,0.1486,-0.0675,-5.4409,1.1591,8.0027,0.0001,0.0000,0.0000,1.0000,-0.1360,0.0289,0.2001
200565,Pelvis,2,-0.5443,-0.4545,-0.5267,0.4689,0.0048,-0.0328,0.0011,-0.0034,0.0616,0.0126,9.8201,-0.3231,0.0088,0.0001,-0.0004,0.0000,1.0000,0.2455,-0.0081,0.0003
200566,Left,2,0.3445,0.0578,-0.9348,0.0642,0.0010,0.0035,0.0069,-0.0387,0.0678,-0.0079,-6.3639,-0.6986,7.4265,0.0000,0.0000,0.0001,1.0000,-0.1591,-0.0175,0.1857
200566,Right,2,0.2825,-0.1070,-0.9454,-0.1221,0.0100,0.0018,0.0016,0.0073,0.1524,-0.0738,-5.4378,1.1533,7.9980,0.0001,0.0000,0.0000,1.0000,-0.1359,0.0288,0.2000
200566,Pelvis,2,-0.5445,-0.4546,-0.5264,0.4688,0.0063,-0.0324,0.0032,0.0117,0.0707,0.0286,9.8366,-0.3113,0.0130,0.0001,-0.0004,0.0000,1.0000,0.2459,-0.0078,0.0004
200567,Left,2,0.3444,0.0578,-0.9348,0.0642,0.0013,0.0014,0.0070,-0.0534,0.0790,-0.0005,-6.3582,-0.7129,7.4400,0.0000,0.0000,0.0001,1.0000,-0.1590,-0.0178,0.1860
200567,Right,2,0.2825,-0.1070,-0.9454,-0.1221,0.0117,0.0006,0.0034,0.0176,0.1482,-0.0719,-5.4469,1.1540,7.9940,0.0001,0.0000,0.0000,1.0000,-0.1362,0.0288,0.1999
200567,Pelvis,2,-0.5446,-0.4548,-0.5261,0.4688,0.0078,-0.0288,0.0028,-0.0007,0.0660,0.0309,9.8384,-0.3246,0.0002,0.0001,-0.0004,0.0000,1.0000,0.2460,-0.0081,0.0001
200568,Left,2,0.3444,0.0578,-0.9348,0.0642,-0.0005,0.0013,0.0064,-0.0216,0.0624,-0.0241,-6.3649,-0.6905,7.4048,-0.0000,0.0000,0.0001,1.0000,-0.1591,-0.0173,0.1851
200568,Right,2,0.2825,-0.1070,-0.9454,-0.1221,0.0120,0.0010,0.0009,0.0077,0.1455,-0.0737,-5.4381,1.1585,7.9971,0.0002,0.0000,0.0000,1.0000,-0.1360,0.0289,0.1999
200568,Pelvis,2,-0.5448,-0.4550,-0.5259,0.4688,0.0114,-0.0300,0.0037,-0.0098,0.0794,-0.0052,9.8020,-0.3364,0.0064,0.0001,-0.0004,0.0000,1.0000,0.2451,-0.0084,0.0003
200569,Left,2,0.3444,0.0579,-0.9349,0.0641,0.0008,0.0020,0.0072,-0.0376,0.0841,-0.0255,-6.3530,-0.7151,7.4112,0.0000,0.0000,0.0001,1.0000,-0.1588,-0.0179,0.1853
200569,Right,2,0.2824,-0.1069,-0.9455,-0.1222,0.0105,0.0011,0.0020,0.0165,0.1479,-0.0647,-5.4494,1.1540,8.0012,0.0001,0.0000,0.0000,1.0000,-0.1362,0.0288,0.2000
200569,Pelvis,2,-0.5449,-0.4552,-0.5256,0.4688,0.0157,-0.0314,0.0041,-0.0055,0.0656,-0.0009,9.8064,-0.3316,-0.0128,0.0002,-0.0004,0.0001,1.0000,0.2452,-0.0083,-0.0002
200570,Left,2,0.3443,0.0579,-0.9349,0.0641,0.0001,0.0007,0.0062,-0.0333,0.0615,-0.0079,-6.3656,-0.6939,7.4255,0.0000,0.0000,0.0001,1.0000,-0.1591,-0.0174,0.1856
200570,Right,2,0.2824,-0.1069,-0.9455,-0.1222,0.0110,0.0020,0.0032,-0.0003,0.1531,-0.0748,-5.4284,1.1520,8.0035,0.0001,0.0000,0.0000,1.0000,-0.1357,0.0288,0.2001
200570,Pelvis,2,-0.5450,-0.4554,-0.5252,0.4688,0.0167,-0.0292,0.0026,0.0247,0.0353,-0.0026,9.8056,-0.2992,-0.0448,0.0002,-0.0004,0.0000,1.0000,0.2451,-0.0075,-0.0010
200571,Left,2,0.3443,0.0579,-0.9349,0.0641,0.0006,0.0015,0.0066,-0.0351,0.0811,-0.0255,-6.3537,-0.7129,7.4108,0.0000,0.0000,0.0001,1.0000,-0.1588,-0.0178,0.1853
200571,Right,2,0.2824,-0.1069,-0.9455,-0.1222,0.0113,0.0014,0.0022,0.0091,0.1424,-0.0800,-5.4355,1.1579,7.9913,0.0001,0.0000,0.0000,1.0000,-0.1359,0.0289,0.1998
200571,Pelvis,2,-0.5451,-0.4556,-0.5249,0.4688,0.0145,-0.0288,0.0008,0.0353,0.0332,0.0076,9.8160,-0.2907,-0.0516,0.0002,-0.0004,0.0000,1.0000,0.2454,-0.0073,-0.0012
200572,Left,2,0.3443,0.0579,-0.9349,0.0641,0.0007,0.0021,0.0051,-0.0217,0.0771,-0.0200,-6.3668,-0.7077,7.4072,0.0000,0.0000,0.0001,1.0000,-0.1592,-0.0177,0.1852
200572,Right,2,0.2824,-0.1069,-0.9455,-0.1223,0.0121,0.0008,0.0031,0.0230,0.1525,-0.0908,-5.4379,1.1424,7.9789,0.0002,0.0000,0.0000,1.0000,-0.1359,0.0285,0.1995
200572,Pelvis,2,-0.5451,-0.4558,-0.5247,0.4688,0.0142,-0.0272,-0.0008,-0.0074,0.0334,0.0101,9.8169,-0.3341,-0.0628,0.0002,-0.0003,-0.0000,1.0000,0.2454,-0.0084,-0.0015
200573,Left,2,0.3443,0.0580,-0.9349,0.0641,-0.0010,0.0025,0.0051,-0.0224,0.0662,-0.0202,-6.3650,-0.6977,7.4093,-0.0000,0.0000,0.0001,1.0000,-0.1591,-0.0175,0.1852
200573,Right,2,0.2824,-0.1068,-0.9455,-0.1222,0.0106,0.0018,0.0036,-0.0008,0.1429,-0.0746,-5.4290,1.1601,8.0019,0.0001,0.0000,0.0000,1.0000,-0.1357,0.0290,0.2001
200573,Pelvis,2,-0.5452,-0.4560,-0.5245,0.4688,0.0114,-0.0254,-0.0022,0.0017,0.0272,0.0111,9.8182,-0.3247,-0.0723,0.0001,-0.0003,-0.0000,1.0000,0.2455,-0.0081,-0.0017
200574,Left,2,0.3443,0.0580,-0.9349,0.0641,0.0009,0.0045,0.0069,-0.0285,0.0761,-0.0163,-6.3638,-0.7092,7.4144,0.0000,0.0001,0.0001,1.0000,-0.1591,-0.0177,0.1854
200574,Right,2,0.2824,-0.1067,-0.9455,-0.1221,0.0116,0.0023,0.0021,0.0108,0.1393,-0.0862,-5.4328,1.1577,7.9855,0.0001,0.0000,0.0000,1.0000,-0.1358,0.0289,0.1996
200574,Pelvis,2,-0.5453,-0.4562,-0.5242,0.4688,0.0116,-0.0236,0.0007,-0.0085,0.0709,0.0164,9.8234,-0.3418,-0.0362,0.0001,-0.0003,0.0000,1.0000,0.2456,-0.0085,-0.0008
200575,Left,2,0.3443,0.0581,-0.9349,0.0641,-0.0013,0.0010,0.0054,-0.0310,0.0755,-0.0254,-6.3560,-0.7092,7.4092,-0.0000,0.0000,0.0001,1.0000,-0.1589,-0.0177,0.1852
200575,Right,2,0.2824,-0.1067,-0.9455,-0.1222,0.0123,0.0042,0.0017,0.0083,0.1353,-0.0726,-5.4389,1.1635,7.9970,0.0002,0.0001,0.0000,1.0000,-0.1360,0.0291,0.1999
200575,Pelvis,2,-0.5454,-0.4563,-0.5240,0.4688,0.0106,-0.0239,0.0024,-0.0082,0.0663,0.0073,9.8141,-0.3420,-0.0452,0.0001,-0.0003,0.0000,1.0000,0.2454,-0.0085,-0.0011
200576,Left,2,0.3443,0.0581,-0.9349,0.0641,0.0026,0.0021,0.0078,-0.0448,0.0563,-0.0006,-6.3601,-0.6944,7.4397,0.0000,0.0000,0.0001,1.0000,-0.1590,-0.0174,0.1860
200576,Right,2,0.2824,-0.1067,-0.9455,-0.1222,0.0113,0.0014,0.0022,-0.0033,0.1458,-0.0601,-5.4348,1.1579,8.0160,0.0001,0.0000,0.0000,1.0000,-0.1359,0.0289,0.2004
200576,Pelvis,2,-0.5455,-0.4565,-0.5237,0.4688,0.0117,-0.0238,0.0032,-0.0296,0.0834,-0.0082,9.7980,-0.3665,-0.0361,0.0001,-0.0003,0.0000,1.0000,0.2449,-0.0092,-0.0008
200577,Left,2,0.3442,0.0581,-0.9349,0.0641,-0.0002,0.0028,0.0061,-0.0235,0.0812,-0.0160,-6.3678,-0.7149,7.4109,-0.0000,0.0000,0.0001,1.0000,-0.1592,-0.0179,0.1853
200577,Right,2,0.2824,-0.1067,-0.9455,-0.1222,0.0121,0.0034,0.0010,0.0062,0.1416,-0.0582,-5.4442,1.1586,8.0118,0.0002,0.0000,0.0000,1.0000,-0.1361,0.0289,0.2003
200577,Pelvis,2,-0.5456,-0.4566,-0.5235,0.4689,0.0099,-0.0191,0.0077,-0.0035,0.0610,0.0606,9.8673,-0.3425,-0.0599,0.0001,-0.0002,0.0001,1.0000,0.2467,-0.0085,-0.0014
200578,Left,2,0.3442,0.0581,-0.9349,0.0641,-0.0000,0.0023,0.0047,-0.0390,0.0633,-0.0221,-6.3509,-0.6999,7.4188,-0.0000,0.0000,0.0001,1.0000,-0.1588,-0.0175,0.1855
200578,Right,2,0.2824,-0.1066,-0.9455,-0.1221,0.0126,0.0019,0.0021,0.0213,0.1386,-0.0834,-5.4426,1.1532,7.9830,0.0002,0.0000,0.0000,1.0000,-0.1361,0.0288,0.1996
200578,Pelvis,2,-0.5456,-0.4565,-0.5234,0.4691,0.0073,0.0001,0.0088,0.0053,0.0140,0.0768,9.8834,-0.3311,-0.1062,0.0001,0.0000,0.0001,1.0000,0.2471,-0.0082,-0.0027
200579,Left,2,0.3442,0.0581,-0.9349,0.0641,0.0013,0.0035,0.0061,-0.0381,0.0712,-0.0000,-6.3665,-0.7096,7.4336,0.0000,0.0000,0.0001,1.0000,-0.1592,-0.0178,0.1858
200579,Right,2,0.2824,-0.1066,-0.9455,-0.1221,0.0131,0.0026,0.0042,0.0061,0.1348,-0.0581,-5.4450,1.1643,8.0104,0.0002,0.0000,0.0001,1.0000,-0.1361,0.0291,0.2003
200579,Pelvis,2,-0.5456,-0.4563,-0.5234,0.4693,-0.0047,0.0103,0.0074,0.0359,0.0347,0.0249,9.8326,-0.3061,-0.0785,-0.0001,0.0001,0.0001,1.0000,0.2458,-0.0076,-0.0020
200580,Left,2,0.3442,0.0582,-0.9349,0.0641,0.0023,0.0033,0.0056,-0.0529,0.0733,-0.0146,-6.3461,-0.7134,7.4317,0.0000,0.0000,0.0001,1.0000,-0.1586,-0.0179,0.1858
200580,Right,2,0.2823,-0.1066,-0.9455,-0.1222,0.0138,0.0036,0.0046,0.0144,0.1396,-0.0915,-5.4312,1.1531,7.9808,0.0002,0.0000,0.0001,1.0000,-0.1358,0.0288,0.1995
200580,Pelvis,2,-0.5456,-0.4561,-0.5235,0.4693,-0.0122,0.0119,0.0039,0.0262,0.0307,0.0056,9.8129,-0.3163,-0.0793,-0.0002,0.0001,0.0000,1.0000,0.2453,-0.0079,-0.0020
200581,Right,2,0.2822,-0.1066,-0.9455,-0.1222,0.0135,0.0005,0.0037,0.0221,0.1348,-0.0761,-5.4459,1.1577,7.9889,0.0002,0.0000,0.0000,1.0000,-0.1361,0.0289,0.1997
200581,Pelvis,2,-0.5456,-0.4558,-0.5237,0.4694,-0.0159,0.0186,0.0052,-0.0009,0.0281,0.0500,9.8563,-0.3466,-0.0817,-0.0002,0.0002,0.0001,1.0000,0.2464,-0.0086,-0.0021
200582,Left,2,0.3442,0.0582,-0.9349,0.0641,0.0009,0.0027,0.0071,-0.0325,0.0779,-0.0106,-6.3643,-0.7148,7.4211,0.0000,0.0001,0.0002,1.0000,-0.3182,-0.0358,0.3711
200582,Right,2,0.2823,-0.1066,-0.9455,-0.1221,0.0145,0.0038,0.0056,0.0017,0.1395,-0.0726,-5.4305,1.1598,8.0034,0.0002,0.0000,0.0001,1.0000,-0.1358,0.0289,0.2001
200582,Pelvis,2,-0.5455,-0.4554,-0.5240,0.4695,-0.0176,0.0250,0.0056,-0.0194,0.0323,0.0388,9.8445,-0.3660,-0.0734,-0.0002,0.0003,0.0001,1.0000,0.2461,-0.0091,-0.0019
200583,Left,2,0.3442,0.0582,-0.9349,0.0641,-0.0004,0.0019,0.0049,-0.0344,0.0665,-0.0308,-6.3480,-0.7042,7.4093,-0.0000,0.0000,0.0001,1.0000,-0.1587,-0.0176,0.1852
200583,Right,2,0.2823,-0.1066,-0.9455,-0.1220,0.0155,0.0033,0.0057,0.0038,0.1368,-0.0861,-5.4256,1.1604,7.9902,0.0002,0.0000,0.0001,1.0000,-0.1356,0.0290,0.1998
200583,Pelvis,2,-0.5454,-0.4551,-0.5243,0.4695,-0.0179,0.0266,0.0002,-0.0445,-0.0052,0.0019,9.8066,-0.3855,-0.1065,-0.0002,0.0003,0.0000,1.0000,0.2452,-0.0096,-0.0027
200584,Left,2,0.3442,0.0583,-0.9349,0.0641,0.0011,0.0039,0.0075,-0.0299,0.0641,-0.0217,-6.3571,-0.7022,7.4137,0.0000,0.0000,0.0001,1.0000,-0.1589,-0.0176,0.1853
200584,Right,2,0.2822,-0.1066,-0.9455,-0.1221,0.0151,0.0027,0.0027,0.0024,0.1261,-0.0797,-5.4293,1.1722,7.9935,0.0002,0.0000,0.0000,1.0000,-0.1357,0.0293,0.1998
200584,Pelvis,2,-0.5453,-0.4548,-0.5246,0.4697,-0.0129,0.0277,-0.0029,-0.0343,-0.0082,0.0121,9.8171,-0.3762,-0.0999,-0.0002,0.0003,-0.0000,1.0000,0.2454,-0.0094,-0.0026
200585,Left,2,0.3442,0.0583,-0.9349,0.0641,0.0016,0.0029,0.0067,-0.0236,0.0806,0.0097,-6.3837,-0.7197,7.4308,0.0000,0.0000,0.0001,1.0000,-0.1596,-0.0180,0.1858
200585,Right,2,0.2823,-0.1066,-0.9456,-0.1220,0.0138,0.0053,0.0032,-0.0050,0.1306,-0.0878,-5.4178,1.1691,7.9919,0.0002,0.0001,0.0000,1.0000,-0.1354,0.0292,0.1998
200585,Pelvis,2,-0.5451,-0.4546,-0.5248,0.4698,-0.0040,0.0188,-0.0016,-0.0266,-0.0075,-0.0310,9.7743,-0.3681,-0.0905,-0.0001,0.0002,-0.0000,1.0000,0.2444,-0.0092,-0.0023
200586,Left,2,0.3442,0.0583,-0.9349,0.0640,-0.0008,0.0034,0.0063,-0.0352,0.0722,-0.0178,-6.3566,-0.7121,7.4184,-0.0000,0.0000,0.0001,1.0000,-0.1589,-0.0178,0.1855
200586,Right,2,0.2823,-0.1066,-0.9455,-0.1221,0.0116,0.0071,0.0010,0.0029,0.1396,-0.0716,-5.4323,1.1601,8.0033,0.0001,0.0001,0.0000,1.0000,-0.1358,0.0290,0.2001
200586,Pelvis,2,-0.5451,-0.4546,-0.5249,0.4699,0.0048,0.0092,-0.0002,-0.0051,-0.0095,-0.0323,9.7739,-0.3462,-0.0849,0.0001,0.0001,-0.0000,1.0000,0.2443,-0.0087,-0.0022
200587,Left,2,0.3442,0.0583,-0.9349,0.0640,0.0007,0.0041,0.0063,-0.0447,0.0629,-0.0145,-6.3508,-0.7052,7.4284,0.0000,0.0001,0.0001,1.0000,-0.1588,-0.0176,0.1857
200587,Right,2,0.2823,-0.1066,-0.9455,-0.1220,0.0131,0.0070,-0.0001,0.0048,0.1434,-0.0779,-5.4304,1.1544,7.9979,0.0002,0.0001,-0.0000,1.0000,-0.1357,0.0288,0.2000
200587,Pelvis,2,-0.5449,-0.4546,-0.5248,0.4700,0.0148,0.0036,-0.0012,-0.0397,-0.0297,-0.0120,9.7929,-0.3783,-0.1078,0.0002,0.0000,-0.0000,1.0000,0.2448,-0.0095,-0.0027
200588,Left,2,0.3442,0.0584,-0.9349,0.0641,0.0001,0.0043,0.0059,-0.0379,0.0608,-0.0271,-6.3475,-0.7018,7.4148,0.0000,0.0001,0.0001,1.0000,-0.1587,-0.0176,0.1854
200588,Right,2,0.2823,-0.1066,-0.9455,-0.1221,0.0117,0.0055,0.0015,0.0033,0.1327,-0.0715,-5.4349,1.1652,8.0008,0.0001,0.0001,0.0000,1.0000,-0.1359,0.0291,0.2000
200588,Pelvis,2,-0.5449,-0.4548,-0.5247,0.4701,0.0218,-0.0059,-0.0033,-0.0297,-0.0105,-0.0095,9.7959,-0.3710,-0.0874,0.0003,-0.0001,-0.0000,1.0000,0.2449,-0.0093,-0.0022
200589,Left,2,0.3442,0.0584,-0.9349,0.0640,0.0015,0.0059,0.0079,-0.0402,0.0694,-0.0141,-6.3551,-0.7121,7.4245,0.0000,0.0001,0.0001,1.0000,-0.1589,-0.0178,0.1856
200589,Right,2,0.2824,-0.1065,-0.9455,-0.1221,0.0122,0.0074,-0.0002,-0.0034,0.1372,-0.0796,-5.4240,1.1613,7.9990,0.0002,0.0001,-0.0000,1.0000,-0.1356,0.0290,0.2000
200589,Pelvis,2,-0.5447,-0.4550,-0.5244,0.4703,0.0280,-0.0172,-0.0052,-0.0040,-0.0153,-0.0414,9.7648,-0.3444,-0.0893,0.0003,-0.0002,-0.0001,1.0000,0.2441,-0.0086,-0.0022
200590,Left,2,0.3442,0.0584,-0.9349,0.0640,0.0006,0.0036,0.0057,-0.0356,0.0670,-0.0051,-6.3646,-0.7099,7.4285,0.0000,0.0000,0.0001,1.0000,-0.1591,-0.0178,0.1857
200590,Right,2,0.2824,-0.1065,-0.9455,-0.1221,0.0120,0.0073,0.0007,-0.0058,0.1267,-0.0732,-5.4287,1.1720,8.0018,0.0002,0.0001,0.0000,1.0000,-0.1357,0.0293,0.2001
200590,Pelvis,2,-0.5446,-0.4553,-0.5242,0.4704,0.0309,-0.0171,-0.0040,0.0301,0.0117,-0.0127,9.7948,-0.3152,-0.0605,0.0004,-0.0002,-0.0001,1.0000,0.2449,-0.0079,-0.0015
200591,Left,2,0.3443,0.0584,-0.9349,0.0640,0.0025,0.0051,0.0089,-0.0259,0.0638,-0.0086,-6.3698,-0.7052,7.4197,0.0000,0.0001,0.0001,1.0000,-0.1592,-0.0177,0.1855
200591,Right,2,0.2825,-0.1064,-0.9455,-0.1221,0.0099,0.0035,0.0003,0.0055,0.1297,-0.0777,-5.4354,1.1642,7.9930,0.0001,0.0000,0.0000,1.0000,-0.1359,0.0291,0.1998
200591,Pelvis,2,-0.5445,-0.4556,-0.5239,0.4706,0.0328,-0.0139,-0.0068,0.0188,-0.0063,0.0154,9.8224,-0.3246,-0.0830,0.0004,-0.0002,-0.0001,1.0000,0.2456,-0.0081,-0.0020
200592,Left,2,0.3443,0.0584,-0.9349,0.0639,0.0006,0.0052,0.0062,-0.0464,0.0665,-0.0105,-6.3539,-0.7112,7.4305,0.0000,0.0001,0.0001,1.0000,-0.1588,-0.0178,0.1858
200592,Right,2,0.2825,-0.1064,-0.9455,-0.1220,0.0112,0.0045,0.0026,-0.0063,0.1264,-0.0660,-5.4327,1.1715,8.0080,0.0001,0.0001,0.0000,1.0000,-0.1358,0.0293,0.2002
200592,Pelvis,2,-0.5443,-0.4559,-0.5237,0.4707,0.0332,-0.0124,-0.0089,0.0239,0.0000,0.0121,9.8194,-0.3193,-0.0774,0.0004,-0.0002,-0.0001,1.0000,0.2455,-0.0080,-0.0019
200593,Left,2,0.3443,0.0584,-0.9349,0.0640,-0.0000,0.0052,0.0079,-0.0338,0.0730,-0.0138,-6.3616,-0.7159,7.4190,-0.0000,0.0001,0.0001,1.0000,-0.1590,-0.0179,0.1855
200593,Right,2,0.2824,-0.1063,-0.9455,-0.1220,0.0116,0.0032,0.0014,-0.0039,0.1099,-0.0803,-5.4291,1.1841,7.9909,0.0001,0.0000,0.0000,1.0000,-0.1357,0.0296,0.1998
200593,Pelvis,2,-0.5442,-0.4562,-0.5235,0.4708,0.0318,-0.0135,-0.0083,0.0257,0.0231,0.0137,9.8211,-0.3195,-0.0566,0.0004,-0.0002,-0.0001,1.0000,0.2455,-0.0080,-0.0014
200594,Left,2,0.3443,0.0584,-0.9349,0.0639,0.0011,0.0040,0.0075,-0.0342,0.0618,-0.0141,-6.3602,-0.7054,7.4208,0.0000,0.0000,0.0001,1.0000,-0.1590,-0.0177,0.1855
200594,Right,2,0.2824,-0.1063,-0.9455,-0.1221,0.0111,0.0014,0.0008,-0.0033,0.1405,-0.0713,-5.4294,1.1551,8.0063,0.0001,0.0000,0.0000,1.0000,-0.1357,0.0288,0.2002
200594,Pelvis,2,-0.5440,-0.4565,-0.5233,0.4710,0.0319,-0.0115,-0.0080,0.0170,0.0234,0.0036,9.8107,-0.3265,-0.0595,0.0004,-0.0001,-0.0001,1.0000,0.2453,-0.0082,-0.0015
200595,Left,2,0.3443,0.0584,-0.9349,0.0639,0.0017,0.0033,0.0073,-0.0542,0.0738,0.0061,-6.3591,-0.7220,7.4470,0.0000,0.0000,0.0001,1.0000,-0.1590,-0.0181,0.1862
200595,Right,2,0.2825,-0.1063,-0.9455,-0.1221,0.0105,0.0043,0.0015,-0.0047,0.1234,-0.0722,-5.4311,1.1706,8.0016,0.0001,0.0001,0.0000,1.0000,-0.1358,0.0292,0.2001
200595,Pelvis,2,-0.5438,-0.4568,-0.5231,0.4711,0.0305,-0.0081,-0.0070,0.0330,0.0362,0.0287,9.8365,-0.3124,-0.0463,0.0004,-0.0001,-0.0001,1.0000,0.2459,-0.0078,-0.0011
200596,Left,2,0.3443,0.0585,-0.9349,0.0639,0.0005,0.0047,0.0056,-0.0273,0.0686,-0.0355,-6.3516,-0.7104,7.3994,0.0000,0.0001,0.0001,1.0000,-0.1588,-0.0178,0.1850
200596,Right,2,0.2824,-0.1062,-0.9455,-0.1221,0.0104,0.0042,0.0023,-0.0005,0.1344,-0.0848,-5.4253,1.1566,7.9925,0.0001,0.0001,0.0000,1.0000,-0.1356,0.0289,0.1998
200596,Pelvis,2,-0.5437,-0.4570,-0.5229,0.4714,0.0290,-0.0071,-0.0050,0.0385,0.0399,0.0163,9.8242,-0.3074,-0.0427,0.0004,-0.0001,-0.0001,1.0000,0.2456,-0.0077,-0.0010
200597,Left,2,0.3443,0.0585,-0.9349,0.0638,0.0021,0.0047,0.0091,-0.0310,0.0769,-0.0007,-6.3718,-0.7220,7.4269,0.0000,0.0001,0.0001,1.0000,-0.1593,-0.0181,0.1857
200597,Right,2,0.2825,-0.1062,-0.9455,-0.1221,0.0101,0.0019,0.0008,0.0052,0.1297,-0.0693,-5.4403,1.1602,8.0005,0.0001,0.0000,0.0000,1.0000,-0.1360,0.0290,0.2000
200597,Pelvis,2,-0.5435,-0.4572,-0.5227,0.4715,0.0281,-0.0067,-0.0033,-0.0058,0.0534,-0.0070,9.7995,-0.3517,-0.0345,0.0004,-0.0001,-0.0000,1.0000,0.2450,-0.0088,-0.0008
200598,Left,2,0.3443,0.0585,-0.9349,0.0638,-0.0012,0.0029,0.0066,-0.0393,0.0477,-0.0107,-6.3571,-0.6941,7.4289,-0.0000,0.0000,0.0001,1.0000,-0.1589,-0.0174,0.1857
200598,Right,2,0.2825,-0.1061,-0.9455,-0.1221,0.0126,0.0027,0.0014,-0.0148,0.1141,-0.0739,-5.4240,1.1795,8.0029,0.0002,0.0000,0.0000,1.0000,-0.1356,0.0295,0.2001
200598,Pelvis,2,-0.5433,-0.4574,-0.5226,0.4716,0.0302,-0.0071,-0.0047,0.0126,0.0505,0.0133,9.8204,-0.3328,-0.0358,0.0004,-0.0001,-0.0001,1.0000,0.2455,-0.0083,-0.0009
200599,Pelvis,2,-0.5431,-0.4577,-0.5224,0.4719,0.0318,-0.0049,-0.0061,0.0184,0.0370,0.0176,9.8248,-0.3259,-0.0489,0.0004,-0.0001,-0.0001,1.0000,0.2456,-0.0082,-0.0012
200600,Left,2,0.3443,0.0585,-0.9349,0.0638,0.0010,0.0040,0.0069,-0.0439,0.0525,-0.0133,-6.3532,-0.6991,7.4285,0.0000,0.0001,0.0002,1.0000,-0.3176,-0.0350,0.3715
200600,Right,2,0.2824,-0.1061,-0.9455,-0.1221,0.0120,0.0013,0.0021,0.0063,0.1233,-0.0760,-5.4384,1.1651,7.9928,0.0003,0.0000,0.0001,1.0000,-0.2719,0.0581,0.3997
200600,Pelvis,2,-0.5429,-0.4579,-0.5222,0.4721,0.0307,0.0003,-0.0060,0.0311,0.0158,0.0137,9.8214,-0.3097,-0.0677,0.0004,0.0000,-0.0001,1.0000,0.2455,-0.0078,-0.0017
200601,Left,2,0.3443,0.0586,-0.9349,0.0638,0.0009,0.0046,0.0069,-0.0245,0.0715,-0.0224,-6.3626,-0.7156,7.4068,0.0000,0.0001,0.0001,1.0000,-0.1591,-0.0179,0.1852
200601,Right,2,0.2824,-0.1061,-0.9455,-0.1222,0.0114,0.0037,0.0024,-0.0011,0.1176,-0.0846,-5.4272,1.1693,7.9893,0.0001,0.0000,0.0000,1.0000,-0.1357,0.0292,0.1997
200601,Pelvis,2,-0.5426,-0.4580,-0.5222,0.4724,0.0314,0.0119,-0.0112,0.0377,0.0082,0.0363,9.8441,-0.3022,-0.0711,0.0004,0.0001,-0.0001,1.0000,0.2461,-0.0076,-0.0018
200602,Left,2,0.3443,0.0586,-0.9349,0.0638,0.0007,0.0056,0.0069,-0.0355,0.0726,-0.0279,-6.3509,-0.7186,7.4094,0.0000,0.0001,0.0001,1.0000,-0.1588,-0.0180,0.1852
200602,Right,2,0.2824,-0.1060,-0.9456,-0.1222,0.0115,0.0039,0.0015,-0.0096,0.1148,-0.0864,-5.4190,1.1736,7.9920,0.0001,0.0000,0.0000,1.0000,-0.1355,0.0293,0.1998
200602,Pelvis,2,-0.5421,-0.4581,-0.5222,0.4728,0.0333,0.0248,-0.0158,0.0232,-0.0276,0.0187,9.8260,-0.3093,-0.1021,0.0004,0.0003,-0.0002,1.0000,0.2456,-0.0078,-0.0026
200603,Left,2,0.3443,0.0586,-0.9349,0.0638,0.0015,0.0039,0.0067,-0.0467,0.0627,-0.0028,-6.3580,-0.7128,7.4369,0.0000,0.0000,0.0001,1.0000,-0.1589,-0.0178,0.1859
200604,Left,2,0.3443,0.0586,-0.9349,0.0637,-0.0007,0.0048,0.0090,-0.0334,0.0493,-0.0194,-6.3566,-0.6967,7.4176,-0.0000,0.0001,0.0001,1.0000,-0.1589,-0.0174,0.1854
200604,Right,2,0.2826,-0.1060,-0.9455,-0.1223,0.0099,0.0112,-0.0025,-0.0249,0.1108,-0.1140,-5.3945,1.1778,7.9744,0.0002,0.0003,-0.0001,1.0000,-0.2696,0.0588,0.3988
200604,Pelvis,2,-0.5408,-0.4582,-0.5227,0.4736,0.0328,0.0450,-0.0194,0.0563,0.0020,0.0253,9.8342,-0.2750,-0.0516,0.0008,0.0011,-0.0005,1.0000,0.4917,-0.0140,-0.0031
200605,Left,2,0.3444,0.0586,-0.9348,0.0637,0.0022,0.0078,0.0074,-0.0338,0.0677,-0.0061,-6.3669,-0.7159,7.4247,0.0000,0.0001,0.0001,1.0000,-0.1592,-0.0179,0.1856
200605,Right,2,0.2828,-0.1059,-0.9454,-0.1224,0.0077,0.0188,-0.0053,0.0270,0.1350,-0.0562,-5.4671,1.1432,8.0007,0.0001,0.0002,-0.0001,1.0000,-0.1366,0.0286,0.2001
200605,Pelvis,2,-0.5402,-0.4581,-0.5231,0.4741,0.0205,0.0524,-0.0195,0.0989,0.0400,0.0072,9.8177,-0.2329,0.0124,0.0003,0.0007,-0.0002,1.0000,0.2454,-0.0059,0.0001
200606,Left,2,0.3444,0.0586,-0.9348,0.0636,0.0011,0.0055,0.0081,-0.0417,0.0475,0.0060,-6.3677,-0.6984,7.4414,0.0000,0.0001,0.0001,1.0000,-0.1592,-0.0175,0.1860
200606,Right,2,0.2829,-0.1058,-0.9454,-0.1224,0.0107,0.0142,-0.0032,-0.0051,0.1194,-0.0492,-5.4504,1.1664,8.0171,0.0001,0.0002,-0.0000,1.0000,-0.1362,0.0291,0.2005
200606,Pelvis,2,-0.5398,-0.4580,-0.5233,0.4743,0.0069,0.0389,-0.0168,0.0697,0.0614,-0.0092,9.8003,-0.2612,0.0421,0.0001,0.0005,-0.0002,1.0000,0.2450,-0.0066,0.0009
200607,Left,2,0.3444,0.0586,-0.9348,0.0637,-0.0007,0.0059,0.0060,-0.0377,0.0561,-0.0154,-6.3586,-0.7050,7.4204,-0.0000,0.0001,0.0001,1.0000,-0.1589,-0.0176,0.1855
200607,Right,2,0.2830,-0.1057,-0.9454,-0.1225,0.0094,0.0097,-0.0019,-0.0026,0.1168,-0.0626,-5.4474,1.1648,8.0029,0.0001,0.0001,-0.0000,1.0000,-0.1362,0.0291,0.2001
200607,Pelvis,2,-0.5395,-0.4578,-0.5237,0.4744,-0.0015,0.0349,-0.0125,0.0500,0.0893,0.0029,9.8117,-0.2815,0.0765,-0.0000,0.0004,-0.0002,1.0000,0.2453,-0.0071,0.0018
200608,Left,2,0.3445,0.0586,-0.9348,0.0636,0.0022,0.0052,0.0098,-0.0403,0.0555,-0.0245,-6.3513,-0.7046,7.4148,0.0000,0.0001,0.0001,1.0000,-0.1588,-0.0176,0.1854
200608,Right,2,0.2831,-0.1057,-0.9453,-0.1225,0.0108,0.0108,-0.0004,-0.0005,0.1207,-0.0689,-5.4461,1.1585,7.9971,0.0001,0.0001,-0.0000,1.0000,-0.1361,0.0289,0.1999
200608,Pelvis,2,-0.5393,-0.4577,-0.5239,0.4746,-0.0018,0.0221,-0.0102,0.0121,0.0985,0.0022,9.8098,-0.3186,0.0882,-0.0000,0.0003,-0.0001,1.0000,0.2452,-0.0080,0.0021
200609,Left,2,0.3444,0.0586,-0.9348,0.0637,0.0014,0.0049,0.0087,-0.0408,0.0642,-0.0114,-6.3590,-0.7142,7.4245,0.0000,0.0001,0.0001,1.0000,-0.1590,-0.0179,0.1856
200609,Right,2,0.2831,-0.1057,-0.9453,-0.1225,0.0129,0.0084,0.0002,-0.0202,0.1253,-0.0653,-5.4324,1.1595,8.0107,0.0002,0.0001,0.0000,1.0000,-0.1358,0.0290,0.2003
200609,Pelvis,2,-0.5392,-0.4576,-0.5239,0.4748,-0.0014,0.0145,-0.0036,0.0358,0.0758,0.0084,9.8168,-0.2932,0.0742,-0.0000,0.0002,-0.0000,1.0000,0.2454,-0.0073,0.0018
200610,Left,2,0.3445,0.0586,-0.9348,0.0636,0.0014,0.0070,0.0078,-0.0241,0.0499,-0.0190,-6.3663,-0.6970,7.4097,0.0000,0.0001,0.0001,1.0000,-0.1591,-0.0174,0.1853
200610,Right,2,0.2832,-0.1057,-0.9453,-0.1225,0.0117,0.0121,-0.0018,-0.0200,0.1184,-0.1150,-5.4068,1.1589,7.9677,0.0001,0.0002,-0.0000,1.0000,-0.1351,0.0289,0.1992
200610,Pelvis,2,-0.5392,-0.4575,-0.5239,0.4749,-0.0039,0.0048,0.0015,0.0168,0.0694,-0.0301,9.7776,-0.3110,0.0696,-0.0000,0.0001,0.0000,1.0000,0.2444,-0.0078,0.0017
200611,Left,2,0.3446,0.0586,-0.9348,0.0635,0.0019,0.0079,0.0082,-0.0277,0.0587,-0.0060,-6.3745,-0.7069,7.4190,0.0000,0.0001,0.0001,1.0000,-0.1593,-0.0177,0.1855
200611,Right,2,0.2833,-0.1056,-0.9453,-0.1226,0.0103,0.0140,-0.0029,0.0053,0.1186,-0.0886,-5.4439,1.1535,7.9753,0.0001,0.0002,-0.0000,1.0000,-0.1361,0.0288,0.1994
200611,Pelvis,2,-0.5391,-0.4574,-0.5240,0.4750,-0.0028,0.0037,-0.0012,0.0227,0.0588,-0.0167,9.7912,-0.3055,0.0622,-0.0000,0.0000,-0.0000,1.0000,0.2448,-0.0076,0.0015
200612,Left,2,0.3446,0.0586,-0.9347,0.0635,0.0025,0.0072,0.0080,-0.0140,0.0546,-0.0006,-6.3887,-0.7009,7.4145,0.0000,0.0001,0.0001,1.0000,-0.1597,-0.0175,0.1854
200612,Right,2,0.2835,-0.1056,-0.9452,-0.1225,0.0110,0.0133,-0.0011,0.0087,0.1195,-0.0524,-5.4689,1.1551,8.0021,0.0001,0.0002,-0.0000,1.0000,-0.1367,0.0289,0.2001
200612,Pelvis,2,-0.5390,-0.4573,-0.5240,0.4751,-0.0035,0.0162,-0.0018,0.0497,0.0737,0.0277,9.8364,-0.2836,0.0835,-0.0000,0.0002,-0.0000,1.0000,0.2459,-0.0071,0.0020
200613,Left,2,0.3447,0.0586,-0.9347,0.0636,0.0009,0.0059,0.0096,-0.0342,0.0576,-0.0023,-6.3732,-0.7067,7.4250,0.0000,0.0001,0.0001,1.0000,-0.1593,-0.0177,0.1856
200613,Right,2,0.2836,-0.1056,-0.9452,-0.1225,0.0116,0.0086,0.0019,0.0093,0.1300,-0.0514,-5.4700,1.1443,8.0043,0.0001,0.0001,0.0000,1.0000,-0.1367,0.0286,0.2001
200613,Pelvis,2,-0.5389,-0.4571,-0.5243,0.4752,-0.0102,0.0214,-0.0058,0.0719,0.0504,0.0339,9.8433,-0.2590,0.0696,-0.0001,0.0003,-0.0001,1.0000,0.2461,-0.0065,0.0017
200614,Left,2,0.3447,0.0586,-0.9347,0.0635,0.0007,0.0056,0.0069,-0.0324,0.0564,-0.0241,-6.3616,-0.7039,7.4064,0.0000,0.0001,0.0001,1.0000,-0.1590,-0.0176,0.1852
200614,Right,2,0.2835,-0.1055,-0.9452,-0.1225,0.0123,0.0033,0.0024,0.0012,0.1070,-0.0614,-5.4611,1.1669,7.9946,0.0002,0.0000,0.0000,1.0000,-0.1365,0.0291,0.1999
200614,Pelvis,2,-0.5388,-0.4568,-0.5246,0.4752,-0.0190,0.0198,-0.0059,0.0425,0.0753,0.0267,9.8351,-0.2904,0.0963,-0.0002,0.0002,-0.0001,1.0000,0.2459,-0.0073,0.0023
200615,Left,2,0.3447,0.0586,-0.9347,0.0635,0.0010,0.0035,0.0069,-0.0254,0.0634,-0.0147,-6.3735,-0.7108,7.4080,0.0000,0.0000,0.0001,1.0000,-0.1593,-0.0178,0.1852
200615,Right,2,0.2835,-0.1055,-0.9452,-0.1225,0.0114,0.0046,0.0017,-0.0076,0.1182,-0.0623,-5.4518,1.1583,8.0013,0.0001,0.0001,0.0000,1.0000,-0.1363,0.0289,0.2000
200615,Pelvis,2,-0.5388,-0.4567,-0.5247,0.4752,-0.0171,0.0125,-0.0042,0.0292,0.1022,-0.0134,9.7942,-0.3057,0.1254,-0.0002,0.0002,-0.0001,1.0000,0.2449,-0.0077,0.0031
200616,Left,2,0.3447,0.0586,-0.9347,0.0635,0.0005,0.0026,0.0066,-0.0511,0.0669,-0.0038,-6.3615,-0.7194,7.4321,0.0000,0.0000,0.0001,1.0000,-0.1590,-0.0180,0.1858
200616,Right,2,0.2835,-0.1055,-0.9453,-0.1225,0.0113,0.0022,0.0015,-0.0140,0.1164,-0.0776,-5.4380,1.1593,7.9919,0.0001,0.0000,0.0000,1.0000,-0.1359,0.0290,0.1998
200616,Pelvis,2,-0.5389,-0.4565,-0.5248,0.4752,-0.0194,0.0032,-0.0003,0.0241,0.1009,-0.0543,9.7532,-0.3106,0.1253,-0.0002,0.0000,-0.0000,1.0000,0.2438,-0.0078,0.0031
200617,Left,2,0.3447,0.0587,-0.9347,0.0635,0.0003,0.0037,0.0065,-0.0448,0.0447,-0.0080,-6.3616,-0.6967,7.4283,0.0000,0.0000,0.0001,1.0000,-0.1590,-0.0174,0.1857
200617,Right,2,0.2834,-0.1055,-0.9452,-0.1227,0.0129,0.0028,0.0019,-0.0013,0.1130,-0.0892,-5.4418,1.1568,7.9754,0.0002,0.0000,0.0000,1.0000,-0.1360,0.0289,0.1994
200617,Pelvis,2,-0.5390,-0.4564,-0.5248,0.4752,-0.0152,-0.0052,-0.0005,-0.0170,0.0875,-0.0258,9.7804,-0.3521,0.1076,-0.0002,-0.0001,-0.0000,1.0000,0.2445,-0.0088,0.0027
200618,Left,2,0.3448,0.0587,-0.9347,0.0635,0.0012,0.0040,0.0075,-0.0265,0.0602,-0.0237,-6.3672,-0.7082,7.4017,0.0000,0.0000,0.0001,1.0000,-0.1592,-0.0177,0.1851
200618,Right,2,0.2834,-0.1055,-0.9453,-0.1227,0.0119,0.0022,0.0034,-0.0037,0.1088,-0.0757,-5.4478,1.1630,7.9869,0.0001,0.0000,0.0000,1.0000,-0.1362,0.0290,0.1997
200618,Pelvis,2,-0.5391,-0.4564,-0.5248,0.4751,-0.0102,-0.0061,-0.0007,0.0036,0.0676,0.0111,9.8180,-0.3319,0.0894,-0.0001,-0.0001,-0.0000,1.0000,0.2454,-0.0083,0.0023
200619,Left,2,0.3447,0.0587,-0.9347,0.0634,0.0005,0.0026,0.0066,-0.0376,0.0412,-0.0207,-6.3589,-0.6919,7.4143,0.0000,0.0000,0.0001,1.0000,-0.1590,-0.0173,0.1854
200619,Right,2,0.2834,-0.1054,-0.9453,-0.1226,0.0122,0.0015,0.0047,-0.0040,0.1258,-0.0674,-5.4491,1.1478,7.9985,0.0002,0.0000,0.0001,1.0000,-0.1362,0.0287,0.2000
200619,Pelvis,2,-0.5392,-0.4563,-0.5247,0.4751,-0.0126,-0.0094,0.0014,0.0205,0.0305,0.0022,9.8099,-0.3117,0.0536,-0.0002,-0.0001,0.0000,1.0000,0.2452,-0.0078,0.0014
200620,Left,2,0.3448,0.0587,-0.9347,0.0634,0.0014,0.0034,0.0082,-0.0327,0.0587,-0.0200,-6.3644,-0.7088,7.4089,0.0000,0.0000,0.0001,1.0000,-0.1591,-0.0177,0.1852
200620,Right,2,0.2833,-0.1054,-0.9453,-0.1224,0.0131,-0.0013,0.0046,0.0034,0.1008,-0.0602,-5.4624,1.1705,7.9946,0.0002,-0.0000,0.0001,1.0000,-0.1366,0.0292,0.1999
200620,Pelvis,2,-0.5393,-0.4562,-0.5247,0.4751,-0.0141,-0.0143,0.0020,0.0277,0.0390,0.0081,9.8159,-0.3086,0.0625,-0.0002,-0.0002,0.0000,1.0000,0.2454,-0.0077,0.0016
200621,Left,2,0.3448,0.0587,-0.9347,0.0633,0.0016,0.0029,0.0067,-0.0340,0.0479,-0.0204,-6.3627,-0.6982,7.4109,0.0000,0.0000,0.0001,1.0000,-0.1591,-0.0175,0.1853
200621,Right,2,0.2832,-0.1054,-0.9454,-0.1224,0.0150,-0.0054,0.0052,0.0011,0.1135,-0.0881,-5.4404,1.1561,7.9778,0.0002,-0.0001,0.0001,1.0000,-0.1360,0.0289,0.1994
200621,Pelvis,2,-0.5395,-0.4561,-0.5246,0.4751,-0.0116,-0.0111,0.0025,-0.0060,0.0303,0.0026,9.8092,-0.3435,0.0487,-0.0001,-0.0001,0.0000,1.0000,0.2452,-0.0086,0.0013
200622,Left,2,0.3447,0.0586,-0.9347,0.0632,0.0020,0.0033,0.0065,-0.0446,0.0580,-0.0037,-6.3659,-0.7116,7.4291,0.0000,0.0000,0.0001,1.0000,-0.1591,-0.0178,0.1857
200622,Right,2,0.2831,-0.1054,-0.9454,-0.1224,0.0114,-0.0022,0.0073,-0.0203,0.1109,-0.0782,-5.4272,1.1666,7.9973,0.0001,-0.0000,0.0001,1.0000,-0.1357,0.0291,0.1999
200622,Pelvis,2,-0.5396,-0.4560,-0.5245,0.4751,-0.0149,-0.0161,0.0022,0.0088,0.0281,-0.0088,9.7982,-0.3314,0.0471,-0.0002,-0.0002,0.0000,1.0000,0.2450,-0.0083,0.0012
200623,Left,2,0.3447,0.0587,-0.9347,0.0632,0.0008,0.0014,0.0087,-0.0248,0.0531,-0.0109,-6.3749,-0.7035,7.4124,0.0000,0.0000,0.0001,1.0000,-0.1594,-0.0176,0.1853
200623,Right,2,0.2830,-0.1054,-0.9454,-0.1224,0.0136,-0.0020,0.0049,0.0091,0.1053,-0.0727,-5.4533,1.1644,7.9865,0.0002,-0.0000,0.0001,1.0000,-0.1363,0.0291,0.1997
200623,Pelvis,2,-0.5399,-0.4560,-0.5244,0.4750,-0.0158,-0.0190,0.0032,0.0273,0.0237,0.0022,9.8099,-0.3140,0.0395,-0.0002,-0.0002,0.0000,1.0000,0.2452,-0.0078,0.0010
200624,Left,2,0.3447,0.0587,-0.9347,0.0633,0.0018,0.0018,0.0068,-0.0383,0.0652,-0.0251,-6.3566,-0.7164,7.4084,0.0000,0.0000,0.0001,1.0000,-0.1589,-0.0179,0.1852
200624,Right,2,0.2829,-0.1054,-0.9454,-0.1224,0.0130,-0.0020,0.0030,-0.0079,0.1107,-0.0826,-5.4317,1.1630,7.9895,0.0002,-0.0000,0.0000,1.0000,-0.1358,0.0290,0.1997
200624,Pelvis,2,-0.5401,-0.4560,-0.5242,0.4749,-0.0164,-0.0196,0.0102,0.0098,0.0372,0.0402,9.8471,-0.3376,0.0463,-0.0002,-0.0002,0.0001,1.0000,0.2462,-0.0084,0.0012
200625,Left,2,0.3446,0.0587,-0.9348,0.0632,0.0009,0.0010,0.0073,-0.0314,0.0519,-0.0073,-6.3715,-0.7040,7.4201,0.0000,0.0000,0.0001,1.0000,-0.1593,-0.0176,0.1855
200625,Right,2,0.2829,-0.1054,-0.9455,-0.1224,0.0131,-0.0005,0.0039,-0.0089,0.1138,-0.0753,-5.4335,1.1612,7.9974,0.0002,-0.0000,0.0000,1.0000,-0.1358,0.0290,0.1999
200625,Pelvis,2,-0.5404,-0.4559,-0.5241,0.4748,-0.0136,-0.0200,0.0120,0.0045,0.0212,0.0252,9.8318,-0.3437,0.0259,-0.0002,-0.0002,0.0001,1.0000,0.2458,-0.0086,0.0007
200626,Left,2,0.3446,0.0587,-0.9348,0.0632,0.0007,0.0016,0.0066,-0.0306,0.0507,-0.0073,-6.3718,-0.7027,7.4199,0.0000,0.0000,0.0001,1.0000,-0.1593,-0.0176,0.1855
200626,Right,2,0.2828,-0.1054,-0.9455,-0.1225,0.0128,-0.0006,0.0033,-0.0100,0.1031,-0.0690,-5.4367,1.1725,8.0012,0.0002,-0.0000,0.0000,1.0000,-0.1359,0.0293,0.2000
200626,Pelvis,2,-0.5406,-0.4557,-0.5241,0.4747,-0.0121,-0.0190,0.0108,-0.0142,0.0381,-0.0117,9.7942,-0.3666,0.0378,-0.0002,-0.0002,0.0001,1.0000,0.2449,-0.0091,0.0010
200627,Left,2,0.3446,0.0587,-0.9348,0.0632,0.0005,0.0011,0.0060,-0.0383,0.0509,-0.0036,-6.3680,-0.7049,7.4279,0.0000,0.0000,0.0001,1.0000,-0.1592,-0.0176,0.1857
200627,Right,2,0.2827,-0.1054,-0.9455,-0.1225,0.0127,0.0003,0.0026,-0.0084,0.1135,-0.0679,-5.4354,1.1623,8.0049,0.0002,0.0000,0.0000,1.0000,-0.1359,0.0290,0.2001
200627,Pelvis,2,-0.5409,-0.4557,-0.5238,0.4748,-0.0116,-0.0222,0.0109,0.0186,0.0322,-0.0121,9.7948,-0.3385,0.0314,-0.0001,-0.0003,0.0001,1.0000,0.2449,-0.0084,0.0009
200628,Left,2,0.3445,0.0587,-0.9348,0.0632,-0.0006,0.0008,0.0058,-0.0274,0.0387,-0.0293,-6.3573,-0.6902,7.4043,-0.0000,0.0000,0.0001,1.0000,-0.1589,-0.0173,0.1851
200628,Right,2,0.2826,-0.1054,-0.9455,-0.1225,0.0131,0.0012,0.0025,0.0039,0.1168,-0.0723,-5.4411,1.1551,7.9968,0.0002,0.0000,0.0000,1.0000,-0.1360,0.0288,0.1999
200628,Pelvis,2,-0.5412,-0.4557,-0.5237,0.4746,-0.0126,-0.0230,0.0096,0.0336,0.0419,0.0039,9.8112,-0.3285,0.0378,-0.0002,-0.0003,0.0001,1.0000,0.2453,-0.0082,0.0010
200629,Left,2,0.3444,0.0588,-0.9348,0.0631,-0.0001,0.0011,0.0077,-0.0355,0.0584,-0.0123,-6.3625,-0.7131,7.4204,-0.0000,0.0000,0.0001,1.0000,-0.1591,-0.0178,0.1855
200629,Right,2,0.2825,-0.1054,-0.9456,-0.1224,0.0142,0.0014,0.0041,-0.0227,0.1091,-0.0850,-5.4123,1.1688,7.9988,0.0002,0.0000,0.0001,1.0000,-0.1353,0.0292,0.2000
200629,Pelvis,2,-0.5414,-0.4556,-0.5235,0.4746,-0.0126,-0.0204,0.0097,0.0227,0.0410,0.0154,9.8221,-0.3436,0.0305,-0.0002,-0.0003,0.0001,1.0000,0.2456,-0.0086,0.0008
200630,Left,2,0.3444,0.0588,-0.9349,0.0631,0.0025,0.0002,0.0066,-0.0407,0.0387,-0.0220,-6.3495,-0.6944,7.4204,0.0000,0.0000,0.0001,1.0000,-0.1587,-0.0174,0.1855
200630,Right,2,0.2825,-0.1053,-0.9456,-0.1224,0.0123,0.0033,0.0024,-0.0138,0.0914,-0.0842,-5.4227,1.1831,7.9904,0.0002,0.0000,0.0000,1.0000,-0.1356,0.0295,0.1998
200630,Pelvis,2,-0.5417,-0.4556,-0.5233,0.4746,-0.0106,-0.0153,0.0142,0.0195,0.0161,0.0353,9.8419,-0.3480,0.0004,-0.0001,-0.0002,0.0002,1.0000,0.2460,-0.0087,0.0001
200632,Left,2,0.3443,0.0588,-0.9349,0.0632,0.0012,0.0020,0.0060,-0.0361,0.0516,-0.0215,-6.3536,-0.7062,7.4165,0.0000,0.0000,0.0001,1.0000,-0.3177,-0.0354,0.3708
200632,Right,2,0.2826,-0.1053,-0.9456,-0.1223,0.0125,0.0049,0.0024,-0.0189,0.0986,-0.0809,-5.4200,1.1793,7.9969,0.0003,0.0001,0.0001,1.0000,-0.2710,0.0588,0.3999
200632,Pelvis,2,-0.5420,-0.4551,-0.5232,0.4748,-0.0109,-0.0002,0.0205,0.0187,0.0311,0.0294,9.8356,-0.3586,0.0144,-0.0003,-0.0000,0.0005,1.0000,0.4918,-0.0177,0.0007
200633,Left,2,0.3443,0.0588,-0.9349,0.0631,0.0033,0.0056,0.0079,-0.0401,0.0446,-0.0089,-6.3577,-0.7018,7.4299,0.0000,0.0001,0.0001,1.0000,-0.1589,-0.0176,0.1858
200633,Right,2,0.2826,-0.1053,-0.9455,-0.1224,0.0115,0.0110,0.0006,-0.0092,0.1162,-0.0882,-5.4204,1.1568,7.9912,0.0001,0.0001,0.0000,1.0000,-0.1355,0.0289,0.1998
200633,Pelvis,2,-0.5423,-0.4546,-0.5233,0.4748,-0.0208,0.0043,0.0258,0.0423,0.0278,0.0173,9.8241,-0.3433,0.0177,-0.0003,0.0001,0.0003,1.0000,0.2456,-0.0085,0.0004
200634,Left,2,0.3444,0.0588,-0.9349,0.0630,0.0032,0.0107,0.0081,-0.0350,0.0641,-0.0608,-6.3303,-0.7165,7.3837,0.0000,0.0001,0.0001,1.0000,-0.1582,-0.0179,0.1846
200634,Right,2,0.2827,-0.1053,-0.9455,-0.1224,0.0119,0.0105,-0.0013,-0.0044,0.1041,-0.0666,-5.4403,1.1689,8.0021,0.0001,0.0001,-0.0000,1.0000,-0.1360,0.0292,0.2001
200634,Pelvis,2,-0.5425,-0.4541,-0.5234,0.4749,-0.0241,0.0091,0.0275,-0.0336,0.0578,0.0529,9.8563,-0.4302,0.0415,-0.0003,0.0001,0.0003,1.0000,0.2464,-0.0107,0.0010
200635,Left,2,0.3446,0.0587,-0.9348,0.0629,0.0037,0.0202,0.0104,-0.0608,0.0473,-0.0414,-6.3243,-0.7050,7.4155,0.0000,0.0003,0.0001,1.0000,-0.1581,-0.0177,0.1854
200635,Right,2,0.2829,-0.1053,-0.9454,-0.1226,0.0123,0.0129,-0.0006,-0.0123,0.1024,-0.0819,-5.4282,1.1697,7.9915,0.0002,0.0002,-0.0000,1.0000,-0.1357,0.0292,0.1998
200635,Pelvis,2,-0.5426,-0.4536,-0.5236,0.4751,-0.0234,0.0162,0.0250,-0.0320,0.0798,0.0546,9.8577,-0.4389,0.0682,-0.0003,0.0002,0.0003,1.0000,0.2464,-0.0109,0.0017
200636,Left,2,0.3448,0.0587,-0.9347,0.0628,0.0033,0.0197,0.0107,-0.0185,0.0568,-0.0246,-6.3711,-0.7082,7.3972,0.0000,0.0002,0.0001,1.0000,-0.1592,-0.0177,0.1850
200636,Right,2,0.2830,-0.1053,-0.9454,-0.1227,0.0150,0.0130,-0.0002,0.0021,0.1096,-0.0501,-5.4587,1.1622,8.0108,0.0002,0.0002,-0.0000,1.0000,-0.1364,0.0290,0.2003
200636,Pelvis,2,-0.5427,-0.4532,-0.5237,0.4752,-0.0209,0.0254,0.0168,-0.0274,0.0634,0.0496,9.8527,-0.4384,0.0578,-0.0003,0.0003,0.0002,1.0000,0.2463,-0.0109,0.0014
200637,Left,2,0.3449,0.0586,-0.9347,0.0629,0.0030,0.0156,0.0133,-0.0145,0.0336,0.0146,-6.3994,-0.6867,7.4265,0.0000,0.0002,0.0002,1.0000,-0.1599,-0.0172,0.1857
200637,Right,2,0.2830,-0.1053,-0.9454,-0.1227,0.0119,0.0088,0.0001,0.0050,0.1136,-0.0563,-5.4575,1.1567,8.0049,0.0001,0.0001,0.0000,1.0000,-0.1364,0.0289,0.2001
200637,Pelvis,2,-0.5426,-0.4528,-0.5239,0.4755,-0.0113,0.0280,0.0092,-0.0486,0.0799,0.0344,9.8362,-0.4653,0.0791,-0.0001,0.0003,0.0001,1.0000,0.2459,-0.0116,0.0019
200638,Left,2,0.3450,0.0586,-0.9347,0.0625,0.0023,0.0134,0.0082,-0.0232,0.0439,0.0096,-6.3921,-0.6979,7.4252,0.0000,0.0002,0.0001,1.0000,-0.1598,-0.0175,0.1857
200638,Right,2,0.2831,-0.1053,-0.9454,-0.1227,0.0147,0.0090,-0.0003,0.0082,0.0910,-0.0782,-5.4525,1.1739,7.9788,0.0002,0.0001,-0.0000,1.0000,-0.1363,0.0293,0.1995
200638,Pelvis,2,-0.5422,-0.4525,-0.5242,0.4758,0.0042,0.0433,-0.0034,-0.0609,0.0909,0.0202,9.8212,-0.4807,0.0995,0.0001,0.0005,-0.0000,1.0000,0.2455,-0.0120,0.0024
200639,Left,2,0.3451,0.0586,-0.9346,0.0626,0.0018,0.0104,0.0088,-0.0245,0.0442,-0.0212,-6.3731,-0.6959,7.4010,0.0000,0.0001,0.0001,1.0000,-0.1593,-0.0174,0.1850
200639,Right,2,0.2832,-0.1053,-0.9453,-0.1229,0.0115,0.0109,0.0006,-0.0085,0.1102,-0.0869,-5.4323,1.1589,7.9843,0.0001,0.0001,0.0000,1.0000,-0.1358,0.0289,0.1996
200639,Pelvis,2,-0.5416,-0.4523,-0.5247,0.4763,0.0156,0.0717,-0.0148,-0.0603,0.0699,0.0276,9.8288,-0.4763,0.0934,0.0002,0.0009,-0.0002,1.0000,0.2457,-0.0120,0.0021
200640,Left,2,0.3452,0.0586,-0.9346,0.0626,0.0004,0.0108,0.0080,-0.0369,0.0451,-0.0048,-6.3754,-0.6999,7.4204,0.0000,0.0001,0.0001,1.0000,-0.1594,-0.0175,0.1855
200640,Right,2,0.2833,-0.1053,-0.9453,-0.1230,0.0119,0.0096,-0.0006,-0.0045,0.0980,-0.0653,-5.4522,1.1710,7.9952,0.0001,0.0001,-0.0000,1.0000,-0.1363,0.0292,0.1999
200640,Pelvis,2,-0.5408,-0.4520,-0.5253,0.4768,0.0223,0.0783,-0.0224,-0.0488,0.0784,-0.0188,9.7827,-0.4607,0.1240,0.0003,0.0010,-0.0003,1.0000,0.2446,-0.0116,0.0029
200641,Left,2,0.3453,0.0586,-0.9345,0.0628,0.0014,0.0085,0.0084,-0.0287,0.0515,0.0136,-6.3967,-0.7056,7.4259,0.0000,0.0001,0.0001,1.0000,-0.1599,-0.0177,0.1857
200641,Right,2,0.2833,-0.1053,-0.9452,-0.1231,0.0116,0.0085,0.0018,-0.0158,0.1146,-0.0452,-5.4518,1.1607,8.0217,0.0001,0.0001,0.0000,1.0000,-0.1363,0.0290,0.2006
200641,Pelvis,2,-0.5399,-0.4520,-0.5258,0.4772,0.0321,0.0644,-0.0307,-0.0721,0.0877,-0.0523,9.7482,-0.4777,0.1497,0.0004,0.0008,-0.0004,1.0000,0.2437,-0.0120,0.0035
200642,Left,2,0.3453,0.0586,-0.9346,0.0627,0.0014,0.0070,0.0079,-0.0234,0.0398,0.0006,-6.3915,-0.6926,7.4142,0.0000,0.0001,0.0001,1.0000,-0.1598,-0.0173,0.1854
200642,Right,2,0.2833,-0.1053,-0.9453,-0.1231,0.0135,0.0036,0.0031,0.0084,0.0979,-0.0696,-5.4607,1.1662,7.9848,0.0002,0.0000,0.0000,1.0000,-0.1365,0.0291,0.1996
200642,Pelvis,2,-0.5392,-0.4522,-0.5261,0.4775,0.0453,0.0462,-0.0344,-0.0961,0.0809,-0.0692,9.7307,-0.4911,0.1546,0.0006,0.0006,-0.0004,1.0000,0.2433,-0.0124,0.0037
200643,Left,2,0.3454,0.0586,-0.9345,0.0626,-0.0005,0.0049,0.0061,-0.0313,0.0399,0.0043,-6.3886,-0.6947,7.4215,-0.0000,0.0001,0.0001,1.0000,-0.1597,-0.0174,0.1855
200643,Right,2,0.2832,-0.1053,-0.9453,-0.1231,0.0127,0.0033,0.0029,-0.0203,0.1032,-0.0678,-5.4368,1.1699,8.0029,0.0002,0.0000,0.0000,1.0000,-0.1359,0.0292,0.2001
200643,Pelvis,2,-0.5384,-0.4525,-0.5262,0.4779,0.0541,0.0294,-0.0309,-0.1080,0.0785,-0.0577,9.7419,-0.4957,0.1626,0.0007,0.0004,-0.0004,1.0000,0.2435,-0.0125,0.0040
200645,Left,2,0.3453,0.0586,-0.9346,0.0624,0.0017,0.0031,0.0071,-0.0305,0.0492,-0.0153,-6.3773,-0.7023,7.4046,0.0000,0.0001,0.0002,1.0000,-0.3188,-0.0352,0.3703
200645,Right,2,0.2832,-0.1054,-0.9453,-0.1231,0.0129,0.0031,0.0020,-0.0027,0.1028,-0.0749,-5.4466,1.1656,7.9882,0.0003,0.0001,0.0001,1.0000,-0.2723,0.0581,0.3995
200645,Pelvis,2,-0.5373,-0.4537,-0.5258,0.4786,0.0702,-0.0004,-0.0250,-0.1081,0.1011,-0.0452,9.7545,-0.4894,0.1903,0.0018,-0.0000,-0.0006,1.0000,0.4877,-0.0248,0.0095
200646,Left,2,0.3453,0.0586,-0.9346,0.0625,0.0041,0.0007,0.0087,-0.0278,0.0574,-0.0348,-6.3657,-0.7093,7.3882,0.0001,0.0000,0.0001,1.0000,-0.1591,-0.0178,0.1847
200646,Right,2,0.2832,-0.1053,-0.9453,-0.1231,0.0116,0.0039,0.0006,0.0014,0.1056,-0.0629,-5.4553,1.1615,7.9975,0.0001,0.0000,0.0000,1.0000,-0.1364,0.0290,0.1999
200646,Pelvis,2,-0.5369,-0.4546,-0.5251,0.4789,0.0939,-0.0324,-0.0228,-0.1196,0.1578,-0.0544,9.7445,-0.5004,0.2427,0.0012,-0.0004,-0.0003,1.0000,0.2436,-0.0126,0.0062
200647,Left,2,0.3453,0.0584,-0.9346,0.0625,0.0078,0.0010,0.0098,-0.0328,0.0464,-0.0134,-6.3764,-0.6989,7.4082,0.0001,0.0000,0.0001,1.0000,-0.1594,-0.0175,0.1852
200647,Right,2,0.2831,-0.1053,-0.9453,-0.1231,0.0136,0.0022,0.0014,-0.0080,0.0829,-0.0732,-5.4458,1.1839,7.9879,0.0002,0.0000,0.0000,1.0000,-0.1361,0.0296,0.1997
200647,Pelvis,2,-0.5363,-0.4558,-0.5244,0.4792,0.1077,-0.0459,-0.0317,-0.1328,0.1854,-0.0012,9.7973,-0.5115,0.2618,0.0013,-0.0006,-0.0004,1.0000,0.2449,-0.0129,0.0067
200648,Left,2,0.3453,0.0583,-0.9346,0.0624,0.0086,-0.0023,0.0112,-0.0418,0.0371,-0.0101,-6.3699,-0.6898,7.4191,0.0001,-0.0000,0.0001,1.0000,-0.1592,-0.0173,0.1855
200648,Right,2,0.2831,-0.1052,-0.9453,-0.1231,0.0115,0.0030,0.0022,-0.0165,0.0942,-0.0739,-5.4363,1.1754,7.9949,0.0001,0.0000,0.0000,1.0000,-0.1359,0.0294,0.1999
200648,Pelvis,2,-0.5357,-0.4572,-0.5235,0.4795,0.1247,-0.0636,-0.0454,-0.1480,0.2427,0.0312,9.8291,-0.5270,0.3060,0.0016,-0.0008,-0.0006,1.0000,0.2457,-0.0133,0.0078
200649,Left,2,0.3451,0.0583,-0.9347,0.0625,0.0090,-0.0025,0.0124,-0.0245,0.0424,-0.0044,-6.3847,-0.6911,7.4137,0.0001,-0.0000,0.0002,1.0000,-0.1596,-0.0173,0.1853
200649,Right,2,0.2831,-0.1052,-0.9453,-0.1231,0.0115,0.0016,0.0005,-0.0069,0.0902,-0.0720,-5.4456,1.1761,7.9907,0.0001,0.0000,0.0000,1.0000,-0.1361,0.0294,0.1998
200649,Pelvis,2,-0.5352,-0.4591,-0.5223,0.4796,0.1360,-0.0894,-0.0599,-0.1392,0.2465,-0.0120,9.7874,-0.5058,0.2922,0.0017,-0.0011,-0.0007,1.0000,0.2447,-0.0128,0.0076
200650,Left,2,0.3451,0.0581,-0.9347,0.0625,0.0107,-0.0028,0.0124,-0.0170,0.0501,-0.0167,-6.3826,-0.6942,7.3990,0.0001,-0.0000,0.0002,1.0000,-0.1596,-0.0174,0.1850
200650,Right,2,0.2831,-0.1051,-0.9453,-0.1231,0.0097,0.0043,-0.0019,-0.0049,0.0943,-0.0781,-5.4429,1.1698,7.9860,0.0001,0.0001,-0.0000,1.0000,-0.1361,0.0292,0.1997
200650,Pelvis,2,-0.5346,-0.4611,-0.5211,0.4796,0.1402,-0.1018,-0.0712,-0.0908,0.1865,-0.0048,9.7979,-0.4364,0.2177,0.0018,-0.0013,-0.0009,1.0000,0.2449,-0.0111,0.0057
200651,Left,2,0.3450,0.0580,-0.9347,0.0626,0.0090,-0.0040,0.0119,-0.0275,0.0412,-0.0134,-6.3755,-0.6846,7.4103,0.0001,-0.0001,0.0001,1.0000,-0.1594,-0.0172,0.1852
200651,Right,2,0.2831,-0.1049,-0.9454,-0.1231,0.0015,-0.0014,-0.0051,-0.0052,0.0975,-0.0708,-5.4456,1.1656,7.9938,0.0000,-0.0000,-0.0001,1.0000,-0.1361,0.0291,0.1998
200651,Pelvis,2,-0.5338,-0.4630,-0.5201,0.4797,0.1381,-0.0898,-0.0847,-0.1060,0.1818,0.0499,9.8533,-0.4363,0.1906,0.0017,-0.0011,-0.0011,1.0000,0.2463,-0.0112,0.0050
200652,Left,2,0.3449,0.0579,-0.9347,0.0626,0.0088,-0.0034,0.0112,-0.0415,0.0323,0.0027,-6.3727,-0.6775,7.4346,0.0001,-0.0000,0.0001,1.0000,-0.1593,-0.0170,0.1859
200652,Right,2,0.2830,-0.1047,-0.9454,-0.1231,-0.0024,-0.0033,-0.0072,0.0042,0.0999,-0.0616,-5.4564,1.1580,7.9988,-0.0000,-0.0000,-0.0001,1.0000,-0.1364,0.0290,0.2000
200652,Pelvis,2,-0.5329,-0.4651,-0.5192,0.4798,0.1439,-0.0766,-0.1039,-0.1866,0.2150,0.0757,9.8778,-0.5009,0.1962,0.0018,-0.0010,-0.0013,1.0000,0.2469,-0.0129,0.0051
200653,Left,2,0.3448,0.0578,-0.9348,0.0625,0.0069,-0.0055,0.0095,-0.0297,0.0388,-0.0006,-6.3787,-0.6803,7.4248,0.0001,-0.0001,0.0001,1.0000,-0.1595,-0.0170,0.1856
200653,Right,2,0.2831,-0.1047,-0.9454,-0.1232,0.0063,0.0120,0.0036,0.0182,0.1583,-0.0613,-5.4586,1.0955,8.0074,0.0001,0.0001,0.0000,1.0000,-0.1364,0.0274,0.2002
200653,Pelvis,2,-0.5315,-0.4672,-0.5185,0.4800,0.1607,-0.0515,-0.1191,-0.2807,0.2517,0.0383,9.8393,-0.5724,0.2110,0.0020,-0.0006,-0.0015,1.0000,0.2460,-0.0147,0.0054
200654,Left,2,0.3447,0.0577,-0.9348,0.0626,0.0070,-0.0071,0.0110,-0.0378,0.0301,-0.0191,-6.3583,-0.6703,7.4189,0.0001,-0.0001,0.0001,1.0000,-0.1590,-0.0168,0.1855
200654,Right,2,0.2836,-0.1048,-0.9452,-0.1230,0.0154,0.0431,0.0138,0.0655,0.0865,-0.0217,-5.5361,1.1552,7.9933,0.0002,0.0005,0.0002,1.0000,-0.1383,0.0288,0.1999
200654,Pelvis,2,-0.5299,-0.4692,-0.5180,0.4804,0.1619,-0.0209,-0.1275,-0.2508,0.2505,0.0154,9.8188,-0.5161,0.2074,0.0020,-0.0003,-0.0016,1.0000,0.2454,-0.0133,0.0052
200655,Left,2,0.3447,0.0576,-0.9348,0.0626,0.0063,0.0001,0.0120,-0.0594,0.0438,-0.0294,-6.3350,-0.6850,7.4241,0.0001,0.0000,0.0001,1.0000,-0.1584,-0.0172,0.1856
200655,Right,2,0.2838,-0.1048,-0.9452,-0.1229,0.0127,0.0235,0.0039,0.0074,0.0025,-0.0107,-5.5156,1.2542,8.0053,0.0002,0.0003,0.0000,1.0000,-0.1378,0.0313,0.2002
200655,Pelvis,2,-0.5281,-0.4709,-0.5177,0.4810,0.1480,0.0121,-0.1259,-0.1356,0.1723,0.0655,9.8727,-0.3686,0.1425,0.0018,0.0002,-0.0016,1.0000,0.2468,-0.0096,0.0035
200656,Left,2,0.3448,0.0575,-0.9348,0.0626,0.0044,0.0076,0.0143,-0.0664,0.0446,-0.0474,-6.3190,-0.6840,7.4141,0.0001,0.0001,0.0002,1.0000,-0.1580,-0.0171,0.1854
200656,Right,2,0.2838,-0.1048,-0.9452,-0.1229,0.0160,0.0019,0.0059,0.0143,0.0488,-0.0269,-5.5059,1.2067,7.9996,0.0002,0.0000,0.0001,1.0000,-0.1376,0.0301,0.2000
200656,Pelvis,2,-0.5264,-0.4724,-0.5175,0.4816,0.1387,0.0228,-0.1215,-0.1352,0.1478,0.0014,9.8095,-0.3394,0.1247,0.0017,0.0003,-0.0015,1.0000,0.2452,-0.0089,0.0030
200657,Left,2,0.3451,0.0576,-0.9347,0.0628,0.0009,0.0271,0.0168,-0.1000,0.0618,-0.0848,-6.2742,-0.7020,7.4018,0.0000,0.0003,0.0002,1.0000,-0.1568,-0.0176,0.1851
200657,Right,2,0.2835,-0.1049,-0.9453,-0.1229,0.0203,-0.0229,0.0108,-0.0079,0.1084,-0.0972,-5.4356,1.1493,7.9710,0.0003,-0.0003,0.0001,1.0000,-0.1360,0.0287,0.1992
200657,Pelvis,2,-0.5246,-0.4741,-0.5171,0.4823,0.1516,0.0232,-0.1155,-0.1558,0.2159,-0.1564,9.6520,-0.3387,0.1978,0.0019,0.0003,-0.0014,1.0000,0.2413,-0.0088,0.0049
200658,Left,2,0.3460,0.0576,-0.9343,0.0631,-0.0043,0.0778,0.0284,-0.2336,0.1425,-0.1905,-6.1193,-0.7941,7.3881,-0.0001,0.0010,0.0004,1.0000,-0.1528,-0.0199,0.1849
200658,Right,2,0.2831,-0.1051,-0.9454,-0.1228,0.0245,-0.0254,0.0200,-0.0392,0.1687,-0.1692,-5.3536,1.0954,7.9477,0.0003,-0.0003,0.0003,1.0000,-0.1339,0.0273,0.1987
200658,Pelvis,2,-0.5225,-0.4758,-0.5165,0.4836,0.1880,0.0473,-0.0999,-0.0626,0.3379,-0.1760,9.6341,-0.2355,0.3362,0.0023,0.0006,-0.0012,1.0000,0.2408,-0.0062,0.0082
200659,Left,2,0.3484,0.0578,-0.9334,0.0637,-0.0175,0.2112,0.0630,-0.6164,0.2547,-0.3113,-5.7889,-0.9539,7.5033,-0.0002,0.0026,0.0008,1.0000,-0.1442,-0.0239,0.1880
200659,Right,2,0.2828,-0.1054,-0.9455,-0.1226,0.0306,-0.0212,0.0317,-0.0338,0.1903,-0.1379,-5.3663,1.0833,7.9792,0.0004,-0.0003,0.0004,1.0000,-0.1342,0.0270,0.1995
200659,Pelvis,2,-0.5200,-0.4771,-0.5158,0.4856,0.2399,0.1005,-0.0655,-0.0916,0.4450,-0.1600,9.6490,-0.2564,0.4606,0.0030,0.0013,-0.0008,1.0000,0.2412,-0.0066,0.0112
200660,Left,2,0.3543,0.0583,-0.9310,0.0651,-0.0510,0.5070,0.1302,-0.9673,0.1695,-0.1402,-5.7023,-0.9313,7.8192,-0.0006,0.0063,0.0016,1.0000,-0.1413,-0.0234,0.1964
200660,Right,2,0.2824,-0.1058,-0.9456,-0.1223,0.0401,-0.0188,0.0407,-0.0295,0.0701,-0.1528,-5.3763,1.2029,7.9352,0.0005,-0.0002,0.0005,1.0000,-0.1345,0.0299,0.1984
200660,Pelvis,2,-0.5171,-0.4784,-0.5144,0.4890,0.3153,0.1441,-0.0045,-0.0419,0.2308,-0.2527,9.5570,-0.1860,0.2798,0.0039,0.0018,-0.0001,1.0000,0.2389,-0.0047,0.0065
200661,Left,2,0.3675,0.0591,-0.9258,0.0668,-0.0608,1.1323,0.2061,-1.8767,-0.1542,0.1381,-5.3617,-0.7681,8.5577,-0.0008,0.0142,0.0026,0.9999,-0.1309,-0.0194,0.2158
200661,Right,2,0.2821,-0.1063,-0.9457,-0.1220,0.0473,-0.0134,0.0423,-0.0458,0.0984,-0.1043,-5.3799,1.1985,7.9928,0.0006,-0.0002,0.0005,1.0000,-0.1345,0.0298,0.1998
200661,Pelvis,2,-0.5142,-0.4791,-0.5125,0.4934,0.3550,0.1792,0.0778,0.0338,-0.0874,-0.3316,9.4810,-0.1058,0.0068,0.0044,0.0022,0.0010,1.0000,0.2370,-0.0024,-0.0004
200662,Left,2,0.3918,0.0601,-0.9155,0.0691,-0.0373,2.1150,0.2959,-1.4662,-0.4227,0.4636,-6.2045,-0.4316,8.3231,-0.0005,0.0264,0.0037,0.9996,-0.1495,-0.0113,0.2121
200662,Right,2,0.2818,-0.1069,-0.9457,-0.1217,0.0552,-0.0086,0.0448,0.0425,0.0764,0.0528,-5.5389,1.2277,8.0714,0.0007,-0.0001,0.0006,1.0000,-0.1385,0.0305,0.2018
200662,Pelvis,2,-0.5114,-0.4794,-0.5109,0.4976,0.3244,0.1998,0.0891,0.2255,-0.0756,0.2105,10.0256,0.0479,0.0827,0.0041,0.0025,0.0011,1.0000,0.2506,0.0015,0.0014
200663,Left,2,0.4248,0.0615,-0.9004,0.0703,-0.0217,2.8990,0.2921,-1.2188,-0.3989,0.3177,-6.7702,-0.3644,7.6386,-0.0003,0.0362,0.0037,0.9993,-0.1622,-0.0097,0.1969
200663,Right,2,0.2815,-0.1075,-0.9457,-0.1215,0.0532,-0.0156,0.0354,-0.0230,0.0567,-0.0318,-5.4382,1.2674,8.0306,0.0007,-0.0002,0.0004,1.0000,-0.1360,0.0315,0.2008
200663,Pelvis,2,-0.5088,-0.4800,-0.5100,0.5006,0.2661,0.1529,0.0047,0.6603,0.0092,0.8825,10.7034,0.4478,0.2435,0.0033,0.0019,0.0001,1.0000,0.2676,0.0112,0.0056
200664,Left,2,0.4599,0.0642,-0.8828,0.0713,-0.1132,3.1414,0.2550,-0.8671,-0.0836,2.3518,-9.1853,-0.6763,7.9989,-0.0014,0.0393,0.0032,0.9992,-0.2215,-0.0173,0.2088
200664,Right,2,0.2813,-0.1078,-0.9458,-0.1214,0.0378,-0.0092,0.0190,-0.0673,0.0830,-0.1018,-5.3548,1.2556,8.0039,0.0005,-0.0001,0.0002,1.0000,-0.1339,0.0313,0.2001
200664,Pelvis,2,-0.5072,-0.4807,-0.5095,0.5022,0.1638,0.0753,-0.0227,1.4651,-0.1015,0.4376,10.2759,1.2646,0.1812,0.0020,0.0009,-0.0003,1.0000,0.2569,0.0315,0.0044
200665,Left,2,0.4793,0.0721,-0.8716,0.0737,-0.5954,1.8240,0.0491,-0.7177,-0.8490,4.7478,-11.6952,-0.0541,8.7464,-0.0074,0.0228,0.0006,0.9997,-0.2873,0.0001,0.2253
200665,Right,2,0.2812,-0.1080,-0.9458,-0.1214,0.0246,-0.0016,0.0064,-0.0380,0.0637,-0.0974,-5.3811,1.2711,7.9887,0.0003,-0.0000,0.0001,1.0000,-0.1345,0.0317,0.1997
200665,Pelvis,2,-0.5065,-0.4809,-0.5095,0.5026,0.0433,0.0336,-0.0198,1.6630,-0.4229,0.0261,9.8753,1.4852,-0.1320,0.0005,0.0004,-0.0002,1.0000,0.2469,0.0371,-0.0034
200666,Left,2,0.4812,0.0815,-0.8698,0.0728,-0.6188,0.2662,-0.3895,-0.9099,1.1834,4.5210,-11.7327,-2.2473,8.0611,-0.0077,0.0033,-0.0049,1.0000,-0.2929,-0.0532,0.2029
200666,Right,2,0.2811,-0.1079,-0.9458,-0.1215,0.0118,0.0042,-0.0034,-0.0478,0.0675,-0.0919,-5.3747,1.2720,7.9997,0.0001,0.0001,-0.0000,1.0000,-0.1344,0.0318,0.2000
200666,Pelvis,2,-0.5062,-0.4809,-0.5102,0.5022,-0.0266,0.0200,-0.0614,1.4069,-0.6413,-0.0408,9.8082,1.2465,-0.3531,-0.0003,0.0003,-0.0008,1.0000,0.2452,0.0310,-0.0089
200667,Left,2,0.4781,0.0828,-0.8713,0.0727,-0.0957,-0.2606,-0.0810,-0.2928,-1.8412,-4.4143,-4.3300,1.3417,3.4741,-0.0012,-0.0033,-0.0010,1.0000,-0.1085,0.0338,0.0865
200667,Right,2,0.2812,-0.1077,-0.9458,-0.1216,-0.0011,0.0093,-0.0124,-0.0214,0.0610,-0.0729,-5.4086,1.2701,8.0002,-0.0000,0.0001,-0.0002,1.0000,-0.1352,0.0318,0.2000
200667,Pelvis,2,-0.5057,-0.4819,-0.5109,0.5010,-0.0161,-0.0424,-0.1406,0.7969,-0.6472,0.1165,9.9532,0.6587,-0.3766,-0.0002,-0.0005,-0.0018,1.0000,0.2489,0.0160,-0.0093
200668,Left,2,0.4723,0.0856,-0.8735,0.0819,-0.5672,-0.5296,0.4892,0.8490,-3.0960,-0.8645,-7.8217,2.5408,4.7692,-0.0071,-0.0066,0.0061,0.9999,-0.1967,0.0632,0.1175
200668,Right,2,0.2814,-0.1074,-0.9458,-0.1219,-0.0149,0.0069,-0.0207,-0.0285,0.0596,-0.0882,-5.3962,1.2645,7.9907,-0.0002,0.0001,-0.0003,1.0000,-0.1349,0.0317,0.1998
200668,Pelvis,2,-0.5048,-0.4835,-0.5111,0.5001,0.0540,-0.0600,-0.1548,0.4916,-0.7174,-0.1452,9.6869,0.3948,-0.4749,0.0007,-0.0008,-0.0019,1.0000,0.2422,0.0094,-0.0117
200669,Left,2,0.4612,0.0853,-0.8779,0.0966,-0.5738,-1.0384,0.9382,1.7256,0.0882,-2.6744,-6.8977,-0.1511,2.5187,-0.0072,-0.0130,0.0117,0.9998,-0.1732,-0.0054,0.0608
200669,Right,2,0.2815,-0.1070,-0.9457,-0.1221,-0.0156,0.0082,-0.0201,-0.0249,0.0912,-0.0919,-5.3931,1.2242,7.9949,-0.0002,0.0001,-0.0003,1.0000,-0.1348,0.0307,0.1999
200669,Pelvis,2,-0.5045,-0.4850,-0.5106,0.4996,0.0718,-0.0868,-0.0770,0.6560,-0.7696,-0.4011,9.4317,0.5897,-0.5448,0.0009,-0.0011,-0.0010,1.0000,0.2358,0.0145,-0.0134
200670,Left,2,0.4490,0.0837,-0.8829,0.1092,-0.4092,-1.1305,0.8328,2.1248,1.6021,-3.1767,-6.8006,-1.3618,1.7374,-0.0051,-0.0141,0.0104,0.9998,-0.1702,-0.0356,0.0412
200670,Right,2,0.2816,-0.1066,-0.9457,-0.1222,-0.0086,0.0101,-0.0148,0.0009,0.1111,-0.0569,-5.4313,1.1949,8.0163,-0.0001,0.0001,-0.0002,1.0000,-0.1358,0.0299,0.2004
200670,Pelvis,2,-0.5047,-0.4857,-0.5099,0.4993,0.0395,-0.0863,-0.0017,0.8255,-0.8286,-0.4051,9.4285,0.7687,-0.6191,0.0005,-0.0011,-0.0000,1.0000,0.2357,0.0192,-0.0152
200671,Left,2,0.4377,0.0829,-0.8878,0.1159,-0.2506,-1.0258,0.3873,2.1637,2.6139,-3.4916,-6.6676,-2.2209,1.4436,-0.0031,-0.0128,0.0048,0.9999,-0.1669,-0.0562,0.0341
200671,Right,2,0.2816,-0.1064,-0.9457,-0.1224,-0.0052,0.0072,-0.0050,0.0036,0.0888,-0.0790,-5.4265,1.2064,7.9907,-0.0001,0.0001,-0.0001,1.0000,-0.1356,0.0302,0.1998
200671,Pelvis,2,-0.5060,-0.4859,-0.5090,0.4988,-0.0313,-0.1237,0.0533,0.8882,-0.8065,-0.5853,9.2474,0.8255,-0.6220,-0.0004,-0.0015,0.0007,1.0000,0.2312,0.0208,-0.0152
200672,Right,2,0.2816,-0.1062,-0.9457,-0.1224,-0.0030,0.0024,-0.0031,-0.0028,0.1073,-0.0857,-5.4144,1.1855,7.9941,-0.0000,0.0000,-0.0000,1.0000,-0.1354,0.0296,0.1999
200672,Pelvis,2,-0.5083,-0.4857,-0.5078,0.4979,-0.0872,-0.1725,0.1037,0.9156,-0.7179,-0.6199,9.2114,0.8325,-0.5651,-0.0011,-0.0022,0.0013,1.0000,0.2303,0.0211,-0.0137
200673,Left,2,0.4186,0.0834,-0.8974,0.1117,0.0006,-0.8287,-0.2589,1.9175,1.9367,-2.9051,-6.8322,-1.6847,2.3737,0.0000,-0.0207,-0.0065,0.9998,-0.3445,-0.0820,0.1116
200673,Right,2,0.2816,-0.1060,-0.9458,-0.1224,-0.0043,0.0011,-0.0023,-0.0147,0.0838,-0.0826,-5.4102,1.2076,7.9971,-0.0001,0.0000,-0.0000,1.0000,-0.1353,0.0302,0.1999
200673,Pelvis,2,-0.5111,-0.4852,-0.5064,0.4969,-0.1224,-0.1890,0.1454,0.8563,-0.5921,-0.3585,9.4707,0.7373,-0.4776,-0.0015,-0.0024,0.0018,1.0000,0.2368,0.0188,-0.0114
200674,Left,2,0.4126,0.0832,-0.9012,0.1035,0.2610,-0.4966,-0.6448,1.2162,1.0328,-3.5608,-5.6820,-1.0522,2.8708,0.0033,-0.0062,-0.0081,0.9999,-0.1427,-0.0254,0.0708
200674,Right,2,0.2816,-0.1057,-0.9458,-0.1224,-0.0071,-0.0005,-0.0036,-0.0089,0.1053,-0.0512,-5.4284,1.1852,8.0266,-0.0001,-0.0000,-0.0000,1.0000,-0.1357,0.0297,0.2007
200674,Pelvis,2,-0.5143,-0.4842,-0.5049,0.4961,-0.1423,-0.1805,0.1863,0.9351,-0.4699,-0.0660,9.7648,0.7676,-0.3917,-0.0018,-0.0023,0.0023,1.0000,0.2441,0.0197,-0.0093
200675,Left,2,0.4132,0.0818,-0.9023,0.0919,0.5039,0.0767,-0.7893,-0.0632,1.0747,-4.7606,-3.9198,-1.3988,3.0596,0.0063,0.0010,-0.0099,0.9999,-0.0983,-0.0345,0.0764
200675,Right,2,0.2817,-0.1055,-0.9458,-0.1225,-0.0093,0.0027,-0.0041,-0.0127,0.0987,-0.0874,-5.4064,1.1826,7.9978,-0.0001,0.0000,-0.0001,1.0000,-0.1352,0.0296,0.1999
200675,Pelvis,2,-0.5177,-0.4825,-0.5034,0.4957,-0.1607,-0.1547,0.2388,1.1072,-0.4258,0.1009,9.9380,0.8827,-0.3778,-0.0020,-0.0019,0.0030,1.0000,0.2484,0.0228,-0.0090
200676,Left,2,0.3905,0.0705,-0.9140,0.0850,0.9516,-2.0655,-0.3528,2.5316,-4.8686,14.9999,-19.6410,3.6288,15.7152,0.0119,-0.0258,-0.0044,0.9996,-0.5006,0.0883,0.3811
200676,Right,2,0.2817,-0.1051,-0.9458,-0.1225,-0.0129,0.0033,-0.0077,-0.0229,0.0712,-0.0419,-5.4282,1.2116,8.0337,-0.0002,0.0000,-0.0001,1.0000,-0.1357,0.0303,0.2008
200676,Pelvis,2,-0.5214,-0.4801,-0.5022,0.4955,-0.2113,-0.1169,0.2822,1.2489,-0.2361,0.2077,10.0539,0.9487,-0.2110,-0.0026,-0.0015,0.0035,1.0000,0.2513,0.0246,-0.0050
200677,Left,2,0.3568,0.0669,-0.9278,0.0859,0.0880,-2.9194,-0.0915,-2.9162,0.9678,1.6997,-6.1062,-2.2745,9.9789,0.0011,-0.0365,-0.0011,0.9993,-0.1617,-0.0570,0.2436
200677,Right,2,0.2818,-0.1046,-0.9458,-0.1226,-0.0214,0.0084,-0.0183,-0.0451,0.0007,-0.0518,-5.4171,1.2756,8.0190,-0.0003,0.0001,-0.0002,1.0000,-0.1354,0.0320,0.2005
200677,Pelvis,2,-0.5251,-0.4766,-0.5021,0.4950,-0.3032,-0.0419,0.2721,1.0237,0.4039,0.7883,10.6335,0.5999,0.4002,-0.0038,-0.0005,0.0034,1.0000,0.2658,0.0159,0.0101
200678,Left,2,0.3467,0.0641,-0.9318,0.0858,0.1614,-0.8793,-0.0048,-2.6009,-0.5632,0.1925,-4.6759,-0.5988,9.2177,0.0020,-0.0110,-0.0001,0.9999,-0.1194,-0.0154,0.2291
200678,Right,2,0.2822,-0.1041,-0.9457,-0.1228,-0.0272,0.0275,-0.0273,-0.0729,0.0020,-0.0076,-5.4226,1.2771,8.0691,-0.0003,0.0003,-0.0003,1.0000,-0.1355,0.0320,0.2018
200678,Pelvis,2,-0.5290,-0.4725,-0.5033,0.4936,-0.4247,0.0040,0.2078,0.2591,2.0292,1.8843,11.7038,-0.3779,1.9706,-0.0053,0.0001,0.0026,1.0000,0.2926,-0.0084,0.0493
200679,Left,2,0.3484,0.0642,-0.9312,0.0855,0.0066,0.1461,-0.0030,-0.8044,0.1548,-0.3365,-5.6604,-0.8839,7.5926,0.0001,0.0018,-0.0000,1.0000,-0.1412,-0.0221,0.1901
200679,Right,2,0.2828,-0.1033,-0.9456,-0.1232,-0.0412,0.0406,-0.0537,-0.0869,0.0401,-0.0707,-5.3763,1.2218,8.0324,-0.0005,0.0005,-0.0007,1.0000,-0.1343,0.0307,0.2009
200679,Pelvis,2,-0.5311,-0.4701,-0.5065,0.4903,-0.4371,0.0153,-0.0729,-1.5910,1.8830,3.8216,13.5526,-2.3404,1.6801,-0.0055,0.0002,-0.0009,1.0000,0.3388,-0.0586,0.0423
200680,Right,2,0.2837,-0.1028,-0.9454,-0.1235,-0.0237,0.0714,-0.0440,-0.0670,0.2438,-0.1419,-5.3284,0.9980,8.0125,-0.0003,0.0009,-0.0006,1.0000,-0.1330,0.0251,0.2004
200680,Pelvis,2,-0.5332,-0.4665,-0.5093,0.4886,-0.4110,0.1047,0.0503,1.0465,1.5658,0.8690,10.7203,0.4304,1.5925,-0.0051,0.0013,0.0006,1.0000,0.2681,0.0111,0.0394
200681,Left,2,0.3485,0.0649,-0.9313,0.0842,-0.0046,0.0120,-0.0512,0.3458,-0.0528,0.1231,-6.8086,-0.4845,7.2285,-0.0001,0.0003,-0.0013,1.0000,-0.3403,-0.0237,0.3615
200681,Right,2,0.2853,-0.1028,-0.9448,-0.1239,0.0086,0.1381,-0.0412,-0.2329,0.0526,-0.1826,-5.2264,1.2126,8.0006,0.0001,0.0017,-0.0005,1.0000,-0.1303,0.0304,0.2002
200681,Pelvis,2,-0.5391,-0.4576,-0.5127,0.4869,-0.7946,0.1865,0.3891,2.0847,1.0215,-1.0335,8.8705,1.5281,1.2019,-0.0099,0.0023,0.0049,0.9999,0.2216,0.0396,0.0291
200682,Left,2,0.3472,0.0650,-0.9318,0.0837,0.0068,-0.1068,-0.0396,0.2034,0.0666,0.0688,-6.6702,-0.6419,7.2653,0.0001,-0.0013,-0.0005,1.0000,-0.1670,-0.0160,0.1814
200682,Right,2,0.2893,-0.1032,-0.9435,-0.1245,0.0306,0.3404,-0.0876,-0.7361,0.0600,-0.3583,-4.7692,1.3243,8.0891,0.0004,0.0043,-0.0011,1.0000,-0.1183,0.0332,0.2027
200682,Pelvis,2,-0.5445,-0.4466,-0.5191,0.4844,-1.0015,0.3850,0.3241,1.5583,0.6064,-1.2774,8.6048,0.9634,0.8233,-0.0125,0.0048,0.0041,0.9999,0.2151,0.0252,0.0192
200683,Left,2,0.3458,0.0650,-0.9323,0.0834,0.0028,-0.1093,-0.0308,-0.1210,0.0256,0.0029,-6.3595,-0.6694,7.4479,0.0000,-0.0014,-0.0004,1.0000,-0.1592,-0.0167,0.1860
200683,Right,2,0.2992,-0.1043,-0.9401,-0.1260,0.0613,0.8268,-0.1973,-1.2803,0.2652,-0.2433,-4.4887,1.2950,8.4535,0.0008,0.0103,-0.0025,0.9999,-0.1099,0.0325,0.2125
200683,Pelvis,2,-0.5473,-0.4368,-0.5280,0.4805,-1.0004,0.5114,0.0207,-0.0781,0.5099,-1.3219,8.4561,-0.6948,0.6100,-0.0125,0.0064,0.0003,0.9999,0.2115,-0.0171,0.0141
200684,Left,2,0.3451,0.0651,-0.9326,0.0831,-0.0031,-0.0554,-0.0197,-0.1255,0.1744,0.0239,-6.3696,-0.8226,7.4535,-0.0000,-0.0007,-0.0002,1.0000,-0.1594,-0.0205,0.1862
200684,Right,2,0.3197,-0.1065,-0.9324,-0.1305,0.1495,1.7134,-0.5376,-2.0609,0.9633,0.5299,-4.5065,0.9416,9.5376,0.0019,0.0214,-0.0067,0.9997,-0.1074,0.0238,0.2408
200684,Pelvis,2,-0.5473,-0.4300,-0.5365,0.4773,-0.7247,0.5103,-0.1645,-1.2646,0.3324,-0.5229,9.1839,-1.8823,0.3505,-0.0091,0.0064,-0.0021,0.9999,0.2296,-0.0475,0.0077
200686,Left,2,0.3447,0.0659,-0.9327,0.0829,-0.0272,-0.0091,-0.0130,-0.0001,0.0232,0.1305,-6.5084,-0.6671,7.4875,-0.0007,-0.0002,-0.0003,1.0000,-0.3255,-0.0330,0.3743
200686,Right,2,0.3587,-0.1312,-0.9096,-0.1634,1.2543,1.7445,-1.2098,-0.4081,1.9558,2.9695,-7.7737,-0.1397,10.3456,0.0313,0.0436,-0.0302,0.9981,-0.3660,-0.0122,0.5333
200686,Pelvis,2,-0.5484,-0.4192,-0.5456,0.4752,-0.4575,0.3408,0.0339,-1.3984,-0.1642,0.4509,10.1688,-1.9795,-0.0245,-0.0114,0.0085,0.0008,0.9999,0.5085,-0.0986,-0.0044
200687,Left,2,0.3445,0.0670,-0.9327,0.0827,-0.0744,-0.0000,-0.0387,0.0189,0.0358,0.1628,-6.5413,-0.6981,7.4991,-0.0009,-0.0000,-0.0005,1.0000,-0.1635,-0.0172,0.1875
200687,Right,2,0.3619,-0.1387,-0.9020,-0.1899,1.3600,0.2850,-1.8331,-0.6491,1.4991,5.2019,-9.7453,0.6806,11.5184,0.0170,0.0036,-0.0229,0.9996,-0.2422,0.0177,0.2891
200687,Pelvis,2,-0.5501,-0.4149,-0.5474,0.4749,-0.3262,0.1563,0.1647,-0.7146,-0.4243,-0.3634,9.4043,-1.2367,-0.1007,-0.0041,0.0020,0.0021,1.0000,0.2352,-0.0304,-0.0029
200688,Left,2,0.3440,0.0686,-0.9328,0.0824,-0.1152,-0.0287,-0.0623,0.0224,0.0418,0.2158,-6.5748,-0.7345,7.5369,-0.0014,-0.0004,-0.0008,1.0000,-0.1645,-0.0180,0.1884
200688,Right,2,0.3625,-0.1457,-0.8952,-0.2142,1.2879,0.0806,-1.6621,-0.7350,0.4604,-1.6435,-5.1873,0.8315,6.3158,0.0161,0.0010,-0.0208,0.9997,-0.1291,0.0209,0.1584
200688,Pelvis,2,-0.5513,-0.4104,-0.5497,0.4748,-0.3223,0.2084,0.1360,-0.4039,-0.3112,-0.1291,9.6436,-1.0090,0.1219,-0.0040,0.0026,0.0017,1.0000,0.2411,-0.0248,0.0025
200689,Left,2,0.3430,0.0705,-0.9331,0.0821,-0.1361,-0.0605,-0.0740,-0.0372,0.0821,0.0018,-6.3842,-0.8067,7.4111,-0.0017,-0.0008,-0.0009,1.0000,-0.1598,-0.0197,0.1852
200689,Right,2,0.3640,-0.1506,-0.8894,-0.2318,0.9452,0.1580,-1.2527,-0.6081,-1.2355,-0.6531,-6.5157,2.3046,6.1669,0.0118,0.0020,-0.0157,0.9998,-0.1617,0.0583,0.1552
200689,Pelvis,2,-0.5519,-0.4052,-0.5533,0.4744,-0.3871,0.3106,0.0968,-0.5213,-0.2158,-0.3408,9.4149,-1.1584,0.2310,-0.0048,0.0039,0.0012,1.0000,0.2354,-0.0286,0.0050
200690,Left,2,0.3418,0.0727,-0.9334,0.0817,-0.1563,-0.0837,-0.0930,-0.0097,0.0443,0.0292,-6.4028,-0.8082,7.4308,-0.0020,-0.0010,-0.0012,1.0000,-0.1603,-0.0197,0.1856
200690,Right,2,0.3643,-0.1528,-0.8864,-0.2414,0.4973,0.0336,-0.6946,-0.3306,-1.3387,-1.7306,-6.0150,2.0882,5.1655,0.0062,0.0004,-0.0087,0.9999,-0.1499,0.0527,0.1295
200690,Pelvis,2,-0.5524,-0.4001,-0.5570,0.4738,-0.3902,0.3166,0.0697,-0.7733,-0.2033,-0.5009,9.2351,-1.4166,0.2378,-0.0049,0.0040,0.0009,1.0000,0.2309,-0.0352,0.0052
200691,Left,2,0.3403,0.0751,-0.9338,0.0812,-0.1674,-0.0950,-0.1048,-0.0859,-0.0457,-0.0886,-6.2402,-0.7735,7.4181,-0.0021,-0.0012,-0.0013,1.0000,-0.1563,-0.0187,0.1853
200691,Right,2,0.3642,-0.1538,-0.8855,-0.2440,0.2011,0.0142,-0.2012,0.4433,-1.1799,-2.5407,-5.8835,1.4356,4.2183,0.0025,0.0002,-0.0025,1.0000,-0.1470,0.0360,0.1056
200691,Pelvis,2,-0.5525,-0.3960,-0.5605,0.4731,-0.3304,0.2774,0.0170,-1.0479,-0.2139,-0.6611,9.0569,-1.6808,0.2067,-0.0041,0.0035,0.0002,1.0000,0.2264,-0.0420,0.0046
200692,Left,2,0.3390,0.0773,-0.9341,0.0807,-0.1574,-0.0885,-0.1009,-0.0829,-0.0351,-0.1408,-6.1899,-0.8263,7.3862,-0.0020,-0.0011,-0.0013,1.0000,-0.1550,-0.0201,0.1845
200692,Right,2,0.3640,-0.1536,-0.8862,-0.2418,-0.0427,-0.0099,0.1436,1.3204,-1.0411,-2.9581,-6.0801,0.8078,3.4917,-0.0005,-0.0001,0.0018,1.0000,-0.1520,0.0200,0.0873
200692,Pelvis,2,-0.5524,-0.3932,-0.5630,0.4726,-0.2208,0.1982,-0.0007,-1.2753,-0.2500,-0.4108,9.2942,-1.9160,0.1785,-0.0028,0.0025,-0.0000,1.0000,0.2324,-0.0479,0.0040
200693,Left,2,0.3380,0.0790,-0.9344,0.0803,-0.1224,-0.0662,-0.0775,-0.1698,0.0481,-0.2855,-6.0218,-0.9530,7.3232,-0.0015,-0.0008,-0.0010,1.0000,-0.1507,-0.0234,0.1830
200693,Right,2,0.3644,-0.1526,-0.8878,-0.2362,-0.2225,0.0297,0.3723,2.0202,-0.8261,-3.2554,-6.2283,0.2518,2.9844,-0.0028,0.0004,0.0047,1.0000,-0.1557,0.0058,0.0747
200693,Pelvis,2,-0.5520,-0.3919,-0.5642,0.4726,-0.0858,0.1174,-0.0001,-1.2904,-0.3455,-0.1679,9.5431,-1.9278,0.1330,-0.0011,0.0015,-0.0000,1.0000,0.2386,-0.0482,0.0030
200694,Left,2,0.3375,0.0800,-0.9345,0.0801,-0.0644,-0.0273,-0.0400,-0.1968,0.1656,-0.3545,-5.9573,-1.0938,7.2689,-0.0008,-0.0003,-0.0005,1.0000,-0.1490,-0.0271,0.1817
200694,Right,2,0.3652,-0.1511,-0.8898,-0.2283,-0.3367,0.0718,0.5178,2.0939,-0.8221,-2.9021,-6.5277,0.2944,3.1810,-0.0042,0.0009,0.0065,1.0000,-0.1632,0.0066,0.0796
200694,Pelvis,2,-0.5515,-0.3919,-0.5642,0.4732,0.0496,0.0326,0.0055,-1.3106,-0.3620,0.0888,9.7981,-1.9653,0.1517,0.0006,0.0004,0.0001,1.0000,0.2450,-0.0491,0.0037
200695,Left,2,0.3377,0.0799,-0.9344,0.0801,0.0061,0.0235,0.0103,-0.1575,0.1739,-0.2944,-6.0250,-1.1085,7.2886,0.0001,0.0003,0.0001,1.0000,-0.1506,-0.0277,0.1823
200695,Right,2,0.3656,-0.1480,-0.8924,-0.2192,-0.4889,0.0036,0.5865,1.6542,-0.6743,-2.4174,-6.5530,0.4987,3.8329,-0.0061,0.0000,0.0073,1.0000,-0.1639,0.0119,0.0958
200695,Pelvis,2,-0.5508,-0.3930,-0.5632,0.4743,0.1585,-0.0242,0.0146,-1.1950,-0.4115,0.2417,9.9608,-1.8566,0.1530,0.0020,-0.0003,0.0002,1.0000,0.2490,-0.0464,0.0038
200696,Left,2,0.3382,0.0795,-0.9343,0.0802,0.0340,0.0397,0.0305,-0.0240,0.0008,0.0441,-6.3332,-0.9394,7.4943,0.0004,0.0005,0.0004,1.0000,-0.1582,-0.0236,0.1874
200696,Right,2,0.3639,-0.1447,-0.8958,-0.2101,-0.4831,-0.1678,0.6121,1.3022,-0.3332,-2.3291,-6.2796,0.4368,4.2647,-0.0060,-0.0021,0.0077,1.0000,-0.1573,0.0104,0.1062
200696,Pelvis,2,-0.5500,-0.3949,-0.5616,0.4756,0.2146,-0.0651,0.0048,-1.0168,-0.4949,0.1308,9.8687,-1.6581,0.1054,0.0027,-0.0008,0.0001,1.0000,0.2467,-0.0414,0.0027
200697,Left,2,0.3385,0.0793,-0.9342,0.0802,0.0157,0.0263,0.0198,0.0078,0.0023,0.0640,-6.3762,-0.9291,7.4853,0.0002,0.0003,0.0002,1.0000,-0.1593,-0.0233,0.1872
200697,Right,2,0.3603,-0.1417,-0.8997,-0.2015,-0.4217,-0.3230,0.6212,0.8978,-0.9849,-1.7312,-6.5788,1.3100,4.7000,-0.0053,-0.0040,0.0078,0.9999,-0.1652,0.0321,0.1167
200697,Pelvis,2,-0.5487,-0.3974,-0.5601,0.4768,0.2604,-0.0738,-0.0403,-0.9354,-0.4542,-0.0366,9.7037,-1.5713,0.1443,0.0033,-0.0009,-0.0005,1.0000,0.2426,-0.0394,0.0037
200698,Left,2,0.3386,0.0792,-0.9341,0.0803,0.0068,0.0149,0.0143,0.0016,-0.0170,0.0542,-6.3667,-0.9074,7.4832,0.0001,0.0002,0.0002,1.0000,-0.1591,-0.0227,0.1871
200698,Right,2,0.3553,-0.1390,-0.9042,-0.1920,-0.4080,-0.4216,0.7291,0.6887,-1.7913,-1.0035,-7.0871,2.2596,5.0945,-0.0051,-0.0053,0.0091,0.9999,-0.1784,0.0555,0.1261
200698,Pelvis,2,-0.5471,-0.4005,-0.5584,0.4779,0.3050,-0.0911,-0.0795,-0.8091,-0.5505,-0.3672,9.3941,-1.3870,0.0456,0.0038,-0.0011,-0.0010,1.0000,0.2348,-0.0349,0.0013
200699,Left,2,0.3386,0.0793,-0.9341,0.0803,-0.0050,0.0014,0.0038,0.0082,-0.0075,0.0111,-6.3456,-0.9112,7.4438,-0.0001,0.0000,0.0000,1.0000,-0.1586,-0.0228,0.1861
200699,Right,2,0.3494,-0.1375,-0.9091,-0.1805,-0.3804,-0.4600,0.9138,0.6720,-2.2257,0.1544,-7.8747,2.8856,5.8664,-0.0048,-0.0057,0.0114,0.9999,-0.1985,0.0706,0.1452
200699,Pelvis,2,-0.5453,-0.4044,-0.5566,0.4789,0.3419,-0.1236,-0.1188,-0.7752,-0.5451,-0.5700,9.1973,-1.3175,0.0293,0.0043,-0.0015,-0.0015,1.0000,0.2299,-0.0333,0.0009
200700,Left,2,0.3385,0.0794,-0.9342,0.0803,-0.0042,-0.0043,0.0024,-0.0536,0.0566,-0.0401,-6.2708,-0.9833,7.4310,-0.0001,-0.0001,0.0000,1.0000,-0.1568,-0.0246,0.1858
200700,Right,2,0.3308,-0.1252,-0.9187,-0.1760,-0.8488,-1.7376,0.3328,3.0535,3.2016,13.3849,-16.9059,-1.3964,16.4325,-0.0106,-0.0217,0.0042,0.9997,-0.4313,-0.0324,0.4019
200700,Pelvis,2,-0.5431,-0.4091,-0.5548,0.4795,0.3782,-0.1437,-0.1870,-0.8307,-0.4161,-0.6737,9.0845,-1.3572,0.1171,0.0047,-0.0018,-0.0023,1.0000,0.2270,-0.0345,0.0032
200701,Left,2,0.3384,0.0793,-0.9342,0.0803,0.0099,-0.0037,0.0133,-0.0541,0.1351,-0.0292,-6.2836,-1.0606,7.4248,0.0001,-0.0000,0.0002,1.0000,-0.1571,-0.0266,0.1856
200701,Right,2,0.3008,-0.1184,-0.9296,-0.1770,-0.1435,-2.5963,0.2038,-0.2101,0.5904,0.1997,-5.9758,0.6882,8.0307,-0.0018,-0.0324,0.0025,0.9995,-0.1558,0.0172,0.1957
200701,Pelvis,2,-0.5403,-0.4148,-0.5531,0.4797,0.4204,-0.1629,-0.2641,-0.4369,-0.3336,-0.5502,9.2267,-0.9451,0.2669,0.0053,-0.0020,-0.0033,1.0000,0.2306,-0.0244,0.0070
200702,Left,2,0.3384,0.0790,-0.9342,0.0804,0.0199,-0.0029,0.0198,-0.0315,0.1181,0.0026,-6.3186,-1.0385,7.4399,0.0002,-0.0000,0.0002,1.0000,-0.1580,-0.0260,0.1860
200702,Right,2,0.2769,-0.1114,-0.9378,-0.1774,-0.2428,-2.0755,0.1467,-3.9090,3.3211,-2.9078,-0.1174,-0.6956,8.5736,-0.0030,-0.0259,0.0018,0.9997,-0.0085,-0.0168,0.2142
200702,Pelvis,2,-0.5372,-0.4209,-0.5520,0.4791,0.4009,-0.1704,-0.3566,0.1834,-0.0709,-0.2294,9.5583,-0.3317,0.6391,0.0050,-0.0021,-0.0045,1.0000,0.2389,-0.0094,0.0164
200703,Left,2,0.3384,0.0787,-0.9342,0.0804,0.0201,0.0074,0.0176,0.0287,0.1366,0.1829,-6.4822,-1.0558,7.5363,0.0003,0.0001,0.0002,1.0000,-0.1620,-0.0265,0.1884
200703,Right,2,0.2703,-0.1124,-0.9399,-0.1759,0.1281,-0.5073,0.2246,-2.7174,-0.1477,-0.5873,-3.0036,2.2496,8.8562,0.0016,-0.0063,0.0028,1.0000,-0.0766,0.0557,0.2210
200703,Pelvis,2,-0.5340,-0.4272,-0.5514,0.4779,0.3681,-0.1692,-0.4107,0.8539,1.0217,0.7597,10.4902,0.1800,1.8635,0.0046,-0.0021,-0.0051,1.0000,0.2622,0.0029,0.0472
200704,Left,2,0.3386,0.0779,-0.9342,0.0806,0.0580,0.0137,0.0451,-0.1276,0.2353,-0.2073,-6.1236,-1.1371,7.3173,0.0007,0.0002,0.0006,1.0000,-0.1530,-0.0286,0.1829
200704,Right,2,0.2719,-0.1131,-0.9394,-0.1757,0.0474,0.1416,0.0079,0.1219,0.6017,0.1891,-5.4266,0.5696,8.4048,0.0006,0.0018,0.0001,1.0000,-0.1353,0.0141,0.2104
200704,Pelvis,2,-0.5319,-0.4312,-0.5506,0.4774,0.2599,-0.1170,-0.2457,1.2657,0.8072,3.2216,12.9749,0.6334,1.8437,0.0032,-0.0015,-0.0031,1.0000,0.3244,0.0147,0.0466
200705,Left,2,0.3396,0.0766,-0.9339,0.0809,0.0964,0.0753,0.0715,-0.2378,-0.1435,-0.4016,-5.8863,-0.7512,7.3099,0.0012,0.0009,0.0009,1.0000,-0.1470,-0.0191,0.1829
200705,Right,2,0.2732,-0.1137,-0.9389,-0.1756,0.0399,0.1298,0.0069,-0.1737,-0.2116,-0.2600,-5.1907,1.3821,7.9041,0.0005,0.0016,0.0001,1.0000,-0.1294,0.0344,0.1978
200705,Pelvis,2,-0.5293,-0.4336,-0.5509,0.4779,0.2179,0.0495,-0.1829,-0.1975,1.2951,2.0213,11.7143,-0.7750,1.9835,0.0027,0.0006,-0.0023,1.0000,0.2928,-0.0202,0.0494
200706,Left,2,0.3414,0.0750,-0.9334,0.0812,0.1244,0.1341,0.0884,-0.1469,0.0247,-0.1403,-6.1608,-0.8889,7.4049,0.0016,0.0017,0.0011,1.0000,-0.1537,-0.0227,0.1853
200706,Right,2,0.2746,-0.1141,-0.9385,-0.1755,0.0230,0.1244,-0.0045,-0.0953,-0.0948,-0.1067,-5.3304,1.2663,8.0129,0.0003,0.0016,-0.0001,1.0000,-0.1329,0.0316,0.2005
200706,Pelvis,2,-0.5237,-0.4377,-0.5525,0.4785,0.3654,0.1757,-0.4065,-1.1231,1.4030,-0.5458,9.1347,-1.5474,1.8078,0.0046,0.0022,-0.0051,1.0000,0.2283,-0.0400,0.0445
200707,Left,2,0.3440,0.0735,-0.9325,0.0815,0.1159,0.2175,0.0918,-0.3546,0.1670,0.0891,-6.2021,-1.0542,7.6566,0.0014,0.0027,0.0011,1.0000,-0.1545,-0.0268,0.1918
200707,Right,2,0.2758,-0.1140,-0.9381,-0.1757,0.0002,0.0954,-0.0246,-0.0122,-0.0611,-0.1649,-5.3760,1.1936,7.9219,0.0000,0.0012,-0.0003,1.0000,-0.1342,0.0299,0.1982
200707,Pelvis,2,-0.5155,-0.4439,-0.5530,0.4810,0.6759,0.2295,-0.4599,-1.6893,0.9866,-1.5551,8.1644,-1.9109,1.3061,0.0084,0.0029,-0.0057,0.9999,0.2039,-0.0492,0.0317
200708,Left,2,0.3510,0.0731,-0.9299,0.0821,0.0482,0.5842,0.1205,-1.4973,0.1257,-0.5801,-4.9836,-1.1622,7.8303,0.0006,0.0073,0.0015,1.0000,-0.1231,-0.0294,0.1966
200708,Right,2,0.2759,-0.1138,-0.9381,-0.1759,0.0019,0.0090,-0.0196,0.1256,-0.0478,-0.0448,-5.5579,1.1358,7.9530,0.0000,0.0001,-0.0002,1.0000,-0.1389,0.0284,0.1988
200708,Pelvis,2,-0.5067,-0.4496,-0.5511,0.4872,0.9135,0.3067,-0.2042,-0.8727,0.4239,-2.5287,7.2365,-0.9320,0.8740,0.0114,0.0038,-0.0026,0.9999,0.1809,-0.0240,0.0209
200709,Left,2,0.3687,0.0702,-0.9232,0.0832,0.2606,1.4876,0.3210,-3.1336,0.6025,0.9021,-5.0545,-2.0144,9.7673,0.0033,0.0186,0.0040,0.9998,-0.1216,-0.0517,0.2463
200709,Right,2,0.2759,-0.1139,-0.9380,-0.1760,0.0183,0.0109,-0.0064,-0.0252,0.0974,0.0667,-5.4641,1.0731,8.1611,0.0002,0.0001,-0.0001,1.0000,-0.1366,0.0268,0.2041
200709,Pelvis,2,-0.4999,-0.4512,-0.5477,0.4965,0.8302,0.4304,0.2307,0.8162,-0.0871,-1.8402,7.9417,0.8196,0.7016,0.0104,0.0054,0.0029,0.9999,0.1986,0.0209,0.0167
200710,Right,2,0.2766,-0.1140,-0.9378,-0.1761,0.0186,0.0621,-0.0113,-0.0671,0.0143,0.0511,-5.4515,1.1632,8.1380,0.0002,0.0008,-0.0001,1.0000,-0.1361,0.0291,0.2036
200710,Pelvis,2,-0.4973,-0.4505,-0.5436,0.5041,0.5315,0.2475,0.4266,2.0724,-0.3468,1.1245,10.9153,2.0204,0.9009,0.0066,0.0031,0.0053,1.0000,0.2727,0.0518,0.0220
200711,Pelvis,2,-0.4951,-0.4513,-0.5421,0.5072,0.3044,0.1113,0.0795,2.5219,-0.8116,2.6621,12.5025,2.4270,0.6619,0.0038,0.0014,0.0010,1.0000,0.3125,0.0609,0.0163
200712,Left,2,0.3956,0.0760,-0.9106,0.0926,-0.1980,0.7848,0.2606,-1.2088,-0.5292,3.6200,-8.6977,-0.6438,10.3039,-0.0074,0.0294,0.0098,0.9995,-0.6287,-0.0487,0.7919
200712,Right,2,0.2788,-0.1138,-0.9371,-0.1768,-0.0037,0.0877,-0.0399,-0.0221,0.0842,-0.0039,-5.4617,1.0674,8.0777,-0.0001,0.0022,-0.0010,1.0000,-0.2721,0.0537,0.4045
200712,Pelvis,2,-0.4915,-0.4538,-0.5437,0.5069,0.1860,0.1020,-0.3111,2.0640,-0.5003,0.7625,10.5717,2.0027,0.7584,0.0023,0.0013,-0.0039,1.0000,0.2645,0.0490,0.0187
200713,Left,2,0.3989,0.0799,-0.9078,0.1019,-0.5720,0.3164,0.6035,-0.3312,-1.1211,-1.0463,-6.1163,0.4422,6.3727,-0.0071,0.0040,0.0075,0.9999,-0.1524,0.0110,0.1598
200713,Right,2,0.2799,-0.1134,-0.9367,-0.1772,-0.0169,0.0932,-0.0527,0.0410,0.1105,-0.0098,-5.5276,1.0007,8.0346,-0.0002,0.0012,-0.0007,1.0000,-0.1379,0.0252,0.2010
200713,Pelvis,2,-0.4887,-0.4565,-0.5454,0.5053,0.1051,0.0189,-0.3510,1.6660,-0.4645,0.2853,10.0783,1.6925,0.7243,0.0013,0.0002,-0.0044,1.0000,0.2521,0.0412,0.0181
200714,Left,2,0.3987,0.0822,-0.9063,0.1135,-0.5440,-0.0199,0.7847,0.4058,-0.2848,-1.3401,-6.5085,-0.1376,5.4453,-0.0068,-0.0002,0.0098,0.9999,-0.1627,-0.0041,0.1361
200714,Right,2,0.2809,-0.1128,-0.9364,-0.1777,-0.0313,0.0704,-0.0654,0.0510,0.0868,-0.0168,-5.5548,1.0017,8.0069,-0.0004,0.0009,-0.0008,1.0000,-0.1387,0.0252,0.2003
200714,Pelvis,2,-0.4864,-0.4575,-0.5470,0.5049,0.0580,0.1006,-0.2070,1.1850,-0.3479,-0.1612,9.6158,1.2723,0.7707,0.0007,0.0013,-0.0026,1.0000,0.2405,0.0312,0.0190
200715,Right,2,0.2815,-0.1122,-0.9362,-0.1782,-0.0255,0.0445,-0.0566,0.0474,0.0886,0.0042,-5.5756,0.9868,8.0200,-0.0003,0.0006,-0.0007,1.0000,-0.1393,0.0248,0.2006
200715,Pelvis,2,-0.4852,-0.4576,-0.5476,0.5053,0.0471,0.0779,-0.0595,1.0027,-0.2370,-0.4238,9.3400,1.1122,0.8600,0.0006,0.0010,-0.0007,1.0000,0.2335,0.0276,0.0213
200716,Left,2,0.3929,0.0871,-0.9050,0.1377,-0.5934,-0.2415,0.7913,1.9708,0.6079,-3.2164,-6.2594,-0.3544,2.9087,-0.0148,-0.0060,0.0198,0.9997,-0.3134,-0.0218,0.1438
200716,Right,2,0.2820,-0.1119,-0.9360,-0.1786,-0.0132,0.0345,-0.0366,0.0021,0.0561,-0.0286,-5.5386,1.0176,8.0012,-0.0002,0.0004,-0.0005,1.0000,-0.1384,0.0255,0.2001
200716,Pelvis,2,-0.4849,-0.4577,-0.5481,0.5049,-0.0180,0.0143,-0.0579,1.3409,-0.4251,-0.3459,9.4288,1.4770,0.7169,-0.0002,0.0002,-0.0007,1.0000,0.2358,0.0368,0.0179
200717,Left,2,0.3915,0.0897,-0.9043,0.1444,-0.4151,-0.0959,0.4180,2.7015,1.7589,-3.8326,-6.4829,-1.0790,1.7207,-0.0052,-0.0012,0.0052,1.0000,-0.1620,-0.0276,0.0430
200717,Right,2,0.2825,-0.1116,-0.9358,-0.1788,-0.0084,0.0417,-0.0297,-0.0134,0.0492,-0.0532,-5.5220,1.0178,7.9826,-0.0001,0.0005,-0.0004,1.0000,-0.1379,0.0255,0.1996
200717,Pelvis,2,-0.4853,-0.4575,-0.5491,0.5035,-0.1144,-0.0269,-0.0800,1.4734,-0.5049,-0.4233,9.3554,1.6283,0.6406,-0.0014,-0.0003,-0.0010,1.0000,0.2339,0.0405,0.0160
200718,Left,2,0.3903,0.0921,-0.9046,0.1443,-0.1854,-0.0610,-0.0897,2.3914,1.8371,-2.8061,-7.0489,-1.2962,2.6112,-0.0023,-0.0008,-0.0011,1.0000,-0.1763,-0.0321,0.0652
200718,Right,2,0.2829,-0.1113,-0.9357,-0.1790,-0.0062,0.0330,-0.0259,0.0156,0.0780,-0.0374,-5.5530,0.9736,7.9862,-0.0001,0.0004,-0.0003,1.0000,-0.1387,0.0244,0.1997
200718,Pelvis,2,-0.4870,-0.4567,-0.5499,0.5019,-0.1914,-0.0712,-0.0110,1.2409,-0.6005,-0.6814,9.1133,1.4079,0.4960,-0.0024,-0.0009,-0.0001,1.0000,0.2278,0.0352,0.0125
200719,Left,2,0.3873,0.0934,-0.9069,0.1375,0.1041,-0.2233,-0.5779,1.7592,0.7384,-2.5347,-6.6092,-0.5459,3.5539,0.0013,-0.0028,-0.0072,1.0000,-0.1656,-0.0126,0.0884
200719,Right,2,0.2831,-0.1111,-0.9356,-0.1791,-0.0061,0.0177,-0.0111,0.0514,0.0711,-0.0167,-5.5989,0.9612,7.9810,-0.0001,0.0002,-0.0001,1.0000,-0.1399,0.0241,0.1996
200719,Pelvis,2,-0.4898,-0.4554,-0.5499,0.5002,-0.2403,-0.1414,0.0736,1.0285,-0.5442,-0.7974,8.9990,1.1797,0.5067,-0.0030,-0.0018,0.0009,1.0000,0.2249,0.0297,0.0130
200720,Left,2,0.3825,0.0928,-0.9106,0.1257,0.3896,-0.3759,-0.9057,0.8813,-0.2734,-2.5984,-5.7680,0.0430,4.4301,0.0049,-0.0047,-0.0113,0.9999,-0.1447,0.0022,0.1101
200720,Right,2,0.2830,-0.1108,-0.9357,-0.1791,-0.0050,-0.0058,-0.0011,0.0384,0.0199,-0.0168,-5.6032,1.0082,7.9718,-0.0001,-0.0001,-0.0000,1.0000,-0.1401,0.0252,0.1993
200720,Pelvis,2,-0.4935,-0.4540,-0.5493,0.4987,-0.2485,-0.1865,0.1428,0.8059,-0.4306,-0.7248,9.0688,0.9207,0.5787,-0.0031,-0.0023,0.0018,1.0000,0.2266,0.0235,0.0149
200721,Left,2,0.3761,0.0894,-0.9156,0.1104,0.6899,-0.5416,-1.0965,-0.1500,-0.7092,-1.8675,-5.4690,0.0248,5.8088,0.0086,-0.0068,-0.0137,0.9998,-0.1377,0.0013,0.1443
200721,Right,2,0.2826,-0.1106,-0.9359,-0.1791,-0.0055,-0.0315,0.0044,0.0509,0.0511,-0.0181,-5.5990,0.9710,7.9780,-0.0001,-0.0004,0.0001,1.0000,-0.1401,0.0243,0.1994
200721,Pelvis,2,-0.4977,-0.4524,-0.5480,0.4973,-0.2442,-0.2280,0.2083,0.7052,-0.4084,-0.5683,9.2305,0.7751,0.5662,-0.0031,-0.0029,0.0026,1.0000,0.2307,0.0200,0.0148
200722,Left,2,0.3680,0.0841,-0.9213,0.0931,0.8820,-0.6874,-1.2114,-1.1418,-0.6738,-1.3559,-5.0451,-0.3446,6.9069,0.0110,-0.0086,-0.0151,0.9998,-0.1277,-0.0086,0.1715
200722,Right,2,0.2820,-0.1103,-0.9361,-0.1790,-0.0040,-0.0478,0.0142,0.0356,0.0780,-0.0323,-5.5627,0.9487,7.9888,-0.0001,-0.0006,0.0002,1.0000,-0.1392,0.0237,0.1996
200722,Pelvis,2,-0.5023,-0.4506,-0.5461,0.4964,-0.2298,-0.2414,0.2658,0.8654,-0.3438,-0.5120,9.2872,0.8695,0.6023,-0.0029,-0.0030,0.0033,1.0000,0.2321,0.0226,0.0157
200723,Left,2,0.3621,0.0786,-0.9258,0.0745,0.9374,-0.4746,-1.2733,-2.0760,-0.2872,-1.7973,-3.9940,-0.8794,7.2052,0.0117,-0.0059,-0.0159,0.9998,-0.1013,-0.0225,0.1793
200723,Right,2,0.2815,-0.1101,-0.9363,-0.1787,0.0004,-0.0399,0.0230,0.0153,0.0487,-0.0388,-5.5411,0.9822,7.9915,0.0000,-0.0005,0.0003,1.0000,-0.1386,0.0245,0.1997
200723,Pelvis,2,-0.5074,-0.4483,-0.5439,0.4957,-0.2584,-0.2458,0.3355,1.0989,-0.2464,-0.5983,9.2030,1.0187,0.6652,-0.0032,-0.0031,0.0042,1.0000,0.2299,0.0265,0.0173
200724,Left,2,0.3507,0.0683,-0.9317,0.0652,1.0030,-1.0198,-0.4889,4.5962,0.3363,15.9296,-20.7184,-1.7233,15.8658,0.0125,-0.0127,-0.0061,0.9998,-0.5232,-0.0448,0.3894
200724,Right,2,0.2811,-0.1101,-0.9365,-0.1785,0.0101,-0.0276,0.0263,-0.0276,0.0590,-0.0175,-5.5087,0.9936,8.0384,0.0001,-0.0003,0.0003,1.0000,-0.1378,0.0248,0.2009
200724,Pelvis,2,-0.5131,-0.4447,-0.5418,0.4954,-0.3222,-0.2102,0.4158,1.2083,0.3729,-0.4001,9.3635,0.9633,1.2623,-0.0040,-0.0026,0.0052,1.0000,0.2339,0.0254,0.0321
200725,Right,2,0.2817,-0.1103,-0.9363,-0.1784,0.0161,0.0585,0.0032,-0.2926,-0.2116,-0.0741,-5.3460,1.3413,8.0369,0.0002,0.0007,0.0000,1.0000,-0.1335,0.0335,0.2010
200725,Pelvis,2,-0.5199,-0.4398,-0.5408,0.4938,-0.5070,-0.2032,0.4147,0.5716,2.6290,1.1786,10.7611,-0.0995,3.4984,-0.0063,-0.0025,0.0052,1.0000,0.2688,-0.0005,0.0881
200726,Right,2,0.2839,-0.1108,-0.9355,-0.1787,0.0353,0.1892,-0.0395,-0.3182,0.1259,-0.1940,-5.1908,1.0310,8.0392,0.0004,0.0024,-0.0005,1.0000,-0.1293,0.0258,0.2013
200726,Pelvis,2,-0.5232,-0.4387,-0.5420,0.4899,-0.3905,-0.1917,-0.0624,-2.4758,2.0054,4.3656,13.9158,-3.2432,2.6470,-0.0049,-0.0024,-0.0008,1.0000,0.3477,-0.0810,0.0674
200727,Left,2,0.3468,0.0629,-0.9335,0.0665,0.1201,-0.1200,0.0789,-1.6712,-0.4650,-0.6210,-4.7735,-0.5263,8.0271,0.0045,-0.0045,0.0030,1.0000,-0.3606,-0.0432,0.6002
200727,Right,2,0.2889,-0.1125,-0.9337,-0.1788,0.0812,0.4456,-0.0351,-0.5841,0.2817,-0.2087,-4.9986,0.9974,8.1656,0.0010,0.0056,-0.0004,1.0000,-0.1238,0.0248,0.2049
200727,Pelvis,2,-0.5243,-0.4364,-0.5438,0.4888,-0.2539,0.0744,0.0248,1.2195,1.9042,0.6594,10.3350,0.5519,2.7681,-0.0032,0.0009,0.0003,1.0000,0.2584,0.0141,0.0689
200728,Left,2,0.3464,0.0627,-0.9336,0.0664,0.0227,-0.0300,0.0072,0.0999,0.2486,0.1244,-6.6091,-0.9348,7.3664,0.0003,-0.0004,0.0001,1.0000,-0.1653,-0.0234,0.1841
200728,Right,2,0.3009,-0.1155,-0.9296,-0.1788,0.1078,1.0364,-0.0932,-1.7003,0.5003,-0.3399,-4.1636,1.2398,8.6027,0.0013,0.0130,-0.0012,0.9999,-0.1013,0.0308,0.2164
200728,Pelvis,2,-0.5286,-0.4301,-0.5463,0.4871,-0.6024,0.1007,0.2351,2.5326,0.5253,-1.5475,8.2750,2.0817,1.4813,-0.0075,0.0013,0.0029,1.0000,0.2068,0.0529,0.0364
200729,Left,2,0.3459,0.0623,-0.9338,0.0664,0.0234,-0.0424,0.0158,0.0394,-0.0308,0.1551,-6.5539,-0.6677,7.4807,0.0003,-0.0005,0.0002,1.0000,-0.1639,-0.0168,0.1869
200729,Right,2,0.3241,-0.1193,-0.9212,-0.1793,0.0463,1.9836,-0.2769,-1.8721,0.4651,0.6697,-4.9987,1.4414,9.3038,0.0006,0.0248,-0.0035,0.9997,-0.1190,0.0363,0.2356
200729,Pelvis,2,-0.5327,-0.4222,-0.5516,0.4835,-0.8434,0.2234,0.1122,1.4111,-0.2119,-1.8760,7.9715,1.0513,0.6144,-0.0105,0.0028,0.0014,0.9999,0.1993,0.0267,0.0145
200731,Left,2,0.3454,0.0623,-0.9340,0.0663,0.0047,-0.0179,0.0022,0.0443,-0.0219,0.1338,-6.5363,-0.6709,7.4674,0.0001,-0.0004,0.0001,1.0000,-0.3270,-0.0336,0.3732
200731,Right,2,0.3799,-0.1214,-0.8976,-0.1878,-0.0845,2.3433,-0.7215,-0.9864,0.0467,2.0692,-7.4583,1.4414,9.1994,-0.0021,0.0585,-0.0180,0.9981,-0.3438,0.0795,0.4805
200731,Pelvis,2,-0.5384,-0.4114,-0.5614,0.4752,-0.6943,0.1474,-0.0494,-1.4859,-0.1910,0.7017,10.4363,-1.9388,0.3502,-0.0174,0.0037,-0.0012,0.9998,0.5218,-0.0973,0.0173
200732,Left,2,0.3453,0.0624,-0.9341,0.0664,-0.0090,-0.0061,0.0061,-0.0555,0.0030,0.0091,-6.3762,-0.7054,7.4375,-0.0001,-0.0001,0.0001,1.0000,-0.1594,-0.0176,0.1859
200732,Right,2,0.3979,-0.1176,-0.8885,-0.1959,-0.2006,1.4350,-1.0049,-0.8084,-0.1344,3.8217,-9.6273,1.3496,9.5963,-0.0025,0.0179,-0.0126,0.9998,-0.2359,0.0373,0.2441
200732,Pelvis,2,-0.5405,-0.4076,-0.5642,0.4727,-0.4470,0.0847,0.0101,-2.0373,-0.2781,0.8784,10.6031,-2.4645,0.1670,-0.0056,0.0011,0.0001,1.0000,0.2651,-0.0616,0.0042
200733,Left,2,0.3454,0.0627,-0.9340,0.0663,-0.0186,0.0159,-0.0007,-0.1115,0.0271,-0.0599,-6.2911,-0.7372,7.4168,-0.0002,0.0002,-0.0000,1.0000,-0.1572,-0.0184,0.1855
200733,Right,2,0.4048,-0.1195,-0.8831,-0.2050,0.3801,0.6130,-0.7313,-0.8204,1.6105,3.7270,-9.3621,-0.4002,9.9391,0.0048,0.0077,-0.0091,0.9999,-0.2322,-0.0091,0.2502
200733,Pelvis,2,-0.5428,-0.4043,-0.5651,0.4718,-0.3047,0.0231,0.1468,-1.2945,-0.2235,0.2537,9.9954,-1.7439,0.3297,-0.0038,0.0003,0.0018,1.0000,0.2500,-0.0431,0.0083
200734,Left,2,0.3456,0.0628,-0.9339,0.0664,-0.0108,0.0266,0.0091,-0.1031,0.0578,-0.1328,-6.2553,-0.7642,7.3485,-0.0001,0.0003,0.0001,1.0000,-0.1563,-0.0191,0.1838
200734,Right,2,0.4033,-0.1275,-0.8802,-0.2153,0.9661,0.0329,-0.5008,-0.5860,0.5299,-1.2700,-6.0439,0.2191,6.0849,0.0121,0.0004,-0.0063,0.9999,-0.1510,0.0046,0.1522
200734,Pelvis,2,-0.5452,-0.4010,-0.5651,0.4718,-0.2406,0.0093,0.2154,-0.9773,-0.0977,-0.1198,9.6154,-1.4912,0.4880,-0.0030,0.0001,0.0027,1.0000,0.2405,-0.0366,0.0123
200735,Left,2,0.3460,0.0627,-0.9338,0.0665,0.0069,0.0303,0.0221,-0.0679,0.0262,-0.0657,-6.3278,-0.7314,7.3779,0.0001,0.0004,0.0003,1.0000,-0.1581,-0.0183,0.1845
200735,Right,2,0.4011,-0.1338,-0.8781,-0.2238,0.7873,-0.0675,-0.4023,0.1920,-0.6882,-2.5288,-5.8742,0.8916,4.2737,0.0098,-0.0008,-0.0050,0.9999,-0.1468,0.0220,0.1069
200735,Pelvis,2,-0.5471,-0.3982,-0.5651,0.4719,-0.1973,0.0215,0.1848,-0.8945,-0.0563,-0.4327,9.2957,-1.4522,0.5183,-0.0025,0.0003,0.0023,1.0000,0.2325,-0.0357,0.0130
200736,Left,2,0.3462,0.0627,-0.9337,0.0666,-0.0001,0.0239,0.0166,-0.0526,0.0113,-0.0519,-6.3516,-0.7129,7.3773,-0.0000,0.0003,0.0002,1.0000,-0.1587,-0.0179,0.1845
200736,Right,2,0.3989,-0.1362,-0.8775,-0.2286,0.3794,-0.1338,-0.2404,1.0017,-1.0720,-2.4602,-6.5012,0.8303,3.6409,0.0047,-0.0017,-0.0030,1.0000,-0.1626,0.0208,0.0908
200736,Pelvis,2,-0.5487,-0.3962,-0.5650,0.4720,-0.1410,-0.0043,0.1448,-0.6823,-0.2154,-0.7490,9.0002,-1.2282,0.3868,-0.0018,-0.0001,0.0018,1.0000,0.2251,-0.0303,0.0097
200737,Left,2,0.3465,0.0629,-0.9336,0.0667,-0.0142,0.0274,0.0092,0.0238,-0.0417,0.0700,-6.4886,-0.6574,7.4253,-0.0002,0.0003,0.0001,1.0000,-0.1621,-0.0164,0.1857
200737,Right,2,0.3968,-0.1365,-0.8784,-0.2288,0.0908,-0.1703,0.0086,1.6956,-1.1502,-2.8359,-6.6278,0.5243,2.9447,0.0011,-0.0021,0.0001,1.0000,-0.1659,0.0130,0.0733
200737,Pelvis,2,-0.5501,-0.3952,-0.5645,0.4717,-0.0984,-0.0564,0.0905,-0.3989,-0.4045,-0.9262,8.8531,-0.9239,0.2501,-0.0012,-0.0007,0.0011,1.0000,0.2213,-0.0228,0.0064
200738,Left,2,0.3468,0.0634,-0.9334,0.0667,-0.0309,0.0354,-0.0052,-0.0352,-0.0448,-0.0439,-6.3744,-0.6615,7.3731,-0.0004,0.0004,-0.0001,1.0000,-0.1593,-0.0165,0.1844
200738,Right,2,0.3948,-0.1357,-0.8802,-0.2260,-0.1145,-0.1785,0.2305,2.1331,-1.0099,-3.2105,-6.5432,0.1770,2.5129,-0.0014,-0.0022,0.0029,1.0000,-0.1637,0.0040,0.0625
200738,Pelvis,2,-0.5512,-0.3950,-0.5641,0.4711,-0.0629,-0.0907,0.0292,-0.7085,-0.3395,-0.7664,8.9888,-1.2652,0.2316,-0.0008,-0.0011,0.0004,1.0000,0.2247,-0.0315,0.0061
200739,Left,2,0.3471,0.0639,-0.9333,0.0666,-0.0337,0.0358,-0.0126,-0.0175,-0.0184,-0.0681,-6.3795,-0.6915,7.3336,-0.0004,0.0004,-0.0002,1.0000,-0.1594,-0.0172,0.1834
200739,Right,2,0.3923,-0.1342,-0.8828,-0.2207,-0.2260,-0.2255,0.3810,2.2829,-0.4664,-3.4583,-6.2741,-0.3427,2.5152,-0.0028,-0.0028,0.0048,1.0000,-0.1570,-0.0091,0.0625
200739,Pelvis,2,-0.5519,-0.3956,-0.5633,0.4708,0.0137,-0.1027,0.0060,-1.2224,-0.0438,-0.4512,9.2472,-1.8624,0.3923,0.0002,-0.0013,0.0001,1.0000,0.2312,-0.0465,0.0101
200740,Left,2,0.3473,0.0644,-0.9332,0.0665,-0.0321,0.0233,-0.0143,-0.0434,0.0253,-0.0510,-6.3791,-0.7497,7.3510,-0.0004,0.0003,-0.0002,1.0000,-0.1594,-0.0186,0.1838
200740,Right,2,0.3893,-0.1322,-0.8858,-0.2151,-0.2817,-0.2712,0.4212,2.0544,-0.1743,-3.5784,-5.9521,-0.4470,2.7369,-0.0035,-0.0034,0.0053,1.0000,-0.1490,-0.0117,0.0680
200740,Pelvis,2,-0.5521,-0.3973,-0.5614,0.4712,0.1441,-0.1500,0.0154,-1.4604,0.1843,-0.1678,9.4960,-2.1713,0.5509,0.0018,-0.0019,0.0002,1.0000,0.2374,-0.0543,0.0141
200741,Left,2,0.3474,0.0648,-0.9331,0.0664,-0.0246,0.0177,-0.0095,-0.0626,0.1065,-0.0103,-6.4005,-0.8443,7.3771,-0.0003,0.0002,-0.0001,1.0000,-0.1600,-0.0210,0.1845
200741,Right,2,0.3859,-0.1293,-0.8891,-0.2095,-0.3434,-0.3276,0.4037,1.4815,-0.3862,-2.6084,-6.3661,0.1168,3.7021,-0.0043,-0.0041,0.0050,1.0000,-0.1595,0.0025,0.0919
200741,Pelvis,2,-0.5520,-0.4003,-0.5586,0.4723,0.2749,-0.2000,0.0164,-1.3863,0.0989,0.1354,9.8103,-2.1036,0.4792,0.0034,-0.0025,0.0002,1.0000,0.2452,-0.0526,0.0124
200742,Left,2,0.3475,0.0651,-0.9331,0.0663,-0.0190,0.0147,-0.0046,-0.0327,0.0982,0.0090,-6.4369,-0.8392,7.3714,-0.0002,0.0002,-0.0001,1.0000,-0.1609,-0.0209,0.1843
200742,Right,2,0.3809,-0.1260,-0.8930,-0.2038,-0.3566,-0.4720,0.4213,0.8165,-0.5520,-1.7152,-6.6166,0.6664,4.7242,-0.0045,-0.0059,0.0053,1.0000,-0.1662,0.0163,0.1171
200742,Pelvis,2,-0.5517,-0.4041,-0.5551,0.4734,0.3459,-0.2508,-0.0001,-0.8005,-0.3072,0.2667,10.0094,-1.4510,0.1936,0.0043,-0.0031,-0.0000,1.0000,0.2502,-0.0363,0.0055
200743,Left,2,0.3476,0.0653,-0.9330,0.0662,-0.0116,0.0140,-0.0022,-0.0037,0.0493,0.0444,-6.4798,-0.7937,7.3856,-0.0001,0.0002,-0.0000,1.0000,-0.1620,-0.0198,0.1847
200743,Right,2,0.3740,-0.1236,-0.8975,-0.1984,-0.2557,-0.6138,0.4544,0.3938,-0.4447,-1.1778,-6.6376,0.8356,5.4919,-0.0032,-0.0077,0.0057,0.9999,-0.1671,0.0204,0.1360
200743,Pelvis,2,-0.5515,-0.4082,-0.5517,0.4742,0.3340,-0.2761,-0.0248,-0.1728,-0.6782,0.2470,10.0555,-0.7534,-0.0791,0.0042,-0.0035,-0.0003,1.0000,0.2514,-0.0189,-0.0012
200744,Left,2,0.3477,0.0654,-0.9330,0.0662,-0.0037,0.0129,0.0056,-0.0205,0.0427,0.0298,-6.4587,-0.7915,7.3849,-0.0000,0.0002,0.0001,1.0000,-0.1614,-0.0198,0.1846
200744,Right,2,0.3669,-0.1231,-0.9015,-0.1938,-0.0923,-0.5822,0.4501,-0.0440,-0.0269,-1.7350,-5.7530,0.6630,5.6318,-0.0012,-0.0073,0.0056,1.0000,-0.1449,0.0159,0.1397
200744,Pelvis,2,-0.5513,-0.4122,-0.5488,0.4743,0.2819,-0.2763,-0.0741,-0.1929,-0.6804,-0.0208,9.7879,-0.7428,-0.1630,0.0035,-0.0035,-0.0009,1.0000,0.2447,-0.0188,-0.0033
200745,Left,2,0.3478,0.0654,-0.9330,0.0663,0.0029,0.0081,0.0094,-0.0229,0.0426,0.0209,-6.4523,-0.7915,7.3786,0.0000,0.0001,0.0001,1.0000,-0.1613,-0.0198,0.1845
200745,Right,2,0.3492,-0.1287,-0.9075,-0.1946,0.6528,-1.3740,0.3774,3.5804,4.0606,13.5593,-17.6168,-3.1328,15.9832,0.0082,-0.0172,0.0047,0.9998,-0.4468,-0.0836,0.3913
200745,Pelvis,2,-0.5509,-0.4168,-0.5462,0.4737,0.2692,-0.2955,-0.1474,-0.5293,-0.4264,-0.3395,9.4361,-1.0769,-0.0652,0.0034,-0.0037,-0.0018,1.0000,0.2359,-0.0274,-0.0008
200746,Left,2,0.3478,0.0653,-0.9330,0.0663,0.0057,0.0044,0.0099,-0.0132,0.0193,0.0251,-6.4610,-0.7664,7.3791,0.0001,0.0001,0.0001,1.0000,-0.1615,-0.0192,0.1845
200746,Right,2,0.3206,-0.1294,-0.9179,-0.1947,0.4051,-2.3498,0.4721,-0.6101,-3.2788,0.3099,-7.1548,4.2561,6.6568,0.0051,-0.0294,0.0059,0.9995,-0.1843,0.1045,0.1616
200746,Pelvis,2,-0.5504,-0.4220,-0.5438,0.4725,0.2787,-0.3233,-0.2056,-0.5002,-0.0760,-0.3919,9.3704,-1.0753,0.2167,0.0035,-0.0040,-0.0026,1.0000,0.2342,-0.0275,0.0063
200747,Left,2,0.3477,0.0652,-0.9330,0.0663,0.0098,-0.0033,0.0115,-0.0163,0.0706,-0.0085,-6.4400,-0.8131,7.3480,0.0001,-0.0000,0.0001,1.0000,-0.1610,-0.0204,0.1837
200747,Right,2,0.2899,-0.1229,-0.9290,-0.1942,-0.1164,-2.6315,0.3590,-1.8778,0.8951,1.4372,-5.2602,1.3071,10.0775,-0.0015,-0.0329,0.0045,0.9994,-0.1398,0.0324,0.2474
200747,Pelvis,2,-0.5499,-0.4270,-0.5418,0.4709,0.2301,-0.3146,-0.2430,-0.1359,0.2632,-0.0757,9.6962,-0.7502,0.5646,0.0029,-0.0039,-0.0030,1.0000,0.2423,-0.0195,0.0150
200749,Left,2,0.3475,0.0647,-0.9331,0.0665,0.0169,-0.0050,0.0202,-0.0544,0.0814,0.0199,-6.4293,-0.8256,7.3940,0.0004,-0.0001,0.0005,1.0000,-0.3215,-0.0416,0.3696
200749,Right,2,0.2738,-0.1177,-0.9346,-0.1940,-0.0832,-0.6980,0.0726,-2.1429,1.1798,-0.9595,-3.0782,0.8824,8.6091,-0.0021,-0.0174,0.0018,0.9998,-0.1615,0.0447,0.4276
200749,Pelvis,2,-0.5480,-0.4358,-0.5397,0.4674,0.1844,-0.2355,-0.2635,0.6874,1.0014,0.7459,10.5389,-0.0244,1.3764,0.0046,-0.0059,-0.0066,1.0000,0.5265,-0.0050,0.0719
200750,Left,2,0.3478,0.0644,-0.9330,0.0667,0.0144,0.0229,0.0337,-0.1254,0.0039,-0.0666,-6.3133,-0.7475,7.3883,0.0002,0.0003,0.0004,1.0000,-0.1578,-0.0188,0.1847
200750,Right,2,0.2742,-0.1185,-0.9345,-0.1936,0.0568,0.0524,0.0500,0.1100,0.3183,-0.0545,-5.4355,0.7867,8.0729,0.0007,0.0007,0.0006,1.0000,-0.1358,0.0194,0.2019
200750,Pelvis,2,-0.5474,-0.4379,-0.5391,0.4669,0.1120,-0.1008,-0.1148,0.5426,1.2724,2.1891,11.9774,-0.1837,1.5697,0.0014,-0.0013,-0.0014,1.0000,0.2994,-0.0051,0.0396
200751,Left,2,0.3485,0.0643,-0.9327,0.0669,0.0049,0.0603,0.0309,-0.1976,0.0324,-0.1494,-6.2144,-0.7763,7.3619,0.0001,0.0008,0.0004,1.0000,-0.1552,-0.0195,0.1842
200751,Right,2,0.2741,-0.1195,-0.9346,-0.1929,0.0672,0.0173,0.0768,0.0219,-0.0491,-0.1245,-5.4417,1.1639,7.9307,0.0008,0.0002,0.0010,1.0000,-0.1360,0.0288,0.1983
200751,Pelvis,2,-0.5458,-0.4404,-0.5390,0.4665,0.1515,-0.0446,-0.1860,-0.8741,1.6212,0.4604,10.1984,-1.5265,1.6098,0.0019,-0.0006,-0.0023,1.0000,0.2548,-0.0388,0.0403
200752,Left,2,0.3501,0.0643,-0.9321,0.0674,-0.0006,0.1428,0.0564,-0.3614,0.1597,-0.2133,-6.0787,-0.9189,7.3830,-0.0000,0.0018,0.0007,1.0000,-0.1516,-0.0231,0.1848
200752,Right,2,0.2735,-0.1198,-0.9348,-0.1925,0.0353,-0.0352,0.0416,-0.0493,-0.1579,-0.1497,-5.4001,1.3043,7.9081,0.0004,-0.0004,0.0005,1.0000,-0.1351,0.0324,0.1977
200752,Pelvis,2,-0.5415,-0.4451,-0.5394,0.4666,0.3542,0.0218,-0.3692,-1.1676,1.4901,-0.9517,8.7927,-1.6707,1.4138,0.0044,0.0003,-0.0046,1.0000,0.2196,-0.0429,0.0351
200753,Left,2,0.3538,0.0644,-0.9306,0.0683,-0.0164,0.3173,0.0971,-0.6745,0.1241,-0.1747,-5.9121,-0.9317,7.5856,-0.0002,0.0040,0.0012,1.0000,-0.1470,-0.0234,0.1902
200753,Right,2,0.2727,-0.1200,-0.9350,-0.1924,0.0368,-0.0588,0.0310,-0.0456,0.0744,-0.2015,-5.2944,1.0975,7.9465,0.0005,-0.0007,0.0004,1.0000,-0.1325,0.0273,0.1986
200753,Pelvis,2,-0.5351,-0.4506,-0.5396,0.4685,0.5576,0.1426,-0.3945,-0.7719,1.2841,-1.2577,8.5102,-1.1415,1.3065,0.0070,0.0018,-0.0049,1.0000,0.2127,-0.0298,0.0321
200754,Left,2,0.3623,0.0649,-0.9272,0.0697,-0.0480,0.7303,0.1633,-1.3227,0.2137,0.0075,-5.6674,-1.1337,8.0516,-0.0006,0.0091,0.0020,1.0000,-0.1398,-0.0285,0.2026
200754,Right,2,0.2720,-0.1204,-0.9352,-0.1922,0.0472,-0.0405,0.0357,-0.1017,0.0436,-0.1234,-5.2915,1.1683,8.0330,0.0006,-0.0005,0.0004,1.0000,-0.1324,0.0290,0.2008
200754,Pelvis,2,-0.5287,-0.4546,-0.5389,0.4725,0.6093,0.2380,-0.2093,-0.1069,0.7574,-0.9681,8.8207,-0.3269,0.9486,0.0076,0.0030,-0.0026,1.0000,0.2206,-0.0089,0.0230
200755,Left,2,0.3838,0.0653,-0.9183,0.0716,-0.0113,1.8481,0.2971,-2.7027,-0.5322,0.2469,-5.0536,-0.6389,9.1025,-0.0001,0.0231,0.0037,0.9997,-0.1210,-0.0164,0.2304
200755,Right,2,0.2715,-0.1208,-0.9353,-0.1920,0.0465,-0.0288,0.0321,-0.0630,-0.0203,-0.0305,-5.3831,1.2316,8.0747,0.0006,-0.0004,0.0004,1.0000,-0.1347,0.0306,0.2018
200755,Pelvis,2,-0.5243,-0.4562,-0.5366,0.4786,0.5828,0.2458,0.1190,0.2596,0.2173,-0.3467,9.4558,0.1248,0.5404,0.0073,0.0031,0.0015,1.0000,0.2364,0.0034,0.0128
200756,Left,2,0.4205,0.0667,-0.9018,0.0735,-0.0379,3.2058,0.3845,-1.9904,-0.6539,1.0142,-6.6575,-0.3966,8.7862,-0.0005,0.0401,0.0048,0.9992,-0.1574,-0.0106,0.2261
200756,Right,2,0.2712,-0.1212,-0.9354,-0.1919,0.0451,-0.0118,0.0249,-0.0742,0.0366,-0.0050,-5.3659,1.1987,8.1221,0.0006,-0.0001,0.0003,1.0000,-0.1342,0.0298,0.2030
200756,Pelvis,2,-0.5211,-0.4570,-0.5333,0.4849,0.5391,0.1918,0.2404,0.5608,-0.3993,0.5868,10.4126,0.4475,0.0499,0.0067,0.0024,0.0030,1.0000,0.2603,0.0120,0.0007
200757,Left,2,0.4552,0.0711,-0.8842,0.0765,-0.3064,3.1124,0.3688,-0.6419,-0.3842,3.6383,-10.2491,-0.5212,8.7331,-0.0038,0.0389,0.0046,0.9992,-0.2474,-0.0133,0.2281
200757,Right,2,0.2712,-0.1217,-0.9353,-0.1918,0.0437,0.0116,0.0177,-0.0066,0.0433,0.0092,-5.4229,1.1749,8.1045,0.0005,0.0001,0.0002,1.0000,-0.1356,0.0292,0.2026
200757,Pelvis,2,-0.5177,-0.4594,-0.5305,0.4893,0.5230,0.0906,0.0698,0.9897,-0.8350,0.8443,10.6956,0.8746,-0.2944,0.0065,0.0011,0.0009,1.0000,0.2674,0.0221,-0.0075
200758,Left,2,0.4732,0.0785,-0.8737,0.0810,-0.6358,1.6820,0.2189,0.2585,0.5089,5.4999,-12.8585,-1.3375,8.2285,-0.0079,0.0210,0.0027,0.9997,-0.3170,-0.0326,0.2127
200758,Right,2,0.2713,-0.1221,-0.9353,-0.1917,0.0381,0.0199,0.0123,0.0358,0.0806,0.0077,-5.4461,1.1308,8.0938,0.0005,0.0002,0.0002,1.0000,-0.1361,0.0282,0.2024
200758,Pelvis,2,-0.5146,-0.4621,-0.5286,0.4922,0.4301,0.0523,-0.0321,1.5213,-0.9451,0.6684,10.5335,1.4079,-0.3511,0.0054,0.0007,-0.0004,1.0000,0.2633,0.0351,-0.0088
200759,Left,2,0.4763,0.0841,-0.8714,0.0816,-0.4090,0.3418,-0.1273,-0.3248,2.1469,3.4020,-11.0888,-3.0166,6.8762,-0.0051,0.0043,-0.0016,1.0000,-0.2766,-0.0741,0.1735
200759,Right,2,0.2715,-0.1225,-0.9352,-0.1917,0.0435,0.0283,0.0129,0.0091,0.0669,-0.0127,-5.4216,1.1589,8.0813,0.0005,0.0004,0.0002,1.0000,-0.1355,0.0288,0.2021
200759,Pelvis,2,-0.5118,-0.4640,-0.5277,0.4943,0.3121,0.0786,-0.0626,1.7461,-0.7054,-0.1408,9.7164,1.6336,-0.1237,0.0039,0.0010,-0.0008,1.0000,0.2429,0.0407,-0.0032
200760,Left,2,0.4759,0.0853,-0.8715,0.0820,-0.0958,-0.0271,-0.0049,0.7609,-0.4175,-2.2775,-6.7373,0.0508,3.4840,-0.0012,-0.0003,-0.0001,1.0000,-0.1685,0.0014,0.0870
200760,Right,2,0.2716,-0.1230,-0.9351,-0.1916,0.0486,0.0230,0.0170,0.0092,0.0303,-0.0235,-5.4302,1.1989,8.0564,0.0006,0.0003,0.0002,1.0000,-0.1357,0.0298,0.2015
200760,Pelvis,2,-0.5094,-0.4657,-0.5277,0.4952,0.1946,0.0628,-0.1233,1.6932,-0.5078,-0.0080,9.8357,1.5845,0.0830,0.0024,0.0008,-0.0015,1.0000,0.2460,0.0392,0.0020
200761,Left,2,0.4709,0.0874,-0.8737,0.0853,-0.2877,-0.4368,0.1040,1.1601,-0.3140,-1.8837,-7.2689,0.0032,3.3878,-0.0036,-0.0055,0.0013,1.0000,-0.1822,0.0001,0.0837
200761,Right,2,0.2715,-0.1235,-0.9351,-0.1915,0.0479,0.0067,0.0177,-0.0076,0.0760,-0.0779,-5.3751,1.1676,8.0322,0.0006,0.0001,0.0002,1.0000,-0.1344,0.0290,0.2008
200761,Pelvis,2,-0.5075,-0.4668,-0.5287,0.4950,0.0785,0.0580,-0.1684,1.6597,-0.2912,-0.2465,9.5808,1.5728,0.2954,0.0010,0.0007,-0.0021,1.0000,0.2396,0.0388,0.0073
200762,Left,2,0.4636,0.0865,-0.8772,0.0899,-0.1318,-0.6683,0.2879,1.5093,0.3178,-3.4500,-6.1526,-0.4013,2.2018,-0.0016,-0.0084,0.0036,1.0000,-0.1542,-0.0105,0.0538
200762,Right,2,0.2712,-0.1241,-0.9351,-0.1915,0.0549,-0.0035,0.0229,-0.0155,0.0685,-0.0375,-5.3925,1.1931,8.0658,0.0007,-0.0000,0.0003,1.0000,-0.1348,0.0297,0.2017
200762,Pelvis,2,-0.5064,-0.4671,-0.5304,0.4940,-0.0479,0.0696,-0.1702,1.7688,-0.3291,-0.1918,9.6305,1.7239,0.2844,-0.0006,0.0009,-0.0021,1.0000,0.2409,0.0426,0.0069
200763,Left,2,0.4552,0.0851,-0.8814,0.0935,-0.0695,-0.7753,0.2225,1.8360,0.2194,-3.1077,-6.5711,-0.2182,2.2693,-0.0009,-0.0097,0.0028,0.9999,-0.1648,-0.0059,0.0551
200763,Right,2,0.2710,-0.1246,-0.9351,-0.1914,0.0546,-0.0076,0.0248,-0.0108,0.0547,-0.0660,-5.3816,1.2113,8.0357,0.0007,-0.0001,0.0003,1.0000,-0.1346,0.0301,0.2009
200763,Pelvis,2,-0.5066,-0.4666,-0.5324,0.4922,-0.1767,0.0166,-0.1269,1.4359,-0.5258,-0.0114,9.8142,1.4411,0.0883,-0.0022,0.0002,-0.0016,1.0000,0.2454,0.0356,0.0021
200764,Left,2,0.4453,0.0835,-0.8863,0.0956,-0.0059,-0.9032,0.1128,2.0463,0.2239,-3.5230,-6.3072,-0.1209,2.0011,-0.0001,-0.0113,0.0014,0.9999,-0.1582,-0.0032,0.0482
200764,Right,2,0.2707,-0.1250,-0.9352,-0.1913,0.0427,-0.0081,0.0195,-0.0509,0.0589,-0.1154,-5.3186,1.2281,8.0155,0.0005,-0.0001,0.0002,1.0000,-0.1330,0.0306,0.2004
200764,Pelvis,2,-0.5078,-0.4657,-0.5340,0.4901,-0.2258,-0.0305,-0.0714,0.7351,-0.6773,-0.0108,9.8213,0.7785,-0.1138,-0.0028,-0.0004,-0.0009,1.0000,0.2456,0.0192,-0.0028
200765,Left,2,0.4342,0.0812,-0.8920,0.0957,0.1168,-1.0070,-0.0221,1.8040,0.5956,-3.3291,-6.3045,-0.5430,2.3681,0.0015,-0.0126,-0.0003,0.9999,-0.1583,-0.0136,0.0572
200765,Right,2,0.2706,-0.1252,-0.9352,-0.1912,0.0259,-0.0040,0.0131,-0.0343,0.0532,-0.0983,-5.3400,1.2347,8.0208,0.0003,-0.0000,0.0002,1.0000,-0.1335,0.0308,0.2005
200765,Pelvis,2,-0.5096,-0.4648,-0.5347,0.4882,-0.2158,-0.0913,-0.0108,0.4028,-0.7490,-0.2573,9.5790,0.4640,-0.2362,-0.0027,-0.0011,-0.0001,1.0000,0.2395,0.0116,-0.0057
200766,Left,2,0.4217,0.0781,-0.8987,0.0921,0.2960,-1.1199,-0.2764,1.0887,0.8681,-3.3058,-5.8417,-0.9896,3.0294,0.0037,-0.0140,-0.0035,0.9999,-0.1472,-0.0245,0.0736
200766,Right,2,0.2705,-0.1252,-0.9352,-0.1912,0.0153,-0.0023,0.0084,-0.0206,0.0587,-0.1159,-5.3375,1.2244,8.0027,0.0002,-0.0000,0.0001,1.0000,-0.1334,0.0306,0.2001
200766,Pelvis,2,-0.5119,-0.4640,-0.5349,0.4864,-0.2101,-0.1322,0.0352,0.5121,-0.7592,-0.4300,9.4061,0.5716,-0.2674,-0.0026,-0.0017,0.0004,1.0000,0.2352,0.0144,-0.0063
200767,Left,2,0.4087,0.0750,-0.9056,0.0845,0.4270,-1.1370,-0.5614,0.4345,0.6620,-2.9800,-5.5531,-0.9899,3.9368,0.0053,-0.0142,-0.0070,0.9999,-0.1404,-0.0243,0.0963
200767,Right,2,0.2704,-0.1251,-0.9353,-0.1911,0.0055,-0.0004,0.0038,-0.0322,0.0349,-0.1134,-5.3354,1.2512,8.0029,0.0001,-0.0000,0.0000,1.0000,-0.1334,0.0313,0.2001
200767,Pelvis,2,-0.5147,-0.4630,-0.5346,0.4846,-0.2142,-0.1650,0.0706,0.7432,-0.7838,-0.4427,9.3939,0.7925,-0.3004,-0.0027,-0.0021,0.0009,1.0000,0.2348,0.0200,-0.0071
200768,Left,2,0.3961,0.0719,-0.9123,0.0743,0.5187,-1.0877,-0.7506,-0.1424,0.4975,-1.8285,-5.8835,-1.0705,5.3157,0.0065,-0.0136,-0.0094,0.9998,-0.1491,-0.0262,0.1307
200768,Right,2,0.2704,-0.1249,-0.9353,-0.1911,-0.0049,0.0014,-0.0026,-0.0412,0.0126,-0.1244,-5.3279,1.2710,7.9914,-0.0001,0.0000,-0.0000,1.0000,-0.1332,0.0318,0.1998
200768,Pelvis,2,-0.5178,-0.4620,-0.5341,0.4828,-0.2188,-0.1836,0.1005,0.7914,-0.7496,-0.4075,9.4282,0.8178,-0.2957,-0.0027,-0.0023,0.0013,1.0000,0.2357,0.0207,-0.0069
200769,Left,2,0.3836,0.0684,-0.9189,0.0622,0.6041,-1.0693,-0.8762,-0.7538,0.5862,-0.2014,-6.4789,-1.4333,7.0189,0.0076,-0.0134,-0.0110,0.9998,-0.1647,-0.0354,0.1730
200769,Right,2,0.2705,-0.1245,-0.9353,-0.1912,-0.0133,0.0046,-0.0099,-0.0397,0.0172,-0.1303,-5.3245,1.2601,7.9883,-0.0002,0.0001,-0.0001,1.0000,-0.1331,0.0316,0.1997
200769,Pelvis,2,-0.5211,-0.4606,-0.5334,0.4815,-0.2142,-0.1677,0.1471,0.7373,-0.5965,-0.2693,9.5618,0.7181,-0.1808,-0.0027,-0.0021,0.0018,1.0000,0.2390,0.0184,-0.0041
200770,Left,2,0.3716,0.0623,-0.9250,0.0488,0.8328,-1.0276,-0.8894,0.4568,2.4128,4.5399,-10.5504,-3.4366,9.4299,0.0104,-0.0128,-0.0111,0.9998,-0.2677,-0.0854,0.2314
200770,Right,2,0.2706,-0.1241,-0.9353,-0.1913,-0.0201,0.0053,-0.0143,-0.0354,0.0441,-0.0907,-5.3424,1.2316,8.0288,-0.0003,0.0001,-0.0002,1.0000,-0.1335,0.0309,0.2007
200770,Pelvis,2,-0.5247,-0.4584,-0.5322,0.4809,-0.2132,-0.1448,0.2441,0.6034,-0.3896,-0.1631,9.6626,0.5137,-0.0201,-0.0027,-0.0018,0.0031,1.0000,0.2415,0.0136,-0.0001
200772,Left,2,0.3450,0.0553,-0.9358,0.0476,0.2551,-1.1511,-0.0197,-1.9552,-3.5688,3.3381,-7.2321,2.2849,11.4904,0.0064,-0.0288,-0.0005,0.9996,-0.3779,0.1108,0.5645
200772,Right,2,0.2713,-0.1232,-0.9352,-0.1915,-0.0246,0.0235,-0.0199,-0.0730,-0.1255,0.0317,-5.4355,1.4019,8.0885,-0.0006,0.0006,-0.0005,1.0000,-0.2715,0.0705,0.4045
200772,Pelvis,2,-0.5328,-0.4521,-0.5300,0.4805,-0.2588,-0.1079,0.3133,-0.1048,1.4433,1.0098,10.7713,-0.5493,1.7029,-0.0065,-0.0027,0.0078,0.9999,0.5385,-0.0227,0.0868
200773,Left,2,0.3474,0.0559,-0.9349,0.0468,-0.0182,0.2178,-0.0485,0.4966,0.2515,0.5610,-7.1608,-0.9255,7.4693,-0.0002,0.0027,-0.0006,1.0000,-0.1785,-0.0230,0.1872
200773,Right,2,0.2721,-0.1221,-0.9350,-0.1919,-0.0707,0.0451,-0.0635,-0.1158,0.1167,-0.1677,-5.2301,1.1534,8.0231,-0.0009,0.0006,-0.0008,1.0000,-0.1306,0.0291,0.2006
200773,Pelvis,2,-0.5324,-0.4526,-0.5303,0.4800,0.0031,-0.0133,-0.0733,-0.9062,1.7671,3.3853,13.1134,-1.5478,1.9429,0.0000,-0.0002,-0.0009,1.0000,0.3278,-0.0390,0.0486
200774,Left,2,0.3483,0.0557,-0.9346,0.0466,0.0243,0.0807,-0.0021,0.3484,0.0836,0.3435,-6.9247,-0.7680,7.3983,0.0003,0.0010,-0.0000,1.0000,-0.1729,-0.0193,0.1851
200774,Right,2,0.2732,-0.1214,-0.9347,-0.1922,-0.0500,0.0808,-0.0527,-0.1068,0.1723,-0.2512,-5.1878,1.0670,7.9632,-0.0006,0.0010,-0.0007,1.0000,-0.1295,0.0269,0.1992
200774,Pelvis,2,-0.5346,-0.4501,-0.5300,0.4804,-0.1655,-0.0006,0.2104,2.3119,1.1260,0.2786,10.1220,1.8024,1.6568,-0.0021,-0.0000,0.0026,1.0000,0.2529,0.0458,0.0413
200775,Left,2,0.3479,0.0553,-0.9347,0.0465,0.0333,-0.0336,0.0067,0.3494,0.0403,0.1886,-6.8253,-0.7097,7.2844,0.0004,-0.0004,0.0001,1.0000,-0.1707,-0.0178,0.1820
200775,Right,2,0.2755,-0.1210,-0.9340,-0.1927,-0.0311,0.1856,-0.0727,-0.5484,0.0650,-0.5822,-4.7189,1.2925,7.8465,-0.0004,0.0023,-0.0009,1.0000,-0.1175,0.0325,0.1964
200776,Left,2,0.3468,0.0553,-0.9352,0.0461,0.0120,-0.0901,-0.0278,0.2077,-0.2643,0.2687,-6.7437,-0.4308,7.4888,0.0002,-0.0011,-0.0003,1.0000,-0.1688,-0.0107,0.1870
200776,Right,2,0.2815,-0.1213,-0.9320,-0.1937,-0.0188,0.4877,-0.1545,-1.0039,0.1803,-0.4515,-4.4770,1.3786,8.1688,-0.0002,0.0061,-0.0019,1.0000,-0.1106,0.0347,0.2049
200776,Pelvis,2,-0.5439,-0.4345,-0.5368,0.4767,-0.7128,0.1768,0.2886,1.9569,0.2958,-1.7206,8.1487,1.5314,0.8090,-0.0178,0.0044,0.0072,0.9998,0.4070,0.0802,0.0372
200777,Left,2,0.3458,0.0556,-0.9355,0.0457,-0.0073,-0.0772,-0.0355,-0.1766,0.0718,0.0064,-6.2812,-0.7987,7.5074,-0.0001,-0.0010,-0.0004,1.0000,-0.1572,-0.0199,0.1875
200777,Right,2,0.2945,-0.1235,-0.9274,-0.1949,0.0448,1.1055,-0.2382,-1.4357,0.9746,-0.1314,-4.2729,0.8693,8.8165,0.0006,0.0138,-0.0030,0.9999,-0.1037,0.0219,0.2219
200777,Pelvis,2,-0.5456,-0.4285,-0.5436,0.4724,-0.7456,0.2899,-0.1187,0.1379,0.1472,-1.1176,8.6786,-0.3313,0.4655,-0.0093,0.0036,-0.0015,0.9999,0.2170,-0.0085,0.0109
200778,Left,2,0.3453,0.0560,-0.9357,0.0455,-0.0287,-0.0367,-0.0191,-0.1722,0.1693,0.0191,-6.2852,-0.9046,7.5101,-0.0004,-0.0005,-0.0002,1.0000,-0.1572,-0.0225,0.1877
200778,Right,2,0.3189,-0.1285,-0.9182,-0.1968,0.1409,2.0893,-0.4056,-1.7386,0.8861,0.8764,-5.0506,1.1762,9.5498,0.0018,0.0261,-0.0051,0.9996,-0.1198,0.0296,0.2420
200778,Pelvis,2,-0.5450,-0.4251,-0.5504,0.4683,-0.5356,0.3072,-0.3050,-1.4505,0.3003,0.8379,10.5618,-1.9695,0.4465,-0.0067,0.0038,-0.0038,1.0000,0.2639,-0.0502,0.0105
200779,Left,2,0.3450,0.0567,-0.9358,0.0455,-0.0550,-0.0198,-0.0165,-0.0141,0.0057,0.1765,-6.4932,-0.7468,7.5542,-0.0007,-0.0002,-0.0002,1.0000,-0.1624,-0.0185,0.1888
200779,Right,2,0.3495,-0.1358,-0.9048,-0.2017,0.3318,2.6547,-0.6950,-0.8610,0.6313,1.4280,-6.6701,1.0437,9.0533,0.0041,0.0332,-0.0087,0.9994,-0.1589,0.0265,0.2318
200779,Pelvis,2,-0.5442,-0.4219,-0.5549,0.4669,-0.3289,0.2992,-0.1217,-2.2748,0.0715,1.8505,11.5666,-2.7200,0.1624,-0.0041,0.0037,-0.0015,1.0000,0.2891,-0.0684,0.0033
200780,Left,2,0.3446,0.0582,-0.9358,0.0454,-0.1070,-0.0155,-0.0451,-0.0119,-0.0587,0.2312,-6.5226,-0.7088,7.6049,-0.0013,-0.0002,-0.0006,1.0000,-0.1631,-0.0174,0.1901
200780,Pelvis,2,-0.5441,-0.4181,-0.5569,0.4679,-0.1878,0.2650,0.1259,-1.2165,-0.2998,0.4728,10.2445,-1.5533,0.0148,-0.0023,0.0033,0.0016,1.0000,0.2562,-0.0384,-0.0004
200781,Left,2,0.3440,0.0604,-0.9359,0.0451,-0.1575,-0.0327,-0.0767,0.1290,-0.0182,0.3819,-6.7227,-0.7797,7.6253,-0.0020,-0.0004,-0.0010,1.0000,-0.1682,-0.0190,0.1906
200781,Right,2,0.3933,-0.1457,-0.8806,-0.2205,0.4100,1.9106,-0.9751,-1.3943,-0.2744,3.9241,-9.1275,2.2165,10.1324,0.0102,0.0477,-0.0244,0.9985,-0.4287,0.1162,0.5287
200781,Pelvis,2,-0.5445,-0.4151,-0.5578,0.4691,-0.1297,0.1670,0.1649,-0.6124,-0.6592,-0.1218,9.6892,-0.8979,-0.1902,-0.0016,0.0021,0.0021,1.0000,0.2423,-0.0220,-0.0052
200782,Left,2,0.3425,0.0635,-0.9363,0.0447,-0.2224,-0.1074,-0.1161,0.1578,-0.0993,0.4551,-6.7725,-0.7559,7.6828,-0.0028,-0.0013,-0.0015,1.0000,-0.1696,-0.0181,0.1919
200782,Right,2,0.3978,-0.1497,-0.8757,-0.2290,0.5389,0.4450,-0.6106,-2.6959,0.9437,2.0812,-7.2115,1.5439,9.7589,0.0067,0.0056,-0.0076,0.9999,-0.1786,0.0383,0.2452
200782,Pelvis,2,-0.5442,-0.4122,-0.5597,0.4699,-0.1447,0.2271,0.0783,-0.7034,-0.5683,-0.3111,9.4887,-1.0266,-0.0882,-0.0018,0.0028,0.0010,1.0000,0.2372,-0.0254,-0.0028
200783,Left,2,0.3396,0.0673,-0.9371,0.0442,-0.2753,-0.2222,-0.1570,0.2507,-0.1461,0.5600,-6.8738,-0.7799,7.7343,-0.0034,-0.0028,-0.0020,1.0000,-0.1724,-0.0185,0.1929
200783,Right,2,0.3984,-0.1541,-0.8730,-0.2354,0.5449,0.1355,-0.3631,-2.5689,-0.0885,-1.8948,-4.6185,2.0687,6.6098,0.0068,0.0017,-0.0045,1.0000,-0.1150,0.0511,0.1658
200783,Pelvis,2,-0.5436,-0.4092,-0.5619,0.4705,-0.1557,0.2456,0.0509,-0.7262,-0.4176,-0.1644,9.6206,-1.1052,0.1169,-0.0019,0.0031,0.0006,1.0000,0.2405,-0.0275,0.0022
200784,Left,2,0.3353,0.0715,-0.9384,0.0436,-0.3041,-0.3368,-0.1762,0.1520,-0.1615,0.2902,-6.5665,-0.8365,7.6354,-0.0038,-0.0042,-0.0022,1.0000,-0.1650,-0.0198,0.1903
200784,Right,2,0.3950,-0.1557,-0.8734,-0.2384,0.2804,-0.2452,-0.1044,-2.1301,-0.3767,-1.4542,-5.2938,2.1503,6.4727,0.0035,-0.0031,-0.0013,1.0000,-0.1328,0.0534,0.1616
200784,Pelvis,2,-0.5433,-0.4061,-0.5638,0.4712,-0.1607,0.2338,0.0823,-0.7845,-0.2788,-0.4559,9.3136,-1.1950,0.2705,-0.0020,0.0029,0.0010,1.0000,0.2329,-0.0296,0.0061
200785,Left,2,0.3304,0.0753,-0.9399,0.0431,-0.2793,-0.3870,-0.1633,-0.0276,-0.0032,-0.0920,-6.1173,-1.0592,7.4800,-0.0035,-0.0048,-0.0020,1.0000,-0.1539,-0.0255,0.1863
200785,Right,2,0.3871,-0.1564,-0.8773,-0.2368,0.1055,-0.6363,0.3087,-1.2163,-0.7577,-2.5188,-5.0509,1.9274,5.1018,0.0013,-0.0080,0.0039,1.0000,-0.1275,0.0475,0.1266
200785,Pelvis,2,-0.5431,-0.4036,-0.5653,0.4717,-0.1349,0.1798,0.0672,-0.9155,-0.2772,-0.8387,8.9240,-1.3208,0.2552,-0.0017,0.0022,0.0008,1.0000,0.2231,-0.0328,0.0059
200786,Left,2,0.3256,0.0788,-0.9413,0.0428,-0.2609,-0.3786,-0.1397,-0.0565,-0.1833,-0.1797,-5.9576,-0.9505,7.5124,-0.0033,-0.0047,-0.0017,1.0000,-0.1499,-0.0229,0.1872
200786,Right,2,0.3772,-0.1560,-0.8833,-0.2306,-0.0904,-0.8041,0.6640,0.0378,-1.0439,-3.0324,-5.3851,1.5130,3.9721,-0.0011,-0.0101,0.0083,0.9999,-0.1359,0.0368,0.0979
200786,Pelvis,2,-0.5429,-0.4021,-0.5663,0.4721,-0.0823,0.1168,0.0330,-0.9621,-0.5399,-0.6724,9.1104,-1.3276,0.0347,-0.0010,0.0015,0.0004,1.0000,0.2278,-0.0331,0.0006
200787,Left,2,0.3212,0.0821,-0.9425,0.0428,-0.2561,-0.3445,-0.1173,-0.1355,-0.1875,-0.3601,-5.7119,-1.0036,7.4681,-0.0032,-0.0043,-0.0015,1.0000,-0.1436,-0.0243,0.1862
200787,Right,2,0.3665,-0.1546,-0.8904,-0.2212,-0.2632,-0.8763,0.8910,1.3099,-0.9130,-2.9833,-6.0587,0.8346,3.4335,-0.0033,-0.0110,0.0111,0.9999,-0.1526,0.0194,0.0841
200787,Pelvis,2,-0.5425,-0.4015,-0.5669,0.4723,-0.0185,0.0674,0.0026,-0.8095,-0.6435,-0.4853,9.3112,-1.1708,0.0072,-0.0002,0.0008,0.0000,1.0000,0.2328,-0.0293,-0.0000
200788,Left,2,0.3180,0.0850,-0.9433,0.0431,-0.2331,-0.2489,-0.0708,-0.4171,0.0176,-0.8213,-5.1544,-1.2433,7.2737,-0.0029,-0.0031,-0.0009,1.0000,-0.1295,-0.0304,0.1815
200788,Right,2,0.3559,-0.1520,-0.8979,-0.2098,-0.4151,-0.8754,0.9941,2.2675,-0.8039,-3.1747,-6.4131,0.3535,2.9329,-0.0052,-0.0109,0.0124,0.9998,-0.1612,0.0072,0.0715
200788,Pelvis,2,-0.5419,-0.4021,-0.5667,0.4727,0.0752,0.0050,-0.0292,-0.9675,-0.5928,-0.2402,9.5447,-1.3476,0.0514,0.0009,0.0001,-0.0004,1.0000,0.2386,-0.0338,0.0012
200789,Left,2,0.3168,0.0865,-0.9436,0.0436,-0.1210,-0.0968,0.0003,-0.5475,0.6265,-1.0205,-4.9130,-1.8699,7.0965,-0.0015,-0.0012,0.0000,1.0000,-0.1230,-0.0465,0.1773
200789,Pelvis,2,-0.5409,-0.4041,-0.5659,0.4732,0.1711,-0.0535,-0.0640,-1.0252,-0.6182,-0.0817,9.7044,-1.3961,0.0270,0.0021,-0.0007,-0.0008,1.0000,0.2426,-0.0351,0.0008
200790,Left,2,0.3174,0.0862,-0.9433,0.0441,0.0102,0.0524,0.0571,-0.3738,0.4227,-0.7370,-5.2135,-1.6917,7.2556,0.0001,0.0007,0.0007,1.0000,-0.1302,-0.0424,0.1815
200790,Right,2,0.3377,-0.1419,-0.9117,-0.1862,-0.6176,-0.7861,0.9348,2.7378,-0.7126,-2.0143,-7.3978,0.3706,3.7374,-0.0154,-0.0196,0.0234,0.9994,-0.3738,0.0126,0.1793
200790,Pelvis,2,-0.5399,-0.4067,-0.5646,0.4736,0.2161,-0.1044,-0.0855,-0.8694,-0.7973,0.0065,9.8170,-1.1918,-0.1150,0.0027,-0.0013,-0.0011,1.0000,0.2454,-0.0300,-0.0026
200791,Right,2,0.3276,-0.1366,-0.9182,-0.1761,-0.5698,-0.8700,0.8064,2.9442,-0.4702,-0.5114,-8.3436,0.4235,5.0610,-0.0071,-0.0109,0.0101,0.9999,-0.2100,0.0094,0.1242
200792,Left,2,0.3215,0.0831,-0.9422,0.0450,0.1096,0.1668,0.0990,-0.1449,0.1432,-0.2954,-5.6950,-1.4073,7.4972,0.0027,0.0042,0.0025,1.0000,-0.2830,-0.0721,0.3758
200792,Right,2,0.3170,-0.1336,-0.9237,-0.1688,-0.3165,-0.8798,0.6500,2.9187,-0.0684,-0.9991,-7.7982,0.0955,5.0384,-0.0040,-0.0110,0.0081,0.9999,-0.1963,0.0013,0.1238
200792,Pelvis,2,-0.5388,-0.4129,-0.5618,0.4728,0.1872,-0.1702,-0.1219,-0.4811,-1.1971,-0.1514,9.7117,-0.6804,-0.4761,0.0047,-0.0043,-0.0030,1.0000,0.4856,-0.0354,-0.0219
200793,Left,2,0.3243,0.0808,-0.9414,0.0456,0.1620,0.2209,0.1276,-0.1046,0.0523,-0.1957,-5.8405,-1.2686,7.5352,0.0020,0.0028,0.0016,1.0000,-0.1454,-0.0323,0.1887
200793,Right,2,0.3073,-0.1334,-0.9277,-0.1648,-0.0121,-0.7747,0.4438,2.6036,0.1701,-0.7832,-7.5344,0.1166,5.6180,-0.0002,-0.0097,0.0055,0.9999,-0.1897,0.0019,0.1386
200793,Pelvis,2,-0.5386,-0.4168,-0.5605,0.4713,0.1620,-0.2429,-0.1915,-0.7051,-1.1750,-0.3985,9.4577,-0.8455,-0.5853,0.0020,-0.0030,-0.0024,1.0000,0.2364,-0.0217,-0.0140
200794,Left,2,0.3274,0.0782,-0.9405,0.0462,0.1875,0.2480,0.1414,-0.1417,0.1233,-0.2653,-5.8180,-1.2839,7.4626,0.0023,0.0031,0.0018,1.0000,-0.1448,-0.0328,0.1869
200794,Right,2,0.2984,-0.1353,-0.9304,-0.1642,0.2231,-0.6969,0.2273,1.9457,0.0050,0.8830,-7.9748,0.8475,7.3398,0.0028,-0.0087,0.0028,1.0000,-0.2010,0.0201,0.1818
200794,Pelvis,2,-0.5383,-0.4213,-0.5590,0.4694,0.1763,-0.2907,-0.2354,-1.0281,-1.0460,-0.6001,9.2401,-1.1334,-0.5993,0.0022,-0.0036,-0.0029,1.0000,0.2310,-0.0290,-0.0142
200795,Left,2,0.3316,0.0749,-0.9393,0.0469,0.2401,0.3319,0.1771,-0.5690,0.3221,-1.1252,-5.0118,-1.3794,6.9914,0.0030,0.0041,0.0022,1.0000,-0.1245,-0.0353,0.1752
200795,Right,2,0.2786,-0.1146,-0.9388,-0.1668,-1.2991,-1.9666,-0.3638,0.1118,-0.4418,9.2007,-11.2371,2.9889,15.0538,-0.0162,-0.0246,-0.0045,0.9996,-0.2897,0.0820,0.3680
200795,Pelvis,2,-0.5380,-0.4267,-0.5570,0.4671,0.2250,-0.3578,-0.2744,-1.3044,-0.7252,-0.7264,9.0899,-1.4099,-0.4182,0.0028,-0.0045,-0.0034,1.0000,0.2272,-0.0360,-0.0095
200796,Left,2,0.3375,0.0695,-0.9376,0.0477,0.3998,0.4689,0.2578,-0.1117,0.5902,-0.1661,-6.0605,-1.5983,7.3577,0.0050,0.0059,0.0032,1.0000,-0.1503,-0.0414,0.1846
200796,Right,2,0.2701,-0.1125,-0.9417,-0.1664,-0.0687,-0.7272,0.1008,-1.8040,5.8148,-1.0115,-1.9824,-3.5888,9.8854,-0.0009,-0.0091,0.0013,1.0000,-0.0517,-0.0896,0.2467
200796,Pelvis,2,-0.5373,-0.4317,-0.5555,0.4651,0.2083,-0.2921,-0.2757,-0.1631,1.2173,0.2675,9.9917,-0.6384,1.6965,0.0026,-0.0037,-0.0034,1.0000,0.2496,-0.0169,0.0433
200797,Left,2,0.3424,0.0638,-0.9361,0.0486,0.4163,0.3851,0.2605,0.0849,-0.1203,0.6851,-6.8136,-0.8363,7.9438,0.0052,0.0048,0.0033,1.0000,-0.1693,-0.0225,0.1993
200797,Right,2,0.2723,-0.1123,-0.9410,-0.1665,-0.0222,0.1793,-0.0383,-1.0654,-1.0122,-0.5017,-4.5081,2.4594,7.9046,-0.0003,0.0022,-0.0005,1.0000,-0.1122,0.0616,0.1979
200797,Pelvis,2,-0.5385,-0.4342,-0.5535,0.4638,0.0825,-0.2831,-0.0522,2.0551,0.6831,3.2723,13.0557,1.6283,1.6747,0.0010,-0.0035,-0.0007,1.0000,0.3263,0.0405,0.0431
200798,Left,2,0.3462,0.0605,-0.9349,0.0490,0.2428,0.3062,0.1531,-0.0167,-0.5650,0.5996,-6.7308,-0.3046,7.9587,0.0030,0.0038,0.0019,1.0000,-0.1675,-0.0085,0.1996
200798,Right,2,0.2750,-0.1130,-0.9402,-0.1665,0.0356,0.2401,-0.0120,-0.3947,-0.2289,-0.7155,-4.7682,1.4579,7.6227,0.0004,0.0030,-0.0002,1.0000,-0.1186,0.0364,0.1909
200798,Pelvis,2,-0.5392,-0.4338,-0.5532,0.4637,-0.0413,-0.0337,0.0371,0.3116,1.0785,2.6429,12.3964,-0.1442,1.6463,-0.0005,-0.0004,0.0005,1.0000,0.3099,-0.0034,0.0413
200799,Left,2,0.3504,0.0591,-0.9334,0.0495,0.1059,0.3526,0.1107,-0.4985,0.1063,0.1190,-6.1519,-0.9398,7.7570,0.0013,0.0044,0.0014,1.0000,-0.1529,-0.0240,0.1946
200799,Right,2,0.2776,-0.1131,-0.9394,-0.1666,-0.0052,0.2209,-0.0375,0.0634,-0.1300,0.2212,-5.6718,1.3053,8.1748,-0.0001,0.0028,-0.0005,1.0000,-0.1412,0.0327,0.2048
200799,Pelvis,2,-0.5366,-0.4367,-0.5538,0.4633,0.1897,0.0211,-0.2541,-1.5681,1.7534,-0.5233,9.1882,-2.0297,1.8123,0.0024,0.0003,-0.0032,1.0000,0.2296,-0.0516,0.0451
200800,Left,2,0.3575,0.0586,-0.9307,0.0512,0.0039,0.6030,0.1915,-0.8139,0.1459,0.0966,-5.9990,-0.9874,7.8688,0.0000,0.0075,0.0024,1.0000,-0.1484,-0.0251,0.1978
200800,Right,2,0.2783,-0.1125,-0.9392,-0.1668,-0.0365,0.0508,-0.0378,0.4701,-0.2534,0.2990,-6.0957,1.2628,7.9863,-0.0005,0.0006,-0.0005,1.0000,-0.1522,0.0317,0.1997
200800,Pelvis,2,-0.5317,-0.4421,-0.5530,0.4649,0.5130,0.0303,-0.3078,-1.9085,1.2423,-1.5194,8.2277,-2.1817,1.2292,0.0064,0.0004,-0.0038,1.0000,0.2055,-0.0555,0.0303
200801,Left,2,0.3716,0.0579,-0.9250,0.0537,0.0159,1.2043,0.3046,-1.7725,0.1251,0.2903,-5.6130,-1.0763,8.5190,0.0002,0.0151,0.0038,0.9999,-0.1370,-0.0275,0.2150
200801,Right,2,0.2777,-0.1119,-0.9394,-0.1670,-0.0172,-0.0532,-0.0187,0.0751,-0.0083,-0.0159,-5.5457,1.1364,7.9960,-0.0002,-0.0007,-0.0002,1.0000,-0.1388,0.0285,0.1998
200801,Pelvis,2,-0.5261,-0.4473,-0.5499,0.4697,0.7581,0.0861,-0.0942,-0.7702,0.9396,-1.8719,7.8934,-0.9472,1.1530,0.0095,0.0011,-0.0012,1.0000,0.1973,-0.0242,0.0284
200802,Left,2,0.3989,0.0571,-0.9135,0.0569,0.0281,2.3449,0.4429,-2.1041,-0.6186,0.7479,-6.0477,-0.3622,8.9255,0.0004,0.0293,0.0055,0.9996,-0.1445,-0.0099,0.2274
200802,Right,2,0.2774,-0.1117,-0.9395,-0.1672,0.0056,-0.0303,-0.0132,-0.0319,0.0404,0.0406,-5.4717,1.1324,8.1159,0.0001,-0.0004,-0.0002,1.0000,-0.1369,0.0283,0.2028
200802,Pelvis,2,-0.5215,-0.4500,-0.5464,0.4765,0.7050,0.1938,0.1451,0.6809,0.7464,-0.5200,9.2429,0.5267,1.2908,0.0088,0.0024,0.0018,1.0000,0.2311,0.0133,0.0318
200803,Left,2,0.4383,0.0556,-0.8951,0.0607,0.0835,3.4499,0.5924,-1.7083,-0.1920,0.8600,-7.0473,-0.6354,8.1773,0.0010,0.0431,0.0074,0.9990,-0.1670,-0.0174,0.2118
200803,Right,2,0.2774,-0.1118,-0.9394,-0.1673,0.0164,0.0074,-0.0042,-0.0098,0.0046,0.0195,-5.4835,1.1528,8.0793,0.0002,0.0001,-0.0001,1.0000,-0.1371,0.0288,0.2020
200803,Pelvis,2,-0.5181,-0.4518,-0.5434,0.4819,0.5447,0.1451,0.1494,1.8606,0.3216,1.6701,11.4483,1.7230,1.1774,0.0068,0.0018,0.0019,1.0000,0.2862,0.0434,0.0292
200804,Left,2,0.4782,0.0544,-0.8741,0.0656,0.0183,3.5700,0.6778,-1.2600,0.6058,3.5128,-10.2213,-1.3279,8.5679,0.0002,0.0446,0.0085,0.9990,-0.2453,-0.0354,0.2253
200804,Right,2,0.2776,-0.1119,-0.9394,-0.1673,0.0201,0.0229,-0.0004,-0.0156,0.0581,-0.0384,-5.4353,1.0997,8.0492,0.0003,0.0003,-0.0000,1.0000,-0.1358,0.0274,0.2013
200804,Pelvis,2,-0.5146,-0.4538,-0.5418,0.4856,0.4367,0.1340,0.0064,1.8516,-0.0289,1.2409,11.0391,1.7513,0.8250,0.0055,0.0017,0.0001,1.0000,0.2760,0.0437,0.0204
200805,Left,2,0.5054,0.0529,-0.8583,0.0713,-0.0387,2.4873,0.6718,-1.6915,1.3501,4.6248,-11.6442,-1.9890,8.5823,-0.0005,0.0311,0.0084,0.9995,-0.2838,-0.0520,0.2235
200805,Right,2,0.2779,-0.1121,-0.9393,-0.1674,0.0209,0.0295,0.0006,0.0128,0.0399,-0.0348,-5.4688,1.1077,8.0296,0.0003,0.0004,0.0000,1.0000,-0.1366,0.0276,0.2008
200805,Pelvis,2,-0.5118,-0.4560,-0.5406,0.4877,0.3337,0.0610,-0.0574,1.2949,-0.0688,-0.2585,9.5416,1.2273,0.6448,0.0042,0.0008,-0.0007,1.0000,0.2386,0.0304,0.0161
200806,Left,2,0.5164,0.0518,-0.8515,0.0750,-0.0408,1.0124,0.3860,-3.6492,0.4671,5.1960,-11.5559,-1.3323,10.1732,-0.0005,0.0127,0.0048,0.9999,-0.2855,-0.0346,0.2580
200806,Right,2,0.2782,-0.1122,-0.9391,-0.1674,0.0210,0.0335,0.0006,-0.0073,0.0439,-0.0307,-5.4596,1.1136,8.0400,0.0003,0.0004,0.0000,1.0000,-0.1364,0.0278,0.2011
200806,Pelvis,2,-0.5096,-0.4579,-0.5397,0.4892,0.2621,0.0368,-0.0642,1.1360,-0.2128,-0.1230,9.6832,1.1022,0.4970,0.0033,0.0005,-0.0008,1.0000,0.2421,0.0273,0.0124
200807,Left,2,0.5202,0.0539,-0.8487,0.0790,-0.2960,0.3741,0.2315,-3.1376,-0.1911,-3.3648,-4.3053,-0.4597,5.7193,-0.0037,0.0047,0.0029,1.0000,-0.1069,-0.0113,0.1435
200807,Right,2,0.2785,-0.1123,-0.9390,-0.1674,0.0149,0.0282,-0.0060,-0.0345,0.0502,-0.0419,-5.4357,1.1173,8.0422,0.0002,0.0004,-0.0001,1.0000,-0.1358,0.0279,0.2011
200807,Pelvis,2,-0.5075,-0.4593,-0.5393,0.4906,0.2115,0.0607,-0.0596,1.0820,-0.2397,0.3980,10.2027,1.0667,0.5035,0.0026,0.0008,-0.0007,1.0000,0.2551,0.0264,0.0125
200808,Left,2,0.5187,0.0565,-0.8485,0.0878,-0.5511,-0.1056,0.4884,-2.8748,-0.7757,-0.8894,-6.6010,0.1256,6.7010,-0.0069,-0.0013,0.0061,1.0000,-0.1653,0.0033,0.1673
200808,Right,2,0.2787,-0.1121,-0.9390,-0.1676,0.0015,0.0181,-0.0160,0.0214,0.0697,-0.0141,-5.4946,1.0790,8.0413,0.0000,0.0002,-0.0002,1.0000,-0.1373,0.0270,0.2011
200808,Pelvis,2,-0.5052,-0.4607,-0.5392,0.4917,0.1982,0.0802,-0.0915,0.9812,-0.2634,0.2906,10.0946,0.9897,0.4772,0.0025,0.0010,-0.0011,1.0000,0.2524,0.0244,0.0117
200809,Left,2,0.5083,0.0586,-0.8534,0.0996,-0.6737,-0.9409,0.6412,-1.9754,0.3130,-2.2781,-5.7997,-0.7496,5.1550,-0.0084,-0.0118,0.0080,0.9999,-0.1463,-0.0188,0.1273
200809,Right,2,0.2788,-0.1120,-0.9389,-0.1676,0.0057,0.0123,-0.0057,0.0595,0.0510,-0.0088,-5.5348,1.0790,8.0203,0.0001,0.0002,-0.0001,1.0000,-0.1383,0.0270,0.2005
200809,Pelvis,2,-0.5026,-0.4619,-0.5395,0.4929,0.1892,0.1200,-0.1069,1.0345,-0.3408,-0.1646,9.6414,1.0756,0.3963,0.0024,0.0015,-0.0013,1.0000,0.2411,0.0265,0.0096
200810,Left,2,0.4924,0.0599,-0.8612,0.1108,-0.6355,-1.4351,0.5808,-1.0114,0.9646,-3.2563,-5.3419,-1.1541,3.8827,-0.0079,-0.0179,0.0073,0.9998,-0.1351,-0.0291,0.0949
200810,Right,2,0.2789,-0.1122,-0.9389,-0.1677,0.0240,0.0163,0.0029,0.0259,0.0128,0.0016,-5.5258,1.1281,8.0320,0.0003,0.0002,0.0000,1.0000,-0.1381,0.0281,0.2008
200810,Pelvis,2,-0.5001,-0.4626,-0.5401,0.4942,0.1564,0.1399,-0.0885,0.9776,-0.3889,-0.1539,9.6521,1.0477,0.3721,0.0020,0.0017,-0.0011,1.0000,0.2413,0.0259,0.0089
200811,Left,2,0.4739,0.0620,-0.8702,0.1198,-0.6213,-1.6502,0.3838,-0.2289,1.5829,-3.9932,-5.0580,-1.5535,2.9038,-0.0078,-0.0206,0.0048,0.9997,-0.1277,-0.0389,0.0703
200811,Right,2,0.2791,-0.1128,-0.9388,-0.1677,0.0516,0.0314,0.0111,0.0216,0.0137,-0.0271,-5.5098,1.1313,8.0075,0.0006,0.0004,0.0001,1.0000,-0.1377,0.0281,0.2003
200811,Pelvis,2,-0.4982,-0.4629,-0.5405,0.4954,0.1217,0.1315,-0.0534,0.9688,-0.3756,-0.2201,9.5820,1.0552,0.4099,0.0015,0.0016,-0.0007,1.0000,0.2396,0.0262,0.0099
200812,Pelvis,2,-0.4972,-0.4628,-0.5409,0.4960,0.0466,0.0806,-0.0280,1.1301,-0.3564,-0.4592,9.3379,1.2227,0.4477,0.0006,0.0010,-0.0003,1.0000,0.2335,0.0305,0.0110
200813,Left,2,0.4366,0.0687,-0.8889,0.1209,-0.3825,-1.6180,-0.2652,0.5694,3.0435,-3.4481,-5.9814,-2.8078,2.5410,-0.0096,-0.0404,-0.0066,0.9991,-0.3048,-0.1372,0.1161
200813,Right,2,0.2787,-0.1138,-0.9388,-0.1674,0.0502,-0.0055,0.0263,0.0356,0.0667,-0.0315,-5.5054,1.0938,8.0107,0.0013,-0.0001,0.0007,1.0000,-0.2754,0.0540,0.4006
200813,Pelvis,2,-0.4972,-0.4623,-0.5417,0.4956,-0.0712,0.0276,-0.0292,1.2250,-0.4831,-0.6531,9.1515,1.3319,0.3282,-0.0009,0.0003,-0.0004,1.0000,0.2288,0.0332,0.0081
200814,Left,2,0.4177,0.0719,-0.8991,0.1088,0.0675,-1.5919,-1.1572,1.8121,2.2238,-1.6935,-7.7600,-1.8863,3.2230,0.0008,-0.0199,-0.0145,0.9997,-0.1962,-0.0444,0.0766
200814,Right,2,0.2780,-0.1142,-0.9390,-0.1671,0.0483,-0.0435,0.0404,0.0605,0.0497,-0.0069,-5.5346,1.1188,8.0173,0.0006,-0.0005,0.0005,1.0000,-0.1385,0.0278,0.2004
200814,Pelvis,2,-0.4983,-0.4616,-0.5425,0.4943,-0.1576,-0.0366,-0.0227,1.1887,-0.6373,-0.8877,8.9292,1.3110,0.1575,-0.0020,-0.0005,-0.0003,1.0000,0.2232,0.0327,0.0040
200815,Left,2,0.3993,0.0740,-0.9090,0.0934,0.2624,-1.5404,-1.3619,3.1945,-0.0489,-1.4761,-8.3400,0.4108,3.1618,0.0033,-0.0193,-0.0170,0.9997,-0.2098,0.0136,0.0751
200815,Right,2,0.2771,-0.1148,-0.9393,-0.1668,0.0597,-0.0562,0.0531,0.0038,0.0373,-0.1324,-5.4106,1.1508,7.9442,0.0007,-0.0007,0.0007,1.0000,-0.1354,0.0285,0.1985
200815,Pelvis,2,-0.5001,-0.4608,-0.5430,0.4926,-0.1933,-0.0980,0.0061,0.9031,-0.7816,-0.9578,8.8744,1.0393,-0.0243,-0.0024,-0.0012,0.0001,1.0000,0.2219,0.0260,-0.0004
200816,Left,2,0.3859,0.0762,-0.9158,0.0810,0.1853,-1.1023,-1.0937,4.5696,-2.4189,-1.1114,-9.1982,2.7547,3.2032,0.0023,-0.0138,-0.0137,0.9998,-0.2301,0.0718,0.0771
200817,Left,2,0.3772,0.0793,-0.9198,0.0737,-0.0312,-0.6847,-0.6960,5.6526,-2.0314,0.3516,-11.0127,2.2704,3.6002,-0.0004,-0.0086,-0.0087,0.9999,-0.2756,0.0592,0.0876
200817,Right,2,0.2762,-0.1160,-0.9395,-0.1661,0.0511,-0.0217,0.0443,-0.1998,0.0006,-0.3036,-5.1501,1.2628,7.8959,0.0013,-0.0005,0.0011,1.0000,-0.2578,0.0623,0.3947
200817,Pelvis,2,-0.5055,-0.4592,-0.5416,0.4902,-0.1664,-0.1603,0.1036,0.5332,-0.9184,-0.5364,9.3112,0.6620,-0.2035,-0.0042,-0.0040,0.0026,1.0000,0.4655,0.0343,-0.0084
200818,Right,2,0.2764,-0.1160,-0.9394,-0.1661,0.0100,0.0247,0.0038,-0.1573,0.0251,-0.2277,-5.2151,1.2456,7.9466,0.0001,0.0003,0.0000,1.0000,-0.1303,0.0311,0.1987
200818,Pelvis,2,-0.5090,-0.4576,-0.5398,0.4900,-0.1527,-0.1745,0.2475,0.2794,-0.7994,-0.0780,9.7645,0.3444,-0.1327,-0.0019,-0.0022,0.0031,1.0000,0.2441,0.0094,-0.0028
200819,Left,2,0.3597,0.0632,-0.9280,0.0738,0.5653,-0.8117,0.1756,5.5446,-4.2393,5.2736,-14.0559,4.0329,7.9067,0.0141,-0.0203,0.0044,0.9997,-0.7115,0.1931,0.3837
200819,Right,2,0.2770,-0.1158,-0.9393,-0.1662,-0.0054,0.0504,-0.0200,-0.1903,0.0477,-0.2025,-5.2043,1.2373,7.9862,-0.0001,0.0006,-0.0003,1.0000,-0.1300,0.0310,0.1997
200819,Pelvis,2,-0.5130,-0.4558,-0.5376,0.4899,-0.1608,-0.1972,0.3054,0.5082,-0.4748,0.0805,9.9049,0.4698,0.1795,-0.0020,-0.0025,0.0038,1.0000,0.2476,0.0127,0.0051
200820,Left,2,0.3479,0.0638,-0.9326,0.0718,-0.0322,-0.9929,-0.2530,-3.2957,-1.2925,-0.0253,-3.9821,0.0216,9.6164,-0.0004,-0.0124,-0.0032,0.9999,-0.1025,0.0010,0.2391
200820,Right,2,0.2786,-0.1153,-0.9388,-0.1666,-0.0302,0.1225,-0.0603,-0.4127,-0.0117,-0.2526,-5.0329,1.3578,8.0245,-0.0004,0.0015,-0.0008,1.0000,-0.1255,0.0341,0.2008
200820,Pelvis,2,-0.5178,-0.4532,-0.5361,0.4890,-0.2834,-0.2022,0.2962,0.4689,0.5451,0.5770,10.3461,0.2369,1.1690,-0.0035,-0.0025,0.0037,1.0000,0.2586,0.0070,0.0299
200821,Left,2,0.3471,0.0639,-0.9330,0.0706,0.0288,-0.0582,-0.0878,-1.2839,1.3646,-0.7073,-5.1464,-2.2008,7.4222,0.0004,-0.0007,-0.0011,1.0000,-0.1289,-0.0549,0.1854
200821,Right,2,0.2826,-0.1145,-0.9375,-0.1677,-0.0656,0.3167,-0.1481,-0.7502,0.0897,-0.3325,-4.7437,1.3573,8.1302,-0.0008,0.0040,-0.0019,1.0000,-0.1177,0.0343,0.2037
200821,Pelvis,2,-0.5216,-0.4514,-0.5360,0.4868,-0.3171,-0.1810,0.1230,0.0317,1.0996,1.6195,11.3570,-0.3473,1.6741,-0.0040,-0.0023,0.0015,1.0000,0.2838,-0.0081,0.0425
200822,Right,2,0.2915,-0.1142,-0.9344,-0.1697,-0.0568,0.7150,-0.2806,-0.8192,0.0147,-0.2488,-4.8678,1.4215,8.1502,-0.0007,0.0089,-0.0035,1.0000,-0.1197,0.0361,0.2048
200823,Left,2,0.3481,0.0603,-0.9328,0.0709,0.1348,0.0306,0.0694,0.0438,0.1901,0.0462,-6.5313,-0.8346,7.3404,0.0034,0.0008,0.0017,1.0000,-0.3262,-0.0435,0.3671
200823,Right,2,0.3102,-0.1163,-0.9277,-0.1722,0.0321,1.5649,-0.4010,-2.1738,0.9004,-0.1385,-3.9246,1.1013,9.0843,0.0004,0.0196,-0.0050,0.9998,-0.0935,0.0279,0.2290
200823,Pelvis,2,-0.5261,-0.4481,-0.5408,0.4796,-0.3961,-0.0668,-0.1021,1.6211,1.2214,0.5936,10.3580,1.2235,1.9041,-0.0099,-0.0017,-0.0026,0.9999,0.5179,0.0608,0.0955
200824,Left,2,0.3470,0.0581,-0.9333,0.0714,0.1401,-0.1062,0.0990,0.0983,0.0567,0.1223,-6.6064,-0.6444,7.3931,0.0018,-0.0013,0.0012,1.0000,-0.1654,-0.0166,0.1846
200824,Right,2,0.3455,-0.1210,-0.9142,-0.1742,0.0509,3.0050,-0.5404,-2.0415,0.9651,0.5626,-4.9821,1.0210,9.3240,0.0006,0.0376,-0.0068,0.9993,-0.1155,0.0262,0.2376
200824,Pelvis,2,-0.5294,-0.4431,-0.5452,0.4756,-0.6691,0.0878,-0.0080,1.5983,0.5977,-0.5910,9.2022,1.3081,1.2489,-0.0084,0.0011,-0.0001,1.0000,0.2301,0.0329,0.0307
200825,Left,2,0.3463,0.0564,-0.9336,0.0722,0.1032,-0.0656,0.1088,-0.1339,0.1370,-0.0453,-6.3150,-0.7159,7.4194,0.0013,-0.0008,0.0014,1.0000,-0.1580,-0.0184,0.1853
200825,Right,2,0.3932,-0.1264,-0.8935,-0.1762,-0.0047,4.1208,-0.7461,-2.4102,0.6146,0.6804,-5.7251,1.4167,9.0340,-0.0001,0.0515,-0.0093,0.9986,-0.1309,0.0367,0.2328
200825,Pelvis,2,-0.5319,-0.4370,-0.5503,0.4725,-0.6805,0.2186,0.0125,0.3526,0.7683,0.1901,9.9527,0.0129,1.3093,-0.0085,0.0027,0.0002,1.0000,0.2489,0.0006,0.0320
200826,Left,2,0.3459,0.0553,-0.9338,0.0728,0.0686,-0.0431,0.0830,0.0862,0.0115,0.2291,-6.6381,-0.5392,7.5159,0.0009,-0.0005,0.0010,1.0000,-0.1660,-0.0138,0.1878
200826,Right,2,0.4508,-0.1304,-0.8647,-0.1792,-0.1223,5.0596,-1.0754,-1.7305,-0.0261,3.0533,-9.1508,1.7309,9.0571,-0.0015,0.0632,-0.0134,0.9979,-0.2133,0.0466,0.2402
200826,Pelvis,2,-0.5336,-0.4321,-0.5558,0.4687,-0.6340,0.2143,-0.1040,-1.4041,0.6753,0.3415,10.0833,-1.7122,0.9645,-0.0079,0.0027,-0.0013,1.0000,0.2521,-0.0429,0.0238
200827,Left,2,0.3456,0.0548,-0.9339,0.0731,0.0309,-0.0223,0.0344,0.0131,0.0136,0.1111,-6.5002,-0.5301,7.4798,0.0004,-0.0003,0.0004,1.0000,-0.1626,-0.0134,0.1869
200827,Right,2,0.4976,-0.1366,-0.8367,-0.1835,0.2124,4.2978,-0.9617,-1.2222,-0.1212,6.4575,-13.3617,1.5419,9.2513,0.0027,0.0537,-0.0120,0.9985,-0.3205,0.0418,0.2489
200827,Pelvis,2,-0.5335,-0.4294,-0.5607,0.4655,-0.4298,0.1941,-0.2156,-1.6825,0.1457,-0.1994,9.5762,-1.8471,0.3900,-0.0054,0.0024,-0.0027,1.0000,0.2393,-0.0468,0.0094
200828,Left,2,0.3457,0.0546,-0.9339,0.0732,0.0110,0.0033,0.0261,-0.0008,0.0898,0.0435,-6.4509,-0.5965,7.4285,0.0001,0.0000,0.0003,1.0000,-0.1613,-0.0150,0.1857
200828,Right,2,0.5264,-0.1370,-0.8174,-0.1897,0.0749,2.6475,-0.9953,-1.8318,-0.6468,3.4278,-11.2612,1.8675,6.9897,0.0009,0.0331,-0.0124,0.9994,-0.2749,0.0500,0.1840
200828,Pelvis,2,-0.5338,-0.4279,-0.5634,0.4632,-0.2700,0.0783,-0.1386,-1.2061,-0.3615,-0.1553,9.6598,-1.2405,0.0110,-0.0034,0.0010,-0.0017,1.0000,0.2414,-0.0314,0.0001
200829,Left,2,0.3459,0.0545,-0.9338,0.0735,-0.0005,0.0214,0.0299,-0.0573,0.0434,0.0076,-6.3823,-0.5548,7.4432,-0.0000,0.0003,0.0004,1.0000,-0.1595,-0.0139,0.1861
200829,Right,2,0.5358,-0.1353,-0.8092,-0.1996,0.2616,0.8233,-0.9428,-4.5281,1.8667,0.0300,-7.0742,0.5786,8.3960,0.0033,0.0103,-0.0118,0.9999,-0.1745,0.0158,0.2118
200829,Pelvis,2,-0.5354,-0.4258,-0.5639,0.4626,-0.1963,0.0009,0.1002,-1.1510,-0.3663,0.6683,10.4825,-1.1928,0.0741,-0.0025,0.0000,0.0013,1.0000,0.2621,-0.0295,0.0019
200830,Left,2,0.3463,0.0546,-0.9336,0.0737,-0.0050,0.0367,0.0219,0.0030,-0.0437,0.0553,-6.4549,-0.4587,7.4500,-0.0001,0.0005,0.0003,1.0000,-0.1613,-0.0115,0.1863
200830,Right,2,0.5273,-0.1350,-0.8116,-0.2120,0.6349,-0.7797,-0.6797,-6.0383,-0.3586,-1.9585,-5.1580,3.2002,7.8380,0.0079,-0.0097,-0.0085,0.9999,-0.1302,0.0796,0.1953
200830,Pelvis,2,-0.5375,-0.4231,-0.5636,0.4631,-0.1671,0.0043,0.2175,-1.2351,-0.1357,0.5772,10.3710,-1.3646,0.2718,-0.0021,0.0001,0.0027,1.0000,0.2594,-0.0334,0.0069
200831,Left,2,0.3466,0.0547,-0.9335,0.0737,-0.0055,0.0362,0.0091,0.0310,-0.0297,0.0356,-6.4706,-0.4664,7.4098,-0.0001,0.0005,0.0001,1.0000,-0.1617,-0.0117,0.1853
200831,Right,2,0.5083,-0.1323,-0.8223,-0.2189,0.3346,-1.8008,-0.1735,-4.8963,-2.2615,-2.9204,-4.8972,4.3409,5.8115,0.0042,-0.0225,-0.0022,0.9997,-0.1254,0.1082,0.1429
200831,Pelvis,2,-0.5394,-0.4207,-0.5633,0.4634,-0.1617,-0.0006,0.1904,-0.9415,-0.1503,0.0996,9.8909,-1.1182,0.2862,-0.0020,-0.0000,0.0024,1.0000,0.2473,-0.0274,0.0072
200832,Left,2,0.3468,0.0547,-0.9334,0.0737,-0.0028,0.0165,0.0065,0.0279,0.0221,0.0027,-6.4559,-0.5171,7.3754,-0.0000,0.0002,0.0001,1.0000,-0.1614,-0.0129,0.1844
200832,Right,2,0.4819,-0.1321,-0.8388,-0.2162,0.1791,-2.3780,0.7345,-2.9857,-1.6157,-4.4034,-3.8953,2.9002,4.1489,0.0022,-0.0297,0.0092,0.9995,-0.1011,0.0714,0.1009
200832,Pelvis,2,-0.5409,-0.4186,-0.5636,0.4632,-0.1641,0.0054,0.1201,-0.6471,-0.0997,-0.3897,9.3985,-0.8688,0.3659,-0.0021,0.0001,0.0015,1.0000,0.2350,-0.0213,0.0092
200833,Pelvis,2,-0.5424,-0.4166,-0.5640,0.4626,-0.1918,0.0008,0.0918,-0.5519,-0.0073,-0.4403,9.3407,-0.8221,0.4718,-0.0024,0.0000,0.0011,1.0000,0.2335,-0.0203,0.0118
200834,Left,2,0.3466,0.0546,-0.9335,0.0737,0.0045,-0.0029,0.0084,-0.0298,0.0211,-0.0313,-6.3907,-0.5234,7.3866,0.0001,-0.0001,0.0002,1.0000,-0.3196,-0.0263,0.3693
200834,Right,2,0.4205,-0.1424,-0.8727,-0.2030,0.4549,-2.5510,1.2608,0.4053,0.8505,-5.3098,-3.7494,-0.7318,2.5698,0.0114,-0.0637,0.0315,0.9974,-0.1938,-0.0440,0.1158
200834,Pelvis,2,-0.5439,-0.4147,-0.5645,0.4621,-0.1796,0.0066,0.0854,-0.7818,0.1089,-0.2414,9.5248,-1.1023,0.5431,-0.0022,0.0001,0.0011,1.0000,0.2382,-0.0273,0.0136
200835,Left,2,0.3464,0.0545,-0.9336,0.0738,0.0101,-0.0127,0.0147,-0.0432,-0.0026,-0.0332,-6.3739,-0.5008,7.4002,0.0001,-0.0002,0.0002,1.0000,-0.1594,-0.0126,0.1850
200835,Right,2,0.3925,-0.1506,-0.8846,-0.2019,0.8629,-2.2052,0.8692,2.8661,0.6789,-2.8532,-6.9100,-1.3085,2.7691,0.0108,-0.0276,0.0109,0.9995,-0.1742,-0.0353,0.0641
200835,Pelvis,2,-0.5448,-0.4137,-0.5644,0.4621,-0.0798,-0.0119,0.0765,-1.3248,0.1139,-0.4002,9.3531,-1.6477,0.4087,-0.0010,-0.0001,0.0010,1.0000,0.2339,-0.0410,0.0103
200836,Left,2,0.3463,0.0543,-0.9336,0.0739,0.0101,-0.0086,0.0158,-0.0221,-0.0375,-0.0467,-6.3748,-0.4591,7.3843,0.0001,-0.0001,0.0002,1.0000,-0.1594,-0.0115,0.1846
200836,Right,2,0.3659,-0.1584,-0.8949,-0.2002,0.8160,-2.0517,0.8488,3.0787,-0.4051,-1.0784,-8.4810,-0.0390,3.7450,0.0102,-0.0256,0.0106,0.9996,-0.2143,-0.0042,0.0881
200836,Pelvis,2,-0.5451,-0.4144,-0.5629,0.4629,0.1082,-0.0901,0.0695,-1.7362,-0.0278,-0.6666,9.0858,-2.0230,0.1490,0.0014,-0.0011,0.0009,1.0000,0.2272,-0.0504,0.0039
200837,Left,2,0.3462,0.0542,-0.9337,0.0739,0.0113,-0.0024,0.0075,0.0039,-0.0372,0.0073,-6.4279,-0.4550,7.4100,0.0001,-0.0000,0.0001,1.0000,-0.1607,-0.0114,0.1852
200837,Right,2,0.3409,-0.1625,-0.9051,-0.1955,0.4390,-1.9600,0.9402,3.7127,-1.0621,0.7986,-10.1791,0.7626,4.8319,0.0055,-0.0245,0.0118,0.9996,-0.2575,0.0154,0.1146
200837,Pelvis,2,-0.5451,-0.4171,-0.5598,0.4642,0.2789,-0.1964,0.0531,-1.3907,-0.3140,-0.7474,9.0299,-1.6332,-0.0775,0.0035,-0.0025,0.0007,1.0000,0.2258,-0.0407,-0.0015
200838,Left,2,0.3461,0.0540,-0.9337,0.0738,0.0197,-0.0100,0.0057,0.0305,0.0156,0.0156,-6.4566,-0.5001,7.3931,0.0002,-0.0001,0.0001,1.0000,-0.1614,-0.0126,0.1848
200838,Right,2,0.3167,-0.1626,-0.9151,-0.1896,0.1077,-1.9425,0.9036,5.0689,-1.0228,1.5458,-11.3571,0.4988,5.1535,0.0013,-0.0243,0.0113,0.9996,-0.2871,0.0091,0.1219
200838,Pelvis,2,-0.5448,-0.4209,-0.5562,0.4655,0.3531,-0.2446,0.0095,-0.8353,-0.4273,-0.5747,9.2218,-1.0822,-0.0928,0.0044,-0.0031,0.0001,1.0000,0.2306,-0.0270,-0.0017
200839,Left,2,0.3457,0.0537,-0.9339,0.0736,0.0240,-0.0306,0.0025,0.0534,-0.0022,0.0467,-6.4879,-0.4768,7.4088,0.0003,-0.0004,0.0000,1.0000,-0.1623,-0.0120,0.1852
200839,Right,2,0.2941,-0.1621,-0.9237,-0.1846,0.0802,-1.8111,0.7737,5.7593,-0.5039,0.4855,-10.8154,-0.2117,4.7421,0.0010,-0.0226,0.0097,0.9997,-0.2729,-0.0080,0.1124
200839,Pelvis,2,-0.5439,-0.4255,-0.5530,0.4662,0.3788,-0.2451,-0.0789,-0.5449,-0.4955,-0.6514,9.1570,-0.7750,-0.1478,0.0047,-0.0031,-0.0010,1.0000,0.2289,-0.0196,-0.0031
200840,Left,2,0.3452,0.0534,-0.9341,0.0735,0.0298,-0.0392,0.0028,-0.0404,0.0533,-0.0437,-6.3567,-0.5392,7.3986,0.0004,-0.0005,0.0000,1.0000,-0.1590,-0.0136,0.1849
200841,Left,2,0.3453,0.0533,-0.9341,0.0734,0.0107,0.0083,0.0032,-0.1599,0.0623,-0.0981,-6.2288,-0.5634,7.4356,0.0001,0.0001,0.0000,1.0000,-0.1557,-0.0141,0.1859
200841,Right,2,0.2747,-0.1274,-0.9340,-0.1898,-1.1332,-1.1233,-0.3970,5.7351,-2.6822,3.2959,-12.7587,2.0480,6.7114,-0.0283,-0.0281,-0.0099,0.9992,-0.6458,0.1179,0.3143
200841,Pelvis,2,-0.5409,-0.4373,-0.5478,0.4649,0.3757,-0.2947,-0.2478,-0.5194,-0.3634,-0.8173,8.9893,-0.7084,-0.1037,0.0094,-0.0074,-0.0062,0.9999,0.4493,-0.0382,-0.0022
200842,Left,2,0.3469,0.0540,-0.9335,0.0735,-0.0447,0.1441,0.0035,-0.4777,0.3690,-0.0230,-6.0837,-0.9280,7.6374,-0.0006,0.0018,0.0000,1.0000,-0.1517,-0.0231,0.1912
200842,Right,2,0.2690,-0.1199,-0.9366,-0.1901,-0.4861,-0.5959,-0.0858,-0.9523,8.4606,-0.6727,-1.8973,-6.0167,10.7811,-0.0061,-0.0074,-0.0011,1.0000,-0.0496,-0.1487,0.2701
200842,Pelvis,2,-0.5386,-0.4429,-0.5463,0.4640,0.3428,-0.2074,-0.3016,0.4316,2.5009,0.5996,10.3291,-0.2342,2.8482,0.0043,-0.0026,-0.0038,1.0000,0.2580,-0.0071,0.0718
200843,Left,2,0.3535,0.0552,-0.9307,0.0754,-0.1175,0.5754,0.1561,-2.0190,1.2563,-0.2082,-4.9738,-2.0685,8.2997,-0.0015,0.0072,0.0020,1.0000,-0.1227,-0.0516,0.2085
200843,Right,2,0.2730,-0.1196,-0.9355,-0.1897,-0.0665,0.3242,-0.0337,-0.3223,-0.6495,-0.2164,-5.2418,1.8846,7.8478,-0.0008,0.0041,-0.0004,1.0000,-0.1302,0.0473,0.1967
200843,Pelvis,2,-0.5381,-0.4460,-0.5426,0.4659,0.3619,-0.1889,0.0669,2.4311,1.6557,3.0242,12.8144,1.8948,2.3747,0.0045,-0.0024,0.0008,1.0000,0.3202,0.0474,0.0603
200844,Left,2,0.3789,0.0528,-0.9205,0.0800,0.1608,2.1505,0.5985,-4.3426,-0.1298,-0.1642,-3.4856,-1.0842,9.9334,0.0020,0.0269,0.0075,0.9996,-0.0802,-0.0282,0.2505
200844,Right,2,0.2744,-0.1202,-0.9351,-0.1894,0.0290,0.1351,0.0204,0.1903,-0.0418,0.3552,-5.8283,1.1844,8.2494,0.0004,0.0017,0.0003,1.0000,-0.1454,0.0295,0.2065
200844,Pelvis,2,-0.5371,-0.4455,-0.5401,0.4705,0.3107,0.1116,0.2730,-0.6948,1.7558,0.1469,9.8945,-1.1804,1.8613,0.0039,0.0014,0.0034,1.0000,0.2475,-0.0288,0.0461
200845,Left,2,0.4274,0.0470,-0.8987,0.0865,0.4454,4.1752,1.0004,-3.1503,-1.2137,0.5794,-5.4998,0.3404,9.4415,0.0056,0.0522,0.0125,0.9985,-0.1250,0.0056,0.2428
200845,Right,2,0.2750,-0.1205,-0.9349,-0.1891,0.0217,0.0624,0.0236,0.2078,-0.5329,0.4478,-6.0538,1.6355,8.1413,0.0003,0.0008,0.0003,1.0000,-0.1512,0.0408,0.2037
200845,Pelvis,2,-0.5348,-0.4458,-0.5367,0.4767,0.4837,0.1556,0.2975,-2.5265,0.4827,-1.1698,8.5624,-2.8094,0.3294,0.0060,0.0019,0.0037,1.0000,0.2143,-0.0695,0.0074
200846,Left,2,0.4841,0.0386,-0.8691,0.0939,0.6320,5.0070,1.2503,-1.9607,0.5733,3.6617,-9.9344,-0.8637,9.3035,0.0079,0.0625,0.0156,0.9979,-0.2328,-0.0272,0.2473
200846,Right,2,0.2749,-0.1206,-0.9350,-0.1890,0.0150,-0.0063,0.0095,0.2808,0.0178,0.3674,-5.9116,1.1033,8.2188,0.0002,-0.0001,0.0001,1.0000,-0.1478,0.0275,0.2055
200846,Pelvis,2,-0.5307,-0.4481,-0.5333,0.4828,0.6361,0.1578,0.1378,-0.6485,0.0623,0.9161,10.6969,-1.0027,0.3211,0.0080,0.0020,0.0017,1.0000,0.2675,-0.0247,0.0073
200847,Left,2,0.5247,0.0277,-0.8450,0.0991,0.7941,3.6694,1.1001,-2.0374,3.0321,7.1390,-14.2183,-2.6851,9.5691,0.0099,0.0458,0.0137,0.9988,-0.3430,-0.0744,0.2544
200847,Right,2,0.2747,-0.1209,-0.9350,-0.1889,0.0377,-0.0042,0.0257,0.0626,0.0909,0.1162,-5.5779,1.1038,8.1402,0.0005,-0.0001,0.0003,1.0000,-0.1395,0.0275,0.2035
200847,Pelvis,2,-0.5278,-0.4513,-0.5305,0.4861,0.4837,-0.0050,0.0097,3.0391,-0.7423,2.1661,12.0832,2.6961,0.0734,0.0060,-0.0001,0.0001,1.0000,0.3021,0.0674,0.0023
200848,Left,2,0.5403,0.0170,-0.8354,0.0992,0.8235,1.3804,0.5757,-6.7255,0.6335,4.7963,-10.4530,-0.9049,12.2070,0.0103,0.0173,0.0072,0.9998,-0.2558,-0.0276,0.3094
200848,Right,2,0.2747,-0.1213,-0.9350,-0.1887,0.0374,0.0090,0.0201,0.0096,0.0203,0.0612,-5.5252,1.1908,8.0962,0.0005,0.0001,0.0003,1.0000,-0.1381,0.0296,0.2024
200848,Pelvis,2,-0.5259,-0.4532,-0.5293,0.4877,0.2744,0.0082,-0.0386,2.9873,-0.8494,0.9965,10.9170,2.7005,-0.1044,0.0034,0.0001,-0.0005,1.0000,0.2730,0.0674,-0.0024
200849,Left,2,0.5414,0.0212,-0.8350,0.0958,-0.1255,0.1298,-0.3993,-6.9147,2.0008,0.1617,-6.5960,-2.4957,10.0782,-0.0016,0.0016,-0.0050,1.0000,-0.1648,-0.0612,0.2523
200849,Right,2,0.2746,-0.1217,-0.9350,-0.1886,0.0397,0.0034,0.0184,0.0703,0.0630,0.1218,-5.5939,1.1422,8.1305,0.0005,0.0000,0.0002,1.0000,-0.1398,0.0284,0.2033
200849,Pelvis,2,-0.5247,-0.4548,-0.5288,0.4881,0.1438,-0.0233,-0.0761,1.3466,-0.8324,0.6567,10.5275,1.0941,-0.2997,0.0018,-0.0003,-0.0010,1.0000,0.2632,0.0271,-0.0074
200850,Left,2,0.5378,0.0264,-0.8375,0.0932,-0.2540,-0.2941,-0.4127,-4.9801,0.8367,-5.1668,-2.3333,-1.4467,6.2888,-0.0032,-0.0037,-0.0052,1.0000,-0.0591,-0.0354,0.1571
200850,Right,2,0.2740,-0.1224,-0.9351,-0.1885,0.0733,-0.0280,0.0376,0.1641,0.1744,0.1840,-5.6658,1.0232,8.1758,0.0009,-0.0003,0.0005,1.0000,-0.1417,0.0253,0.2044
200850,Pelvis,2,-0.5226,-0.4569,-0.5292,0.4879,0.1449,0.0124,-0.1887,0.3600,-0.4747,0.7420,10.5708,0.1057,-0.0533,0.0018,0.0002,-0.0024,1.0000,0.2643,0.0020,-0.0014
200851,Left,2,0.5268,0.0342,-0.8441,0.0938,-0.6144,-0.9501,-0.3618,-4.2500,0.6500,-3.1029,-4.3587,-1.1162,6.5777,-0.0077,-0.0119,-0.0045,0.9999,-0.1110,-0.0261,0.1633
200851,Right,2,0.2726,-0.1241,-0.9354,-0.1881,0.1507,-0.0767,0.0835,0.1203,0.2522,0.0663,-5.5307,0.9854,8.1310,0.0019,-0.0010,0.0010,1.0000,-0.1385,0.0241,0.2032
200851,Pelvis,2,-0.5192,-0.4593,-0.5300,0.4884,0.2301,0.0974,-0.2388,0.6449,-0.1769,-0.4593,9.3637,0.4415,0.2424,0.0029,0.0012,-0.0030,1.0000,0.2341,0.0103,0.0058
200852,Left,2,0.5099,0.0414,-0.8540,0.0945,-0.6143,-1.4987,-0.3651,-2.4749,0.7536,-4.1615,-4.0057,-1.0416,4.6373,-0.0077,-0.0187,-0.0046,0.9998,-0.1024,-0.0247,0.1142
200852,Right,2,0.2708,-0.1261,-0.9357,-0.1877,0.1735,-0.1006,0.0961,-0.1181,-0.0231,-0.2798,-5.2090,1.3296,7.8733,0.0022,-0.0013,0.0012,1.0000,-0.1305,0.0327,0.1967
200852,Pelvis,2,-0.5164,-0.4613,-0.5308,0.4886,0.1715,0.0782,-0.2101,1.0981,-0.0368,-1.1688,8.6520,0.9443,0.4178,0.0021,0.0010,-0.0026,1.0000,0.2164,0.0230,0.0103
200853,Left,2,0.4904,0.0499,-0.8648,0.0951,-0.7098,-1.7020,-0.4458,-0.8191,-0.4722,-3.6615,-4.8928,0.3920,3.8269,-0.0089,-0.0213,-0.0056,0.9997,-0.1243,0.0113,0.0929
200853,Right,2,0.2697,-0.1271,-0.9359,-0.1876,0.0959,-0.0704,0.0467,-0.3176,-0.0910,-0.6180,-4.8647,1.4616,7.6713,0.0012,-0.0009,0.0006,1.0000,-0.1218,0.0362,0.1917
200853,Pelvis,2,-0.5148,-0.4625,-0.5318,0.4881,0.0561,0.0356,-0.1714,1.2139,-0.1671,-1.5292,8.2933,1.1185,0.2950,0.0007,0.0004,-0.0021,1.0000,0.2074,0.0275,0.0073
200854,Left,2,0.4696,0.0586,-0.8756,0.0972,-0.7974,-1.7962,-0.3500,0.6704,-1.2342,-3.0841,-5.8993,1.3376,3.2657,-0.0100,-0.0225,-0.0044,0.9997,-0.1491,0.0349,0.0780
200854,Right,2,0.2698,-0.1266,-0.9359,-0.1879,-0.0151,0.0067,-0.0293,-0.2983,-0.0067,-0.6448,-4.8340,1.3805,7.6725,-0.0002,0.0001,-0.0004,1.0000,-0.1208,0.0346,0.1918
200854,Pelvis,2,-0.5144,-0.4633,-0.5328,0.4867,-0.0493,-0.0209,-0.1529,1.1490,-0.3643,-1.0960,8.7296,1.1023,0.1131,-0.0006,-0.0003,-0.0019,1.0000,0.2183,0.0271,0.0029
200855,Left,2,0.4491,0.0666,-0.8853,0.1008,-0.8104,-1.7444,-0.2087,2.2372,-1.0012,-2.6752,-6.9950,1.3556,2.4891,-0.0101,-0.0218,-0.0026,0.9997,-0.1761,0.0350,0.0580
200855,Right,2,0.2711,-0.1253,-0.9356,-0.1884,-0.0910,0.0790,-0.0833,-0.2356,0.1373,-0.5128,-4.9246,1.2230,7.7984,-0.0011,0.0010,-0.0010,1.0000,-0.1229,0.0309,0.1950
200855,Pelvis,2,-0.5145,-0.4635,-0.5341,0.4850,-0.1169,-0.0335,-0.1273,0.6484,-0.5872,-0.5723,9.2576,0.6530,-0.1390,-0.0015,-0.0004,-0.0016,1.0000,0.2315,0.0160,-0.0034
200856,Left,2,0.4285,0.0729,-0.8947,0.1031,-0.6374,-1.7499,-0.2431,3.7263,0.1357,-0.8267,-9.3779,0.4620,2.5517,-0.0080,-0.0219,-0.0030,0.9997,-0.2357,0.0127,0.0585
200856,Right,2,0.2728,-0.1242,-0.9351,-0.1889,-0.0865,0.1194,-0.0839,0.0461,0.0611,0.0419,-5.4957,1.2153,8.0895,-0.0011,0.0015,-0.0010,1.0000,-0.1371,0.0307,0.2024
200856,Pelvis,2,-0.5152,-0.4639,-0.5345,0.4835,-0.0888,-0.0901,-0.0719,0.1983,-0.7752,-0.3441,9.4917,0.2464,-0.3739,-0.0011,-0.0011,-0.0009,1.0000,0.2373,0.0059,-0.0091
200858,Left,2,0.3843,0.0749,-0.9154,0.0934,-0.0279,-1.8939,-0.5860,5.8753,1.4470,-0.1177,-11.2722,-0.5261,1.8366,-0.0007,-0.0473,-0.0146,0.9988,-0.5674,-0.0180,0.0650
200858,Right,2,0.2752,-0.1228,-0.9345,-0.1895,-0.0488,0.0875,-0.0537,-0.0530,0.0283,-0.0487,-5.4090,1.2405,8.0339,-0.0012,0.0022,-0.0013,1.0000,-0.2695,0.0629,0.4022
200858,Pelvis,2,-0.5185,-0.4653,-0.5319,0.4814,-0.0294,-0.1895,0.0342,0.4604,-1.1638,-0.3686,9.4782,0.5478,-0.7882,-0.0007,-0.0047,0.0009,1.0000,0.4741,0.0278,-0.0372
200859,Left,2,0.3673,0.0741,-0.9234,0.0836,0.2898,-1.4271,-0.8464,7.3850,-0.3181,-1.0987,-11.2870,1.3110,1.2140,0.0036,-0.0178,-0.0106,0.9998,-0.2823,0.0357,0.0254
200859,Right,2,0.2762,-0.1218,-0.9342,-0.1900,-0.0591,0.0710,-0.0662,-0.0636,-0.0319,-0.0335,-5.4523,1.2681,8.0188,-0.0007,0.0009,-0.0008,1.0000,-0.1361,0.0320,0.2006
200859,Pelvis,2,-0.5211,-0.4660,-0.5299,0.4801,-0.0524,-0.2798,0.0906,1.0080,-1.4046,-0.1284,9.7205,1.0974,-1.0399,-0.0007,-0.0035,0.0011,1.0000,0.2431,0.0277,-0.0252
200860,Left,2,0.3568,0.0740,-0.9281,0.0764,0.1754,-0.8667,-0.6150,7.0136,-1.7869,-1.8256,-10.3654,2.5270,1.5347,0.0022,-0.0108,-0.0077,0.9999,-0.2590,0.0651,0.0357
200860,Right,2,0.2770,-0.1209,-0.9340,-0.1905,-0.0542,0.0505,-0.0630,0.0113,-0.0410,0.0438,-5.5698,1.2312,8.0383,-0.0007,0.0006,-0.0008,1.0000,-0.1391,0.0310,0.2010
200860,Pelvis,2,-0.5243,-0.4663,-0.5278,0.4786,-0.1031,-0.2925,0.1235,0.9637,-1.2264,0.0639,9.9045,1.0084,-0.9303,-0.0013,-0.0037,0.0015,1.0000,0.2477,0.0256,-0.0224
200861,Left,2,0.3537,0.0754,-0.9295,0.0725,0.0021,-0.2339,-0.3465,5.2470,-2.3919,-2.6570,-8.4625,2.7285,2.3231,0.0000,-0.0029,-0.0043,1.0000,-0.2114,0.0691,0.0575
200861,Right,2,0.2776,-0.1202,-0.9338,-0.1908,-0.0457,0.0371,-0.0517,0.0325,-0.0703,0.0299,-5.5965,1.2262,8.0036,-0.0006,0.0005,-0.0006,1.0000,-0.1398,0.0309,0.2001
200861,Pelvis,2,-0.5280,-0.4658,-0.5258,0.4774,-0.1404,-0.2711,0.1804,0.5698,-1.0685,-0.1900,9.6415,0.5675,-0.8852,-0.0018,-0.0034,0.0023,1.0000,0.2411,0.0147,-0.0213
200862,Left,2,0.3545,0.0657,-0.9302,0.0686,0.8420,0.0087,-0.0039,4.5163,3.0637,9.5063,-16.5034,-3.7519,10.7968,0.0105,0.0001,-0.0000,0.9999,-0.4126,-0.0966,0.2690
200862,Right,2,0.2783,-0.1193,-0.9337,-0.1912,-0.0505,0.0415,-0.0570,-0.1187,-0.0083,-0.1034,-5.3951,1.1989,7.9838,-0.0006,0.0005,-0.0007,1.0000,-0.1348,0.0302,0.1996
200862,Pelvis,2,-0.5324,-0.4644,-0.5233,0.4765,-0.1778,-0.2737,0.2739,0.5857,-0.9464,-0.3048,9.5230,0.5200,-0.8253,-0.0022,-0.0034,0.0034,1.0000,0.2381,0.0138,-0.0198
200863,Left,2,0.3375,0.0624,-0.9367,0.0688,0.1816,-1.4631,-0.0062,-2.2440,-9.4393,1.3824,-4.8533,8.0802,11.4297,0.0023,-0.0183,-0.0001,0.9998,-0.1265,0.2014,0.2839
200863,Right,2,0.2799,-0.1187,-0.9332,-0.1918,-0.0433,0.1228,-0.0742,-0.3019,-0.0430,-0.1430,-5.2590,1.2824,8.0184,-0.0005,0.0015,-0.0009,1.0000,-0.1311,0.0323,0.2006
200863,Pelvis,2,-0.5373,-0.4611,-0.5211,0.4765,-0.2437,-0.1772,0.4105,0.9935,0.9048,-0.2048,9.6282,0.6271,1.0106,-0.0030,-0.0022,0.0051,1.0000,0.2406,0.0170,0.0257
200864,Left,2,0.3364,0.0618,-0.9372,0.0690,0.0335,-0.0985,0.0270,-1.3996,1.4571,0.6468,-5.7535,-2.4017,8.6379,0.0004,-0.0012,0.0003,1.0000,-0.1441,-0.0602,0.2157
200864,Right,2,0.2842,-0.1188,-0.9317,-0.1926,-0.0129,0.3531,-0.1181,-0.7040,-0.0452,-0.2269,-4.9531,1.4250,8.1130,-0.0002,0.0044,-0.0015,1.0000,-0.1229,0.0358,0.2034
200864,Pelvis,2,-0.5427,-0.4571,-0.5211,0.4743,-0.4702,-0.1561,0.2741,-0.8365,3.1030,2.1582,11.9354,-1.6388,2.9145,-0.0059,-0.0020,0.0034,1.0000,0.2984,-0.0395,0.0737
200865,Left,2,0.3375,0.0619,-0.9368,0.0687,0.0069,0.0985,-0.0153,0.4544,0.7183,0.1016,-6.7545,-1.3170,7.1873,0.0001,0.0012,-0.0002,1.0000,-0.1686,-0.0329,0.1799
200865,Right,2,0.2931,-0.1205,-0.9284,-0.1941,0.0698,0.7514,-0.2115,-0.7326,0.2890,-0.1414,-5.0008,1.1296,8.2385,0.0009,0.0094,-0.0026,1.0000,-0.1230,0.0284,0.2071
200865,Pelvis,2,-0.5429,-0.4580,-0.5226,0.4716,-0.1439,-0.0831,-0.1991,-1.0954,2.1320,3.3833,13.1538,-1.8427,1.8605,-0.0018,-0.0010,-0.0025,1.0000,0.3287,-0.0468,0.0469
200866,Right,2,0.3133,-0.1254,-0.9207,-0.1960,0.1767,1.7421,-0.3407,-2.3822,0.9241,-0.1877,-3.8315,1.2626,9.1056,0.0022,0.0218,-0.0043,0.9998,-0.0907,0.0315,0.2297
200866,Pelvis,2,-0.5455,-0.4552,-0.5236,0.4703,-0.3134,-0.0098,0.1208,2.5363,1.3931,-0.1087,9.7945,1.9777,1.6426,-0.0039,-0.0001,0.0015,1.0000,0.2448,0.0500,0.0409
200867,Left,2,0.3377,0.0624,-0.9367,0.0679,-0.0062,0.0167,-0.0276,0.2579,-0.0512,0.1937,-6.6072,-0.6084,7.4948,-0.0002,0.0004,-0.0007,1.0000,-0.3302,-0.0301,0.3749
200867,Right,2,0.3477,-0.1319,-0.9069,-0.1981,0.1414,2.9721,-0.5477,-1.9267,0.9598,0.7504,-5.3000,1.1141,9.3240,0.0018,0.0371,-0.0068,0.9993,-0.1235,0.0283,0.2378
200867,Pelvis,2,-0.5485,-0.4491,-0.5268,0.4690,-0.5471,0.1899,0.1976,2.4816,0.4485,-0.8850,9.0192,2.0384,0.7502,-0.0068,0.0024,0.0025,1.0000,0.2254,0.0516,0.0179
200868,Left,2,0.3372,0.0624,-0.9369,0.0677,0.0014,-0.0365,-0.0114,0.1620,-0.2270,0.1975,-6.5192,-0.4612,7.5875,0.0000,-0.0005,-0.0001,1.0000,-0.1631,-0.0115,0.1896
200868,Right,2,0.3906,-0.1378,-0.8879,-0.2002,0.0170,3.7184,-0.7411,-1.4803,0.4573,1.2681,-6.8677,1.3271,8.7380,0.0002,0.0465,-0.0093,0.9989,-0.1610,0.0347,0.2261
200868,Pelvis,2,-0.5500,-0.4430,-0.5325,0.4667,-0.6173,0.3278,0.0082,0.5389,0.7952,-0.5301,9.2923,0.0172,0.8609,-0.0077,0.0041,0.0001,1.0000,0.2324,0.0006,0.0206
200869,Left,2,0.3369,0.0627,-0.9370,0.0674,-0.0078,-0.0225,-0.0257,0.0297,0.0301,0.0809,-6.3587,-0.7328,7.5443,-0.0001,-0.0003,-0.0003,1.0000,-0.1590,-0.0183,0.1886
200869,Right,2,0.4353,-0.1433,-0.8649,-0.2045,0.0786,3.9404,-0.9880,-1.5376,0.0230,4.8663,-10.5809,1.8707,10.1276,0.0010,0.0492,-0.0123,0.9987,-0.2510,0.0497,0.2658
200869,Pelvis,2,-0.5501,-0.4396,-0.5380,0.4634,-0.4925,0.2466,-0.1929,-1.4787,1.1202,0.5517,10.2872,-2.0580,0.8947,-0.0062,0.0031,-0.0024,1.0000,0.2571,-0.0519,0.0219
200870,Left,2,0.3367,0.0627,-0.9371,0.0672,-0.0008,-0.0127,-0.0123,0.0005,0.0079,0.0477,-6.3087,-0.7186,7.5440,-0.0000,-0.0002,-0.0002,1.0000,-0.1578,-0.0179,0.1886
200870,Right,2,0.4689,-0.1421,-0.8456,-0.2119,-0.1405,2.8939,-1.2521,-3.2557,-1.2669,5.2671,-11.2117,3.5320,10.0772,-0.0018,0.0362,-0.0156,0.9992,-0.2695,0.0930,0.2617
200870,Pelvis,2,-0.5488,-0.4377,-0.5430,0.4609,-0.3223,0.2513,-0.2546,-1.8318,0.8211,0.1981,9.9336,-2.2886,0.5750,-0.0040,0.0031,-0.0032,1.0000,0.2482,-0.0579,0.0138
200871,Left,2,0.3369,0.0628,-0.9371,0.0670,0.0007,0.0189,-0.0143,0.0470,-0.0452,0.0737,-6.3559,-0.6638,7.5436,0.0000,0.0002,-0.0002,1.0000,-0.1589,-0.0166,0.1886
200872,Left,2,0.3374,0.0631,-0.9369,0.0667,-0.0060,0.0530,-0.0155,0.1729,-0.0511,0.1804,-6.5257,-0.6488,7.5425,-0.0001,0.0007,-0.0002,1.0000,-0.1630,-0.0162,0.1887
200872,Right,2,0.4876,-0.1435,-0.8297,-0.2308,0.3442,0.8413,-0.8575,-5.5872,1.5158,0.5925,-6.1595,1.8209,10.0278,0.0086,0.0210,-0.0214,0.9995,-0.2953,0.0931,0.5085
200872,Pelvis,2,-0.5480,-0.4339,-0.5482,0.4593,-0.1972,0.1680,-0.0636,-0.8648,0.2259,0.1966,9.9766,-1.1821,0.2366,-0.0049,0.0042,-0.0016,1.0000,0.4988,-0.0598,0.0100
200873,Left,2,0.3379,0.0632,-0.9367,0.0666,-0.0027,0.0491,-0.0007,0.0546,0.0523,0.0658,-6.3791,-0.7653,7.5040,-0.0000,0.0006,-0.0000,1.0000,-0.1594,-0.0191,0.1877
200873,Right,2,0.4840,-0.1477,-0.8285,-0.2400,0.7295,-0.2088,-0.4207,-5.3240,-0.3829,-2.6401,-4.1440,3.2474,7.2263,0.0091,-0.0026,-0.0053,0.9999,-0.1036,0.0801,0.1811
200873,Pelvis,2,-0.5492,-0.4300,-0.5499,0.4595,-0.2642,0.1728,0.1560,-0.5723,0.2027,0.1814,9.9668,-0.8977,0.3301,-0.0033,0.0022,0.0020,1.0000,0.2492,-0.0219,0.0078
200874,Left,2,0.3380,0.0630,-0.9367,0.0667,0.0082,0.0071,0.0203,-0.0641,0.0160,-0.0602,-6.2095,-0.7395,7.4840,0.0001,0.0001,0.0003,1.0000,-0.1552,-0.0185,0.1871
200874,Right,2,0.4707,-0.1509,-0.8340,-0.2451,0.6151,-1.0894,0.0477,-4.4160,-0.4380,-2.8862,-4.2296,2.8935,6.4352,0.0077,-0.0136,0.0006,0.9999,-0.1080,0.0710,0.1600
200874,Pelvis,2,-0.5499,-0.4261,-0.5520,0.4596,-0.2637,0.1995,0.1244,-1.1239,0.3244,-0.2622,9.4997,-1.4852,0.3604,-0.0033,0.0025,0.0016,1.0000,0.2376,-0.0367,0.0085
200875,Left,2,0.3378,0.0625,-0.9368,0.0670,0.0302,-0.0214,0.0409,-0.1818,0.0531,-0.2394,-6.0063,-0.7756,7.4166,0.0004,-0.0003,0.0005,1.0000,-0.1502,-0.0195,0.1854
200875,Right,2,0.4504,-0.1532,-0.8444,-0.2462,0.4824,-1.7103,0.4637,-2.4608,-0.1114,-3.5371,-4.2317,1.6350,4.9877,0.0060,-0.0214,0.0058,0.9997,-0.1087,0.0395,0.1226
200875,Pelvis,2,-0.5502,-0.4231,-0.5538,0.4600,-0.1886,0.1850,0.0881,-1.2424,0.1636,-0.6320,9.1278,-1.5804,0.2035,-0.0024,0.0023,0.0011,1.0000,0.2282,-0.0392,0.0047
200876,Left,2,0.3374,0.0618,-0.9369,0.0674,0.0418,-0.0342,0.0490,-0.0689,0.0298,-0.1298,-6.1556,-0.7293,7.4391,0.0005,-0.0004,0.0006,1.0000,-0.1540,-0.0184,0.1859
200876,Right,2,0.4256,-0.1537,-0.8571,-0.2463,0.3788,-2.1123,0.5680,-0.2502,0.3713,-3.8608,-4.6577,0.1008,3.7323,0.0047,-0.0264,0.0071,0.9996,-0.1189,0.0013,0.0902
200877,Left,2,0.3369,0.0611,-0.9371,0.0677,0.0467,-0.0450,0.0470,-0.0355,0.0065,-0.0505,-6.2226,-0.6919,7.4901,0.0006,-0.0006,0.0006,1.0000,-0.1557,-0.0175,0.1872
200877,Right,2,0.3995,-0.1544,-0.8694,-0.2465,0.4256,-2.1914,0.5748,1.6713,-0.4360,-4.5221,-5.2011,-0.2291,1.9696,0.0053,-0.0274,0.0072,0.9996,-0.1313,-0.0069,0.0456
200877,Pelvis,2,-0.5507,-0.4196,-0.5546,0.4617,-0.0632,0.0965,0.1059,-0.9256,-0.2506,-0.6798,9.1020,-1.2142,-0.0936,-0.0016,0.0024,0.0026,1.0000,0.4552,-0.0595,-0.0057
200878,Left,2,0.3364,0.0604,-0.9373,0.0679,0.0451,-0.0416,0.0374,-0.0240,-0.0145,-0.0904,-6.1959,-0.6527,7.4638,0.0006,-0.0005,0.0005,1.0000,-0.1550,-0.0165,0.1865
200878,Pelvis,2,-0.5509,-0.4192,-0.5539,0.4627,0.0429,-0.0026,0.0885,-1.0339,-0.6137,-0.3851,9.4062,-1.2878,-0.4365,0.0005,-0.0000,0.0011,1.0000,0.2352,-0.0319,-0.0109
200879,Left,2,0.3361,0.0598,-0.9375,0.0680,0.0405,-0.0288,0.0268,-0.0784,-0.0230,-0.0892,-6.1475,-0.6418,7.5067,0.0005,-0.0004,0.0003,1.0000,-0.1537,-0.0162,0.1876
200879,Pelvis,2,-0.5506,-0.4204,-0.5525,0.4636,0.1463,-0.0650,0.0289,-1.2054,-0.7431,-0.4094,9.3800,-1.4411,-0.6051,0.0018,-0.0008,0.0004,1.0000,0.2345,-0.0359,-0.0150
200880,Left,2,0.3359,0.0593,-0.9376,0.0680,0.0394,-0.0169,0.0183,-0.0353,-0.0146,-0.0735,-6.1865,-0.6342,7.4953,0.0005,-0.0002,0.0002,1.0000,-0.1547,-0.0160,0.1873
200880,Pelvis,2,-0.5499,-0.4231,-0.5504,0.4644,0.2547,-0.1397,-0.0369,-1.1673,-0.8361,-0.5065,9.2874,-1.3824,-0.7070,0.0032,-0.0017,-0.0005,1.0000,0.2322,-0.0346,-0.0174
200881,Left,2,0.3357,0.0589,-0.9377,0.0679,0.0339,-0.0108,0.0115,-0.0200,0.0498,-0.0476,-6.2172,-0.6887,7.4989,0.0004,-0.0001,0.0001,1.0000,-0.1555,-0.0173,0.1874
200881,Right,2,0.3075,-0.1544,-0.9142,-0.2142,0.0685,-1.8576,1.0681,3.7779,-1.5981,-1.1398,-9.0330,0.3645,3.2660,0.0034,-0.0927,0.0533,0.9943,-0.9285,-0.0137,0.2410
200881,Pelvis,2,-0.5488,-0.4271,-0.5479,0.4649,0.3211,-0.1984,-0.0981,-1.0156,-0.7543,-0.5069,9.2881,-1.2414,-0.6236,0.0040,-0.0025,-0.0012,1.0000,0.2322,-0.0313,-0.0151
200882,Left,2,0.3356,0.0585,-0.9377,0.0679,0.0297,-0.0078,0.0132,0.0068,0.0701,-0.0014,-6.2666,-0.7006,7.5170,0.0004,-0.0001,0.0002,1.0000,-0.1567,-0.0176,0.1879
200882,Right,2,0.2876,-0.1550,-0.9227,-0.2046,0.0609,-1.5308,1.1078,5.4510,-0.5773,-1.0454,-9.5380,-0.6999,3.9328,0.0008,-0.0191,0.0138,0.9997,-0.2400,-0.0209,0.0937
200882,Pelvis,2,-0.5476,-0.4318,-0.5455,0.4649,0.3304,-0.2369,-0.1586,-0.7247,-0.7007,-0.5108,9.2923,-0.9432,-0.5525,0.0041,-0.0030,-0.0020,1.0000,0.2323,-0.0240,-0.0132
200883,Left,2,0.3354,0.0582,-0.9378,0.0678,0.0260,-0.0135,0.0082,0.0239,-0.0355,0.0072,-6.2732,-0.5887,7.5321,0.0003,-0.0002,0.0001,1.0000,-0.1569,-0.0148,0.1883
200883,Right,2,0.2744,-0.1576,-0.9278,-0.1975,0.1884,-0.9532,0.8369,5.5206,-0.1148,-0.7075,-9.5430,-0.8328,4.6520,0.0024,-0.0119,0.0105,0.9999,-0.2397,-0.0236,0.1134
200883,Pelvis,2,-0.5461,-0.4370,-0.5438,0.4637,0.2889,-0.2456,-0.2756,-0.7687,-0.6487,-0.5862,9.2156,-0.9485,-0.5595,0.0036,-0.0031,-0.0034,1.0000,0.2303,-0.0245,-0.0134
200884,Left,2,0.3354,0.0581,-0.9378,0.0677,0.0137,-0.0015,-0.0025,-0.0006,0.0613,-0.0197,-6.2436,-0.6834,7.5137,0.0002,-0.0000,-0.0000,1.0000,-0.1561,-0.0171,0.1878
200884,Right,2,0.2739,-0.1292,-0.9308,-0.2048,-1.9676,-0.6431,-1.1138,9.4318,-0.6791,9.4169,-18.3626,-0.6641,11.0304,-0.0246,-0.0080,-0.0139,0.9996,-0.4614,-0.0035,0.2723
200884,Pelvis,2,-0.5436,-0.4434,-0.5430,0.4616,0.3028,-0.2409,-0.4248,-1.0533,-0.3925,-0.4586,9.3355,-1.2030,-0.4064,0.0038,-0.0030,-0.0053,1.0000,0.2333,-0.0313,-0.0096
200885,Left,2,0.3359,0.0582,-0.9377,0.0676,-0.0017,0.0441,0.0019,-0.2297,0.2899,-0.1199,-6.0277,-0.9401,7.5412,-0.0000,0.0006,0.0000,1.0000,-0.1506,-0.0235,0.1886
200885,Right,2,0.2641,-0.1235,-0.9344,-0.2049,-0.2902,-0.8938,0.0282,-0.6453,5.0366,0.5371,-3.6495,-2.8630,10.5542,-0.0036,-0.0112,0.0004,0.9999,-0.0942,-0.0707,0.2631
200885,Pelvis,2,-0.5400,-0.4509,-0.5421,0.4596,0.4031,-0.2340,-0.5134,-0.1155,1.9957,0.4209,10.2001,-0.6073,2.0766,0.0050,-0.0029,-0.0064,1.0000,0.2547,-0.0171,0.0526
200886,Left,2,0.3380,0.0587,-0.9368,0.0681,-0.0416,0.1896,0.0499,-0.8640,0.5745,-0.4339,-5.3892,-1.3073,7.6345,-0.0005,0.0024,0.0006,1.0000,-0.1343,-0.0327,0.1912
200886,Right,2,0.2660,-0.1238,-0.9338,-0.2049,0.0096,0.1635,-0.0189,-0.3802,0.9553,-0.2848,-4.6035,0.4913,8.3907,0.0001,0.0020,-0.0002,1.0000,-0.1147,0.0123,0.2100
200886,Pelvis,2,-0.5378,-0.4573,-0.5385,0.4601,0.5104,-0.2765,-0.2082,2.6675,1.3613,3.6105,13.4225,2.3411,1.8731,0.0064,-0.0035,-0.0026,1.0000,0.3355,0.0573,0.0484
200887,Left,2,0.3462,0.0598,-0.9336,0.0700,-0.1010,0.6981,0.1736,-2.0052,0.3573,-0.4918,-4.5564,-1.2833,8.2838,-0.0013,0.0087,0.0022,1.0000,-0.1120,-0.0321,0.2081
200887,Pelvis,2,-0.5353,-0.4588,-0.5366,0.4637,0.3812,0.0931,0.0600,0.1287,2.2383,2.1140,11.9155,-0.2535,2.2867,0.0048,0.0012,0.0008,1.0000,0.2980,-0.0064,0.0568
200888,Left,2,0.3706,0.0589,-0.9240,0.0734,0.0672,2.0730,0.4533,-3.8611,-0.0715,0.4776,-4.1048,-1.2132,10.1247,0.0008,0.0259,0.0057,0.9996,-0.0958,-0.0311,0.2556
200888,Right,2,0.2671,-0.1256,-0.9335,-0.2036,0.0578,0.0682,0.0593,0.0123,-0.5093,0.0149,-5.5629,1.6655,7.9448,0.0014,0.0017,0.0015,1.0000,-0.2776,0.0823,0.3978
200888,Pelvis,2,-0.5322,-0.4612,-0.5335,0.4685,0.5354,0.0831,0.1032,-2.4614,1.7681,-1.5347,8.2541,-2.7305,1.4576,0.0067,0.0010,0.0013,1.0000,0.2065,-0.0682,0.0358
200889,Left,2,0.4147,0.0559,-0.9047,0.0800,0.1927,3.7878,0.9107,-2.2540,-0.7673,1.3606,-6.5236,-0.1642,9.3824,0.0024,0.0473,0.0114,0.9988,-0.1517,-0.0065,0.2419
200889,Right,2,0.2669,-0.1254,-0.9336,-0.2037,0.0049,-0.0160,-0.0022,0.0310,-0.1286,0.0658,-5.4941,1.3413,8.1005,0.0001,-0.0002,-0.0000,1.0000,-0.1374,0.0335,0.2025
200889,Pelvis,2,-0.5272,-0.4641,-0.5293,0.4759,0.7787,0.1912,0.1643,-1.6538,0.3703,-1.9451,7.8510,-1.7535,0.2426,0.0097,0.0024,0.0021,0.9999,0.1964,-0.0435,0.0052
200890,Left,2,0.4594,0.0524,-0.8824,0.0870,0.2062,3.9318,0.9711,-1.1747,0.4826,4.5076,-10.6665,-1.0439,9.5915,0.0026,0.0491,0.0121,0.9987,-0.2541,-0.0299,0.2524
200890,Right,2,0.2668,-0.1254,-0.9336,-0.2039,0.0145,-0.0048,-0.0094,0.0458,0.0618,0.0339,-5.4256,1.1606,8.1349,0.0002,-0.0001,-0.0001,1.0000,-0.1356,0.0290,0.2034
200890,Pelvis,2,-0.5219,-0.4678,-0.5253,0.4826,0.7982,0.1611,0.0820,1.4632,0.2833,0.1128,9.9331,1.3122,0.5906,0.0100,0.0020,0.0010,0.9999,0.2483,0.0329,0.0146
200891,Left,2,0.4852,0.0471,-0.8681,0.0934,0.2648,2.2886,0.8578,-3.4107,0.8333,6.2748,-11.7101,-1.5440,11.4764,0.0033,0.0286,0.0107,0.9995,-0.2839,-0.0426,0.2950
200891,Right,2,0.2668,-0.1254,-0.9335,-0.2040,0.0148,0.0050,-0.0076,0.0092,0.0958,0.0254,-5.3814,1.1450,8.1564,0.0002,0.0001,-0.0001,1.0000,-0.1345,0.0286,0.2039
200891,Pelvis,2,-0.5188,-0.4707,-0.5224,0.4862,0.4998,0.0287,0.0238,3.7427,-0.2075,1.7211,11.5753,3.6021,0.3411,0.0062,0.0004,0.0003,1.0000,0.2894,0.0901,0.0090
200892,Right,2,0.2671,-0.1256,-0.9334,-0.2040,0.0226,0.0314,0.0003,-0.0069,0.0627,-0.0035,-5.3664,1.1785,8.1263,0.0003,0.0004,0.0000,1.0000,-0.1341,0.0294,0.2032
200892,Pelvis,2,-0.5163,-0.4725,-0.5214,0.4882,0.2950,0.0629,-0.0498,2.2470,-0.1274,0.8646,10.7005,2.1213,0.2626,0.0037,0.0008,-0.0006,1.0000,0.2676,0.0528,0.0065
200893,Left,2,0.4989,0.0509,-0.8581,0.1102,-0.4244,0.6562,0.5818,-4.2030,0.2435,0.1932,-6.5518,-1.0213,8.5957,-0.0106,0.0164,0.0145,0.9997,-0.3197,-0.0512,0.4356
200893,Right,2,0.2674,-0.1259,-0.9333,-0.2040,0.0287,0.0377,0.0017,0.0137,0.0063,-0.0219,-5.3961,1.2195,8.0781,0.0004,0.0005,0.0000,1.0000,-0.1348,0.0304,0.2020
200893,Pelvis,2,-0.5133,-0.4744,-0.5213,0.4896,0.2551,0.0960,-0.1351,0.6384,-0.0865,0.3932,10.2101,0.5445,0.1823,0.0032,0.0012,-0.0017,1.0000,0.2553,0.0132,0.0043
200894,Left,2,0.4967,0.0555,-0.8580,0.1182,-0.6567,-0.1271,0.3595,-2.9648,1.9543,-1.6902,-5.8992,-2.4482,6.1474,-0.0082,-0.0016,0.0045,1.0000,-0.1475,-0.0606,0.1540
200894,Right,2,0.2676,-0.1262,-0.9332,-0.2041,0.0329,0.0239,0.0007,0.0262,0.0323,-0.0293,-5.3989,1.1937,8.0712,0.0004,0.0003,0.0000,1.0000,-0.1349,0.0298,0.2018
200894,Pelvis,2,-0.5095,-0.4767,-0.5217,0.4909,0.2824,0.1226,-0.2033,0.5911,-0.0515,-0.3780,9.4352,0.5429,0.2206,0.0035,0.0015,-0.0025,1.0000,0.2359,0.0130,0.0052
200895,Left,2,0.4881,0.0617,-0.8617,0.1238,-0.7100,-0.6952,0.0732,-1.4903,1.3824,-2.3019,-5.9513,-1.5907,4.7536,-0.0089,-0.0087,0.0009,0.9999,-0.1498,-0.0389,0.1179
200895,Right,2,0.2678,-0.1265,-0.9331,-0.2041,0.0356,0.0211,0.0060,0.0024,0.0348,-0.0614,-5.3656,1.2028,8.0531,0.0004,0.0003,0.0001,1.0000,-0.1341,0.0300,0.2014
200895,Pelvis,2,-0.5057,-0.4786,-0.5223,0.4922,0.2591,0.1546,-0.1946,1.3084,-0.1640,-0.7806,9.0313,1.3136,0.1704,0.0032,0.0019,-0.0024,1.0000,0.2259,0.0323,0.0039
200896,Left,2,0.4739,0.0685,-0.8684,0.1288,-0.7723,-1.1897,-0.0439,-0.0109,0.1610,-3.1411,-5.6823,-0.0984,3.4989,-0.0097,-0.0149,-0.0005,0.9998,-0.1433,-0.0015,0.0854
200896,Right,2,0.2678,-0.1268,-0.9330,-0.2040,0.0344,0.0153,0.0112,-0.0307,0.0514,-0.0931,-5.3199,1.2045,8.0450,0.0004,0.0002,0.0001,1.0000,-0.1330,0.0300,0.2012
200896,Pelvis,2,-0.5031,-0.4796,-0.5234,0.4929,0.1330,0.1344,-0.1529,1.6206,-0.1691,-0.5714,9.2322,1.6661,0.2165,0.0017,0.0017,-0.0019,1.0000,0.2309,0.0412,0.0051
200897,Left,2,0.4567,0.0751,-0.8760,0.1355,-0.8394,-1.4448,0.0507,1.5127,-0.1334,-3.7202,-5.8447,0.5640,2.2251,-0.0105,-0.0181,0.0006,0.9998,-0.1471,0.0146,0.0528
200897,Right,2,0.2678,-0.1270,-0.9330,-0.2040,0.0269,0.0077,0.0093,-0.0088,0.0216,-0.0575,-5.3670,1.2306,8.0527,0.0003,0.0001,0.0001,1.0000,-0.1342,0.0307,0.2013
200897,Pelvis,2,-0.5015,-0.4797,-0.5248,0.4929,0.0113,0.1149,-0.1189,1.1980,-0.2930,-0.4088,9.3966,1.2832,0.1028,0.0001,0.0014,-0.0015,1.0000,0.2350,0.0317,0.0022
200899,Left,2,0.4223,0.0825,-0.8916,0.1411,-0.5017,-1.4615,-0.1183,2.9993,1.4490,-3.9177,-6.6909,-0.5370,0.8997,-0.0125,-0.0365,-0.0030,0.9992,-0.3360,-0.0254,0.0330
200899,Right,2,0.2675,-0.1273,-0.9331,-0.2039,0.0224,-0.0043,0.0110,-0.0036,0.0364,-0.0821,-5.3514,1.2186,8.0351,0.0006,-0.0001,0.0003,1.0000,-0.2676,0.0606,0.4018
200899,Pelvis,2,-0.5008,-0.4790,-0.5269,0.4921,-0.0596,0.0520,-0.0633,0.8715,-0.4635,-0.3122,9.4994,0.9958,-0.0530,-0.0015,0.0013,-0.0016,1.0000,0.4750,0.0490,-0.0033
200900,Left,2,0.4082,0.0834,-0.8986,0.1372,-0.0408,-1.1999,-0.4699,3.5641,0.2968,-2.6448,-7.7452,0.6167,1.9512,-0.0005,-0.0150,-0.0059,0.9999,-0.1942,0.0166,0.0459
200900,Right,2,0.2674,-0.1273,-0.9331,-0.2038,0.0111,-0.0029,0.0068,-0.0577,0.0296,-0.1139,-5.2909,1.2471,8.0325,0.0001,-0.0000,0.0001,1.0000,-0.1323,0.0311,0.2008
200900,Pelvis,2,-0.5023,-0.4782,-0.5275,0.4907,-0.1691,-0.0672,0.0067,1.1368,-0.6001,-0.2831,9.5286,1.2825,-0.1623,-0.0021,-0.0008,0.0001,1.0000,0.2382,0.0321,-0.0039
200901,Left,2,0.3938,0.0841,-0.9057,0.1325,0.0016,-1.2237,-0.5303,3.9772,-0.4437,-0.1136,-9.7130,1.2402,3.7705,0.0000,-0.0153,-0.0066,0.9999,-0.2440,0.0326,0.0905
200901,Right,2,0.2674,-0.1271,-0.9332,-0.2038,-0.0003,-0.0024,0.0027,-0.0590,0.0324,-0.1061,-5.2918,1.2452,8.0417,-0.0000,-0.0000,0.0000,1.0000,-0.1323,0.0311,0.2010
200901,Pelvis,2,-0.5050,-0.4771,-0.5276,0.4888,-0.2349,-0.1434,0.0615,0.9090,-0.7873,-0.2317,9.5903,1.0600,-0.3792,-0.0029,-0.0018,0.0008,1.0000,0.2398,0.0267,-0.0091
200902,Left,2,0.3784,0.0839,-0.9130,0.1268,0.0762,-1.3009,-0.5792,4.1903,-0.7998,-0.0492,-9.7335,1.5076,4.0646,0.0010,-0.0163,-0.0072,0.9998,-0.2447,0.0394,0.0977
200903,Left,2,0.3649,0.0833,-0.9195,0.1202,0.1523,-1.1442,-0.6150,4.1405,-1.5030,-0.0462,-9.4781,2.0303,4.5648,0.0019,-0.0143,-0.0077,0.9999,-0.2382,0.0524,0.1108
200903,Right,2,0.2673,-0.1263,-0.9333,-0.2039,-0.0194,-0.0059,-0.0112,-0.0612,0.0085,-0.1275,-5.2839,1.2568,8.0192,-0.0005,-0.0001,-0.0003,1.0000,-0.2642,0.0631,0.4009
200903,Pelvis,2,-0.5106,-0.4752,-0.5267,0.4858,-0.1948,-0.1618,0.0979,0.3797,-0.8408,-0.2317,9.5981,0.5078,-0.5170,-0.0049,-0.0040,0.0024,1.0000,0.4799,0.0264,-0.0240
200904,Left,2,0.3543,0.0813,-0.9246,0.1138,0.2719,-0.9017,-0.5194,3.3938,-1.7058,-0.0131,-8.8439,1.9064,5.3493,0.0034,-0.0113,-0.0065,0.9999,-0.2223,0.0487,0.1314
200904,Right,2,0.2674,-0.1254,-0.9333,-0.2041,-0.0443,-0.0071,-0.0336,-0.0639,0.0284,-0.1346,-5.2690,1.2223,8.0257,-0.0006,-0.0001,-0.0004,1.0000,-0.1317,0.0307,0.2006
200904,Pelvis,2,-0.5132,-0.4740,-0.5256,0.4854,-0.1288,-0.1260,0.1720,0.4960,-0.5798,-0.3134,9.5086,0.5618,-0.2985,-0.0016,-0.0016,0.0022,1.0000,0.2377,0.0145,-0.0071
200905,Left,2,0.3486,0.0787,-0.9278,0.1073,0.3464,-0.4887,-0.4639,1.6733,-0.7963,-0.9665,-7.0167,0.5808,5.6674,0.0043,-0.0061,-0.0058,1.0000,-0.1762,0.0149,0.1407
200905,Right,2,0.2677,-0.1245,-0.9333,-0.2045,-0.0571,0.0044,-0.0492,-0.0567,0.0366,-0.1173,-5.2817,1.1957,8.0423,-0.0007,0.0001,-0.0006,1.0000,-0.1320,0.0301,0.2010
200905,Pelvis,2,-0.5165,-0.4721,-0.5241,0.4854,-0.1549,-0.1350,0.2582,0.5915,-0.4074,-0.2760,9.5442,0.5924,-0.1462,-0.0019,-0.0017,0.0032,1.0000,0.2386,0.0156,-0.0033
200906,Left,2,0.3353,0.0719,-0.9335,0.1052,0.4862,-1.1890,-0.0908,-0.6836,-3.8722,8.7424,-11.0330,2.3202,15.2534,0.0061,-0.0149,-0.0011,0.9999,-0.2814,0.0560,0.3775
200906,Right,2,0.2682,-0.1236,-0.9332,-0.2049,-0.0551,0.0320,-0.0545,-0.1200,0.0788,-0.0867,-5.2407,1.1697,8.1106,-0.0007,0.0004,-0.0007,1.0000,-0.1309,0.0295,0.2028
200906,Pelvis,2,-0.5208,-0.4690,-0.5226,0.4855,-0.2374,-0.1273,0.3506,0.8878,0.2549,-0.3867,9.4269,0.7597,0.5093,-0.0030,-0.0016,0.0044,1.0000,0.2356,0.0201,0.0130
200908,Left,2,0.3341,0.0719,-0.9340,0.1040,0.0135,-0.0458,-0.0445,-0.8895,-0.1055,0.3623,-5.8272,-0.7663,8.3539,0.0003,-0.0011,-0.0011,1.0000,-0.2919,-0.0381,0.4173
200908,Right,2,0.2743,-0.1226,-0.9311,-0.2067,-0.0451,0.2352,-0.1235,-0.4094,0.0074,-0.1526,-5.0588,1.3183,8.1337,-0.0011,0.0059,-0.0031,1.0000,-0.2503,0.0671,0.4081
200908,Pelvis,2,-0.5289,-0.4647,-0.5241,0.4792,-0.4095,-0.1744,0.0819,0.0609,1.7189,1.8535,11.6393,-0.3145,1.8675,-0.0102,-0.0044,0.0020,0.9999,0.5816,-0.0136,0.0961
200909,Left,2,0.3344,0.0724,-0.9340,0.1032,-0.0149,0.0374,-0.0664,0.4236,0.5414,0.3187,-6.8760,-1.0845,7.3934,-0.0002,0.0005,-0.0008,1.0000,-0.1718,-0.0269,0.1849
200909,Right,2,0.2824,-0.1242,-0.9282,-0.2081,0.0579,0.6845,-0.1932,-0.7816,0.2376,-0.0156,-4.9036,1.2630,8.4269,0.0007,0.0086,-0.0024,1.0000,-0.1207,0.0317,0.2117
200910,Left,2,0.3338,0.0725,-0.9342,0.1030,-0.0037,-0.0460,-0.0207,0.2247,0.2895,0.2567,-6.6469,-0.8949,7.5196,-0.0000,-0.0006,-0.0003,1.0000,-0.1663,-0.0223,0.1879
200910,Right,2,0.3023,-0.1290,-0.9210,-0.2093,0.1368,1.7175,-0.2940,-2.4143,1.1424,-0.0982,-3.6188,1.1951,9.3272,0.0017,0.0215,-0.0037,0.9998,-0.0853,0.0298,0.2351
200910,Pelvis,2,-0.5362,-0.4560,-0.5302,0.4726,-0.5758,0.0148,0.0596,2.3414,1.4669,-0.1781,9.6627,1.9359,1.8286,-0.0144,0.0004,0.0015,0.9999,0.4830,0.0988,0.0898
200911,Left,2,0.3331,0.0726,-0.9345,0.1028,-0.0047,-0.0523,-0.0122,0.1136,-0.0511,0.1631,-6.4437,-0.5904,7.5935,-0.0001,-0.0007,-0.0002,1.0000,-0.1612,-0.0147,0.1897
200911,Right,2,0.3367,-0.1361,-0.9077,-0.2101,0.1144,2.9724,-0.4670,-1.9506,0.8250,0.5455,-5.0052,1.3154,9.2222,0.0014,0.0371,-0.0058,0.9993,-0.1163,0.0332,0.2350
200911,Pelvis,2,-0.5402,-0.4484,-0.5360,0.4689,-0.8486,0.2255,0.0977,0.7597,0.7866,-0.9623,8.8523,0.4186,0.9933,-0.0106,0.0028,0.0012,0.9999,0.2214,0.0110,0.0241
200912,Left,2,0.3325,0.0726,-0.9347,0.1026,-0.0014,-0.0453,-0.0135,0.0059,0.0611,0.0462,-6.2936,-0.7209,7.5546,-0.0000,-0.0006,-0.0002,1.0000,-0.1574,-0.0180,0.1888
200912,Right,2,0.3804,-0.1423,-0.8890,-0.2113,-0.0365,3.7712,-0.7060,-1.7263,0.2447,1.2371,-6.5777,1.7097,8.8907,-0.0005,0.0471,-0.0088,0.9989,-0.1533,0.0442,0.2297
200912,Pelvis,2,-0.5431,-0.4418,-0.5416,0.4652,-0.7527,0.2243,0.0186,-0.8440,0.7900,-0.0387,9.7332,-1.2202,0.8018,-0.0094,0.0028,0.0002,1.0000,0.2434,-0.0303,0.0196
200913,Left,2,0.3319,0.0725,-0.9349,0.1026,0.0101,-0.0482,0.0058,0.0370,0.0137,0.0362,-6.2943,-0.6679,7.5457,0.0001,-0.0006,0.0001,1.0000,-0.1575,-0.0167,0.1885
200913,Right,2,0.4254,-0.1472,-0.8669,-0.2142,-0.0607,3.9327,-0.9421,-1.0645,-0.0175,4.0684,-10.0695,1.6893,9.4729,-0.0008,0.0491,-0.0118,0.9987,-0.2392,0.0453,0.2488
200913,Pelvis,2,-0.5448,-0.4375,-0.5468,0.4613,-0.5977,0.1714,-0.1128,-1.6796,0.3468,0.3081,10.0710,-1.9710,0.2482,-0.0075,0.0021,-0.0014,1.0000,0.2517,-0.0496,0.0060
200914,Left,2,0.3315,0.0723,-0.9351,0.1026,0.0098,-0.0335,0.0052,-0.0384,-0.0485,0.0163,-6.2071,-0.6228,7.5958,0.0001,-0.0004,0.0001,1.0000,-0.1553,-0.0156,0.1898
200914,Right,2,0.4578,-0.1515,-0.8479,-0.2203,0.1814,2.8949,-0.9810,-1.6666,-0.5825,4.6115,-11.1473,2.2715,9.0474,0.0023,0.0362,-0.0123,0.9993,-0.2695,0.0596,0.2362
200914,Pelvis,2,-0.5453,-0.4347,-0.5511,0.4582,-0.4339,0.1554,-0.1597,-1.4583,-0.1969,-0.1756,9.6128,-1.6056,-0.2358,-0.0054,0.0019,-0.0020,1.0000,0.2402,-0.0407,-0.0061
200915,Left,2,0.3315,0.0724,-0.9351,0.1025,-0.0030,0.0015,-0.0054,-0.0377,0.0024,-0.0071,-6.1962,-0.6710,7.5701,-0.0000,0.0000,-0.0001,1.0000,-0.1549,-0.0168,0.1893
200915,Right,2,0.4720,-0.1526,-0.8378,-0.2280,0.2392,1.2700,-0.8310,-4.5902,0.5841,3.2874,-8.8785,2.5137,10.3873,0.0030,0.0159,-0.0104,0.9998,-0.2171,0.0643,0.2633
200915,Pelvis,2,-0.5469,-0.4322,-0.5529,0.4565,-0.2982,0.0329,0.0235,-0.9464,-0.3514,0.6610,10.4645,-1.0724,-0.2485,-0.0037,0.0004,0.0003,1.0000,0.2616,-0.0268,-0.0062
200916,Left,2,0.3316,0.0724,-0.9350,0.1025,0.0013,0.0167,0.0030,-0.0186,0.0184,-0.0229,-6.2039,-0.6824,7.5423,0.0000,0.0002,0.0000,1.0000,-0.1551,-0.0171,0.1886
200916,Right,2,0.4699,-0.1567,-0.8362,-0.2354,0.6252,-0.0965,-0.3428,-4.7989,0.6377,-1.5244,-4.8192,2.3590,7.9588,0.0078,-0.0012,-0.0043,1.0000,-0.1205,0.0579,0.1993
200916,Pelvis,2,-0.5488,-0.4287,-0.5538,0.4565,-0.2649,0.0748,0.1859,-0.9978,-0.1544,0.4672,10.2609,-1.1860,-0.0647,-0.0033,0.0009,0.0023,1.0000,0.2566,-0.0291,-0.0018
200917,Left,2,0.3319,0.0724,-0.9350,0.1025,0.0075,0.0239,0.0122,-0.0209,-0.0003,-0.0459,-6.1881,-0.6625,7.5272,0.0001,0.0003,0.0002,1.0000,-0.1546,-0.0166,0.1882
200917,Right,2,0.4626,-0.1613,-0.8373,-0.2428,0.7210,-0.5264,-0.2098,-3.4950,0.4891,-2.6013,-4.4760,1.8196,6.4120,0.0090,-0.0066,-0.0026,0.9999,-0.1128,0.0443,0.1600
200917,Pelvis,2,-0.5508,-0.4249,-0.5545,0.4567,-0.2529,0.0887,0.2163,-0.9523,0.1256,0.1033,9.8820,-1.2440,0.2216,-0.0032,0.0011,0.0027,1.0000,0.2471,-0.0304,0.0054
200918,Left,2,0.3320,0.0723,-0.9349,0.1025,0.0057,0.0176,0.0135,-0.0318,-0.0173,-0.0649,-6.1687,-0.6454,7.5201,0.0001,0.0002,0.0002,1.0000,-0.1542,-0.0162,0.1880
200918,Right,2,0.4461,-0.1641,-0.8443,-0.2474,0.6013,-1.3643,0.1482,-2.9607,-0.0703,-2.4534,-4.8465,2.0912,5.9223,0.0075,-0.0171,0.0019,0.9998,-0.1238,0.0509,0.1463
200918,Pelvis,2,-0.5524,-0.4213,-0.5554,0.4570,-0.2372,0.1041,0.1916,-0.8208,0.1970,-0.3245,9.4481,-1.1696,0.3239,-0.0030,0.0013,0.0024,1.0000,0.2363,-0.0287,0.0079
200919,Left,2,0.3320,0.0722,-0.9349,0.1026,0.0083,0.0034,0.0145,-0.0153,0.0085,-0.0671,-6.1849,-0.6639,7.5022,0.0001,0.0000,0.0002,1.0000,-0.1546,-0.0166,0.1876
200919,Right,2,0.4256,-0.1633,-0.8551,-0.2471,0.2140,-1.7735,0.4675,-0.9787,-0.1748,-3.4233,-4.8123,1.0959,4.1786,0.0027,-0.0222,0.0058,0.9997,-0.1227,0.0264,0.1018
200919,Pelvis,2,-0.5534,-0.4181,-0.5566,0.4573,-0.2057,0.1265,0.1470,-0.8484,0.2686,-0.6651,9.0978,-1.2420,0.3967,-0.0026,0.0016,0.0018,1.0000,0.2275,-0.0306,0.0096
200920,Left,2,0.3320,0.0721,-0.9349,0.1026,0.0073,-0.0029,0.0101,-0.0088,-0.0183,0.0018,-6.2292,-0.6389,7.5573,0.0001,-0.0000,0.0001,1.0000,-0.1557,-0.0160,0.1889
200920,Right,2,0.4033,-0.1610,-0.8673,-0.2434,0.0061,-1.9315,0.7120,1.0086,0.0006,-3.4866,-5.5610,-0.0812,3.1801,0.0001,-0.0241,0.0089,0.9997,-0.1409,-0.0033,0.0761
200920,Pelvis,2,-0.5543,-0.4154,-0.5573,0.4578,-0.1516,0.1049,0.1383,-0.9227,0.0451,-0.4004,9.3647,-1.3079,0.1946,-0.0019,0.0013,0.0017,1.0000,0.2342,-0.0323,0.0046
200921,Left,2,0.3319,0.0722,-0.9349,0.1026,-0.0084,-0.0009,0.0021,0.0313,-0.0207,0.0384,-6.2816,-0.6298,7.5624,-0.0001,-0.0000,0.0000,1.0000,-0.1570,-0.0157,0.1891
200921,Right,2,0.3813,-0.1575,-0.8792,-0.2383,-0.1161,-1.9139,0.7591,2.4291,-0.3264,-3.2904,-6.4666,-0.4714,2.5530,-0.0015,-0.0239,0.0095,0.9997,-0.1630,-0.0132,0.0600
200921,Pelvis,2,-0.5547,-0.4137,-0.5575,0.4586,-0.0631,0.0698,0.1125,-1.0019,-0.2313,-0.1284,9.6428,-1.3624,-0.0630,-0.0008,0.0009,0.0014,1.0000,0.2411,-0.0337,-0.0018
200922,Left,2,0.3318,0.0724,-0.9349,0.1025,-0.0149,-0.0004,-0.0044,0.0091,-0.0261,0.0371,-6.2622,-0.6333,7.5765,-0.0002,-0.0000,-0.0001,1.0000,-0.1566,-0.0158,0.1894
200922,Right,2,0.3598,-0.1533,-0.8906,-0.2319,-0.2149,-1.8496,0.8069,2.9104,-0.9512,-2.4315,-7.4573,-0.0016,2.8738,-0.0027,-0.0231,0.0101,0.9997,-0.1880,-0.0017,0.0675
200922,Pelvis,2,-0.5546,-0.4134,-0.5571,0.4595,0.0401,0.0220,0.0654,-1.0189,-0.4555,-0.0648,9.7143,-1.3510,-0.2699,0.0005,0.0003,0.0008,1.0000,0.2429,-0.0336,-0.0068
200923,Left,2,0.3318,0.0727,-0.9349,0.1025,-0.0207,0.0039,-0.0062,-0.0004,-0.0214,-0.0112,-6.2245,-0.6423,7.5441,-0.0003,0.0000,-0.0001,1.0000,-0.1556,-0.0160,0.1886
200923,Right,2,0.3410,-0.1489,-0.9006,-0.2248,-0.2761,-1.6162,0.7944,3.5431,-1.2213,-2.6397,-7.6721,0.0072,2.5779,-0.0035,-0.0202,0.0099,0.9997,-0.1930,-0.0015,0.0606
200923,Pelvis,2,-0.5542,-0.4142,-0.5562,0.4603,0.1206,-0.0326,0.0175,-0.8601,-0.5155,-0.0918,9.6951,-1.1927,-0.2889,0.0015,-0.0004,0.0002,1.0000,0.2424,-0.0298,-0.0072
200924,Left,2,0.3318,0.0731,-0.9349,0.1024,-0.0216,0.0100,-0.0091,-0.0193,0.0236,-0.0270,-6.2069,-0.6957,7.5333,-0.0003,0.0001,-0.0001,1.0000,-0.1552,-0.0173,0.1884
200924,Right,2,0.3278,-0.1464,-0.9071,-0.2199,-0.1422,-1.1063,0.5669,4.4430,-0.9726,-2.0657,-8.4972,-0.4741,2.8777,-0.0018,-0.0138,0.0071,0.9999,-0.2133,-0.0132,0.0690
200924,Pelvis,2,-0.5536,-0.4159,-0.5550,0.4611,0.1690,-0.0689,-0.0186,-0.5777,-0.6510,-0.2401,9.5646,-0.8813,-0.3675,0.0021,-0.0009,-0.0002,1.0000,0.2391,-0.0221,-0.0090
200925,Left,2,0.3319,0.0734,-0.9349,0.1023,-0.0173,0.0097,-0.0045,0.0255,-0.0188,-0.0099,-6.2466,-0.6510,7.5267,-0.0002,0.0001,-0.0001,1.0000,-0.1561,-0.0162,0.1882
200925,Right,2,0.3166,-0.1463,-0.9114,-0.2183,0.1098,-0.9090,0.3153,4.7012,-0.8964,0.0739,-9.9739,-0.3081,4.5915,0.0014,-0.0114,0.0039,0.9999,-0.2506,-0.0088,0.1119
200925,Pelvis,2,-0.5528,-0.4182,-0.5537,0.4615,0.1959,-0.0965,-0.0715,-0.5478,-0.7840,-0.5198,9.2933,-0.8002,-0.5157,0.0024,-0.0012,-0.0009,1.0000,0.2323,-0.0202,-0.0127
200926,Left,2,0.3319,0.0736,-0.9349,0.1023,-0.0153,0.0065,-0.0038,0.0332,-0.0047,0.0437,-6.2892,-0.6715,7.5594,-0.0002,0.0001,-0.0000,1.0000,-0.1572,-0.0167,0.1890
200926,Right,2,0.3066,-0.1467,-0.9147,-0.2187,0.1884,-0.8030,0.1564,4.1433,-0.9745,-0.4789,-9.1521,0.0347,4.6344,0.0024,-0.0100,0.0020,0.9999,-0.2300,0.0001,0.1136
200926,Pelvis,2,-0.5519,-0.4213,-0.5523,0.4614,0.2122,-0.1471,-0.1158,-0.6876,-0.8152,-0.6103,9.1996,-0.9069,-0.6037,0.0027,-0.0018,-0.0014,1.0000,0.2300,-0.0230,-0.0147
200927,Left,2,0.3317,0.0739,-0.9349,0.1022,-0.0181,-0.0082,-0.0061,0.0606,-0.0436,0.0690,-6.3195,-0.6342,7.5706,-0.0002,-0.0001,-0.0001,1.0000,-0.1580,-0.0158,0.1893
200927,Right,2,0.2977,-0.1496,-0.9172,-0.2183,0.3382,-0.6523,0.2523,3.7407,-0.2811,-0.1221,-8.7800,-0.2389,5.5532,0.0042,-0.0082,0.0032,1.0000,-0.2206,-0.0073,0.1370
200927,Pelvis,2,-0.5510,-0.4251,-0.5508,0.4608,0.2256,-0.1879,-0.1725,-0.7562,-0.7370,-0.6193,9.1858,-0.9614,-0.5752,0.0028,-0.0023,-0.0022,1.0000,0.2296,-0.0245,-0.0139
200928,Left,2,0.3314,0.0741,-0.9350,0.1022,-0.0159,-0.0157,-0.0046,-0.0429,0.0482,-0.0529,-6.1735,-0.7447,7.5227,-0.0002,-0.0002,-0.0001,1.0000,-0.1544,-0.0186,0.1880
200928,Right,2,0.2868,-0.1363,-0.9229,-0.2176,-0.8585,-1.1610,-0.0316,4.3363,-2.7328,10.9811,-16.5322,3.0843,13.2616,-0.0107,-0.0145,-0.0004,0.9998,-0.4180,0.0808,0.3246
200928,Pelvis,2,-0.5496,-0.4302,-0.5490,0.4598,0.2874,-0.2441,-0.2540,-0.9331,-0.6500,-0.4147,9.3837,-1.1155,-0.5642,0.0036,-0.0031,-0.0032,1.0000,0.2345,-0.0286,-0.0135
200929,Left,2,0.3313,0.0740,-0.9351,0.1022,0.0065,-0.0095,0.0108,-0.0895,0.1819,-0.0955,-6.1269,-0.8839,7.4929,0.0001,-0.0001,0.0001,1.0000,-0.1532,-0.0221,0.1873
200929,Right,2,0.2681,-0.1247,-0.9303,-0.2169,-0.6245,-1.7381,0.1214,-1.5291,4.6164,-0.5141,-2.6358,-2.1672,9.9240,-0.0078,-0.0217,0.0015,0.9997,-0.0712,-0.0524,0.2470
200929,Pelvis,2,-0.5479,-0.4356,-0.5472,0.4589,0.3269,-0.2385,-0.2727,-0.4718,0.1209,0.4358,10.2265,-0.7892,0.2567,0.0041,-0.0030,-0.0034,1.0000,0.2556,-0.0206,0.0071
200930,Left,2,0.3316,0.0735,-0.9350,0.1024,0.0310,0.0219,0.0306,-0.0718,0.2025,-0.0235,-6.1898,-0.8991,7.5334,0.0004,0.0003,0.0004,1.0000,-0.1547,-0.0226,0.1884
200930,Right,2,0.2631,-0.1224,-0.9321,-0.2168,-0.0876,-0.4432,0.0343,-2.5224,0.1489,-0.6565,-3.0410,2.1068,8.7484,-0.0011,-0.0055,0.0004,1.0000,-0.0773,0.0529,0.2182
200930,Pelvis,2,-0.5462,-0.4393,-0.5459,0.4589,0.2641,-0.1266,-0.1791,0.9418,1.4941,2.0319,11.8235,0.3478,1.8706,0.0033,-0.0016,-0.0022,1.0000,0.2955,0.0079,0.0473
200931,Left,2,0.3323,0.0728,-0.9347,0.1027,0.0503,0.0603,0.0543,-0.2615,0.0236,-0.3043,-5.8497,-0.7392,7.4642,0.0006,0.0008,0.0007,1.0000,-0.1461,-0.0187,0.1867
200931,Right,2,0.2654,-0.1230,-0.9314,-0.2167,0.0217,0.2029,-0.0098,-0.1538,0.7922,-0.3069,-4.8009,0.4638,8.2309,0.0003,0.0025,-0.0001,1.0000,-0.1195,0.0116,0.2061
200931,Pelvis,2,-0.5456,-0.4405,-0.5445,0.4601,0.1826,-0.0414,0.0287,1.3754,1.2475,3.5435,13.3505,0.8190,1.7114,0.0023,-0.0005,0.0004,1.0000,0.3337,0.0205,0.0430
200932,Right,2,0.2665,-0.1240,-0.9311,-0.2162,0.0599,0.1112,0.0445,0.3411,0.0124,0.1154,-5.7055,0.9710,8.0738,0.0007,0.0014,0.0006,1.0000,-0.1424,0.0240,0.2021
200932,Pelvis,2,-0.5427,-0.4435,-0.5437,0.4617,0.3345,0.0334,-0.1394,-0.9217,1.8089,0.8807,10.6368,-1.4587,1.7887,0.0042,0.0004,-0.0017,1.0000,0.2659,-0.0371,0.0445
200933,Left,2,0.3393,0.0727,-0.9321,0.1039,0.0126,0.2932,0.0854,-0.9084,0.1263,-0.4878,-5.3210,-0.9605,7.6526,0.0003,0.0073,0.0021,1.0000,-0.2631,-0.0487,0.3845
200933,Right,2,0.2663,-0.1247,-0.9311,-0.2158,0.0544,0.0030,0.0485,0.0954,-0.2591,-0.0183,-5.5449,1.3238,7.9692,0.0007,0.0000,0.0006,1.0000,-0.1386,0.0329,0.1993
200933,Pelvis,2,-0.5375,-0.4491,-0.5424,0.4639,0.5773,0.0396,-0.2836,-1.9540,1.6473,-1.4110,8.3426,-2.3367,1.4360,0.0072,0.0005,-0.0035,1.0000,0.2084,-0.0594,0.0354
200934,Left,2,0.3529,0.0727,-0.9267,0.1065,0.0062,1.1482,0.3266,-2.6597,0.3554,-0.0445,-4.5221,-1.6062,8.9217,0.0001,0.0144,0.0041,0.9999,-0.1097,-0.0406,0.2246
200934,Pelvis,2,-0.5309,-0.4547,-0.5390,0.4699,0.8722,0.1393,-0.0984,-1.3012,0.9572,-2.5899,7.1909,-1.5071,0.8929,0.0109,0.0017,-0.0012,0.9999,0.1798,-0.0381,0.0216
200935,Left,2,0.3834,0.0719,-0.9141,0.1110,0.1256,2.5895,0.6449,-2.6404,-0.8269,1.0323,-5.5392,-0.4458,9.7176,0.0016,0.0324,0.0081,0.9994,-0.1304,-0.0126,0.2472
200935,Right,2,0.2643,-0.1253,-0.9317,-0.2154,0.0465,-0.0672,0.0380,0.0356,-0.0187,0.0390,-5.4340,1.1688,8.1341,0.0012,-0.0017,0.0009,1.0000,-0.2724,0.0577,0.4063
200935,Pelvis,2,-0.5253,-0.4572,-0.5351,0.4782,0.8075,0.2742,0.1919,0.6605,0.5906,-1.9272,7.8708,0.4893,0.8815,0.0101,0.0034,0.0024,0.9999,0.1968,0.0125,0.0215
200936,Left,2,0.4261,0.0712,-0.8942,0.1176,0.1132,3.6950,0.9339,-1.6914,-0.3691,1.3740,-7.2296,-0.5046,8.7013,0.0014,0.0462,0.0117,0.9989,-0.1703,-0.0150,0.2255
200936,Right,2,0.2635,-0.1260,-0.9319,-0.2153,0.0691,-0.0473,0.0395,0.0201,0.0452,0.0833,-5.4030,1.1444,8.2116,0.0009,-0.0006,0.0005,1.0000,-0.1352,0.0284,0.2052
200936,Pelvis,2,-0.5218,-0.4579,-0.5314,0.4855,0.6119,0.2368,0.2943,2.1029,0.3071,0.9417,10.7627,1.8749,0.9075,0.0076,0.0030,0.0037,1.0000,0.2690,0.0477,0.0223
200937,Left,2,0.4675,0.0727,-0.8719,0.1264,-0.1465,3.6973,1.0329,-1.5457,1.0580,4.7715,-11.0530,-1.7121,9.5537,-0.0018,0.0462,0.0129,0.9988,-0.2643,-0.0458,0.2513
200937,Right,2,0.2630,-0.1270,-0.9319,-0.2150,0.0924,-0.0171,0.0523,-0.0265,0.0344,0.0091,-5.3216,1.1867,8.1695,0.0012,-0.0002,0.0007,1.0000,-0.1331,0.0293,0.2042
200937,Pelvis,2,-0.5186,-0.4593,-0.5290,0.4902,0.4663,0.1408,0.1153,2.2595,-0.1429,2.1423,11.9880,2.0082,0.5500,0.0058,0.0018,0.0014,1.0000,0.2997,0.0506,0.0135
200938,Left,2,0.4911,0.0742,-0.8577,0.1330,-0.1887,2.1613,0.6942,-3.4419,2.7885,6.5830,-12.5950,-3.7226,10.7715,-0.0024,0.0270,0.0087,0.9996,-0.3066,-0.0951,0.2779
200938,Right,2,0.2626,-0.1284,-0.9319,-0.2146,0.1097,0.0072,0.0589,-0.0380,-0.0033,0.0083,-5.3214,1.2503,8.1592,0.0014,0.0001,0.0007,1.0000,-0.1330,0.0309,0.2040
200938,Pelvis,2,-0.5150,-0.4617,-0.5279,0.4929,0.4007,0.1123,-0.0764,1.0420,-0.1401,0.4028,10.2284,0.8325,0.3845,0.0050,0.0014,-0.0010,1.0000,0.2557,0.0205,0.0094
200939,Right,2,0.2624,-0.1296,-0.9319,-0.2143,0.1054,0.0141,0.0545,-0.0352,-0.0082,-0.0627,-5.2861,1.2711,8.0935,0.0013,0.0002,0.0007,1.0000,-0.1321,0.0314,0.2024
200939,Pelvis,2,-0.5110,-0.4645,-0.5271,0.4952,0.4013,0.0978,-0.1392,0.7676,-0.1718,0.0267,9.8469,0.5994,0.3330,0.0050,0.0012,-0.0017,1.0000,0.2462,0.0145,0.0081
200940,Left,2,0.5022,0.0872,-0.8511,0.1260,-0.2689,0.6028,-0.4228,-3.6221,1.2329,-0.5766,-6.4940,-2.3516,7.2287,-0.0067,0.0151,-0.0106,0.9998,-0.3204,-0.1117,0.3670
200940,Right,2,0.2622,-0.1304,-0.9319,-0.2142,0.0710,0.0033,0.0304,-0.0810,0.0040,-0.1900,-5.1770,1.2862,8.0092,0.0009,0.0000,0.0004,1.0000,-0.1294,0.0319,0.2003
200940,Pelvis,2,-0.5067,-0.4668,-0.5270,0.4976,0.3715,0.1681,-0.1489,1.1102,-0.0814,-0.1489,9.6674,0.9750,0.4681,0.0046,0.0021,-0.0019,1.0000,0.2418,0.0239,0.0113
200941,Left,2,0.4981,0.0940,-0.8526,0.1271,-0.5356,-0.2644,-0.2324,-2.5607,-1.6136,-1.8183,-5.5962,0.5290,6.4402,-0.0067,-0.0033,-0.0029,1.0000,-0.1404,0.0147,0.1604
200941,Right,2,0.2620,-0.1307,-0.9319,-0.2141,0.0329,-0.0059,0.0125,-0.0653,0.0446,-0.1583,-5.1912,1.2581,8.0425,0.0004,-0.0001,0.0002,1.0000,-0.1298,0.0313,0.2011
200941,Pelvis,2,-0.5026,-0.4688,-0.5273,0.4996,0.3149,0.1739,-0.1653,1.7241,-0.1744,-0.5284,9.2914,1.6390,0.4298,0.0039,0.0022,-0.0021,1.0000,0.2324,0.0405,0.0104
200942,Left,2,0.4858,0.0987,-0.8583,0.1329,-0.6297,-1.0568,0.0672,-1.2403,-1.2406,-3.3191,-4.8724,0.5425,4.6057,-0.0079,-0.0132,0.0008,0.9999,-0.1233,0.0144,0.1134
200942,Right,2,0.2619,-0.1306,-0.9319,-0.2142,0.0087,-0.0067,-0.0023,-0.0680,0.0395,-0.1449,-5.1958,1.2678,8.0541,0.0001,-0.0001,-0.0000,1.0000,-0.1299,0.0317,0.2013
200942,Pelvis,2,-0.4995,-0.4702,-0.5281,0.5005,0.1900,0.1367,-0.1691,1.7585,-0.4025,-0.7782,9.0464,1.7293,0.2173,0.0024,0.0017,-0.0021,1.0000,0.2263,0.0427,0.0051
200944,Left,2,0.4482,0.1033,-0.8774,0.1366,-0.3555,-1.6485,-0.2039,1.0458,0.9372,-4.3116,-5.2946,-0.8119,1.8868,-0.0089,-0.0412,-0.0051,0.9991,-0.2685,-0.0385,0.0837
200944,Right,2,0.2618,-0.1301,-0.9320,-0.2143,-0.0054,-0.0060,-0.0071,-0.0145,0.0186,-0.0629,-5.2863,1.2679,8.0936,-0.0001,-0.0002,-0.0002,1.0000,-0.2644,0.0635,0.4046
200944,Pelvis,2,-0.4966,-0.4724,-0.5292,0.5001,0.0761,0.0297,-0.1309,0.8122,-0.8763,-0.2941,9.5511,0.8599,-0.2623,0.0019,0.0007,-0.0033,1.0000,0.4777,0.0415,-0.0134
200945,Left,2,0.4283,0.1039,-0.8885,0.1280,0.1453,-1.7071,-0.9037,2.7343,0.7684,-4.3617,-6.0668,-0.2031,0.9692,0.0018,-0.0213,-0.0113,0.9997,-0.1522,-0.0034,0.0210
200945,Right,2,0.2617,-0.1298,-0.9320,-0.2144,-0.0094,-0.0079,-0.0074,0.0134,0.0213,-0.0526,-5.3092,1.2452,8.0946,-0.0001,-0.0001,-0.0001,1.0000,-0.1327,0.0312,0.2023
200945,Pelvis,2,-0.4970,-0.4733,-0.5286,0.4996,0.0263,-0.0991,-0.0174,0.7391,-1.2101,-0.1966,9.6655,0.8368,-0.5974,0.0003,-0.0012,-0.0002,1.0000,0.2417,0.0209,-0.0146
200946,Left,2,0.4098,0.1031,-0.8987,0.1170,0.3350,-1.5757,-0.9990,3.6976,-0.4692,-3.2491,-7.3092,1.0356,1.5766,0.0042,-0.0197,-0.0125,0.9997,-0.1831,0.0280,0.0359
200946,Right,2,0.2616,-0.1294,-0.9321,-0.2144,-0.0120,-0.0128,-0.0067,-0.0156,0.0196,-0.0578,-5.2819,1.2538,8.1048,-0.0001,-0.0002,-0.0001,1.0000,-0.1321,0.0314,0.2026
200946,Pelvis,2,-0.4985,-0.4737,-0.5275,0.4988,-0.0370,-0.1642,0.0464,0.8702,-1.2721,-0.4885,9.3752,0.9662,-0.6990,-0.0005,-0.0021,0.0006,1.0000,0.2344,0.0243,-0.0170
200947,Left,2,0.3928,0.1004,-0.9079,0.1068,0.4463,-1.4586,-0.8623,4.5213,-0.4450,-1.2853,-9.2758,0.9076,2.5504,0.0056,-0.0182,-0.0108,0.9998,-0.2327,0.0249,0.0597
200947,Right,2,0.2614,-0.1290,-0.9322,-0.2145,-0.0197,-0.0173,-0.0083,-0.0428,0.0218,-0.1262,-5.2194,1.2491,8.0640,-0.0002,-0.0002,-0.0001,1.0000,-0.1305,0.0313,0.2016
200947,Pelvis,2,-0.5009,-0.4739,-0.5262,0.4976,-0.0853,-0.2122,0.0828,0.8678,-1.1742,-0.6952,9.1620,0.9438,-0.6537,-0.0011,-0.0027,0.0010,1.0000,0.2291,0.0238,-0.0158
200948,Left,2,0.3769,0.0958,-0.9163,0.0952,0.6321,-1.3565,-0.8936,5.1476,0.1355,0.4186,-10.9197,0.1725,3.4555,0.0079,-0.0170,-0.0112,0.9998,-0.2743,0.0067,0.0818
200948,Right,2,0.2614,-0.1284,-0.9323,-0.2146,-0.0309,-0.0122,-0.0161,-0.0530,-0.0215,-0.1350,-5.2177,1.2813,8.0495,-0.0004,-0.0002,-0.0002,1.0000,-0.1305,0.0321,0.2012
200948,Pelvis,2,-0.5040,-0.4738,-0.5246,0.4963,-0.1193,-0.2461,0.1254,0.8096,-1.0942,-0.6848,9.1675,0.8586,-0.6258,-0.0015,-0.0031,0.0016,1.0000,0.2292,0.0218,-0.0150
200949,Left,2,0.3629,0.0892,-0.9240,0.0813,0.8577,-1.2032,-0.9759,4.6162,-0.4847,0.4176,-10.3682,0.4618,4.3014,0.0107,-0.0150,-0.0122,0.9998,-0.2606,0.0136,0.1038
200949,Right,2,0.2614,-0.1276,-0.9324,-0.2147,-0.0423,-0.0124,-0.0184,-0.0438,0.0065,-0.0709,-5.2476,1.2483,8.1122,-0.0005,-0.0002,-0.0002,1.0000,-0.1312,0.0313,0.2028
200949,Pelvis,2,-0.5077,-0.4730,-0.5228,0.4952,-0.1621,-0.2452,0.2029,0.7644,-0.9347,-0.5981,9.2471,0.7677,-0.5184,-0.0020,-0.0031,0.0025,1.0000,0.2312,0.0198,-0.0123
200950,Left,2,0.3516,0.0823,-0.9300,0.0689,0.8383,-0.9580,-0.8355,2.6834,-1.2591,-0.1459,-8.3980,0.7465,5.5815,0.0105,-0.0120,-0.0104,0.9998,-0.2114,0.0194,0.1372
200950,Right,2,0.2614,-0.1269,-0.9324,-0.2147,-0.0460,-0.0074,-0.0199,-0.0554,0.0249,-0.1122,-5.2079,1.2184,8.0930,-0.0006,-0.0001,-0.0002,1.0000,-0.1302,0.0306,0.2023
200950,Pelvis,2,-0.5123,-0.4712,-0.5205,0.4945,-0.2016,-0.2382,0.3063,0.2392,-0.8920,-0.2530,9.5868,0.1799,-0.5496,-0.0025,-0.0030,0.0038,1.0000,0.2397,0.0054,-0.0130
200952,Left,2,0.3355,0.0604,-0.9375,0.0703,0.7789,-0.7674,0.2961,-0.7642,-1.7651,4.5236,-8.6246,0.3696,11.6087,0.0195,-0.0192,0.0074,0.9996,-0.4423,0.0040,0.5722
200952,Right,2,0.2626,-0.1253,-0.9322,-0.2151,-0.0509,0.0346,-0.0351,-0.1714,-0.1612,-0.1192,-5.1838,1.4113,8.0719,-0.0013,0.0009,-0.0009,1.0000,-0.2588,0.0713,0.4037
200952,Pelvis,2,-0.5229,-0.4643,-0.5159,0.4948,-0.2620,-0.1785,0.4334,0.3681,1.2756,1.0228,10.8011,-0.0200,1.5854,-0.0066,-0.0045,0.0108,0.9999,0.5397,0.0054,0.0817
200953,Left,2,0.3385,0.0617,-0.9364,0.0696,-0.0642,0.2676,-0.0640,0.3809,-0.2995,0.4905,-6.8581,-0.3316,7.6973,-0.0008,0.0033,-0.0008,1.0000,-0.1708,-0.0080,0.1930
200953,Pelvis,2,-0.5252,-0.4637,-0.5166,0.4922,-0.2554,-0.1414,-0.0174,-1.6183,1.5752,4.1693,13.8739,-2.2728,1.7163,-0.0032,-0.0018,-0.0002,1.0000,0.3468,-0.0568,0.0437
200954,Left,2,0.3393,0.0626,-0.9361,0.0686,-0.0380,0.0813,-0.0832,0.3972,0.4486,0.3646,-6.8870,-1.0790,7.4392,-0.0005,0.0010,-0.0010,1.0000,-0.1720,-0.0267,0.1862
200954,Right,2,0.2690,-0.1242,-0.9302,-0.2165,-0.0613,0.2484,-0.1116,-0.5970,0.2586,-0.4660,-4.5873,1.1553,8.0875,-0.0015,0.0062,-0.0028,1.0000,-0.2267,0.0590,0.4057
200954,Pelvis,2,-0.5296,-0.4600,-0.5174,0.4902,-0.4416,-0.0858,0.2010,2.5839,1.9195,0.3622,10.2255,1.9845,2.3217,-0.0055,-0.0011,0.0025,1.0000,0.2554,0.0506,0.0580
200955,Left,2,0.3388,0.0627,-0.9363,0.0682,-0.0025,-0.0340,-0.0344,0.2374,0.3446,0.0721,-6.5702,-0.9985,7.3294,-0.0000,-0.0004,-0.0004,1.0000,-0.1643,-0.0249,0.1832
200955,Right,2,0.2797,-0.1257,-0.9266,-0.2175,-0.0026,0.8960,-0.2097,-1.4108,0.4690,-0.3696,-4.1013,1.3231,8.5331,-0.0000,0.0112,-0.0026,0.9999,-0.1000,0.0334,0.2145
200955,Pelvis,2,-0.5358,-0.4531,-0.5205,0.4865,-0.8041,0.0064,0.2461,2.9235,0.8772,-1.9730,7.9423,2.4472,1.3069,-0.0101,0.0001,0.0031,0.9999,0.1984,0.0621,0.0320
200956,Left,2,0.3379,0.0627,-0.9366,0.0681,0.0009,-0.0741,-0.0087,0.1323,-0.0718,0.1879,-6.5179,-0.6204,7.5609,0.0000,-0.0009,-0.0001,1.0000,-0.1631,-0.0155,0.1889
200956,Right,2,0.3032,-0.1288,-0.9185,-0.2188,-0.0639,1.9693,-0.4007,-2.6199,0.8117,0.6148,-3.9968,1.6648,9.8760,-0.0008,0.0246,-0.0050,0.9997,-0.0936,0.0423,0.2492
200956,Pelvis,2,-0.5401,-0.4463,-0.5267,0.4813,-0.8936,0.1543,-0.0112,1.1407,0.6391,-2.6323,7.2097,0.6922,0.8994,-0.0112,0.0019,-0.0001,0.9999,0.1803,0.0175,0.0219
200957,Left,2,0.3374,0.0629,-0.9368,0.0679,-0.0102,-0.0330,-0.0111,0.0468,-0.0280,0.1260,-6.4056,-0.6772,7.5689,-0.0001,-0.0004,-0.0001,1.0000,-0.1602,-0.0169,0.1892
200957,Right,2,0.3372,-0.1324,-0.9053,-0.2220,-0.1000,2.8506,-0.7335,-1.4202,0.6034,1.7206,-6.2202,1.2863,9.7526,-0.0013,0.0356,-0.0092,0.9993,-0.1464,0.0338,0.2491
200957,Pelvis,2,-0.5414,-0.4423,-0.5328,0.4769,-0.6327,0.2036,-0.2065,-1.2833,0.6754,-0.6929,9.0332,-1.7982,0.6642,-0.0079,0.0025,-0.0026,1.0000,0.2258,-0.0454,0.0164
200958,Left,2,0.3372,0.0630,-0.9369,0.0680,-0.0047,-0.0199,0.0088,0.0480,0.0434,0.0953,-6.3871,-0.7479,7.5377,-0.0001,-0.0002,0.0001,1.0000,-0.1597,-0.0187,0.1884
200958,Right,2,0.3731,-0.1345,-0.8889,-0.2293,-0.1038,3.0120,-1.1406,-1.4252,-0.4069,3.4709,-8.4767,2.1168,10.1198,-0.0013,0.0376,-0.0143,0.9992,-0.2014,0.0562,0.2606
200958,Pelvis,2,-0.5427,-0.4397,-0.5366,0.4734,-0.4465,0.0793,-0.1300,-2.3823,0.4018,2.2267,11.9195,-2.9364,0.2952,-0.0056,0.0010,-0.0016,1.0000,0.2979,-0.0739,0.0075
200959,Left,2,0.3372,0.0633,-0.9369,0.0680,-0.0240,0.0070,-0.0063,0.0532,-0.1234,0.1512,-6.4108,-0.5908,7.6059,-0.0003,0.0001,-0.0001,1.0000,-0.1603,-0.0147,0.1902
200959,Right,2,0.3973,-0.1314,-0.8763,-0.2388,-0.2335,1.9399,-1.2524,-3.7622,-0.9843,5.9571,-9.7812,3.6419,12.4478,-0.0029,0.0242,-0.0157,0.9996,-0.2354,0.0957,0.3167
200959,Pelvis,2,-0.5432,-0.4370,-0.5393,0.4724,-0.2753,0.1539,-0.0149,-1.8713,0.0688,1.0484,10.7766,-2.3092,0.0333,-0.0034,0.0019,-0.0002,1.0000,0.2694,-0.0578,0.0005
200960,Left,2,0.3376,0.0642,-0.9366,0.0677,-0.0552,0.0484,-0.0294,0.0902,-0.0452,0.1923,-6.4762,-0.6760,7.5968,-0.0007,0.0006,-0.0004,1.0000,-0.1618,-0.0167,0.1900
200960,Right,2,0.4069,-0.1355,-0.8693,-0.2459,0.4119,0.9066,-0.6054,-4.2638,0.7913,2.4267,-6.7492,2.0585,10.9008,0.0051,0.0113,-0.0076,0.9999,-0.1652,0.0513,0.2747
200960,Pelvis,2,-0.5444,-0.4350,-0.5401,0.4719,-0.1800,0.0355,0.0709,-0.6575,-0.1084,0.5352,10.3137,-1.0705,0.0712,-0.0023,0.0004,0.0009,1.0000,0.2579,-0.0265,0.0017
200961,Left,2,0.3381,0.0653,-0.9364,0.0676,-0.0780,0.0535,-0.0345,0.0772,0.0269,0.2005,-6.4859,-0.7688,7.5903,-0.0010,0.0007,-0.0004,1.0000,-0.1620,-0.0190,0.1899
200961,Right,2,0.4118,-0.1424,-0.8639,-0.2526,0.6765,0.5802,-0.3995,-4.0241,0.2163,-2.1618,-3.7140,2.2973,7.4637,0.0085,0.0073,-0.0050,0.9999,-0.0912,0.0563,0.1877
200961,Pelvis,2,-0.5457,-0.4323,-0.5411,0.4717,-0.2094,0.0761,0.1210,0.0363,-0.1461,0.0069,9.8120,-0.3835,0.1541,-0.0026,0.0010,0.0015,1.0000,0.2453,-0.0092,0.0036
200962,Left,2,0.3381,0.0666,-0.9363,0.0675,-0.0972,0.0136,-0.0365,0.1120,-0.0414,0.1846,-6.5015,-0.7181,7.5614,-0.0012,0.0002,-0.0005,1.0000,-0.1625,-0.0176,0.1891
200962,Right,2,0.4103,-0.1473,-0.8623,-0.2576,0.5619,-0.0056,-0.2003,-3.3374,0.4484,-1.8976,-4.2817,1.8161,7.2358,0.0070,-0.0001,-0.0025,1.0000,-0.1069,0.0444,0.1812
200962,Pelvis,2,-0.5471,-0.4288,-0.5431,0.4710,-0.2997,0.1295,0.0890,-0.5039,-0.0095,-0.3866,9.3898,-0.9473,0.1989,-0.0037,0.0016,0.0011,1.0000,0.2348,-0.0234,0.0047
200963,Left,2,0.3374,0.0684,-0.9364,0.0673,-0.1307,-0.0386,-0.0571,0.0588,-0.0730,0.0844,-6.3901,-0.7185,7.5240,-0.0016,-0.0005,-0.0007,1.0000,-0.1599,-0.0175,0.1881
200963,Right,2,0.4030,-0.1511,-0.8643,-0.2602,0.4883,-0.5145,0.0750,-2.1151,0.0900,-2.8467,-4.2677,1.4569,5.7159,0.0061,-0.0064,0.0009,1.0000,-0.1076,0.0355,0.1424
200963,Pelvis,2,-0.5483,-0.4256,-0.5451,0.4702,-0.2941,0.1212,0.0743,-0.9868,-0.0156,-0.7401,9.0138,-1.4227,0.1106,-0.0037,0.0015,0.0009,1.0000,0.2254,-0.0353,0.0026
200964,Left,2,0.3361,0.0705,-0.9368,0.0670,-0.1524,-0.0909,-0.0793,0.0003,-0.0659,0.0257,-6.2942,-0.7694,7.5226,-0.0019,-0.0011,-0.0010,1.0000,-0.1576,-0.0187,0.1879
200964,Right,2,0.3916,-0.1533,-0.8694,-0.2593,0.3091,-0.8876,0.3799,-0.7387,-0.6242,-3.2514,-4.8384,1.3112,4.3427,0.0039,-0.0111,0.0047,0.9999,-0.1223,0.0318,0.1073
200964,Pelvis,2,-0.5494,-0.4232,-0.5464,0.4696,-0.2116,0.0750,0.0600,-1.0497,-0.1081,-0.9829,8.7703,-1.4695,0.0128,-0.0026,0.0009,0.0007,1.0000,0.2193,-0.0366,0.0002
200965,Left,2,0.3344,0.0728,-0.9372,0.0667,-0.1691,-0.1217,-0.0934,0.0153,-0.1210,0.0317,-6.2828,-0.7583,7.5418,-0.0021,-0.0015,-0.0012,1.0000,-0.1574,-0.0184,0.1883
200965,Right,2,0.3782,-0.1543,-0.8769,-0.2535,0.0847,-1.0662,0.7468,0.7170,-0.9270,-3.5626,-5.4103,0.8009,3.2448,0.0011,-0.0133,0.0093,0.9999,-0.1365,0.0187,0.0793
200965,Pelvis,2,-0.5500,-0.4221,-0.5469,0.4693,-0.1081,0.0198,0.0411,-1.0771,-0.4217,-0.7679,8.9969,-1.4562,-0.2855,-0.0014,0.0002,0.0005,1.0000,0.2249,-0.0363,-0.0071
200966,Left,2,0.3324,0.0754,-0.9378,0.0662,-0.1855,-0.1521,-0.1145,0.0354,-0.2010,-0.0555,-6.2082,-0.7191,7.4957,-0.0023,-0.0019,-0.0014,1.0000,-0.1556,-0.0173,0.1871
200966,Right,2,0.3642,-0.1540,-0.8853,-0.2447,-0.0927,-1.1337,0.9572,2.2368,-0.5145,-3.7936,-5.9099,-0.2894,2.5478,-0.0012,-0.0142,0.0120,0.9998,-0.1485,-0.0089,0.0616
200966,Pelvis,2,-0.5505,-0.4216,-0.5467,0.4694,-0.0268,-0.0139,0.0416,-1.0072,-0.6122,-0.4265,9.3486,-1.3771,-0.4449,-0.0003,-0.0002,0.0005,1.0000,0.2337,-0.0343,-0.0111
200967,Left,2,0.3303,0.0775,-0.9384,0.0658,-0.1556,-0.1493,-0.0959,-0.1324,0.0342,-0.4153,-5.8376,-0.9924,7.2984,-0.0019,-0.0019,-0.0012,1.0000,-0.1463,-0.0243,0.1822
200967,Right,2,0.3499,-0.1527,-0.8937,-0.2358,-0.1643,-1.1595,0.9311,2.8719,-0.3060,-2.7093,-6.9417,-0.5657,3.2092,-0.0021,-0.0145,0.0116,0.9998,-0.1745,-0.0160,0.0777
200967,Pelvis,2,-0.5507,-0.4221,-0.5458,0.4698,0.0627,-0.0542,0.0369,-0.9636,-0.5097,-0.1139,9.6558,-1.3829,-0.3299,0.0008,-0.0007,0.0005,1.0000,0.2414,-0.0345,-0.0081
200968,Left,2,0.3293,0.0782,-0.9387,0.0657,-0.0508,-0.0778,-0.0280,-0.3330,0.3887,-0.6420,-5.5422,-1.3804,7.1932,-0.0006,-0.0010,-0.0004,1.0000,-0.1387,-0.0343,0.1797
200968,Right,2,0.3341,-0.1497,-0.9023,-0.2275,-0.2440,-1.3260,0.8641,2.7242,-0.7773,-1.0797,-8.0149,0.2317,4.4731,-0.0031,-0.0166,0.0108,0.9998,-0.2022,0.0039,0.1085
200968,Pelvis,2,-0.5503,-0.4237,-0.5443,0.4705,0.1664,-0.0949,-0.0016,-1.1175,-0.3814,0.2404,9.9946,-1.5849,-0.2353,0.0021,-0.0012,-0.0000,1.0000,0.2499,-0.0396,-0.0057
200969,Left,2,0.3295,0.0775,-0.9386,0.0659,0.0489,0.0172,0.0429,-0.1786,0.2303,-0.3481,-5.8290,-1.2286,7.3604,0.0006,0.0002,0.0005,1.0000,-0.1457,-0.0309,0.1840
200969,Right,2,0.3163,-0.1461,-0.9114,-0.2191,-0.2552,-1.4828,0.8887,2.8992,-0.9624,-0.6083,-8.3327,0.5042,4.9374,-0.0032,-0.0185,0.0111,0.9998,-0.2107,0.0107,0.1195
200969,Pelvis,2,-0.5494,-0.4266,-0.5423,0.4712,0.2607,-0.1411,-0.0516,-0.9744,-0.5480,0.3099,10.0784,-1.4115,-0.3876,0.0033,-0.0018,-0.0006,1.0000,0.2520,-0.0354,-0.0094
200970,Left,2,0.3303,0.0761,-0.9385,0.0662,0.1023,0.0556,0.0742,-0.0461,0.0892,-0.0847,-6.0946,-1.0725,7.5066,0.0013,0.0007,0.0009,1.0000,-0.1522,-0.0272,0.1877
200970,Right,2,0.2994,-0.1435,-0.9192,-0.2117,-0.1596,-1.3914,0.8126,3.6328,-0.5427,-0.7232,-8.4634,-0.0816,4.9484,-0.0020,-0.0174,0.0102,0.9998,-0.2137,-0.0040,0.1200
200970,Pelvis,2,-0.5486,-0.4301,-0.5401,0.4716,0.2738,-0.1869,-0.0852,-0.5131,-1.0291,-0.0556,9.7552,-0.8349,-0.8136,0.0034,-0.0023,-0.0011,1.0000,0.2439,-0.0211,-0.0198
200971,Left,2,0.3311,0.0744,-0.9383,0.0666,0.1214,0.0600,0.0840,-0.0126,0.0579,-0.0503,-6.1520,-1.0075,7.5131,0.0015,0.0007,0.0010,1.0000,-0.1536,-0.0256,0.1879
200971,Right,2,0.2843,-0.1416,-0.9252,-0.2075,-0.0430,-1.2274,0.5399,4.4434,-0.1167,-0.0089,-9.1958,-0.6058,5.5634,-0.0005,-0.0153,0.0067,0.9999,-0.2319,-0.0166,0.1355
200971,Pelvis,2,-0.5483,-0.4337,-0.5379,0.4711,0.2200,-0.2393,-0.1017,-0.2548,-1.1881,-0.3700,9.4562,-0.5190,-0.9758,0.0028,-0.0030,-0.0013,1.0000,0.2365,-0.0132,-0.0237
200972,Left,2,0.3320,0.0725,-0.9381,0.0669,0.1325,0.0584,0.0887,0.0081,-0.0098,-0.0274,-6.1896,-0.9038,7.5249,0.0017,0.0007,0.0011,1.0000,-0.1546,-0.0231,0.1882
200972,Right,2,0.2726,-0.1399,-0.9294,-0.2058,-0.0079,-0.9706,0.2910,4.3667,-0.2451,-0.5952,-8.6885,-0.4543,5.3292,-0.0001,-0.0121,0.0036,0.9999,-0.2188,-0.0121,0.1306
200972,Pelvis,2,-0.5484,-0.4375,-0.5359,0.4698,0.1687,-0.2872,-0.1539,-0.3535,-1.1279,-0.5652,9.2503,-0.5928,-0.9965,0.0021,-0.0036,-0.0019,1.0000,0.2313,-0.0152,-0.0241
200973,Left,2,0.3327,0.0706,-0.9380,0.0673,0.1387,0.0504,0.0876,0.0059,0.0113,-0.0437,-6.1906,-0.8854,7.5051,0.0017,0.0006,0.0011,1.0000,-0.1546,-0.0226,0.1877
200973,Right,2,0.2673,-0.1199,-0.9329,-0.2092,-1.3511,-0.8322,-0.5755,3.0441,-2.0841,9.7794,-13.9059,2.9929,13.9708,-0.0169,-0.0104,-0.0072,0.9998,-0.3507,0.0832,0.3443
200973,Pelvis,2,-0.5480,-0.4421,-0.5344,0.4676,0.1685,-0.3035,-0.2547,-0.7174,-0.8458,-0.6920,9.0990,-0.9522,-0.8485,0.0021,-0.0038,-0.0032,1.0000,0.2275,-0.0245,-0.0204
200974,Left,2,0.3337,0.0687,-0.9377,0.0676,0.1406,0.0714,0.0871,-0.1511,0.2243,-0.1195,-6.0514,-1.0766,7.5001,0.0018,0.0009,0.0011,1.0000,-0.1511,-0.0274,0.1876
200974,Right,2,0.2583,-0.1169,-0.9360,-0.2084,-0.1124,-0.7760,0.1365,0.8118,7.9754,-1.3716,-2.5769,-6.4802,9.3213,-0.0014,-0.0097,0.0017,1.0000,-0.0664,-0.1618,0.2326
200974,Pelvis,2,-0.5468,-0.4469,-0.5335,0.4655,0.1917,-0.2411,-0.3156,-0.1901,0.8117,0.3166,10.1067,-0.6899,0.8232,0.0024,-0.0030,-0.0039,1.0000,0.2525,-0.0183,0.0213
200975,Left,2,0.3356,0.0666,-0.9372,0.0682,0.1501,0.1478,0.1230,-0.4193,0.2113,-0.4671,-5.6458,-1.0399,7.3895,0.0019,0.0018,0.0015,1.0000,-0.1408,-0.0266,0.1849
200975,Right,2,0.2598,-0.1180,-0.9356,-0.2080,0.0639,0.1460,0.0312,-1.7821,-2.5590,-0.1246,-4.6248,4.1549,8.0580,0.0008,0.0018,0.0004,1.0000,-0.1153,0.1037,0.2017
200975,Pelvis,2,-0.5466,-0.4500,-0.5317,0.4648,0.1698,-0.2201,-0.1058,1.8129,0.9905,2.8132,12.6700,1.2342,1.2763,0.0021,-0.0028,-0.0013,1.0000,0.3167,0.0304,0.0328
200976,Left,2,0.3386,0.0650,-0.9362,0.0691,0.1090,0.2390,0.1380,-0.4652,-0.1572,-0.0885,-5.8605,-0.6739,7.7462,0.0014,0.0030,0.0017,1.0000,-0.1459,-0.0174,0.1941
200976,Right,2,0.2624,-0.1194,-0.9348,-0.2077,0.0768,0.2408,0.0211,-0.0554,0.1507,-0.1776,-5.0885,0.9861,8.1237,0.0010,0.0030,0.0003,1.0000,-0.1266,0.0244,0.2035
200976,Pelvis,2,-0.5465,-0.4501,-0.5312,0.4653,0.0482,-0.0086,0.0265,0.1910,1.6995,2.4363,12.2454,-0.4541,1.6754,0.0006,-0.0001,0.0003,1.0000,0.3061,-0.0113,0.0419
200977,Left,2,0.3435,0.0645,-0.9343,0.0703,0.0191,0.4178,0.1464,-0.7734,-0.0438,-0.0925,-5.6991,-0.8067,7.8710,0.0002,0.0052,0.0018,1.0000,-0.1414,-0.0205,0.1975
200977,Right,2,0.2642,-0.1203,-0.9342,-0.2073,0.0460,0.1680,0.0194,0.4100,0.0344,0.2402,-5.7535,0.9395,8.2002,0.0006,0.0021,0.0002,1.0000,-0.1434,0.0233,0.2053
200977,Pelvis,2,-0.5442,-0.4526,-0.5310,0.4658,0.2217,0.0105,-0.1610,-1.6779,2.0978,-0.5333,9.2236,-2.2523,1.7819,0.0028,0.0001,-0.0020,1.0000,0.2305,-0.0569,0.0444
200978,Left,2,0.3545,0.0650,-0.9300,0.0727,-0.0584,0.9303,0.2549,-1.5173,0.0327,-0.0925,-5.2858,-0.9907,8.2383,-0.0007,0.0116,0.0032,0.9999,-0.1297,-0.0250,0.2075
200978,Right,2,0.2645,-0.1207,-0.9341,-0.2072,0.0308,0.0393,0.0163,0.0342,-0.1629,-0.0300,-5.3995,1.2601,8.0614,0.0004,0.0005,0.0002,1.0000,-0.1349,0.0314,0.2016
200978,Pelvis,2,-0.5399,-0.4565,-0.5295,0.4688,0.5074,0.0750,-0.1458,-1.8981,1.3811,-1.6947,8.0653,-2.2829,1.0728,0.0063,0.0009,-0.0018,1.0000,0.2016,-0.0576,0.0263
200979,Left,2,0.3795,0.0645,-0.9198,0.0757,0.0455,2.1397,0.4323,-2.5606,-0.5273,0.6766,-5.3345,-0.6407,9.3820,0.0006,0.0267,0.0054,0.9996,-0.1269,-0.0168,0.2380
200979,Right,2,0.2641,-0.1208,-0.9342,-0.2071,0.0296,-0.0254,0.0171,0.1628,-0.0426,0.2163,-5.5942,1.1301,8.2484,0.0004,-0.0003,0.0002,1.0000,-0.1399,0.0281,0.2062
200979,Pelvis,2,-0.5352,-0.4591,-0.5267,0.4747,0.6408,0.1912,0.0637,-0.6349,0.9760,-2.0383,7.7517,-0.9452,0.9026,0.0080,0.0024,0.0008,1.0000,0.1939,-0.0237,0.0219
200980,Left,2,0.4206,0.0626,-0.9016,0.0792,0.1878,3.5463,0.6405,-1.8823,-0.3452,0.4934,-6.3295,-0.5778,8.3399,0.0023,0.0443,0.0080,0.9990,-0.1487,-0.0162,0.2152
200980,Right,2,0.2636,-0.1211,-0.9343,-0.2070,0.0398,-0.0321,0.0200,0.0161,0.0104,0.1057,-5.3961,1.1434,8.2432,0.0005,-0.0004,0.0003,1.0000,-0.1350,0.0284,0.2060
200980,Pelvis,2,-0.5317,-0.4591,-0.5240,0.4816,0.5333,0.2810,0.2614,1.0461,0.6473,0.1653,9.9932,0.6830,0.8618,0.0067,0.0035,0.0033,1.0000,0.2498,0.0178,0.0208
200981,Left,2,0.4735,0.0575,-0.8749,0.0835,0.4276,4.6719,0.9212,-2.2535,0.4543,0.6833,-7.1695,-1.2494,7.9135,0.0053,0.0584,0.0115,0.9982,-0.1669,-0.0343,0.2077
200981,Right,2,0.2632,-0.1214,-0.9344,-0.2070,0.0359,-0.0209,0.0159,-0.0184,-0.0249,0.0149,-5.3247,1.1871,8.1744,0.0004,-0.0003,0.0002,1.0000,-0.1332,0.0296,0.2043
200981,Pelvis,2,-0.5289,-0.4593,-0.5217,0.4870,0.4320,0.2060,0.2030,1.9081,0.4081,2.5529,12.4093,1.4377,0.8109,0.0054,0.0026,0.0025,1.0000,0.3102,0.0366,0.0197
200982,Left,2,0.5247,0.0527,-0.8450,0.0889,0.3364,4.6655,1.0071,-1.7968,1.2538,5.9116,-12.9105,-1.7306,9.0928,0.0042,0.0583,0.0126,0.9982,-0.3082,-0.0482,0.2454
200982,Right,2,0.2630,-0.1218,-0.9344,-0.2069,0.0431,-0.0003,0.0211,-0.0336,0.0377,0.0024,-5.2824,1.1450,8.1929,0.0005,-0.0000,0.0003,1.0000,-0.1321,0.0285,0.2048
200982,Pelvis,2,-0.5249,-0.4599,-0.5211,0.4914,0.3952,0.2720,0.0294,1.2021,0.0101,1.0288,10.8721,0.8019,0.3719,0.0049,0.0034,0.0004,1.0000,0.2718,0.0201,0.0085
200983,Left,2,0.5559,0.0492,-0.8243,0.0951,0.1161,2.9347,0.8549,-2.1647,1.7220,7.6359,-15.2168,-1.8834,8.7840,0.0015,0.0367,0.0107,0.9993,-0.3715,-0.0514,0.2333
200983,Right,2,0.2630,-0.1224,-0.9344,-0.2068,0.0521,0.0149,0.0221,0.0198,-0.0186,0.0243,-5.3539,1.1833,8.1672,0.0007,0.0002,0.0003,1.0000,-0.1338,0.0294,0.2042
200983,Pelvis,2,-0.5211,-0.4613,-0.5206,0.4946,0.3581,0.1966,-0.0456,0.7147,-0.2280,-0.4433,9.3904,0.3961,0.1063,0.0045,0.0025,-0.0006,1.0000,0.2348,0.0098,0.0021
200985,Left,2,0.5594,0.0508,-0.8215,0.0986,-0.1244,0.1826,0.1027,-5.8649,1.5008,-0.4949,-6.6913,-2.4860,8.5157,-0.0031,0.0046,0.0026,1.0000,-0.3323,-0.1238,0.4277
200985,Pelvis,2,-0.5136,-0.4628,-0.5219,0.4996,0.2626,0.2389,-0.0948,1.3826,-0.2578,-0.2317,9.6203,1.0855,0.2139,0.0066,0.0060,-0.0024,1.0000,0.4812,0.0531,0.0082
200986,Left,2,0.5464,0.0548,-0.8298,0.0999,-0.3831,-1.1915,-0.2029,-4.6919,-0.0655,-2.6884,-4.8410,-0.8185,6.9767,-0.0048,-0.0149,-0.0025,0.9999,-0.1237,-0.0193,0.1727
200986,Right,2,0.2625,-0.1234,-0.9344,-0.2068,0.0402,-0.0035,0.0088,-0.0249,0.0041,-0.0890,-5.2495,1.1879,8.0984,0.0015,-0.0001,0.0003,1.0000,-0.3938,0.0880,0.6075
200986,Pelvis,2,-0.5098,-0.4639,-0.5239,0.5005,0.1537,0.2230,-0.2286,1.8157,-0.1169,0.0511,9.8982,1.5511,0.4763,0.0019,0.0028,-0.0029,1.0000,0.2476,0.0380,0.0113
200988,Left,2,0.4907,0.0612,-0.8632,0.1018,-0.4029,-2.5522,-0.3242,-1.4783,0.1887,-4.3652,-4.2226,-0.4897,3.7243,-0.0101,-0.0638,-0.0081,0.9979,-0.2226,-0.0209,0.1725
200989,Left,2,0.4607,0.0654,-0.8798,0.0966,-0.2443,-2.6519,-0.7998,2.0468,0.9200,-6.4454,-4.0196,-0.4708,-0.0443,-0.0031,-0.0331,-0.0100,0.9994,-0.1005,-0.0108,-0.0044
200989,Right,2,0.2621,-0.1227,-0.9346,-0.2070,-0.0044,-0.0113,-0.0055,-0.0611,0.0073,-0.1269,-5.1928,1.2005,8.0878,-0.0002,-0.0004,-0.0002,1.0000,-0.3897,0.0902,0.6064
200989,Pelvis,2,-0.5015,-0.4651,-0.5296,0.5017,0.0743,0.1886,-0.1824,0.8109,-0.6517,-0.1637,9.6807,0.6856,-0.0449,0.0028,0.0071,-0.0068,0.9999,0.7263,0.0465,-0.0084
200990,Left,2,0.4358,0.0709,-0.8929,0.0878,-0.1808,-2.1397,-1.0441,3.8654,0.1686,-4.4358,-6.6055,0.4990,0.1074,-0.0023,-0.0267,-0.0130,0.9996,-0.1649,0.0146,-0.0018
200990,Right,2,0.2621,-0.1223,-0.9346,-0.2071,-0.0149,-0.0074,-0.0080,0.0053,0.0313,-0.0511,-5.2714,1.1463,8.1355,-0.0002,-0.0001,-0.0001,1.0000,-0.1318,0.0287,0.2034
200990,Pelvis,2,-0.5003,-0.4663,-0.5289,0.5024,0.1517,-0.0065,-0.0325,0.3991,-1.2306,-0.5123,9.3628,0.3829,-0.6017,0.0019,-0.0001,-0.0004,1.0000,0.2341,0.0095,-0.0150
200991,Left,2,0.4144,0.0756,-0.9036,0.0772,-0.0544,-1.8004,-1.1044,5.6522,-0.0289,-1.9115,-9.6616,0.7334,0.7164,-0.0007,-0.0225,-0.0138,0.9997,-0.2416,0.0217,0.0125
200991,Right,2,0.2620,-0.1219,-0.9347,-0.2071,-0.0181,-0.0126,-0.0093,-0.0110,0.0282,-0.1257,-5.2169,1.1404,8.0823,-0.0002,-0.0002,-0.0001,1.0000,-0.1305,0.0286,0.2020
200991,Pelvis,2,-0.5003,-0.4673,-0.5275,0.5030,0.1178,-0.0821,0.0416,0.8807,-1.4275,-0.8678,9.0230,0.8751,-0.8023,0.0015,-0.0010,0.0005,1.0000,0.2256,0.0220,-0.0198
200992,Left,2,0.3944,0.0774,-0.9133,0.0656,0.1939,-1.6814,-1.0756,6.8160,-0.5061,0.8321,-12.4228,0.9373,2.2024,0.0024,-0.0210,-0.0134,0.9997,-0.3113,0.0275,0.0486
200992,Right,2,0.2618,-0.1215,-0.9348,-0.2072,-0.0120,-0.0167,-0.0065,0.0186,0.0628,-0.0631,-5.2589,1.0972,8.1362,-0.0002,-0.0002,-0.0001,1.0000,-0.1315,0.0275,0.2034
200992,Pelvis,2,-0.5016,-0.4677,-0.5258,0.5032,0.0362,-0.1394,0.1072,1.1976,-1.4825,-0.9435,8.9529,1.1767,-0.8692,0.0005,-0.0017,0.0013,1.0000,0.2238,0.0297,-0.0213
200993,Left,2,0.3751,0.0764,-0.9223,0.0538,0.4003,-1.6182,-0.9880,6.9491,-1.4320,0.3558,-12.0466,1.6099,2.4601,0.0050,-0.0202,-0.0123,0.9997,-0.3018,0.0437,0.0556
200993,Pelvis,2,-0.5043,-0.4672,-0.5238,0.5030,-0.0648,-0.1789,0.1857,1.2942,-1.3764,-0.9249,8.9674,1.2340,-0.7911,-0.0008,-0.0022,0.0023,1.0000,0.2242,0.0314,-0.0193
200994,Left,2,0.3597,0.0746,-0.9290,0.0448,0.3811,-1.2862,-0.7237,5.6436,-2.6186,-0.6484,-10.3012,2.4563,3.2487,0.0048,-0.0161,-0.0090,0.9998,-0.2582,0.0634,0.0774
200994,Right,2,0.2614,-0.1210,-0.9350,-0.2071,-0.0055,-0.0179,0.0018,-0.0178,-0.0040,-0.0960,-5.2284,1.1636,8.1070,-0.0001,-0.0004,0.0000,1.0000,-0.2616,0.0582,0.4052
200994,Pelvis,2,-0.5084,-0.4656,-0.5216,0.5026,-0.1691,-0.2157,0.2938,1.0432,-1.2498,-0.7762,9.1078,0.9210,-0.7121,-0.0021,-0.0027,0.0037,1.0000,0.2277,0.0238,-0.0172
200995,Left,2,0.3483,0.0667,-0.9341,0.0410,0.6856,-0.9993,-0.1345,1.7212,-0.5215,6.6649,-12.2370,-0.9284,11.1425,0.0086,-0.0125,-0.0017,0.9999,-0.3094,-0.0251,0.2745
200995,Right,2,0.2612,-0.1209,-0.9350,-0.2070,0.0065,-0.0107,0.0117,-0.0120,0.0609,-0.0604,-5.2246,1.1031,8.1608,0.0001,-0.0001,0.0001,1.0000,-0.1306,0.0275,0.2040
200995,Pelvis,2,-0.5139,-0.4630,-0.5188,0.5023,-0.2420,-0.2525,0.4066,0.8931,-1.3137,-0.4338,9.4523,0.6886,-0.8176,-0.0030,-0.0032,0.0051,1.0000,0.2363,0.0184,-0.0197
200996,Left,2,0.3386,0.0602,-0.9381,0.0400,0.4996,-0.8470,0.0483,1.2439,-2.7436,3.0168,-9.1743,1.6947,9.3079,0.0062,-0.0106,0.0006,0.9999,-0.2318,0.0408,0.2305
200996,Right,2,0.2613,-0.1209,-0.9350,-0.2070,0.0045,0.0091,0.0048,-0.1134,-0.1886,0.0606,-5.2905,1.3835,8.2235,0.0001,0.0001,0.0001,1.0000,-0.1322,0.0346,0.2056
200996,Pelvis,2,-0.5194,-0.4587,-0.5165,0.5031,-0.2896,-0.1305,0.5074,1.4363,1.7937,0.5854,10.3570,0.8673,2.3200,-0.0036,-0.0016,0.0063,1.0000,0.2587,0.0235,0.0583
200997,Left,2,0.3405,0.0607,-0.9374,0.0393,-0.0130,0.1706,-0.0532,-1.2241,-0.0048,0.0649,-5.4009,-0.9905,8.3014,-0.0002,0.0021,-0.0007,1.0000,-0.1346,-0.0246,0.2078
200997,Right,2,0.2618,-0.1200,-0.9349,-0.2075,-0.0463,0.0274,-0.0613,-0.2500,-0.3177,-0.0888,-5.1496,1.5312,8.1151,-0.0006,0.0003,-0.0008,1.0000,-0.1286,0.0385,0.2029
200997,Pelvis,2,-0.5245,-0.4574,-0.5167,0.4987,-0.4528,-0.3138,0.0505,-2.7779,1.9258,4.8987,14.4790,-3.6466,2.2164,-0.0057,-0.0039,0.0006,1.0000,0.3618,-0.0906,0.0573
200998,Left,2,0.3417,0.0612,-0.9370,0.0382,-0.0037,0.1133,-0.0758,0.5761,0.4709,0.1539,-6.8757,-1.2749,7.1404,-0.0000,0.0014,-0.0009,1.0000,-0.1717,-0.0317,0.1788
200998,Right,2,0.2638,-0.1195,-0.9342,-0.2083,-0.0355,0.1518,-0.0984,-0.6529,0.0220,-0.2591,-4.6549,1.3718,8.2552,-0.0004,0.0019,-0.0012,1.0000,-0.1159,0.0345,0.2066
200998,Pelvis,2,-0.5227,-0.4568,-0.5186,0.4991,-0.0054,0.1901,-0.1016,0.4230,2.4228,1.7916,11.5115,-0.3536,2.8403,-0.0001,0.0024,-0.0013,1.0000,0.2879,-0.0092,0.0703
200999,Left,2,0.3416,0.0614,-0.9371,0.0374,0.0098,-0.0081,-0.0594,0.3936,0.1543,0.1145,-6.7082,-0.9910,7.2627,0.0001,-0.0001,-0.0007,1.0000,-0.1677,-0.0247,0.1815
200999,Right,2,0.2721,-0.1198,-0.9313,-0.2103,-0.0401,0.6720,-0.2702,-2.0479,-0.0698,-0.6906,-3.4653,2.0071,8.4485,-0.0005,0.0084,-0.0034,1.0000,-0.0847,0.0506,0.2119
200999,Pelvis,2,-0.5276,-0.4522,-0.5202,0.4965,-0.5587,-0.0562,0.1996,2.8770,1.3504,-1.9646,7.9153,2.3406,1.8876,-0.0070,-0.0007,0.0025,1.0000,0.1977,0.0593,0.0469
201000,Left,2,0.3408,0.0613,-0.9374,0.0371,0.0122,-0.0633,-0.0201,-0.0119,-0.1134,0.1411,-6.3996,-0.7798,7.5847,0.0002,-0.0008,-0.0003,1.0000,-0.1601,-0.0195,0.1895
201000,Right,2,0.2951,-0.1150,-0.9235,-0.2166,-0.5197,1.7482,-0.9247,-4.0057,0.4349,1.3755,-3.3081,2.5532,11.1345,-0.0065,0.0219,-0.0116,0.9997,-0.0758,0.0665,0.2796
201000,Pelvis,2,-0.5323,-0.4470,-0.5245,0.4917,-0.7622,0.0141,0.0130,2.2507,-0.1157,-3.2028,6.7134,1.8905,0.3554,-0.0095,0.0002,0.0002,1.0000,0.1678,0.0474,0.0084
201001,Left,2,0.3409,0.0616,-0.9374,0.0369,-0.0164,0.0135,-0.0212,-0.0243,-0.1178,0.0923,-6.3527,-0.7773,7.5606,-0.0002,0.0002,-0.0003,1.0000,-0.1588,-0.0194,0.1890
201001,Right,2,0.3244,-0.1081,-0.9114,-0.2289,-0.6007,2.2245,-1.5509,-1.9397,0.2846,2.9769,-6.4375,1.5339,11.1214,-0.0075,0.0278,-0.0194,0.9994,-0.1523,0.0435,0.2820
201001,Pelvis,2,-0.5326,-0.4442,-0.5301,0.4878,-0.4986,0.1930,-0.2521,-0.6004,0.0360,-1.5870,8.1800,-1.0230,0.2551,-0.0062,0.0024,-0.0032,1.0000,0.2044,-0.0262,0.0060
201002,Left,2,0.3411,0.0620,-0.9373,0.0368,-0.0204,0.0212,-0.0110,0.1197,0.0848,0.1407,-6.5016,-0.9734,7.4748,-0.0003,0.0003,-0.0001,1.0000,-0.1625,-0.0243,0.1869
201002,Right,2,0.3464,-0.1028,-0.9003,-0.2425,-0.3293,1.6839,-1.5210,-3.7506,0.3839,5.8394,-7.6677,2.0542,14.0088,-0.0041,0.0210,-0.0190,0.9996,-0.1832,0.0563,0.3539
201002,Pelvis,2,-0.5336,-0.4445,-0.5326,0.4837,-0.2890,-0.0987,-0.2521,-2.9734,0.3463,2.7172,12.3741,-3.5611,0.4009,-0.0036,-0.0012,-0.0032,1.0000,0.3091,-0.0900,0.0107
201003,Left,2,0.3413,0.0623,-0.9372,0.0367,-0.0242,0.0253,-0.0034,0.0321,-0.0433,0.1034,-6.4106,-0.8596,7.5164,-0.0003,0.0003,-0.0000,1.0000,-0.1602,-0.0214,0.1880
201003,Right,2,0.3582,-0.1067,-0.8919,-0.2547,0.4725,1.0626,-1.0317,-4.0523,0.5787,1.8247,-5.1956,1.7595,11.0502,0.0059,0.0133,-0.0129,0.9998,-0.1256,0.0440,0.2782
201003,Pelvis,2,-0.5332,-0.4439,-0.5336,0.4837,-0.0520,0.0812,-0.0288,-2.8880,0.2384,2.2284,11.9061,-3.3997,0.2723,-0.0006,0.0010,-0.0004,1.0000,0.2976,-0.0851,0.0066
201004,Left,2,0.3417,0.0630,-0.9370,0.0365,-0.0425,0.0443,-0.0235,0.0328,-0.0114,0.0661,-6.3934,-0.8973,7.4773,-0.0005,0.0006,-0.0003,1.0000,-0.1597,-0.0223,0.1870
201004,Right,2,0.3681,-0.1118,-0.8834,-0.2675,0.6110,0.9457,-1.0247,-3.6392,0.5427,-1.0400,-3.7657,1.5600,8.5960,0.0076,0.0118,-0.0128,0.9998,-0.0911,0.0385,0.2163
201004,Pelvis,2,-0.5349,-0.4437,-0.5314,0.4843,0.0268,-0.1459,0.1832,-1.0076,0.0400,0.7515,10.5063,-1.4699,0.2761,0.0003,-0.0018,0.0023,1.0000,0.2627,-0.0361,0.0074
201005,Left,2,0.3421,0.0636,-0.9368,0.0364,-0.0381,0.0369,-0.0147,0.0125,0.0601,-0.0306,-6.3238,-0.9730,7.3998,-0.0005,0.0005,-0.0002,1.0000,-0.1580,-0.0242,0.1851
201005,Right,2,0.3736,-0.1177,-0.8763,-0.2804,0.7516,0.6119,-0.9377,-3.4125,0.4358,-1.0520,-4.1337,1.5672,8.3093,0.0094,0.0076,-0.0117,0.9999,-0.1013,0.0384,0.2089
201005,Pelvis,2,-0.5371,-0.4421,-0.5297,0.4854,-0.0448,-0.0721,0.2561,0.3863,0.0476,-0.1877,9.6232,-0.1035,0.4193,-0.0006,-0.0009,0.0032,1.0000,0.2406,-0.0018,0.0107
201006,Left,2,0.3423,0.0640,-0.9367,0.0364,-0.0283,0.0194,-0.0046,0.0381,0.0316,-0.0141,-6.3575,-0.9525,7.3953,-0.0004,0.0002,-0.0001,1.0000,-0.1589,-0.0237,0.1849
201006,Right,2,0.3740,-0.1227,-0.8721,-0.2907,0.7062,0.1759,-0.6725,-3.3114,-0.1845,-1.8419,-3.9860,2.0749,7.3716,0.0088,0.0022,-0.0084,0.9999,-0.0988,0.0511,0.1850
201006,Pelvis,2,-0.5394,-0.4395,-0.5299,0.4849,-0.2281,-0.0086,0.1581,0.4345,0.2582,-0.8748,8.9313,-0.0993,0.6036,-0.0029,-0.0001,0.0020,1.0000,0.2233,-0.0020,0.0151
201007,Left,2,0.3423,0.0642,-0.9367,0.0365,-0.0202,0.0061,0.0030,0.0203,0.0260,-0.0281,-6.3363,-0.9535,7.3947,-0.0003,0.0001,0.0000,1.0000,-0.1584,-0.0238,0.1849
201007,Right,2,0.3701,-0.1279,-0.8716,-0.2950,0.5960,-0.1697,-0.1175,-3.0317,-0.9527,-2.3332,-4.1263,2.5958,6.5021,0.0074,-0.0021,-0.0015,1.0000,-0.1034,0.0638,0.1628
201007,Pelvis,2,-0.5413,-0.4364,-0.5315,0.4838,-0.3137,0.0626,0.0935,-0.5025,0.3600,-0.9803,8.7712,-1.0658,0.5673,-0.0039,0.0008,0.0012,1.0000,0.2193,-0.0263,0.0141
201008,Left,2,0.3422,0.0645,-0.9367,0.0364,-0.0220,-0.0042,-0.0031,0.0347,-0.0445,0.0510,-6.3960,-0.8948,7.4556,-0.0003,-0.0001,-0.0000,1.0000,-0.1599,-0.0223,0.1864
201008,Right,2,0.3637,-0.1330,-0.8746,-0.2917,0.3881,-0.3751,0.5178,-1.9721,-0.7030,-2.6424,-4.3338,1.8480,5.7966,0.0049,-0.0047,0.0065,1.0000,-0.1093,0.0448,0.1446
201008,Pelvis,2,-0.5432,-0.4340,-0.5324,0.4828,-0.2495,0.0059,0.0896,-1.0840,0.2349,-0.6901,9.0309,-1.6622,0.3636,-0.0031,0.0001,0.0011,1.0000,0.2258,-0.0413,0.0092
201009,Left,2,0.3420,0.0650,-0.9367,0.0364,-0.0328,-0.0068,-0.0111,0.0176,-0.0678,0.0008,-6.3481,-0.8763,7.4326,-0.0004,-0.0001,-0.0001,1.0000,-0.1587,-0.0218,0.1858
201009,Right,2,0.3554,-0.1375,-0.8799,-0.2838,0.2323,-0.5379,0.8976,-0.4374,0.3248,-2.3501,-4.9049,0.2320,5.6461,0.0029,-0.0067,0.0112,0.9999,-0.1236,0.0040,0.1403
201009,Pelvis,2,-0.5445,-0.4329,-0.5324,0.4824,-0.1151,-0.0281,0.0757,-1.1970,0.0206,-0.3868,9.3325,-1.7795,0.1351,-0.0014,-0.0004,0.0009,1.0000,0.2334,-0.0443,0.0035
201010,Left,2,0.3419,0.0654,-0.9368,0.0363,-0.0317,-0.0085,-0.0121,0.0067,-0.0642,-0.0256,-6.3204,-0.8876,7.4200,-0.0004,-0.0001,-0.0002,1.0000,-0.1580,-0.0221,0.1855
201010,Right,2,0.3448,-0.1404,-0.8862,-0.2758,0.1616,-0.7622,0.9011,1.2667,1.3067,-1.9624,-5.7048,-1.4112,5.5143,0.0020,-0.0095,0.0113,0.9999,-0.1435,-0.0372,0.1364
201010,Pelvis,2,-0.5447,-0.4327,-0.5320,0.4826,0.0075,-0.0163,0.0366,-1.1323,-0.0590,-0.2865,9.4371,-1.7234,0.0640,0.0001,-0.0002,0.0005,1.0000,0.2359,-0.0430,0.0016
201011,Left,2,0.3417,0.0658,-0.9368,0.0363,-0.0224,-0.0070,-0.0077,0.0160,-0.0340,-0.0670,-6.2990,-0.9201,7.3794,-0.0003,-0.0001,-0.0001,1.0000,-0.1575,-0.0229,0.1845
201011,Right,2,0.3324,-0.1418,-0.8923,-0.2705,0.1659,-0.9553,0.6903,2.5497,1.2891,-2.3008,-6.1852,-2.0313,4.7130,0.0021,-0.0119,0.0086,0.9999,-0.1556,-0.0524,0.1159
201011,Pelvis,2,-0.5442,-0.4335,-0.5316,0.4831,0.0912,-0.0127,-0.0149,-1.0213,-0.1257,-0.3077,9.4248,-1.6051,0.0154,0.0011,-0.0002,-0.0002,1.0000,0.2356,-0.0402,0.0004
201012,Left,2,0.3416,0.0658,-0.9368,0.0362,-0.0030,-0.0026,0.0022,-0.0178,-0.0140,-0.1018,-6.2496,-0.9443,7.3725,-0.0000,-0.0000,0.0000,1.0000,-0.1562,-0.0236,0.1843
201012,Right,2,0.3204,-0.1418,-0.8976,-0.2674,0.1313,-0.9582,0.4684,3.2661,0.2756,-2.4567,-6.8498,-1.5231,3.9520,0.0016,-0.0120,0.0059,0.9999,-0.1722,-0.0392,0.0967
201012,Pelvis,2,-0.5431,-0.4347,-0.5309,0.4840,0.1533,-0.0031,-0.0340,-0.9995,-0.1650,-0.0618,9.6739,-1.5881,-0.0077,0.0019,-0.0000,-0.0004,1.0000,0.2418,-0.0398,-0.0003
201013,Left,2,0.3417,0.0655,-0.9368,0.0363,0.0218,0.0055,0.0207,-0.0711,0.0000,-0.1287,-6.1916,-0.9592,7.3844,0.0003,0.0001,0.0003,1.0000,-0.1548,-0.0241,0.1846
201013,Right,2,0.3098,-0.1406,-0.9023,-0.2647,0.0340,-0.8656,0.3847,3.5399,-1.3343,-1.3948,-8.2635,-0.1892,4.1055,0.0004,-0.0108,0.0048,0.9999,-0.2077,-0.0058,0.1004
201013,Pelvis,2,-0.5414,-0.4363,-0.5301,0.4853,0.2128,0.0114,-0.0406,-0.9974,-0.2668,0.1747,9.9155,-1.5773,-0.0907,0.0027,0.0001,-0.0005,1.0000,0.2479,-0.0396,-0.0024
201014,Left,2,0.3419,0.0649,-0.9368,0.0365,0.0410,0.0138,0.0388,-0.0662,0.0164,-0.1055,-6.2124,-0.9679,7.3961,0.0005,0.0002,0.0005,1.0000,-0.1553,-0.0244,0.1849
201014,Right,2,0.3005,-0.1391,-0.9073,-0.2591,-0.0969,-0.7640,0.5743,3.6083,-3.0478,-0.7499,-9.2948,1.3380,4.0329,-0.0012,-0.0095,0.0072,0.9999,-0.2336,0.0319,0.0986
201014,Pelvis,2,-0.5395,-0.4385,-0.5290,0.4867,0.2742,-0.0106,-0.0621,-0.9315,-0.4873,0.1747,9.9304,-1.4687,-0.2879,0.0034,-0.0001,-0.0008,1.0000,0.2482,-0.0369,-0.0073
201015,Left,2,0.3421,0.0642,-0.9368,0.0368,0.0499,0.0166,0.0519,-0.0453,0.0454,-0.0329,-6.2791,-0.9870,7.4329,0.0006,0.0002,0.0006,1.0000,-0.1569,-0.0249,0.1858
201015,Right,2,0.2922,-0.1378,-0.9131,-0.2487,-0.2276,-0.6492,0.9402,3.7865,-3.7273,-0.5530,-9.6971,1.9838,4.0012,-0.0028,-0.0081,0.0118,0.9999,-0.2438,0.0470,0.0979
201015,Pelvis,2,-0.5374,-0.4413,-0.5276,0.4879,0.2991,-0.0446,-0.0915,-0.8060,-0.7325,0.0636,9.8391,-1.2877,-0.5118,0.0037,-0.0006,-0.0011,1.0000,0.2459,-0.0324,-0.0128
201016,Left,2,0.3423,0.0634,-0.9367,0.0372,0.0487,0.0177,0.0573,-0.0396,0.0442,-0.0459,-6.2787,-0.9673,7.4187,0.0006,0.0002,0.0007,1.0000,-0.1569,-0.0244,0.1855
201016,Right,2,0.2846,-0.1372,-0.9197,-0.2330,-0.3191,-0.5399,1.3474,4.1449,-3.1666,-0.3358,-9.7594,1.5937,4.3868,-0.0040,-0.0067,0.0168,0.9998,-0.2453,0.0362,0.1079
201016,Pelvis,2,-0.5358,-0.4444,-0.5260,0.4886,0.2858,-0.0989,-0.1038,-0.7085,-0.8747,0.0054,9.7938,-1.1497,-0.6486,0.0036,-0.0012,-0.0013,1.0000,0.2448,-0.0290,-0.0160
201017,Left,2,0.3427,0.0627,-0.9366,0.0376,0.0435,0.0329,0.0562,-0.0370,0.0511,-0.0234,-6.3008,-0.9597,7.4306,0.0005,0.0004,0.0007,1.0000,-0.1574,-0.0242,0.1858
201017,Right,2,0.2777,-0.1375,-0.9261,-0.2153,-0.3103,-0.4457,1.5053,4.5670,-1.2728,-0.8024,-9.0465,0.0045,4.6725,-0.0039,-0.0056,0.0188,0.9998,-0.2268,-0.0037,0.1156
201017,Pelvis,2,-0.5342,-0.4479,-0.5243,0.4889,0.2755,-0.1402,-0.1302,-0.7664,-0.8377,-0.1652,9.6207,-1.1791,-0.6442,0.0034,-0.0018,-0.0016,1.0000,0.2405,-0.0298,-0.0158
201018,Left,2,0.3432,0.0620,-0.9365,0.0379,0.0420,0.0375,0.0544,0.0219,-0.0065,0.0053,-6.3696,-0.8832,7.4190,0.0005,0.0005,0.0007,1.0000,-0.1591,-0.0223,0.1855
201018,Right,2,0.2766,-0.1355,-0.9299,-0.2012,-0.4743,-0.0404,1.0796,3.2031,-1.4986,1.2917,-9.2437,1.3659,6.9646,-0.0059,-0.0005,0.0135,0.9999,-0.2316,0.0321,0.1738
201018,Pelvis,2,-0.5329,-0.4518,-0.5227,0.4885,0.2533,-0.1864,-0.1715,-0.7618,-0.7096,-0.4419,9.3424,-1.1445,-0.5541,0.0032,-0.0023,-0.0021,1.0000,0.2335,-0.0291,-0.0134
201019,Left,2,0.3437,0.0614,-0.9363,0.0383,0.0395,0.0444,0.0500,-0.0236,0.0425,0.0247,-6.3570,-0.9240,7.4506,0.0005,0.0006,0.0006,1.0000,-0.1588,-0.0233,0.1863
201019,Right,2,0.2633,-0.1194,-0.9356,-0.2026,-1.0026,-1.3910,-0.2275,3.9871,12.9601,6.1005,-7.9270,-11.2059,15.7712,-0.0125,-0.0174,-0.0028,0.9998,-0.2058,-0.2746,0.3942
201019,Pelvis,2,-0.5314,-0.4558,-0.5215,0.4878,0.2408,-0.1721,-0.2096,-0.6081,0.2796,-0.1988,9.5681,-1.0731,0.4174,0.0030,-0.0022,-0.0026,1.0000,0.2391,-0.0275,0.0109
201020,Left,2,0.3448,0.0608,-0.9359,0.0387,0.0360,0.0960,0.0658,-0.1878,0.2076,-0.0436,-6.2064,-1.0851,7.4711,0.0004,0.0012,0.0008,1.0000,-0.1549,-0.0273,0.1870
201020,Right,2,0.2595,-0.1192,-0.9369,-0.2017,0.0195,-0.3044,0.1265,-2.0396,-2.3078,0.9586,-4.9276,4.2218,9.1324,0.0002,-0.0038,0.0016,1.0000,-0.1242,0.1053,0.2279
201020,Pelvis,2,-0.5300,-0.4582,-0.5204,0.4881,0.2054,-0.0779,-0.1009,0.9928,1.3633,1.1779,10.9866,0.3836,1.6690,0.0026,-0.0010,-0.0013,1.0000,0.2746,0.0091,0.0420
201021,Left,2,0.3471,0.0601,-0.9351,0.0399,0.0236,0.1856,0.1252,-0.2058,0.1293,-0.0274,-6.2289,-0.9920,7.4852,0.0003,0.0023,0.0016,1.0000,-0.1552,-0.0251,0.1875
201021,Right,2,0.2621,-0.1198,-0.9362,-0.2013,0.0191,0.2285,0.0055,-0.0573,0.8081,0.0166,-4.9757,0.4739,8.5024,0.0002,0.0029,0.0001,1.0000,-0.1238,0.0118,0.2129
201021,Pelvis,2,-0.5306,-0.4571,-0.5196,0.4894,0.0196,0.0306,0.1505,1.3059,1.2810,3.0411,12.8633,0.6214,1.6481,0.0002,0.0004,0.0019,1.0000,0.3216,0.0161,0.0411
201022,Left,2,0.3506,0.0599,-0.9337,0.0413,-0.0144,0.3025,0.1401,-0.1836,0.0017,0.1137,-6.3819,-0.8545,7.5570,-0.0002,0.0038,0.0018,1.0000,-0.1588,-0.0216,0.1895
201022,Right,2,0.2641,-0.1209,-0.9356,-0.2006,0.0492,0.1891,0.0515,0.2917,0.1394,0.0406,-5.5135,0.9268,8.1200,0.0006,0.0024,0.0006,1.0000,-0.1374,0.0230,0.2033
201022,Pelvis,2,-0.5295,-0.4564,-0.5193,0.4916,0.1143,0.1332,0.0907,-0.9780,1.5611,0.9082,10.6260,-1.6169,1.6750,0.0014,0.0017,0.0011,1.0000,0.2658,-0.0402,0.0414
201023,Left,2,0.3580,0.0603,-0.9308,0.0431,-0.0729,0.6300,0.1743,-1.0144,0.2516,0.0050,-5.7897,-1.1779,7.9104,-0.0009,0.0079,0.0022,1.0000,-0.1431,-0.0296,0.1989
201023,Right,2,0.2645,-0.1217,-0.9356,-0.1999,0.0523,0.0549,0.0683,0.2201,-0.3024,0.1284,-5.6650,1.3781,8.0606,0.0007,0.0007,0.0009,1.0000,-0.1415,0.0342,0.2016
201023,Pelvis,2,-0.5253,-0.4588,-0.5182,0.4950,0.4470,0.1506,-0.0740,-1.7641,1.3023,-0.7829,8.9041,-2.2884,1.3507,0.0056,0.0019,-0.0009,1.0000,0.2226,-0.0576,0.0330
201024,Left,2,0.3790,0.0609,-0.9222,0.0467,-0.1139,1.7951,0.3930,-2.9673,0.1032,-0.1461,-4.5103,-1.2469,8.9655,-0.0014,0.0224,0.0049,0.9997,-0.1075,-0.0314,0.2266
201024,Right,2,0.2639,-0.1222,-0.9358,-0.1994,0.0470,-0.0327,0.0536,0.1296,-0.1505,0.0552,-5.5070,1.2895,8.0886,0.0006,-0.0004,0.0007,1.0000,-0.1378,0.0320,0.2022
201024,Pelvis,2,-0.5193,-0.4618,-0.5159,0.5008,0.6947,0.2436,-0.0191,-1.2007,1.0998,-1.2990,8.4144,-1.6590,1.2569,0.0087,0.0030,-0.0002,1.0000,0.2104,-0.0418,0.0304
201025,Right,2,0.2631,-0.1227,-0.9360,-0.1992,0.0511,-0.0464,0.0425,-0.0446,-0.1282,0.0342,-5.3422,1.3572,8.1608,0.0006,-0.0006,0.0005,1.0000,-0.1337,0.0337,0.2040
201025,Pelvis,2,-0.5137,-0.4631,-0.5134,0.5079,0.6671,0.3315,0.1288,0.3466,0.8031,-1.2973,8.4820,-0.0878,1.1516,0.0083,0.0041,0.0016,1.0000,0.2122,-0.0021,0.0279
201026,Left,2,0.4706,0.0546,-0.8787,0.0579,0.1318,4.0107,0.8192,-2.6815,-0.0286,1.0823,-6.7386,-1.0083,8.9390,0.0033,0.1001,0.0204,0.9948,-0.2889,-0.0582,0.4774
201026,Right,2,0.2626,-0.1229,-0.9361,-0.1990,0.0366,-0.0365,0.0251,-0.0096,0.0574,0.0417,-5.3061,1.1884,8.2186,0.0005,-0.0005,0.0003,1.0000,-0.1328,0.0296,0.2054
201026,Pelvis,2,-0.5092,-0.4635,-0.5108,0.5147,0.5822,0.3081,0.2012,2.2218,0.4022,0.1104,9.9827,1.7168,0.9826,0.0073,0.0039,0.0025,1.0000,0.2496,0.0434,0.0239
201027,Left,2,0.5146,0.0544,-0.8532,0.0655,-0.1795,4.0248,0.8606,-1.7415,1.2708,7.2967,-13.9137,-2.1073,9.9805,-0.0022,0.0503,0.0108,0.9987,-0.3341,-0.0557,0.2667
201027,Right,2,0.2624,-0.1233,-0.9362,-0.1988,0.0359,-0.0022,0.0267,0.0127,0.0402,0.0789,-5.3435,1.2068,8.2363,0.0004,-0.0000,0.0003,1.0000,-0.1336,0.0300,0.2059
201027,Pelvis,2,-0.5059,-0.4638,-0.5085,0.5199,0.4419,0.2190,0.1709,2.5506,-0.1229,0.8966,10.8141,1.9877,0.5597,0.0055,0.0027,0.0021,1.0000,0.2703,0.0502,0.0135
201028,Left,2,0.5378,0.0558,-0.8380,0.0737,-0.3782,2.1892,0.6919,-4.0461,3.0594,6.1121,-12.7162,-4.0378,10.0698,-0.0047,0.0274,0.0086,0.9996,-0.3100,-0.1024,0.2608
201028,Right,2,0.2625,-0.1237,-0.9361,-0.1987,0.0404,0.0246,0.0216,0.0464,0.0144,0.0523,-5.3642,1.2202,8.1888,0.0005,0.0003,0.0003,1.0000,-0.1341,0.0304,0.2048
201028,Pelvis,2,-0.5031,-0.4655,-0.5070,0.5226,0.3565,0.0745,-0.0065,1.1557,-0.3938,0.3774,10.2418,0.6128,0.2413,0.0045,0.0009,-0.0001,1.0000,0.2561,0.0153,0.0059
201029,Pelvis,2,-0.4996,-0.4678,-0.5064,0.5245,0.3386,0.0869,-0.1255,0.8696,-0.5728,0.5935,10.4524,0.3371,0.0873,0.0042,0.0011,-0.0016,1.0000,0.2613,0.0080,0.0019
201030,Left,2,0.5424,0.0559,-0.8360,0.0613,0.2724,0.2274,-0.3955,-4.8080,3.6640,-0.0205,-7.1632,-4.6409,7.7188,0.0068,0.0057,-0.0099,0.9999,-0.3583,-0.2311,0.3864
201030,Right,2,0.2628,-0.1242,-0.9359,-0.1988,0.0288,0.0209,-0.0008,0.0103,0.0424,-0.0165,-5.2958,1.2109,8.1521,0.0007,0.0005,-0.0000,1.0000,-0.2646,0.0603,0.4078
201030,Pelvis,2,-0.4958,-0.4695,-0.5072,0.5258,0.2495,0.1611,-0.1905,1.6361,-0.2442,0.0162,9.8895,1.1685,0.4182,0.0031,0.0020,-0.0024,1.0000,0.2473,0.0286,0.0100
201031,Left,2,0.5326,0.0605,-0.8422,0.0581,-0.1803,-0.8736,-0.4793,-4.2556,-1.2641,-3.1891,-4.2070,0.3321,6.7656,-0.0023,-0.0109,-0.0060,0.9999,-0.1070,0.0093,0.1680
201031,Right,2,0.2626,-0.1241,-0.9360,-0.1990,0.0134,-0.0168,-0.0086,-0.0685,0.0718,-0.1783,-5.1386,1.1998,8.0614,0.0002,-0.0002,-0.0001,1.0000,-0.1285,0.0300,0.2015
201031,Pelvis,2,-0.4925,-0.4706,-0.5092,0.5261,0.1226,0.1684,-0.2427,2.0037,-0.1112,-0.4616,9.4110,1.6102,0.5569,0.0015,0.0021,-0.0030,1.0000,0.2354,0.0395,0.0135
201032,Left,2,0.5132,0.0614,-0.8538,0.0625,-0.2791,-1.8091,0.1189,-3.5186,-2.3175,-5.1140,-2.5445,1.5105,5.5749,-0.0035,-0.0226,0.0015,0.9997,-0.0668,0.0381,0.1378
201032,Right,2,0.2622,-0.1239,-0.9361,-0.1992,0.0058,-0.0339,-0.0104,-0.0307,0.0162,-0.1242,-5.2090,1.2378,8.0748,0.0001,-0.0004,-0.0001,1.0000,-0.1303,0.0309,0.2018
201032,Pelvis,2,-0.4900,-0.4710,-0.5119,0.5253,-0.0128,0.1549,-0.2561,1.7169,-0.2584,-0.7375,9.1243,1.3930,0.4248,-0.0002,0.0019,-0.0032,1.0000,0.2282,0.0341,0.0102
201033,Left,2,0.4884,0.0620,-0.8674,0.0729,-0.5269,-2.2920,0.5029,-2.7195,-2.9422,-6.1063,-1.7356,2.2660,4.6531,-0.0066,-0.0286,0.0063,0.9995,-0.0470,0.0571,0.1146
201033,Right,2,0.2616,-0.1237,-0.9362,-0.1993,0.0028,-0.0491,-0.0064,-0.0013,0.0096,-0.0692,-5.2549,1.2350,8.1115,0.0000,-0.0006,-0.0001,1.0000,-0.1315,0.0309,0.2027
201033,Pelvis,2,-0.4882,-0.4711,-0.5149,0.5241,-0.0800,0.1373,-0.2491,0.8451,-0.4040,-0.5048,9.3317,0.5721,0.3271,-0.0010,0.0017,-0.0031,1.0000,0.2333,0.0136,0.0078
201034,Left,2,0.4623,0.0646,-0.8802,0.0852,-0.7438,-2.3518,0.5591,-1.4753,-1.7392,-6.0454,-2.2429,1.2777,3.5689,-0.0093,-0.0294,0.0070,0.9995,-0.0589,0.0324,0.0872
201034,Right,2,0.2609,-0.1235,-0.9364,-0.1994,0.0064,-0.0539,-0.0008,0.0095,-0.0126,-0.0781,-5.2542,1.2468,8.0994,0.0001,-0.0007,-0.0000,1.0000,-0.1315,0.0312,0.2024
201034,Pelvis,2,-0.4870,-0.4712,-0.5169,0.5231,-0.0677,0.0790,-0.1751,0.4566,-0.5336,-0.1706,9.6618,0.2251,0.2486,-0.0008,0.0010,-0.0022,1.0000,0.2416,0.0051,0.0060
201035,Left,2,0.4368,0.0666,-0.8922,0.0932,-0.5481,-2.2562,0.2806,0.1321,-0.0928,-4.0960,-4.6913,-0.0865,3.2711,-0.0069,-0.0282,0.0035,0.9996,-0.1195,-0.0020,0.0784
201035,Right,2,0.2603,-0.1233,-0.9366,-0.1994,0.0111,-0.0478,0.0079,-0.0433,0.0189,-0.1100,-5.1748,1.2374,8.1139,0.0001,-0.0006,0.0001,1.0000,-0.1295,0.0309,0.2028
201035,Pelvis,2,-0.4869,-0.4712,-0.5178,0.5223,-0.0560,0.0071,-0.0743,0.5366,-0.7259,0.0239,9.8719,0.3320,0.0857,-0.0007,0.0001,-0.0009,1.0000,0.2468,0.0081,0.0021
201036,Left,2,0.4122,0.0686,-0.9038,0.0924,-0.2354,-2.1379,-0.3322,1.8843,-0.2909,-1.9597,-7.2286,0.3712,3.5959,-0.0029,-0.0267,-0.0042,0.9996,-0.1830,0.0103,0.0850
201036,Right,2,0.2600,-0.1233,-0.9367,-0.1994,0.0104,-0.0265,0.0080,-0.1038,0.0019,-0.2173,-5.0665,1.2659,8.0506,0.0001,-0.0003,0.0001,1.0000,-0.1267,0.0316,0.2012
201036,Pelvis,2,-0.4876,-0.4709,-0.5179,0.5218,-0.0699,-0.0408,0.0059,0.8488,-0.7986,-0.5289,9.3330,0.6643,-0.0300,-0.0009,-0.0005,0.0001,1.0000,0.2333,0.0166,-0.0006
201037,Left,2,0.3882,0.0703,-0.9148,0.0863,-0.0371,-2.0466,-0.7018,4.7559,-0.9722,1.0660,-11.1073,1.3897,4.0792,-0.0005,-0.0256,-0.0088,0.9996,-0.2798,0.0372,0.0948
201037,Right,2,0.2598,-0.1234,-0.9368,-0.1993,0.0226,-0.0052,0.0124,-0.0468,-0.0002,-0.1490,-5.1442,1.2536,8.0842,0.0003,-0.0001,0.0002,1.0000,-0.1286,0.0313,0.2021
201037,Pelvis,2,-0.4895,-0.4704,-0.5177,0.5207,-0.1304,-0.1102,0.0530,0.8959,-0.9806,-0.8372,9.0417,0.7134,-0.2500,-0.0016,-0.0014,0.0007,1.0000,0.2260,0.0180,-0.0060
201038,Left,2,0.3644,0.0668,-0.9254,0.0795,0.3645,-2.0414,-0.5916,7.5530,-0.3016,1.6552,-13.3539,1.1065,3.0234,0.0046,-0.0255,-0.0074,0.9996,-0.3354,0.0298,0.0672
201038,Right,2,0.2597,-0.1237,-0.9368,-0.1992,0.0293,-0.0004,0.0148,-0.0207,0.0339,-0.1224,-5.1666,1.2196,8.1069,0.0004,-0.0000,0.0002,1.0000,-0.1292,0.0304,0.2027
201038,Pelvis,2,-0.4925,-0.4696,-0.5170,0.5192,-0.1994,-0.1761,0.1117,0.7028,-1.3058,-0.8624,9.0376,0.5087,-0.6083,-0.0025,-0.0022,0.0014,1.0000,0.2260,0.0130,-0.0147
201039,Left,2,0.3446,0.0619,-0.9340,0.0713,0.5227,-1.7010,-0.6197,8.6969,0.4947,0.6054,-13.4291,0.4418,1.9775,0.0065,-0.0213,-0.0077,0.9997,-0.3366,0.0134,0.0424
201039,Right,2,0.2596,-0.1239,-0.9368,-0.1991,0.0271,0.0005,0.0165,-0.0305,0.0314,-0.1242,-5.1575,1.2310,8.1089,0.0003,0.0000,0.0002,1.0000,-0.1289,0.0307,0.2027
201039,Pelvis,2,-0.4969,-0.4681,-0.5160,0.5175,-0.2727,-0.2330,0.1910,0.8167,-1.3367,-0.8134,9.0905,0.5910,-0.6750,-0.0034,-0.0029,0.0024,1.0000,0.2273,0.0153,-0.0163
201040,Left,2,0.3319,0.0599,-0.9393,0.0629,0.3412,-1.0585,-0.6535,6.7724,-0.4340,-1.9466,-10.1742,1.0176,1.8403,0.0043,-0.0132,-0.0082,0.9999,-0.2547,0.0273,0.0428
201040,Right,2,0.2595,-0.1241,-0.9368,-0.1990,0.0245,0.0054,0.0183,-0.0781,0.0276,-0.1906,-5.0850,1.2515,8.0727,0.0003,0.0001,0.0002,1.0000,-0.1271,0.0312,0.2018
201040,Pelvis,2,-0.5025,-0.4660,-0.5147,0.5152,-0.3689,-0.2813,0.2505,0.8600,-1.1828,-0.3830,9.5098,0.5698,-0.5453,-0.0046,-0.0035,0.0031,1.0000,0.2377,0.0149,-0.0129
201041,Left,2,0.3345,0.0670,-0.9386,0.0505,-0.1931,0.3150,-1.0973,6.3403,-1.1199,2.8632,-12.8440,1.0180,6.0116,-0.0024,0.0039,-0.0137,0.9999,-0.3201,0.0302,0.1515
201041,Right,2,0.2599,-0.1242,-0.9367,-0.1989,0.0170,0.0328,0.0103,-0.1904,0.0152,-0.2854,-4.9523,1.3028,8.0364,0.0002,0.0004,0.0001,1.0000,-0.1237,0.0325,0.2010
201041,Pelvis,2,-0.5090,-0.4631,-0.5132,0.5129,-0.4271,-0.3003,0.3305,1.0887,-0.7338,-0.2461,9.6290,0.7106,-0.1428,-0.0053,-0.0038,0.0041,1.0000,0.2407,0.0187,-0.0028
201042,Left,2,0.3290,0.0663,-0.9407,0.0489,0.0839,-0.4606,-0.1380,0.8495,-1.9331,4.7151,-9.7189,0.6841,10.9815,0.0010,-0.0058,-0.0017,1.0000,-0.2445,0.0172,0.2731
201042,Right,2,0.2608,-0.1242,-0.9365,-0.1990,-0.0031,0.0777,-0.0209,-0.2481,-0.1729,-0.1685,-5.0382,1.5087,8.0896,-0.0000,0.0010,-0.0003,1.0000,-0.1257,0.0378,0.2024
201042,Pelvis,2,-0.5163,-0.4586,-0.5125,0.5105,-0.5608,-0.2371,0.3811,1.1013,1.7449,0.7983,10.5467,0.4571,2.3262,-0.0070,-0.0030,0.0048,1.0000,0.2634,0.0131,0.0588
201043,Left,2,0.3326,0.0655,-0.9395,0.0487,0.0731,0.2981,0.0356,0.2204,-0.1789,1.3133,-7.1549,-0.8127,8.4862,0.0009,0.0037,0.0004,1.0000,-0.1781,-0.0206,0.2128
201043,Right,2,0.2631,-0.1241,-0.9357,-0.1996,-0.0149,0.1875,-0.0804,-0.6664,0.0751,-0.4413,-4.5148,1.4256,8.1152,-0.0002,0.0023,-0.0010,1.0000,-0.1124,0.0358,0.2031
201043,Pelvis,2,-0.5201,-0.4578,-0.5140,0.5057,-0.4418,-0.2433,-0.0905,-1.9137,1.8996,4.6075,14.1936,-2.8380,2.3873,-0.0055,-0.0030,-0.0011,1.0000,0.3546,-0.0710,0.0612
201044,Left,2,0.3334,0.0651,-0.9393,0.0482,0.0441,0.0744,-0.0093,0.4870,0.5314,0.2577,-6.7666,-1.3688,7.3669,0.0006,0.0009,-0.0001,1.0000,-0.1690,-0.0343,0.1843
201044,Right,2,0.2705,-0.1248,-0.9333,-0.2007,0.0018,0.6081,-0.1820,-1.4542,0.4902,-0.6719,-3.7325,1.3559,8.3750,0.0000,0.0076,-0.0023,1.0000,-0.0916,0.0341,0.2101
201044,Pelvis,2,-0.5191,-0.4571,-0.5173,0.5040,-0.1819,0.1449,-0.2081,0.9023,2.0997,1.5091,11.2461,0.1505,2.6285,-0.0023,0.0018,-0.0026,1.0000,0.2813,0.0032,0.0652
201045,Left,2,0.3328,0.0648,-0.9396,0.0478,0.0326,-0.0482,-0.0254,0.2211,0.0811,0.1316,-6.4611,-0.9457,7.5036,0.0004,-0.0006,-0.0003,1.0000,-0.1616,-0.0237,0.1875
201045,Right,2,0.2889,-0.1281,-0.9268,-0.2031,0.0793,1.5458,-0.3947,-2.4540,0.6911,-0.3263,-3.3400,1.6447,9.0909,0.0010,0.0193,-0.0049,0.9998,-0.0789,0.0413,0.2289
201045,Pelvis,2,-0.5219,-0.4532,-0.5207,0.5012,-0.5231,0.0686,0.0110,2.6994,1.1496,-1.8650,8.0017,2.1913,1.7164,-0.0065,0.0009,0.0001,1.0000,0.2001,0.0551,0.0424
201046,Left,2,0.3321,0.0639,-0.9399,0.0478,0.0668,-0.0642,0.0258,0.0577,-0.0557,0.1922,-6.3552,-0.8296,7.6830,0.0008,-0.0008,0.0003,1.0000,-0.1590,-0.0210,0.1919
201046,Right,2,0.3268,-0.1344,-0.9125,-0.2062,0.0800,3.2205,-0.7000,-2.6555,1.3207,1.3314,-4.5932,1.3397,10.4961,0.0010,0.0402,-0.0087,0.9992,-0.1039,0.0342,0.2668
201046,Pelvis,2,-0.5236,-0.4476,-0.5269,0.4979,-0.6619,0.2927,-0.0914,1.5365,0.7507,-2.0184,7.8062,1.0630,1.2683,-0.0083,0.0037,-0.0011,1.0000,0.1953,0.0266,0.0308
201047,Left,2,0.3317,0.0631,-0.9400,0.0478,0.0628,-0.0302,0.0276,0.0990,-0.0038,0.1619,-6.3613,-0.8572,7.6356,0.0008,-0.0004,0.0003,1.0000,-0.1591,-0.0216,0.1908
201047,Right,2,0.3758,-0.1419,-0.8915,-0.2095,0.0566,4.2199,-0.9187,-1.5237,0.5187,1.6726,-6.7882,1.4541,9.2972,0.0007,0.0527,-0.0115,0.9985,-0.1567,0.0380,0.2410
201047,Pelvis,2,-0.5236,-0.4433,-0.5332,0.4950,-0.5328,0.3304,-0.1969,-0.7854,0.8103,0.0483,9.7541,-1.3386,1.2566,-0.0067,0.0041,-0.0025,1.0000,0.2439,-0.0339,0.0306
201048,Left,2,0.3314,0.0626,-0.9402,0.0478,0.0413,-0.0261,0.0144,0.0487,0.0943,0.0844,-6.2726,-0.9420,7.5981,0.0005,-0.0003,0.0002,1.0000,-0.1569,-0.0237,0.1899
201048,Right,2,0.4262,-0.1476,-0.8663,-0.2146,0.0147,4.3987,-1.1826,-1.6503,-0.0955,5.7313,-10.9815,2.2057,10.9157,0.0002,0.0550,-0.0148,0.9984,-0.2581,0.0590,0.2874
201048,Pelvis,2,-0.5236,-0.4402,-0.5383,0.4922,-0.4297,0.2229,-0.1953,-2.5367,0.5822,1.8492,11.5001,-3.0933,0.9754,-0.0054,0.0028,-0.0024,1.0000,0.2874,-0.0779,0.0240
201049,Left,2,0.3312,0.0624,-0.9403,0.0477,0.0182,-0.0124,0.0047,0.0115,-0.0073,0.0719,-6.2268,-0.8395,7.6308,0.0002,-0.0002,0.0001,1.0000,-0.1557,-0.0210,0.1907
201049,Right,2,0.4600,-0.1433,-0.8478,-0.2215,-0.4134,2.8177,-1.3402,-4.2898,-1.0003,5.6586,-10.7890,3.8907,11.2853,-0.0052,0.0352,-0.0167,0.9992,-0.2579,0.1031,0.2908
201049,Pelvis,2,-0.5232,-0.4376,-0.5420,0.4908,-0.2893,0.2247,-0.1079,-2.2270,0.2597,0.2347,9.9291,-2.6447,0.6288,-0.0036,0.0028,-0.0013,1.0000,0.2482,-0.0664,0.0153
201050,Left,2,0.3313,0.0623,-0.9402,0.0476,0.0096,0.0114,-0.0009,0.0491,-0.0061,0.0555,-6.2450,-0.8326,7.5955,0.0001,0.0001,-0.0000,1.0000,-0.1561,-0.0208,0.1899
201050,Right,2,0.4718,-0.1384,-0.8407,-0.2269,-0.2413,0.9246,-0.8123,-5.6398,2.6150,3.1237,-7.7244,1.0034,12.0556,-0.0030,0.0116,-0.0102,0.9999,-0.1893,0.0279,0.3035
201050,Pelvis,2,-0.5247,-0.4349,-0.5431,0.4905,-0.2254,0.0707,0.1036,-0.7890,-0.2664,0.5303,10.3048,-1.1652,0.3531,-0.0028,0.0009,0.0013,1.0000,0.2577,-0.0288,0.0087
201051,Left,2,0.3315,0.0623,-0.9402,0.0475,0.0084,0.0192,0.0032,0.0916,0.0331,0.0550,-6.2817,-0.8650,7.5613,0.0001,0.0002,0.0000,1.0000,-0.1570,-0.0217,0.1891
201051,Right,2,0.4744,-0.1393,-0.8394,-0.2255,-0.0188,0.2605,0.0795,-6.0548,-1.7064,-4.9270,-1.8908,4.6578,6.1784,-0.0002,0.0033,0.0010,1.0000,-0.0469,0.1164,0.1546
201051,Pelvis,2,-0.5267,-0.4308,-0.5445,0.4904,-0.3160,0.1202,0.1831,-0.2027,-0.1219,0.3357,10.1142,-0.6376,0.5860,-0.0040,0.0015,0.0023,1.0000,0.2529,-0.0153,0.0143
201052,Left,2,0.3316,0.0621,-0.9402,0.0475,0.0082,0.0091,0.0136,-0.0006,-0.0198,-0.0211,-6.1619,-0.8166,7.5657,0.0001,0.0001,0.0002,1.0000,-0.1540,-0.0205,0.1892
201052,Right,2,0.4722,-0.1337,-0.8454,-0.2107,-0.9524,-0.3089,0.9148,-5.5495,-1.6164,-2.3407,-4.2545,4.3360,7.2348,-0.0119,-0.0039,0.0114,0.9999,-0.1083,0.1093,0.1792
201052,Pelvis,2,-0.5282,-0.4262,-0.5472,0.4898,-0.3758,0.2014,0.1084,-0.6575,-0.0874,-0.4201,9.3370,-1.0971,0.5278,-0.0047,0.0025,0.0014,1.0000,0.2335,-0.0271,0.0127
201053,Left,2,0.3315,0.0620,-0.9402,0.0476,0.0104,-0.0044,0.0182,-0.0071,-0.0160,-0.0603,-6.1324,-0.8149,7.5391,0.0001,-0.0001,0.0002,1.0000,-0.1533,-0.0204,0.1885
201053,Right,2,0.4595,-0.1281,-0.8587,-0.1876,-1.1673,-1.2006,1.7095,-3.1676,0.1766,-3.0312,-4.1589,1.5610,6.0272,-0.0146,-0.0150,0.0214,0.9996,-0.1070,0.0389,0.1485
201053,Pelvis,2,-0.5292,-0.4227,-0.5496,0.4891,-0.3063,0.1661,0.0615,-1.3180,-0.1515,-0.9101,8.8246,-1.7372,0.3513,-0.0038,0.0021,0.0008,1.0000,0.2207,-0.0432,0.0085
201054,Pelvis,2,-0.5301,-0.4203,-0.5507,0.4888,-0.1872,0.0849,0.0701,-1.5089,-0.3374,-0.8966,8.8435,-1.9122,0.1556,-0.0023,0.0011,0.0009,1.0000,0.2211,-0.0476,0.0038
201055,Left,2,0.3310,0.0619,-0.9404,0.0478,0.0025,-0.0180,0.0113,-0.0090,-0.0281,-0.0393,-6.1395,-0.8016,7.5620,0.0001,-0.0004,0.0003,1.0000,-0.3071,-0.0402,0.3780
201055,Right,2,0.4113,-0.1105,-0.8936,-0.1417,-1.2539,-2.1928,1.7646,-0.1456,1.3315,-4.0309,-4.3191,-0.7800,3.9986,-0.0313,-0.0548,0.0441,0.9970,-0.2247,-0.0427,0.1891
201055,Pelvis,2,-0.5309,-0.4196,-0.5505,0.4889,-0.0553,-0.0160,0.0665,-1.1904,-0.5916,-0.6254,9.1463,-1.5871,-0.0126,-0.0007,-0.0002,0.0008,1.0000,0.2287,-0.0395,-0.0002
201056,Left,2,0.3308,0.0619,-0.9405,0.0477,-0.0001,-0.0171,0.0030,-0.0558,0.0074,-0.1079,-6.0556,-0.8367,7.5376,-0.0000,-0.0002,0.0000,1.0000,-0.1514,-0.0209,0.1884
201056,Right,2,0.3865,-0.1037,-0.9074,-0.1285,-0.7441,-2.1768,1.0944,2.6111,1.4275,-5.2959,-4.8364,-1.8158,1.6046,-0.0093,-0.0272,0.0137,0.9995,-0.1213,-0.0467,0.0372
201056,Pelvis,2,-0.5314,-0.4200,-0.5497,0.4889,0.0303,-0.0757,0.0303,-0.9398,-0.7458,-0.3985,9.3947,-1.3389,-0.1111,0.0004,-0.0009,0.0004,1.0000,0.2349,-0.0334,-0.0026
201057,Left,2,0.3307,0.0620,-0.9405,0.0477,-0.0031,-0.0060,0.0005,-0.0203,0.0024,-0.0373,-6.1245,-0.8344,7.5733,-0.0000,-0.0001,0.0000,1.0000,-0.1531,-0.0209,0.1893
201057,Right,2,0.3662,-0.0999,-0.9171,-0.1219,-0.3412,-1.7459,0.6283,3.2188,-0.4991,-2.3201,-7.6188,0.1780,2.9464,-0.0043,-0.0218,0.0079,0.9997,-0.1920,0.0032,0.0695
201057,Pelvis,2,-0.5312,-0.4217,-0.5486,0.4888,0.1093,-0.1151,-0.0425,-0.9168,-0.7448,-0.3913,9.4027,-1.3162,-0.1244,0.0014,-0.0014,-0.0005,1.0000,0.2351,-0.0330,-0.0028
201058,Left,2,0.3306,0.0620,-0.9405,0.0476,-0.0026,-0.0066,-0.0018,-0.0003,0.0056,-0.0233,-6.1469,-0.8380,7.5726,-0.0000,-0.0001,-0.0000,1.0000,-0.1537,-0.0209,0.1893
201058,Right,2,0.3465,-0.0975,-0.9254,-0.1189,-0.1249,-1.6855,0.3889,4.0949,-2.1050,1.5374,-10.9785,1.8983,5.0908,-0.0016,-0.0211,0.0049,0.9998,-0.2773,0.0463,0.1214
201058,Pelvis,2,-0.5308,-0.4247,-0.5472,0.4884,0.1788,-0.1771,-0.1099,-0.9427,-0.8223,-0.6117,9.1908,-1.3001,-0.2504,0.0022,-0.0022,-0.0014,1.0000,0.2297,-0.0328,-0.0058
201059,Left,2,0.3305,0.0621,-0.9406,0.0475,-0.0044,-0.0015,-0.0023,-0.0233,0.0336,-0.0613,-6.1051,-0.8676,7.5543,-0.0001,-0.0000,-0.0000,1.0000,-0.1526,-0.0217,0.1889
201059,Right,2,0.3246,-0.0982,-0.9334,-0.1177,0.1761,-1.8217,0.3489,5.3755,-2.8087,1.2039,-11.5754,2.2710,4.3625,0.0022,-0.0228,0.0044,0.9997,-0.2920,0.0553,0.1026
201059,Pelvis,2,-0.5303,-0.4285,-0.5453,0.4876,0.2167,-0.2421,-0.1401,-1.0208,-0.7843,-0.6159,9.1830,-1.3562,-0.2668,0.0027,-0.0030,-0.0018,1.0000,0.2295,-0.0343,-0.0061
201060,Left,2,0.3305,0.0623,-0.9405,0.0475,-0.0119,0.0069,-0.0040,-0.0407,0.0489,-0.0824,-6.0787,-0.8863,7.5462,-0.0001,0.0001,-0.0001,1.0000,-0.1520,-0.0221,0.1887
201060,Right,2,0.3039,-0.1033,-0.9398,-0.1173,0.5295,-1.6555,0.3916,6.0497,-2.5248,-0.0456,-11.0654,1.8116,3.5586,0.0066,-0.0207,0.0049,0.9998,-0.2786,0.0434,0.0835
201060,Pelvis,2,-0.5303,-0.4327,-0.5431,0.4864,0.2053,-0.3038,-0.1486,-0.9568,-0.7987,-0.4952,9.3095,-1.2656,-0.3172,0.0026,-0.0038,-0.0019,1.0000,0.2327,-0.0321,-0.0071
201061,Pelvis,2,-0.5307,-0.4374,-0.5407,0.4844,0.1820,-0.3753,-0.1808,-0.9955,-0.8385,-0.5310,9.2772,-1.2603,-0.4363,0.0023,-0.0047,-0.0023,1.0000,0.2319,-0.0320,-0.0099
201062,Pelvis,2,-0.5314,-0.4429,-0.5379,0.4817,0.1949,-0.4599,-0.2185,-1.1716,-0.9399,-0.6164,9.1931,-1.3730,-0.6566,0.0024,-0.0057,-0.0027,1.0000,0.2298,-0.0349,-0.0152
201063,Left,2,0.3308,0.0634,-0.9404,0.0471,-0.0227,0.0135,-0.0121,-0.0012,0.0231,-0.0176,-6.1522,-0.8731,7.5719,-0.0009,0.0005,-0.0005,1.0000,-0.4612,-0.0648,0.5682
201063,Right,2,0.2783,-0.1002,-0.9463,-0.1303,0.0996,-0.7356,-0.2604,5.2918,0.4761,2.0747,-10.9796,-0.5733,6.9790,0.0037,-0.0276,-0.0098,0.9996,-0.8379,-0.0368,0.5003
201063,Pelvis,2,-0.5321,-0.4486,-0.5353,0.4786,0.1841,-0.4751,-0.2586,-1.2701,-0.4996,-0.3613,9.4269,-1.4902,-0.3257,0.0023,-0.0059,-0.0032,1.0000,0.2356,-0.0380,-0.0068
201064,Left,2,0.3313,0.0634,-0.9402,0.0472,-0.0026,0.0435,0.0153,-0.1385,0.2879,-0.0322,-6.0542,-1.1632,7.5995,-0.0000,0.0005,0.0002,1.0000,-0.1512,-0.0291,0.1901
201064,Right,2,0.2724,-0.1010,-0.9481,-0.1291,0.0916,-0.4655,0.1789,-1.6352,1.5412,-0.4188,-3.5202,0.1541,8.9934,0.0011,-0.0058,0.0022,1.0000,-0.0893,0.0034,0.2243
201064,Pelvis,2,-0.5318,-0.4537,-0.5333,0.4763,0.1993,-0.3518,-0.2517,-0.0088,1.6206,0.9926,10.7487,-0.5089,1.8943,0.0025,-0.0044,-0.0031,1.0000,0.2685,-0.0137,0.0485
201065,Left,2,0.3327,0.0631,-0.9397,0.0479,0.0068,0.1186,0.0768,-0.4015,0.3250,-0.1979,-5.7637,-1.2136,7.6170,0.0001,0.0015,0.0010,1.0000,-0.1438,-0.0305,0.1906
201065,Right,2,0.2748,-0.0999,-0.9475,-0.1291,-0.0923,0.1908,-0.0425,-0.0776,0.6770,0.0409,-5.1749,0.5633,8.3941,-0.0012,0.0024,-0.0005,1.0000,-0.1289,0.0144,0.2101
201065,Pelvis,2,-0.5324,-0.4569,-0.5305,0.4758,0.1915,-0.2896,-0.0301,1.6624,1.2592,3.8476,13.6593,1.1776,1.7296,0.0024,-0.0036,-0.0004,1.0000,0.3413,0.0292,0.0445
201066,Left,2,0.3369,0.0628,-0.9381,0.0496,-0.0066,0.3505,0.1708,-0.9289,0.2971,-0.2431,-5.3745,-1.2361,7.8813,-0.0001,0.0044,0.0021,1.0000,-0.1334,-0.0312,0.1976
201066,Right,2,0.2755,-0.1003,-0.9474,-0.1284,0.0210,0.0696,0.0521,0.1062,-0.3008,-0.0469,-5.4877,1.4141,7.9597,0.0003,0.0009,0.0007,1.0000,-0.1370,0.0352,0.1991
201066,Pelvis,2,-0.5302,-0.4594,-0.5285,0.4780,0.3561,-0.0138,-0.0170,-0.3835,2.1905,2.1584,11.9196,-0.9134,2.3116,0.0045,-0.0002,-0.0002,1.0000,0.2980,-0.0232,0.0577
201067,Left,2,0.3499,0.0616,-0.9333,0.0527,0.0264,1.0846,0.3596,-2.6845,0.9791,-0.1741,-4.2710,-2.1211,8.8506,0.0003,0.0136,0.0045,0.9999,-0.1035,-0.0536,0.2227
201067,Right,2,0.2753,-0.1009,-0.9475,-0.1276,0.0411,-0.0026,0.0803,0.0791,-0.3474,0.0965,-5.5565,1.4962,8.0750,0.0005,-0.0000,0.0010,1.0000,-0.1390,0.0372,0.2019
201067,Pelvis,2,-0.5254,-0.4643,-0.5257,0.4817,0.6563,0.0275,-0.1296,-1.7210,1.9343,-0.8088,8.9352,-2.1048,1.8725,0.0082,0.0003,-0.0016,1.0000,0.2233,-0.0534,0.0463
201068,Left,2,0.3830,0.0569,-0.9201,0.0589,0.2576,2.7984,0.8217,-3.9456,-0.2195,0.8217,-4.4226,-1.0966,10.3923,0.0032,0.0350,0.0103,0.9993,-0.1011,-0.0293,0.2634
201068,Pelvis,2,-0.5195,-0.4686,-0.5211,0.4889,0.8798,0.1539,0.0768,-1.2862,1.0862,-1.9480,7.8178,-1.5295,1.1090,0.0110,0.0019,0.0010,0.9999,0.1955,-0.0383,0.0269
201069,Left,2,0.4281,0.0502,-0.8997,0.0684,0.3272,3.8760,1.2089,-1.9400,-0.1234,2.4930,-7.8817,-0.7515,9.6258,0.0041,0.0484,0.0151,0.9987,-0.1848,-0.0227,0.2497
201069,Right,2,0.2741,-0.1008,-0.9479,-0.1273,0.0082,-0.0433,0.0204,0.0500,-0.0239,0.0689,-5.4455,1.2068,8.1572,0.0002,-0.0011,0.0005,1.0000,-0.2727,0.0601,0.4076
201069,Pelvis,2,-0.5140,-0.4705,-0.5164,0.4977,0.8420,0.2810,0.2630,0.8721,0.4595,-0.6916,9.1219,0.6302,0.7491,0.0105,0.0035,0.0033,0.9999,0.2281,0.0163,0.0181
201070,Pelvis,2,-0.5110,-0.4725,-0.5123,0.5031,0.5727,0.0761,0.1924,3.3694,0.0765,2.0761,11.9647,3.0275,0.6193,0.0072,0.0010,0.0024,1.0000,0.2989,0.0763,0.0157
201071,Left,2,0.4793,0.0370,-0.8732,0.0800,0.3629,2.2419,0.8262,-4.3987,2.3541,6.5233,-10.9457,-3.2352,12.7214,0.0091,0.0560,0.0206,0.9982,-0.5070,-0.1785,0.6637
201071,Right,2,0.2738,-0.1011,-0.9480,-0.1271,0.0254,-0.0060,0.0133,0.0067,0.0861,0.0022,-5.3407,1.1134,8.1595,0.0006,-0.0001,0.0003,1.0000,-0.2671,0.0553,0.4080
201071,Pelvis,2,-0.5080,-0.4736,-0.5116,0.5059,0.3130,0.1452,-0.0216,3.2574,-0.2781,1.2714,11.1747,2.9352,0.2351,0.0039,0.0018,-0.0003,1.0000,0.2794,0.0733,0.0057
201072,Left,2,0.4818,0.0407,-0.8717,0.0795,-0.2257,0.2614,-0.1505,-6.3090,2.4592,-2.6830,-2.9578,-3.4709,8.7114,-0.0028,0.0033,-0.0019,1.0000,-0.0734,-0.0860,0.2183
201072,Right,2,0.2740,-0.1015,-0.9479,-0.1270,0.0348,0.0246,0.0163,-0.0177,0.0980,-0.0490,-5.2898,1.1095,8.1319,0.0004,0.0003,0.0002,1.0000,-0.1322,0.0276,0.2033
201072,Pelvis,2,-0.5055,-0.4756,-0.5125,0.5057,0.1397,0.0473,-0.2253,1.8301,-0.0677,0.4986,10.3495,1.5572,0.3738,0.0017,0.0006,-0.0028,1.0000,0.2589,0.0382,0.0093
201073,Left,2,0.4798,0.0446,-0.8726,0.0800,-0.2962,-0.1410,-0.1192,-5.0169,0.8827,-2.6447,-3.5129,-1.7553,7.8681,-0.0037,-0.0018,-0.0015,1.0000,-0.0882,-0.0430,0.1967
201073,Right,2,0.2743,-0.1017,-0.9478,-0.1270,0.0252,0.0266,0.0070,0.0215,-0.0007,-0.0616,-5.3374,1.1948,8.0727,0.0003,0.0003,0.0001,1.0000,-0.1334,0.0298,0.2019
201073,Pelvis,2,-0.5016,-0.4771,-0.5148,0.5057,0.1278,0.1882,-0.3031,0.4408,-0.1887,0.0171,9.8360,0.2517,0.2112,0.0016,0.0024,-0.0038,1.0000,0.2459,0.0054,0.0047
201074,Left,2,0.4705,0.0502,-0.8770,0.0835,-0.5704,-0.7849,-0.0264,-4.5841,-0.1148,-3.6487,-2.7081,-0.7818,7.1470,-0.0071,-0.0098,-0.0003,0.9999,-0.0695,-0.0182,0.1781
201074,Right,2,0.2744,-0.1019,-0.9477,-0.1270,0.0272,0.0180,0.0031,-0.0117,0.0167,-0.0924,-5.2938,1.1877,8.0653,0.0003,0.0002,0.0000,1.0000,-0.1323,0.0296,0.2017
201074,Pelvis,2,-0.4975,-0.4786,-0.5167,0.5065,0.1947,0.2055,-0.2665,0.3950,-0.2353,-0.3746,9.4431,0.2828,0.1945,0.0024,0.0026,-0.0033,1.0000,0.2361,0.0063,0.0043
201075,Left,2,0.4561,0.0575,-0.8835,0.0901,-0.8234,-1.2230,0.1012,-3.5691,-0.7271,-3.7006,-2.9854,-0.0992,6.4582,-0.0103,-0.0153,0.0013,0.9998,-0.0771,-0.0009,0.1603
201075,Right,2,0.2745,-0.1021,-0.9477,-0.1270,0.0220,0.0142,-0.0002,-0.0591,0.0268,-0.1560,-5.2210,1.1869,8.0367,0.0003,0.0002,-0.0000,1.0000,-0.1305,0.0296,0.2009
201075,Pelvis,2,-0.4934,-0.4793,-0.5182,0.5083,0.2034,0.2690,-0.1725,1.1759,-0.3113,-0.5528,9.2703,1.1189,0.1863,0.0025,0.0034,-0.0022,1.0000,0.2318,0.0275,0.0039
201076,Left,2,0.4369,0.0658,-0.8918,0.0969,-0.9369,-1.6249,0.0349,-2.0993,-0.0595,-2.7415,-4.4561,-0.5891,5.8495,-0.0117,-0.0203,0.0004,0.9997,-0.1143,-0.0131,0.1441
201076,Right,2,0.2746,-0.1020,-0.9476,-0.1271,0.0089,0.0097,-0.0063,-0.0981,0.0285,-0.2126,-5.1596,1.1899,8.0084,0.0001,0.0001,-0.0001,1.0000,-0.1290,0.0297,0.2002
201076,Pelvis,2,-0.4902,-0.4790,-0.5201,0.5096,0.0966,0.2645,-0.1334,1.5157,-0.3692,-0.4774,9.3437,1.4955,0.1993,0.0012,0.0033,-0.0017,1.0000,0.2337,0.0370,0.0043
201077,Left,2,0.4144,0.0739,-0.9016,0.0990,-0.7677,-1.8862,-0.3196,0.3040,0.8332,-2.7181,-5.7998,-1.0345,4.0523,-0.0096,-0.0236,-0.0040,0.9997,-0.1474,-0.0243,0.0981
201077,Right,2,0.2748,-0.1018,-0.9476,-0.1273,-0.0045,0.0207,-0.0181,-0.0883,0.0255,-0.2108,-5.1719,1.1864,8.0030,-0.0001,0.0003,-0.0002,1.0000,-0.1292,0.0297,0.2001
201077,Pelvis,2,-0.4880,-0.4783,-0.5219,0.5106,0.0289,0.2240,-0.0931,1.2482,-0.5123,-0.6847,9.1406,1.2575,0.0935,0.0004,0.0028,-0.0012,1.0000,0.2286,0.0312,0.0017
201078,Left,2,0.3917,0.0801,-0.9119,0.0926,-0.3505,-1.8829,-0.8753,2.6924,0.8815,-1.9353,-7.7430,-0.7113,3.1041,-0.0044,-0.0235,-0.0109,0.9997,-0.1955,-0.0153,0.0731
201078,Right,2,0.2753,-0.1014,-0.9475,-0.1275,-0.0124,0.0332,-0.0261,-0.0571,0.0266,-0.1612,-5.2296,1.1751,8.0266,-0.0002,0.0004,-0.0003,1.0000,-0.1306,0.0295,0.2007
201078,Pelvis,2,-0.4870,-0.4778,-0.5227,0.5111,0.0080,0.1057,-0.0310,0.8359,-0.7726,-0.9139,8.9282,0.8642,-0.1520,0.0001,0.0013,-0.0004,1.0000,0.2232,0.0215,-0.0041
201079,Left,2,0.3683,0.0831,-0.9225,0.0797,0.0796,-1.9295,-1.2533,5.2070,-0.1088,-0.4309,-10.2900,0.4618,3.0127,0.0010,-0.0241,-0.0157,0.9996,-0.2587,0.0155,0.0691
201079,Pelvis,2,-0.4876,-0.4775,-0.5225,0.5112,-0.0222,-0.0241,0.0427,0.8747,-1.0776,-1.0006,8.8629,0.9077,-0.4509,-0.0003,-0.0003,0.0005,1.0000,0.2216,0.0228,-0.0112
201080,Left,2,0.3463,0.0819,-0.9323,0.0648,0.4599,-1.8155,-1.2650,7.3613,-0.7577,-0.4432,-11.6714,1.2106,2.2125,0.0057,-0.0227,-0.0158,0.9996,-0.2924,0.0346,0.0489
201080,Right,2,0.2762,-0.1010,-0.9472,-0.1279,-0.0039,0.0384,-0.0225,-0.0309,0.0018,-0.0892,-5.3064,1.1902,8.0606,-0.0001,0.0010,-0.0006,1.0000,-0.2649,0.0597,0.4033
201080,Pelvis,2,-0.4894,-0.4769,-0.5218,0.5106,-0.0998,-0.1056,0.0999,1.1402,-1.3955,-0.7270,9.1581,1.1646,-0.7556,-0.0012,-0.0013,0.0012,1.0000,0.2289,0.0294,-0.0186
201081,Left,2,0.3282,0.0789,-0.9400,0.0505,0.5731,-1.4768,-1.1337,8.4094,-1.2606,-0.8544,-12.1138,1.6003,1.8107,0.0072,-0.0185,-0.0142,0.9997,-0.3030,0.0440,0.0400
201081,Right,2,0.2766,-0.1009,-0.9470,-0.1281,0.0015,0.0380,-0.0221,-0.0205,-0.0379,-0.0945,-5.3304,1.2138,8.0348,0.0000,0.0005,-0.0003,1.0000,-0.1332,0.0304,0.2009
201081,Pelvis,2,-0.4924,-0.4757,-0.5212,0.5095,-0.1999,-0.1456,0.1318,1.1777,-1.4272,-0.4656,9.4221,1.1778,-0.7929,-0.0025,-0.0018,0.0016,1.0000,0.2355,0.0298,-0.0195
201082,Left,2,0.3164,0.0775,-0.9447,0.0388,0.3992,-0.9349,-0.9288,7.8392,-1.8854,-2.0140,-10.9077,1.9856,1.7075,0.0050,-0.0117,-0.0116,0.9999,-0.2726,0.0526,0.0398
201082,Right,2,0.2771,-0.1010,-0.9469,-0.1282,0.0185,0.0397,-0.0119,0.0102,0.0308,-0.0307,-5.3852,1.1445,8.0857,0.0002,0.0005,-0.0001,1.0000,-0.1345,0.0286,0.2022
201082,Pelvis,2,-0.4964,-0.4739,-0.5206,0.5079,-0.2789,-0.1827,0.1781,1.1170,-1.3501,-0.4319,9.4520,1.0823,-0.7467,-0.0035,-0.0023,0.0022,1.0000,0.2363,0.0275,-0.0182
201083,Left,2,0.3142,0.0791,-0.9455,0.0330,0.0297,-0.1426,-0.4904,5.6484,-1.2862,-3.6893,-8.1709,1.1623,1.7151,0.0004,-0.0018,-0.0061,1.0000,-0.2042,0.0303,0.0425
201083,Right,2,0.2775,-0.1011,-0.9467,-0.1284,0.0185,0.0396,-0.0097,-0.0148,0.0533,-0.0515,-5.3568,1.1278,8.0819,0.0002,0.0005,-0.0001,1.0000,-0.1338,0.0282,0.2021
201083,Pelvis,2,-0.5015,-0.4714,-0.5199,0.5060,-0.3648,-0.2172,0.2460,0.8991,-1.2422,-0.4430,9.4343,0.8162,-0.6861,-0.0046,-0.0027,0.0031,1.0000,0.2358,0.0211,-0.0166
201084,Left,2,0.3256,0.0673,-0.9425,0.0345,0.8641,0.9018,0.4976,-1.0202,-3.4568,0.7046,-5.5381,2.0734,9.4152,0.0108,0.0113,0.0062,0.9999,-0.1361,0.0484,0.2375
201084,Right,2,0.2782,-0.1010,-0.9465,-0.1286,0.0042,0.0620,-0.0269,-0.1877,-0.0218,-0.1495,-5.1863,1.2362,8.0614,0.0001,0.0008,-0.0003,1.0000,-0.1295,0.0309,0.2016
201084,Pelvis,2,-0.5071,-0.4681,-0.5187,0.5046,-0.3798,-0.2028,0.3322,1.1041,-0.1545,-0.4526,9.3754,0.9068,0.3672,-0.0047,-0.0025,0.0042,1.0000,0.2343,0.0237,0.0097
201085,Left,2,0.3322,0.0589,-0.9407,0.0358,0.6124,0.5175,0.3677,4.1121,-2.5678,9.7172,-15.3337,1.1168,12.9832,0.0077,0.0065,0.0046,0.9999,-0.3813,0.0237,0.3272
201085,Right,2,0.2806,-0.1006,-0.9457,-0.1293,-0.0174,0.1923,-0.0821,-0.5021,-0.2210,-0.1999,-4.9674,1.5021,8.1102,-0.0002,0.0024,-0.0010,1.0000,-0.1237,0.0377,0.2030
201085,Pelvis,2,-0.5127,-0.4640,-0.5185,0.5029,-0.4619,-0.1407,0.3137,0.0477,2.1880,1.2229,10.9173,-0.4135,2.6864,-0.0058,-0.0018,0.0039,1.0000,0.2728,-0.0089,0.0677
201086,Left,2,0.3340,0.0565,-0.9402,0.0360,0.1751,0.1432,0.0949,-0.3659,0.8352,0.0202,-5.9429,-1.6970,7.7020,0.0022,0.0018,0.0012,1.0000,-0.1482,-0.0430,0.1927
201086,Right,2,0.2861,-0.1007,-0.9438,-0.1310,0.0111,0.4511,-0.1914,-0.6671,-0.1188,-0.2014,-4.8838,1.4351,8.1808,0.0001,0.0056,-0.0024,1.0000,-0.1209,0.0361,0.2052
201086,Pelvis,2,-0.5151,-0.4633,-0.5197,0.4999,-0.2978,-0.1364,-0.0575,-1.3155,1.8977,3.7709,13.4396,-1.9001,2.3691,-0.0037,-0.0017,-0.0007,1.0000,0.3359,-0.0475,0.0600
201087,Left,2,0.3353,0.0553,-0.9398,0.0359,0.0996,0.1080,0.0332,0.2443,-0.0388,0.4401,-6.6802,-0.7658,7.7440,0.0012,0.0013,0.0004,1.0000,-0.1667,-0.0195,0.1938
201087,Right,2,0.2991,-0.1027,-0.9392,-0.1335,0.1243,1.0875,-0.2948,-1.7498,0.4779,-0.2044,-4.0739,1.1866,8.8097,0.0016,0.0136,-0.0037,0.9999,-0.0987,0.0297,0.2216
201087,Pelvis,2,-0.5166,-0.4609,-0.5219,0.4984,-0.3051,0.0605,0.0039,1.5101,1.9670,0.8154,10.5743,1.0012,2.5072,-0.0038,0.0008,0.0000,1.0000,0.2644,0.0253,0.0624
201088,Right,2,0.3294,-0.1076,-0.9280,-0.1368,0.2265,2.5786,-0.5005,-2.8692,1.0420,0.2100,-3.7771,1.0518,9.7180,0.0028,0.0322,-0.0063,0.9995,-0.0864,0.0262,0.2459
201088,Pelvis,2,-0.5208,-0.4553,-0.5250,0.4959,-0.6211,0.0805,0.1581,2.6922,0.8015,-0.7966,9.0530,2.2858,1.4138,-0.0078,0.0010,0.0020,1.0000,0.2262,0.0579,0.0347
201089,Left,2,0.3355,0.0543,-0.9398,0.0353,0.0453,0.0093,-0.0007,0.2237,-0.0014,0.2169,-6.5357,-0.7676,7.5722,0.0011,0.0002,-0.0000,1.0000,-0.3267,-0.0388,0.3786
201089,Right,2,0.3730,-0.1143,-0.9101,-0.1398,0.2630,3.7582,-0.6122,-1.8397,0.8189,0.8512,-5.7581,0.9854,9.1507,0.0033,0.0470,-0.0077,0.9989,-0.1328,0.0249,0.2353
201089,Pelvis,2,-0.5245,-0.4481,-0.5307,0.4924,-0.8071,0.2352,0.0542,1.4167,0.5421,-1.0118,8.8070,1.0036,1.0890,-0.0101,0.0029,0.0007,0.9999,0.2202,0.0255,0.0263
201090,Left,2,0.3350,0.0539,-0.9400,0.0353,0.0338,-0.0404,0.0121,0.0918,-0.1067,0.0947,-6.3498,-0.6570,7.5778,0.0004,-0.0005,0.0002,1.0000,-0.1588,-0.0165,0.1894
201090,Right,2,0.4250,-0.1200,-0.8857,-0.1430,0.1647,4.5599,-0.8153,-1.6287,-0.0485,2.5650,-8.2552,1.8219,9.1962,0.0021,0.0570,-0.0102,0.9983,-0.1924,0.0471,0.2412
201090,Pelvis,2,-0.5266,-0.4424,-0.5370,0.4884,-0.7216,0.2487,-0.1012,-1.0454,0.7072,-0.1198,9.5984,-1.5103,1.0651,-0.0090,0.0031,-0.0013,1.0000,0.2400,-0.0378,0.0262
201091,Left,2,0.3347,0.0536,-0.9402,0.0352,0.0214,-0.0269,0.0102,-0.0240,-0.0349,0.0540,-6.2298,-0.7311,7.6163,0.0003,-0.0003,0.0001,1.0000,-0.1558,-0.0183,0.1904
201091,Right,2,0.4690,-0.1229,-0.8618,-0.1492,0.1551,3.9107,-1.0316,-1.9543,-0.7841,6.6188,-12.4591,2.7836,10.5681,0.0019,0.0489,-0.0129,0.9987,-0.2971,0.0730,0.2791
201091,Pelvis,2,-0.5275,-0.4387,-0.5425,0.4847,-0.5473,0.1989,-0.1849,-2.6301,0.6706,0.4379,10.1102,-3.0774,0.8691,-0.0068,0.0025,-0.0023,1.0000,0.2526,-0.0774,0.0216
201092,Left,2,0.3346,0.0535,-0.9402,0.0352,0.0069,-0.0005,0.0043,0.0018,0.0094,0.0404,-6.2394,-0.7687,7.5870,0.0001,-0.0000,0.0001,1.0000,-0.1560,-0.0192,0.1897
201092,Right,2,0.4957,-0.1176,-0.8458,-0.1581,-0.1806,2.2962,-1.2640,-4.4582,-0.3590,3.6801,-9.4980,2.7925,10.2039,-0.0023,0.0287,-0.0158,0.9995,-0.2289,0.0741,0.2616
201092,Pelvis,2,-0.5280,-0.4362,-0.5457,0.4829,-0.3183,0.1388,-0.0826,-2.1783,0.3474,-0.0125,9.6995,-2.5430,0.6025,-0.0040,0.0017,-0.0010,1.0000,0.2424,-0.0638,0.0149
201093,Left,2,0.3348,0.0536,-0.9401,0.0351,-0.0047,0.0150,-0.0031,0.0422,-0.0134,0.0615,-6.2841,-0.7444,7.5801,-0.0001,0.0002,-0.0000,1.0000,-0.1571,-0.0186,0.1895
201093,Right,2,0.5018,-0.1144,-0.8402,-0.1708,0.2729,0.4820,-1.1192,-6.2860,3.2358,1.8659,-6.9273,-0.1334,11.7631,0.0034,0.0060,-0.0140,0.9999,-0.1714,-0.0019,0.2951
201093,Pelvis,2,-0.5296,-0.4338,-0.5461,0.4829,-0.1834,0.0415,0.1398,-0.9437,-0.0443,0.6879,10.4525,-1.2996,0.4615,-0.0023,0.0005,0.0017,1.0000,0.2614,-0.0320,0.0115
201094,Left,2,0.3350,0.0539,-0.9400,0.0350,-0.0156,0.0271,-0.0041,0.0248,0.0019,0.0405,-6.2609,-0.7634,7.5699,-0.0002,0.0003,-0.0001,1.0000,-0.1565,-0.0190,0.1893
201094,Right,2,0.4974,-0.1166,-0.8389,-0.1878,0.9161,-0.3614,-1.0237,-5.5413,0.3064,-4.7344,-1.9961,2.1053,6.9407,0.0115,-0.0045,-0.0128,0.9998,-0.0500,0.0513,0.1739
201094,Pelvis,2,-0.5314,-0.4305,-0.5464,0.4834,-0.2024,0.0759,0.2138,-0.5623,-0.0098,0.6289,10.3959,-0.9754,0.5641,-0.0025,0.0009,0.0027,1.0000,0.2600,-0.0237,0.0139
201095,Left,2,0.3353,0.0542,-0.9399,0.0350,-0.0225,0.0264,-0.0011,0.0385,-0.0200,0.0085,-6.2550,-0.7430,7.5353,-0.0003,0.0003,-0.0000,1.0000,-0.1563,-0.0185,0.1884
201095,Right,2,0.4858,-0.1176,-0.8420,-0.2032,0.8401,-1.0294,-0.8384,-5.6774,-1.7495,-2.7679,-4.0186,4.1210,7.1966,0.0105,-0.0129,-0.0105,0.9998,-0.1017,0.1022,0.1797
201095,Pelvis,2,-0.5328,-0.4271,-0.5473,0.4838,-0.2210,0.1150,0.1746,-0.7617,0.0044,0.1834,9.9376,-1.2077,0.5363,-0.0028,0.0014,0.0022,1.0000,0.2485,-0.0296,0.0131
201096,Left,2,0.3355,0.0546,-0.9398,0.0350,-0.0251,0.0234,-0.0033,0.0313,-0.0176,-0.0090,-6.2424,-0.7507,7.5222,-0.0003,0.0003,-0.0000,1.0000,-0.1560,-0.0187,0.1881
201096,Right,2,0.4656,-0.1188,-0.8514,-0.2104,0.6102,-1.7639,-0.0970,-4.8853,-3.1793,-3.9195,-3.5353,5.1000,5.4956,0.0076,-0.0220,-0.0012,0.9997,-0.0912,0.1266,0.1364
201096,Pelvis,2,-0.5339,-0.4239,-0.5488,0.4838,-0.2303,0.1333,0.1073,-0.9724,0.0188,-0.4761,9.2655,-1.4234,0.4938,-0.0029,0.0017,0.0013,1.0000,0.2317,-0.0352,0.0121
201097,Left,2,0.3357,0.0551,-0.9397,0.0349,-0.0394,0.0219,-0.0108,0.0277,-0.0187,0.0041,-6.2513,-0.7594,7.5309,-0.0005,0.0003,-0.0001,1.0000,-0.1562,-0.0189,0.1883
201097,Right,2,0.4419,-0.1212,-0.8639,-0.2088,0.3964,-2.0200,0.6313,-2.9841,-2.2033,-4.4462,-3.5077,3.4290,4.3018,0.0050,-0.0252,0.0079,0.9996,-0.0910,0.0845,0.1057
201097,Pelvis,2,-0.5347,-0.4214,-0.5502,0.4836,-0.1983,0.1085,0.0737,-0.8618,-0.1006,-0.5849,9.1659,-1.3122,0.4102,-0.0025,0.0014,0.0009,1.0000,0.2292,-0.0326,0.0100
201098,Left,2,0.3359,0.0558,-0.9396,0.0349,-0.0463,0.0240,-0.0167,-0.0037,-0.0232,-0.1020,-6.1630,-0.7610,7.4658,-0.0006,0.0003,-0.0002,1.0000,-0.1540,-0.0189,0.1867
201098,Right,2,0.4163,-0.1269,-0.8771,-0.2033,0.5160,-2.0804,1.0483,-0.8846,-0.9203,-3.8212,-4.5329,1.4610,3.8545,0.0064,-0.0260,0.0131,0.9996,-0.1162,0.0344,0.0936
201098,Pelvis,2,-0.5352,-0.4194,-0.5514,0.4834,-0.1601,0.0933,0.0424,-0.7199,-0.2134,-0.5965,9.1663,-1.1677,0.3432,-0.0020,0.0012,0.0005,1.0000,0.2292,-0.0291,0.0084
201099,Right,2,0.3916,-0.1336,-0.8889,-0.1966,0.5375,-1.9492,1.1289,0.7261,-0.4449,-3.2035,-5.6020,0.5148,3.5736,0.0067,-0.0244,0.0141,0.9996,-0.1423,0.0103,0.0860
201099,Pelvis,2,-0.5354,-0.4181,-0.5524,0.4830,-0.1136,0.0668,0.0050,-0.8846,-0.2493,-0.4776,9.2796,-1.3364,0.3020,-0.0014,0.0008,0.0001,1.0000,0.2320,-0.0334,0.0074
201100,Left,2,0.3363,0.0569,-0.9394,0.0346,-0.0368,0.0212,-0.0157,-0.0022,-0.0039,-0.0434,-6.2069,-0.8008,7.5014,-0.0009,0.0005,-0.0004,1.0000,-0.3102,-0.0396,0.3753
201100,Right,2,0.3682,-0.1400,-0.8995,-0.1889,0.4839,-1.8053,1.1643,1.9211,-0.2660,-0.2068,-8.3228,0.3184,5.1660,0.0060,-0.0226,0.0146,0.9996,-0.2110,0.0041,0.1244
201100,Pelvis,2,-0.5355,-0.4177,-0.5531,0.4825,-0.0656,0.0164,-0.0319,-1.0369,-0.2925,-0.4602,9.2947,-1.4771,0.2402,-0.0008,0.0002,-0.0004,1.0000,0.2324,-0.0370,0.0060
201101,Pelvis,2,-0.5358,-0.4183,-0.5531,0.4816,-0.0291,-0.0714,-0.0573,-1.0124,-0.4813,-0.6319,9.1424,-1.3991,0.0400,-0.0004,-0.0009,-0.0007,1.0000,0.2285,-0.0351,0.0012
201102,Left,2,0.3363,0.0575,-0.9394,0.0345,-0.0202,0.0072,-0.0066,0.0346,-0.0192,0.0088,-6.2717,-0.8027,7.5157,-0.0005,0.0002,-0.0002,1.0000,-0.3135,-0.0399,0.3759
201102,Right,2,0.3158,-0.1474,-0.9207,-0.1754,0.3552,-2.0592,1.0473,5.1108,0.3742,1.6764,-11.2548,-0.9559,5.5544,0.0089,-0.0515,0.0262,0.9983,-0.5745,-0.0650,0.2478
201102,Pelvis,2,-0.5364,-0.4197,-0.5526,0.4804,0.0092,-0.1447,-0.0733,-0.6920,-0.7048,-0.7308,9.0767,-1.0237,-0.1491,0.0001,-0.0018,-0.0009,1.0000,0.2269,-0.0258,-0.0033
201103,Left,2,0.3363,0.0577,-0.9393,0.0345,-0.0130,0.0027,0.0002,0.0494,-0.0684,-0.0121,-6.2686,-0.7591,7.4958,-0.0002,0.0000,0.0000,1.0000,-0.1567,-0.0189,0.1874
201103,Right,2,0.2934,-0.1485,-0.9283,-0.1733,0.2693,-1.7969,0.5537,7.3412,0.3659,-1.7080,-10.4323,-1.9994,2.6278,0.0034,-0.0225,0.0069,0.9997,-0.2618,-0.0520,0.0596
201103,Pelvis,2,-0.5369,-0.4217,-0.5519,0.4789,0.0239,-0.1881,-0.1151,-0.6600,-0.7765,-0.7540,9.0620,-0.9571,-0.2510,0.0003,-0.0024,-0.0014,1.0000,0.2265,-0.0243,-0.0057
201104,Left,2,0.3363,0.0577,-0.9393,0.0345,-0.0038,0.0012,0.0043,0.0220,-0.0211,-0.0221,-6.2421,-0.8103,7.4991,-0.0000,0.0000,0.0001,1.0000,-0.1560,-0.0203,0.1875
201104,Right,2,0.2804,-0.1488,-0.9323,-0.1734,0.1666,-1.0504,0.2053,8.1579,-0.6222,-1.7079,-11.2170,-1.3342,2.2433,0.0021,-0.0131,0.0026,0.9999,-0.2810,-0.0342,0.0523
201104,Pelvis,2,-0.5373,-0.4247,-0.5510,0.4769,0.0594,-0.2432,-0.1726,-0.9535,-0.8100,-0.6537,9.1564,-1.2119,-0.3793,0.0007,-0.0030,-0.0022,1.0000,0.2289,-0.0308,-0.0088
201105,Left,2,0.3362,0.0576,-0.9394,0.0345,0.0104,-0.0029,0.0081,0.0440,-0.0103,0.0143,-6.2817,-0.8215,7.5125,0.0001,-0.0000,0.0001,1.0000,-0.1570,-0.0206,0.1878
201105,Right,2,0.2741,-0.1464,-0.9353,-0.1693,-0.2093,-0.5159,0.3762,7.5692,-1.7408,-1.4725,-11.1164,0.0282,2.5120,-0.0026,-0.0064,0.0047,1.0000,-0.2783,-0.0004,0.0610
201105,Pelvis,2,-0.5371,-0.4293,-0.5495,0.4746,0.1589,-0.3155,-0.2522,-1.0469,-0.9338,-0.6489,9.1698,-1.2345,-0.5772,0.0020,-0.0039,-0.0032,1.0000,0.2292,-0.0316,-0.0136
201106,Right,2,0.2773,-0.1218,-0.9386,-0.1651,-2.0045,-0.1177,-0.2157,5.2682,-1.6098,4.4153,-12.5484,1.6882,8.5142,-0.0251,-0.0015,-0.0027,0.9997,-0.3139,0.0484,0.2112
201106,Pelvis,2,-0.5364,-0.4354,-0.5476,0.4720,0.2518,-0.3740,-0.3278,-1.0107,-0.8716,-0.2825,9.5365,-1.1596,-0.5631,0.0031,-0.0047,-0.0041,1.0000,0.2384,-0.0299,-0.0131
201107,Left,2,0.3359,0.0569,-0.9395,0.0344,0.0283,-0.0103,0.0114,0.0154,0.0766,0.0184,-6.2619,-0.9033,7.5252,0.0007,-0.0003,0.0003,1.0000,-0.3132,-0.0455,0.3761
201107,Right,2,0.2689,-0.1122,-0.9421,-0.1658,-0.6215,-0.8345,-0.1395,1.7349,9.2140,2.6918,-6.0111,-7.4848,12.3339,-0.0078,-0.0104,-0.0017,0.9999,-0.1538,-0.1845,0.3082
201107,Pelvis,2,-0.5346,-0.4416,-0.5462,0.4700,0.2991,-0.2950,-0.3681,-0.6431,0.1190,0.5323,10.3163,-0.9098,0.4384,0.0037,-0.0037,-0.0046,1.0000,0.2578,-0.0240,0.0118
201108,Left,2,0.3363,0.0564,-0.9394,0.0345,0.0386,0.0310,0.0340,-0.2164,0.2466,-0.1281,-5.9947,-1.0725,7.5374,0.0005,0.0004,0.0004,1.0000,-0.1498,-0.0270,0.1885
201108,Right,2,0.2690,-0.1111,-0.9422,-0.1660,-0.0659,-0.0099,-0.0345,-1.0772,-1.7664,0.6999,-5.3016,3.3010,8.7059,-0.0008,-0.0001,-0.0004,1.0000,-0.1325,0.0828,0.2176
201108,Pelvis,2,-0.5328,-0.4467,-0.5444,0.4692,0.3197,-0.2217,-0.2511,0.5962,1.6147,2.5326,12.2809,0.1151,2.1295,0.0040,-0.0028,-0.0031,1.0000,0.3069,0.0017,0.0541
201109,Left,2,0.3384,0.0559,-0.9387,0.0351,0.0240,0.1784,0.0732,-0.5608,0.2160,-0.1806,-5.7156,-1.0606,7.7036,0.0003,0.0022,0.0009,1.0000,-0.1424,-0.0267,0.1929
201109,Right,2,0.2707,-0.1124,-0.9416,-0.1656,0.0820,0.1626,0.0348,-0.0898,0.5266,-0.2515,-5.0101,0.7072,8.1303,0.0010,0.0020,0.0004,1.0000,-0.1248,0.0174,0.2035
201109,Pelvis,2,-0.5310,-0.4501,-0.5417,0.4711,0.3904,-0.0965,-0.0261,0.4364,1.8035,3.5361,13.2838,-0.0250,2.2742,0.0049,-0.0012,-0.0003,1.0000,0.3320,-0.0010,0.0573
201110,Left,2,0.3459,0.0560,-0.9359,0.0363,-0.0308,0.6300,0.1359,-1.5204,0.3536,-0.2620,-5.0142,-1.2782,8.1780,-0.0004,0.0079,0.0017,1.0000,-0.1237,-0.0321,0.2054
201110,Right,2,0.2709,-0.1134,-0.9415,-0.1652,0.0819,0.0460,0.0512,0.4172,0.0052,0.2745,-5.8530,1.0819,8.1546,0.0010,0.0006,0.0006,1.0000,-0.1462,0.0267,0.2040
201110,Pelvis,2,-0.5270,-0.4545,-0.5389,0.4747,0.5975,0.0087,-0.0762,-1.1580,2.3292,0.1216,9.8453,-1.5950,2.4459,0.0075,0.0001,-0.0010,1.0000,0.2461,-0.0406,0.0608
201111,Pelvis,2,-0.5221,-0.4592,-0.5341,0.4809,0.8258,0.0565,0.0726,-1.6290,1.4887,-1.7308,8.0164,-1.8924,1.5306,0.0103,0.0007,0.0009,0.9999,0.2005,-0.0475,0.0376
201112,Left,2,0.4146,0.0534,-0.9073,0.0453,0.0101,2.9534,0.5760,-3.7832,-0.1155,0.7204,-4.7668,-1.0646,10.0822,0.0003,0.0738,0.0144,0.9972,-0.1995,-0.0564,0.5198
201112,Right,2,0.2694,-0.1152,-0.9419,-0.1644,0.0774,-0.0403,0.0614,0.0750,-0.0866,0.1772,-5.5423,1.3156,8.2075,0.0019,-0.0010,0.0015,1.0000,-0.2776,0.0646,0.4102
201112,Pelvis,2,-0.5174,-0.4608,-0.5289,0.4901,0.8231,0.2505,0.3493,-0.3631,0.9048,-1.6027,8.1650,-0.5851,1.1598,0.0103,0.0031,0.0044,0.9999,0.2043,-0.0140,0.0282
201113,Left,2,0.4593,0.0516,-0.8852,0.0528,-0.0475,3.9396,0.8790,-2.0855,0.3908,3.6748,-9.3826,-1.3570,9.8335,-0.0006,0.0492,0.0110,0.9987,-0.2217,-0.0363,0.2570
201113,Pelvis,2,-0.5143,-0.4614,-0.5243,0.4977,0.6339,0.1905,0.3570,1.9495,0.3544,0.7634,10.5869,1.6584,0.9729,0.0079,0.0024,0.0045,1.0000,0.2645,0.0424,0.0240
201114,Left,2,0.4867,0.0493,-0.8701,0.0602,-0.0546,2.4602,0.7940,-5.1393,1.8409,6.3542,-10.8087,-3.1414,12.8287,-0.0007,0.0307,0.0099,0.9995,-0.2594,-0.0809,0.3289
201114,Right,2,0.2686,-0.1166,-0.9420,-0.1639,0.0633,-0.0196,0.0405,0.0390,0.0206,0.0625,-5.4074,1.2531,8.1677,0.0016,-0.0005,0.0010,1.0000,-0.2706,0.0617,0.4084
201114,Pelvis,2,-0.5118,-0.4626,-0.5217,0.5018,0.4174,0.1009,0.1335,3.2789,-0.1425,2.0964,11.9829,2.9281,0.6586,0.0052,0.0013,0.0017,1.0000,0.2995,0.0736,0.0165
201115,Pelvis,2,-0.5090,-0.4644,-0.5213,0.5035,0.2731,0.0847,-0.0936,1.8959,-0.0438,0.5377,10.3854,1.5873,0.5926,0.0034,0.0011,-0.0012,1.0000,0.2597,0.0393,0.0147
201116,Left,2,0.4946,0.0504,-0.8657,0.0588,-0.0013,0.3724,-0.0349,-6.0337,2.4019,0.3108,-5.7279,-3.5742,9.9539,-0.0000,0.0093,-0.0009,1.0000,-0.2819,-0.1784,0.5003
201116,Right,2,0.2681,-0.1188,-0.9420,-0.1633,0.0894,0.0030,0.0511,-0.0056,0.0089,0.0062,-5.3361,1.3111,8.1375,0.0022,0.0001,0.0013,1.0000,-0.2669,0.0643,0.4070
201116,Pelvis,2,-0.5059,-0.4667,-0.5216,0.5043,0.2443,0.0719,-0.1904,0.6270,-0.0481,0.3387,10.1513,0.3664,0.5132,0.0031,0.0009,-0.0024,1.0000,0.2538,0.0085,0.0126
201117,Left,2,0.4902,0.0549,-0.8681,0.0560,-0.2117,-0.3582,-0.3964,-4.6305,0.4497,-2.9306,-3.5835,-1.3844,7.3654,-0.0026,-0.0045,-0.0050,1.0000,-0.0906,-0.0337,0.1838
201117,Right,2,0.2677,-0.1199,-0.9420,-0.1630,0.0946,-0.0104,0.0520,0.0056,-0.0098,-0.0305,-5.3252,1.3519,8.0936,0.0012,-0.0001,0.0006,1.0000,-0.1332,0.0335,0.2024
201117,Pelvis,2,-0.5017,-0.4686,-0.5222,0.5059,0.2916,0.1745,-0.1935,0.4183,0.0611,-0.0823,9.7177,0.2127,0.6179,0.0036,0.0022,-0.0024,1.0000,0.2430,0.0047,0.0149
201118,Pelvis,2,-0.4972,-0.4696,-0.5230,0.5087,0.3077,0.2752,-0.1278,1.0166,0.0220,-0.6633,9.1437,0.8648,0.6254,0.0038,0.0034,-0.0016,1.0000,0.2287,0.0212,0.0149
201119,Left,2,0.4614,0.0652,-0.8834,0.0492,-0.2532,-1.2586,-0.5280,-3.2009,0.3630,-3.2776,-3.7692,-1.1968,6.1211,-0.0063,-0.0315,-0.0132,0.9994,-0.1987,-0.0553,0.3003
201119,Pelvis,2,-0.4937,-0.4699,-0.5238,0.5109,0.2090,0.2492,-0.0840,1.3781,-0.1529,-0.8939,8.9227,1.2638,0.5053,0.0026,0.0031,-0.0011,1.0000,0.2231,0.0313,0.0120
201120,Left,2,0.4396,0.0687,-0.8946,0.0405,0.0558,-1.8775,-0.8940,-0.6649,0.3216,-2.8182,-5.2598,-0.9606,4.5706,0.0007,-0.0235,-0.0112,0.9997,-0.1344,-0.0226,0.1111
201120,Right,2,0.2662,-0.1218,-0.9423,-0.1625,0.0616,-0.0258,0.0332,-0.0557,0.0336,-0.1801,-5.1720,1.3494,8.0138,0.0023,-0.0010,0.0012,1.0000,-0.3886,0.0993,0.6009
201120,Pelvis,2,-0.4911,-0.4697,-0.5251,0.5123,0.1053,0.2108,-0.0896,1.2173,-0.4505,-0.5960,9.2347,1.1312,0.2724,0.0013,0.0026,-0.0011,1.0000,0.2309,0.0280,0.0062
201121,Left,2,0.4159,0.0701,-0.9063,0.0282,0.3222,-2.0276,-1.0891,1.3711,-0.9292,-2.9979,-6.1477,0.4331,3.3487,0.0040,-0.0253,-0.0136,0.9996,-0.1556,0.0126,0.0798
201121,Right,2,0.2659,-0.1217,-0.9424,-0.1626,0.0097,-0.0174,0.0028,-0.0378,0.0385,-0.1115,-5.2091,1.3664,8.0694,0.0001,-0.0002,0.0000,1.0000,-0.1303,0.0341,0.2017
201121,Pelvis,2,-0.4896,-0.4694,-0.5261,0.5131,0.0411,0.1452,-0.0537,1.0254,-0.7834,-0.4789,9.3729,0.9661,-0.0164,0.0005,0.0018,-0.0007,1.0000,0.2343,0.0240,-0.0008
201122,Left,2,0.3921,0.0698,-0.9171,0.0158,0.4429,-2.0051,-1.0398,3.4982,-1.5057,-1.7347,-8.3552,0.9411,3.0137,0.0055,-0.0251,-0.0130,0.9996,-0.2104,0.0259,0.0702
201122,Right,2,0.2658,-0.1216,-0.9424,-0.1626,0.0021,-0.0096,-0.0020,-0.0436,0.0336,-0.1346,-5.1896,1.3684,8.0538,0.0000,-0.0001,-0.0000,1.0000,-0.1298,0.0342,0.2013
201122,Pelvis,2,-0.4895,-0.4687,-0.5264,0.5134,-0.0273,0.0478,0.0228,0.8247,-1.0126,-0.4734,9.3954,0.7763,-0.2274,-0.0003,0.0006,0.0003,1.0000,0.2349,0.0195,-0.0058
201123,Left,2,0.3688,0.0664,-0.9271,0.0041,0.6398,-1.9560,-0.8856,5.6755,-0.9383,-0.8886,-10.3387,0.2747,2.4067,0.0080,-0.0244,-0.0111,0.9996,-0.2597,0.0093,0.0539
201123,Right,2,0.2658,-0.1212,-0.9424,-0.1627,-0.0104,-0.0019,-0.0094,-0.0743,0.0137,-0.1872,-5.1395,1.3864,8.0199,-0.0001,-0.0000,-0.0001,1.0000,-0.1285,0.0347,0.2005
201123,Pelvis,2,-0.4910,-0.4679,-0.5259,0.5133,-0.0785,-0.0550,0.1013,0.7101,-1.2495,-0.7607,9.1286,0.6582,-0.4892,-0.0010,-0.0007,0.0013,1.0000,0.2282,0.0167,-0.0121
201124,Left,2,0.3503,0.0612,-0.9346,-0.0078,0.7740,-1.5282,-0.8225,7.6904,-0.2274,-1.2654,-11.4340,-0.4739,1.1438,0.0097,-0.0191,-0.0103,0.9997,-0.2864,-0.0091,0.0230
201124,Right,2,0.2660,-0.1206,-0.9424,-0.1628,-0.0331,0.0081,-0.0241,-0.0790,-0.0086,-0.1637,-5.1544,1.4028,8.0358,-0.0004,0.0001,-0.0003,1.0000,-0.1288,0.0352,0.2009
201124,Pelvis,2,-0.4933,-0.4670,-0.5249,0.5128,-0.1203,-0.1259,0.1420,0.7815,-1.3983,-0.8167,9.0863,0.7088,-0.6570,-0.0015,-0.0016,0.0018,1.0000,0.2272,0.0181,-0.0161
201125,Left,2,0.3400,0.0566,-0.9385,-0.0204,0.7278,-0.8075,-0.8567,8.8443,0.3453,-1.8468,-11.8480,-1.1723,0.2451,0.0091,-0.0101,-0.0107,0.9999,-0.2965,-0.0262,0.0029
201125,Right,2,0.2663,-0.1198,-0.9424,-0.1630,-0.0520,0.0185,-0.0347,-0.0433,0.0116,-0.1375,-5.1953,1.3598,8.0480,-0.0006,0.0002,-0.0004,1.0000,-0.1298,0.0342,0.2012
201125,Pelvis,2,-0.4966,-0.4659,-0.5238,0.5119,-0.1739,-0.1760,0.1726,0.8715,-1.4238,-0.6551,9.2510,0.7631,-0.6973,-0.0022,-0.0022,0.0022,1.0000,0.2313,0.0195,-0.0170
201126,Left,2,0.3384,0.0543,-0.9389,-0.0322,0.4990,-0.0659,-0.8176,8.1235,0.0090,-2.1796,-11.0812,-1.0339,0.6315,0.0062,-0.0008,-0.0102,0.9999,-0.2773,-0.0231,0.0154
201126,Pelvis,2,-0.5006,-0.4647,-0.5224,0.5105,-0.2214,-0.2310,0.1947,0.8536,-1.4156,-0.3902,9.5140,0.6993,-0.7138,-0.0028,-0.0029,0.0024,1.0000,0.2379,0.0180,-0.0172
201127,Left,2,0.3449,0.0374,-0.9372,-0.0347,1.3152,0.5936,0.2986,5.8433,1.4870,4.4151,-13.4045,-3.2077,6.9877,0.0164,0.0074,0.0037,0.9998,-0.3335,-0.0843,0.1758
201127,Right,2,0.2673,-0.1182,-0.9422,-0.1635,-0.0501,0.0310,-0.0393,-0.0472,0.0501,-0.1649,-5.1772,1.2968,8.0374,-0.0013,0.0008,-0.0010,1.0000,-0.2585,0.0656,0.4020
201127,Pelvis,2,-0.5054,-0.4630,-0.5205,0.5092,-0.2526,-0.2591,0.2610,0.6910,-1.1527,-0.4005,9.4820,0.4739,-0.5142,-0.0032,-0.0032,0.0033,1.0000,0.2370,0.0126,-0.0121
201128,Left,2,0.3349,0.0346,-0.9410,-0.0347,0.2519,-0.8427,0.0647,-0.9175,-12.3449,5.1370,-9.9114,10.9590,12.5859,0.0031,-0.0105,0.0008,0.9999,-0.2513,0.2728,0.3129
201128,Right,2,0.2682,-0.1175,-0.9420,-0.1638,-0.0458,0.0590,-0.0448,-0.1296,-0.1487,-0.0655,-5.2265,1.4955,8.0928,-0.0006,0.0007,-0.0006,1.0000,-0.1305,0.0376,0.2024
201128,Pelvis,2,-0.5106,-0.4605,-0.5185,0.5083,-0.2859,-0.2310,0.3409,0.8868,0.9278,0.2971,10.0609,0.4591,1.5567,-0.0036,-0.0029,0.0043,1.0000,0.2514,0.0127,0.0396
201129,Left,2,0.3364,0.0341,-0.9405,-0.0349,0.0334,0.1266,0.0008,0.2506,4.5540,0.9750,-6.5781,-5.4914,7.9844,0.0004,0.0016,0.0000,1.0000,-0.1641,-0.1374,0.1998
201129,Right,2,0.2696,-0.1165,-0.9416,-0.1644,-0.0654,0.1049,-0.0829,-0.3102,-0.1409,-0.2188,-5.0145,1.5132,8.0451,-0.0008,0.0013,-0.0010,1.0000,-0.1251,0.0381,0.2013
201129,Pelvis,2,-0.5152,-0.4592,-0.5181,0.5052,-0.3547,-0.2778,0.1080,-1.3028,1.4567,3.1335,12.7878,-1.9486,2.0247,-0.0044,-0.0035,0.0014,1.0000,0.3196,-0.0481,0.0519
201130,Left,2,0.3372,0.0343,-0.9401,-0.0357,0.0077,0.0766,-0.0499,0.5251,0.4511,0.3457,-6.7745,-1.3660,7.4774,0.0001,0.0010,-0.0006,1.0000,-0.1692,-0.0341,0.1871
201130,Right,2,0.2730,-0.1158,-0.9406,-0.1654,-0.0525,0.2594,-0.1291,-0.7373,0.1279,-0.5096,-4.4872,1.3604,8.0698,-0.0007,0.0032,-0.0016,1.0000,-0.1115,0.0343,0.2021
201130,Pelvis,2,-0.5154,-0.4595,-0.5192,0.5036,-0.1020,-0.0389,-0.1115,0.2455,1.5323,2.3311,12.0527,-0.3871,2.1124,-0.0013,-0.0005,-0.0014,1.0000,0.3013,-0.0100,0.0530
201131,Left,2,0.3374,0.0343,-0.9400,-0.0363,0.0151,0.0237,-0.0445,0.2620,-0.3003,0.2064,-6.5592,-0.6014,7.5602,0.0002,0.0003,-0.0006,1.0000,-0.1639,-0.0150,0.1890
201131,Right,2,0.2814,-0.1163,-0.9378,-0.1669,-0.0058,0.6960,-0.2163,-1.3023,0.3359,-0.5374,-4.0744,1.3507,8.3317,-0.0001,0.0087,-0.0027,1.0000,-0.1000,0.0341,0.2092
201131,Pelvis,2,-0.5189,-0.4571,-0.5207,0.5006,-0.4250,-0.0990,0.0374,2.4672,1.5033,-0.7682,9.0515,1.9578,2.0947,-0.0053,-0.0012,0.0005,1.0000,0.2262,0.0493,0.0524
201132,Left,2,0.3368,0.0341,-0.9402,-0.0368,0.0276,-0.0477,-0.0228,0.1166,0.0134,0.0325,-6.3053,-0.8941,7.5090,0.0003,-0.0006,-0.0003,1.0000,-0.1578,-0.0224,0.1876
201132,Right,2,0.2999,-0.1196,-0.9313,-0.1688,0.1229,1.5626,-0.3294,-2.0212,0.8381,0.0059,-3.9532,1.2136,9.1708,0.0015,0.0195,-0.0041,0.9998,-0.0942,0.0304,0.2312
201132,Pelvis,2,-0.5228,-0.4524,-0.5252,0.4961,-0.7045,0.0423,-0.0326,2.3654,0.9125,-1.8628,7.9844,1.9267,1.4718,-0.0088,0.0005,-0.0004,1.0000,0.1996,0.0484,0.0363
201133,Left,2,0.3362,0.0341,-0.9404,-0.0371,0.0170,-0.0486,-0.0152,0.0189,-0.0937,0.1451,-6.3007,-0.7931,7.6707,0.0002,-0.0006,-0.0002,1.0000,-0.1576,-0.0198,0.1917
201133,Right,2,0.3342,-0.1260,-0.9182,-0.1713,0.2058,2.9342,-0.5368,-2.2880,0.9540,1.1281,-4.9550,1.3358,9.9783,0.0026,0.0367,-0.0067,0.9993,-0.1144,0.0335,0.2539
201133,Pelvis,2,-0.5245,-0.4480,-0.5317,0.4913,-0.6951,0.1949,-0.2130,0.0806,0.8669,-1.2921,8.4637,-0.3635,1.2621,-0.0087,0.0024,-0.0027,1.0000,0.2116,-0.0094,0.0311
201134,Left,2,0.3358,0.0341,-0.9406,-0.0373,0.0057,-0.0272,-0.0133,0.0477,-0.0366,0.0889,-6.2740,-0.8475,7.6134,0.0001,-0.0003,-0.0002,1.0000,-0.1569,-0.0212,0.1903
201134,Right,2,0.3786,-0.1325,-0.8993,-0.1742,0.1508,3.8361,-0.7390,-1.6699,0.1813,1.7221,-6.8089,1.8066,9.2928,0.0019,0.0479,-0.0092,0.9988,-0.1584,0.0462,0.2402
201134,Pelvis,2,-0.5249,-0.4451,-0.5377,0.4871,-0.5342,0.1921,-0.2774,-1.8173,1.1055,1.3442,11.0220,-2.3375,1.4324,-0.0067,0.0024,-0.0035,1.0000,0.2754,-0.0592,0.0355
201135,Left,2,0.3355,0.0339,-0.9407,-0.0374,0.0189,-0.0219,0.0045,0.0412,-0.0119,0.0427,-6.2323,-0.8672,7.5854,0.0002,-0.0003,0.0001,1.0000,-0.1559,-0.0217,0.1896
201135,Right,2,0.4243,-0.1355,-0.8771,-0.1795,-0.0158,3.9521,-1.0846,-1.7938,-0.4539,5.2686,-10.4742,2.6193,10.7005,-0.0002,0.0494,-0.0136,0.9987,-0.2473,0.0690,0.2800
201135,Pelvis,2,-0.5247,-0.4425,-0.5420,0.4849,-0.3500,0.2060,-0.1658,-2.4566,0.8850,1.2582,10.9397,-2.8938,1.1541,-0.0044,0.0026,-0.0021,1.0000,0.2734,-0.0728,0.0285
201136,Left,2,0.3355,0.0337,-0.9407,-0.0375,0.0163,-0.0031,0.0052,0.0507,-0.0674,0.0603,-6.2529,-0.8111,7.5978,0.0002,-0.0000,0.0001,1.0000,-0.1563,-0.0203,0.1899
201136,Right,2,0.4563,-0.1288,-0.8606,-0.1860,-0.5219,2.6419,-1.2670,-3.8319,-1.1116,4.8653,-10.0806,3.6728,10.7871,-0.0065,0.0330,-0.0158,0.9993,-0.2414,0.0975,0.2771
201136,Pelvis,2,-0.5248,-0.4412,-0.5439,0.4837,-0.1788,0.0799,-0.0684,-1.9372,0.4607,-0.1628,9.5624,-2.2559,0.7468,-0.0022,0.0010,-0.0009,1.0000,0.2390,-0.0566,0.0186
201137,Left,2,0.3355,0.0336,-0.9407,-0.0376,0.0142,0.0101,0.0046,0.0504,-0.0368,0.0454,-6.2406,-0.8377,7.5854,0.0002,0.0001,0.0001,1.0000,-0.1560,-0.0210,0.1897
201137,Right,2,0.4692,-0.1217,-0.8538,-0.1900,-0.4528,0.9921,-0.7656,-5.7411,1.9528,3.4443,-7.8628,1.3036,12.2072,-0.0057,0.0124,-0.0096,0.9999,-0.1924,0.0362,0.3074
201137,Pelvis,2,-0.5253,-0.4394,-0.5444,0.4843,-0.0903,0.0845,0.0959,-1.0784,0.0532,0.5342,10.2985,-1.3743,0.5250,-0.0011,0.0011,0.0012,1.0000,0.2575,-0.0340,0.0129
201138,Left,2,0.3357,0.0335,-0.9406,-0.0376,0.0071,0.0160,0.0074,0.0123,0.0046,0.0176,-6.1917,-0.8729,7.5852,0.0001,0.0002,0.0001,1.0000,-0.1548,-0.0219,0.1897
201138,Right,2,0.4706,-0.1228,-0.8522,-0.1929,0.1936,0.1486,-0.1966,-5.3577,0.6196,-3.8927,-2.2920,1.9799,7.4136,0.0024,0.0019,-0.0025,1.0000,-0.0568,0.0492,0.1856
201138,Pelvis,2,-0.5260,-0.4371,-0.5449,0.4852,-0.1045,0.1055,0.1414,-0.9300,0.0118,0.4389,10.2041,-1.2508,0.5226,-0.0013,0.0013,0.0018,1.0000,0.2552,-0.0308,0.0128
201139,Left,2,0.3358,0.0333,-0.9406,-0.0375,0.0122,0.0097,0.0141,0.0517,-0.0564,0.0089,-6.2244,-0.8111,7.5544,0.0002,0.0001,0.0002,1.0000,-0.1556,-0.0203,0.1889
201139,Right,2,0.4658,-0.1216,-0.8546,-0.1949,0.0564,-0.4471,-0.0973,-4.7812,0.1945,-3.1775,-3.2484,2.1352,7.1981,0.0007,-0.0056,-0.0012,1.0000,-0.0821,0.0534,0.1795
201139,Pelvis,2,-0.5263,-0.4346,-0.5455,0.4864,-0.0946,0.1486,0.1437,-0.9209,-0.0600,-0.0525,9.7130,-1.2518,0.4512,-0.0012,0.0019,0.0018,1.0000,0.2429,-0.0308,0.0109
201140,Left,2,0.3357,0.0331,-0.9407,-0.0374,0.0148,-0.0057,0.0222,0.0392,-0.0204,-0.0321,-6.1857,-0.8385,7.5297,0.0002,-0.0001,0.0003,1.0000,-0.1546,-0.0210,0.1882
201140,Right,2,0.4517,-0.1209,-0.8624,-0.1939,0.0766,-1.2504,0.3022,-4.1092,-0.7302,-3.3443,-3.4933,2.6763,6.3164,0.0010,-0.0156,0.0038,0.9999,-0.0900,0.0664,0.1566
201140,Pelvis,2,-0.5265,-0.4325,-0.5460,0.4876,-0.0681,0.1241,0.1237,-0.9636,-0.1371,-0.6700,9.0961,-1.2920,0.3574,-0.0009,0.0016,0.0015,1.0000,0.2275,-0.0319,0.0086
201141,Left,2,0.3354,0.0328,-0.9408,-0.0372,0.0197,-0.0208,0.0282,0.0013,-0.0314,-0.0378,-6.1512,-0.8192,7.5525,0.0002,-0.0003,0.0004,1.0000,-0.1538,-0.0206,0.1888
201141,Right,2,0.4297,-0.1195,-0.8753,-0.1869,-0.1252,-1.9296,0.8460,-2.9276,-1.5273,-3.2880,-4.0619,2.9207,5.3346,-0.0016,-0.0241,0.0106,0.9997,-0.1055,0.0721,0.1307
201141,Pelvis,2,-0.5264,-0.4314,-0.5461,0.4885,-0.0139,0.0757,0.0807,-1.1106,-0.2641,-0.7206,9.0467,-1.4401,0.2288,-0.0002,0.0009,0.0010,1.0000,0.2262,-0.0358,0.0055
201142,Right,2,0.4031,-0.1183,-0.8905,-0.1745,-0.2420,-2.2754,1.3100,-0.4855,-1.0103,-4.4979,-4.0751,1.4363,3.2931,-0.0030,-0.0284,0.0164,0.9995,-0.1047,0.0345,0.0793
201142,Pelvis,2,-0.5262,-0.4312,-0.5458,0.4891,0.0397,0.0199,0.0357,-0.9887,-0.4600,-0.4717,9.3117,-1.3148,0.0853,0.0005,0.0002,0.0004,1.0000,0.2328,-0.0328,0.0021
201143,Left,2,0.3347,0.0324,-0.9410,-0.0369,0.0150,-0.0243,0.0236,-0.0308,-0.0012,-0.0708,-6.0965,-0.8357,7.5525,0.0004,-0.0006,0.0006,1.0000,-0.3050,-0.0421,0.3774
201143,Right,2,0.3774,-0.1191,-0.9042,-0.1606,-0.1468,-2.1283,1.4436,1.8068,-0.3137,-4.0099,-5.5173,0.0551,2.5697,-0.0018,-0.0266,0.0180,0.9995,-0.1396,-0.0010,0.0605
201143,Pelvis,2,-0.5260,-0.4321,-0.5452,0.4892,0.0735,-0.0502,-0.0227,-0.7535,-0.6862,-0.4093,9.3991,-1.0535,-0.0978,0.0009,-0.0006,-0.0003,1.0000,0.2350,-0.0264,-0.0023
201144,Left,2,0.3345,0.0321,-0.9411,-0.0368,0.0173,-0.0172,0.0185,0.0148,-0.0087,-0.0267,-6.1532,-0.8271,7.5643,0.0002,-0.0002,0.0002,1.0000,-0.1539,-0.0208,0.1891
201144,Right,2,0.3534,-0.1195,-0.9160,-0.1473,-0.1661,-1.9518,1.3558,3.0774,-0.3984,-1.9030,-7.7402,0.0666,3.5067,-0.0021,-0.0244,0.0169,0.9996,-0.1956,-0.0015,0.0829
201144,Pelvis,2,-0.5257,-0.4341,-0.5443,0.4889,0.1130,-0.1173,-0.0773,-0.8435,-0.8203,-0.5966,9.2210,-1.1040,-0.2729,0.0014,-0.0015,-0.0010,1.0000,0.2305,-0.0278,-0.0065
201145,Right,2,0.3308,-0.1186,-0.9264,-0.1354,-0.2248,-1.8426,1.1811,4.8185,-0.1885,0.2788,-10.2342,-0.2328,4.5085,-0.0028,-0.0230,0.0148,0.9996,-0.2582,-0.0093,0.1068
201145,Pelvis,2,-0.5252,-0.4373,-0.5428,0.4881,0.1767,-0.2013,-0.1252,-1.0785,-1.0298,-0.8188,9.0095,-1.2759,-0.5605,0.0022,-0.0025,-0.0016,1.0000,0.2252,-0.0322,-0.0135
201146,Left,2,0.3339,0.0317,-0.9413,-0.0367,0.0178,-0.0216,0.0160,0.0171,-0.0382,-0.0553,-6.1338,-0.7877,7.5474,0.0004,-0.0005,0.0004,1.0000,-0.3069,-0.0397,0.3772
201146,Right,2,0.3075,-0.1170,-0.9359,-0.1262,-0.1853,-1.8992,0.9656,6.2974,-0.7355,1.0998,-11.7471,0.1667,4.6147,-0.0023,-0.0237,0.0121,0.9996,-0.2963,0.0009,0.1083
201146,Pelvis,2,-0.5245,-0.4416,-0.5407,0.4873,0.2571,-0.2619,-0.1675,-1.4081,-1.0626,-0.8683,8.9548,-1.5666,-0.6865,0.0032,-0.0033,-0.0021,1.0000,0.2238,-0.0396,-0.0166
201147,Left,2,0.3337,0.0316,-0.9414,-0.0367,0.0110,-0.0159,0.0109,-0.0109,-0.0316,-0.0726,-6.0944,-0.7862,7.5573,0.0001,-0.0002,0.0001,1.0000,-0.1524,-0.0197,0.1889
201147,Right,2,0.2867,-0.1162,-0.9435,-0.1190,-0.0864,-1.6766,0.7904,6.9564,-0.8981,-0.7832,-10.9654,0.0841,3.2412,-0.0011,-0.0210,0.0099,0.9997,-0.2758,-0.0005,0.0753
201147,Pelvis,2,-0.5235,-0.4474,-0.5378,0.4863,0.3515,-0.3416,-0.2042,-1.4899,-0.9543,-0.7386,9.0777,-1.6302,-0.6376,0.0044,-0.0043,-0.0026,1.0000,0.2269,-0.0413,-0.0152
201148,Left,2,0.3336,0.0314,-0.9415,-0.0367,0.0110,-0.0081,0.0084,-0.0460,-0.0314,-0.0992,-6.0476,-0.7801,7.5612,0.0001,-0.0001,0.0001,1.0000,-0.1512,-0.0195,0.1890
201148,Right,2,0.2723,-0.1182,-0.9481,-0.1144,0.1478,-1.1302,0.5715,6.5154,-0.6441,-2.3969,-9.5441,-0.0951,2.6017,0.0018,-0.0141,0.0071,0.9999,-0.2395,-0.0042,0.0617
201148,Pelvis,2,-0.5225,-0.4541,-0.5341,0.4853,0.4190,-0.4137,-0.2275,-1.2890,-0.8902,-0.5838,9.2353,-1.4007,-0.6112,0.0052,-0.0052,-0.0028,1.0000,0.2309,-0.0356,-0.0143
201149,Left,2,0.3337,0.0314,-0.9415,-0.0367,0.0031,0.0103,0.0129,-0.0537,0.1102,-0.0875,-6.0361,-0.9198,7.5706,0.0000,0.0001,0.0002,1.0000,-0.1509,-0.0230,0.1893
201149,Right,2,0.2797,-0.0979,-0.9476,-0.1197,-1.4753,0.3413,-0.9219,7.7638,0.6995,5.3373,-14.5657,-0.7247,8.8114,-0.0184,0.0043,-0.0115,0.9998,-0.3633,-0.0098,0.2221
201149,Pelvis,2,-0.5210,-0.4615,-0.5305,0.4839,0.4450,-0.4328,-0.2824,-1.2198,-0.2966,-0.3857,9.4134,-1.3505,-0.0886,0.0056,-0.0054,-0.0035,1.0000,0.2352,-0.0346,-0.0011
201150,Left,2,0.3344,0.0315,-0.9412,-0.0365,-0.0146,0.0643,0.0172,-0.1177,0.4185,-0.0801,-5.9702,-1.2242,7.6007,-0.0002,0.0008,0.0002,1.0000,-0.1491,-0.0306,0.1901
201150,Right,2,0.2744,-0.0992,-0.9491,-0.1182,0.1187,-0.4080,0.2028,-0.6590,4.0141,2.2565,-5.3999,-2.1756,11.3279,0.0015,-0.0051,0.0025,1.0000,-0.1363,-0.0552,0.2824
201150,Pelvis,2,-0.5191,-0.4677,-0.5280,0.4827,0.3819,-0.3090,-0.2849,0.4756,2.1284,1.1587,10.9104,0.1388,2.4645,0.0048,-0.0039,-0.0036,1.0000,0.2725,0.0022,0.0627
201151,Left,2,0.3365,0.0314,-0.9405,-0.0357,-0.0216,0.1746,0.0759,-0.5223,0.4071,-0.2750,-5.5594,-1.1753,7.6888,-0.0003,0.0022,0.0009,1.0000,-0.1385,-0.0295,0.1925
201151,Right,2,0.2797,-0.0989,-0.9476,-0.1184,-0.0482,0.4326,-0.0749,0.3323,-0.5051,1.1061,-6.3517,1.7254,8.7331,-0.0006,0.0054,-0.0009,1.0000,-0.1576,0.0434,0.2192
201151,Pelvis,2,-0.5198,-0.4700,-0.5251,0.4829,0.1872,-0.2332,0.0482,3.2466,1.2306,4.5513,14.3531,3.0039,1.8285,0.0023,-0.0029,0.0006,1.0000,0.3586,0.0752,0.0469
201152,Left,2,0.3423,0.0314,-0.9384,-0.0340,-0.0643,0.4930,0.1398,-1.1079,0.3514,-0.2393,-5.2041,-1.0914,8.0454,-0.0008,0.0062,0.0017,1.0000,-0.1288,-0.0273,0.2020
201152,Right,2,0.2812,-0.0995,-0.9471,-0.1181,0.0370,0.1428,0.0249,0.3912,-0.3570,0.2373,-5.9555,1.4539,7.9813,0.0005,0.0018,0.0003,1.0000,-0.1485,0.0362,0.1998
201152,Pelvis,2,-0.5172,-0.4709,-0.5246,0.4854,0.2601,0.1388,-0.0153,-0.3838,2.2797,1.3959,11.1572,-0.6761,2.4572,0.0033,0.0017,-0.0002,1.0000,0.2790,-0.0172,0.0609
201153,Left,2,0.3566,0.0309,-0.9333,-0.0306,-0.1063,1.2088,0.2976,-2.1183,0.7909,0.1344,-4.8254,-1.5094,8.8602,-0.0013,0.0151,0.0037,0.9999,-0.1171,-0.0379,0.2233
201153,Right,2,0.2813,-0.1003,-0.9471,-0.1175,0.0566,0.0233,0.0630,0.2983,-0.3319,0.2626,-5.9041,1.4724,8.0427,0.0007,0.0003,0.0008,1.0000,-0.1476,0.0366,0.2011
201153,Pelvis,2,-0.5130,-0.4754,-0.5219,0.4884,0.5776,-0.0038,-0.1185,-2.6144,1.5985,-1.2756,8.4875,-2.7858,1.5730,0.0072,-0.0000,-0.0015,1.0000,0.2121,-0.0702,0.0388
201154,Left,2,0.3913,0.0285,-0.9196,-0.0227,-0.1677,2.9712,0.7206,-3.7711,-0.2020,0.6119,-4.5134,-0.4778,10.1189,-0.0021,0.0371,0.0090,0.9993,-0.1032,-0.0124,0.2570
201154,Right,2,0.2808,-0.1005,-0.9473,-0.1173,0.0328,-0.0396,0.0276,0.0569,-0.1477,0.1397,-5.6046,1.3620,8.1122,0.0004,-0.0005,0.0003,1.0000,-0.1402,0.0339,0.2028
201154,Pelvis,2,-0.5068,-0.4788,-0.5178,0.4957,0.8448,0.2326,0.0870,-1.9806,1.0078,-1.7508,8.0259,-2.0837,1.0848,0.0106,0.0029,0.0011,0.9999,0.2008,-0.0522,0.0260
201155,Left,2,0.4377,0.0268,-0.8987,-0.0108,-0.3761,4.0508,1.0011,-1.8065,-0.3822,2.0747,-7.7933,-0.3686,9.1638,-0.0047,0.0506,0.0125,0.9986,-0.1828,-0.0104,0.2386
201155,Right,2,0.2806,-0.1010,-0.9473,-0.1173,0.0465,-0.0027,0.0191,0.0348,0.0635,0.0704,-5.5073,1.1671,8.1233,0.0006,-0.0000,0.0002,1.0000,-0.1377,0.0290,0.2031
201155,Pelvis,2,-0.5013,-0.4806,-0.5134,0.5041,0.8043,0.2912,0.2346,0.8448,0.5546,-0.0575,9.7389,0.7321,0.8954,0.0101,0.0036,0.0029,0.9999,0.2435,0.0188,0.0217
201156,Pelvis,2,-0.4977,-0.4823,-0.5096,0.5099,0.5904,0.1435,0.1818,3.2819,0.0727,1.9790,11.8224,3.1153,0.5876,0.0074,0.0018,0.0023,1.0000,0.2954,0.0784,0.0147
201157,Left,2,0.4926,0.0412,-0.8689,0.0264,-1.2242,2.4541,1.1413,-3.7039,-0.2645,5.2064,-10.2862,-0.7033,11.5491,-0.0306,0.0613,0.0285,0.9972,-0.4767,-0.0308,0.6085
201157,Right,2,0.2805,-0.1020,-0.9472,-0.1170,0.0479,0.0060,0.0228,0.0138,0.0195,0.0173,-5.4672,1.2245,8.0771,0.0012,0.0001,0.0006,1.0000,-0.2733,0.0606,0.4040
201157,Pelvis,2,-0.4948,-0.4837,-0.5079,0.5131,0.3753,0.1119,0.0340,2.9013,-0.1237,0.7051,10.5584,2.7317,0.3375,0.0047,0.0014,0.0004,1.0000,0.2639,0.0684,0.0084
201158,Left,2,0.4940,0.0484,-0.8666,0.0524,-1.5301,0.1275,1.5310,-5.6968,0.1442,-0.0133,-5.5218,-1.1654,9.8314,-0.0191,0.0016,0.0191,0.9996,-0.1371,-0.0271,0.2465
201158,Right,2,0.2806,-0.1026,-0.9471,-0.1168,0.0513,0.0191,0.0267,0.0019,0.0127,-0.0249,-5.4359,1.2434,8.0440,0.0006,0.0002,0.0003,1.0000,-0.1359,0.0309,0.2012
201158,Pelvis,2,-0.4923,-0.4857,-0.5075,0.5140,0.2382,0.0297,-0.1299,1.2806,-0.1011,0.3627,10.1880,1.1307,0.3394,0.0030,0.0004,-0.0016,1.0000,0.2547,0.0278,0.0085
201159,Left,2,0.4913,0.0576,-0.8656,0.0775,-1.6413,-0.1961,1.3766,-4.1208,0.4884,-2.9213,-3.8734,-1.3523,6.9196,-0.0205,-0.0025,0.0172,0.9996,-0.0967,-0.0319,0.1734
201159,Right,2,0.2806,-0.1030,-0.9471,-0.1168,0.0427,0.0092,0.0173,0.0145,-0.0007,-0.0395,-5.4416,1.2605,8.0196,0.0005,0.0001,0.0002,1.0000,-0.1360,0.0314,0.2005
201159,Pelvis,2,-0.4885,-0.4880,-0.5078,0.5151,0.2784,0.1143,-0.2113,0.3867,-0.1664,0.3805,10.1939,0.2814,0.2901,0.0035,0.0014,-0.0026,1.0000,0.2549,0.0063,0.0069
201160,Left,2,0.4823,0.0674,-0.8679,0.0980,-1.5265,-0.7402,0.9883,-3.4561,1.6083,-2.8783,-4.3116,-2.4657,6.1603,-0.0191,-0.0093,0.0124,0.9997,-0.1085,-0.0600,0.1542
201160,Right,2,0.2805,-0.1035,-0.9471,-0.1167,0.0453,0.0037,0.0177,0.0044,0.0498,-0.0865,-5.3992,1.2178,7.9979,0.0006,0.0000,0.0002,1.0000,-0.1350,0.0303,0.2000
201160,Pelvis,2,-0.4840,-0.4901,-0.5079,0.5173,0.3536,0.1782,-0.1754,0.6597,-0.1272,-0.4355,9.3759,0.6101,0.3228,0.0044,0.0022,-0.0022,1.0000,0.2344,0.0147,0.0076
201161,Left,2,0.4687,0.0756,-0.8731,0.1111,-1.1520,-1.1482,0.4898,-2.6044,1.6430,-3.1310,-4.4502,-2.4081,5.3410,-0.0144,-0.0144,0.0061,0.9998,-0.1128,-0.0590,0.1328
201161,Right,2,0.2804,-0.1039,-0.9471,-0.1166,0.0404,-0.0007,0.0189,-0.0364,0.0089,-0.1390,-5.3424,1.2698,7.9642,0.0005,-0.0000,0.0002,1.0000,-0.1336,0.0316,0.1991
201161,Pelvis,2,-0.4802,-0.4916,-0.5077,0.5195,0.3111,0.1691,-0.1061,1.2075,-0.0810,-0.9546,8.8526,1.1945,0.3675,0.0039,0.0021,-0.0013,1.0000,0.2214,0.0295,0.0088
201162,Left,2,0.4511,0.0824,-0.8812,0.1151,-0.7286,-1.4908,-0.1455,-1.6167,1.9953,-2.9082,-5.0545,-2.5953,4.6892,-0.0091,-0.0186,-0.0018,0.9998,-0.1286,-0.0636,0.1154
201162,Right,2,0.2803,-0.1041,-0.9471,-0.1166,0.0267,-0.0028,0.0117,-0.0321,0.0399,-0.1015,-5.3602,1.2501,8.0010,0.0003,-0.0000,0.0001,1.0000,-0.1340,0.0312,0.2000
201162,Pelvis,2,-0.4772,-0.4924,-0.5079,0.5214,0.2282,0.1619,-0.0836,1.3459,-0.2075,-0.7794,9.0303,1.3529,0.2775,0.0029,0.0020,-0.0010,1.0000,0.2258,0.0336,0.0066
201163,Left,2,0.4312,0.0865,-0.8914,0.1095,-0.2067,-1.6900,-0.7650,-0.0940,1.2451,-2.8871,-5.6483,-1.5718,3.8933,-0.0026,-0.0211,-0.0096,0.9997,-0.1436,-0.0377,0.0944
201163,Right,2,0.2802,-0.1042,-0.9471,-0.1166,0.0198,-0.0047,0.0066,-0.0217,0.0100,-0.1060,-5.3692,1.2783,7.9848,0.0002,-0.0001,0.0001,1.0000,-0.1342,0.0319,0.1996
201163,Pelvis,2,-0.4752,-0.4927,-0.5080,0.5228,0.1413,0.1250,-0.0390,1.2067,-0.4705,-0.5466,9.2759,1.2212,0.0609,0.0018,0.0016,-0.0005,1.0000,0.2319,0.0304,0.0012
201164,Left,2,0.4108,0.0885,-0.9021,0.0987,0.1328,-1.7244,-1.0643,1.4679,-0.8468,-2.6960,-6.3243,0.7047,3.6105,0.0017,-0.0216,-0.0133,0.9997,-0.1598,0.0196,0.0869
201164,Right,2,0.2801,-0.1042,-0.9472,-0.1166,0.0162,-0.0026,0.0046,-0.0040,0.0388,-0.0881,-5.3873,1.2501,7.9989,0.0002,-0.0000,0.0001,1.0000,-0.1347,0.0312,0.2000
201164,Pelvis,2,-0.4745,-0.4924,-0.5078,0.5239,0.0706,0.0681,0.0322,1.1150,-0.7412,-0.5004,9.3392,1.1212,-0.1827,0.0009,0.0009,0.0004,1.0000,0.2335,0.0281,-0.0047
201165,Left,2,0.3899,0.0880,-0.9121,0.0914,0.1853,-1.7758,-0.7322,3.2089,-3.5240,-1.1075,-8.2335,3.4548,4.3340,0.0023,-0.0222,-0.0092,0.9997,-0.2074,0.0880,0.1040
201165,Right,2,0.2801,-0.1043,-0.9472,-0.1166,0.0145,0.0031,0.0043,-0.0217,0.0313,-0.0997,-5.3670,1.2617,7.9967,0.0002,0.0000,0.0001,1.0000,-0.1342,0.0315,0.1999
201165,Pelvis,2,-0.4755,-0.4920,-0.5070,0.5242,-0.0194,-0.0473,0.1034,1.0988,-0.9952,-0.7629,9.0955,1.0796,-0.4494,-0.0002,-0.0006,0.0013,1.0000,0.2274,0.0273,-0.0111
201166,Left,2,0.3679,0.0877,-0.9206,0.0975,-0.2717,-1.9093,0.2489,5.6178,-5.7118,-0.3737,-10.0087,6.0251,4.1023,-0.0034,-0.0239,0.0031,0.9997,-0.2530,0.1502,0.0960
201166,Right,2,0.2801,-0.1043,-0.9472,-0.1166,0.0090,0.0040,-0.0010,-0.0281,0.0050,-0.1210,-5.3542,1.2857,7.9756,0.0001,0.0000,-0.0000,1.0000,-0.1338,0.0321,0.1994
201166,Pelvis,2,-0.4780,-0.4915,-0.5058,0.5235,-0.1020,-0.1598,0.1349,1.0849,-1.3833,-0.8441,9.0405,1.0263,-0.8618,-0.0013,-0.0020,0.0017,1.0000,0.2260,0.0260,-0.0211
201167,Left,2,0.3473,0.0932,-0.9254,0.1199,-1.1895,-1.7727,1.3090,7.3262,-4.8093,-0.4802,-10.9714,5.7307,3.2764,-0.0149,-0.0222,0.0164,0.9995,-0.2783,0.1399,0.0737
201167,Right,2,0.2801,-0.1042,-0.9471,-0.1166,0.0080,0.0068,-0.0033,-0.0224,0.0309,-0.0915,-5.3714,1.2623,8.0036,0.0001,0.0001,-0.0000,1.0000,-0.1343,0.0315,0.2001
201167,Pelvis,2,-0.4811,-0.4909,-0.5047,0.5224,-0.1616,-0.1892,0.1417,1.0835,-1.3931,-0.6373,9.2473,0.9948,-0.8948,-0.0020,-0.0024,0.0018,1.0000,0.2312,0.0252,-0.0219
201168,Left,2,0.3293,0.1025,-0.9267,0.1494,-1.6679,-1.4907,1.7842,8.1656,0.4856,-0.5401,-12.1464,1.2851,1.9363,-0.0208,-0.0186,0.0223,0.9994,-0.3051,0.0263,0.0421
201168,Right,2,0.2802,-0.1041,-0.9471,-0.1167,0.0080,0.0099,-0.0033,-0.0200,0.0318,-0.0470,-5.3990,1.2651,8.0387,0.0001,0.0001,-0.0000,1.0000,-0.1349,0.0316,0.2010
201168,Pelvis,2,-0.4847,-0.4899,-0.5035,0.5211,-0.1984,-0.2038,0.1778,0.9704,-1.0812,-0.4608,9.4056,0.8547,-0.6112,-0.0025,-0.0025,0.0022,1.0000,0.2351,0.0219,-0.0147
201169,Left,2,0.3187,0.1080,-0.9259,0.1716,-1.1213,-0.8805,1.4282,6.3616,6.1397,-2.5221,-10.7290,-4.0245,0.1575,-0.0140,-0.0110,0.0179,0.9997,-0.2664,-0.1053,0.0025
201169,Right,2,0.2803,-0.1041,-0.9471,-0.1167,0.0075,0.0105,-0.0006,-0.0317,0.0389,-0.0900,-5.3658,1.2547,8.0104,0.0001,0.0001,-0.0000,1.0000,-0.1341,0.0313,0.2003
201169,Pelvis,2,-0.4889,-0.4888,-0.5017,0.5200,-0.1932,-0.2407,0.2352,0.7455,-0.9244,-0.5037,9.3527,0.5879,-0.4993,-0.0024,-0.0030,0.0029,1.0000,0.2338,0.0154,-0.0118
201170,Left,2,0.3251,0.0966,-0.9245,0.1741,0.8495,0.3375,0.5555,1.2755,1.5654,5.4592,-10.9702,-2.1380,10.6021,0.0106,0.0042,0.0069,0.9999,-0.2727,-0.0582,0.2656
201170,Right,2,0.2805,-0.1039,-0.9470,-0.1168,-0.0002,0.0200,-0.0089,-0.0806,-0.0332,-0.1011,-5.3340,1.3329,8.0059,-0.0000,0.0002,-0.0001,1.0000,-0.1333,0.0333,0.2002
201170,Pelvis,2,-0.4930,-0.4874,-0.4997,0.5193,-0.1760,-0.2183,0.2671,0.7299,0.1996,-0.0500,9.7599,0.5244,0.5926,-0.0022,-0.0027,0.0033,1.0000,0.2439,0.0140,0.0155
201171,Left,2,0.3255,0.0968,-0.9244,0.1735,0.0073,0.0458,-0.0310,0.9793,-2.4712,3.0796,-8.2626,1.8051,10.0870,0.0001,0.0006,-0.0004,1.0000,-0.2064,0.0452,0.2523
201171,Right,2,0.2814,-0.1035,-0.9468,-0.1171,-0.0190,0.0680,-0.0387,-0.2001,-0.1778,-0.1713,-5.2301,1.4871,7.9663,-0.0002,0.0008,-0.0005,1.0000,-0.1306,0.0373,0.1993
201171,Pelvis,2,-0.4965,-0.4859,-0.4989,0.5182,-0.2294,-0.1567,0.1854,-0.5896,1.5763,1.7515,11.4783,-0.8856,2.0065,-0.0029,-0.0020,0.0023,1.0000,0.2869,-0.0213,0.0508
201172,Left,2,0.3277,0.0981,-0.9237,0.1726,-0.0462,0.2083,-0.0694,0.1150,0.1884,0.6204,-6.7823,-0.8281,7.8875,-0.0006,0.0026,-0.0009,1.0000,-0.1691,-0.0204,0.1976
201172,Right,2,0.2831,-0.1029,-0.9463,-0.1177,-0.0356,0.1350,-0.0808,-0.2450,0.0713,-0.2202,-5.1472,1.2406,8.0031,-0.0004,0.0017,-0.0010,1.0000,-0.1283,0.0312,0.2003
201172,Pelvis,2,-0.4955,-0.4877,-0.4996,0.5168,0.0343,-0.0648,-0.1942,-1.1963,1.3599,3.6116,13.3326,-1.5487,1.8262,0.0004,-0.0008,-0.0024,1.0000,0.3332,-0.0395,0.0459
201173,Left,2,0.3289,0.0993,-0.9233,0.1716,-0.0457,0.1202,-0.0821,0.2308,0.6338,0.1646,-6.7172,-1.1856,7.3127,-0.0006,0.0015,-0.0010,1.0000,-0.1677,-0.0294,0.1831
201173,Right,2,0.2868,-0.1024,-0.9451,-0.1185,-0.0312,0.2965,-0.1088,-0.6712,0.0924,-0.3858,-4.7506,1.2982,8.0667,-0.0004,0.0037,-0.0014,1.0000,-0.1180,0.0327,0.2021
201173,Pelvis,2,-0.4959,-0.4874,-0.4998,0.5165,-0.0491,-0.0158,0.0008,2.2612,1.8232,0.4279,10.2287,2.0224,2.1426,-0.0006,-0.0002,0.0000,1.0000,0.2557,0.0506,0.0536
201174,Left,2,0.3286,0.0992,-0.9235,0.1714,0.0077,-0.0164,-0.0183,0.2751,0.3139,0.0981,-6.6334,-0.8823,7.3224,0.0001,-0.0002,-0.0002,1.0000,-0.1659,-0.0220,0.1830
201174,Right,2,0.2953,-0.1026,-0.9423,-0.1199,0.0009,0.7077,-0.1959,-1.1420,0.0381,-0.4767,-4.4349,1.4487,8.1671,0.0000,0.0088,-0.0024,1.0000,-0.1090,0.0365,0.2051
201174,Pelvis,2,-0.5006,-0.4825,-0.5024,0.5141,-0.5924,0.0202,0.1746,2.9820,1.3448,-1.1423,8.6995,2.7455,1.6300,-0.0074,0.0003,0.0022,1.0000,0.2173,0.0694,0.0402
201175,Right,2,0.3140,-0.1051,-0.9357,-0.1221,0.1259,1.5724,-0.3221,-2.2480,0.5423,-0.1015,-3.9478,1.3181,9.0745,0.0016,0.0197,-0.0040,0.9998,-0.0941,0.0330,0.2288
201175,Pelvis,2,-0.5057,-0.4759,-0.5082,0.5094,-0.8870,0.1167,0.0318,1.7264,0.9475,-1.6653,8.1574,1.4601,1.2584,-0.0111,0.0015,0.0004,0.9999,0.2040,0.0369,0.0308
201176,Left,2,0.3266,0.0983,-0.9243,0.1714,0.0221,-0.0899,0.0065,0.0270,-0.0224,0.1017,-6.3520,-0.6641,7.5834,0.0006,-0.0022,0.0002,1.0000,-0.3184,-0.0335,0.3784
201176,Right,2,0.3489,-0.1097,-0.9223,-0.1248,0.1930,2.9721,-0.5117,-2.3483,0.6272,0.5364,-4.7913,1.3325,9.3986,0.0024,0.0371,-0.0064,0.9993,-0.1107,0.0335,0.2393
201176,Pelvis,2,-0.5084,-0.4705,-0.5155,0.5044,-0.8124,0.2071,-0.1828,-0.1475,0.8479,-0.4849,9.2797,-0.4548,1.1949,-0.0102,0.0026,-0.0023,0.9999,0.2320,-0.0116,0.0294
201177,Left,2,0.3260,0.0982,-0.9245,0.1714,0.0036,-0.0427,0.0003,0.0407,0.0355,0.1420,-6.3799,-0.7116,7.6085,0.0000,-0.0005,0.0000,1.0000,-0.1596,-0.0178,0.1901
201177,Right,2,0.3953,-0.1147,-0.9023,-0.1281,0.1878,4.0124,-0.7080,-1.7587,0.3442,1.4347,-6.6978,1.4753,9.0989,0.0023,0.0501,-0.0088,0.9987,-0.1554,0.0377,0.2356
201177,Pelvis,2,-0.5099,-0.4664,-0.5224,0.4996,-0.6875,0.1911,-0.2492,-1.6384,0.6446,1.5740,11.3079,-1.9554,1.0322,-0.0086,0.0024,-0.0031,1.0000,0.2826,-0.0495,0.0256
201178,Left,2,0.3256,0.0985,-0.9246,0.1713,-0.0206,-0.0281,-0.0084,0.0561,-0.0497,0.1392,-6.3603,-0.6304,7.6286,-0.0003,-0.0004,-0.0001,1.0000,-0.1591,-0.0157,0.1907
201178,Right,2,0.4425,-0.1207,-0.8785,-0.1340,0.3668,4.1711,-0.9145,-1.3033,0.2109,4.9128,-10.6229,1.7086,10.1501,0.0046,0.0521,-0.0114,0.9986,-0.2514,0.0444,0.2673
201178,Pelvis,2,-0.5107,-0.4625,-0.5275,0.4969,-0.4964,0.2290,-0.1299,-2.0876,0.2010,0.7772,10.5295,-2.3169,0.5520,-0.0062,0.0029,-0.0016,1.0000,0.2632,-0.0583,0.0134
201179,Left,2,0.3253,0.0993,-0.9247,0.1712,-0.0586,-0.0114,-0.0294,0.0595,-0.0428,0.1618,-6.3741,-0.6487,7.6450,-0.0007,-0.0001,-0.0004,1.0000,-0.1594,-0.0160,0.1911
201179,Right,2,0.4740,-0.1262,-0.8594,-0.1442,0.5998,2.8602,-1.0254,-2.9162,-1.2573,5.0520,-10.9395,3.5023,9.9608,0.0075,0.0357,-0.0128,0.9993,-0.2632,0.0891,0.2592
201179,Pelvis,2,-0.5116,-0.4601,-0.5303,0.4953,-0.3030,0.1022,-0.0513,-1.5376,-0.1282,-0.4102,9.3723,-1.7012,0.2306,-0.0038,0.0013,-0.0006,1.0000,0.2343,-0.0427,0.0056
201180,Left,2,0.3248,0.1005,-0.9247,0.1710,-0.0924,-0.0136,-0.0451,0.0629,0.0185,0.1409,-6.3751,-0.7238,7.6100,-0.0012,-0.0002,-0.0006,1.0000,-0.1594,-0.0178,0.1902
201180,Right,2,0.4852,-0.1252,-0.8514,-0.1552,0.3147,0.9575,-0.9981,-6.7115,0.7461,3.4855,-7.9897,2.7908,12.2814,0.0039,0.0120,-0.0125,0.9998,-0.1952,0.0710,0.3097
201180,Pelvis,2,-0.5129,-0.4578,-0.5314,0.4949,-0.1965,0.0641,0.0784,-1.0058,-0.4008,0.3990,10.2020,-1.1686,0.0605,-0.0025,0.0008,0.0010,1.0000,0.2551,-0.0290,0.0014
201181,Left,2,0.3243,0.1019,-0.9248,0.1708,-0.1011,-0.0190,-0.0523,0.0141,0.0231,0.0006,-6.2468,-0.7633,7.5297,-0.0013,-0.0002,-0.0007,1.0000,-0.1562,-0.0187,0.1882
201181,Right,2,0.4831,-0.1275,-0.8499,-0.1675,0.6864,-0.1798,-0.7476,-5.5040,0.7211,-3.7602,-2.4854,1.8797,7.5985,0.0086,-0.0022,-0.0093,0.9999,-0.0621,0.0459,0.1902
201181,Pelvis,2,-0.5140,-0.4551,-0.5325,0.4950,-0.1927,0.1041,0.1156,-1.0241,-0.3058,0.1487,9.9433,-1.2156,0.1564,-0.0024,0.0013,0.0014,1.0000,0.2486,-0.0300,0.0037
201182,Left,2,0.3236,0.1031,-0.9250,0.1706,-0.0960,-0.0333,-0.0490,0.0290,-0.0113,-0.0022,-6.2408,-0.7532,7.5320,-0.0012,-0.0004,-0.0006,1.0000,-0.1561,-0.0185,0.1883
201182,Right,2,0.4734,-0.1302,-0.8525,-0.1792,0.7517,-0.8350,-0.5532,-4.9791,-0.8834,-2.5381,-3.9978,3.2742,7.1965,0.0094,-0.0104,-0.0069,0.9999,-0.1013,0.0809,0.1796
201182,Pelvis,2,-0.5151,-0.4523,-0.5334,0.4956,-0.1631,0.1185,0.1421,-0.9768,-0.2537,-0.0960,9.6924,-1.2003,0.2220,-0.0020,0.0015,0.0018,1.0000,0.2424,-0.0296,0.0053
201183,Left,2,0.3227,0.1044,-0.9252,0.1704,-0.1006,-0.0529,-0.0483,0.0273,-0.0929,0.0039,-6.2134,-0.7065,7.5676,-0.0013,-0.0007,-0.0006,1.0000,-0.1555,-0.0173,0.1891
201183,Right,2,0.4548,-0.1301,-0.8614,-0.1850,0.4030,-1.6610,-0.0820,-3.9005,-1.6311,-3.3968,-3.7591,3.5038,5.7128,0.0050,-0.0208,-0.0010,0.9998,-0.0968,0.0870,0.1413
201183,Pelvis,2,-0.5162,-0.4497,-0.5341,0.4960,-0.1625,0.0901,0.1311,-0.9177,-0.2395,-0.8413,8.9444,-1.1554,0.2180,-0.0020,0.0011,0.0016,1.0000,0.2237,-0.0285,0.0053
201184,Left,2,0.3216,0.1057,-0.9254,0.1702,-0.0996,-0.0606,-0.0490,-0.0361,-0.0207,-0.1701,-6.0625,-0.8101,7.4546,-0.0012,-0.0008,-0.0006,1.0000,-0.1517,-0.0199,0.1863
201184,Right,2,0.4308,-0.1299,-0.8738,-0.1845,0.2063,-2.0946,0.4588,-1.9211,-0.9618,-4.2464,-3.7066,2.0464,4.2048,0.0026,-0.0262,0.0057,0.9996,-0.0957,0.0503,0.1028
201184,Pelvis,2,-0.5173,-0.4476,-0.5348,0.4961,-0.1472,0.0654,0.1007,-0.9862,-0.2712,-0.8663,8.9159,-1.2465,0.1915,-0.0018,0.0008,0.0013,1.0000,0.2229,-0.0309,0.0047
201185,Left,2,0.3207,0.1065,-0.9257,0.1701,-0.0710,-0.0566,-0.0391,-0.0758,-0.0516,-0.2784,-5.9448,-0.8111,7.4104,-0.0009,-0.0007,-0.0005,1.0000,-0.1488,-0.0200,0.1852
201185,Right,2,0.4046,-0.1310,-0.8870,-0.1799,0.1806,-2.2149,0.8276,-0.1698,-0.5180,-4.1102,-4.4774,0.9817,3.4372,0.0023,-0.0277,0.0103,0.9996,-0.1145,0.0232,0.0828
201185,Pelvis,2,-0.5180,-0.4463,-0.5352,0.4961,-0.0950,0.0322,0.0645,-1.0635,-0.3399,-0.5737,9.2073,-1.3457,0.1419,-0.0012,0.0004,0.0008,1.0000,0.2302,-0.0335,0.0035
201186,Left,2,0.3204,0.1067,-0.9258,0.1700,-0.0168,-0.0240,-0.0103,-0.1814,0.0467,-0.3935,-5.8101,-0.9446,7.3557,-0.0002,-0.0003,-0.0001,1.0000,-0.1453,-0.0236,0.1839
201186,Right,2,0.3792,-0.1326,-0.8994,-0.1724,0.1182,-2.0984,1.0247,1.4862,-0.3137,-3.5736,-5.6632,0.2705,3.0166,0.0015,-0.0262,0.0128,0.9996,-0.1436,0.0048,0.0717
201186,Pelvis,2,-0.5181,-0.4463,-0.5348,0.4964,0.0264,-0.0118,0.0271,-1.2894,-0.3064,-0.2031,9.5663,-1.5985,0.1764,0.0003,-0.0001,0.0003,1.0000,0.2392,-0.0399,0.0044
201187,Left,2,0.3207,0.1062,-0.9257,0.1701,0.0449,0.0185,0.0316,-0.1700,0.0461,-0.3101,-5.8699,-0.9439,7.4152,0.0006,0.0002,0.0004,1.0000,-0.1467,-0.0238,0.1854
201187,Right,2,0.3569,-0.1334,-0.9102,-0.1623,-0.0432,-1.8111,1.1340,2.7541,-0.3823,-1.8750,-7.5738,0.1770,3.6552,-0.0005,-0.0226,0.0142,0.9996,-0.1914,0.0018,0.0871
201187,Pelvis,2,-0.5173,-0.4478,-0.5337,0.4970,0.1686,-0.0568,-0.0240,-1.4600,-0.2400,0.0096,9.7689,-1.7834,0.2342,0.0021,-0.0007,-0.0003,1.0000,0.2442,-0.0447,0.0059
201188,Left,2,0.3214,0.1050,-0.9256,0.1703,0.0888,0.0418,0.0618,-0.0541,0.0742,-0.0610,-6.1250,-0.9286,7.5316,0.0011,0.0005,0.0008,1.0000,-0.1530,-0.0235,0.1883
201188,Right,2,0.3351,-0.1326,-0.9206,-0.1501,-0.2182,-1.7534,1.2367,3.9833,-0.4522,1.6853,-10.6870,0.4674,5.8203,-0.0027,-0.0219,0.0155,0.9996,-0.2704,0.0079,0.1396
201188,Pelvis,2,-0.5160,-0.4510,-0.5318,0.4976,0.2872,-0.1367,-0.0755,-1.1471,-0.5650,-0.1037,9.6886,-1.4224,-0.0755,0.0036,-0.0017,-0.0009,1.0000,0.2422,-0.0358,-0.0016
201189,Left,2,0.3220,0.1038,-0.9254,0.1706,0.0943,0.0349,0.0633,0.0371,0.0477,0.0778,-6.2810,-0.8552,7.5923,0.0012,0.0004,0.0008,1.0000,-0.1569,-0.0217,0.1899
201189,Right,2,0.3109,-0.1295,-0.9316,-0.1367,-0.4030,-1.9653,1.2858,5.3370,-0.5156,1.7115,-11.4286,0.3392,5.5560,-0.0050,-0.0246,0.0161,0.9996,-0.2891,0.0045,0.1318
201189,Pelvis,2,-0.5144,-0.4552,-0.5293,0.4980,0.3544,-0.1869,-0.1176,-0.7159,-0.9407,-0.2559,9.5743,-0.9311,-0.4433,0.0044,-0.0023,-0.0015,1.0000,0.2393,-0.0236,-0.0106
201190,Left,2,0.3225,0.1026,-0.9254,0.1707,0.0848,0.0214,0.0522,0.0573,-0.0187,0.0766,-6.2844,-0.7613,7.5980,0.0011,0.0003,0.0007,1.0000,-0.1570,-0.0193,0.1900
201190,Right,2,0.2885,-0.1263,-0.9409,-0.1247,-0.3786,-1.8073,1.1526,6.6563,-0.1481,-0.1119,-11.0288,-0.4367,4.0788,-0.0047,-0.0226,0.0144,0.9996,-0.2777,-0.0144,0.0958
201190,Pelvis,2,-0.5127,-0.4599,-0.5269,0.4981,0.3650,-0.2238,-0.1597,-0.6580,-1.0907,-0.2705,9.5702,-0.8317,-0.6280,0.0046,-0.0028,-0.0020,1.0000,0.2393,-0.0212,-0.0151
201191,Left,2,0.3228,0.1017,-0.9253,0.1709,0.0723,0.0171,0.0433,0.0108,0.0086,0.0173,-6.2234,-0.7782,7.5692,0.0009,0.0002,0.0005,1.0000,-0.1555,-0.0197,0.1892
201191,Right,2,0.2716,-0.1258,-0.9471,-0.1157,-0.1323,-1.3238,0.8983,6.9309,-0.1319,-1.9570,-10.0570,-0.5968,2.8774,-0.0017,-0.0165,0.0112,0.9998,-0.2524,-0.0176,0.0678
201191,Pelvis,2,-0.5109,-0.4652,-0.5245,0.4975,0.3649,-0.2557,-0.2184,-0.7770,-1.0512,-0.3311,9.5055,-0.9132,-0.6496,0.0046,-0.0032,-0.0027,1.0000,0.2376,-0.0234,-0.0156
201192,Left,2,0.3232,0.1007,-0.9253,0.1710,0.0725,0.0154,0.0449,0.0068,0.0398,0.0157,-6.2305,-0.7889,7.5602,0.0009,0.0002,0.0006,1.0000,-0.1557,-0.0200,0.1890
201192,Pelvis,2,-0.5076,-0.4715,-0.5229,0.4966,0.4239,-0.2202,-0.3512,-1.2433,-0.8323,-0.3862,9.4373,-1.3318,-0.5120,0.0053,-0.0028,-0.0044,1.0000,0.2358,-0.0343,-0.0123
201193,Left,2,0.3237,0.0998,-0.9252,0.1711,0.0692,0.0308,0.0435,-0.0485,0.1327,0.0409,-6.2339,-0.8783,7.5816,0.0009,0.0004,0.0005,1.0000,-0.1558,-0.0222,0.1896
201193,Right,2,0.2655,-0.1048,-0.9513,-0.1162,-0.7705,-0.3755,-0.1970,4.7056,3.6553,2.6223,-9.9963,-2.8372,9.0652,-0.0193,-0.0094,-0.0049,0.9998,-0.5047,-0.1307,0.4511
201193,Pelvis,2,-0.5029,-0.4786,-0.5216,0.4960,0.5119,-0.1657,-0.4474,-1.0000,1.4449,0.4203,10.1670,-1.1334,1.7748,0.0064,-0.0021,-0.0056,1.0000,0.2539,-0.0300,0.0447
201194,Left,2,0.3247,0.0991,-0.9249,0.1714,0.0631,0.0777,0.0596,-0.1911,0.1426,-0.1084,-6.0481,-0.9115,7.5379,0.0008,0.0010,0.0007,1.0000,-0.1510,-0.0230,0.1886
201194,Right,2,0.2682,-0.1039,-0.9506,-0.1166,-0.0624,0.2189,-0.0722,-0.8885,-2.8370,0.5548,-5.2467,4.3592,8.3542,-0.0008,0.0027,-0.0009,1.0000,-0.1305,0.1093,0.2091
201194,Pelvis,2,-0.4992,-0.4838,-0.5190,0.4974,0.5191,-0.1122,-0.1913,1.3858,1.3608,3.2469,12.9983,1.3655,1.8722,0.0065,-0.0014,-0.0024,1.0000,0.3250,0.0331,0.0475
201195,Left,2,0.3270,0.0987,-0.9240,0.1719,0.0424,0.1846,0.0809,-0.5484,0.0442,-0.3434,-5.6389,-0.9211,7.5713,0.0005,0.0023,0.0010,1.0000,-0.1405,-0.0233,0.1896
201195,Pelvis,2,-0.4956,-0.4868,-0.5165,0.5006,0.4935,0.0552,-0.0297,-0.0937,1.5136,2.2756,12.0304,-0.0657,1.9209,0.0062,0.0007,-0.0004,1.0000,0.3008,-0.0020,0.0478
201196,Left,2,0.3327,0.0991,-0.9217,0.1731,-0.0068,0.4835,0.1655,-1.3573,0.1724,-0.3122,-5.1719,-1.3318,7.9756,-0.0001,0.0060,0.0021,1.0000,-0.1280,-0.0335,0.2002
201196,Right,2,0.2707,-0.1043,-0.9499,-0.1161,0.0090,0.1091,0.0106,0.1658,0.0118,0.0607,-5.4322,1.2795,8.1466,0.0002,0.0027,0.0003,1.0000,-0.2705,0.0638,0.4081
201196,Pelvis,2,-0.4900,-0.4918,-0.5130,0.5048,0.7356,0.0497,-0.1080,-2.0077,1.2697,-1.4147,8.3656,-1.9570,1.5352,0.0092,0.0006,-0.0013,1.0000,0.2091,-0.0496,0.0378
201197,Pelvis,2,-0.4830,-0.4976,-0.5069,0.5120,1.0417,0.0919,0.0377,-1.5209,0.7667,-2.7100,7.0837,-1.4452,1.0400,0.0130,0.0011,0.0005,0.9999,0.1771,-0.0364,0.0253
201198,Left,2,0.3805,0.1020,-0.9005,0.1842,-0.0049,2.0239,0.7111,-2.6468,-0.9136,0.7093,-5.1885,-0.8037,9.5443,-0.0001,0.0506,0.0178,0.9986,-0.2341,-0.0444,0.4895
201198,Pelvis,2,-0.4769,-0.5000,-0.5005,0.5216,0.9785,0.2813,0.3149,0.2076,0.7634,-1.9302,7.8424,0.2825,1.0841,0.0122,0.0035,0.0039,0.9999,0.1961,0.0075,0.0265
201199,Left,2,0.4168,0.1024,-0.8820,0.1945,0.0434,3.1026,1.3071,-1.6597,1.7393,2.9806,-9.0262,-2.6735,8.9960,0.0005,0.0388,0.0163,0.9991,-0.2156,-0.0705,0.2334
201199,Right,2,0.2697,-0.1046,-0.9503,-0.1154,0.0186,-0.0225,0.0270,0.0497,-0.0507,0.0979,-5.3786,1.3853,8.2083,0.0007,-0.0008,0.0010,1.0000,-0.4040,0.1031,0.6154
201199,Pelvis,2,-0.4728,-0.5012,-0.4949,0.5295,0.7497,0.2044,0.3340,2.1358,0.7272,1.5715,11.3437,2.1629,1.1552,0.0094,0.0026,0.0042,0.9999,0.2834,0.0550,0.0287
201200,Left,2,0.4425,0.0966,-0.8676,0.2054,0.3264,2.1184,1.4063,-3.6444,1.4129,6.0987,-10.9659,-2.8945,11.8284,0.0041,0.0265,0.0176,0.9995,-0.2649,-0.0783,0.3025
201200,Right,2,0.2697,-0.1048,-0.9503,-0.1154,0.0227,0.0059,0.0090,0.0307,0.0253,0.0503,-5.3151,1.3179,8.2033,0.0003,0.0001,0.0001,1.0000,-0.1329,0.0329,0.2051
201200,Pelvis,2,-0.4689,-0.5027,-0.4916,0.5346,0.5490,0.1681,0.1273,2.9769,0.1255,2.3576,12.1748,2.9077,0.5586,0.0069,0.0021,0.0016,1.0000,0.3043,0.0731,0.0138
201201,Left,2,0.4496,0.0997,-0.8616,0.2137,-0.4367,0.6972,0.6286,-4.7111,-0.2794,4.7020,-9.2930,-1.6191,11.9990,-0.0055,0.0087,0.0079,0.9999,-0.2294,-0.0406,0.3022
201201,Pelvis,2,-0.4654,-0.5050,-0.4896,0.5372,0.4205,0.0613,-0.0445,1.7372,-0.0974,0.4279,10.2486,1.6594,0.3321,0.0053,0.0008,-0.0006,1.0000,0.2562,0.0413,0.0083
201202,Pelvis,2,-0.4616,-0.5076,-0.4884,0.5393,0.3910,0.0732,-0.1177,0.9399,-0.3498,0.6129,10.4366,0.8650,0.1668,0.0049,0.0009,-0.0015,1.0000,0.2610,0.0212,0.0040
201203,Left,2,0.4474,0.1134,-0.8564,0.2313,-0.8240,0.0705,0.4011,-4.3195,0.2270,-2.2953,-4.0617,-2.1381,7.3592,-0.0206,0.0018,0.0100,0.9997,-0.2014,-0.1013,0.3704
201203,Right,2,0.2701,-0.1061,-0.9500,-0.1150,0.0414,0.0224,0.0182,0.0367,0.0373,0.0190,-5.3070,1.3171,8.1710,0.0016,0.0008,0.0007,1.0000,-0.3976,0.0976,0.6133
201203,Pelvis,2,-0.4573,-0.5097,-0.4874,0.5418,0.4072,0.1369,-0.1095,0.9533,-0.2350,0.0584,9.8734,0.9210,0.2659,0.0051,0.0017,-0.0014,1.0000,0.2469,0.0227,0.0063
201204,Left,2,0.4379,0.1204,-0.8581,0.2399,-0.9523,-0.6538,0.2246,-3.1136,-0.1069,-3.3495,-3.6814,-1.4350,5.9891,-0.0119,-0.0082,0.0028,0.9999,-0.0932,-0.0344,0.1494
201204,Right,2,0.2701,-0.1067,-0.9500,-0.1149,0.0540,0.0086,0.0257,-0.0284,0.0383,-0.1133,-5.1861,1.3312,8.0878,0.0007,0.0001,0.0003,1.0000,-0.1296,0.0331,0.2022
201204,Pelvis,2,-0.4534,-0.5113,-0.4861,0.5447,0.3922,0.1473,-0.0533,1.4396,-0.0154,-0.3509,9.4505,1.4500,0.4305,0.0049,0.0018,-0.0007,1.0000,0.2363,0.0360,0.0105
201205,Left,2,0.4244,0.1272,-0.8624,0.2450,-0.8539,-0.9889,-0.0896,-1.9423,0.6619,-3.4925,-4.2814,-1.6061,4.8217,-0.0107,-0.0124,-0.0011,0.9999,-0.1086,-0.0388,0.1196
201205,Right,2,0.2701,-0.1073,-0.9499,-0.1148,0.0501,0.0130,0.0239,-0.0698,0.0245,-0.1596,-5.1298,1.3603,8.0636,0.0006,0.0002,0.0003,1.0000,-0.1282,0.0338,0.2016
201205,Pelvis,2,-0.4506,-0.5121,-0.4855,0.5468,0.2489,0.1327,-0.0380,1.7356,-0.0248,-0.7774,9.0236,1.7549,0.3797,0.0031,0.0017,-0.0005,1.0000,0.2256,0.0437,0.0093
201206,Left,2,0.4090,0.1320,-0.8700,0.2417,-0.4448,-1.1856,-0.6893,-0.7166,1.6246,-3.6973,-4.9277,-1.8896,3.5640,-0.0056,-0.0148,-0.0086,0.9998,-0.1249,-0.0457,0.0875
201206,Right,2,0.2701,-0.1076,-0.9499,-0.1147,0.0367,0.0072,0.0182,-0.0321,0.0126,-0.1479,-5.1699,1.3717,8.0498,0.0005,0.0001,0.0002,1.0000,-0.1292,0.0342,0.2013
201206,Pelvis,2,-0.4491,-0.5121,-0.4860,0.5476,0.0765,0.1031,-0.0516,1.7302,-0.1285,-0.8193,8.9860,1.7478,0.2954,0.0010,0.0013,-0.0006,1.0000,0.2247,0.0435,0.0071
201207,Left,2,0.3935,0.1342,-0.8801,0.2292,0.0675,-1.2314,-1.2898,1.1200,0.3343,-3.6381,-5.4612,0.0244,3.1099,0.0008,-0.0154,-0.0161,0.9998,-0.1377,0.0028,0.0756
201207,Right,2,0.2701,-0.1077,-0.9499,-0.1146,0.0203,0.0006,0.0092,-0.0190,0.0213,-0.1066,-5.2012,1.3706,8.0794,0.0003,0.0000,0.0001,1.0000,-0.1300,0.0342,0.2020
201207,Pelvis,2,-0.4490,-0.5115,-0.4867,0.5475,-0.0540,0.0474,-0.0216,1.5682,-0.2754,-0.7510,9.0622,1.5772,0.1926,-0.0007,0.0006,-0.0003,1.0000,0.2266,0.0394,0.0047
201208,Left,2,0.3769,0.1336,-0.8911,0.2144,0.3214,-1.3581,-1.3947,3.3086,-1.5294,-1.9628,-7.3814,2.4458,3.8013,0.0040,-0.0170,-0.0174,0.9997,-0.1850,0.0640,0.0921
201208,Right,2,0.2699,-0.1077,-0.9500,-0.1146,0.0096,-0.0075,0.0031,0.0058,0.0465,-0.0735,-5.2339,1.3458,8.1024,0.0001,-0.0001,0.0000,1.0000,-0.1309,0.0336,0.2026
201208,Pelvis,2,-0.4504,-0.5106,-0.4874,0.5467,-0.1487,-0.0325,0.0245,1.3613,-0.5086,-0.6333,9.1962,1.3430,0.0023,-0.0019,-0.0004,0.0003,1.0000,0.2299,0.0336,0.0001
201209,Left,2,0.3592,0.1298,-0.9016,0.2031,0.4224,-1.5173,-1.0572,4.8200,-1.3181,-1.2000,-8.8861,2.7192,3.5781,0.0053,-0.0190,-0.0132,0.9997,-0.2229,0.0705,0.0856
201209,Right,2,0.2698,-0.1076,-0.9500,-0.1146,0.0040,-0.0059,0.0002,-0.0294,0.0209,-0.1000,-5.1925,1.3750,8.0922,0.0000,-0.0001,0.0000,1.0000,-0.1298,0.0344,0.2023
201209,Pelvis,2,-0.4528,-0.5096,-0.4878,0.5453,-0.2154,-0.0943,0.0618,1.2132,-0.7754,-0.4918,9.3573,1.1551,-0.2419,-0.0027,-0.0012,0.0008,1.0000,0.2339,0.0290,-0.0059
201210,Left,2,0.3429,0.1237,-0.9109,0.1935,0.5530,-1.4390,-0.8313,5.9604,1.0745,-0.1583,-10.9425,0.8438,3.0749,0.0069,-0.0180,-0.0104,0.9998,-0.2747,0.0234,0.0721
201210,Right,2,0.2698,-0.1074,-0.9500,-0.1146,-0.0003,0.0007,-0.0013,-0.0185,0.0262,-0.1033,-5.1977,1.3641,8.0868,-0.0000,0.0000,-0.0000,1.0000,-0.1299,0.0341,0.2022
201210,Pelvis,2,-0.4561,-0.5084,-0.4881,0.5434,-0.2707,-0.1479,0.0909,1.0653,-1.0234,-0.3966,9.4700,0.9640,-0.4851,-0.0034,-0.0018,0.0011,1.0000,0.2367,0.0243,-0.0118
201211,Left,2,0.3297,0.1169,-0.9189,0.1825,0.6748,-1.1691,-0.8555,6.7302,2.3849,-0.2010,-11.7098,-0.1866,2.4951,0.0084,-0.0146,-0.0107,0.9998,-0.2936,-0.0020,0.0581
201211,Right,2,0.2698,-0.1072,-0.9500,-0.1147,-0.0066,-0.0001,-0.0060,-0.0319,-0.0098,-0.0852,-5.2016,1.4009,8.0997,-0.0001,-0.0000,-0.0001,1.0000,-0.1300,0.0351,0.2025
201211,Pelvis,2,-0.4601,-0.5068,-0.4882,0.5414,-0.3217,-0.1724,0.1301,1.0656,-1.0034,-0.4026,9.4634,0.9435,-0.4955,-0.0040,-0.0022,0.0016,1.0000,0.2366,0.0239,-0.0120
201212,Left,2,0.3219,0.1129,-0.9241,0.1722,0.4955,-0.6731,-0.7988,6.4955,1.2649,-1.2716,-10.5037,0.6371,2.4523,0.0062,-0.0084,-0.0100,0.9999,-0.2629,0.0182,0.0592
201212,Right,2,0.2698,-0.1069,-0.9501,-0.1147,-0.0080,0.0026,-0.0080,-0.0127,0.0489,-0.0735,-5.2142,1.3364,8.1167,-0.0001,0.0000,-0.0001,1.0000,-0.1303,0.0334,0.2029
201212,Pelvis,2,-0.4649,-0.5047,-0.4884,0.5392,-0.3808,-0.1812,0.1787,1.1814,-0.8311,-0.2904,9.5679,1.0421,-0.3610,-0.0048,-0.0023,0.0022,1.0000,0.2392,0.0265,-0.0086
201213,Left,2,0.3222,0.1055,-0.9260,0.1660,0.7296,-0.0635,-0.2822,0.3031,1.5573,1.0216,-7.4570,-2.3238,7.6742,0.0091,-0.0008,-0.0035,1.0000,-0.1868,-0.0592,0.1912
201213,Right,2,0.2699,-0.1068,-0.9500,-0.1148,-0.0024,0.0109,-0.0036,-0.0259,0.0615,-0.1082,-5.1835,1.3188,8.0978,-0.0000,0.0001,-0.0000,1.0000,-0.1296,0.0330,0.2025
201213,Pelvis,2,-0.4704,-0.5018,-0.4885,0.5369,-0.4404,-0.1800,0.2353,1.1946,-0.6034,-0.2033,9.6461,1.0277,-0.1623,-0.0055,-0.0022,0.0029,1.0000,0.2411,0.0264,-0.0037
201214,Left,2,0.3214,0.0990,-0.9271,0.1654,0.5022,-0.1729,0.1028,4.0516,-11.4447,7.2465,-10.9804,10.6746,14.2794,0.0063,-0.0022,0.0013,1.0000,-0.2756,0.2643,0.3581
201214,Pelvis,2,-0.4764,-0.4980,-0.4887,0.5349,-0.4963,-0.1496,0.2941,0.8372,1.1508,0.0845,9.8430,0.7343,1.5988,-0.0062,-0.0019,0.0037,1.0000,0.2459,0.0195,0.0403
201215,Left,2,0.3229,0.1000,-0.9265,0.1654,-0.0607,0.1452,0.0068,-1.6498,4.8885,-0.1762,-6.0400,-5.8856,6.9540,-0.0008,0.0018,0.0001,1.0000,-0.1507,-0.1470,0.1742
201215,Right,2,0.2709,-0.1061,-0.9498,-0.1152,-0.0128,0.0372,-0.0271,-0.1157,-0.1389,-0.1526,-5.1264,1.5188,8.0476,-0.0003,0.0009,-0.0007,1.0000,-0.2559,0.0762,0.4026
201215,Pelvis,2,-0.4810,-0.4960,-0.4904,0.5311,-0.4879,-0.1879,0.0377,-1.9458,1.0276,2.3797,12.0764,-2.1648,1.7236,-0.0061,-0.0023,0.0005,1.0000,0.3018,-0.0537,0.0441
201216,Left,2,0.3254,0.1005,-0.9256,0.1650,0.0042,0.2193,-0.0047,0.4543,-1.5716,0.1778,-6.2839,0.8390,7.8926,0.0001,0.0027,-0.0001,1.0000,-0.1566,0.0210,0.1977
201216,Right,2,0.2723,-0.1054,-0.9494,-0.1159,-0.0328,0.1133,-0.0781,-0.2955,0.0284,-0.3219,-4.8793,1.3666,8.0305,-0.0004,0.0014,-0.0010,1.0000,-0.1217,0.0344,0.2009
201216,Pelvis,2,-0.4812,-0.4966,-0.4922,0.5287,-0.1583,-0.0660,-0.1891,-0.5112,1.0865,1.8755,11.6146,-0.7095,1.6293,-0.0020,-0.0008,-0.0024,1.0000,0.2903,-0.0183,0.0410
201217,Left,2,0.3266,0.1006,-0.9253,0.1644,0.0217,0.1105,-0.0243,0.2862,0.2029,0.2171,-6.6429,-0.8696,7.4723,0.0003,0.0014,-0.0003,1.0000,-0.1658,-0.0217,0.1870
201217,Right,2,0.2760,-0.1050,-0.9482,-0.1169,-0.0223,0.2933,-0.1227,-0.7357,-0.0466,-0.4190,-4.5200,1.5269,8.1255,-0.0003,0.0037,-0.0015,1.0000,-0.1122,0.0384,0.2035
201217,Pelvis,2,-0.4848,-0.4943,-0.4936,0.5263,-0.3945,-0.0848,0.0806,1.9993,1.2510,-0.4336,9.3629,1.8585,1.5535,-0.0049,-0.0011,0.0010,1.0000,0.2340,0.0469,0.0389
201218,Left,2,0.3263,0.1004,-0.9255,0.1640,0.0196,-0.0233,-0.0266,0.0980,0.3750,-0.0182,-6.4030,-1.0815,7.3427,0.0002,-0.0003,-0.0003,1.0000,-0.1601,-0.0270,0.1835
201218,Right,2,0.2845,-0.1052,-0.9455,-0.1188,0.0082,0.6984,-0.2366,-1.1404,-0.0640,-0.3723,-4.3255,1.6393,8.3085,0.0001,0.0087,-0.0030,1.0000,-0.1062,0.0413,0.2086
201218,Pelvis,2,-0.4906,-0.4881,-0.4981,0.5225,-0.8173,0.0462,0.1271,2.2091,0.9730,-1.0099,8.8094,2.0250,1.2697,-0.0102,0.0006,0.0016,0.9999,0.2202,0.0513,0.0311
201219,Left,2,0.3255,0.1002,-0.9259,0.1637,0.0181,-0.0667,-0.0248,0.1661,-0.1002,0.3211,-6.5461,-0.6448,7.7113,0.0002,-0.0008,-0.0003,1.0000,-0.1638,-0.0161,0.1926
201219,Right,2,0.3038,-0.1070,-0.9388,-0.1220,0.0980,1.6001,-0.4249,-2.5411,0.4981,-0.0669,-3.5422,1.5227,9.3184,0.0012,0.0200,-0.0053,0.9998,-0.0837,0.0382,0.2347
201219,Pelvis,2,-0.4952,-0.4819,-0.5052,0.5170,-0.9318,0.1307,-0.0921,0.7693,0.9341,-1.2656,8.5158,0.5595,1.2978,-0.0116,0.0016,-0.0012,0.9999,0.2130,0.0141,0.0319
201220,Left,2,0.3248,0.1004,-0.9262,0.1633,-0.0095,-0.0536,-0.0330,0.0249,0.0738,0.1520,-6.3635,-0.8497,7.6214,-0.0001,-0.0007,-0.0004,1.0000,-0.1592,-0.0212,0.1904
201220,Right,2,0.3374,-0.1098,-0.9262,-0.1274,0.1344,2.8218,-0.7512,-1.7305,0.3237,1.1266,-5.4669,1.5570,9.5136,0.0017,0.0353,-0.0094,0.9993,-0.1278,0.0397,0.2425
201220,Pelvis,2,-0.4976,-0.4779,-0.5125,0.5112,-0.7791,0.1338,-0.2883,-0.8237,0.5448,0.0713,9.8279,-1.0459,0.9935,-0.0097,0.0017,-0.0036,0.9999,0.2456,-0.0268,0.0247
201221,Left,2,0.3242,0.1005,-0.9264,0.1632,-0.0148,-0.0382,-0.0165,-0.0006,0.0450,0.0924,-6.2901,-0.8349,7.6059,-0.0002,-0.0005,-0.0002,1.0000,-0.1573,-0.0208,0.1901
201221,Right,2,0.3775,-0.1135,-0.9089,-0.1360,0.2553,3.3992,-1.0585,-0.9143,0.0596,1.9944,-7.4405,1.5490,9.0872,0.0032,0.0425,-0.0132,0.9990,-0.1756,0.0404,0.2349
201221,Pelvis,2,-0.4997,-0.4744,-0.5184,0.5065,-0.6469,0.1021,-0.2120,-1.9571,0.1341,1.3963,11.1577,-2.1453,0.6275,-0.0081,0.0013,-0.0027,1.0000,0.2788,-0.0542,0.0158
201222,Left,2,0.3238,0.1009,-0.9265,0.1630,-0.0287,-0.0288,-0.0243,0.0472,-0.0195,0.1000,-6.3074,-0.7667,7.6088,-0.0004,-0.0004,-0.0003,1.0000,-0.1578,-0.0191,0.1902
201222,Pelvis,2,-0.5018,-0.4709,-0.5223,0.5037,-0.4814,0.1016,-0.0533,-1.9791,-0.2277,0.3173,10.1042,-2.1088,0.2095,-0.0060,0.0013,-0.0007,1.0000,0.2526,-0.0529,0.0052
201223,Left,2,0.3233,0.1018,-0.9266,0.1627,-0.0569,-0.0205,-0.0415,0.0913,-0.0693,0.1791,-6.3721,-0.7254,7.6628,-0.0007,-0.0003,-0.0005,1.0000,-0.1594,-0.0179,0.1915
201223,Right,2,0.4281,-0.1208,-0.8806,-0.1635,0.5489,2.1896,-1.2747,-2.8806,-0.4093,4.4462,-9.0508,2.7040,11.0822,0.0137,0.0547,-0.0318,0.9979,-0.4168,0.1410,0.5795
201223,Pelvis,2,-0.5044,-0.4687,-0.5235,0.5019,-0.3093,-0.0456,0.0539,-1.5116,-0.5562,0.0846,9.8945,-1.6237,-0.1176,-0.0039,-0.0006,0.0007,1.0000,0.2474,-0.0404,-0.0026
201224,Left,2,0.3225,0.1032,-0.9268,0.1623,-0.1025,-0.0441,-0.0681,0.1473,0.0236,0.3280,-6.5215,-0.8286,7.7226,-0.0013,-0.0006,-0.0009,1.0000,-0.1632,-0.0203,0.1930
201224,Right,2,0.4301,-0.1250,-0.8765,-0.1765,0.7655,0.2169,-0.8413,-4.8112,0.5777,-1.2427,-3.9470,2.0204,8.7902,0.0096,0.0027,-0.0105,0.9999,-0.0976,0.0494,0.2205
201224,Pelvis,2,-0.5069,-0.4664,-0.5241,0.5008,-0.2614,-0.0369,0.1179,-0.9211,-0.5456,0.2331,10.0468,-1.0582,-0.0841,-0.0033,-0.0005,0.0015,1.0000,0.2512,-0.0261,-0.0019
201225,Left,2,0.3209,0.1051,-0.9272,0.1618,-0.1509,-0.0930,-0.0984,0.1299,-0.0727,0.2053,-6.3931,-0.7742,7.6754,-0.0019,-0.0012,-0.0012,1.0000,-0.1601,-0.0188,0.1917
201225,Pelvis,2,-0.5091,-0.4635,-0.5253,0.5000,-0.2757,0.0380,0.1183,-0.9462,-0.2779,0.1095,9.9056,-1.1281,0.1688,-0.0034,0.0005,0.0015,1.0000,0.2477,-0.0278,0.0042
201226,Left,2,0.3189,0.1074,-0.9277,0.1613,-0.1742,-0.1228,-0.1106,-0.0188,-0.0879,-0.0903,-6.0700,-0.8362,7.5491,-0.0022,-0.0015,-0.0014,1.0000,-0.1521,-0.0203,0.1885
201226,Right,2,0.4213,-0.1356,-0.8751,-0.1958,0.7853,-0.3029,-0.4616,-3.6419,-0.1204,-2.6478,-3.6475,2.2021,6.8163,0.0196,-0.0076,-0.0115,0.9997,-0.1837,0.1055,0.3415
201226,Pelvis,2,-0.5109,-0.4608,-0.5262,0.4997,-0.2298,0.0506,0.1243,-0.9495,-0.1263,-0.4323,9.3527,-1.1611,0.2960,-0.0029,0.0006,0.0016,1.0000,0.2339,-0.0286,0.0073
201227,Left,2,0.3171,0.1094,-0.9282,0.1610,-0.1602,-0.1195,-0.0924,-0.0543,-0.0996,-0.1967,-5.9485,-0.8761,7.5052,-0.0020,-0.0015,-0.0012,1.0000,-0.1490,-0.0214,0.1875
201227,Right,2,0.4087,-0.1394,-0.8793,-0.2011,0.6043,-1.0138,-0.0386,-2.0939,-0.0127,-2.3247,-4.6554,1.5533,6.0309,0.0076,-0.0127,-0.0005,0.9999,-0.1183,0.0378,0.1496
201227,Pelvis,2,-0.5125,-0.4585,-0.5270,0.4994,-0.1935,0.0417,0.1052,-0.9182,-0.1256,-0.9966,8.7863,-1.1435,0.2746,-0.0024,0.0005,0.0013,1.0000,0.2197,-0.0283,0.0068
201228,Left,2,0.3154,0.1110,-0.9286,0.1608,-0.1301,-0.1052,-0.0678,-0.0634,0.0749,-0.3081,-5.8887,-1.0694,7.3842,-0.0016,-0.0013,-0.0008,1.0000,-0.1475,-0.0263,0.1845
201228,Right,2,0.3921,-0.1416,-0.8861,-0.2028,0.4153,-1.3670,0.2402,-0.7034,-0.3560,-3.1127,-4.7827,1.2218,4.5989,0.0052,-0.0171,0.0030,0.9998,-0.1216,0.0296,0.1131
201228,Pelvis,2,-0.5137,-0.4569,-0.5277,0.4989,-0.1579,0.0198,0.0596,-0.9602,-0.1822,-0.8849,8.8973,-1.2038,0.2236,-0.0020,0.0002,0.0007,1.0000,0.2225,-0.0299,0.0056
201229,Left,2,0.3145,0.1117,-0.9289,0.1607,-0.0591,-0.0627,-0.0299,-0.1071,0.0183,-0.4536,-5.7351,-1.0436,7.3229,-0.0007,-0.0008,-0.0004,1.0000,-0.1435,-0.0259,0.1830
201229,Right,2,0.3751,-0.1432,-0.8936,-0.2007,0.2510,-1.3797,0.5139,0.6971,-0.2416,-3.0002,-5.5385,0.5581,3.9967,0.0031,-0.0172,0.0064,0.9998,-0.1402,0.0127,0.0975
201229,Pelvis,2,-0.5144,-0.4560,-0.5283,0.4984,-0.0967,0.0058,0.0193,-0.9695,-0.2014,-0.5425,9.2386,-1.2318,0.2224,-0.0012,0.0001,0.0002,1.0000,0.2310,-0.0307,0.0056
201230,Left,2,0.3147,0.1112,-0.9288,0.1608,0.0381,0.0106,0.0301,-0.3677,0.1459,-0.7628,-5.3714,-1.2278,7.1901,0.0005,0.0001,0.0004,1.0000,-0.1342,-0.0308,0.1798
201230,Right,2,0.3572,-0.1434,-0.9020,-0.1955,0.0647,-1.4702,0.7171,1.3599,-0.6099,-1.1970,-7.1964,0.8785,4.8890,0.0008,-0.0184,0.0090,0.9998,-0.1823,0.0202,0.1189
201230,Pelvis,2,-0.5142,-0.4564,-0.5283,0.4982,0.0226,-0.0194,-0.0402,-1.2616,-0.0759,-0.0271,9.7386,-1.5476,0.3479,0.0003,-0.0002,-0.0005,1.0000,0.2434,-0.0388,0.0087
201231,Left,2,0.3164,0.1092,-0.9284,0.1613,0.1556,0.1109,0.1117,-0.3384,0.1502,-0.5649,-5.5296,-1.2154,7.3215,0.0019,0.0014,0.0014,1.0000,-0.1379,-0.0309,0.1832
201231,Right,2,0.3369,-0.1411,-0.9119,-0.1873,-0.1830,-1.6797,0.9144,1.8858,-1.0401,-0.2086,-8.1222,1.2847,5.4106,-0.0023,-0.0210,0.0114,0.9997,-0.2062,0.0301,0.1309
201231,Pelvis,2,-0.5130,-0.4587,-0.5275,0.4983,0.1813,-0.0737,-0.1024,-1.5425,-0.2162,0.4289,10.1978,-1.8108,0.2024,0.0023,-0.0009,-0.0013,1.0000,0.2549,-0.0456,0.0052
201232,Left,2,0.3188,0.1065,-0.9278,0.1618,0.2107,0.1544,0.1419,-0.0929,0.0618,-0.0942,-6.0136,-1.0391,7.5644,0.0026,0.0019,0.0018,1.0000,-0.1499,-0.0267,0.1893
201232,Right,2,0.3159,-0.1376,-0.9219,-0.1772,-0.3187,-1.7308,1.0324,2.7505,-1.1270,-0.5116,-8.2974,1.1109,5.0283,-0.0040,-0.0216,0.0129,0.9997,-0.2104,0.0256,0.1211
201232,Pelvis,2,-0.5113,-0.4619,-0.5259,0.4987,0.2830,-0.1194,-0.1112,-1.0431,-0.6603,0.4485,10.2571,-1.2507,-0.2114,0.0035,-0.0015,-0.0014,1.0000,0.2564,-0.0316,-0.0050
201233,Left,2,0.3209,0.1042,-0.9273,0.1622,0.1865,0.1390,0.1230,0.1565,-0.0903,0.2830,-6.4304,-0.7848,7.7454,0.0023,0.0017,0.0015,1.0000,-0.1604,-0.0203,0.1939
201233,Right,2,0.2974,-0.1351,-0.9303,-0.1667,-0.2703,-1.4992,1.0297,3.8160,-1.2642,-1.4074,-8.3393,0.8454,4.0700,-0.0034,-0.0187,0.0129,0.9997,-0.2106,0.0188,0.0978
201233,Pelvis,2,-0.5097,-0.4652,-0.5241,0.4990,0.2841,-0.1284,-0.1161,-0.6111,-0.8728,0.0641,9.8949,-0.7689,-0.4318,0.0036,-0.0016,-0.0015,1.0000,0.2474,-0.0195,-0.0105
201234,Left,2,0.3222,0.1024,-0.9270,0.1625,0.1431,0.0868,0.0900,0.1376,-0.0081,0.2116,-6.4137,-0.8138,7.6620,0.0018,0.0011,0.0011,1.0000,-0.1601,-0.0209,0.1917
201234,Right,2,0.2851,-0.1345,-0.9359,-0.1569,-0.1592,-0.9402,0.9209,5.0693,-1.4210,-1.5008,-9.1428,0.6741,3.5731,-0.0020,-0.0118,0.0115,0.9999,-0.2298,0.0144,0.0866
201234,Pelvis,2,-0.5081,-0.4689,-0.5227,0.4988,0.2737,-0.1474,-0.1607,-0.7869,-0.9406,-0.2350,9.5976,-0.9037,-0.5524,0.0034,-0.0018,-0.0020,1.0000,0.2399,-0.0230,-0.0134
201235,Left,2,0.3232,0.1009,-0.9268,0.1627,0.1185,0.0594,0.0690,0.0522,0.0159,0.0820,-6.2894,-0.8200,7.5947,0.0015,0.0007,0.0009,1.0000,-0.1571,-0.0209,0.1900
201235,Right,2,0.2840,-0.1155,-0.9389,-0.1561,-1.4471,-0.3793,-0.3201,9.4121,-1.4638,1.4657,-14.2116,-0.4458,3.9713,-0.0181,-0.0047,-0.0040,0.9998,-0.3558,-0.0079,0.0978
201235,Pelvis,2,-0.5057,-0.4730,-0.5217,0.4983,0.2850,-0.1335,-0.2445,-1.0239,-0.8501,-0.2557,9.5729,-1.1012,-0.5036,0.0036,-0.0017,-0.0031,1.0000,0.2393,-0.0282,-0.0123
201236,Left,2,0.3240,0.0996,-0.9266,0.1629,0.1008,0.0474,0.0598,0.0732,0.1312,0.1979,-6.4161,-0.8987,7.6328,0.0013,0.0006,0.0007,1.0000,-0.1603,-0.0228,0.1909
201236,Right,2,0.2741,-0.1073,-0.9425,-0.1582,-0.4701,-0.9420,-0.2052,5.3668,9.9591,5.6169,-10.5833,-9.2573,12.9758,-0.0059,-0.0118,-0.0026,0.9999,-0.2690,-0.2288,0.3226
201236,Pelvis,2,-0.5022,-0.4778,-0.5214,0.4977,0.3305,-0.0824,-0.3444,-1.1420,0.4391,0.0705,9.8531,-1.2224,0.7732,0.0041,-0.0010,-0.0043,1.0000,0.2462,-0.0317,0.0195
201237,Left,2,0.3249,0.0985,-0.9264,0.1630,0.0871,0.0571,0.0581,-0.0678,0.0988,0.0719,-6.2353,-0.8843,7.6196,0.0011,0.0007,0.0007,1.0000,-0.1557,-0.0224,0.1906
201237,Right,2,0.2712,-0.1074,-0.9435,-0.1572,0.0307,-0.2290,0.1146,-3.1110,-2.1211,-0.7447,-2.9836,4.1318,8.3924,0.0004,-0.0029,0.0014,1.0000,-0.0753,0.1031,0.2096
201237,Pelvis,2,-0.4984,-0.4821,-0.5203,0.4985,0.4088,-0.0274,-0.2418,0.5179,0.9484,1.9223,11.6879,0.4956,1.4234,0.0051,-0.0003,-0.0030,1.0000,0.2922,0.0113,0.0357
201238,Right,2,0.2743,-0.1076,-0.9426,-0.1571,-0.0103,0.2662,-0.0190,0.1258,0.0713,0.3419,-5.6517,1.0794,8.3684,-0.0001,0.0033,-0.0002,1.0000,-0.1406,0.0270,0.2097
201238,Pelvis,2,-0.4953,-0.4842,-0.5191,0.5008,0.3528,0.0786,-0.0592,0.1033,1.1528,2.4189,12.1759,0.1336,1.6371,0.0044,0.0010,-0.0007,1.0000,0.3044,0.0029,0.0406
201239,Left,2,0.3288,0.0972,-0.9250,0.1637,0.0593,0.1583,0.0731,-0.3804,0.0208,-0.2186,-5.8395,-0.8706,7.5720,0.0015,0.0040,0.0018,1.0000,-0.2904,-0.0446,0.3797
201239,Right,2,0.2755,-0.1079,-0.9423,-0.1566,0.0098,0.1065,0.0264,0.4998,0.0679,0.3574,-5.9983,0.9494,8.1735,0.0001,0.0013,0.0003,1.0000,-0.1497,0.0237,0.2045
201239,Pelvis,2,-0.4909,-0.4874,-0.5172,0.5040,0.5119,0.0997,-0.0946,-1.3740,1.1121,-0.1123,9.6577,-1.3223,1.4840,0.0064,0.0012,-0.0012,1.0000,0.2414,-0.0336,0.0366
201240,Left,2,0.3344,0.0973,-0.9228,0.1648,0.0218,0.4619,0.1592,-1.1059,0.0854,-0.3080,-5.3458,-1.1578,7.8520,0.0003,0.0058,0.0020,1.0000,-0.1324,-0.0293,0.1971
201240,Right,2,0.2752,-0.1082,-0.9424,-0.1561,0.0206,-0.0133,0.0570,0.2814,-0.1909,0.1072,-5.7540,1.2441,7.9914,0.0003,-0.0002,0.0007,1.0000,-0.1439,0.0309,0.1998
201240,Pelvis,2,-0.4846,-0.4929,-0.5135,0.5084,0.8013,0.0557,-0.1366,-1.5719,0.4657,-1.6030,8.1995,-1.4809,0.8131,0.0100,0.0007,-0.0017,0.9999,0.2049,-0.0376,0.0198
201241,Left,2,0.3465,0.0983,-0.9178,0.1670,-0.0156,1.0278,0.2977,-1.6426,-0.1607,0.1776,-5.3755,-1.1317,8.5065,-0.0002,0.0128,0.0037,0.9999,-0.1315,-0.0287,0.2144
201241,Right,2,0.2742,-0.1081,-0.9428,-0.1558,0.0098,-0.0836,0.0312,0.1358,0.1136,0.0602,-5.5284,1.0142,8.1187,0.0001,-0.0010,0.0004,1.0000,-0.1384,0.0253,0.2028
201241,Pelvis,2,-0.4782,-0.4974,-0.5084,0.5151,0.9138,0.1435,0.0550,-0.3250,0.6481,-1.8175,7.9603,-0.2090,1.0197,0.0114,0.0018,0.0007,0.9999,0.1991,-0.0054,0.0251
201242,Pelvis,2,-0.4742,-0.4985,-0.5040,0.5222,0.6598,0.2255,0.2644,1.2860,0.8856,-0.9250,8.8200,1.4060,1.2883,0.0082,0.0028,0.0033,1.0000,0.2205,0.0356,0.0319
201243,Left,2,0.4077,0.1030,-0.8904,0.1742,0.0316,2.6359,0.6285,-1.7724,-0.7967,0.7380,-6.2210,-0.5124,8.7352,0.0008,0.0658,0.0157,0.9977,-0.2810,-0.0305,0.4559
201243,Right,2,0.2736,-0.1087,-0.9430,-0.1554,0.0331,-0.0117,0.0295,-0.1016,-0.0343,-0.0126,-5.3199,1.2379,8.1376,0.0008,-0.0003,0.0007,1.0000,-0.2662,0.0614,0.4069
201243,Pelvis,2,-0.4719,-0.4984,-0.5010,0.5272,0.4064,0.1822,0.2398,2.2753,0.6683,1.3618,11.1155,2.3553,1.1795,0.0051,0.0023,0.0030,1.0000,0.2778,0.0596,0.0292
201244,Left,2,0.4444,0.1062,-0.8712,0.1795,-0.0449,3.2495,0.8560,-1.0983,0.2855,3.1188,-9.6249,-1.1356,8.6418,-0.0006,0.0406,0.0107,0.9991,-0.2313,-0.0308,0.2256
201244,Right,2,0.2738,-0.1090,-0.9429,-0.1552,0.0271,0.0218,0.0181,-0.0057,0.0136,0.0112,-5.3960,1.1718,8.1253,0.0003,0.0003,0.0002,1.0000,-0.1349,0.0292,0.2032
201244,Pelvis,2,-0.4689,-0.4988,-0.5002,0.5302,0.2956,0.1827,0.0159,1.7853,0.3077,1.1776,10.9546,1.8194,0.8686,0.0037,0.0023,0.0002,1.0000,0.2739,0.0455,0.0213
201245,Left,2,0.4679,0.1081,-0.8570,0.1868,-0.1784,2.1068,0.8469,-2.8986,1.0904,5.0241,-11.0243,-2.4613,10.1088,-0.0022,0.0263,0.0106,0.9996,-0.2682,-0.0638,0.2600
201245,Right,2,0.2740,-0.1092,-0.9428,-0.1552,0.0239,0.0197,0.0097,0.0511,0.0015,0.0261,-5.4556,1.1692,8.1039,0.0003,0.0002,0.0001,1.0000,-0.1363,0.0292,0.2026
201245,Pelvis,2,-0.4661,-0.5002,-0.4996,0.5320,0.2619,0.0953,-0.0750,0.8868,-0.0328,0.0435,9.8392,0.9114,0.5408,0.0033,0.0012,-0.0009,1.0000,0.2460,0.0225,0.0133
201246,Left,2,0.4750,0.1092,-0.8512,0.1946,-0.3103,0.6584,0.6525,-4.0528,-1.1572,4.9012,-10.2454,-0.7750,11.3447,-0.0039,0.0082,0.0082,0.9999,-0.2536,-0.0203,0.2858
201246,Right,2,0.2741,-0.1093,-0.9428,-0.1551,0.0173,0.0153,0.0053,-0.0072,0.0269,-0.0348,-5.3720,1.1614,8.0871,0.0002,0.0002,0.0001,1.0000,-0.1343,0.0290,0.2022
201246,Pelvis,2,-0.4633,-0.5015,-0.4987,0.5340,0.2841,0.0988,-0.0365,1.0657,-0.1855,0.3106,10.1132,1.0972,0.4131,0.0036,0.0012,-0.0005,1.0000,0.2529,0.0273,0.0101
201247,Left,2,0.4763,0.1141,-0.8477,0.2037,-0.6861,0.2225,0.5060,-3.7171,-0.6862,-3.3084,-3.6460,-1.0392,6.4977,-0.0086,0.0028,0.0063,0.9999,-0.0905,-0.0252,0.1629
201247,Right,2,0.2742,-0.1094,-0.9427,-0.1551,0.0206,0.0170,0.0052,-0.0043,0.0493,-0.0493,-5.3636,1.1398,8.0782,0.0003,0.0002,0.0001,1.0000,-0.1340,0.0284,0.2020
201247,Pelvis,2,-0.4608,-0.5020,-0.4978,0.5365,0.2578,0.1394,0.0129,1.4127,-0.0545,0.4506,10.2422,1.4591,0.5505,0.0032,0.0017,0.0002,1.0000,0.2561,0.0365,0.0134
201248,Left,2,0.4715,0.1174,-0.8478,0.2125,-0.6347,-0.3424,0.4276,-3.3788,0.3827,-1.1262,-5.9233,-1.8933,6.9533,-0.0079,-0.0043,0.0053,0.9999,-0.1486,-0.0467,0.1736
201248,Right,2,0.2744,-0.1096,-0.9427,-0.1551,0.0225,0.0200,0.0068,-0.0125,0.0416,-0.0593,-5.3562,1.1511,8.0695,0.0003,0.0002,0.0001,1.0000,-0.1339,0.0287,0.2018
201248,Pelvis,2,-0.4583,-0.5026,-0.4974,0.5385,0.2212,0.1344,-0.0279,1.6265,-0.0113,0.2930,10.0797,1.6795,0.5921,0.0028,0.0017,-0.0003,1.0000,0.2520,0.0419,0.0145
201249,Left,2,0.4610,0.1171,-0.8530,0.2147,-0.1890,-0.9298,-0.0151,-2.5452,2.2539,-3.0452,-5.0729,-3.1905,4.6309,-0.0024,-0.0116,-0.0002,0.9999,-0.1282,-0.0795,0.1145
201249,Right,2,0.2745,-0.1098,-0.9426,-0.1551,0.0241,0.0181,0.0072,-0.0136,-0.0048,-0.0565,-5.3705,1.1979,8.0564,0.0003,0.0002,0.0001,1.0000,-0.1342,0.0299,0.2014
201249,Pelvis,2,-0.4562,-0.5029,-0.4976,0.5398,0.1472,0.1251,-0.0579,1.5316,-0.0512,-0.4196,9.3686,1.5893,0.5328,0.0018,0.0016,-0.0007,1.0000,0.2343,0.0395,0.0130
201250,Left,2,0.4487,0.1130,-0.8632,0.2021,0.6346,-1.1654,-0.9952,-1.6475,4.3991,-3.8251,-5.2530,-4.7092,2.8559,0.0079,-0.0146,-0.0124,0.9998,-0.1338,-0.1166,0.0685
201250,Right,2,0.2745,-0.1100,-0.9426,-0.1550,0.0230,0.0084,0.0061,-0.0191,-0.0223,-0.0831,-5.3573,1.2159,8.0304,0.0003,0.0001,0.0001,1.0000,-0.1339,0.0303,0.2008
201250,Pelvis,2,-0.4548,-0.5028,-0.4981,0.5407,0.0660,0.1076,-0.0392,1.3981,-0.1426,-0.7266,9.0664,1.4578,0.4540,0.0008,0.0013,-0.0005,1.0000,0.2267,0.0363,0.0111
201251,Left,2,0.4366,0.1055,-0.8772,0.1695,1.6224,-1.1594,-2.3094,-0.0584,3.4784,-3.7558,-5.6720,-3.3357,2.3468,0.0203,-0.0145,-0.0289,0.9993,-0.1450,-0.0804,0.0549
201251,Right,2,0.2745,-0.1101,-0.9426,-0.1550,0.0240,0.0065,0.0078,-0.0334,0.0173,-0.1107,-5.3220,1.1839,8.0253,0.0003,0.0001,0.0001,1.0000,-0.1330,0.0295,0.2007
201251,Pelvis,2,-0.4546,-0.5020,-0.4985,0.5411,-0.0195,0.0697,0.0168,1.5718,-0.2194,-0.4801,9.3168,1.6284,0.4027,-0.0002,0.0009,0.0002,1.0000,0.2329,0.0408,0.0099
201252,Left,2,0.4238,0.0945,-0.8922,0.1243,2.3032,-1.1846,-3.0966,2.0054,0.2767,-3.7881,-5.9914,0.1299,2.1193,0.0288,-0.0148,-0.0387,0.9987,-0.1503,0.0076,0.0509
201252,Right,2,0.2747,-0.1104,-0.9425,-0.1549,0.0289,0.0227,0.0113,-0.0565,0.0647,-0.0870,-5.3075,1.1549,8.0680,0.0004,0.0003,0.0001,1.0000,-0.1326,0.0288,0.2017
201252,Pelvis,2,-0.4559,-0.5002,-0.4994,0.5409,-0.1743,0.0442,0.0687,2.0895,-0.0510,-0.3079,9.4754,2.1487,0.5573,-0.0022,0.0006,0.0009,1.0000,0.2368,0.0540,0.0137
201253,Left,2,0.4104,0.0788,-0.9053,0.0760,2.7320,-1.1814,-3.1376,3.2692,-2.5069,-2.8356,-7.1523,2.7406,2.6453,0.0341,-0.0148,-0.0392,0.9985,-0.1770,0.0732,0.0660
201253,Right,2,0.2749,-0.1106,-0.9424,-0.1549,0.0225,0.0246,0.0065,-0.0667,0.0058,-0.1471,-5.2835,1.2095,8.0031,0.0003,0.0003,0.0001,1.0000,-0.1320,0.0302,0.2001
201253,Pelvis,2,-0.4586,-0.4975,-0.5012,0.5394,-0.3472,0.0084,0.0625,2.3636,0.0059,-0.4350,9.3475,2.4061,0.6023,-0.0043,0.0001,0.0008,1.0000,0.2336,0.0604,0.0148
201254,Left,2,0.3956,0.0560,-0.9163,0.0280,3.2044,-1.2701,-2.8774,3.8217,-1.6790,-0.3349,-9.5218,1.4580,3.8047,0.0400,-0.0159,-0.0359,0.9984,-0.2381,0.0413,0.0929
201254,Right,2,0.2752,-0.1106,-0.9423,-0.1549,0.0114,0.0280,-0.0010,-0.0660,-0.0245,-0.0963,-5.3237,1.2447,8.0325,0.0001,0.0004,-0.0000,1.0000,-0.1330,0.0311,0.2009
201254,Pelvis,2,-0.4620,-0.4946,-0.5038,0.5368,-0.4668,-0.0282,0.0299,2.0136,-0.0869,-0.4942,9.2983,2.0329,0.5531,-0.0058,-0.0004,0.0004,1.0000,0.2324,0.0510,0.0136
201255,Left,2,0.3791,0.0228,-0.9247,-0.0252,4.1220,-1.3072,-2.9393,5.2116,2.2587,0.6769,-11.0749,-2.8318,3.4181,0.0515,-0.0163,-0.0367,0.9979,-0.2806,-0.0647,0.0774
201255,Right,2,0.2755,-0.1105,-0.9423,-0.1550,-0.0013,0.0256,-0.0087,0.0063,0.0482,-0.0490,-5.3958,1.1554,8.0550,-0.0000,0.0003,-0.0001,1.0000,-0.1348,0.0289,0.2014
201255,Pelvis,2,-0.4664,-0.4908,-0.5070,0.5334,-0.6039,-0.0327,0.0351,1.8506,-0.3670,-0.4506,9.3666,1.8386,0.3083,-0.0075,-0.0004,0.0004,1.0000,0.2341,0.0461,0.0075
201256,Left,2,0.3638,-0.0172,-0.9274,-0.0855,4.8302,-1.0128,-3.2663,6.0491,4.2727,-0.3917,-10.3836,-5.2971,2.7993,0.0603,-0.0126,-0.0408,0.9973,-0.2656,-0.1254,0.0589
201256,Right,2,0.2757,-0.1103,-0.9422,-0.1550,-0.0010,0.0173,-0.0063,0.0288,0.0562,-0.0058,-5.4397,1.1415,8.0799,-0.0000,0.0002,-0.0001,1.0000,-0.1359,0.0286,0.2020
201256,Pelvis,2,-0.4720,-0.4849,-0.5116,0.5294,-0.8097,0.0332,0.0809,1.9384,-0.3805,0.0626,9.8822,1.9056,0.3677,-0.0101,0.0004,0.0010,0.9999,0.2470,0.0480,0.0086
201257,Left,2,0.3521,-0.0496,-0.9233,-0.1450,4.2260,-0.6124,-3.4812,4.3871,3.2956,-0.2696,-8.9248,-4.4444,4.6720,0.0528,-0.0076,-0.0435,0.9976,-0.2287,-0.1071,0.1093
201257,Right,2,0.2759,-0.1102,-0.9422,-0.1550,0.0008,0.0164,-0.0021,0.0293,0.0400,-0.0093,-5.4447,1.1527,8.0707,0.0000,0.0002,-0.0000,1.0000,-0.1361,0.0288,0.2018
201257,Pelvis,2,-0.4787,-0.4769,-0.5179,0.5246,-1.0427,0.1167,0.1027,2.1495,-0.2195,0.4637,10.2732,2.0854,0.6218,-0.0130,0.0015,0.0013,0.9999,0.2568,0.0527,0.0145
201258,Left,2,0.3485,-0.0528,-0.9158,-0.1923,1.6422,-0.1955,-3.4678,3.7930,-7.5107,5.7167,-14.9903,5.3590,7.6569,0.0205,-0.0024,-0.0433,0.9988,-0.3691,0.1461,0.1934
201258,Right,2,0.2760,-0.1101,-0.9422,-0.1550,0.0031,0.0148,-0.0006,0.0024,0.0545,-0.0239,-5.4142,1.1446,8.0746,0.0000,0.0002,-0.0000,1.0000,-0.1353,0.0286,0.2019
201258,Pelvis,2,-0.4856,-0.4666,-0.5261,0.5194,-1.2520,0.2529,0.0952,2.3721,0.2949,0.5324,10.2994,2.2578,1.2495,-0.0156,0.0032,0.0012,0.9999,0.2575,0.0572,0.0295
201259,Left,2,0.3415,-0.0445,-0.9177,-0.1983,-0.3327,-0.7172,-0.6022,-1.9843,-11.8123,1.6362,-9.9331,11.1118,7.2402,-0.0042,-0.0090,-0.0075,0.9999,-0.2478,0.2804,0.1776
201259,Right,2,0.2764,-0.1102,-0.9421,-0.1550,0.0124,0.0314,-0.0004,-0.0198,-0.0085,-0.0149,-5.4200,1.2109,8.0718,0.0002,0.0004,-0.0000,1.0000,-0.1354,0.0302,0.2019
201259,Pelvis,2,-0.4941,-0.4538,-0.5361,0.5123,-1.5429,0.2925,0.1006,1.6495,0.9832,0.4309,10.1191,1.4359,2.0402,-0.0193,0.0037,0.0013,0.9998,0.2531,0.0372,0.0494
201260,Left,2,0.3364,-0.0391,-0.9188,-0.2025,-0.2073,-0.5023,-0.4172,-1.6300,1.6883,0.0014,-4.5765,-1.4798,8.8709,-0.0026,-0.0063,-0.0052,1.0000,-0.1160,-0.0358,0.2211
201260,Right,2,0.2770,-0.1104,-0.9418,-0.1551,0.0249,0.0579,-0.0059,-0.0004,0.0226,0.0483,-5.4718,1.1836,8.1178,0.0003,0.0007,-0.0001,1.0000,-0.1366,0.0295,0.2031
201260,Pelvis,2,-0.5016,-0.4400,-0.5475,0.5050,-1.6060,0.4190,0.0360,-0.2200,1.1596,1.2657,10.8889,-0.5602,2.2894,-0.0201,0.0052,0.0004,0.9998,0.2725,-0.0127,0.0561
201261,Left,2,0.3373,-0.0355,-0.9184,-0.2040,-0.2358,0.0179,-0.2048,1.1877,2.0471,0.2953,-6.5167,-3.0363,7.4891,-0.0029,0.0002,-0.0026,1.0000,-0.1631,-0.0749,0.1875
201261,Right,2,0.2779,-0.1111,-0.9414,-0.1552,0.0591,0.0934,-0.0014,0.0512,-0.1037,0.1984,-5.6404,1.3063,8.1679,0.0007,0.0012,-0.0000,1.0000,-0.1408,0.0325,0.2044
201261,Pelvis,2,-0.5060,-0.4271,-0.5594,0.4987,-1.4117,0.5821,-0.0870,0.5244,1.3516,1.8962,11.4714,0.0579,2.7579,-0.0176,0.0073,-0.0011,0.9998,0.2873,0.0023,0.0668
201262,Left,2,0.3379,-0.0338,-0.9181,-0.2043,-0.1254,0.0249,-0.0692,0.2255,0.5068,-0.0230,-6.1858,-1.2788,7.4997,-0.0016,0.0003,-0.0009,1.0000,-0.1546,-0.0315,0.1876
201262,Right,2,0.2792,-0.1120,-0.9409,-0.1555,0.0747,0.1191,-0.0232,-0.0032,-0.0938,0.1704,-5.6005,1.3222,8.1583,0.0009,0.0015,-0.0003,1.0000,-0.1397,0.0329,0.2042
201262,Pelvis,2,-0.5097,-0.4142,-0.5725,0.4908,-1.4965,0.6089,-0.2238,0.7514,0.8101,1.3379,10.9483,0.3225,2.3643,-0.0187,0.0076,-0.0028,0.9998,0.2742,0.0084,0.0569
201263,Left,2,0.3380,-0.0330,-0.9181,-0.2043,-0.0603,-0.0008,-0.0173,0.3364,0.1243,0.1473,-6.5050,-1.0116,7.4827,-0.0008,-0.0000,-0.0002,1.0000,-0.1626,-0.0251,0.1871
201263,Right,2,0.2812,-0.1128,-0.9401,-0.1563,0.0719,0.1753,-0.0681,-0.1075,-0.0992,0.0860,-5.5022,1.3597,8.1168,0.0009,0.0022,-0.0009,1.0000,-0.1371,0.0339,0.2033
201263,Pelvis,2,-0.5149,-0.3991,-0.5861,0.4818,-1.7118,0.6021,-0.1599,0.7674,0.0799,-0.8156,8.8864,0.4934,1.5279,-0.0214,0.0075,-0.0020,0.9997,0.2225,0.0127,0.0363
201264,Left,2,0.3376,-0.0326,-0.9183,-0.2042,-0.0205,-0.0346,0.0092,0.1424,0.2405,-0.0081,-6.2279,-1.0383,7.5063,-0.0003,-0.0004,0.0001,1.0000,-0.1558,-0.0259,0.1876
201264,Right,2,0.2838,-0.1129,-0.9390,-0.1580,0.0281,0.2073,-0.1573,0.0200,-0.2704,0.2519,-5.7785,1.4847,8.1101,0.0004,0.0026,-0.0020,1.0000,-0.1439,0.0373,0.2031
201264,Pelvis,2,-0.5215,-0.3838,-0.5992,0.4709,-1.8469,0.4638,-0.1802,0.4324,-0.7454,-1.5819,8.2404,0.3550,0.6775,-0.0231,0.0058,-0.0023,0.9997,0.2061,0.0088,0.0155
201265,Left,2,0.3371,-0.0328,-0.9186,-0.2039,0.0130,-0.0431,0.0440,0.1696,0.2241,-0.0358,-6.2276,-1.0299,7.4715,0.0002,-0.0005,0.0005,1.0000,-0.1558,-0.0259,0.1867
201265,Right,2,0.2849,-0.1091,-0.9379,-0.1649,-0.1157,0.0053,-0.6290,1.4915,0.7172,1.1122,-7.2237,0.0660,8.3611,-0.0014,0.0001,-0.0079,1.0000,-0.1806,0.0034,0.2090
201265,Pelvis,2,-0.5279,-0.3684,-0.6126,0.4585,-1.9149,0.4448,-0.2574,-0.3462,-1.1274,-1.2719,8.6135,-0.2816,0.2573,-0.0239,0.0056,-0.0032,0.9997,0.2153,-0.0076,0.0054
201266,Left,2,0.3365,-0.0333,-0.9188,-0.2035,0.0327,-0.0360,0.0520,0.1015,0.0602,0.0499,-6.2855,-0.8491,7.5536,0.0004,-0.0004,0.0006,1.0000,-0.1572,-0.0214,0.1888
201266,Right,2,0.2823,-0.1067,-0.9326,-0.1978,0.6600,-0.3887,-2.5691,7.3373,6.4451,1.6078,-10.3912,-7.6799,7.6746,0.0082,-0.0049,-0.0321,0.9994,-0.2667,-0.1851,0.1890
201266,Pelvis,2,-0.5346,-0.3531,-0.6256,0.4451,-1.9454,0.3824,-0.2891,-1.2001,-1.0911,-0.5697,9.3197,-1.0781,0.2083,-0.0243,0.0048,-0.0036,0.9997,0.2329,-0.0277,0.0048
201267,Left,2,0.3363,-0.0337,-0.9189,-0.2033,0.0291,-0.0099,0.0370,0.0384,-0.0259,0.0508,-6.2686,-0.7339,7.5800,0.0004,-0.0001,0.0005,1.0000,-0.1567,-0.0185,0.1895
201267,Right,2,0.2698,-0.1185,-0.9210,-0.2548,2.4780,-0.9703,-4.0576,8.3550,2.7896,1.5450,-11.6272,-5.5120,6.4136,0.0310,-0.0121,-0.0507,0.9982,-0.2992,-0.1276,0.1527
201267,Pelvis,2,-0.5416,-0.3386,-0.6372,0.4312,-1.8991,0.2579,-0.2921,-1.8054,-0.7604,0.0250,9.8723,-1.7271,0.4145,-0.0237,0.0032,-0.0037,0.9997,0.2467,-0.0438,0.0106
201268,Left,2,0.3363,-0.0341,-0.9189,-0.2032,0.0260,0.0121,0.0246,0.0141,0.0050,-0.0075,-6.2042,-0.7395,7.5566,0.0003,0.0002,0.0003,1.0000,-0.1551,-0.0186,0.1889
201268,Right,2,0.2525,-0.1383,-0.9022,-0.3212,3.4420,-1.0875,-4.6885,5.9815,-2.4171,-1.1059,-10.0805,-0.8833,3.8866,0.0430,-0.0136,-0.0586,0.9973,-0.2542,-0.0113,0.0931
201268,Pelvis,2,-0.5493,-0.3252,-0.6468,0.4173,-1.8209,0.1064,-0.2576,-1.8742,-0.6397,-0.0217,9.8172,-1.7898,0.4519,-0.0228,0.0013,-0.0032,0.9997,0.2453,-0.0453,0.0120
201269,Left,2,0.3365,-0.0346,-0.9189,-0.2031,0.0334,0.0232,0.0274,-0.0000,0.0206,-0.0410,-6.1709,-0.7375,7.5408,0.0004,0.0003,0.0003,1.0000,-0.1542,-0.0186,0.1886
201269,Right,2,0.2361,-0.1586,-0.8761,-0.3894,3.5638,-0.8915,-4.9998,5.3287,-3.9898,-1.5952,-10.0280,-0.2119,3.3639,0.0445,-0.0111,-0.0624,0.9970,-0.2514,0.0067,0.0814
201269,Pelvis,2,-0.5576,-0.3117,-0.6553,0.4032,-1.8173,0.0206,-0.2072,-1.3783,-0.9091,-0.2767,9.6000,-1.1786,0.3354,-0.0227,0.0003,-0.0026,0.9997,0.2399,-0.0299,0.0090
201270,Left,2,0.3366,-0.0352,-0.9189,-0.2028,0.0391,0.0214,0.0411,0.0103,0.0038,-0.0161,-6.2038,-0.7172,7.5480,0.0005,0.0003,0.0005,1.0000,-0.1550,-0.0181,0.1887
201270,Right,2,0.2228,-0.1756,-0.8442,-0.4549,3.2659,-0.6307,-5.0905,2.7051,-5.9600,-1.3301,-9.8876,2.1219,3.5509,0.0408,-0.0079,-0.0636,0.9971,-0.2440,0.0650,0.0893
201270,Pelvis,2,-0.5661,-0.2979,-0.6634,0.3882,-1.8713,-0.0204,-0.2168,-1.0094,-1.0067,-0.7278,9.1599,-0.7555,0.3028,-0.0234,-0.0003,-0.0027,0.9997,0.2289,-0.0193,0.0081
201271,Left,2,0.3366,-0.0359,-0.9189,-0.2026,0.0446,0.0136,0.0450,0.0274,0.0006,-0.0470,-6.2005,-0.7056,7.5117,0.0006,0.0002,0.0006,1.0000,-0.1550,-0.0178,0.1878
201271,Pelvis,2,-0.5748,-0.2840,-0.6714,0.3717,-1.9545,-0.0644,-0.2945,-1.0866,-1.0003,-0.5795,9.3142,-0.7859,0.2495,-0.0244,-0.0008,-0.0037,0.9997,0.2328,-0.0203,0.0069
201272,Left,2,0.3366,-0.0365,-0.9189,-0.2023,0.0407,0.0153,0.0424,0.0124,-0.0107,-0.0084,-6.2213,-0.6786,7.5471,0.0005,0.0002,0.0005,1.0000,-0.1555,-0.0171,0.1887
201272,Pelvis,2,-0.5837,-0.2699,-0.6794,0.3533,-2.0504,-0.1127,-0.3749,-1.3486,-0.8335,-0.3330,9.5524,-1.0407,0.2157,-0.0256,-0.0014,-0.0047,0.9997,0.2387,-0.0270,0.0064
201273,Left,2,0.3367,-0.0371,-0.9189,-0.2021,0.0398,0.0215,0.0395,0.0160,0.0199,-0.0361,-6.1991,-0.6936,7.5281,0.0005,0.0003,0.0005,1.0000,-0.1549,-0.0175,0.1882
201273,Right,2,0.1983,-0.2193,-0.7357,-0.6093,2.7343,-0.0956,-4.4437,-0.6264,-4.5717,-0.5725,-8.3725,3.0222,5.2713,0.1019,-0.0036,-0.1656,0.9809,-0.5850,0.2845,0.4205
201273,Pelvis,2,-0.5927,-0.2552,-0.6872,0.3336,-2.1429,-0.1402,-0.4144,-1.4060,-0.6106,-0.1543,9.7071,-1.1486,0.2992,-0.0268,-0.0018,-0.0052,0.9996,0.2425,-0.0297,0.0087
201274,Left,2,0.3369,-0.0377,-0.9189,-0.2019,0.0339,0.0309,0.0358,0.0187,-0.0251,-0.0139,-6.2355,-0.6435,7.5314,0.0004,0.0004,0.0004,1.0000,-0.1558,-0.0162,0.1883
201274,Right,2,0.1928,-0.2308,-0.6970,-0.6509,2.3037,0.1180,-4.0386,-2.1600,-1.7554,-0.1902,-6.5859,3.0581,6.9015,0.0288,0.0015,-0.0505,0.9983,-0.1604,0.0796,0.1750
201274,Pelvis,2,-0.6018,-0.2397,-0.6947,0.3126,-2.2510,-0.1682,-0.4362,-1.5354,-0.2327,-0.1017,9.7245,-1.4108,0.4003,-0.0281,-0.0021,-0.0055,0.9996,0.2429,-0.0363,0.0115
201275,Right,2,0.1869,-0.2404,-0.6579,-0.6888,2.1569,0.0732,-3.8860,-3.7151,-0.0769,-0.6439,-5.2095,4.3055,7.2264,0.0269,0.0009,-0.0486,0.9985,-0.1248,0.1089,0.1837
201275,Pelvis,2,-0.6106,-0.2235,-0.7019,0.2907,-2.3206,-0.1643,-0.4478,-1.5631,0.2317,-0.1851,9.5956,-1.6694,0.5705,-0.0290,-0.0021,-0.0056,0.9996,0.2396,-0.0426,0.0160
201276,Left,2,0.3376,-0.0387,-0.9187,-0.2014,0.0276,0.0388,0.0365,0.0156,-0.0304,-0.0186,-6.2425,-0.6216,7.5213,0.0007,0.0010,0.0009,1.0000,-0.3117,-0.0316,0.3763
201276,Right,2,0.1799,-0.2482,-0.6213,-0.7211,1.9954,-0.0022,-3.4662,-5.1563,1.7000,-1.3997,-3.8121,5.7663,7.2457,0.0249,-0.0000,-0.0433,0.9988,-0.0891,0.1435,0.1847
201276,Pelvis,2,-0.6189,-0.2069,-0.7087,0.2683,-2.3449,-0.1557,-0.4611,-1.5666,0.5699,-0.2673,9.4914,-1.8434,0.6425,-0.0293,-0.0019,-0.0058,0.9996,0.2370,-0.0469,0.0179
201277,Left,2,0.3380,-0.0392,-0.9186,-0.2012,0.0295,0.0430,0.0294,-0.0237,-0.0371,-0.0277,-6.2227,-0.5860,7.5288,0.0004,0.0005,0.0004,1.0000,-0.1555,-0.0148,0.1883
201277,Right,2,0.1723,-0.2554,-0.5905,-0.7460,1.7793,-0.0151,-2.7542,-6.0073,3.2687,-2.4848,-2.4889,6.8855,6.8478,0.0222,-0.0002,-0.0344,0.9992,-0.0564,0.1703,0.1750
201277,Pelvis,2,-0.6264,-0.1904,-0.7148,0.2457,-2.3188,-0.1465,-0.4781,-1.6401,0.8079,-0.4162,9.3458,-1.9931,0.5669,-0.0290,-0.0018,-0.0060,0.9996,0.2333,-0.0508,0.0161
201278,Left,2,0.3384,-0.0398,-0.9184,-0.2010,0.0341,0.0462,0.0350,-0.0150,-0.0427,-0.0106,-6.2496,-0.5759,7.5295,0.0004,0.0006,0.0004,1.0000,-0.1561,-0.0145,0.1883
201278,Pelvis,2,-0.6332,-0.1744,-0.7202,0.2234,-2.2456,-0.1513,-0.4729,-1.7750,0.9913,-0.5133,9.2680,-2.1350,0.4002,-0.0281,-0.0019,-0.0059,0.9996,0.2314,-0.0544,0.0120
201279,Left,2,0.3387,-0.0405,-0.9184,-0.2007,0.0368,0.0394,0.0475,0.0266,-0.0277,0.0173,-6.2990,-0.5960,7.5231,0.0005,0.0005,0.0006,1.0000,-0.1574,-0.0151,0.1881
201279,Right,2,0.1576,-0.2753,-0.5496,-0.7728,1.5248,0.2607,-1.5651,-4.5371,3.6895,-3.3275,-1.9093,5.7601,6.2834,0.0381,0.0065,-0.0391,0.9985,-0.0823,0.2791,0.3255
201279,Pelvis,2,-0.6397,-0.1594,-0.7243,0.2018,-2.1398,-0.2034,-0.4745,-1.9272,1.2977,-0.5402,9.2535,-2.3835,0.2699,-0.0267,-0.0025,-0.0059,0.9996,0.2310,-0.0607,0.0089
201280,Left,2,0.3389,-0.0413,-0.9183,-0.2003,0.0409,0.0390,0.0566,-0.0172,-0.1080,0.0097,-6.2987,-0.4904,7.5218,0.0005,0.0005,0.0007,1.0000,-0.1574,-0.0125,0.1881
201280,Right,2,0.1354,-0.2830,-0.5425,-0.7792,1.9560,-0.5475,-0.1287,-4.4842,2.9379,9.7833,-10.4900,6.7490,16.0377,0.0244,-0.0068,-0.0016,0.9997,-0.2647,0.1593,0.4031
201280,Pelvis,2,-0.6457,-0.1462,-0.7272,0.1810,-1.9586,-0.2566,-0.5007,-1.7661,1.6301,-0.3835,9.3949,-2.5008,0.4146,-0.0245,-0.0032,-0.0063,0.9997,0.2344,-0.0637,0.0127
201281,Left,2,0.3398,-0.0422,-0.9181,-0.1997,0.0407,0.0892,0.0681,-0.1598,0.1903,-0.0620,-6.0655,-0.6871,7.6076,0.0005,0.0011,0.0009,1.0000,-0.1514,-0.0174,0.1904
201281,Right,2,0.1240,-0.2716,-0.5469,-0.7821,0.1598,-1.3156,0.2809,1.3967,1.4051,-0.1999,-4.0751,0.1939,8.9273,0.0020,-0.0164,0.0035,0.9999,-0.1055,0.0040,0.2215
201281,Pelvis,2,-0.6505,-0.1348,-0.7299,0.1612,-1.7893,-0.2105,-0.5545,-1.1039,1.7507,-0.4462,9.2915,-2.2147,0.8836,-0.0224,-0.0026,-0.0069,0.9997,0.2318,-0.0565,0.0240
201282,Left,2,0.3424,-0.0436,-0.9173,-0.1985,0.0345,0.2427,0.1090,-0.3813,0.2402,-0.0742,-5.9208,-0.6255,7.7198,0.0004,0.0030,0.0014,1.0000,-0.1474,-0.0159,0.1934
201282,Right,2,0.1197,-0.2670,-0.5498,-0.7823,0.0209,-0.5045,0.2249,-1.0481,1.7896,0.0669,-4.3316,2.6640,8.7206,0.0003,-0.0063,0.0028,1.0000,-0.1098,0.0662,0.2173
201282,Pelvis,2,-0.6552,-0.1232,-0.7315,0.1430,-1.7051,-0.2451,-0.4284,-0.2098,1.1325,0.2470,9.9538,-1.2253,1.3948,-0.0213,-0.0031,-0.0054,0.9998,0.2486,-0.0312,0.0363
201283,Pelvis,2,-0.6595,-0.1066,-0.7331,0.1273,-1.8580,-0.1376,-0.0279,0.1971,0.1552,2.5131,12.2248,-0.1926,1.5831,-0.0232,-0.0017,-0.0003,0.9997,0.3055,-0.0040,0.0402
201284,Left,2,0.3607,-0.0515,-0.9111,-0.1927,0.0786,0.8324,0.2481,-0.8689,0.6038,-0.0050,-5.7056,-0.7100,8.0167,0.0020,0.0208,0.0062,0.9998,-0.2766,-0.0380,0.4066
201284,Right,2,0.1216,-0.2681,-0.5499,-0.7817,-0.0296,0.0854,0.0026,-0.3089,0.0208,0.0210,-5.4818,1.3333,8.0604,-0.0007,0.0021,0.0001,1.0000,-0.2732,0.0669,0.4036
201284,Pelvis,2,-0.6622,-0.0880,-0.7356,0.1126,-1.9068,0.0356,0.1124,-0.3048,0.5049,1.3724,11.1247,-0.7485,1.0655,-0.0238,0.0004,0.0014,0.9997,0.2782,-0.0177,0.0269
201285,Left,2,0.3828,-0.0607,-0.9028,-0.1863,0.1790,2.0248,0.5217,-0.8795,1.0444,0.3260,-6.1666,-1.0197,8.1002,0.0022,0.0253,0.0065,0.9997,-0.1488,-0.0269,0.2063
201285,Right,2,0.1216,-0.2674,-0.5500,-0.7818,-0.0163,-0.0409,0.0034,-0.0023,-0.2542,0.0572,-5.6544,0.9411,8.0388,-0.0002,-0.0005,0.0000,1.0000,-0.1415,0.0236,0.2009
201285,Pelvis,2,-0.6640,-0.0734,-0.7377,0.0978,-1.6722,0.0280,-0.1072,-0.5527,0.8458,-0.7690,9.0032,-1.1473,0.6605,-0.0209,0.0003,-0.0013,0.9998,0.2250,-0.0286,0.0170
201286,Left,2,0.4103,-0.0765,-0.8912,-0.1776,0.5211,2.6180,0.8098,-0.1649,2.2224,1.0372,-7.2875,-2.2215,8.0431,0.0065,0.0327,0.0101,0.9994,-0.1749,-0.0587,0.2065
201286,Right,2,0.1211,-0.2666,-0.5504,-0.7819,-0.0069,-0.0735,0.0180,0.0426,-0.1219,0.0221,-5.5058,0.9408,8.0957,-0.0001,-0.0009,0.0002,1.0000,-0.1378,0.0235,0.2023
201286,Pelvis,2,-0.6649,-0.0612,-0.7397,0.0840,-1.4719,0.0616,-0.1824,0.0194,0.3839,0.1496,9.8826,-0.5824,1.1786,-0.0184,0.0008,-0.0023,0.9998,0.2471,-0.0146,0.0295
201287,Left,2,0.4300,-0.1050,-0.8808,-0.1680,1.5069,2.2126,1.3600,1.7058,4.2995,3.1559,-10.0801,-4.4214,8.2766,0.0188,0.0277,0.0170,0.9993,-0.2442,-0.1187,0.2116
201287,Pelvis,2,-0.6648,-0.0479,-0.7421,0.0713,-1.4713,0.1536,-0.0642,0.5075,-0.9012,0.7200,10.4518,0.7446,1.4879,-0.0184,0.0019,-0.0008,0.9998,0.2614,0.0191,0.0363
201288,Left,2,0.4343,-0.1458,-0.8731,-0.1670,2.8438,1.1292,1.3449,4.5691,7.4509,3.9797,-12.2627,-7.5994,7.6547,0.0355,0.0141,0.0168,0.9991,-0.3006,-0.2018,0.1886
201288,Right,2,0.1204,-0.2661,-0.5514,-0.7814,0.0127,-0.0271,0.0489,-0.1230,-0.0031,-0.0296,-5.4091,1.1392,8.0727,0.0003,-0.0007,0.0012,1.0000,-0.2708,0.0565,0.4035
201288,Pelvis,2,-0.6641,-0.0329,-0.7446,0.0580,-1.6023,0.2032,-0.0091,0.7248,-1.9497,0.4005,10.1478,1.7716,1.5879,-0.0200,0.0025,-0.0001,0.9998,0.2538,0.0450,0.0382
201289,Left,2,0.4375,-0.1786,-0.8564,-0.2081,3.8729,0.7731,-1.9834,13.6078,15.3151,1.5336,-13.9227,-18.4515,3.7978,0.0484,0.0097,-0.0248,0.9985,-0.3586,-0.4565,0.0762
201289,Right,2,0.1204,-0.2661,-0.5516,-0.7813,0.0032,0.0073,0.0227,-0.2823,0.0295,0.0276,-5.4461,1.3105,8.0953,0.0000,0.0001,0.0003,1.0000,-0.1361,0.0327,0.2024
201289,Pelvis,2,-0.6631,-0.0181,-0.7471,0.0420,-1.7315,0.2142,-0.1875,0.5249,-2.0693,0.3212,10.0838,1.8262,1.4955,-0.0216,0.0027,-0.0023,0.9998,0.2523,0.0458,0.0357
201290,Left,2,0.4442,-0.2006,-0.8245,-0.2877,4.6501,0.8064,-5.3038,10.2815,7.9536,-1.5824,-9.9143,-11.6035,2.0408,0.0580,0.0101,-0.0662,0.9961,-0.2660,-0.2753,0.0373
201290,Right,2,0.1206,-0.2661,-0.5517,-0.7812,-0.0005,0.0166,0.0029,-0.1862,-0.0025,-0.0285,-5.4180,1.2036,8.0599,-0.0000,0.0002,0.0000,1.0000,-0.1354,0.0301,0.2015
201290,Pelvis,2,-0.6625,-0.0050,-0.7487,0.0228,-1.8028,0.1285,-0.4591,0.1695,-1.6649,1.0520,10.8165,1.3927,1.3809,-0.0225,0.0016,-0.0057,0.9997,0.2707,0.0340,0.0333
201291,Left,2,0.4412,-0.2211,-0.7885,-0.3670,4.8210,0.2884,-5.2745,1.0294,1.0854,-0.0560,-8.3661,-1.0021,5.1435,0.0602,0.0036,-0.0658,0.9960,-0.2101,-0.0189,0.1281
201291,Right,2,0.1208,-0.2662,-0.5517,-0.7811,-0.0020,0.0209,0.0024,-0.1087,-0.0269,-0.0349,-5.4174,1.1200,8.0632,-0.0000,0.0003,0.0000,1.0000,-0.1354,0.0280,0.2016
201291,Pelvis,2,-0.6622,0.0070,-0.7493,0.0030,-1.7717,0.0673,-0.5587,-0.3204,-1.2559,0.4943,10.2928,1.0581,0.9242,-0.0221,0.0008,-0.0070,0.9997,0.2575,0.0252,0.0223
201292,Left,2,0.4312,-0.2319,-0.7559,-0.4346,3.9447,-0.3577,-4.6567,-2.9304,1.2625,-1.7229,-5.5257,1.6718,6.5039,0.0493,-0.0045,-0.0582,0.9971,-0.1364,0.0417,0.1640
201292,Pelvis,2,-0.6613,0.0193,-0.7497,-0.0162,-1.7500,0.0819,-0.4988,-0.6046,-1.1315,-0.3742,9.4489,1.0440,0.6005,-0.0219,0.0010,-0.0062,0.9997,0.2364,0.0249,0.0142
201293,Left,2,0.4142,-0.2375,-0.7266,-0.4941,3.5372,-0.9195,-4.0982,-3.1692,1.8982,-3.2919,-3.9149,1.6535,6.1733,0.0442,-0.0115,-0.0512,0.9976,-0.0976,0.0395,0.1550
201293,Right,2,0.1210,-0.2662,-0.5517,-0.7811,0.0031,0.0080,0.0020,-0.1012,-0.0153,-0.0916,-5.3778,1.1096,8.0223,0.0001,0.0002,0.0001,1.0000,-0.2688,0.0554,0.4012
201293,Pelvis,2,-0.6597,0.0330,-0.7500,-0.0346,-1.7977,0.1190,-0.3789,-0.7900,-1.0125,-0.6110,9.2243,1.0147,0.4515,-0.0225,0.0015,-0.0047,0.9997,0.2307,0.0245,0.0104
201294,Left,2,0.3922,-0.2406,-0.6977,-0.5492,3.4262,-1.2377,-3.8115,-3.7122,2.0470,-3.4126,-3.6669,2.2668,6.3522,0.0428,-0.0155,-0.0476,0.9978,-0.0915,0.0542,0.1597
201294,Right,2,0.1210,-0.2661,-0.5518,-0.7811,0.0103,-0.0030,0.0070,-0.1012,-0.0606,-0.0702,-5.4252,1.0930,8.0189,0.0001,-0.0000,0.0001,1.0000,-0.1356,0.0273,0.2005
201294,Pelvis,2,-0.6575,0.0477,-0.7501,-0.0528,-1.8464,0.1407,-0.3161,-0.9399,-0.9892,-0.3479,9.4941,1.0656,0.4138,-0.0231,0.0018,-0.0040,0.9997,0.2375,0.0259,0.0093
201295,Left,2,0.3639,-0.2430,-0.6713,-0.5982,3.4288,-1.5803,-3.2655,-2.4895,1.9909,-2.6595,-4.3538,1.2307,6.3925,0.0428,-0.0197,-0.0408,0.9981,-0.1108,0.0284,0.1589
201295,Right,2,0.1208,-0.2659,-0.5519,-0.7811,0.0114,-0.0131,0.0101,-0.1170,-0.0377,-0.0517,-5.4182,1.1187,8.0426,0.0001,-0.0002,0.0001,1.0000,-0.1355,0.0279,0.2010
201295,Pelvis,2,-0.6546,0.0630,-0.7500,-0.0713,-1.9057,0.1692,-0.2993,-1.0115,-0.9087,0.0745,9.9137,1.0481,0.4759,-0.0238,0.0021,-0.0037,0.9997,0.2480,0.0255,0.0108
201296,Left,2,0.3315,-0.2469,-0.6439,-0.6438,3.6195,-1.6374,-3.0092,2.6102,-0.2258,-1.4175,-6.5101,-3.4798,4.7854,0.0452,-0.0205,-0.0376,0.9981,-0.1683,-0.0859,0.1123
201296,Right,2,0.1206,-0.2659,-0.5520,-0.7810,0.0156,-0.0086,0.0109,-0.1057,-0.0175,-0.0727,-5.3845,1.1150,8.0401,0.0002,-0.0001,0.0001,1.0000,-0.1346,0.0278,0.2010
201296,Pelvis,2,-0.6510,0.0793,-0.7495,-0.0902,-1.9931,0.1823,-0.2650,-1.1807,-0.7640,0.0832,9.9393,0.9865,0.3795,-0.0249,0.0023,-0.0033,0.9997,0.2486,0.0241,0.0083
201297,Left,2,0.2949,-0.2498,-0.6042,-0.6968,4.2299,-1.7170,-3.9662,6.7646,-6.0360,1.7900,-11.8817,-8.1502,3.0833,0.0528,-0.0214,-0.0495,0.9971,-0.3082,-0.1921,0.0602
201297,Right,2,0.1204,-0.2660,-0.5521,-0.7810,0.0336,0.0052,0.0187,-0.0802,-0.0399,-0.0663,-5.3979,1.0884,8.0423,0.0004,0.0001,0.0002,1.0000,-0.1349,0.0271,0.2011
201297,Pelvis,2,-0.6473,0.0965,-0.7482,-0.1090,-2.0481,0.1495,-0.2265,-1.3690,-0.4900,-0.0325,9.8523,0.8108,0.2050,-0.0256,0.0019,-0.0028,0.9997,0.2464,0.0197,0.0042
201298,Left,2,0.2535,-0.2555,-0.5459,-0.7566,5.1709,-1.4994,-5.1702,3.1881,-11.1154,0.2015,-13.9630,-6.2795,-0.2956,0.0645,-0.0187,-0.0645,0.9957,-0.3579,-0.1329,-0.0232
201298,Right,2,0.1199,-0.2668,-0.5522,-0.7807,0.0657,0.0352,0.0353,-0.1415,-0.0479,-0.0720,-5.4188,1.1529,8.0131,0.0008,0.0004,0.0004,1.0000,-0.1354,0.0286,0.2004
201298,Pelvis,2,-0.6438,0.1145,-0.7457,-0.1279,-2.1051,0.0625,-0.1963,-1.5679,-0.4271,-0.3951,9.5186,0.8537,0.0167,-0.0263,0.0008,-0.0025,0.9997,0.2380,0.0208,-0.0003
201299,Left,2,0.2120,-0.2647,-0.4772,-0.8107,5.4233,-0.9640,-5.4907,-3.5892,-12.3193,-1.1184,-15.2673,-2.0623,-1.8420,0.0677,-0.0120,-0.0685,0.9953,-0.3833,-0.0218,-0.0528
201299,Right,2,0.1193,-0.2676,-0.5524,-0.7804,0.0822,0.0321,0.0451,-0.0843,-0.0598,-0.0205,-5.4472,1.1191,8.0607,0.0010,0.0004,0.0006,1.0000,-0.1361,0.0277,0.2016
201299,Pelvis,2,-0.6404,0.1333,-0.7421,-0.1466,-2.1539,-0.0092,-0.1524,-1.5933,-0.4713,-0.6757,9.2386,0.9447,0.0225,-0.0269,-0.0001,-0.0019,0.9996,0.2310,0.0232,-0.0000
201300,Left,2,0.1747,-0.2790,-0.4106,-0.8503,5.0566,-0.1947,-4.7967,-6.5287,-10.4093,-3.6773,-13.4184,-0.5003,-2.9402,0.0631,-0.0024,-0.0599,0.9962,-0.3350,0.0123,-0.0741
201300,Right,2,0.1184,-0.2680,-0.5526,-0.7803,0.0772,-0.0074,0.0443,-0.0895,-0.0636,-0.0074,-5.4591,1.1436,8.0652,0.0010,-0.0001,0.0006,1.0000,-0.1365,0.0283,0.2016
201300,Pelvis,2,-0.6366,0.1533,-0.7376,-0.1650,-2.2264,-0.0460,-0.0882,-1.6323,-0.4291,-0.8867,9.0343,0.9497,-0.0131,-0.0278,-0.0006,-0.0011,0.9996,0.2259,0.0235,-0.0009
201301,Left,2,0.1501,-0.2978,-0.3545,-0.8736,3.8698,0.7454,-3.7610,-6.2822,-6.7293,-4.7109,-10.3855,0.0328,-1.7408,0.0483,0.0093,-0.0470,0.9977,-0.2595,0.0150,-0.0406
201301,Right,2,0.1174,-0.2682,-0.5528,-0.7802,0.0751,-0.0304,0.0414,-0.0773,-0.0350,-0.0331,-5.4132,1.1585,8.0624,0.0009,-0.0004,0.0005,1.0000,-0.1354,0.0287,0.2015
201301,Pelvis,2,-0.6316,0.1743,-0.7327,-0.1838,-2.3254,-0.0054,-0.0399,-1.6140,-0.1837,-0.7315,9.1960,0.7342,-0.0388,-0.0291,-0.0001,-0.0005,0.9996,0.2299,0.0182,-0.0015
201302,Left,2,0.1525,-0.3139,-0.3127,-0.8834,1.4107,1.4663,-3.0584,-7.5954,-0.1273,-0.3315,-10.6036,4.4812,3.8942,0.0176,0.0183,-0.0382,0.9989,-0.2587,0.1202,0.1042
201302,Right,2,0.1163,-0.2682,-0.5530,-0.7802,0.0827,-0.0422,0.0360,-0.0710,-0.0571,-0.0301,-5.4217,1.1636,8.0596,0.0010,-0.0005,0.0005,1.0000,-0.1357,0.0288,0.2014
201302,Pelvis,2,-0.6252,0.1967,-0.7275,-0.2030,-2.4468,0.0408,0.0144,-1.6707,-0.3179,-0.7406,9.1879,0.8820,0.0299,-0.0306,0.0005,0.0002,0.9995,0.2297,0.0221,-0.0000
201303,Left,2,0.1491,-0.3109,-0.3051,-0.8877,0.4094,-0.3103,-0.5858,-6.7830,-1.0598,9.5514,-17.1640,2.1076,11.0931,0.0051,-0.0039,-0.0073,1.0000,-0.4298,0.0544,0.2759
201303,Right,2,0.1149,-0.2685,-0.5530,-0.7803,0.1092,-0.0420,0.0332,-0.0366,-0.1303,0.0877,-5.5260,1.1406,8.1363,0.0014,-0.0005,0.0004,1.0000,-0.1383,0.0282,0.2034
201303,Pelvis,2,-0.6171,0.2213,-0.7216,-0.2225,-2.6301,0.0815,0.1227,-0.8453,-1.4592,-0.3255,9.4310,1.3151,1.4762,-0.0329,0.0010,0.0015,0.9995,0.2358,0.0344,0.0356
201304,Left,2,0.1460,-0.3070,-0.3056,-0.8894,0.1360,-0.3975,0.0318,2.2395,-0.2522,1.3239,-5.8383,-2.4314,9.4397,0.0017,-0.0050,0.0004,1.0000,-0.1471,-0.0612,0.2352
201304,Right,2,0.1135,-0.2695,-0.5528,-0.7804,0.1503,-0.0002,0.0209,-0.1745,0.0384,0.2397,-5.5014,1.3750,8.3021,0.0019,-0.0000,0.0003,1.0000,-0.1375,0.0340,0.2076
201304,Pelvis,2,-0.6075,0.2453,-0.7148,-0.2444,-2.7576,0.1774,-0.0274,1.5458,0.2030,2.7701,12.2343,-1.7379,2.8393,-0.0345,0.0022,-0.0003,0.9994,0.3060,-0.0411,0.0717
201305,Left,2,0.1464,-0.3062,-0.3050,-0.8898,-0.0282,-0.0447,-0.0619,-0.0342,-1.1521,0.7111,-7.2249,-1.6324,7.5641,-0.0004,-0.0006,-0.0008,1.0000,-0.1808,-0.0406,0.1890
201305,Right,2,0.1123,-0.2712,-0.5517,-0.7806,0.1838,0.0678,-0.0332,0.0810,-0.1002,0.4464,-5.6696,1.1453,8.4741,0.0023,0.0008,-0.0004,1.0000,-0.1415,0.0282,0.2120
201305,Pelvis,2,-0.5985,0.2592,-0.7094,-0.2671,-2.1820,0.4199,-0.5536,2.8078,3.1029,3.3621,12.8063,-4.8490,1.8904,-0.0273,0.0052,-0.0069,0.9996,0.3196,-0.1221,0.0489
201306,Left,2,0.1472,-0.3055,-0.3042,-0.8902,-0.0508,-0.0262,-0.0890,-0.0467,-0.2603,0.1823,-6.4832,-0.9199,7.5559,-0.0006,-0.0003,-0.0011,1.0000,-0.1622,-0.0227,0.1889
201306,Right,2,0.1111,-0.2725,-0.5490,-0.7823,0.2225,0.0203,-0.2021,0.8147,-0.5919,0.7843,-6.0790,0.3540,8.7311,0.0028,0.0003,-0.0025,1.0000,-0.1519,0.0086,0.2183
201306,Pelvis,2,-0.5905,0.2716,-0.7042,-0.2858,-1.8800,0.3296,-0.4187,0.8913,0.4718,-0.7515,8.8565,-1.3834,1.6645,-0.0235,0.0041,-0.0052,0.9997,0.2214,-0.0348,0.0415
201307,Left,2,0.1478,-0.3050,-0.3035,-0.8905,-0.0335,-0.0181,-0.0753,0.1287,-0.5682,0.1340,-6.4742,-1.2874,7.4635,-0.0004,-0.0002,-0.0009,1.0000,-0.1619,-0.0320,0.1866
201307,Right,2,0.1080,-0.2714,-0.5328,-0.7942,0.6108,-0.3206,-1.4783,7.3248,-4.4899,1.1997,-7.6354,-7.0984,9.2957,0.0076,-0.0040,-0.0185,0.9998,-0.1951,-0.1756,0.2303
201307,Pelvis,2,-0.5826,0.2858,-0.6981,-0.3025,-1.9059,0.1867,-0.2406,-1.1932,-0.1043,-1.2654,8.5896,0.5623,0.6280,-0.0238,0.0023,-0.0030,0.9997,0.2148,0.0138,0.0149
201308,Left,2,0.1478,-0.3044,-0.3033,-0.8908,-0.0027,-0.0460,-0.0204,0.0296,-0.3199,0.0623,-6.3709,-1.0403,7.4798,-0.0000,-0.0006,-0.0003,1.0000,-0.1594,-0.0260,0.1869
201308,Right,2,0.0910,-0.2709,-0.4672,-0.8367,2.8622,-1.1053,-5.6182,13.5458,-14.3118,3.2023,-13.2211,-17.2564,9.2768,0.0357,-0.0138,-0.0702,0.9968,-0.3631,-0.4145,0.2120
201308,Pelvis,2,-0.5739,0.3010,-0.6914,-0.3195,-1.9995,0.1906,-0.2063,-1.0997,0.9971,-0.3526,9.5728,-0.2372,0.0550,-0.0250,0.0024,-0.0026,0.9997,0.2393,-0.0065,0.0010
201309,Left,2,0.1477,-0.3038,-0.3033,-0.8910,-0.0036,-0.0462,0.0000,0.0251,-0.1972,0.0702,-6.3137,-0.9471,7.5466,-0.0000,-0.0006,0.0000,1.0000,-0.1580,-0.0237,0.1886
201309,Pelvis,2,-0.5654,0.3167,-0.6830,-0.3371,-2.0990,0.1036,-0.2668,-0.1891,1.8335,0.5680,10.4412,-1.4592,0.0880,-0.0262,0.0013,-0.0033,0.9996,0.2609,-0.0373,0.0028
201310,Left,2,0.1477,-0.3033,-0.3033,-0.8912,-0.0059,-0.0337,0.0019,0.0216,-0.2294,-0.0033,-6.2757,-0.9663,7.4806,-0.0001,-0.0004,0.0000,1.0000,-0.1570,-0.0241,0.1870
201310,Right,2,0.0272,-0.2715,-0.2616,-0.9258,4.7547,-1.3964,-7.9222,-9.0182,-5.8165,0.4194,-14.3321,2.9383,2.8228,0.1178,-0.0346,-0.1963,0.9728,-0.6764,0.2672,0.1441
201310,Pelvis,2,-0.5566,0.3322,-0.6735,-0.3552,-2.1416,0.0863,-0.3185,0.3421,2.1950,0.4767,10.3302,-2.0236,0.0090,-0.0268,0.0011,-0.0040,0.9996,0.2581,-0.0516,0.0013
201311,Left,2,0.1476,-0.3029,-0.3034,-0.8913,-0.0008,-0.0342,0.0032,-0.0023,-0.2460,0.0257,-6.3094,-0.9682,7.4905,-0.0000,-0.0004,0.0000,1.0000,-0.1578,-0.0242,0.1872
201311,Right,2,0.0033,-0.2729,-0.1692,-0.9471,3.8762,-0.6591,-6.7731,-11.6587,3.0680,-2.3600,-11.4985,8.2665,0.9001,0.0484,-0.0082,-0.0845,0.9952,-0.2689,0.2286,0.0310
201311,Pelvis,2,-0.5481,0.3472,-0.6637,-0.3722,-2.0679,0.0475,-0.3050,0.6623,2.0158,-0.4227,9.3989,-2.0803,0.0908,-0.0258,0.0006,-0.0038,0.9997,0.2348,-0.0528,0.0035
201312,Left,2,0.1474,-0.3024,-0.3034,-0.8915,0.0046,-0.0371,0.0027,-0.0598,-0.1150,-0.0053,-6.2596,-0.8290,7.5055,0.0001,-0.0005,0.0000,1.0000,-0.1566,-0.0207,0.1876
201312,Right,2,-0.0168,-0.2787,-0.0951,-0.9555,3.2433,0.0074,-5.2890,-8.6405,7.0206,-2.8318,-8.8903,9.5264,1.7776,0.0405,0.0001,-0.0660,0.9970,-0.2060,0.2501,0.0544
201312,Pelvis,2,-0.5399,0.3613,-0.6539,-0.3878,-1.9441,0.0084,-0.2777,0.9872,1.9446,-0.8028,8.9919,-2.2496,0.1440,-0.0243,0.0001,-0.0035,0.9997,0.2246,-0.0569,0.0050
201313,Left,2,0.1474,-0.3019,-0.3032,-0.8917,-0.0005,-0.0338,-0.0172,-0.1381,-0.0654,0.0214,-6.2959,-0.7459,7.5191,-0.0000,-0.0004,-0.0002,1.0000,-0.1575,-0.0186,0.1879
201313,Right,2,-0.0340,-0.2883,-0.0397,-0.9561,2.6334,0.5135,-3.8683,-4.7542,7.0797,-1.6782,-7.3181,8.2626,4.1449,0.0329,0.0064,-0.0483,0.9983,-0.1721,0.2115,0.1117
201313,Pelvis,2,-0.5325,0.3740,-0.6443,-0.4017,-1.7664,-0.0227,-0.2638,1.2659,1.9400,-1.0842,8.6971,-2.4292,0.1138,-0.0221,-0.0003,-0.0033,0.9998,0.2172,-0.0614,0.0043
201314,Left,2,0.1474,-0.3015,-0.3029,-0.8920,0.0013,-0.0284,-0.0244,-0.1110,0.1850,-0.1115,-6.0752,-0.5636,7.5455,0.0000,-0.0004,-0.0003,1.0000,-0.1520,-0.0140,0.1886
201314,Right,2,-0.0502,-0.2981,-0.0005,-0.9532,2.1974,0.6646,-2.6435,-1.1142,5.4353,-0.8965,-5.5585,6.2517,6.3514,0.0275,0.0083,-0.0330,0.9990,-0.1324,0.1563,0.1642
201314,Pelvis,2,-0.5263,0.3852,-0.6349,-0.4141,-1.5816,-0.0703,-0.2791,1.6114,1.9207,-0.9517,8.8050,-2.6921,0.1685,-0.0198,-0.0009,-0.0035,0.9998,0.2199,-0.0680,0.0057
201315,Left,2,0.1474,-0.3012,-0.3027,-0.8921,0.0048,-0.0186,-0.0175,-0.0665,0.0384,-0.0910,-6.1204,-0.7107,7.5202,0.0001,-0.0002,-0.0002,1.0000,-0.1531,-0.0177,0.1880
201315,Right,2,-0.0639,-0.3061,0.0268,-0.9495,1.7286,0.5859,-1.7806,1.6322,3.2413,-0.8902,-3.7795,4.2160,7.7934,0.0216,0.0073,-0.0223,0.9995,-0.0907,0.1032,0.1978
201315,Pelvis,2,-0.5211,0.3950,-0.6259,-0.4251,-1.4083,-0.1020,-0.2855,1.6913,1.7513,-0.3245,9.4150,-2.6842,0.3270,-0.0176,-0.0013,-0.0036,0.9998,0.2351,-0.0678,0.0097
201316,Left,2,0.1472,-0.3010,-0.3025,-0.8923,0.0153,-0.0213,-0.0076,-0.0301,-0.1450,0.0136,-6.2407,-0.8855,7.5397,0.0002,-0.0003,-0.0001,1.0000,-0.1561,-0.0222,0.1884
201316,Right,2,-0.0753,-0.3102,0.0469,-0.9465,1.3815,0.3087,-1.2814,3.0293,0.9964,-1.0494,-2.7471,2.2853,8.6140,0.0173,0.0039,-0.0160,0.9997,-0.0670,0.0545,0.2166
201316,Pelvis,2,-0.5164,0.4045,-0.6168,-0.4352,-1.3408,-0.1564,-0.2750,1.3260,1.3928,0.0029,9.7485,-2.1866,0.4806,-0.0168,-0.0020,-0.0034,0.9999,0.2435,-0.0553,0.0134
201317,Left,2,0.1471,-0.3006,-0.3022,-0.8926,0.0140,-0.0287,-0.0183,-0.1471,-0.2370,0.2364,-6.4903,-0.9020,7.6240,0.0002,-0.0004,-0.0002,1.0000,-0.1623,-0.0225,0.1905
201317,Right,2,-0.0839,-0.3099,0.0642,-0.9449,1.1022,-0.0550,-1.0989,3.3579,0.2650,-1.5216,-2.2595,1.7433,8.4821,0.0138,-0.0007,-0.0137,0.9998,-0.0561,0.0414,0.2126
201317,Pelvis,2,-0.5117,0.4137,-0.6072,-0.4453,-1.3414,-0.1599,-0.3011,0.9443,1.1529,-0.0355,9.7312,-1.6967,0.4910,-0.0168,-0.0020,-0.0038,0.9999,0.2431,-0.0431,0.0135
201318,Left,2,0.1471,-0.3000,-0.3016,-0.8930,0.0030,-0.0441,-0.0519,-0.1144,-0.1402,0.1979,-6.3932,-0.8501,7.6583,0.0000,-0.0006,-0.0006,1.0000,-0.1599,-0.0212,0.1914
201318,Right,2,-0.0891,-0.3057,0.0784,-0.9447,0.7819,-0.3778,-0.9158,3.0549,0.4948,-1.8588,-2.3200,2.0094,7.9638,0.0098,-0.0047,-0.0114,0.9999,-0.0584,0.0490,0.1993
201318,Pelvis,2,-0.5074,0.4225,-0.5970,-0.4557,-1.3375,-0.1786,-0.3710,0.8119,1.3023,-0.4180,9.3953,-1.5218,0.1693,-0.0167,-0.0022,-0.0046,0.9998,0.2347,-0.0390,0.0054
201319,Left,2,0.1474,-0.2989,-0.3009,-0.8935,-0.0196,-0.0714,-0.0825,-0.1231,-0.1933,0.1442,-6.3757,-0.8953,7.5987,-0.0002,-0.0009,-0.0010,1.0000,-0.1596,-0.0222,0.1898
201319,Right,2,-0.0911,-0.2989,0.0853,-0.9461,0.3590,-0.5851,-0.4155,2.3971,1.3501,-2.0206,-2.7774,2.7547,7.2790,0.0045,-0.0073,-0.0052,0.9999,-0.0704,0.0684,0.1818
201319,Pelvis,2,-0.5042,0.4308,-0.5864,-0.4651,-1.2504,-0.2681,-0.3941,1.1183,1.6948,-0.4842,9.3691,-1.8164,-0.2568,-0.0156,-0.0034,-0.0049,0.9999,0.2340,-0.0466,-0.0049
201320,Left,2,0.1473,-0.2975,-0.3001,-0.8943,0.0013,-0.1028,-0.0814,-0.1214,0.0992,-0.0328,-6.1139,-0.6709,7.6053,0.0000,-0.0013,-0.0010,1.0000,-0.1531,-0.0166,0.1899
201320,Right,2,-0.0882,-0.2907,0.0835,-0.9491,-0.2127,-0.6868,0.1517,1.3090,2.1866,-1.5273,-3.9263,3.3955,6.9426,-0.0027,-0.0086,0.0019,1.0000,-0.0998,0.0852,0.1725
201320,Pelvis,2,-0.5021,0.4381,-0.5762,-0.4732,-1.0911,-0.3109,-0.3934,1.1695,1.7454,-0.6352,9.2369,-1.7702,-0.4338,-0.0136,-0.0039,-0.0049,0.9999,0.2307,-0.0455,-0.0093
201321,Left,2,0.1474,-0.2962,-0.2996,-0.8948,-0.0163,-0.0939,-0.0574,-0.2233,0.3640,-0.0552,-6.0261,-0.4133,7.6751,-0.0002,-0.0012,-0.0007,1.0000,-0.1509,-0.0102,0.1917
201321,Right,2,-0.0843,-0.2816,0.0729,-0.9530,-0.4962,-0.7342,0.8009,1.1482,2.7538,-1.2816,-4.0873,3.9263,7.0402,-0.0062,-0.0092,0.0100,0.9999,-0.1048,0.0982,0.1744
201321,Pelvis,2,-0.5021,0.4435,-0.5667,-0.4796,-0.8396,-0.3612,-0.4469,1.4801,1.7978,-1.0063,8.8742,-1.9675,-0.5961,-0.0105,-0.0045,-0.0056,0.9999,0.2216,-0.0506,-0.0134
201322,Right,2,-0.0754,-0.2714,0.0571,-0.9578,-0.9979,-0.8302,1.1071,1.6351,2.2157,9.3590,-9.1366,4.6853,16.4236,-0.0125,-0.0104,0.0138,0.9998,-0.2343,0.1190,0.4067
201322,Pelvis,2,-0.5045,0.4474,-0.5573,-0.4846,-0.6154,-0.4624,-0.5155,1.2363,1.6647,-0.9555,8.9353,-1.5904,-0.6190,-0.0077,-0.0058,-0.0064,0.9999,0.2232,-0.0413,-0.0139
201323,Left,2,0.1481,-0.2943,-0.2992,-0.8955,-0.0378,-0.0637,-0.0343,0.0056,-0.0898,-0.0688,-6.0507,-0.9273,7.5816,-0.0009,-0.0016,-0.0009,1.0000,-0.3032,-0.0457,0.3786
201323,Right,2,-0.0735,-0.2631,0.0563,-0.9603,-0.1321,-0.6914,0.0831,1.5094,-4.5403,-1.3759,-2.7995,-3.2855,8.6858,-0.0017,-0.0086,0.0010,1.0000,-0.0718,-0.0819,0.2167
201323,Pelvis,2,-0.5062,0.4485,-0.5485,-0.4917,-0.5763,-0.2222,-0.6779,1.4932,-0.9148,0.1223,9.7983,-1.3901,1.9581,-0.0072,-0.0028,-0.0085,0.9999,0.2445,-0.0365,0.0499
201324,Pelvis,2,-0.5051,0.4499,-0.5425,-0.4982,-0.5788,-0.0152,-0.4355,-1.1908,-1.4416,4.8172,14.4511,1.4916,2.5442,-0.0072,-0.0002,-0.0054,1.0000,0.3615,0.0358,0.0634
201325,Left,2,0.1439,-0.2964,-0.2994,-0.8954,0.1750,0.0309,0.0780,0.2413,0.1904,-0.8121,-5.3071,-0.7635,7.2358,0.0044,0.0008,0.0019,1.0000,-0.2650,-0.0403,0.3618
201325,Right,2,-0.0752,-0.2719,0.0555,-0.9578,0.0573,0.3749,0.0169,0.4587,0.5596,-0.1205,-4.7015,1.7129,8.3323,0.0014,0.0094,0.0004,1.0000,-0.2312,0.0849,0.4189
201325,Pelvis,2,-0.5015,0.4515,-0.5385,-0.5048,-0.6175,0.1634,-0.2488,0.7088,-0.6963,4.5141,14.2154,-0.3892,2.0040,-0.0077,0.0020,-0.0031,1.0000,0.3555,-0.0105,0.0495
201326,Left,2,0.1421,-0.3001,-0.3002,-0.8942,0.1921,0.2424,0.1812,0.3907,-0.2497,-0.0915,-5.8853,-1.1863,7.6599,0.0024,0.0030,0.0023,1.0000,-0.1465,-0.0304,0.1919
201326,Right,2,-0.0757,-0.2737,0.0553,-0.9572,0.0384,0.1596,0.0125,-0.9583,-0.1405,0.6471,-6.3527,0.9181,8.3154,0.0005,0.0020,0.0002,1.0000,-0.1584,0.0228,0.2082
201327,Left,2,0.1412,-0.3058,-0.3012,-0.8921,0.1572,0.4290,0.2143,1.4333,-0.4030,-0.1224,-5.3415,-1.8920,8.0005,0.0020,0.0054,0.0027,1.0000,-0.1323,-0.0480,0.2006
201327,Right,2,-0.0758,-0.2732,0.0551,-0.9574,0.0155,-0.0386,0.0214,-0.4912,-0.1281,0.1638,-5.7135,0.9493,8.1389,0.0002,-0.0005,0.0003,1.0000,-0.1429,0.0237,0.2034
201327,Pelvis,2,-0.5023,0.4468,-0.5333,-0.5134,-0.1489,0.1261,-0.4026,2.5602,-0.1399,-1.1760,8.6396,-2.2840,1.1445,-0.0037,0.0032,-0.0101,0.9999,0.4310,-0.1183,0.0563
201329,Right,2,-0.0760,-0.2724,0.0547,-0.9576,0.0159,-0.0271,0.0205,0.0174,0.1196,-0.1067,-5.1449,1.2428,8.1367,0.0004,-0.0007,0.0005,1.0000,-0.2576,0.0618,0.4067
201329,Pelvis,2,-0.4967,0.4426,-0.5423,-0.5131,0.1472,0.3780,0.2036,0.3349,-0.6756,-1.6945,8.0044,-0.0021,1.5510,0.0037,0.0094,0.0051,0.9999,0.4009,0.0017,0.0738
201330,Right,2,-0.0757,-0.2728,0.0549,-0.9575,-0.0104,0.0365,-0.0211,-0.1028,0.1245,-0.0020,-5.2989,1.2409,8.1644,-0.0001,0.0005,-0.0003,1.0000,-0.1324,0.0311,0.2042
201330,Pelvis,2,-0.4925,0.4428,-0.5449,-0.5142,-0.1268,0.3159,0.2047,-2.5171,0.1563,2.3941,12.0924,2.8225,1.0844,-0.0016,0.0039,0.0026,1.0000,0.3022,0.0714,0.0258
201331,Left,2,0.0962,-0.3804,-0.2289,-0.8909,1.6949,1.2784,-0.7912,4.6433,-1.1023,2.6930,-6.0047,-3.8625,11.3347,0.0846,0.0638,-0.0395,0.9936,-0.5452,-0.4601,1.1326
201331,Right,2,-0.0754,-0.2734,0.0551,-0.9574,-0.0142,0.0455,-0.0228,-0.1906,0.0917,0.0374,-5.4002,1.1926,8.1538,-0.0002,0.0006,-0.0003,1.0000,-0.1349,0.0299,0.2039
201331,Pelvis,2,-0.4894,0.4414,-0.5442,-0.5191,-0.2844,0.3327,-0.1924,-2.4767,0.7480,1.2131,10.9894,2.6981,0.4660,-0.0036,0.0042,-0.0024,1.0000,0.2749,0.0668,0.0103
201332,Left,2,0.0941,-0.3903,-0.2099,-0.8915,0.9248,0.8032,-1.2099,2.3364,1.8546,-1.2506,-4.2314,0.5521,8.0001,0.0116,0.0100,-0.0151,0.9998,-0.1036,0.0131,0.2012
201332,Right,2,-0.0750,-0.2737,0.0552,-0.9573,-0.0116,0.0293,-0.0176,-0.2240,0.0607,0.0513,-5.4413,1.1510,8.1498,-0.0001,0.0004,-0.0002,1.0000,-0.1360,0.0288,0.2038
201332,Pelvis,2,-0.4887,0.4406,-0.5406,-0.5242,-0.3132,0.1060,-0.3785,-0.9107,0.7687,-0.2010,9.6047,1.1632,0.4498,-0.0039,0.0013,-0.0047,1.0000,0.2403,0.0280,0.0108
201333,Left,2,0.0920,-0.3964,-0.1939,-0.8927,0.7680,0.4935,-1.0394,2.6627,1.3727,-0.6021,-4.7943,0.0172,8.4157,0.0096,0.0062,-0.0130,0.9999,-0.1186,-0.0000,0.2111
201333,Right,2,-0.0748,-0.2738,0.0552,-0.9573,-0.0039,0.0101,-0.0096,-0.2216,0.0533,0.0347,-5.4336,1.1365,8.1367,-0.0000,0.0001,-0.0001,1.0000,-0.1358,0.0284,0.2034
201333,Pelvis,2,-0.4879,0.4399,-0.5379,-0.5284,-0.2602,0.1057,-0.2953,-0.1618,1.1490,0.3625,10.2267,0.4927,0.2321,-0.0033,0.0013,-0.0037,1.0000,0.2557,0.0114,0.0054
201334,Left,2,0.0891,-0.3946,-0.1809,-0.8964,0.6215,-0.1863,-0.9017,2.7677,2.1035,-1.4676,-3.9264,0.6806,8.1145,0.0078,-0.0023,-0.0113,0.9999,-0.0984,0.0165,0.2028
201334,Right,2,-0.0748,-0.2737,0.0552,-0.9573,0.0054,-0.0029,-0.0002,-0.1673,0.0366,-0.0473,-5.3432,1.1158,8.0992,0.0001,-0.0000,-0.0000,1.0000,-0.1336,0.0279,0.2025
201334,Pelvis,2,-0.4858,0.4393,-0.5376,-0.5311,-0.1789,0.1916,-0.0846,0.0841,1.1347,-0.0345,9.8372,0.2772,0.2466,-0.0022,0.0024,-0.0011,1.0000,0.2460,0.0067,0.0056
201335,Left,2,0.0878,-0.3862,-0.1725,-0.9019,0.2781,-0.7291,-0.6870,1.8820,0.9728,-3.1574,-3.4481,0.0287,6.0738,0.0035,-0.0091,-0.0086,0.9999,-0.0876,0.0009,0.1511
201335,Right,2,-0.0749,-0.2736,0.0551,-0.9573,0.0200,-0.0030,0.0118,-0.1523,0.0193,-0.0787,-5.3113,1.0985,8.0844,0.0003,-0.0000,0.0001,1.0000,-0.1328,0.0274,0.2021
201335,Pelvis,2,-0.4837,0.4393,-0.5378,-0.5328,-0.1440,0.1559,0.0074,-0.3311,1.0769,-0.2719,9.5777,0.6916,0.2915,-0.0018,0.0019,0.0001,1.0000,0.2395,0.0173,0.0068
201336,Left,2,0.0871,-0.3744,-0.1632,-0.9086,0.2239,-0.9948,-0.8123,0.3528,-2.6304,-3.3022,-5.0680,-2.7718,4.0083,0.0028,-0.0124,-0.0102,0.9999,-0.1286,-0.0683,0.0984
201336,Right,2,-0.0751,-0.2736,0.0551,-0.9573,0.0263,0.0010,0.0125,-0.1316,0.0955,-0.0841,-5.2946,1.1797,8.0776,0.0003,0.0000,0.0002,1.0000,-0.1324,0.0294,0.2020
201336,Pelvis,2,-0.4817,0.4394,-0.5376,-0.5347,-0.1616,0.1401,-0.0176,-0.6674,0.9551,-0.8658,8.9594,1.0064,0.3458,-0.0020,0.0018,-0.0002,1.0000,0.2240,0.0251,0.0082
201337,Left,2,0.0862,-0.3621,-0.1441,-0.9169,0.5343,-1.0057,-1.5511,-1.6958,-4.0437,-2.9282,-6.8451,-3.5180,2.7210,0.0067,-0.0126,-0.0194,0.9997,-0.1736,-0.0850,0.0653
201337,Right,2,-0.0753,-0.2736,0.0550,-0.9573,0.0261,0.0030,0.0122,-0.1468,0.0833,-0.1126,-5.2909,1.1668,8.0477,0.0003,0.0000,0.0002,1.0000,-0.1323,0.0291,0.2012
201337,Pelvis,2,-0.4797,0.4406,-0.5369,-0.5362,-0.2111,0.0612,0.0106,-0.7650,0.9949,-0.9685,8.8596,1.0963,0.3142,-0.0026,0.0008,0.0001,1.0000,0.2215,0.0275,0.0076
201338,Right,2,-0.0756,-0.2735,0.0549,-0.9573,0.0300,0.0035,0.0098,-0.1250,0.0406,-0.1277,-5.2614,1.1312,8.0532,0.0004,0.0000,0.0001,1.0000,-0.1315,0.0282,0.2013
201338,Pelvis,2,-0.4776,0.4431,-0.5359,-0.5369,-0.2595,-0.0305,0.0999,-0.8527,0.9355,-0.9031,8.9137,1.1737,0.3896,-0.0032,-0.0004,0.0012,1.0000,0.2228,0.0297,0.0097
201339,Left,2,0.0824,-0.3400,-0.0903,-0.9324,0.8481,-0.8678,-2.0769,-4.6280,-0.0355,-1.8685,-8.6882,0.6586,2.9448,0.0212,-0.0217,-0.0519,0.9982,-0.4351,0.0525,0.1388
201339,Right,2,-0.0759,-0.2734,0.0549,-0.9573,0.0350,-0.0020,0.0103,-0.1460,0.0699,-0.1244,-5.2819,1.1628,8.0398,0.0004,-0.0000,0.0001,1.0000,-0.1321,0.0290,0.2010
201339,Pelvis,2,-0.4752,0.4472,-0.5348,-0.5367,-0.2990,-0.1238,0.1989,-0.7303,0.9007,-1.1703,8.6533,1.0063,0.3792,-0.0037,-0.0015,0.0025,1.0000,0.2163,0.0257,0.0097
201340,Left,2,0.0777,-0.3302,-0.0731,-0.9379,0.7913,-0.7940,-1.2448,-6.1228,1.2721,-0.9953,-10.1822,1.6656,3.2266,0.0099,-0.0099,-0.0156,0.9998,-0.2547,0.0448,0.0786
201340,Right,2,-0.0762,-0.2732,0.0549,-0.9574,0.0348,-0.0127,0.0086,-0.1357,0.1025,-0.1289,-5.2705,1.2018,8.0364,0.0004,-0.0002,0.0001,1.0000,-0.1318,0.0299,0.2009
201340,Pelvis,2,-0.4728,0.4520,-0.5338,-0.5359,-0.3048,-0.1713,0.2535,-0.5945,0.8655,-1.2049,8.6242,0.8180,0.3881,-0.0038,-0.0021,0.0032,1.0000,0.2155,0.0212,0.0101
201341,Left,2,0.0729,-0.3231,-0.0613,-0.9415,0.6525,-0.5711,-0.8209,-6.1800,-1.4448,-1.3516,-10.1974,-1.1567,2.5593,0.0082,-0.0071,-0.0103,0.9999,-0.2557,-0.0268,0.0619
201341,Right,2,-0.0766,-0.2731,0.0549,-0.9574,0.0400,-0.0074,0.0108,-0.0565,0.0869,-0.1840,-5.1703,1.1981,8.0346,0.0005,-0.0001,0.0001,1.0000,-0.1293,0.0298,0.2009
201341,Pelvis,2,-0.4703,0.4571,-0.5327,-0.5349,-0.3235,-0.1933,0.2830,-0.7667,0.8550,-0.8392,8.9885,0.9364,0.4149,-0.0040,-0.0024,0.0035,1.0000,0.2246,0.0242,0.0108
201342,Left,2,0.0714,-0.3205,-0.0492,-0.9433,0.4294,-0.1728,-0.8815,-4.5380,-2.3383,-2.0601,-8.4702,-2.3947,2.9473,0.0054,-0.0022,-0.0110,0.9999,-0.2126,-0.0579,0.0729
201342,Right,2,-0.0769,-0.2733,0.0549,-0.9573,0.0385,0.0224,0.0056,0.0099,0.1163,-0.2223,-5.0964,1.2389,8.0300,0.0005,0.0003,0.0001,1.0000,-0.1274,0.0309,0.2008
201342,Pelvis,2,-0.4675,0.4631,-0.5311,-0.5337,-0.3799,-0.2404,0.3017,-0.8060,0.8917,-0.4692,9.3684,0.9100,0.3883,-0.0047,-0.0030,0.0038,1.0000,0.2341,0.0237,0.0103
201343,Left,2,0.0666,-0.3316,-0.0376,-0.9403,0.6905,0.9588,-0.6746,-0.0333,1.9531,-2.5043,-4.4872,1.1889,5.9736,0.0086,0.0120,-0.0084,0.9999,-0.1101,0.0294,0.1509
201343,Right,2,-0.0771,-0.2741,0.0551,-0.9570,0.0266,0.0696,-0.0132,0.0785,0.1922,-0.2188,-5.0538,1.3277,8.0487,0.0003,0.0009,-0.0002,1.0000,-0.1262,0.0331,0.2013
201343,Pelvis,2,-0.4650,0.4697,-0.5290,-0.5323,-0.3997,-0.3074,0.3123,-0.8882,0.4420,-0.5425,9.2463,0.9144,0.7696,-0.0050,-0.0038,0.0039,1.0000,0.2310,0.0239,0.0200
201344,Left,2,0.0577,-0.3352,-0.0388,-0.9396,0.6509,0.2631,0.3571,-3.8760,7.1585,11.0980,-15.9912,5.6122,14.7079,0.0081,0.0033,0.0045,1.0000,-0.3992,0.1355,0.3701
201344,Right,2,-0.0769,-0.2766,0.0557,-0.9563,0.0046,0.2126,-0.0731,0.4791,0.4855,-0.2838,-4.7294,1.6630,8.1321,0.0001,0.0027,-0.0009,1.0000,-0.1177,0.0417,0.2036
201344,Pelvis,2,-0.4617,0.4769,-0.5256,-0.5321,-0.5655,-0.3006,0.2500,-0.1103,-2.0717,0.4163,9.8985,0.0196,3.3102,-0.0071,-0.0038,0.0031,1.0000,0.2471,0.0019,0.0837
201345,Left,2,0.0553,-0.3377,-0.0384,-0.9388,0.1918,0.2085,0.0539,0.1047,-1.2045,0.9933,-6.8380,-2.0704,8.1968,0.0024,0.0026,0.0007,1.0000,-0.1704,-0.0524,0.2052
201345,Right,2,-0.0768,-0.2847,0.0582,-0.9538,0.0297,0.6574,-0.2506,0.9367,0.5235,-0.2895,-4.4405,1.7511,8.3103,0.0004,0.0082,-0.0031,1.0000,-0.1092,0.0440,0.2087
201345,Pelvis,2,-0.4620,0.4799,-0.5199,-0.5347,-0.4191,-0.2532,-0.2528,2.8871,-1.4481,3.3116,12.8564,-3.0224,2.8736,-0.0052,-0.0032,-0.0032,1.0000,0.3209,-0.0762,0.0733
201346,Left,2,0.0545,-0.3376,-0.0377,-0.9390,0.0787,-0.0088,-0.0205,-0.7609,-1.1488,0.7221,-7.3488,-1.8713,7.4414,0.0010,-0.0001,-0.0003,1.0000,-0.1838,-0.0469,0.1860
201346,Right,2,-0.0776,-0.3048,0.0627,-0.9472,0.1232,1.6691,-0.4810,2.9387,-0.0458,-0.2799,-3.0221,1.4869,9.3906,0.0015,0.0209,-0.0060,0.9998,-0.0704,0.0372,0.2363
201346,Pelvis,2,-0.4629,0.4791,-0.5164,-0.5381,-0.1783,-0.0044,-0.3523,-0.1626,-1.5578,0.4755,10.0477,0.0987,2.7079,-0.0022,-0.0001,-0.0044,1.0000,0.2512,0.0015,0.0677
201347,Left,2,0.0536,-0.3373,-0.0374,-0.9391,0.0782,-0.0279,0.0049,-0.3061,-0.2934,0.2833,-6.6851,-1.0271,7.5076,0.0010,-0.0003,0.0001,1.0000,-0.1672,-0.0259,0.1876
201347,Right,2,-0.0793,-0.3447,0.0695,-0.9328,0.1965,3.3383,-0.7881,2.2412,-0.6374,1.0870,-4.9772,0.9114,9.9350,0.0025,0.0417,-0.0098,0.9991,-0.1137,0.0233,0.2533
201347,Pelvis,2,-0.4617,0.4811,-0.5124,-0.5412,-0.3967,-0.0660,-0.1838,-1.5460,-0.3496,-0.4350,9.2651,1.5758,1.4585,-0.0050,-0.0008,-0.0023,1.0000,0.2317,0.0390,0.0365
201348,Left,2,0.0523,-0.3370,-0.0375,-0.9393,0.0984,-0.0259,0.0501,-0.1819,0.0180,0.1963,-6.5180,-0.7055,7.5651,0.0012,-0.0003,0.0006,1.0000,-0.1630,-0.0180,0.1891
201348,Right,2,-0.0812,-0.3922,0.0792,-0.9129,0.2835,4.0495,-1.0895,1.0736,0.1168,2.5533,-7.8048,1.4830,9.5451,0.0035,0.0506,-0.0136,0.9986,-0.1822,0.0387,0.2482
201348,Pelvis,2,-0.4574,0.4829,-0.5098,-0.5457,-0.5171,0.1752,-0.0742,-0.4081,-0.0229,1.0499,10.7850,0.4801,1.2716,-0.0065,0.0022,-0.0009,1.0000,0.2697,0.0120,0.0311
201349,Left,2,0.0514,-0.3368,-0.0376,-0.9394,0.0675,-0.0144,0.0354,-0.1149,-0.0380,0.0729,-6.3859,-0.7383,7.5110,0.0008,-0.0002,0.0004,1.0000,-0.1597,-0.0187,0.1877
201349,Right,2,-0.0811,-0.4331,0.0932,-0.8928,0.3148,3.5360,-1.4147,1.5062,1.3212,6.1903,-11.3064,2.8311,11.1559,0.0039,0.0442,-0.0177,0.9989,-0.2687,0.0745,0.2913
201349,Pelvis,2,-0.4536,0.4849,-0.5068,-0.5497,-0.5056,0.1133,-0.0717,2.1088,0.1562,1.0951,10.8828,-2.0160,0.9760,-0.0063,0.0014,-0.0009,1.0000,0.2721,-0.0505,0.0243
201350,Left,2,0.0507,-0.3365,-0.0377,-0.9396,0.0540,-0.0261,0.0323,-0.1570,-0.0870,0.0807,-6.4212,-0.7678,7.4894,0.0007,-0.0003,0.0004,1.0000,-0.1606,-0.0194,0.1872
201350,Right,2,-0.0762,-0.4520,0.1102,-0.8819,0.1810,1.5800,-1.5895,5.7250,-1.1735,4.8858,-8.2896,1.0307,13.4336,0.0023,0.0197,-0.0199,0.9996,-0.2000,0.0290,0.3399
201350,Pelvis,2,-0.4511,0.4868,-0.5041,-0.5526,-0.3897,0.0233,-0.0746,2.8408,0.4067,0.6695,10.5038,-2.7207,0.6164,-0.0049,0.0003,-0.0009,1.0000,0.2625,-0.0682,0.0157
201351,Left,2,0.0501,-0.3364,-0.0378,-0.9396,0.0436,-0.0093,0.0297,-0.1237,-0.0424,0.0633,-6.3794,-0.7133,7.5065,0.0005,-0.0001,0.0004,1.0000,-0.1595,-0.0180,0.1876
201351,Right,2,-0.0789,-0.4537,0.1314,-0.8779,0.9715,0.1713,-1.4394,5.8417,-0.8053,-1.6956,-3.2317,1.1022,9.4342,0.0121,0.0021,-0.0180,0.9998,-0.0798,0.0261,0.2364
201351,Pelvis,2,-0.4492,0.4885,-0.5030,-0.5537,-0.2256,0.0060,0.0387,2.2020,0.5093,0.6753,10.5113,-2.0762,0.5535,-0.0028,0.0001,0.0005,1.0000,0.2628,-0.0517,0.0140
201353,Left,2,0.0491,-0.3363,-0.0381,-0.9397,0.0363,-0.0044,0.0316,-0.0845,-0.0546,-0.0143,-6.2985,-0.7076,7.4730,0.0009,-0.0001,0.0008,1.0000,-0.3149,-0.0360,0.3736
201353,Right,2,-0.0872,-0.4418,0.1560,-0.8791,0.8062,-0.4701,-0.6673,4.9098,2.6599,-3.9141,-2.5178,4.2225,6.4660,0.0202,-0.0118,-0.0167,0.9996,-0.1262,0.2067,0.3260
201353,Pelvis,2,-0.4439,0.4913,-0.5050,-0.5537,-0.1356,0.0812,0.1946,1.3508,0.3046,0.1501,9.9425,-1.3089,0.7802,-0.0034,0.0020,0.0049,1.0000,0.4975,-0.0629,0.0382
201354,Left,2,0.0487,-0.3360,-0.0383,-0.9398,0.0309,-0.0208,0.0303,-0.0668,-0.0087,-0.0912,-6.2308,-0.6450,7.4346,0.0004,-0.0003,0.0004,1.0000,-0.1558,-0.0163,0.1858
201354,Right,2,-0.0928,-0.4273,0.1544,-0.8860,0.4756,-1.1712,0.4910,3.9578,2.2376,-3.4722,-3.2058,3.6412,6.1109,0.0059,-0.0146,0.0061,0.9999,-0.0829,0.0896,0.1521
201354,Pelvis,2,-0.4416,0.4924,-0.5061,-0.5535,-0.0847,0.0710,0.1855,1.2596,0.2068,-0.8459,8.9293,-1.2975,0.7852,-0.0011,0.0009,0.0023,1.0000,0.2233,-0.0319,0.0195
201355,Left,2,0.0484,-0.3357,-0.0384,-0.9399,0.0227,-0.0240,0.0236,-0.1146,-0.0339,0.0023,-6.3236,-0.6636,7.4779,0.0003,-0.0003,0.0003,1.0000,-0.1581,-0.0167,0.1869
201355,Right,2,-0.0995,-0.4078,0.1453,-0.8960,0.3387,-1.5637,1.1472,2.2069,0.4004,-2.9733,-4.0231,1.4594,5.7882,0.0042,-0.0195,0.0143,0.9997,-0.1039,0.0344,0.1428
201355,Pelvis,2,-0.4401,0.4930,-0.5073,-0.5531,-0.0250,0.0615,0.1395,1.1891,0.3775,-0.7834,9.0060,-1.2497,0.6446,-0.0003,0.0008,0.0017,1.0000,0.2252,-0.0308,0.0160
201356,Left,2,0.0481,-0.3354,-0.0385,-0.9400,0.0159,-0.0240,0.0228,-0.0744,-0.0628,-0.0133,-6.2790,-0.6897,7.4923,0.0002,-0.0003,0.0003,1.0000,-0.1570,-0.0173,0.1873
201356,Right,2,-0.1063,-0.3854,0.1340,-0.9067,0.3003,-1.7768,1.3290,-0.3815,-2.6607,-2.6353,-5.1332,-2.0895,5.2947,0.0038,-0.0222,0.0166,0.9996,-0.1303,-0.0549,0.1293
201356,Pelvis,2,-0.4393,0.4926,-0.5085,-0.5529,0.0389,0.0837,0.0741,0.8740,0.5845,-0.7166,9.0945,-0.9420,0.4965,0.0005,0.0010,0.0009,1.0000,0.2274,-0.0233,0.0122
201357,Left,2,0.0480,-0.3351,-0.0387,-0.9402,0.0073,-0.0256,0.0172,-0.0889,-0.0760,-0.0324,-6.2736,-0.6964,7.4716,0.0001,-0.0003,0.0002,1.0000,-0.1569,-0.0175,0.1867
201357,Right,2,-0.1116,-0.3617,0.1290,-0.9165,0.4059,-1.9087,0.8356,-2.1702,-5.0292,-1.2593,-6.7658,-4.5727,6.0412,0.0051,-0.0239,0.0104,0.9996,-0.1715,-0.1169,0.1464
201357,Pelvis,2,-0.4393,0.4918,-0.5093,-0.5529,0.0708,0.0595,0.0063,0.8579,0.8733,-0.8034,9.0441,-0.9063,0.2195,0.0009,0.0007,0.0001,1.0000,0.2261,-0.0226,0.0053
201358,Left,2,0.0480,-0.3347,-0.0387,-0.9403,0.0011,-0.0301,0.0091,-0.0862,-0.0444,-0.0383,-6.2608,-0.6637,7.4773,0.0000,-0.0004,0.0001,1.0000,-0.1566,-0.0166,0.1869
201358,Right,2,-0.1144,-0.3358,0.1319,-0.9256,0.4871,-2.1531,0.1941,-3.7739,-3.2466,0.0359,-8.8231,-3.1024,5.8596,0.0061,-0.0269,0.0024,0.9996,-0.2242,-0.0790,0.1400
201358,Pelvis,2,-0.4404,0.4911,-0.5094,-0.5526,0.0971,-0.0243,-0.0549,1.0222,1.0916,-1.1026,8.7760,-1.0401,-0.0445,0.0012,-0.0003,-0.0007,1.0000,0.2194,-0.0262,-0.0011
201359,Left,2,0.0482,-0.3343,-0.0386,-0.9404,-0.0080,-0.0295,-0.0033,-0.0943,-0.0181,-0.0624,-6.2445,-0.6371,7.4618,-0.0001,-0.0004,-0.0000,1.0000,-0.1562,-0.0159,0.1865
201359,Right,2,-0.1143,-0.3091,0.1355,-0.9344,0.2982,-2.2356,0.0685,-4.8034,0.3024,0.2614,-10.0381,0.0096,4.8909,0.0037,-0.0279,0.0009,0.9996,-0.2542,-0.0004,0.1152
201359,Pelvis,2,-0.4428,0.4906,-0.5088,-0.5516,0.1410,-0.1316,-0.1079,1.1588,1.2865,-1.2706,8.6362,-1.1396,-0.2851,0.0018,-0.0016,-0.0013,1.0000,0.2159,-0.0288,-0.0068
201360,Left,2,0.0486,-0.3339,-0.0385,-0.9406,-0.0248,-0.0264,-0.0152,-0.0897,-0.0300,-0.0460,-6.2457,-0.6565,7.4805,-0.0003,-0.0003,-0.0002,1.0000,-0.1562,-0.0163,0.1870
201360,Right,2,-0.1122,-0.2843,0.1340,-0.9427,0.0071,-2.0635,0.3807,-5.5394,1.5621,-1.0381,-9.8095,0.8561,3.6311,0.0001,-0.0258,0.0048,0.9997,-0.2476,0.0202,0.0844
201360,Pelvis,2,-0.4466,0.4900,-0.5075,-0.5504,0.1887,-0.2220,-0.1762,1.3472,1.3892,-1.1443,8.7773,-1.2909,-0.4214,0.0024,-0.0028,-0.0022,1.0000,0.2194,-0.0327,-0.0100
201361,Left,2,0.0492,-0.3337,-0.0383,-0.9406,-0.0435,-0.0129,-0.0291,-0.0282,-0.0626,-0.0836,-6.1709,-0.7043,7.4889,-0.0005,-0.0002,-0.0004,1.0000,-0.1543,-0.0174,0.1872
201361,Right,2,-0.1108,-0.2674,0.1291,-0.9484,-0.0767,-1.3700,0.5504,-6.0003,0.4954,-3.4963,-8.4533,-0.5221,2.1034,-0.0010,-0.0171,0.0069,0.9998,-0.2121,-0.0145,0.0490
201361,Pelvis,2,-0.4514,0.4888,-0.5054,-0.5494,0.2217,-0.2571,-0.2913,1.4546,1.5240,-0.7646,9.1757,-1.3394,-0.5653,0.0028,-0.0032,-0.0036,1.0000,0.2293,-0.0343,-0.0135
201362,Left,2,0.0500,-0.3338,-0.0381,-0.9406,-0.0486,0.0117,-0.0298,-0.0539,-0.1195,-0.0412,-6.2184,-0.7756,7.4986,-0.0006,0.0001,-0.0004,1.0000,-0.1554,-0.0192,0.1875
201362,Right,2,-0.0983,-0.2752,0.1332,-0.9470,-0.9246,0.4668,-0.6580,-18.8233,6.3605,7.5944,-26.0551,2.4664,3.5852,-0.0116,0.0058,-0.0082,0.9999,-0.6503,0.0681,0.0927
201362,Pelvis,2,-0.4576,0.4868,-0.5021,-0.5491,0.2368,-0.2939,-0.4570,1.2349,1.4902,-0.6523,9.2879,-1.0410,-0.5582,0.0030,-0.0037,-0.0057,1.0000,0.2321,-0.0273,-0.0132
201363,Left,2,0.0505,-0.3342,-0.0379,-0.9404,-0.0290,0.0422,-0.0113,-0.0422,-0.5494,0.0629,-6.2955,-1.2226,7.5302,-0.0004,0.0005,-0.0001,1.0000,-0.1573,-0.0305,0.1883
201363,Right,2,-0.0973,-0.2700,0.1319,-0.9488,-0.0507,-0.4398,0.1361,2.4646,-5.0801,0.5503,-2.6079,-2.8804,11.1435,-0.0006,-0.0055,0.0017,1.0000,-0.0666,-0.0719,0.2783
201363,Pelvis,2,-0.4631,0.4851,-0.4985,-0.5492,0.1690,-0.2691,-0.4390,-0.8000,-1.8495,1.7250,11.2633,0.8812,3.0892,0.0021,-0.0034,-0.0055,1.0000,0.2814,0.0203,0.0782
201364,Left,2,0.0506,-0.3350,-0.0383,-0.9401,-0.0126,0.0752,0.0349,0.0841,-0.3305,-0.0245,-6.1447,-1.0164,7.5587,-0.0002,0.0009,0.0004,1.0000,-0.1534,-0.0254,0.1891
201364,Right,2,-0.0981,-0.2755,0.1313,-0.9472,0.0149,0.4745,-0.0001,-0.5889,0.6310,0.1954,-6.0383,1.5547,7.8759,0.0002,0.0059,-0.0000,1.0000,-0.1498,0.0388,0.1978
201364,Pelvis,2,-0.4639,0.4861,-0.4970,-0.5491,-0.0519,-0.1356,-0.0635,-3.1647,-0.4708,4.6841,14.2722,3.4907,2.1246,-0.0006,-0.0017,-0.0008,1.0000,0.3568,0.0870,0.0537
201365,Left,2,0.0507,-0.3378,-0.0394,-0.9390,-0.0345,0.2323,0.1023,0.7277,-0.2472,-0.3113,-5.4930,-0.9786,7.7289,-0.0004,0.0029,0.0013,1.0000,-0.1367,-0.0246,0.1936
201365,Right,2,-0.0987,-0.2768,0.1308,-0.9469,0.0380,0.1152,0.0413,-0.6091,0.1017,0.3503,-6.0939,1.0713,8.0861,0.0005,0.0014,0.0005,1.0000,-0.1521,0.0266,0.2024
201365,Pelvis,2,-0.4647,0.4850,-0.4968,-0.5496,0.0617,0.0285,-0.1071,1.4821,-1.3458,1.0378,10.7185,-1.2790,2.2844,0.0008,0.0004,-0.0013,1.0000,0.2679,-0.0324,0.0570
201366,Left,2,0.0498,-0.3493,-0.0434,-0.9347,-0.0155,0.9707,0.3893,2.7794,-1.2820,-0.4967,-3.9781,-2.1948,8.6902,-0.0002,0.0121,0.0049,0.9999,-0.0965,-0.0553,0.2184
201366,Right,2,-0.0990,-0.2763,0.1304,-0.9470,0.0275,-0.0358,0.0414,-0.3951,0.3678,0.2202,-5.9061,1.3834,8.0096,0.0003,-0.0004,0.0005,1.0000,-0.1478,0.0344,0.2002
201366,Pelvis,2,-0.4690,0.4825,-0.4987,-0.5464,0.4838,-0.1151,-0.0527,3.2306,-1.7989,-1.1355,8.5823,-3.0838,2.4083,0.0060,-0.0014,-0.0007,1.0000,0.2144,-0.0776,0.0600
201367,Left,2,0.0442,-0.3782,-0.0559,-0.9230,0.1220,2.4243,1.2610,4.7291,0.3926,1.2830,-4.0773,-0.7780,11.3337,0.0015,0.0303,0.0158,0.9994,-0.0930,-0.0214,0.2862
201367,Right,2,-0.0993,-0.2761,0.1303,-0.9471,0.0330,-0.0108,0.0224,-0.1307,-0.0460,0.0824,-5.5298,1.0639,8.1376,0.0004,-0.0001,0.0003,1.0000,-0.1383,0.0265,0.2034
201367,Pelvis,2,-0.4716,0.4790,-0.5064,-0.5401,0.7851,0.0978,0.3470,2.3756,-1.1411,-1.3210,8.4203,-2.1956,1.8257,0.0098,0.0012,0.0043,0.9999,0.2108,-0.0544,0.0449
201368,Left,2,0.0422,-0.4118,-0.0758,-0.9071,-0.3541,2.8837,1.7282,3.5667,-1.6930,3.8804,-7.7088,-2.5953,11.7062,-0.0044,0.0360,0.0216,0.9991,-0.1806,-0.0676,0.2996
201368,Right,2,-0.0998,-0.2763,0.1301,-0.9470,0.0441,0.0266,0.0218,-0.2354,0.0571,0.0595,-5.6229,1.1357,8.0382,0.0006,0.0003,0.0003,1.0000,-0.1405,0.0282,0.2010
201368,Pelvis,2,-0.4718,0.4770,-0.5151,-0.5333,0.6809,0.1408,0.5619,-0.7870,-0.4125,0.1436,9.8502,0.9524,1.4091,0.0085,0.0018,0.0070,0.9999,0.2461,0.0252,0.0350
201370,Left,2,0.0442,-0.4353,-0.1020,-0.8934,-0.4549,1.0462,1.0036,5.3798,-2.4379,4.0196,-7.5992,-3.4838,12.5064,-0.0114,0.0261,0.0251,0.9993,-0.3590,-0.1762,0.6369
201370,Right,2,-0.1010,-0.2770,0.1297,-0.9467,0.0509,0.0417,0.0249,-0.1371,0.0465,-0.0123,-5.5112,1.1641,8.0213,0.0013,0.0010,0.0006,1.0000,-0.2752,0.0575,0.4014
201370,Pelvis,2,-0.4725,0.4739,-0.5216,-0.5292,0.2813,0.0929,0.1468,-3.4019,-0.0389,1.4770,11.1912,3.4998,1.2409,0.0070,0.0023,0.0037,1.0000,0.5591,0.1766,0.0620
201371,Left,2,0.0483,-0.4402,-0.1083,-0.8900,-0.4733,0.4865,0.3694,4.1016,-1.2081,-2.5082,-3.5121,-2.0419,7.4253,-0.0059,0.0061,0.0046,1.0000,-0.0864,-0.0503,0.1865
201371,Right,2,-0.1015,-0.2775,0.1296,-0.9465,0.0393,0.0441,0.0144,-0.1777,0.1185,-0.0317,-5.5583,1.2314,7.9562,0.0005,0.0006,0.0002,1.0000,-0.1389,0.0307,0.1990
201371,Pelvis,2,-0.4740,0.4730,-0.5197,-0.5306,-0.0172,-0.0387,-0.2418,-1.5630,-0.0869,0.2626,9.9969,1.6481,1.1440,-0.0002,-0.0005,-0.0030,1.0000,0.2500,0.0405,0.0287
201372,Left,2,0.0527,-0.4412,-0.1147,-0.8885,-0.5338,0.1492,0.3328,3.9686,-0.2851,-2.3879,-3.6185,-1.1768,7.5153,-0.0067,0.0019,0.0042,1.0000,-0.0900,-0.0285,0.1882
201372,Right,2,-0.1017,-0.2777,0.1296,-0.9464,0.0311,0.0234,0.0056,-0.1741,0.0758,-0.0500,-5.5433,1.1959,7.9490,0.0004,0.0003,0.0001,1.0000,-0.1385,0.0298,0.1988
201372,Pelvis,2,-0.4755,0.4715,-0.5179,-0.5323,0.0003,0.0020,-0.2624,-0.4014,-0.1062,-0.3030,9.4407,0.5396,1.0900,0.0000,0.0000,-0.0033,1.0000,0.2361,0.0127,0.0272
201373,Left,2,0.0574,-0.4371,-0.1220,-0.8892,-0.6269,-0.2961,0.3377,3.3639,-0.0833,-2.0784,-4.1803,-0.9037,7.2699,-0.0078,-0.0037,0.0042,1.0000,-0.1051,-0.0216,0.1815
201373,Right,2,-0.1020,-0.2778,0.1295,-0.9464,0.0263,0.0136,0.0062,-0.1277,0.0533,-0.0840,-5.4858,1.1887,7.9473,0.0003,0.0002,0.0001,1.0000,-0.1371,0.0296,0.1987
201373,Pelvis,2,-0.4764,0.4696,-0.5179,-0.5333,0.0783,0.0754,-0.1525,-0.1026,-0.1258,-0.6623,9.0837,0.2822,1.0784,0.0010,0.0009,-0.0019,1.0000,0.2271,0.0066,0.0268
201374,Left,2,0.0633,-0.4279,-0.1275,-0.8926,-0.6761,-0.7292,0.1187,2.3178,-0.2435,-2.5374,-4.3790,-0.8676,6.1996,-0.0085,-0.0091,0.0015,0.9999,-0.1109,-0.0205,0.1542
201374,Right,2,-0.1021,-0.2779,0.1296,-0.9463,0.0192,0.0114,-0.0002,-0.1352,0.0725,-0.0956,-5.4912,1.2057,7.9270,0.0002,0.0001,-0.0000,1.0000,-0.1373,0.0301,0.1982
201374,Pelvis,2,-0.4767,0.4678,-0.5187,-0.5337,0.1092,0.1118,-0.0681,-0.4383,-0.0056,-0.3676,9.3782,0.6519,1.0131,0.0014,0.0014,-0.0009,1.0000,0.2345,0.0161,0.0250
201375,Left,2,0.0694,-0.4160,-0.1291,-0.8975,-0.5805,-0.9513,-0.1934,1.4176,-0.1853,-2.7290,-4.6372,-0.6565,5.5037,-0.0073,-0.0119,-0.0024,0.9999,-0.1176,-0.0151,0.1363
201375,Right,2,-0.1022,-0.2779,0.1296,-0.9463,0.0181,0.0015,0.0031,-0.1567,0.0715,-0.0861,-5.5147,1.2010,7.9235,0.0002,0.0000,0.0000,1.0000,-0.1379,0.0300,0.1981
201375,Pelvis,2,-0.4766,0.4656,-0.5201,-0.5343,0.1207,0.1679,-0.0485,-0.5611,-0.0113,-0.6896,9.0501,0.7822,1.0150,0.0015,0.0021,-0.0006,1.0000,0.2263,0.0194,0.0249
201376,Left,2,0.0748,-0.4016,-0.1265,-0.9040,-0.4093,-1.1707,-0.5005,0.4315,-0.1793,-1.4930,-6.0382,-0.5073,5.7206,-0.0051,-0.0146,-0.0063,0.9999,-0.1531,-0.0110,0.1408
201376,Right,2,-0.1022,-0.2779,0.1296,-0.9463,0.0185,0.0002,0.0013,-0.1302,0.0706,-0.0675,-5.5031,1.2120,7.9522,0.0002,0.0000,0.0000,1.0000,-0.1376,0.0303,0.1988
201376,Pelvis,2,-0.4764,0.4637,-0.5217,-0.5348,0.1142,0.1721,-0.0231,-0.6292,0.1567,-0.4543,9.2961,0.8667,0.9113,0.0014,0.0022,-0.0003,1.0000,0.2325,0.0216,0.0223
201377,Left,2,0.0792,-0.3841,-0.1193,-0.9121,-0.2169,-1.4270,-0.8392,-1.0491,-0.4308,-1.1094,-7.1388,-0.4920,5.0834,-0.0027,-0.0178,-0.0105,0.9998,-0.1808,-0.0101,0.1239
201377,Right,2,-0.1023,-0.2780,0.1296,-0.9463,0.0163,0.0113,-0.0005,-0.0989,0.0464,-0.1265,-5.4414,1.1925,7.9249,0.0002,0.0001,-0.0000,1.0000,-0.1360,0.0298,0.1981
201377,Pelvis,2,-0.4756,0.4624,-0.5232,-0.5350,0.0750,0.1541,0.0305,-0.8201,0.4684,-0.2562,9.5211,1.0630,0.6609,0.0009,0.0019,0.0004,1.0000,0.2380,0.0267,0.0161
201378,Left,2,0.0824,-0.3658,-0.1080,-0.9207,-0.0016,-1.4913,-1.1041,-2.9223,-0.0875,-1.3101,-8.0387,0.1669,4.0258,-0.0000,-0.0186,-0.0138,0.9997,-0.2027,0.0070,0.0969
201378,Right,2,-0.1023,-0.2782,0.1297,-0.9462,0.0068,0.0216,-0.0082,-0.1027,0.0505,-0.1051,-5.4602,1.1971,7.9375,0.0001,0.0003,-0.0001,1.0000,-0.1364,0.0299,0.1985
201378,Pelvis,2,-0.4743,0.4626,-0.5240,-0.5351,-0.0362,0.0775,0.0812,-1.0183,0.5251,-0.3644,9.4155,1.2446,0.6184,-0.0005,0.0010,0.0010,1.0000,0.2354,0.0314,0.0152
201379,Left,2,0.0846,-0.3493,-0.0956,-0.9283,0.1136,-1.3209,-1.1434,-4.7554,0.5682,-1.2724,-9.1603,1.0310,3.3035,0.0014,-0.0165,-0.0143,0.9998,-0.2299,0.0289,0.0788
201379,Right,2,-0.1020,-0.2786,0.1298,-0.9461,-0.0074,0.0257,-0.0172,-0.1050,0.0495,-0.0920,-5.4739,1.1930,7.9447,-0.0001,0.0003,-0.0002,1.0000,-0.1368,0.0299,0.1987
201379,Pelvis,2,-0.4727,0.4647,-0.5237,-0.5351,-0.1614,-0.0318,0.1226,-0.9801,0.6740,-0.5509,9.2522,1.1763,0.4567,-0.0020,-0.0004,0.0015,1.0000,0.2313,0.0298,0.0115
201380,Left,2,0.0865,-0.3364,-0.0844,-0.9339,0.1185,-1.0215,-1.0040,-6.2127,0.5753,-1.3064,-10.1515,1.1335,2.6379,0.0015,-0.0128,-0.0125,0.9998,-0.2542,0.0314,0.0627
201380,Right,2,-0.1017,-0.2789,0.1299,-0.9460,-0.0148,0.0224,-0.0204,-0.1586,0.0367,-0.0698,-5.5323,1.1602,7.9370,-0.0002,0.0003,-0.0003,1.0000,-0.1382,0.0291,0.1985
201380,Pelvis,2,-0.4708,0.4679,-0.5229,-0.5348,-0.2356,-0.1028,0.1619,-0.7848,0.8424,-0.8494,8.9845,0.9411,0.2431,-0.0029,-0.0013,0.0020,1.0000,0.2246,0.0240,0.0063
201381,Left,2,0.0900,-0.3288,-0.0747,-0.9371,-0.0286,-0.5511,-0.8867,-6.8246,0.6108,-1.5653,-10.4220,1.0848,2.2759,-0.0004,-0.0069,-0.0111,0.9999,-0.2606,0.0300,0.0551
201381,Right,2,-0.1012,-0.2791,0.1301,-0.9460,-0.0197,0.0117,-0.0230,-0.1147,0.0678,-0.0905,-5.4949,1.1915,7.9325,-0.0002,0.0001,-0.0003,1.0000,-0.1373,0.0299,0.1983
201381,Pelvis,2,-0.4687,0.4715,-0.5221,-0.5342,-0.2419,-0.1246,0.2028,-0.4830,0.9822,-0.8861,8.9732,0.5975,0.0767,-0.0030,-0.0016,0.0025,1.0000,0.2243,0.0155,0.0022
201382,Left,2,0.0959,-0.3246,-0.0661,-0.9386,-0.2244,-0.2504,-0.8260,-6.9656,0.7344,-0.6152,-11.1147,0.8771,3.0584,-0.0028,-0.0031,-0.0103,0.9999,-0.2779,0.0250,0.0755
201382,Right,2,-0.1007,-0.2795,0.1302,-0.9459,-0.0278,0.0311,-0.0291,-0.0599,0.0720,-0.1160,-5.4420,1.1985,7.9362,-0.0003,0.0004,-0.0004,1.0000,-0.1360,0.0301,0.1984
201382,Pelvis,2,-0.4668,0.4756,-0.5215,-0.5329,-0.2188,-0.1656,0.2513,-0.4677,0.9816,-0.7554,9.1066,0.5307,0.0627,-0.0027,-0.0021,0.0031,1.0000,0.2276,0.0140,0.0020
201383,Left,2,0.0995,-0.3215,-0.0606,-0.9397,-0.1301,-0.1965,-0.5326,-5.1699,1.3331,-1.5971,-9.0624,1.0673,3.5689,-0.0016,-0.0025,-0.0067,1.0000,-0.2266,0.0283,0.0886
201383,Right,2,-0.1002,-0.2804,0.1305,-0.9457,-0.0281,0.0684,-0.0365,-0.0647,0.0677,-0.0897,-5.4702,1.1837,7.9512,-0.0004,0.0009,-0.0005,1.0000,-0.1366,0.0297,0.1989
201383,Pelvis,2,-0.4647,0.4804,-0.5208,-0.5311,-0.2380,-0.2065,0.3045,-0.5539,0.9574,-0.5780,9.2841,0.5516,0.0687,-0.0030,-0.0026,0.0038,1.0000,0.2320,0.0147,0.0023
201384,Left,2,0.0741,-0.3277,-0.0659,-0.9396,1.8085,0.3012,1.1174,-6.2249,1.7485,4.6577,-13.7425,1.0339,7.8308,0.0226,0.0038,0.0140,0.9996,-0.3431,0.0166,0.1975
201384,Right,2,-0.0998,-0.2820,0.1308,-0.9452,-0.0270,0.1184,-0.0556,0.0071,0.0904,-0.1000,-5.4305,1.2116,7.9616,-0.0003,0.0015,-0.0007,1.0000,-0.1354,0.0305,0.1992
201384,Pelvis,2,-0.4625,0.4859,-0.5204,-0.5284,-0.2367,-0.2600,0.3837,-0.6920,0.5037,-0.7161,9.1057,0.5975,0.4586,-0.0030,-0.0032,0.0048,1.0000,0.2275,0.0161,0.0122
201385,Left,2,0.0666,-0.3232,-0.0665,-0.9416,0.5406,-0.4267,0.2089,0.3597,6.4317,3.4315,-7.4454,5.0701,11.6521,0.0068,-0.0053,0.0026,1.0000,-0.1880,0.1243,0.2911
201385,Right,2,-0.0995,-0.2852,0.1315,-0.9442,-0.0154,0.2601,-0.0894,0.3066,0.2861,-0.1607,-5.2324,1.4645,7.9885,-0.0002,0.0033,-0.0011,1.0000,-0.1301,0.0368,0.2001
201385,Pelvis,2,-0.4593,0.4920,-0.5200,-0.5259,-0.3064,-0.2352,0.4328,-0.5803,-2.0973,0.3547,9.9233,0.2763,3.0928,-0.0038,-0.0029,0.0054,1.0000,0.2478,0.0085,0.0780
201386,Left,2,0.0652,-0.3265,-0.0664,-0.9406,0.1178,0.2642,0.0593,-0.0757,-0.7207,0.6686,-6.6199,-1.5418,8.0115,0.0015,0.0033,0.0007,1.0000,-0.1648,-0.0390,0.2008
201386,Right,2,-0.1001,-0.2925,0.1333,-0.9416,0.0383,0.6022,-0.2045,0.6476,0.2090,-0.1746,-5.0284,1.4755,8.1176,0.0005,0.0075,-0.0026,1.0000,-0.1241,0.0371,0.2039
201386,Pelvis,2,-0.4601,0.4947,-0.5173,-0.5253,-0.1557,-0.2692,-0.0276,2.6406,-0.9523,3.8393,13.4377,-3.0642,2.0729,-0.0019,-0.0034,-0.0003,1.0000,0.3357,-0.0766,0.0531
201387,Left,2,0.0651,-0.3281,-0.0659,-0.9401,0.0322,0.1434,-0.0199,-0.5569,-0.4826,0.3526,-6.8178,-1.1856,7.4825,0.0004,0.0018,-0.0002,1.0000,-0.1701,-0.0297,0.1874
201387,Right,2,-0.1027,-0.3097,0.1354,-0.9355,0.1176,1.4531,-0.3053,1.9719,-0.7530,-0.3301,-3.9322,0.9466,8.8334,0.0015,0.0182,-0.0038,0.9998,-0.0942,0.0237,0.2226
201387,Pelvis,2,-0.4609,0.4934,-0.5175,-0.5256,0.0922,0.0398,-0.0884,-0.5685,-0.9217,1.4673,11.1640,0.2233,1.9303,0.0012,0.0005,-0.0011,1.0000,0.2791,0.0052,0.0481
201388,Left,2,0.0651,-0.3284,-0.0653,-0.9400,0.0175,0.0282,-0.0337,-0.4320,-0.2739,0.2639,-6.6633,-0.9956,7.5105,0.0002,0.0004,-0.0004,1.0000,-0.1665,-0.0249,0.1878
201388,Right,2,-0.1072,-0.3405,0.1373,-0.9240,0.1619,2.6251,-0.4062,2.0241,-0.7016,0.4965,-4.8795,1.0913,9.2687,0.0020,0.0328,-0.0051,0.9994,-0.1142,0.0274,0.2356
201388,Pelvis,2,-0.4582,0.4965,-0.5166,-0.5260,-0.2935,-0.0392,0.1635,-2.8912,-0.6132,-0.1003,9.6877,2.5843,1.5923,-0.0037,-0.0005,0.0020,1.0000,0.2420,0.0652,0.0397
201389,Left,2,0.0646,-0.3280,-0.0652,-0.9402,0.0401,-0.0347,0.0086,-0.1555,-0.1362,0.0442,-6.2989,-0.8869,7.5325,0.0005,-0.0004,0.0001,1.0000,-0.1576,-0.0223,0.1882
201389,Right,2,-0.1118,-0.3824,0.1404,-0.9064,0.1233,3.6080,-0.6518,2.0248,-0.1140,1.2180,-6.2026,1.6752,9.1977,0.0015,0.0451,-0.0081,0.9989,-0.1441,0.0427,0.2367
201389,Pelvis,2,-0.4524,0.5000,-0.5140,-0.5301,-0.6333,0.1592,0.0785,-2.4909,-0.6829,-0.0591,9.7169,2.1309,1.6871,-0.0079,0.0020,0.0010,1.0000,0.2430,0.0538,0.0413
201390,Left,2,0.0642,-0.3277,-0.0653,-0.9404,0.0316,-0.0338,0.0173,-0.1239,0.0282,0.0550,-6.2612,-0.7239,7.5935,0.0004,-0.0004,0.0002,1.0000,-0.1566,-0.0182,0.1898
201390,Right,2,-0.1139,-0.4308,0.1447,-0.8834,-0.0438,4.2027,-0.9397,1.4195,0.1198,3.9875,-9.6282,1.7963,9.8352,-0.0005,0.0525,-0.0117,0.9986,-0.2268,0.0478,0.2580
201390,Pelvis,2,-0.4476,0.5022,-0.5096,-0.5365,-0.7001,0.1982,-0.1801,0.1667,-0.6018,-0.2247,9.4801,-0.5245,1.4738,-0.0088,0.0025,-0.0023,1.0000,0.2371,-0.0133,0.0364
201391,Left,2,0.0637,-0.3273,-0.0653,-0.9405,0.0363,-0.0302,0.0229,-0.1199,-0.1152,0.0641,-6.2693,-0.8582,7.5853,0.0005,-0.0004,0.0003,1.0000,-0.1568,-0.0216,0.1896
201391,Right,2,-0.1117,-0.4674,0.1512,-0.8638,-0.1688,3.1807,-1.0959,2.4467,1.0393,6.1527,-11.8828,2.8760,10.6133,-0.0021,0.0397,-0.0137,0.9991,-0.2852,0.0764,0.2767
201391,Pelvis,2,-0.4447,0.5028,-0.5044,-0.5431,-0.5916,0.1684,-0.3579,1.9698,-0.3554,-0.2310,9.4603,-2.2592,1.1016,-0.0074,0.0021,-0.0045,1.0000,0.2363,-0.0573,0.0275
201392,Left,2,0.0633,-0.3272,-0.0655,-0.9406,0.0290,-0.0120,0.0266,-0.1026,-0.0183,0.0773,-6.2523,-0.7581,7.6261,0.0004,-0.0002,0.0003,1.0000,-0.1563,-0.0191,0.1906
201392,Right,2,-0.1032,-0.4855,0.1615,-0.8530,-0.3095,1.4657,-1.3195,6.2868,-3.3074,3.5413,-7.7017,-0.2615,13.0170,-0.0039,0.0183,-0.0165,0.9997,-0.1866,-0.0022,0.3289
201392,Pelvis,2,-0.4429,0.5028,-0.5005,-0.5482,-0.4040,0.1422,-0.3033,2.2513,-0.1031,-0.2349,9.4931,-2.4499,0.8317,-0.0051,0.0018,-0.0038,1.0000,0.2371,-0.0620,0.0207
201393,Left,2,0.0631,-0.3273,-0.0655,-0.9405,0.0161,0.0106,0.0118,-0.1140,-0.0223,0.0591,-6.2500,-0.7530,7.6050,0.0002,0.0001,0.0001,1.0000,-0.1562,-0.0189,0.1901
201393,Right,2,-0.1009,-0.4856,0.1821,-0.8491,0.6834,-0.0381,-1.5494,7.2188,-2.4280,-1.1291,-3.6236,0.6535,10.9477,0.0085,-0.0005,-0.0194,0.9998,-0.0904,0.0158,0.2738
201393,Pelvis,2,-0.4407,0.5042,-0.4990,-0.5500,-0.2754,0.0416,-0.0044,1.2276,0.2085,1.2423,11.0085,-1.3964,0.7905,-0.0034,0.0005,-0.0001,1.0000,0.2752,-0.0349,0.0197
201394,Left,2,0.0631,-0.3276,-0.0654,-0.9404,0.0042,0.0227,0.0062,-0.1263,-0.0452,0.0260,-6.2437,-0.7691,7.5660,0.0001,0.0003,0.0001,1.0000,-0.1560,-0.0192,0.1892
201394,Right,2,-0.0985,-0.4769,0.2044,-0.8492,0.8389,-0.7985,-1.5324,7.2344,1.7051,-2.5611,-3.2598,4.4927,8.7760,0.0105,-0.0100,-0.0192,0.9997,-0.0815,0.1116,0.2198
201394,Pelvis,2,-0.4373,0.5066,-0.4985,-0.5510,-0.3011,0.0506,0.1571,0.7465,0.2266,0.6230,10.3950,-0.9314,0.7683,-0.0038,0.0006,0.0020,1.0000,0.2599,-0.0227,0.0191
201395,Left,2,0.0632,-0.3278,-0.0654,-0.9404,-0.0016,0.0201,0.0059,-0.1336,-0.0512,0.0165,-6.2477,-0.7733,7.5500,-0.0000,0.0003,0.0001,1.0000,-0.1561,-0.0193,0.1888
201395,Right,2,-0.0989,-0.4600,0.2198,-0.8546,0.8639,-1.4644,-0.8126,6.1809,3.1776,-4.4866,-2.4169,5.4739,6.3925,0.0108,-0.0183,-0.0102,0.9997,-0.0620,0.1357,0.1602
201395,Pelvis,2,-0.4341,0.5089,-0.4976,-0.5522,-0.3031,0.0448,0.1210,0.9493,0.1926,0.0641,9.8289,-1.1657,0.7232,-0.0038,0.0006,0.0015,1.0000,0.2458,-0.0287,0.0181
201396,Left,2,0.0633,-0.3280,-0.0654,-0.9403,-0.0086,0.0193,0.0015,-0.1524,0.0143,0.0394,-6.2745,-0.7094,7.5639,-0.0001,0.0002,0.0000,1.0000,-0.1568,-0.0177,0.1891
201396,Right,2,-0.1027,-0.4393,0.2265,-0.8632,0.8068,-1.7099,-0.0007,4.9045,3.3213,-4.6333,-2.7735,5.1070,5.3050,0.0101,-0.0214,-0.0000,0.9997,-0.0722,0.1263,0.1324
201396,Pelvis,2,-0.4312,0.5105,-0.4966,-0.5539,-0.2895,0.0722,0.0553,0.9785,0.1718,-0.3801,9.3809,-1.2129,0.6986,-0.0036,0.0009,0.0007,1.0000,0.2346,-0.0301,0.0174
201397,Left,2,0.0637,-0.3282,-0.0654,-0.9402,-0.0226,0.0214,-0.0040,-0.1825,0.0236,0.0439,-6.3035,-0.7003,7.5473,-0.0003,0.0003,-0.0001,1.0000,-0.1575,-0.0174,0.1887
201397,Right,2,-0.1090,-0.4157,0.2252,-0.8744,0.7315,-1.8839,0.7051,3.3978,2.7424,-3.5003,-4.0111,3.9863,5.1909,0.0091,-0.0235,0.0088,0.9996,-0.1042,0.0976,0.1282
201397,Pelvis,2,-0.4287,0.5117,-0.4955,-0.5557,-0.2607,0.0867,0.0174,0.8601,0.1719,-0.7142,9.0480,-1.1001,0.6895,-0.0033,0.0011,0.0002,1.0000,0.2262,-0.0274,0.0171
201398,Left,2,0.0641,-0.3284,-0.0653,-0.9401,-0.0300,0.0192,-0.0120,-0.0897,-0.0438,-0.0482,-6.1826,-0.7824,7.5179,-0.0004,0.0002,-0.0001,1.0000,-0.1545,-0.0195,0.1880
201398,Right,2,-0.1166,-0.3905,0.2166,-0.8871,0.5898,-1.9646,1.3049,1.4591,2.1504,-2.8148,-5.1185,2.7325,4.6984,0.0074,-0.0246,0.0163,0.9995,-0.1319,0.0653,0.1147
201398,Pelvis,2,-0.4267,0.5125,-0.4948,-0.5572,-0.2019,0.0786,0.0165,0.8313,0.2015,-0.7398,9.0243,-1.0754,0.6743,-0.0025,0.0010,0.0002,1.0000,0.2256,-0.0268,0.0167
201399,Left,2,0.0646,-0.3284,-0.0652,-0.9401,-0.0266,0.0099,-0.0080,-0.0529,-0.0372,-0.1084,-6.1180,-0.7856,7.4920,-0.0003,0.0001,-0.0001,1.0000,-0.1529,-0.0196,0.1873
201399,Right,2,-0.1240,-0.3659,0.2026,-0.8998,0.4037,-1.8727,1.6674,-0.9351,0.3199,-1.3779,-6.8046,0.3251,5.0733,0.0050,-0.0234,0.0208,0.9995,-0.1731,0.0039,0.1228
201399,Pelvis,2,-0.4253,0.5133,-0.4942,-0.5581,-0.1441,0.0363,0.0151,1.0431,0.4472,-0.7352,9.0523,-1.2560,0.4101,-0.0018,0.0005,0.0002,1.0000,0.2263,-0.0313,0.0102
201400,Left,2,0.0649,-0.3285,-0.0652,-0.9400,-0.0241,0.0071,-0.0048,-0.0695,-0.0451,-0.0700,-6.1566,-0.8008,7.5087,-0.0003,0.0001,-0.0001,1.0000,-0.1539,-0.0200,0.1877
201400,Right,2,-0.1307,-0.3386,0.1910,-0.9120,0.4650,-2.0869,1.5007,-3.8433,-1.6820,1.5038,-9.9363,-2.1684,6.5021,0.0058,-0.0261,0.0188,0.9995,-0.2514,-0.0598,0.1557
201400,Pelvis,2,-0.4250,0.5141,-0.4934,-0.5583,-0.0771,-0.0439,-0.0010,1.2793,0.6788,-0.6986,9.1112,-1.4594,0.1462,-0.0010,-0.0005,-0.0000,1.0000,0.2278,-0.0365,0.0038
201401,Left,2,0.0653,-0.3286,-0.0651,-0.9399,-0.0263,0.0181,-0.0069,-0.0766,-0.0023,-0.0577,-6.1682,-0.7656,7.5188,-0.0003,0.0002,-0.0001,1.0000,-0.1542,-0.0191,0.1880
201401,Right,2,-0.1359,-0.3100,0.1863,-0.9224,0.5936,-2.2302,0.9416,-6.1780,-1.5122,0.9580,-10.9985,-2.7054,5.3129,0.0074,-0.0279,0.0118,0.9995,-0.2777,-0.0718,0.1246
201401,Pelvis,2,-0.4259,0.5150,-0.4926,-0.5575,-0.0016,-0.1413,-0.0221,1.1350,0.8515,-0.6808,9.1509,-1.2899,-0.0217,-0.0000,-0.0018,-0.0003,1.0000,0.2288,-0.0323,-0.0001
201402,Left,2,0.0659,-0.3289,-0.0650,-0.9398,-0.0382,0.0263,-0.0128,-0.1009,-0.0044,-0.0585,-6.1903,-0.7726,7.4991,-0.0005,0.0003,-0.0002,1.0000,-0.1547,-0.0192,0.1875
201402,Right,2,-0.1380,-0.2821,0.1844,-0.9313,0.4303,-2.2203,0.6303,-6.9750,1.3062,1.0827,-12.1510,-0.2221,4.6279,0.0054,-0.0277,0.0079,0.9996,-0.3068,-0.0086,0.1072
201402,Pelvis,2,-0.4280,0.5160,-0.4914,-0.5560,0.0578,-0.2269,-0.0461,0.7672,0.9997,-0.6048,9.2490,-0.8998,-0.1440,0.0007,-0.0028,-0.0006,1.0000,0.2312,-0.0226,-0.0030
201403,Left,2,0.0665,-0.3292,-0.0649,-0.9397,-0.0389,0.0302,-0.0139,-0.0274,-0.0285,-0.1207,-6.1009,-0.8140,7.4868,-0.0005,0.0004,-0.0002,1.0000,-0.1525,-0.0202,0.1872
201403,Right,2,-0.1382,-0.2584,0.1789,-0.9392,0.1576,-1.8732,0.7831,-7.2130,2.6813,-1.2023,-11.1808,0.7922,2.7832,0.0020,-0.0234,0.0098,0.9997,-0.2812,0.0169,0.0630
201403,Pelvis,2,-0.4309,0.5168,-0.4900,-0.5543,0.1033,-0.2676,-0.0942,0.7182,0.9550,-0.5371,9.3129,-0.8454,-0.1413,0.0013,-0.0033,-0.0012,1.0000,0.2328,-0.0214,-0.0028
201404,Left,2,0.0670,-0.3296,-0.0648,-0.9395,-0.0325,0.0392,-0.0119,-0.0082,-0.0537,-0.1139,-6.0982,-0.8527,7.4936,-0.0004,0.0005,-0.0001,1.0000,-0.1524,-0.0212,0.1874
201404,Right,2,-0.1395,-0.2420,0.1708,-0.9449,0.1133,-1.2374,0.9066,-7.6540,1.9473,-2.4643,-10.5557,-0.0201,2.2283,0.0014,-0.0155,0.0113,0.9998,-0.2647,-0.0036,0.0516
201404,Pelvis,2,-0.4348,0.5171,-0.4882,-0.5525,0.1477,-0.3072,-0.1666,0.9424,1.0101,-0.5327,9.3209,-1.0306,-0.2930,0.0018,-0.0038,-0.0021,1.0000,0.2330,-0.0262,-0.0065
201405,Left,2,0.0674,-0.3300,-0.0648,-0.9393,-0.0257,0.0422,-0.0074,-0.0608,-0.0122,-0.0588,-6.1773,-0.8161,7.5045,-0.0003,0.0005,-0.0001,1.0000,-0.1543,-0.0203,0.1877
201405,Right,2,-0.1441,-0.2330,0.1629,-0.9479,0.2870,-0.5792,0.8252,-7.6275,0.3910,-2.8156,-9.9167,-1.2442,2.7219,0.0036,-0.0072,0.0103,0.9999,-0.2481,-0.0339,0.0661
201405,Pelvis,2,-0.4401,0.5171,-0.4859,-0.5503,0.2203,-0.3782,-0.2424,0.8370,1.0890,-0.4934,9.3699,-0.8710,-0.4276,0.0028,-0.0047,-0.0030,1.0000,0.2342,-0.0225,-0.0096
201406,Left,2,0.0677,-0.3306,-0.0648,-0.9391,-0.0158,0.0548,0.0100,0.0306,-0.0216,-0.1149,-6.0807,-0.8409,7.5077,-0.0002,0.0007,0.0001,1.0000,-0.1519,-0.0210,0.1878
201406,Right,2,-0.1321,-0.2387,0.1569,-0.9492,-1.1002,0.3217,0.1811,-4.8055,2.1426,-3.1201,-7.8259,1.4298,3.0306,-0.0138,0.0040,0.0023,0.9999,-0.1954,0.0363,0.0761
201406,Pelvis,2,-0.4465,0.5164,-0.4833,-0.5481,0.2844,-0.3926,-0.3226,0.8224,1.0718,-0.6397,9.2240,-0.7949,-0.5045,0.0036,-0.0049,-0.0040,1.0000,0.2306,-0.0208,-0.0116
201407,Left,2,0.0678,-0.3319,-0.0651,-0.9386,-0.0081,0.1126,0.0330,0.2254,-0.1152,-0.1282,-5.9449,-0.9646,7.5881,-0.0001,0.0014,0.0004,1.0000,-0.1483,-0.0242,0.1899
201407,Right,2,-0.1170,-0.2524,0.1544,-0.9480,-1.3413,0.8952,-0.2560,-1.7525,-11.2847,1.3667,-4.4586,-9.2234,12.2670,-0.0168,0.0112,-0.0032,0.9998,-0.1087,-0.2250,0.3117
201407,Pelvis,2,-0.4533,0.5141,-0.4809,-0.5468,0.3349,-0.3045,-0.4266,1.0912,-0.1481,-0.4962,9.2923,-1.1404,0.6019,0.0042,-0.0038,-0.0053,1.0000,0.2321,-0.0298,0.0158
201408,Left,2,0.0679,-0.3361,-0.0660,-0.9371,-0.0191,0.3482,0.1018,1.0720,-0.3556,-0.3347,-5.2268,-1.3199,7.8770,-0.0002,0.0044,0.0013,1.0000,-0.1298,-0.0331,0.1975
201408,Right,2,-0.1155,-0.2648,0.1555,-0.9447,-0.2044,0.9777,-0.2744,-3.3096,1.1772,7.1718,-11.9082,2.2974,12.3993,-0.0026,0.0122,-0.0034,0.9999,-0.2937,0.0592,0.3134
201408,Pelvis,2,-0.4596,0.5123,-0.4791,-0.5448,0.3526,-0.3125,-0.3305,0.0744,-2.2608,0.7632,10.4348,-0.2916,2.8280,0.0044,-0.0039,-0.0041,1.0000,0.2606,-0.0087,0.0717
201409,Left,2,0.0685,-0.3492,-0.0697,-0.9320,-0.1006,1.1030,0.3689,2.3563,-0.3906,-0.0279,-4.6074,-1.5841,8.8157,-0.0013,0.0138,0.0046,0.9999,-0.1119,-0.0398,0.2220
201409,Right,2,-0.1154,-0.2698,0.1545,-0.9434,-0.0667,0.4148,0.0118,-0.4764,-1.8368,0.4800,-5.5245,-0.4767,8.8766,-0.0008,0.0052,0.0001,1.0000,-0.1370,-0.0118,0.2226
201409,Pelvis,2,-0.4618,0.5137,-0.4802,-0.5406,0.2439,-0.2778,0.1653,-1.0358,-2.1708,2.7638,12.4434,0.8778,2.8890,0.0030,-0.0035,0.0021,1.0000,0.3108,0.0224,0.0734
201410,Pelvis,2,-0.4614,0.5149,-0.4834,-0.5370,0.1987,-0.0656,0.3259,0.7633,-2.0229,1.2434,10.9607,-0.9600,2.4192,0.0025,-0.0008,0.0041,1.0000,0.2741,-0.0230,0.0606
201411,Left,2,0.0663,-0.4484,-0.0807,-0.8877,0.0843,4.2935,0.8440,3.4508,0.7921,0.4754,-5.2272,-0.5329,9.5520,0.0021,0.1071,0.0211,0.9940,-0.2077,-0.0325,0.5018
201411,Right,2,-0.1162,-0.2710,0.1534,-0.9431,0.0244,0.0626,0.0475,-0.5373,0.3533,0.5974,-6.1968,1.5476,8.2455,0.0006,0.0016,0.0012,1.0000,-0.3093,0.0768,0.4128
201411,Pelvis,2,-0.4629,0.5133,-0.4870,-0.5340,0.3879,0.0244,0.1473,1.6969,-1.2270,0.7160,10.4649,-1.8544,1.5115,0.0048,0.0003,0.0018,1.0000,0.2617,-0.0461,0.0375
201412,Left,2,0.0660,-0.5107,-0.0833,-0.8532,0.1524,5.6596,0.7567,2.0617,0.0192,6.1979,-12.4825,-0.9924,10.2096,0.0019,0.0707,0.0095,0.9975,-0.2927,-0.0282,0.2764
201412,Right,2,-0.1165,-0.2707,0.1532,-0.9432,0.0357,-0.0270,0.0227,-0.3277,-0.0411,0.1749,-5.7158,1.2111,8.1070,0.0004,-0.0003,0.0003,1.0000,-0.1430,0.0301,0.2026
201412,Pelvis,2,-0.4655,0.5093,-0.4912,-0.5316,0.5285,0.1201,0.0118,-0.0743,-0.8032,0.2083,9.9729,-0.0544,1.2679,0.0066,0.0015,0.0001,1.0000,0.2494,-0.0015,0.0313
201413,Left,2,0.0630,-0.5523,-0.0852,-0.8269,0.2675,3.8857,0.6580,2.6389,-1.7074,7.9151,-15.0542,-2.5558,9.5525,0.0033,0.0486,0.0082,0.9988,-0.3636,-0.0678,0.2565
201413,Right,2,-0.1172,-0.2703,0.1530,-0.9433,0.0583,-0.0212,0.0388,-0.1908,-0.0335,0.0355,-5.5253,1.2584,8.0568,0.0007,-0.0003,0.0005,1.0000,-0.1382,0.0312,0.2014
201413,Pelvis,2,-0.4674,0.5067,-0.4950,-0.5289,0.4334,0.0656,0.0823,-1.7954,-0.2584,0.4447,10.2369,1.7045,0.8966,0.0054,0.0008,0.0010,1.0000,0.2559,0.0428,0.0224
201414,Left,2,0.0537,-0.5704,-0.0844,-0.8152,0.7160,1.6609,0.5387,6.3966,-0.4854,1.9845,-8.7575,-1.7908,10.0229,0.0089,0.0208,0.0067,0.9997,-0.2134,-0.0485,0.2546
201415,Left,2,0.0496,-0.5730,-0.0809,-0.8141,0.4382,0.2164,-0.0160,7.0970,-0.9364,-1.1427,-5.8603,-2.2033,9.3390,0.0055,0.0027,-0.0002,1.0000,-0.1459,-0.0563,0.2336
201415,Right,2,-0.1189,-0.2698,0.1524,-0.9433,0.0729,-0.0031,0.0417,-0.1635,0.0227,0.0250,-5.5055,1.3450,8.0428,0.0018,-0.0001,0.0010,1.0000,-0.2754,0.0662,0.4022
201415,Pelvis,2,-0.4685,0.5050,-0.4990,-0.5258,0.1969,0.0218,0.0878,-1.5323,0.1440,0.4679,10.2834,1.4438,0.4758,0.0049,0.0005,0.0022,1.0000,0.5140,0.0732,0.0239
201416,Left,2,0.0466,-0.5694,-0.0817,-0.8167,0.1514,-0.3665,0.1626,5.5673,0.4144,-4.4584,-3.1359,-0.5599,7.0489,0.0019,-0.0046,0.0020,1.0000,-0.0792,-0.0145,0.1758
201416,Right,2,-0.1202,-0.2696,0.1520,-0.9433,0.1040,-0.0030,0.0604,-0.2047,0.0292,0.0679,-5.5606,1.3726,8.0538,0.0013,-0.0000,0.0008,1.0000,-0.1390,0.0339,0.2014
201416,Pelvis,2,-0.4705,0.5028,-0.4991,-0.5260,0.1751,0.0300,-0.1797,-0.6350,0.1446,0.8156,10.6252,0.5459,0.4381,0.0022,0.0004,-0.0022,1.0000,0.2657,0.0130,0.0109
201417,Left,2,0.0465,-0.5550,-0.0866,-0.8260,-0.2715,-1.3756,0.2234,5.0312,-0.9369,-3.3912,-4.2823,-1.7615,6.7817,-0.0034,-0.0172,0.0028,0.9998,-0.1098,-0.0438,0.1678
201417,Right,2,-0.1218,-0.2690,0.1516,-0.9433,0.1316,-0.0209,0.0742,-0.1932,0.0314,0.0120,-5.5167,1.4009,8.0104,0.0016,-0.0003,0.0009,1.0000,-0.1380,0.0346,0.2003
201417,Pelvis,2,-0.4728,0.4995,-0.4995,-0.5267,0.2155,0.0862,-0.2309,-0.6981,-0.0041,-0.2152,9.5845,0.6597,0.5489,0.0027,0.0011,-0.0029,1.0000,0.2397,0.0158,0.0135
201418,Left,2,0.0462,-0.5321,-0.0907,-0.8405,-0.2666,-2.1588,0.1109,3.3114,-1.2974,-4.4649,-3.7137,-1.8248,4.9127,-0.0033,-0.0270,0.0014,0.9996,-0.0961,-0.0453,0.1204
201418,Right,2,-0.1235,-0.2681,0.1512,-0.9434,0.1438,-0.0443,0.0818,-0.1486,0.0538,-0.0616,-5.4364,1.4620,7.9635,0.0018,-0.0006,0.0010,1.0000,-0.1361,0.0361,0.1991
201418,Pelvis,2,-0.4742,0.4969,-0.5001,-0.5274,0.1656,0.1016,-0.1617,-0.7761,-0.1339,-0.7112,9.0772,0.7786,0.6748,0.0021,0.0013,-0.0020,1.0000,0.2270,0.0190,0.0166
201419,Left,2,0.0491,-0.5061,-0.0954,-0.8558,-0.5210,-2.3862,-0.0077,1.9283,0.5154,-5.3868,-3.0265,0.1745,3.7934,-0.0065,-0.0298,-0.0001,0.9995,-0.0784,0.0050,0.0925
201419,Right,2,-0.1250,-0.2671,0.1508,-0.9435,0.1282,-0.0568,0.0738,-0.0768,0.0509,-0.1726,-5.3046,1.5026,7.9085,0.0016,-0.0007,0.0009,1.0000,-0.1328,0.0371,0.1977
201419,Pelvis,2,-0.4746,0.4950,-0.5006,-0.5282,0.0815,0.1153,-0.1035,-0.8651,-0.1037,-0.6198,9.1651,0.9004,0.6769,0.0010,0.0014,-0.0013,1.0000,0.2292,0.0222,0.0166
201420,Left,2,0.0569,-0.4792,-0.1030,-0.8698,-0.9908,-2.3673,0.0031,0.0406,0.2544,-3.3455,-5.5172,0.2801,3.3743,-0.0124,-0.0296,0.0000,0.9995,-0.1403,0.0080,0.0801
201420,Right,2,-0.1262,-0.2662,0.1505,-0.9437,0.1027,-0.0570,0.0597,-0.0760,0.0534,-0.1726,-5.2908,1.5342,7.9117,0.0013,-0.0007,0.0007,1.0000,-0.1324,0.0380,0.1977
201420,Pelvis,2,-0.4746,0.4939,-0.5006,-0.5293,0.0051,0.0897,-0.0930,-0.8900,0.1094,-0.6045,9.1890,0.9577,0.4896,0.0001,0.0011,-0.0012,1.0000,0.2298,0.0237,0.0120
201421,Left,2,0.0659,-0.4528,-0.1066,-0.8828,-0.9228,-2.2631,-0.3093,-1.8408,-1.8903,-2.2325,-7.5301,-1.4658,2.3634,-0.0115,-0.0283,-0.0039,0.9995,-0.1900,-0.0353,0.0541
201421,Right,2,-0.1269,-0.2653,0.1503,-0.9439,0.0734,-0.0590,0.0442,-0.0903,0.0844,-0.1466,-5.3098,1.5837,7.9212,0.0009,-0.0007,0.0006,1.0000,-0.1329,0.0393,0.1980
201421,Pelvis,2,-0.4745,0.4932,-0.5002,-0.5305,-0.0419,0.0584,-0.0891,-0.7296,0.3001,-0.5697,9.2344,0.8267,0.3119,-0.0005,0.0007,-0.0011,1.0000,0.2309,0.0204,0.0076
201422,Left,2,0.0742,-0.4267,-0.1007,-0.8957,-0.5207,-2.1926,-0.9559,-3.9691,-2.0635,0.7246,-10.9992,-1.3745,2.8661,-0.0065,-0.0274,-0.0119,0.9995,-0.2772,-0.0306,0.0643
201422,Right,2,-0.1273,-0.2647,0.1502,-0.9440,0.0409,-0.0496,0.0225,-0.0557,0.0630,-0.2185,-5.2264,1.5778,7.8899,0.0005,-0.0006,0.0003,1.0000,-0.1308,0.0393,0.1972
201422,Pelvis,2,-0.4744,0.4931,-0.4995,-0.5313,-0.0515,0.0113,-0.0633,-0.4998,0.4085,-0.5697,9.2426,0.6188,0.2020,-0.0006,0.0001,-0.0008,1.0000,0.2311,0.0153,0.0050
201423,Left,2,0.0782,-0.4021,-0.0888,-0.9079,-0.0020,-2.0708,-1.2235,-6.6548,-1.8172,0.9365,-12.6381,-0.8393,1.6607,-0.0000,-0.0259,-0.0153,0.9995,-0.3172,-0.0161,0.0333
201423,Right,2,-0.1271,-0.2644,0.1502,-0.9441,0.0006,-0.0274,0.0021,-0.0000,0.1109,-0.2476,-5.1678,1.6400,7.8808,0.0000,-0.0003,0.0000,1.0000,-0.1293,0.0410,0.1970
201423,Pelvis,2,-0.4744,0.4939,-0.4988,-0.5312,-0.0594,-0.0648,-0.0032,-0.3122,0.6816,-0.4480,9.3833,0.4534,-0.0769,-0.0007,-0.0008,-0.0000,1.0000,0.2346,0.0113,-0.0017
201424,Left,2,0.0786,-0.3815,-0.0732,-0.9181,0.3924,-1.7094,-1.3349,-8.8258,-1.9182,1.4586,-14.3761,-0.9202,1.0715,0.0049,-0.0214,-0.0167,0.9996,-0.3602,-0.0171,0.0190
201424,Right,2,-0.1264,-0.2646,0.1504,-0.9441,-0.0393,0.0105,-0.0272,0.0143,0.0898,-0.2654,-5.1410,1.6148,7.8818,-0.0005,0.0001,-0.0003,1.0000,-0.1285,0.0405,0.1970
201424,Pelvis,2,-0.4743,0.4954,-0.4981,-0.5305,-0.0557,-0.1153,0.0569,-0.1477,1.0809,-0.3282,9.5293,0.3044,-0.4964,-0.0007,-0.0014,0.0007,1.0000,0.2382,0.0078,-0.0121
201425,Left,2,0.0765,-0.3647,-0.0551,-0.9263,0.6615,-1.3837,-1.4060,-9.1067,-0.2904,0.4865,-13.7061,0.3405,1.0740,0.0083,-0.0173,-0.0176,0.9997,-0.3428,0.0143,0.0210
201425,Right,2,-0.1254,-0.2653,0.1506,-0.9440,-0.0672,0.0397,-0.0470,-0.0701,0.0822,-0.1826,-5.2592,1.5735,7.9130,-0.0008,0.0005,-0.0006,1.0000,-0.1314,0.0396,0.1979
201426,Left,2,0.0757,-0.3525,-0.0419,-0.9318,0.4315,-0.9768,-1.0438,-7.3293,2.8850,-1.1969,-11.1124,2.9813,1.9776,0.0054,-0.0122,-0.0130,0.9998,-0.2774,0.0779,0.0465
201426,Right,2,-0.1242,-0.2662,0.1509,-0.9439,-0.0787,0.0476,-0.0564,-0.1000,0.0765,-0.1253,-5.3240,1.5429,7.9458,-0.0010,0.0006,-0.0007,1.0000,-0.1330,0.0389,0.1987
201426,Pelvis,2,-0.4741,0.4994,-0.4978,-0.5273,-0.0302,-0.1551,0.1320,-0.3133,1.0547,-0.2703,9.5826,0.4302,-0.5080,-0.0008,-0.0039,0.0033,1.0000,0.4791,0.0231,-0.0236
201427,Left,2,0.0787,-0.3460,-0.0384,-0.9341,-0.1308,-0.5169,-0.3879,-5.2152,4.1588,-2.3039,-8.7788,3.8975,2.9357,-0.0016,-0.0065,-0.0048,1.0000,-0.2195,0.0986,0.0718
201427,Right,2,-0.1230,-0.2670,0.1513,-0.9438,-0.0856,0.0483,-0.0589,-0.1235,0.0505,-0.1007,-5.3625,1.4878,7.9605,-0.0011,0.0006,-0.0007,1.0000,-0.1339,0.0375,0.1991
201427,Pelvis,2,-0.4735,0.5023,-0.4975,-0.5254,-0.0749,-0.1782,0.1934,-0.5991,0.9423,-0.2490,9.5965,0.6536,-0.4362,-0.0009,-0.0022,0.0024,1.0000,0.2399,0.0169,-0.0104
201428,Left,2,0.0791,-0.3445,-0.0411,-0.9345,-0.1012,-0.1376,0.1877,-2.7692,0.2001,-1.4850,-7.5221,-0.4451,4.5032,-0.0013,-0.0017,0.0023,1.0000,-0.1882,-0.0114,0.1123
201428,Right,2,-0.1216,-0.2679,0.1516,-0.9436,-0.0952,0.0482,-0.0657,-0.0698,0.0075,-0.1671,-5.2856,1.4281,7.9414,-0.0012,0.0006,-0.0008,1.0000,-0.1320,0.0360,0.1986
201428,Pelvis,2,-0.4720,0.5064,-0.4967,-0.5235,-0.1799,-0.2182,0.2530,-0.9302,0.9462,-0.4230,9.4252,0.9324,-0.4735,-0.0022,-0.0027,0.0032,1.0000,0.2356,0.0240,-0.0112
201429,Left,2,0.0640,-0.3382,-0.0445,-0.9378,1.0341,-0.6355,0.6270,-3.7434,3.2196,9.3906,-15.1507,1.6471,12.6854,0.0129,-0.0079,0.0078,0.9999,-0.3816,0.0341,0.3146
201429,Right,2,-0.1200,-0.2689,0.1520,-0.9435,-0.1091,0.0555,-0.0741,-0.0006,0.0842,-0.1649,-5.2606,1.4917,7.9491,-0.0014,0.0007,-0.0009,1.0000,-0.1313,0.0377,0.1988
201429,Pelvis,2,-0.4695,0.5116,-0.4957,-0.5217,-0.2825,-0.2310,0.3199,-1.2615,0.1904,-0.4610,9.3647,1.1493,0.2527,-0.0035,-0.0029,0.0040,1.0000,0.2340,0.0297,0.0069
201430,Left,2,0.0615,-0.3332,-0.0442,-0.9398,0.1905,-0.4384,0.0175,1.6922,-0.0577,-0.1373,-4.8519,-1.1212,8.4667,0.0024,-0.0055,0.0002,1.0000,-0.1224,-0.0286,0.2109
201430,Right,2,-0.1185,-0.2705,0.1526,-0.9432,-0.1083,0.1000,-0.0941,0.1188,0.2651,-0.1712,-5.2197,1.6650,7.9389,-0.0014,0.0013,-0.0012,1.0000,-0.1302,0.0420,0.1986
201430,Pelvis,2,-0.4658,0.5173,-0.4937,-0.5212,-0.4366,-0.1885,0.3063,-0.1039,-1.7564,0.8477,10.5932,-0.2513,2.1121,-0.0055,-0.0024,0.0038,1.0000,0.2647,-0.0050,0.0535
201431,Left,2,0.0613,-0.3341,-0.0444,-0.9395,0.0173,0.0765,0.0366,0.1046,0.8273,0.0514,-6.1236,-0.0410,7.7778,0.0002,0.0010,0.0005,1.0000,-0.1529,-0.0011,0.1946
201431,Right,2,-0.1170,-0.2735,0.1536,-0.9423,-0.1049,0.2179,-0.1450,0.5081,0.0507,-0.4265,-4.7544,1.5291,7.9636,-0.0013,0.0027,-0.0018,1.0000,-0.1182,0.0387,0.1994
201431,Pelvis,2,-0.4652,0.5197,-0.4906,-0.5223,-0.2868,-0.1513,-0.0659,2.0060,-1.8070,3.2289,12.9324,-2.4680,2.0088,-0.0036,-0.0019,-0.0008,1.0000,0.3232,-0.0618,0.0511
201432,Left,2,0.0612,-0.3343,-0.0443,-0.9395,0.0120,0.0113,-0.0019,-0.0003,-0.2726,-0.4063,-5.9701,-1.0720,7.1946,0.0002,0.0001,-0.0000,1.0000,-0.1492,-0.0268,0.1799
201432,Right,2,-0.1164,-0.2804,0.1550,-0.9401,-0.0651,0.5480,-0.2074,0.8785,-0.2027,-0.3698,-4.5157,1.3934,8.2250,-0.0008,0.0068,-0.0026,1.0000,-0.1114,0.0353,0.2064
201432,Pelvis,2,-0.4639,0.5208,-0.4889,-0.5241,-0.2338,0.0189,-0.0493,-0.9600,-1.7938,0.6113,10.3855,0.5524,2.1531,-0.0029,0.0002,-0.0006,1.0000,0.2597,0.0138,0.0537
201433,Left,2,0.0611,-0.3340,-0.0438,-0.9396,0.0203,-0.0208,-0.0287,-0.2610,-0.0216,-0.0894,-6.3603,-0.8193,7.3134,0.0003,-0.0003,-0.0004,1.0000,-0.1591,-0.0205,0.1828
201433,Right,2,-0.1181,-0.2954,0.1571,-0.9349,0.0444,1.2493,-0.3225,1.4796,-0.3877,-0.0652,-4.3703,1.4436,8.7279,0.0006,0.0156,-0.0040,0.9999,-0.1057,0.0364,0.2199
201433,Pelvis,2,-0.4596,0.5244,-0.4855,-0.5273,-0.5849,0.0231,0.0420,-2.3907,-1.1435,-1.3251,8.4982,2.0638,1.6075,-0.0073,0.0003,0.0005,1.0000,0.2124,0.0520,0.0397
201434,Left,2,0.0608,-0.3334,-0.0435,-0.9398,0.0327,-0.0493,-0.0152,-0.2239,-0.0161,0.2011,-6.5082,-0.8433,7.5670,0.0004,-0.0006,-0.0002,1.0000,-0.1628,-0.0211,0.1891
201434,Right,2,-0.1234,-0.3271,0.1594,-0.9233,0.1744,2.6898,-0.4939,2.5817,-1.2604,0.6266,-4.2121,1.1088,9.9150,0.0022,0.0336,-0.0062,0.9994,-0.0967,0.0278,0.2513
201434,Pelvis,2,-0.4542,0.5270,-0.4811,-0.5333,-0.7252,0.1871,-0.0995,-1.6815,-0.9127,-1.3005,8.5103,1.3643,1.3534,-0.0091,0.0023,-0.0012,1.0000,0.2129,0.0341,0.0330
201435,Left,2,0.0610,-0.3330,-0.0431,-0.9400,-0.0052,-0.0317,-0.0322,-0.2184,0.0529,0.2244,-6.5076,-0.7803,7.6050,-0.0001,-0.0004,-0.0004,1.0000,-0.1628,-0.0194,0.1901
201435,Right,2,-0.1308,-0.3704,0.1623,-0.9052,0.2643,3.7460,-0.6733,1.5764,-0.4282,1.6391,-6.5793,1.5913,9.3859,0.0033,0.0468,-0.0084,0.9989,-0.1529,0.0403,0.2421
201435,Pelvis,2,-0.4497,0.5278,-0.4772,-0.5399,-0.6263,0.2695,-0.2055,0.2520,-0.7340,0.1102,9.8834,-0.5485,1.0410,-0.0078,0.0034,-0.0026,1.0000,0.2471,-0.0141,0.0253
201436,Left,2,0.0613,-0.3326,-0.0428,-0.9401,-0.0103,-0.0350,-0.0254,-0.2281,-0.0586,0.1491,-6.4650,-0.8905,7.5301,-0.0001,-0.0004,-0.0003,1.0000,-0.1617,-0.0222,0.1882
201436,Right,2,-0.1374,-0.4162,0.1677,-0.8830,0.2851,4.0041,-0.9654,1.3060,-0.0171,4.2024,-9.6561,2.0542,10.0421,0.0036,0.0500,-0.0121,0.9987,-0.2278,0.0532,0.2629
201436,Pelvis,2,-0.4467,0.5282,-0.4733,-0.5454,-0.5033,0.1918,-0.2377,1.8877,-0.4116,1.4786,11.2457,-2.1011,0.5876,-0.0063,0.0024,-0.0030,1.0000,0.2810,-0.0533,0.0143
201437,Left,2,0.0618,-0.3321,-0.0426,-0.9403,-0.0336,-0.0389,-0.0291,-0.1850,0.1265,0.2354,-6.4710,-0.7300,7.6555,-0.0004,-0.0005,-0.0004,1.0000,-0.1619,-0.0181,0.1913
201437,Right,2,-0.1414,-0.4467,0.1767,-0.8656,0.3779,2.6943,-1.0671,3.7061,0.9682,5.5896,-10.4368,3.9051,11.3065,0.0047,0.0337,-0.0133,0.9993,-0.2499,0.0996,0.2917
201437,Pelvis,2,-0.4448,0.5271,-0.4707,-0.5501,-0.3218,0.2199,-0.2532,2.4485,-0.1347,0.2951,10.0845,-2.5380,0.2095,-0.0040,0.0027,-0.0032,1.0000,0.2519,-0.0642,0.0048
201438,Left,2,0.0630,-0.3317,-0.0422,-0.9403,-0.0795,-0.0268,-0.0520,-0.1417,0.0574,0.1999,-6.4106,-0.8192,7.6491,-0.0010,-0.0003,-0.0006,1.0000,-0.1603,-0.0202,0.1912
201438,Right,2,-0.1380,-0.4570,0.1860,-0.8588,0.0427,0.8002,-0.9808,6.5020,-0.9563,3.3282,-7.3089,3.0136,12.3849,0.0005,0.0100,-0.0123,0.9999,-0.1787,0.0774,0.3115
201438,Pelvis,2,-0.4435,0.5267,-0.4700,-0.5522,-0.1416,0.1255,-0.0741,1.8252,0.2330,0.6991,10.5141,-1.8265,-0.0013,-0.0018,0.0016,-0.0009,1.0000,0.2628,-0.0459,-0.0004
201439,Left,2,0.0649,-0.3311,-0.0418,-0.9404,-0.1277,-0.0386,-0.0755,-0.2343,0.0534,0.3287,-6.5561,-0.8552,7.6937,-0.0016,-0.0005,-0.0009,1.0000,-0.1640,-0.0209,0.1923
201439,Right,2,-0.1390,-0.4584,0.1947,-0.8560,0.4013,0.1222,-0.6180,5.3245,0.0880,-3.1807,-2.8642,2.9121,7.4604,0.0050,0.0015,-0.0077,1.0000,-0.0708,0.0724,0.1870
201439,Pelvis,2,-0.4411,0.5275,-0.4706,-0.5529,-0.1381,0.1045,0.1210,0.6238,0.3473,0.8285,10.6458,-0.6310,0.1177,-0.0017,0.0013,0.0015,1.0000,0.2662,-0.0154,0.0026
201440,Left,2,0.0680,-0.3296,-0.0412,-0.9408,-0.2234,-0.1051,-0.1344,-0.3859,0.2730,0.6541,-6.8543,-0.7038,7.8931,-0.0028,-0.0013,-0.0017,1.0000,-0.1716,-0.0168,0.1971
201440,Right,2,-0.1405,-0.4525,0.1995,-0.8577,0.3612,-0.4887,-0.1784,5.2655,1.7829,-2.9305,-3.4537,4.4370,6.8304,0.0045,-0.0061,-0.0022,1.0000,-0.0871,0.1103,0.1707
201440,Pelvis,2,-0.4375,0.5286,-0.4711,-0.5543,-0.2276,0.1586,0.1646,0.5410,0.3653,0.2114,10.0280,-0.5794,0.1123,-0.0028,0.0020,0.0021,1.0000,0.2507,-0.0140,0.0024
201441,Left,2,0.0726,-0.3269,-0.0403,-0.9414,-0.3208,-0.2049,-0.1966,-0.2540,0.1311,0.2336,-6.4596,-0.8991,7.6469,-0.0040,-0.0026,-0.0025,1.0000,-0.1620,-0.0213,0.1908
201441,Right,2,-0.1414,-0.4402,0.1954,-0.8649,0.0439,-1.0345,0.5651,4.3262,1.9820,-3.0282,-3.7544,4.2176,6.0658,0.0005,-0.0129,0.0071,0.9999,-0.0966,0.1047,0.1505
201441,Pelvis,2,-0.4339,0.5296,-0.4713,-0.5559,-0.2447,0.1652,0.1265,0.8153,0.0963,-0.6037,9.1939,-0.9230,0.3166,-0.0031,0.0021,0.0016,1.0000,0.2299,-0.0227,0.0075
201442,Left,2,0.0766,-0.3237,-0.0396,-0.9422,-0.2938,-0.2412,-0.1743,0.0161,-0.1156,-0.3718,-5.8323,-1.1965,7.3278,-0.0037,-0.0030,-0.0022,1.0000,-0.1464,-0.0289,0.1829
201442,Right,2,-0.1399,-0.4211,0.1812,-0.8776,-0.4434,-1.6238,1.3431,2.7744,1.0936,-2.6018,-4.4729,2.8195,5.7400,-0.0055,-0.0203,0.0168,0.9996,-0.1159,0.0694,0.1408
201442,Pelvis,2,-0.4310,0.5304,-0.4712,-0.5576,-0.2224,0.1413,0.0772,0.9096,0.0654,-1.0813,8.7110,-1.0392,0.3294,-0.0028,0.0018,0.0010,1.0000,0.2178,-0.0257,0.0079
201443,Left,2,0.0795,-0.3212,-0.0392,-0.9429,-0.2055,-0.1964,-0.1177,0.1173,-0.2056,-0.5915,-5.5750,-1.3391,7.2259,-0.0026,-0.0025,-0.0015,1.0000,-0.1399,-0.0328,0.1804
201443,Right,2,-0.1354,-0.3978,0.1623,-0.8928,-0.7772,-1.9939,1.6575,0.0605,-0.4070,-3.3426,-4.8839,0.3264,4.2525,-0.0097,-0.0249,0.0207,0.9994,-0.1248,0.0066,0.1032
201443,Pelvis,2,-0.4288,0.5308,-0.4711,-0.5590,-0.1602,0.1137,0.0471,1.0457,0.1858,-1.0552,8.7415,-1.1671,0.2110,-0.0020,0.0014,0.0006,1.0000,0.2186,-0.0290,0.0050
201444,Left,2,0.0814,-0.3194,-0.0389,-0.9433,-0.1337,-0.1383,-0.0789,-0.0200,0.0006,-0.2757,-5.8380,-1.2045,7.4445,-0.0017,-0.0017,-0.0010,1.0000,-0.1463,-0.0297,0.1859
201444,Right,2,-0.1305,-0.3748,0.1431,-0.9067,-0.8078,-1.9323,1.6426,-2.1661,-0.4950,-3.4473,-6.0186,-0.4988,2.9990,-0.0101,-0.0241,0.0205,0.9994,-0.1519,-0.0148,0.0715
201444,Pelvis,2,-0.4277,0.5310,-0.4711,-0.5597,-0.0814,0.0635,0.0246,1.0126,0.3822,-0.8212,8.9877,-1.1119,0.0576,-0.0010,0.0008,0.0003,1.0000,0.2247,-0.0277,0.0013
201445,Left,2,0.0830,-0.3178,-0.0387,-0.9437,-0.1214,-0.1226,-0.0643,-0.0072,0.1425,-0.2947,-5.7867,-1.0996,7.4778,-0.0015,-0.0015,-0.0008,1.0000,-0.1450,-0.0271,0.1868
201445,Right,2,-0.1241,-0.3531,0.1237,-0.9190,-0.9143,-1.8101,1.5809,-3.3026,0.3107,-1.1388,-8.4173,0.3546,3.9097,-0.0114,-0.0226,0.0198,0.9995,-0.2127,0.0058,0.0929
201445,Pelvis,2,-0.4276,0.5307,-0.4713,-0.5598,0.0079,0.0227,-0.0097,1.0180,0.4638,-0.5593,9.2545,-1.1102,0.0044,0.0001,0.0003,-0.0001,1.0000,0.2314,-0.0278,0.0000
201446,Left,2,0.0840,-0.3170,-0.0387,-0.9439,-0.0728,-0.0626,-0.0222,0.1628,-0.1671,-0.5611,-5.4776,-1.4155,7.3238,-0.0009,-0.0008,-0.0003,1.0000,-0.1371,-0.0352,0.1830
201446,Right,2,-0.1150,-0.3313,0.1048,-0.9306,-1.0956,-1.8227,1.4648,-4.6570,0.7736,0.4531,-10.3255,0.8355,4.5153,-0.0137,-0.0228,0.0183,0.9995,-0.2610,0.0176,0.1067
201446,Pelvis,2,-0.4288,0.5301,-0.4715,-0.5592,0.1079,-0.0386,-0.0471,1.0221,0.5054,-0.2456,9.5709,-1.1076,-0.0146,0.0013,-0.0005,-0.0006,1.0000,0.2393,-0.0278,-0.0003
201447,Left,2,0.0836,-0.3175,-0.0390,-0.9438,0.0217,0.0345,0.0411,0.2023,-0.3603,-0.5671,-5.4441,-1.6141,7.3081,0.0003,0.0004,0.0005,1.0000,-0.1360,-0.0405,0.1828
201447,Right,2,-0.1071,-0.3117,0.0914,-0.9397,-0.8541,-1.6312,1.0402,-6.2076,0.1971,-0.8729,-10.3991,-0.1000,3.2191,-0.0107,-0.0204,0.0130,0.9997,-0.2615,-0.0051,0.0752
201447,Pelvis,2,-0.4311,0.5295,-0.4717,-0.5579,0.1798,-0.1077,-0.0679,0.8321,0.7444,0.0417,9.8771,-0.8698,-0.2067,0.0022,-0.0013,-0.0008,1.0000,0.2469,-0.0219,-0.0049
201448,Left,2,0.0821,-0.3189,-0.0396,-0.9434,0.1073,0.1053,0.0982,0.1088,-0.2551,-0.4031,-5.6308,-1.5003,7.3932,0.0013,0.0013,0.0012,1.0000,-0.1405,-0.0379,0.1850
201448,Right,2,-0.1045,-0.2970,0.0875,-0.9451,-0.2173,-1.2227,0.3989,-6.6999,-0.0210,-0.9390,-10.6086,-0.2942,3.3186,-0.0027,-0.0153,0.0050,0.9999,-0.2664,-0.0085,0.0789
201448,Pelvis,2,-0.4339,0.5288,-0.4716,-0.5564,0.1981,-0.1485,-0.0906,0.7098,0.9594,0.0448,9.8962,-0.6935,-0.4224,0.0025,-0.0019,-0.0011,1.0000,0.2474,-0.0176,-0.0101
201449,Left,2,0.0797,-0.3209,-0.0402,-0.9429,0.1698,0.1593,0.1338,0.0446,-0.1750,-0.2800,-5.7834,-1.3883,7.4519,0.0021,0.0020,0.0017,1.0000,-0.1442,-0.0353,0.1865
201449,Right,2,-0.1078,-0.2853,0.0912,-0.9480,0.4036,-0.9604,-0.0802,-6.4821,0.1131,-0.4764,-10.6155,0.0036,4.0637,0.0050,-0.0120,-0.0010,0.9999,-0.2666,-0.0001,0.0984
201449,Pelvis,2,-0.4370,0.5284,-0.4710,-0.5550,0.1759,-0.1841,-0.1256,0.4411,1.0053,-0.0757,9.7797,-0.3960,-0.4649,0.0022,-0.0023,-0.0016,1.0000,0.2445,-0.0103,-0.0111
201450,Left,2,0.0769,-0.3233,-0.0409,-0.9423,0.1954,0.1849,0.1425,-0.0696,-0.0784,-0.0647,-6.0396,-1.2520,7.5492,0.0024,0.0023,0.0018,1.0000,-0.1505,-0.0320,0.1890
201450,Right,2,-0.1150,-0.2761,0.0988,-0.9491,0.7858,-0.7355,-0.3288,-6.0190,-0.3433,-1.3598,-9.6022,-0.4532,3.9235,0.0098,-0.0092,-0.0041,0.9999,-0.2410,-0.0113,0.0958
201450,Pelvis,2,-0.4406,0.5283,-0.4693,-0.5536,0.1438,-0.2428,-0.1864,0.5298,1.0701,-0.3351,9.5232,-0.4347,-0.6088,0.0018,-0.0030,-0.0023,1.0000,0.2381,-0.0114,-0.0145
201451,Right,2,-0.1166,-0.2734,0.1050,-0.9490,0.2932,-0.2460,-0.4050,-1.7237,2.9260,-0.9300,-6.6498,3.8000,5.6369,0.0037,-0.0031,-0.0051,1.0000,-0.1662,0.0953,0.1408
201451,Pelvis,2,-0.4450,0.5281,-0.4669,-0.5524,0.1441,-0.2962,-0.2571,0.8114,1.1775,-0.5016,9.3612,-0.6442,-0.8329,0.0018,-0.0037,-0.0032,1.0000,0.2341,-0.0168,-0.0200
201452,Left,2,0.0710,-0.3281,-0.0421,-0.9410,0.2124,0.1834,0.1461,-0.1473,-0.0612,0.0070,-6.2027,-1.1433,7.5281,0.0053,0.0046,0.0037,1.0000,-0.3082,-0.0603,0.3775
201452,Right,2,-0.0994,-0.2769,0.1080,-0.9496,-1.2637,0.0758,-0.6315,-2.9736,-4.7634,7.6435,-11.2992,-2.7618,14.1769,-0.0158,0.0009,-0.0079,0.9998,-0.2826,-0.0612,0.3557
201452,Pelvis,2,-0.4498,0.5268,-0.4643,-0.5519,0.1658,-0.2410,-0.3511,1.0132,0.1796,-0.3069,9.5146,-0.9420,0.0649,0.0021,-0.0030,-0.0044,1.0000,0.2378,-0.0246,0.0023
201453,Left,2,0.0677,-0.3307,-0.0429,-0.9403,0.2341,0.1925,0.1702,0.0442,-0.2755,-0.0078,-6.1099,-1.2822,7.5656,0.0029,0.0024,0.0021,1.0000,-0.1522,-0.0329,0.1894
201453,Right,2,-0.0993,-0.2769,0.1074,-0.9497,-0.0155,0.0030,0.0447,0.9349,0.4758,0.0779,-4.7151,1.9760,8.5316,-0.0002,0.0000,0.0006,1.0000,-0.1179,0.0494,0.2133
201453,Pelvis,2,-0.4535,0.5255,-0.4625,-0.5516,0.1442,-0.1570,-0.2796,-0.3235,-1.3423,1.2978,11.0482,0.2202,1.7998,0.0018,-0.0020,-0.0035,1.0000,0.2761,0.0045,0.0455
201454,Left,2,0.0646,-0.3340,-0.0442,-0.9393,0.2148,0.2646,0.2047,0.3704,-0.0558,-0.1970,-5.7781,-1.0185,7.6275,0.0027,0.0033,0.0026,1.0000,-0.1438,-0.0263,0.1911
201454,Right,2,-0.0989,-0.2797,0.1070,-0.9490,-0.0402,0.2288,-0.0032,-0.3262,-1.0036,0.2435,-5.6474,0.2486,8.3836,-0.0005,0.0029,-0.0000,1.0000,-0.1406,0.0063,0.2100
201454,Pelvis,2,-0.4543,0.5263,-0.4623,-0.5504,0.0448,-0.1178,0.0253,-1.0853,-0.9897,2.9260,12.6772,1.0888,1.5921,0.0006,-0.0015,0.0003,1.0000,0.3169,0.0273,0.0403
201456,Left,2,0.0621,-0.3506,-0.0495,-0.9331,0.0369,0.6899,0.2927,1.1968,-0.1254,-0.0594,-5.4065,-1.1237,8.1298,0.0009,0.0172,0.0073,0.9998,-0.2628,-0.0585,0.4110
201456,Right,2,-0.0992,-0.2797,0.1059,-0.9491,0.0096,0.0058,0.0460,-0.3872,0.1578,0.1104,-5.8193,1.3294,7.9379,0.0002,0.0001,0.0012,1.0000,-0.2910,0.0660,0.3970
201456,Pelvis,2,-0.4583,0.5252,-0.4645,-0.5462,0.2302,-0.1024,0.0170,1.3871,-1.2650,-0.6089,9.1875,-1.4442,1.3182,0.0058,-0.0026,0.0004,1.0000,0.4592,-0.0724,0.0667
201457,Left,2,0.0615,-0.3743,-0.0539,-0.9237,-0.0312,2.0106,0.5100,2.4956,0.4618,0.8261,-5.3817,-0.7177,9.4960,-0.0004,0.0251,0.0064,0.9997,-0.1284,-0.0187,0.2407
201457,Right,2,-0.0993,-0.2787,0.1055,-0.9494,0.0180,-0.0874,0.0432,-0.0609,0.0666,-0.0218,-5.4558,1.3171,8.0230,0.0002,-0.0011,0.0005,1.0000,-0.1366,0.0328,0.2004
201457,Pelvis,2,-0.4609,0.5220,-0.4694,-0.5428,0.5636,0.0788,0.1042,0.9654,-1.1925,-1.4697,8.3215,-1.0287,1.2861,0.0070,0.0010,0.0013,1.0000,0.2081,-0.0257,0.0318
201458,Left,2,0.0612,-0.4131,-0.0577,-0.9068,-0.0085,3.3524,0.5607,1.7335,0.9284,0.8046,-6.4957,-0.0715,8.6292,-0.0001,0.0419,0.0070,0.9991,-0.1532,-0.0029,0.2223
201458,Right,2,-0.0995,-0.2781,0.1053,-0.9496,0.0194,-0.0472,0.0249,-0.0610,0.0825,-0.0187,-5.4455,1.3386,8.0304,0.0002,-0.0006,0.0003,1.0000,-0.1363,0.0334,0.2007
201458,Pelvis,2,-0.4620,0.5187,-0.4755,-0.5399,0.5321,0.2048,0.1961,-0.2243,-1.0211,0.0325,9.8051,0.1703,1.3608,0.0067,0.0026,0.0025,1.0000,0.2452,0.0046,0.0334
201459,Left,2,0.0604,-0.4604,-0.0605,-0.8836,0.0749,4.1861,0.5737,1.5375,-0.0105,1.5974,-8.0757,-0.9084,8.1631,0.0009,0.0523,0.0072,0.9986,-0.1907,-0.0243,0.2142
201460,Left,2,0.0579,-0.5008,-0.0637,-0.8613,0.1477,3.6571,0.6271,1.9458,-1.0990,4.9488,-11.5243,-2.0471,9.2765,0.0018,0.0457,0.0078,0.9989,-0.2767,-0.0538,0.2446
201460,Right,2,-0.0999,-0.2776,0.1050,-0.9497,0.0250,-0.0141,0.0195,-0.1538,-0.0150,0.0373,-5.5302,1.2376,8.0580,0.0006,-0.0004,0.0005,1.0000,-0.2767,0.0615,0.4028
201460,Pelvis,2,-0.4644,0.5123,-0.4844,-0.5359,0.4318,0.1711,0.0973,-1.9382,-0.4617,1.3775,11.1485,1.9148,1.1118,0.0108,0.0043,0.0024,0.9999,0.5574,0.0965,0.0542
201461,Left,2,0.0500,-0.5216,-0.0657,-0.8492,0.5162,1.8634,0.6260,5.9052,-1.3403,4.8509,-10.2335,-2.6830,11.8245,0.0065,0.0233,0.0078,0.9997,-0.2483,-0.0710,0.3010
201461,Right,2,-0.1002,-0.2777,0.1048,-0.9496,0.0352,0.0079,0.0232,-0.1110,0.0258,-0.0005,-5.4775,1.2904,8.0389,0.0004,0.0001,0.0003,1.0000,-0.1369,0.0321,0.2010
201462,Left,2,0.0454,-0.5241,-0.0658,-0.8479,0.3233,0.2112,0.2184,7.4412,-0.5128,1.3761,-6.7219,-1.8425,11.4998,0.0040,0.0026,0.0027,1.0000,-0.1672,-0.0477,0.2877
201462,Right,2,-0.1006,-0.2778,0.1047,-0.9496,0.0372,0.0090,0.0166,-0.1127,0.0251,0.0127,-5.4874,1.2985,8.0470,0.0005,0.0001,0.0002,1.0000,-0.1372,0.0323,0.2012
201462,Pelvis,2,-0.4675,0.5072,-0.4889,-0.5341,0.2914,0.0886,-0.0350,-0.7676,0.1872,0.3026,10.1080,0.8062,0.3491,0.0073,0.0022,-0.0009,1.0000,0.5055,0.0397,0.0166
201463,Left,2,0.0449,-0.5207,-0.0680,-0.8499,-0.0703,-0.3204,0.1606,5.9758,-0.4977,-4.6801,-1.9558,-1.4856,7.5013,-0.0009,-0.0040,0.0020,1.0000,-0.0496,-0.0371,0.1874
201463,Right,2,-0.1009,-0.2779,0.1047,-0.9495,0.0358,0.0152,0.0105,-0.1062,-0.0106,-0.0674,-5.4351,1.2620,7.9905,0.0004,0.0002,0.0001,1.0000,-0.1358,0.0314,0.1998
201463,Pelvis,2,-0.4687,0.5039,-0.4910,-0.5342,0.2571,0.1761,-0.0941,-0.9843,0.2361,0.6489,10.4512,1.0496,0.3735,0.0032,0.0022,-0.0012,1.0000,0.2613,0.0259,0.0088
201464,Left,2,0.0463,-0.5093,-0.0728,-0.8562,-0.3318,-1.0382,0.1955,5.4730,-0.5618,-3.0752,-3.4892,-1.5032,7.8252,-0.0041,-0.0130,0.0024,0.9999,-0.0897,-0.0370,0.1946
201464,Right,2,-0.1013,-0.2781,0.1046,-0.9494,0.0357,0.0184,0.0117,-0.0933,-0.0142,-0.1315,-5.3920,1.2595,7.9420,0.0004,0.0002,0.0001,1.0000,-0.1348,0.0314,0.1986
201464,Pelvis,2,-0.4692,0.5008,-0.4926,-0.5352,0.1694,0.2127,-0.1138,-1.4127,0.1039,-0.0395,9.7472,1.4893,0.5456,0.0021,0.0027,-0.0014,1.0000,0.2438,0.0369,0.0131
201465,Left,2,0.0480,-0.4896,-0.0776,-0.8672,-0.3868,-1.7949,0.1339,4.1697,-1.1329,-2.9772,-3.9848,-1.8935,6.7779,-0.0048,-0.0224,0.0017,0.9997,-0.1033,-0.0467,0.1674
201465,Right,2,-0.1015,-0.2782,0.1046,-0.9494,0.0266,0.0095,0.0066,-0.0966,0.0337,-0.1142,-5.4138,1.3117,7.9399,0.0003,0.0001,0.0001,1.0000,-0.1353,0.0327,0.1985
201465,Pelvis,2,-0.4687,0.4982,-0.4935,-0.5372,0.0479,0.2374,-0.1213,-1.3481,0.1516,-0.8207,8.9637,1.4492,0.4972,0.0006,0.0030,-0.0015,1.0000,0.2242,0.0359,0.0118
201467,Right,2,-0.1016,-0.2780,0.1046,-0.9494,0.0168,-0.0047,0.0026,-0.1024,0.0195,-0.1049,-5.4216,1.3021,7.9475,0.0004,-0.0001,0.0001,1.0000,-0.2711,0.0649,0.3974
201467,Pelvis,2,-0.4665,0.4957,-0.4937,-0.5413,-0.0732,0.1804,-0.0814,-0.8346,0.5400,-0.7695,9.0417,0.9974,0.1458,-0.0018,0.0045,-0.0020,1.0000,0.4522,0.0490,0.0052
201468,Left,2,0.0590,-0.4127,-0.0642,-0.9067,-0.1871,-2.2500,-0.6265,-0.9845,-1.5893,-2.7484,-6.4232,-1.6106,3.1116,-0.0070,-0.0843,-0.0235,0.9961,-0.5018,-0.1077,0.1923
201468,Right,2,-0.1016,-0.2780,0.1047,-0.9495,0.0111,-0.0129,0.0016,-0.0955,0.0327,-0.1091,-5.4136,1.3159,7.9455,0.0001,-0.0002,0.0000,1.0000,-0.1354,0.0329,0.1986
201468,Pelvis,2,-0.4654,0.4964,-0.4931,-0.5422,-0.1296,0.0216,-0.0007,-0.6167,0.9612,-0.8539,8.9898,0.8283,-0.2480,-0.0016,0.0003,-0.0000,1.0000,0.2247,0.0207,-0.0063
201469,Left,2,0.0636,-0.3887,-0.0538,-0.9176,-0.0546,-2.0108,-1.0567,-6.2811,0.2444,0.8785,-12.1009,0.5348,2.6716,-0.0007,-0.0251,-0.0132,0.9996,-0.3039,0.0174,0.0592
201469,Right,2,-0.1016,-0.2778,0.1047,-0.9495,0.0078,-0.0132,0.0022,-0.0861,0.0271,-0.1022,-5.4063,1.3134,7.9592,0.0001,-0.0002,0.0000,1.0000,-0.1352,0.0328,0.1990
201469,Pelvis,2,-0.4644,0.4981,-0.4921,-0.5423,-0.1531,-0.0665,0.0522,-0.5474,1.3119,-0.8652,9.0056,0.7822,-0.6045,-0.0019,-0.0008,0.0007,1.0000,0.2251,0.0197,-0.0150
201470,Left,2,0.0650,-0.3668,-0.0438,-0.9270,0.1655,-1.8284,-0.9226,-8.4620,0.2320,0.2762,-13.0924,0.5779,1.3177,0.0021,-0.0229,-0.0115,0.9997,-0.3278,0.0182,0.0255
201470,Right,2,-0.1014,-0.2777,0.1047,-0.9495,0.0029,-0.0085,-0.0028,-0.0422,0.0364,-0.1214,-5.3590,1.3296,7.9648,0.0000,-0.0001,-0.0000,1.0000,-0.1340,0.0332,0.1991
201470,Pelvis,2,-0.4633,0.5004,-0.4910,-0.5421,-0.1770,-0.1140,0.0868,-0.5703,1.4490,-0.5859,9.2934,0.8064,-0.7353,-0.0022,-0.0014,0.0011,1.0000,0.2323,0.0204,-0.0181
201471,Left,2,0.0647,-0.3497,-0.0330,-0.9340,0.3185,-1.4172,-0.8949,-8.8997,0.5893,-0.9811,-12.5077,0.8101,0.6866,0.0040,-0.0177,-0.0112,0.9998,-0.3127,0.0237,0.0117
201471,Right,2,-0.1012,-0.2778,0.1048,-0.9495,-0.0065,0.0018,-0.0092,-0.0166,0.0444,-0.2020,-5.2944,1.3293,7.9101,-0.0001,0.0000,-0.0001,1.0000,-0.1324,0.0333,0.1978
201471,Pelvis,2,-0.4619,0.5034,-0.4898,-0.5416,-0.2033,-0.1378,0.1275,-0.6496,1.2983,-0.3646,9.5028,0.8516,-0.5883,-0.0025,-0.0017,0.0016,1.0000,0.2376,0.0216,-0.0144
201472,Left,2,0.0653,-0.3397,-0.0248,-0.9379,0.1870,-0.8108,-0.6818,-7.1841,1.8503,-2.2966,-10.3261,1.7787,1.3192,0.0023,-0.0101,-0.0085,0.9999,-0.2581,0.0466,0.0305
201472,Pelvis,2,-0.4601,0.5070,-0.4887,-0.5408,-0.2321,-0.1585,0.1941,-0.5962,1.1491,-0.3484,9.5113,0.7484,-0.4742,-0.0029,-0.0020,0.0024,1.0000,0.2378,0.0193,-0.0114
201473,Left,2,0.0555,-0.3436,-0.0230,-0.9372,0.7888,0.3099,0.1536,-6.6515,3.0912,0.2838,-11.5780,2.6601,3.8230,0.0099,0.0039,0.0019,0.9999,-0.2892,0.0650,0.0973
201473,Right,2,-0.1005,-0.2783,0.1051,-0.9494,-0.0133,0.0165,-0.0199,-0.0069,0.0367,-0.1703,-5.3071,1.3196,7.9417,-0.0003,0.0004,-0.0005,1.0000,-0.2652,0.0662,0.3972
201473,Pelvis,2,-0.4574,0.5113,-0.4880,-0.5397,-0.2749,-0.1542,0.2713,-0.8464,0.8119,-0.5588,9.2821,0.9103,-0.1587,-0.0034,-0.0019,0.0034,1.0000,0.2320,0.0235,-0.0036
201474,Left,2,0.0537,-0.3355,-0.0214,-0.9403,0.1826,-0.6940,-0.0985,-1.1992,6.1491,5.9768,-10.9985,4.8213,12.0146,0.0023,-0.0087,-0.0012,1.0000,-0.2774,0.1202,0.2982
201474,Right,2,-0.1000,-0.2795,0.1054,-0.9491,-0.0221,0.0893,-0.0501,0.3630,0.2591,-0.3285,-4.9617,1.5906,7.9372,-0.0003,0.0011,-0.0006,1.0000,-0.1238,0.0399,0.1986
201474,Pelvis,2,-0.4535,0.5162,-0.4865,-0.5396,-0.4163,-0.1172,0.2794,-0.9103,-1.4753,0.0482,9.7614,0.6528,2.1291,-0.0052,-0.0015,0.0035,1.0000,0.2439,0.0174,0.0535
201475,Left,2,0.0526,-0.3383,-0.0211,-0.9393,0.0880,0.2347,0.0235,0.3140,-2.2308,0.5641,-6.3621,-3.1270,7.9056,0.0011,0.0029,0.0003,1.0000,-0.1584,-0.0784,0.1980
201475,Right,2,-0.0990,-0.2839,0.1067,-0.9477,-0.0621,0.3504,-0.1623,0.9183,0.3085,-0.4820,-4.4768,1.7370,8.0586,-0.0008,0.0044,-0.0020,1.0000,-0.1109,0.0438,0.2019
201475,Pelvis,2,-0.4523,0.5188,-0.4826,-0.5416,-0.3820,-0.1334,-0.1026,1.4870,-1.9063,2.5821,12.2630,-1.8522,2.3801,-0.0048,-0.0017,-0.0013,1.0000,0.3064,-0.0464,0.0602
201476,Left,2,0.0517,-0.3389,-0.0207,-0.9392,0.0830,0.0527,0.0028,-0.5766,-0.6773,0.1974,-6.8362,-1.4685,7.2182,0.0010,0.0007,0.0000,1.0000,-0.1708,-0.0369,0.1805
201476,Pelvis,2,-0.4529,0.5186,-0.4784,-0.5450,-0.2626,-0.0261,-0.3506,-0.5201,-1.6612,0.5744,10.2856,0.2327,2.2527,-0.0033,-0.0003,-0.0044,1.0000,0.2571,0.0049,0.0564
201477,Left,2,0.0510,-0.3384,-0.0204,-0.9394,0.0653,-0.0468,-0.0032,-0.3830,0.0459,0.4068,-6.8184,-0.7691,7.5831,0.0008,-0.0006,-0.0000,1.0000,-0.1706,-0.0194,0.1895
201477,Right,2,-0.1024,-0.3242,0.1123,-0.9337,0.0854,1.6799,-0.3912,2.2459,-0.4747,-0.0625,-3.9531,1.3493,9.1077,0.0021,0.0420,-0.0098,0.9991,-0.1776,0.0683,0.4633
201477,Pelvis,2,-0.4514,0.5207,-0.4738,-0.5483,-0.4590,-0.0677,-0.1935,-2.0255,-0.9273,-1.1954,8.5460,1.8746,1.6349,-0.0057,-0.0008,-0.0024,1.0000,0.2137,0.0466,0.0408
201478,Left,2,0.0505,-0.3379,-0.0202,-0.9396,0.0405,-0.0455,0.0025,-0.1701,0.0557,0.1812,-6.5017,-0.7478,7.5550,0.0005,-0.0006,0.0000,1.0000,-0.1627,-0.0188,0.1888
201478,Pelvis,2,-0.4470,0.5227,-0.4700,-0.5531,-0.5951,0.1384,-0.0945,-1.5863,-0.4979,0.0002,9.7580,1.5167,1.2401,-0.0074,0.0017,-0.0012,1.0000,0.2440,0.0379,0.0303
201479,Left,2,0.0506,-0.3376,-0.0199,-0.9397,0.0027,-0.0226,-0.0203,-0.1411,0.0935,0.1322,-6.4414,-0.7069,7.5457,0.0000,-0.0003,-0.0003,1.0000,-0.1611,-0.0176,0.1886
201479,Right,2,-0.1142,-0.4288,0.1175,-0.8884,0.2357,4.5372,-0.6751,1.9223,-0.8733,1.9090,-6.9409,1.0414,9.6549,0.0059,0.1132,-0.0168,0.9934,-0.2886,0.0543,0.5181
201479,Pelvis,2,-0.4426,0.5248,-0.4662,-0.5580,-0.6126,0.1405,-0.0971,0.6646,-0.6959,1.1613,10.9281,-0.7277,1.1847,-0.0077,0.0018,-0.0012,1.0000,0.2732,-0.0183,0.0293
201480,Left,2,0.0508,-0.3374,-0.0196,-0.9398,-0.0081,-0.0157,-0.0200,-0.1564,0.0102,0.0991,-6.4283,-0.7910,7.5045,-0.0001,-0.0002,-0.0002,1.0000,-0.1607,-0.0197,0.1876
201480,Right,2,-0.1199,-0.4765,0.1205,-0.8626,0.3061,4.3079,-0.6903,1.6030,0.1057,7.4037,-13.2543,2.2820,10.8811,0.0038,0.0538,-0.0086,0.9985,-0.3156,0.0587,0.2895
201480,Pelvis,2,-0.4403,0.5257,-0.4623,-0.5622,-0.4445,0.0747,-0.2038,2.5128,-0.3689,0.7583,10.5753,-2.4654,0.5308,-0.0056,0.0009,-0.0025,1.0000,0.2642,-0.0622,0.0134
201481,Left,2,0.0511,-0.3374,-0.0195,-0.9398,-0.0133,0.0013,-0.0124,-0.1052,0.0307,0.0581,-6.3610,-0.7768,7.5086,-0.0002,0.0000,-0.0002,1.0000,-0.1590,-0.0194,0.1877
201481,Pelvis,2,-0.4400,0.5257,-0.4598,-0.5645,-0.1969,0.0222,-0.1872,2.7893,0.1113,-0.0084,9.8544,-2.6088,-0.0432,-0.0025,0.0003,-0.0023,1.0000,0.2462,-0.0658,-0.0010
201482,Left,2,0.0514,-0.3376,-0.0193,-0.9397,-0.0173,0.0161,-0.0109,-0.1132,-0.0435,0.0128,-6.3398,-0.8523,7.4589,-0.0002,0.0002,-0.0001,1.0000,-0.1585,-0.0212,0.1865
201482,Right,2,-0.1179,-0.5115,0.1428,-0.8391,0.3141,1.5425,-1.0900,4.9942,-3.3373,2.0608,-7.6254,-0.5564,10.8946,0.0078,0.0385,-0.0272,0.9989,-0.3606,-0.0222,0.5587
201483,Left,2,0.0516,-0.3378,-0.0193,-0.9396,-0.0154,0.0183,-0.0019,-0.0982,-0.0369,0.0180,-6.3345,-0.8525,7.4700,-0.0002,0.0002,-0.0000,1.0000,-0.1583,-0.0213,0.1868
201483,Right,2,-0.1188,-0.5081,0.1663,-0.8367,1.0917,-0.3364,-1.5354,6.0531,0.0207,-3.4927,-3.0172,2.5763,7.8002,0.0136,-0.0042,-0.0192,0.9997,-0.0750,0.0632,0.1956
201483,Pelvis,2,-0.4383,0.5276,-0.4612,-0.5628,-0.0146,-0.0294,0.1304,1.4094,0.3683,0.7777,10.6217,-1.2072,0.0018,-0.0004,-0.0007,0.0033,1.0000,0.5313,-0.0586,0.0005
201484,Left,2,0.0519,-0.3379,-0.0193,-0.9395,-0.0185,0.0139,-0.0025,-0.1491,0.0880,0.0565,-6.4010,-0.7327,7.4781,-0.0002,0.0002,-0.0000,1.0000,-0.1600,-0.0183,0.1870
201484,Right,2,-0.1181,-0.4955,0.1824,-0.8410,0.7456,-1.1746,-0.9229,6.4373,3.6247,-3.2927,-3.5846,6.1066,6.8519,0.0093,-0.0147,-0.0115,0.9998,-0.0904,0.1521,0.1714
201484,Pelvis,2,-0.4361,0.5293,-0.4622,-0.5621,-0.0956,0.0097,0.2186,0.6328,0.2635,0.1881,10.0079,-0.5331,0.2113,-0.0012,0.0001,0.0027,1.0000,0.2502,-0.0126,0.0053
201485,Left,2,0.0523,-0.3381,-0.0192,-0.9395,-0.0284,0.0133,-0.0113,-0.1955,0.1190,0.1056,-6.4703,-0.7096,7.4871,-0.0004,0.0002,-0.0001,1.0000,-0.1617,-0.0176,0.1872
201485,Right,2,-0.1174,-0.4756,0.1832,-0.8524,0.1762,-1.7990,0.2703,5.3986,4.1082,-3.6448,-3.6471,6.1441,5.7466,0.0022,-0.0225,0.0034,0.9997,-0.0949,0.1530,0.1419
201485,Pelvis,2,-0.4340,0.5307,-0.4623,-0.5624,-0.1517,0.0225,0.1232,0.8555,-0.0312,-0.4305,9.3730,-0.8527,0.4230,-0.0019,0.0003,0.0015,1.0000,0.2344,-0.0209,0.0105
201486,Left,2,0.0527,-0.3381,-0.0191,-0.9394,-0.0197,0.0036,-0.0088,-0.1048,0.0230,-0.0218,-6.3206,-0.8080,7.4344,-0.0002,0.0000,-0.0001,1.0000,-0.1580,-0.0201,0.1859
201486,Right,2,-0.1179,-0.4498,0.1737,-0.8681,-0.0861,-2.2521,1.1436,3.1779,1.1737,-3.4637,-3.9401,2.6265,5.4204,-0.0011,-0.0281,0.0143,0.9995,-0.1032,0.0644,0.1326
201486,Pelvis,2,-0.4323,0.5315,-0.4621,-0.5631,-0.1393,0.0499,0.0627,0.8537,-0.1036,-0.6947,9.1024,-0.8887,0.4844,-0.0017,0.0006,0.0008,1.0000,0.2276,-0.0220,0.0120
201487,Left,2,0.0528,-0.3380,-0.0191,-0.9395,-0.0064,-0.0096,0.0029,-0.0078,-0.0354,-0.1330,-6.1743,-0.8676,7.4043,-0.0001,-0.0001,0.0000,1.0000,-0.1544,-0.0217,0.1851
201487,Right,2,-0.1193,-0.4204,0.1652,-0.8842,0.0593,-2.5103,1.1378,0.8206,-1.3860,-3.9621,-3.9664,-0.5842,4.5566,0.0007,-0.0314,0.0142,0.9994,-0.1024,-0.0161,0.1107
201487,Pelvis,2,-0.4307,0.5320,-0.4622,-0.5637,-0.1118,0.0610,0.0586,0.8952,-0.0927,-0.7722,9.0238,-0.9432,0.4712,-0.0014,0.0008,0.0007,1.0000,0.2256,-0.0234,0.0116
201488,Left,2,0.0526,-0.3379,-0.0192,-0.9395,0.0121,-0.0111,0.0186,-0.0515,0.0049,-0.0831,-6.2379,-0.8277,7.4209,0.0002,-0.0001,0.0002,1.0000,-0.1560,-0.0208,0.1855
201488,Right,2,-0.1220,-0.3920,0.1640,-0.8970,0.4153,-2.3827,0.6119,-1.5009,-1.6368,-3.6489,-5.3107,-1.5864,3.4953,0.0052,-0.0298,0.0076,0.9995,-0.1350,-0.0411,0.0832
201488,Pelvis,2,-0.4295,0.5325,-0.4625,-0.5640,-0.0692,0.0461,0.0677,0.8482,0.1309,-0.6571,9.1503,-0.8691,0.2802,-0.0009,0.0006,0.0008,1.0000,0.2288,-0.0215,0.0069
201489,Left,2,0.0522,-0.3377,-0.0194,-0.9396,0.0252,-0.0135,0.0273,-0.0739,0.0090,-0.0397,-6.2809,-0.8199,7.4427,0.0003,-0.0002,0.0003,1.0000,-0.1570,-0.0206,0.1860
201489,Right,2,-0.1262,-0.3658,0.1666,-0.9069,0.6381,-2.1463,0.3363,-1.8370,-0.3163,-1.0911,-7.4656,-0.1487,4.8789,0.0080,-0.0268,0.0042,0.9996,-0.1898,-0.0055,0.1169
201489,Pelvis,2,-0.4290,0.5329,-0.4625,-0.5639,-0.0340,-0.0089,0.0342,0.7376,0.5363,-0.6888,9.1429,-0.6912,-0.0914,-0.0004,-0.0001,0.0004,1.0000,0.2286,-0.0172,-0.0023
201490,Left,2,0.0519,-0.3375,-0.0195,-0.9397,0.0247,-0.0161,0.0246,-0.0898,0.0032,-0.0232,-6.3014,-0.8184,7.4475,0.0003,-0.0002,0.0003,1.0000,-0.1576,-0.0206,0.1861
201490,Right,2,-0.1302,-0.3367,0.1689,-0.9171,0.6494,-2.3727,0.3736,-3.3015,0.3346,2.3479,-10.6915,0.4091,6.6683,0.0081,-0.0297,0.0047,0.9995,-0.2721,0.0077,0.1588
201490,Pelvis,2,-0.4298,0.5335,-0.4619,-0.5633,0.0127,-0.1062,-0.0284,0.8547,1.0148,-0.9740,8.8886,-0.7075,-0.6132,0.0002,-0.0013,-0.0004,1.0000,0.2222,-0.0178,-0.0150
201491,Left,2,0.0515,-0.3374,-0.0196,-0.9398,0.0282,-0.0181,0.0238,-0.0498,-0.0312,-0.1035,-6.2166,-0.8413,7.4106,0.0004,-0.0002,0.0003,1.0000,-0.1555,-0.0211,0.1852
201491,Right,2,-0.1332,-0.3059,0.1720,-0.9269,0.6274,-2.5103,0.3061,-5.7928,0.8414,0.2681,-10.8819,-0.2043,4.1805,0.0078,-0.0314,0.0038,0.9995,-0.2751,-0.0069,0.0959
201491,Pelvis,2,-0.4320,0.5341,-0.4608,-0.5619,0.0747,-0.2102,-0.0756,1.0107,1.1975,-0.9363,8.9360,-0.8138,-0.8549,0.0009,-0.0026,-0.0009,1.0000,0.2234,-0.0205,-0.0208
201492,Left,2,0.0510,-0.3372,-0.0197,-0.9399,0.0336,-0.0177,0.0258,-0.0205,-0.0237,-0.1592,-6.1556,-0.8230,7.3906,0.0004,-0.0002,0.0003,1.0000,-0.1539,-0.0207,0.1847
201492,Right,2,-0.1362,-0.2785,0.1759,-0.9343,0.6284,-2.2061,0.1849,-7.6318,1.9130,-0.0764,-12.0891,0.1074,3.2530,0.0079,-0.0276,0.0023,0.9996,-0.3043,0.0014,0.0730
201492,Pelvis,2,-0.4352,0.5345,-0.4595,-0.5601,0.1392,-0.2635,-0.1142,1.3306,1.0837,-0.6573,9.2071,-1.1338,-0.8432,0.0017,-0.0033,-0.0014,1.0000,0.2302,-0.0286,-0.0204
201493,Left,2,0.0503,-0.3372,-0.0199,-0.9399,0.0454,-0.0030,0.0390,0.0594,-0.0925,-0.2103,-6.0604,-0.8819,7.3968,0.0006,-0.0000,0.0005,1.0000,-0.1515,-0.0222,0.1849
201493,Right,2,-0.1393,-0.2573,0.1783,-0.9395,0.5386,-1.6782,0.1931,-7.7351,2.2162,-2.1871,-10.9127,0.1009,1.9533,0.0067,-0.0210,0.0024,0.9998,-0.2738,0.0016,0.0431
201493,Pelvis,2,-0.4395,0.5344,-0.4583,-0.5580,0.2155,-0.2832,-0.1739,1.6095,0.9742,-0.3962,9.4630,-1.4013,-0.8360,0.0027,-0.0035,-0.0022,1.0000,0.2366,-0.0355,-0.0202
201494,Left,2,0.0496,-0.3373,-0.0202,-0.9399,0.0510,0.0105,0.0476,0.0341,-0.0503,-0.1247,-6.1356,-0.8307,7.4515,0.0006,0.0001,0.0006,1.0000,-0.1534,-0.0210,0.1863
201494,Right,2,-0.1286,-0.2591,0.1821,-0.9398,-0.7470,-0.0623,-0.5234,-10.3770,4.5790,-5.3629,-11.9273,0.5916,-2.4165,-0.0093,-0.0008,-0.0065,0.9999,-0.2980,0.0162,-0.0608
201494,Pelvis,2,-0.4446,0.5334,-0.4568,-0.5560,0.2711,-0.2825,-0.2503,1.3755,1.0131,-0.0206,9.8381,-1.1192,-0.8730,0.0034,-0.0035,-0.0031,1.0000,0.2459,-0.0287,-0.0211
201495,Left,2,0.0488,-0.3379,-0.0205,-0.9397,0.0483,0.0433,0.0545,0.0553,-0.1761,-0.0195,-6.1927,-0.9497,7.5291,0.0006,0.0005,0.0007,1.0000,-0.1547,-0.0240,0.1883
201495,Right,2,-0.1193,-0.2670,0.1826,-0.9387,-0.7811,0.4759,-0.3218,-9.3541,-9.4873,11.8725,-16.5041,-9.4069,16.9385,-0.0098,0.0059,-0.0040,0.9999,-0.4110,-0.2294,0.4282
201495,Pelvis,2,-0.4485,0.5316,-0.4552,-0.5560,0.1707,-0.1232,-0.3066,0.3549,-0.5118,0.6641,10.4601,-0.3295,0.7934,0.0021,-0.0015,-0.0038,1.0000,0.2614,-0.0093,0.0202
201497,Left,2,0.0477,-0.3441,-0.0230,-0.9374,0.0102,0.2621,0.1280,0.5910,-0.3474,-0.2490,-5.6929,-1.1130,7.6346,0.0003,0.0066,0.0032,1.0000,-0.2820,-0.0567,0.3836
201497,Right,2,-0.1242,-0.2769,0.1803,-0.9356,0.1146,0.4545,0.0692,1.2196,1.5321,-0.4299,-4.6593,3.0991,7.7822,0.0029,0.0114,0.0017,0.9999,-0.2288,0.1534,0.3922
201497,Pelvis,2,-0.4483,0.5316,-0.4556,-0.5558,0.0089,0.0053,0.0118,-1.1796,-1.3329,2.9815,12.7231,1.0990,1.9425,0.0002,0.0001,0.0003,1.0000,0.6362,0.0551,0.0971
201498,Left,2,0.0478,-0.3552,-0.0263,-0.9332,-0.0863,0.9307,0.3020,1.6437,-0.4311,-0.0058,-5.2047,-1.2661,8.3890,-0.0011,0.0116,0.0038,0.9999,-0.1275,-0.0319,0.2113
201498,Right,2,-0.1251,-0.2781,0.1794,-0.9353,0.0419,0.1123,0.0754,-0.5195,0.1145,0.4572,-6.2305,1.2637,8.0831,0.0005,0.0014,0.0009,1.0000,-0.1555,0.0313,0.2023
201498,Pelvis,2,-0.4504,0.5293,-0.4572,-0.5549,0.2780,0.0421,-0.0769,2.0321,-2.1602,-0.8591,8.9243,-2.2537,2.0593,0.0035,0.0005,-0.0010,1.0000,0.2231,-0.0567,0.0512
201499,Left,2,0.0454,-0.3818,-0.0328,-0.9225,0.0091,2.2633,0.6826,2.8349,-0.6042,0.5109,-5.0437,-1.5213,9.3412,0.0001,0.0283,0.0085,0.9996,-0.1191,-0.0391,0.2370
201499,Right,2,-0.1251,-0.2777,0.1791,-0.9355,0.0140,-0.0318,0.0317,-0.3097,0.4456,0.3122,-6.0793,1.6398,7.9473,0.0002,-0.0004,0.0004,1.0000,-0.1521,0.0409,0.1986
201499,Pelvis,2,-0.4544,0.5250,-0.4617,-0.5520,0.6288,0.0770,-0.0244,2.0800,-1.5471,-1.4097,8.3937,-2.1732,1.4675,0.0079,0.0010,-0.0003,1.0000,0.2099,-0.0547,0.0361
201500,Left,2,0.0402,-0.4249,-0.0424,-0.9034,0.1347,3.7212,1.0838,2.2153,0.9045,0.8705,-6.3917,0.1583,8.8920,0.0017,0.0465,0.0135,0.9988,-0.1493,0.0015,0.2294
201500,Right,2,-0.1252,-0.2772,0.1791,-0.9356,0.0259,-0.0392,0.0108,-0.2163,-0.1506,0.1625,-5.7558,1.1226,8.0736,0.0003,-0.0005,0.0001,1.0000,-0.1440,0.0280,0.2018
201501,Left,2,0.0362,-0.4692,-0.0521,-0.8808,0.0407,3.9307,1.0652,1.1291,-0.5694,3.8289,-10.2987,-1.0524,8.9823,0.0005,0.0491,0.0133,0.9987,-0.2456,-0.0298,0.2368
201501,Right,2,-0.1257,-0.2769,0.1790,-0.9357,0.0481,-0.0133,0.0263,-0.1396,0.0215,0.0571,-5.6764,1.3024,7.9695,0.0006,-0.0002,0.0003,1.0000,-0.1420,0.0324,0.1992
201501,Pelvis,2,-0.4584,0.5165,-0.4754,-0.5450,0.6572,0.2144,0.1883,-1.0616,-1.0153,0.3865,10.1312,1.0332,1.5723,0.0164,0.0054,0.0047,0.9998,0.5067,0.0528,0.0768
201502,Left,2,0.0303,-0.5007,-0.0610,-0.8629,0.1650,2.8386,1.0191,2.6797,-2.3642,4.8213,-11.1935,-2.7394,9.7074,0.0021,0.0355,0.0127,0.9993,-0.2701,-0.0725,0.2522
201502,Right,2,-0.1262,-0.2767,0.1789,-0.9357,0.0463,-0.0093,0.0248,-0.1236,0.0701,0.0776,-5.6855,1.3659,7.9779,0.0006,-0.0001,0.0003,1.0000,-0.1422,0.0340,0.1995
201502,Pelvis,2,-0.4581,0.5140,-0.4800,-0.5437,0.3198,0.2259,0.1577,-3.0432,-0.3124,1.2730,11.0189,3.0543,1.2272,0.0040,0.0028,0.0020,1.0000,0.2754,0.0768,0.0302
201503,Left,2,0.0237,-0.5141,-0.0679,-0.8547,0.2244,1.2070,0.8186,7.6654,-0.6460,4.6408,-9.0481,-1.4225,13.5726,0.0028,0.0151,0.0102,0.9998,-0.2207,-0.0388,0.3426
201503,Right,2,-0.1267,-0.2766,0.1787,-0.9357,0.0484,-0.0045,0.0258,-0.0874,-0.0090,0.0077,-5.5948,1.3097,7.9643,0.0006,-0.0001,0.0003,1.0000,-0.1399,0.0326,0.1991
201503,Pelvis,2,-0.4581,0.5123,-0.4816,-0.5438,0.1259,0.1377,-0.0044,-1.5947,-0.2003,0.1941,9.9640,1.6081,0.9223,0.0016,0.0017,-0.0001,1.0000,0.2491,0.0402,0.0227
201504,Left,2,0.0251,-0.5177,-0.0745,-0.8520,-0.3534,0.3606,0.4296,6.9751,-1.7172,-2.8238,-3.1516,-2.4984,9.1800,-0.0044,0.0045,0.0054,1.0000,-0.0774,-0.0619,0.2301
201504,Right,2,-0.1271,-0.2764,0.1786,-0.9357,0.0462,-0.0038,0.0208,-0.1186,0.0467,0.0140,-5.6361,1.3582,7.9353,0.0006,-0.0000,0.0003,1.0000,-0.1409,0.0338,0.1984
201504,Pelvis,2,-0.4591,0.5099,-0.4823,-0.5445,0.1347,0.1119,-0.1275,-0.4925,-0.0028,0.5144,10.3037,0.5562,0.6458,0.0017,0.0014,-0.0016,1.0000,0.2576,0.0135,0.0158
201505,Left,2,0.0275,-0.5137,-0.0816,-0.8536,-0.4744,-0.3318,0.3703,5.8931,-1.6947,-2.3530,-4.0849,-2.3500,8.4284,-0.0059,-0.0041,0.0046,1.0000,-0.1027,-0.0580,0.2106
201505,Right,2,-0.1276,-0.2761,0.1785,-0.9357,0.0497,-0.0135,0.0231,-0.1687,0.0368,0.0233,-5.6757,1.3402,7.9226,0.0006,-0.0002,0.0003,1.0000,-0.1419,0.0333,0.1981
201505,Pelvis,2,-0.4606,0.5064,-0.4837,-0.5453,0.2300,0.1737,-0.1637,-0.3780,-0.0203,0.2556,10.0418,0.4770,0.6702,0.0029,0.0022,-0.0020,1.0000,0.2511,0.0114,0.0162
201506,Left,2,0.0321,-0.5027,-0.0881,-0.8594,-0.6334,-0.9607,0.2020,4.6733,-1.7439,-3.6572,-3.3990,-2.3195,6.7705,-0.0079,-0.0120,0.0025,0.9999,-0.0869,-0.0569,0.1687
201506,Right,2,-0.1282,-0.2757,0.1784,-0.9358,0.0572,-0.0212,0.0331,-0.1296,-0.0213,-0.0123,-5.6055,1.3104,7.9326,0.0007,-0.0003,0.0004,1.0000,-0.1402,0.0326,0.1983
201506,Pelvis,2,-0.4619,0.5027,-0.4859,-0.5457,0.2728,0.2087,-0.1132,-0.8542,-0.0987,-0.2012,9.5661,0.9738,0.8134,0.0034,0.0026,-0.0014,1.0000,0.2392,0.0239,0.0198
201507,Left,2,0.0383,-0.4864,-0.0929,-0.8680,-0.7136,-1.4297,-0.0066,3.6706,-1.7325,-3.3345,-3.9716,-2.2149,6.1456,-0.0089,-0.0179,-0.0001,0.9998,-0.1020,-0.0540,0.1523
201507,Pelvis,2,-0.4623,0.4991,-0.4884,-0.5465,0.2257,0.2552,-0.0783,-1.0510,0.0007,-0.6804,9.0832,1.1984,0.7502,0.0028,0.0032,-0.0010,1.0000,0.2272,0.0297,0.0181
201508,Left,2,0.0455,-0.4659,-0.0949,-0.8786,-0.6948,-1.7808,-0.2725,2.4533,-1.6767,-3.0375,-4.5990,-2.0310,5.4283,-0.0087,-0.0223,-0.0034,0.9997,-0.1181,-0.0492,0.1335
201508,Right,2,-0.1293,-0.2746,0.1780,-0.9360,0.0545,-0.0324,0.0364,-0.0573,0.0311,-0.1066,-5.4995,1.3946,7.8755,0.0014,-0.0008,0.0009,1.0000,-0.2754,0.0689,0.3936
201508,Pelvis,2,-0.4622,0.4961,-0.4904,-0.5475,0.1568,0.2482,-0.0583,-0.9549,0.0620,-0.8683,8.8961,1.1232,0.7184,0.0020,0.0031,-0.0007,1.0000,0.2225,0.0279,0.0173
201509,Right,2,-0.1297,-0.2742,0.1779,-0.9362,0.0428,-0.0375,0.0260,-0.0249,0.0484,-0.1378,-5.4495,1.4352,7.8644,0.0005,-0.0005,0.0003,1.0000,-0.1363,0.0357,0.1966
201509,Pelvis,2,-0.4615,0.4935,-0.4924,-0.5487,0.1068,0.2519,-0.0358,-0.7331,0.3261,-0.6859,9.0995,0.9419,0.5048,0.0013,0.0031,-0.0004,1.0000,0.2275,0.0234,0.0119
201510,Left,2,0.0617,-0.4192,-0.0844,-0.9019,-0.5049,-1.9863,-0.8391,0.0632,-1.5569,-1.6952,-6.6196,-1.6660,4.6685,-0.0126,-0.0496,-0.0210,0.9985,-0.3437,-0.0734,0.2175
201510,Right,2,-0.1299,-0.2737,0.1778,-0.9363,0.0356,-0.0336,0.0229,-0.0317,0.0237,-0.1454,-5.4364,1.4174,7.8673,0.0004,-0.0004,0.0003,1.0000,-0.1360,0.0353,0.1966
201511,Left,2,0.0701,-0.3957,-0.0728,-0.9128,-0.3149,-1.9292,-1.2922,-3.2615,-0.3874,-0.4808,-9.1716,-0.2582,3.7034,-0.0039,-0.0241,-0.0162,0.9996,-0.2315,-0.0024,0.0870
201511,Right,2,-0.1301,-0.2734,0.1777,-0.9364,0.0229,-0.0201,0.0140,-0.0001,-0.0000,-0.1458,-5.3993,1.4143,7.8927,0.0003,-0.0003,0.0002,1.0000,-0.1350,0.0353,0.1973
201511,Pelvis,2,-0.4592,0.4920,-0.4948,-0.5498,0.0043,0.1407,0.0441,-0.8241,0.7095,-0.6839,9.1299,1.0604,0.1929,0.0001,0.0035,0.0011,1.0000,0.4565,0.0535,0.0080
201512,Left,2,0.0787,-0.3744,-0.0582,-0.9221,-0.2335,-1.7095,-1.4948,-6.0985,0.4091,0.2994,-11.4579,0.6137,2.8270,-0.0029,-0.0214,-0.0187,0.9996,-0.2875,0.0209,0.0645
201513,Left,2,0.0845,-0.3551,-0.0414,-0.9301,0.0350,-1.5282,-1.5665,-8.9903,1.0181,1.4660,-14.2342,1.0700,2.3163,0.0004,-0.0191,-0.0196,0.9996,-0.3563,0.0337,0.0511
201513,Right,2,-0.1297,-0.2733,0.1777,-0.9364,-0.0005,-0.0064,0.0005,-0.0469,0.0104,-0.1312,-5.4436,1.4075,7.8817,-0.0000,-0.0002,0.0000,1.0000,-0.2722,0.0704,0.3940
201513,Pelvis,2,-0.4557,0.4973,-0.4931,-0.5494,-0.2076,-0.0879,0.1341,-0.7063,1.3134,-0.8325,9.0437,0.9540,-0.4111,-0.0052,-0.0022,0.0034,1.0000,0.4521,0.0491,-0.0198
201514,Pelvis,2,-0.4534,0.5016,-0.4918,-0.5486,-0.2933,-0.1783,0.2203,-0.7056,1.3836,-0.8319,9.0544,0.9076,-0.5107,-0.0037,-0.0022,0.0028,1.0000,0.2263,0.0233,-0.0123
201515,Left,2,0.0819,-0.3292,-0.0202,-0.9405,0.3956,-1.0356,-0.8481,-9.4605,2.6366,-2.3821,-12.0221,2.6804,0.0437,0.0099,-0.0259,-0.0212,0.9994,-0.5979,0.1468,-0.0119
201515,Right,2,-0.1292,-0.2736,0.1777,-0.9364,-0.0112,0.0105,-0.0076,-0.0557,0.0136,-0.1263,-5.4554,1.3989,7.8810,-0.0003,0.0003,-0.0002,1.0000,-0.2727,0.0701,0.3941
201515,Pelvis,2,-0.4506,0.5068,-0.4906,-0.5472,-0.3256,-0.2276,0.2935,-0.5063,1.3097,-0.5936,9.2907,0.6467,-0.4777,-0.0041,-0.0028,0.0037,1.0000,0.2322,0.0170,-0.0113
201516,Left,2,0.0613,-0.3368,-0.0261,-0.9392,1.4015,0.5294,1.0474,-6.6591,6.6406,0.3000,-11.5679,5.9691,4.6142,0.0175,0.0066,0.0131,0.9997,-0.2903,0.1434,0.1198
201516,Right,2,-0.1289,-0.2740,0.1777,-0.9363,-0.0110,0.0244,-0.0086,-0.0395,0.0191,-0.1236,-5.4506,1.4006,7.8873,-0.0001,0.0003,-0.0001,1.0000,-0.1362,0.0351,0.1972
201516,Pelvis,2,-0.4476,0.5125,-0.4894,-0.5454,-0.3342,-0.2543,0.3499,-0.4625,0.8590,-0.2466,9.6037,0.4765,-0.0599,-0.0042,-0.0032,0.0044,1.0000,0.2400,0.0130,-0.0008
201517,Left,2,0.0584,-0.3372,-0.0255,-0.9393,0.2355,0.0234,0.0353,0.0751,5.9618,5.4799,-9.6230,4.4513,12.5298,0.0029,0.0003,0.0004,1.0000,-0.2405,0.1103,0.3136
201517,Right,2,-0.1286,-0.2747,0.1779,-0.9361,-0.0195,0.0466,-0.0271,0.1657,0.1268,-0.2210,-5.2707,1.5586,7.8635,-0.0002,0.0006,-0.0003,1.0000,-0.1316,0.0391,0.1967
201518,Left,2,0.0572,-0.3407,-0.0252,-0.9381,0.1038,0.2971,0.0412,-0.9512,-2.8941,1.1554,-7.7684,-3.7894,7.4075,0.0013,0.0037,0.0005,1.0000,-0.1935,-0.0951,0.1858
201518,Right,2,-0.1280,-0.2767,0.1785,-0.9355,-0.0408,0.1483,-0.0858,0.5023,0.1352,-0.4751,-4.8875,1.6502,7.8007,-0.0005,0.0019,-0.0011,1.0000,-0.1218,0.0415,0.1952
201518,Pelvis,2,-0.4430,0.5224,-0.4857,-0.5431,-0.3316,-0.2430,0.2335,0.5170,-0.9615,1.6293,11.3410,-0.8625,1.6590,-0.0083,-0.0061,0.0058,0.9999,0.5668,-0.0391,0.0867
201519,Left,2,0.0558,-0.3425,-0.0250,-0.9375,0.1110,0.1459,0.0337,-0.1906,0.4039,0.0031,-6.4604,-0.4537,7.3897,0.0014,0.0018,0.0004,1.0000,-0.1612,-0.0117,0.1850
201519,Right,2,-0.1277,-0.2823,0.1797,-0.9336,-0.0438,0.4494,-0.1773,1.0682,-0.1155,-0.5376,-4.4084,1.6182,8.0704,-0.0005,0.0056,-0.0022,1.0000,-0.1090,0.0408,0.2024
201519,Pelvis,2,-0.4423,0.5245,-0.4831,-0.5439,-0.2436,-0.1236,-0.0477,-1.1369,-1.2447,1.0221,10.7529,0.6719,2.0393,-0.0030,-0.0015,-0.0006,1.0000,0.2688,0.0168,0.0513
201520,Left,2,0.0539,-0.3424,-0.0248,-0.9377,0.1473,-0.0116,0.0401,-0.4777,-0.1440,0.2667,-6.8675,-0.9675,7.3311,0.0018,-0.0001,0.0005,1.0000,-0.1717,-0.0246,0.1832
201520,Right,2,-0.1294,-0.2962,0.1817,-0.9287,0.0362,1.1503,-0.3204,1.5491,-0.0834,-0.2930,-4.3615,1.8465,8.4027,0.0005,0.0144,-0.0040,0.9999,-0.1058,0.0465,0.2116
201520,Pelvis,2,-0.4396,0.5282,-0.4790,-0.5462,-0.5171,-0.1064,-0.0257,-2.7526,-1.2708,-0.9942,8.7712,2.3068,2.1684,-0.0065,-0.0013,-0.0003,1.0000,0.2192,0.0580,0.0541
201521,Left,2,0.0525,-0.3416,-0.0246,-0.9380,0.1122,-0.0735,0.0282,-0.2445,0.0707,0.4467,-6.7959,-0.7600,7.6524,0.0014,-0.0009,0.0004,1.0000,-0.1701,-0.0193,0.1911
201521,Right,2,-0.1354,-0.3281,0.1844,-0.9165,0.1871,2.7218,-0.5640,3.4232,-1.5133,0.3135,-3.4144,1.4005,10.1477,0.0023,0.0340,-0.0070,0.9994,-0.0764,0.0350,0.2565
201521,Pelvis,2,-0.4356,0.5310,-0.4732,-0.5517,-0.7163,0.0523,-0.1956,-1.9306,-1.0146,-1.1645,8.5997,1.5324,1.8016,-0.0090,0.0007,-0.0024,1.0000,0.2151,0.0382,0.0446
201522,Left,2,0.0521,-0.3411,-0.0243,-0.9383,0.0449,-0.0483,-0.0070,-0.2031,0.0690,0.3296,-6.6773,-0.7399,7.6012,0.0006,-0.0006,-0.0001,1.0000,-0.1670,-0.0186,0.1899
201522,Right,2,-0.1438,-0.3745,0.1877,-0.8965,0.2414,4.0196,-0.8209,1.6386,-0.7041,1.7167,-6.6631,1.5005,9.4646,0.0030,0.0502,-0.0103,0.9987,-0.1540,0.0384,0.2447
201522,Pelvis,2,-0.4330,0.5315,-0.4678,-0.5579,-0.5843,0.1478,-0.3513,0.2749,-0.9220,0.1747,9.9111,-0.6153,1.4375,-0.0073,0.0018,-0.0044,1.0000,0.2478,-0.0162,0.0356
201523,Left,2,0.0519,-0.3406,-0.0240,-0.9385,0.0180,-0.0389,-0.0132,-0.2284,0.0431,0.2481,-6.6361,-0.7539,7.5278,0.0002,-0.0005,-0.0002,1.0000,-0.1660,-0.0189,0.1881
201523,Right,2,-0.1516,-0.4250,0.1933,-0.8712,0.2682,4.4363,-1.1219,1.4559,-0.5888,4.4324,-9.8706,1.6959,10.2620,0.0034,0.0554,-0.0140,0.9984,-0.2314,0.0448,0.2698
201523,Pelvis,2,-0.4315,0.5319,-0.4630,-0.5626,-0.4489,0.0705,-0.3116,2.2659,-0.6270,1.6783,11.4337,-2.4646,0.8757,-0.0056,0.0009,-0.0039,1.0000,0.2856,-0.0626,0.0220
201524,Left,2,0.0522,-0.3405,-0.0238,-0.9385,-0.0093,-0.0095,-0.0214,-0.1016,0.1643,0.1947,-6.4985,-0.6425,7.5857,-0.0001,-0.0001,-0.0003,1.0000,-0.1625,-0.0160,0.1896
201524,Right,2,-0.1555,-0.4580,0.2023,-0.8515,0.3233,2.9255,-1.1952,5.0953,0.4417,7.0883,-11.2723,4.3378,12.8872,0.0040,0.0366,-0.0149,0.9992,-0.2681,0.1112,0.3326
201524,Pelvis,2,-0.4300,0.5317,-0.4603,-0.5661,-0.2916,0.1081,-0.1922,2.4158,-0.2861,0.6339,10.4272,-2.4741,0.4508,-0.0036,0.0014,-0.0024,1.0000,0.2605,-0.0624,0.0111
201525,Left,2,0.0528,-0.3407,-0.0234,-0.9384,-0.0388,0.0239,-0.0394,-0.0678,0.0122,0.0714,-6.3955,-0.7969,7.4941,-0.0005,0.0003,-0.0005,1.0000,-0.1598,-0.0198,0.1874
201525,Right,2,-0.1491,-0.4678,0.2107,-0.8453,-0.1994,0.6893,-1.0273,7.6941,-2.0530,4.3544,-7.8504,2.9547,13.9204,-0.0025,0.0086,-0.0128,0.9999,-0.1923,0.0772,0.3495
201525,Pelvis,2,-0.4287,0.5326,-0.4595,-0.5669,-0.1587,0.0103,0.0108,1.4830,0.2261,0.7501,10.5707,-1.4350,0.1553,-0.0020,0.0001,0.0001,1.0000,0.2643,-0.0358,0.0039
201526,Left,2,0.0535,-0.3409,-0.0231,-0.9383,-0.0432,0.0173,-0.0317,-0.1047,-0.0352,0.0450,-6.4102,-0.8532,7.4409,-0.0005,0.0002,-0.0004,1.0000,-0.1602,-0.0212,0.1861
201526,Right,2,-0.1468,-0.4684,0.2185,-0.8434,0.1579,-0.0111,-0.6584,5.8222,-0.9424,-5.0909,-1.0872,2.3340,7.1029,0.0020,-0.0001,-0.0082,1.0000,-0.0267,0.0582,0.1777
201526,Pelvis,2,-0.4263,0.5343,-0.4596,-0.5670,-0.1720,0.0119,0.1571,0.8535,0.3763,0.7803,10.6020,-0.8119,0.1426,-0.0021,0.0001,0.0020,1.0000,0.2651,-0.0198,0.0036
201527,Left,2,0.0541,-0.3408,-0.0230,-0.9383,-0.0401,-0.0076,-0.0178,-0.0750,0.0956,-0.0284,-6.3397,-0.7323,7.4175,-0.0005,-0.0001,-0.0002,1.0000,-0.1585,-0.0182,0.1854
201527,Right,2,-0.1452,-0.4625,0.2238,-0.8456,0.1838,-0.5657,-0.3047,6.4642,1.0619,-2.7736,-3.2094,4.4935,7.8721,0.0023,-0.0071,-0.0038,1.0000,-0.0812,0.1122,0.1965
201527,Pelvis,2,-0.4231,0.5360,-0.4598,-0.5677,-0.2209,0.0785,0.1792,0.8680,0.1972,-0.0657,9.7422,-0.9026,0.2668,-0.0028,0.0010,0.0022,1.0000,0.2436,-0.0220,0.0065
201528,Left,2,0.0548,-0.3404,-0.0230,-0.9384,-0.0468,-0.0261,-0.0191,0.0209,0.0296,-0.1831,-6.1637,-0.8042,7.3547,-0.0006,-0.0003,-0.0002,1.0000,-0.1542,-0.0200,0.1838
201528,Right,2,-0.1423,-0.4492,0.2219,-0.8536,-0.1112,-1.2160,0.3168,5.2625,1.6974,-4.0489,-2.7018,4.3796,6.1090,-0.0014,-0.0152,0.0040,0.9999,-0.0703,0.1094,0.1515
201528,Pelvis,2,-0.4203,0.5374,-0.4599,-0.5683,-0.1948,0.0636,0.1460,0.9912,0.0619,-0.8822,8.9140,-1.0827,0.3290,-0.0024,0.0008,0.0018,1.0000,0.2229,-0.0266,0.0081
201529,Left,2,0.0551,-0.3401,-0.0230,-0.9385,-0.0278,-0.0213,-0.0026,0.0005,-0.0713,-0.2389,-6.1394,-0.9075,7.2901,-0.0003,-0.0003,-0.0000,1.0000,-0.1535,-0.0226,0.1822
201529,Right,2,-0.1404,-0.4300,0.2142,-0.8657,-0.1942,-1.6832,0.8938,3.6943,0.9958,-3.5336,-3.4691,3.0299,5.7325,-0.0024,-0.0210,0.0112,0.9997,-0.0906,0.0751,0.1413
201529,Pelvis,2,-0.4185,0.5384,-0.4600,-0.5687,-0.1281,0.0314,0.0994,0.9334,0.0720,-1.1243,8.6695,-1.0493,0.3226,-0.0016,0.0004,0.0012,1.0000,0.2168,-0.0259,0.0080
201530,Left,2,0.0551,-0.3400,-0.0231,-0.9385,-0.0001,-0.0109,0.0146,0.0092,0.0246,-0.1796,-6.1672,-0.8209,7.3545,-0.0000,-0.0001,0.0002,1.0000,-0.1542,-0.0206,0.1838
201531,Left,2,0.0548,-0.3402,-0.0232,-0.9385,0.0197,0.0161,0.0251,0.0475,-0.0009,-0.2459,-6.0962,-0.8398,7.3251,0.0002,0.0002,0.0003,1.0000,-0.1524,-0.0211,0.1832
201531,Right,2,-0.1389,-0.3822,0.1980,-0.8918,-0.0595,-2.0210,1.0249,0.7264,-0.1111,-3.6530,-4.3052,0.7324,4.4101,-0.0015,-0.0505,0.0256,0.9984,-0.2269,0.0312,0.2092
201531,Pelvis,2,-0.4176,0.5394,-0.4591,-0.5691,-0.0651,-0.0163,0.0018,0.6707,0.4100,-0.6788,9.1375,-0.7382,0.0830,-0.0016,-0.0004,0.0000,1.0000,0.4569,-0.0369,0.0044
201532,Left,2,0.0546,-0.3406,-0.0234,-0.9383,0.0159,0.0310,0.0237,-0.0727,0.0501,-0.0406,-6.3244,-0.7914,7.4080,0.0002,0.0004,0.0003,1.0000,-0.1580,-0.0199,0.1853
201532,Right,2,-0.1413,-0.3598,0.1923,-0.9020,0.2521,-1.7959,0.8856,-1.7229,-0.4380,-0.6820,-7.5870,-0.1958,5.3803,0.0032,-0.0224,0.0111,0.9997,-0.1926,-0.0074,0.1302
201532,Pelvis,2,-0.4182,0.5397,-0.4582,-0.5691,-0.0244,-0.0657,-0.0622,0.5275,0.7379,-0.4946,9.3454,-0.5225,-0.2003,-0.0003,-0.0008,-0.0008,1.0000,0.2336,-0.0132,-0.0048
201533,Left,2,0.0545,-0.3410,-0.0234,-0.9382,0.0058,0.0331,0.0130,-0.0800,0.0120,-0.0347,-6.3402,-0.8253,7.3984,0.0001,0.0004,0.0002,1.0000,-0.1584,-0.0207,0.1850
201533,Right,2,-0.1444,-0.3340,0.1912,-0.9116,0.4879,-2.0648,0.6084,-3.9475,-1.0234,1.3486,-10.0887,-1.2626,6.1534,0.0061,-0.0258,0.0076,0.9996,-0.2558,-0.0344,0.1471
201533,Pelvis,2,-0.4194,0.5400,-0.4569,-0.5689,-0.0042,-0.1195,-0.0962,0.7738,0.7857,-0.5485,9.2950,-0.7326,-0.3281,-0.0001,-0.0015,-0.0012,1.0000,0.2324,-0.0186,-0.0079
201534,Left,2,0.0543,-0.3413,-0.0235,-0.9381,0.0110,0.0250,0.0180,-0.0899,0.0265,-0.0385,-6.3507,-0.8069,7.3865,0.0001,0.0003,0.0002,1.0000,-0.1587,-0.0202,0.1847
201534,Right,2,-0.1472,-0.3076,0.1966,-0.9193,0.6753,-2.1473,0.1081,-5.7642,0.3673,1.1045,-11.2724,-0.7043,5.0021,0.0084,-0.0268,0.0014,0.9996,-0.2850,-0.0190,0.1173
201534,Pelvis,2,-0.4213,0.5405,-0.4555,-0.5682,0.0289,-0.1688,-0.1044,0.9222,0.8267,-0.5008,9.3458,-0.8461,-0.4315,0.0004,-0.0021,-0.0013,1.0000,0.2336,-0.0215,-0.0103
201535,Left,2,0.0539,-0.3416,-0.0236,-0.9380,0.0297,0.0206,0.0259,-0.0078,-0.0688,-0.1606,-6.2145,-0.8917,7.3317,0.0004,0.0003,0.0003,1.0000,-0.1553,-0.0224,0.1833
201535,Right,2,-0.1491,-0.2816,0.2023,-0.9260,0.6188,-2.1029,0.0362,-6.1054,2.8971,0.2306,-11.4288,1.3259,3.7673,0.0077,-0.0263,0.0005,0.9996,-0.2881,0.0323,0.0869
201535,Pelvis,2,-0.4236,0.5408,-0.4543,-0.5671,0.0783,-0.1915,-0.1116,1.0827,0.7868,-0.2580,9.5862,-0.9909,-0.4555,0.0010,-0.0024,-0.0014,1.0000,0.2396,-0.0251,-0.0108
201536,Left,2,0.0531,-0.3419,-0.0238,-0.9379,0.0568,0.0274,0.0464,0.0302,-0.1085,-0.1752,-6.1813,-0.9205,7.3375,0.0007,0.0003,0.0006,1.0000,-0.1545,-0.0232,0.1835
201536,Right,2,-0.1520,-0.2611,0.2037,-0.9313,0.5235,-1.6045,0.2877,-6.5772,2.9407,-2.3967,-10.1270,0.8042,1.9277,0.0065,-0.0201,0.0036,0.9998,-0.2541,0.0189,0.0432
201536,Pelvis,2,-0.4266,0.5408,-0.4533,-0.5658,0.1358,-0.2042,-0.1341,1.2173,0.7055,-0.1133,9.7273,-1.1147,-0.4432,0.0017,-0.0026,-0.0017,1.0000,0.2432,-0.0283,-0.0105
201537,Right,2,-0.1572,-0.2494,0.2038,-0.9336,0.5631,-0.8294,0.2872,-7.4514,1.9069,-2.3398,-10.4642,-0.3844,2.3157,0.0070,-0.0104,0.0036,0.9999,-0.2621,-0.0109,0.0551
201537,Pelvis,2,-0.4303,0.5405,-0.4519,-0.5643,0.1697,-0.2316,-0.1793,1.2100,0.8290,-0.0660,9.7820,-1.0451,-0.6075,0.0021,-0.0029,-0.0022,1.0000,0.2445,-0.0266,-0.0145
201538,Left,2,0.0512,-0.3428,-0.0243,-0.9377,0.0672,0.0356,0.0528,0.0034,-0.0837,-0.0496,-6.2930,-0.8758,7.4132,0.0017,0.0009,0.0013,1.0000,-0.3143,-0.0448,0.3709
201538,Right,2,-0.1525,-0.2510,0.2051,-0.9336,-0.3351,0.0227,-0.2124,-6.7590,5.0745,-2.5773,-10.7300,2.6554,1.2653,-0.0042,0.0003,-0.0027,1.0000,-0.2681,0.0672,0.0314
201538,Pelvis,2,-0.4346,0.5401,-0.4503,-0.5627,0.1929,-0.2624,-0.2210,0.9770,0.9656,0.0061,9.8587,-0.7431,-0.7416,0.0024,-0.0033,-0.0028,1.0000,0.2465,-0.0192,-0.0178
201539,Left,2,0.0507,-0.3437,-0.0245,-0.9374,0.0308,0.0733,0.0423,0.0708,-0.1281,-0.0352,-6.2659,-0.9018,7.4529,0.0004,0.0009,0.0005,1.0000,-0.1565,-0.0227,0.1865
201539,Right,2,-0.1285,-0.2674,0.2095,-0.9317,-1.9489,0.8185,-1.0411,-7.6952,-7.1002,8.0507,-13.4524,-6.9824,14.1114,-0.0244,0.0102,-0.0130,0.9996,-0.3348,-0.1615,0.3603
201539,Pelvis,2,-0.4386,0.5386,-0.4487,-0.5623,0.1807,-0.1618,-0.2880,0.7262,0.2608,0.3287,10.1535,-0.5895,-0.0362,0.0023,-0.0020,-0.0036,1.0000,0.2538,-0.0156,-0.0004
201540,Left,2,0.0502,-0.3458,-0.0251,-0.9366,0.0214,0.1713,0.0735,0.3478,-0.3334,-0.1362,-6.0158,-1.1078,7.5133,0.0003,0.0021,0.0009,1.0000,-0.1500,-0.0279,0.1881
201540,Right,2,-0.1279,-0.2690,0.2090,-0.9314,-0.0625,0.1216,0.0064,-0.0314,-1.8199,0.8034,-5.3150,-0.2699,9.3644,-0.0008,0.0015,0.0001,1.0000,-0.1325,-0.0066,0.2343
201540,Pelvis,2,-0.4410,0.5368,-0.4477,-0.5629,0.1061,-0.0119,-0.2360,-0.3483,-1.5840,1.3171,11.0657,0.1484,2.0076,0.0013,-0.0001,-0.0030,1.0000,0.2766,0.0028,0.0502
201542,Left,2,0.0492,-0.3636,-0.0318,-0.9297,-0.0505,0.7501,0.3132,1.2767,-0.3885,-0.0392,-5.5529,-1.2072,8.0637,-0.0013,0.0188,0.0078,0.9998,-0.2695,-0.0620,0.4084
201542,Right,2,-0.1267,-0.2731,0.2082,-0.9306,-0.0712,0.1568,-0.0065,-0.5266,-0.1494,0.4172,-6.0631,0.8988,8.2086,-0.0018,0.0039,-0.0002,1.0000,-0.3015,0.0457,0.4115
201542,Pelvis,2,-0.4401,0.5380,-0.4504,-0.5603,0.0630,-0.0243,0.1406,-0.0754,-1.6955,1.4543,11.2061,-0.1420,2.0564,0.0016,-0.0006,0.0035,1.0000,0.5603,-0.0053,0.1032
201543,Left,2,0.0459,-0.3946,-0.0392,-0.9169,0.0599,2.6458,0.8088,3.3401,-0.3009,0.3767,-4.8089,-1.2591,9.5081,0.0007,0.0331,0.0101,0.9994,-0.1119,-0.0328,0.2415
201543,Right,2,-0.1267,-0.2725,0.2078,-0.9309,0.0073,-0.0511,0.0441,-0.2048,0.1966,0.1946,-5.8289,1.3061,8.0339,0.0001,-0.0006,0.0006,1.0000,-0.1459,0.0326,0.2008
201544,Left,2,0.0388,-0.4425,-0.0475,-0.8946,0.3324,4.1687,1.0866,2.3080,0.9347,0.8846,-6.6300,0.2321,8.7599,0.0042,0.0521,0.0136,0.9985,-0.1541,0.0027,0.2272
201544,Right,2,-0.1267,-0.2718,0.2076,-0.9311,0.0168,-0.0544,0.0226,-0.1131,-0.0079,0.0649,-5.6096,1.1561,8.0484,0.0002,-0.0007,0.0003,1.0000,-0.1404,0.0288,0.2011
201544,Pelvis,2,-0.4434,0.5333,-0.4581,-0.5560,0.3995,0.0866,0.0937,1.0590,-1.3856,-0.7002,9.0740,-1.2519,1.4747,0.0100,0.0022,0.0023,0.9999,0.4540,-0.0623,0.0721
201545,Left,2,0.0324,-0.4926,-0.0541,-0.8680,0.3290,4.4847,0.9587,1.5643,-0.2925,4.3433,-10.8786,-0.6980,9.1824,0.0041,0.0560,0.0120,0.9983,-0.2583,-0.0216,0.2442
201545,Right,2,-0.1272,-0.2714,0.2074,-0.9312,0.0511,-0.0215,0.0328,-0.1307,-0.0493,0.0663,-5.6023,1.1196,8.0607,0.0006,-0.0003,0.0004,1.0000,-0.1401,0.0278,0.2015
201545,Pelvis,2,-0.4445,0.5298,-0.4637,-0.5538,0.4955,0.2126,0.1478,-1.2876,-1.0363,0.9946,10.7446,1.1073,1.6904,0.0062,0.0027,0.0018,1.0000,0.2687,0.0279,0.0417
201546,Right,2,-0.1278,-0.2712,0.2072,-0.9312,0.0565,-0.0007,0.0368,-0.0641,0.0453,0.0193,-5.5518,1.2404,8.0196,0.0007,-0.0000,0.0005,1.0000,-0.1388,0.0308,0.2005
201546,Pelvis,2,-0.4445,0.5277,-0.4686,-0.5517,0.3550,0.1725,0.2137,-2.1564,-0.4883,0.7253,10.4916,2.0253,1.3277,0.0044,0.0022,0.0027,1.0000,0.2622,0.0512,0.0329
201547,Left,2,0.0114,-0.5443,-0.0618,-0.8365,0.6515,2.3652,0.8249,5.1514,-1.4492,4.8092,-10.7461,-1.7304,11.1491,0.0163,0.0591,0.0206,0.9979,-0.5011,-0.1065,0.5862
201547,Right,2,-0.1284,-0.2712,0.2070,-0.9312,0.0530,0.0130,0.0291,-0.0381,0.0409,-0.0064,-5.5163,1.2578,8.0097,0.0007,0.0002,0.0004,1.0000,-0.1379,0.0313,0.2003
201547,Pelvis,2,-0.4442,0.5266,-0.4717,-0.5503,0.2068,0.1063,0.1595,-1.4420,-0.0283,0.0889,9.8850,1.3585,0.7504,0.0026,0.0013,0.0020,1.0000,0.2471,0.0344,0.0185
201548,Left,2,0.0076,-0.5492,-0.0650,-0.8331,0.1407,0.4590,0.4110,7.4875,-2.3925,-3.1709,-3.3492,-2.8875,9.2923,0.0018,0.0057,0.0051,1.0000,-0.0820,-0.0730,0.2327
201548,Right,2,-0.1289,-0.2713,0.2069,-0.9311,0.0431,0.0204,0.0163,-0.0420,0.0819,-0.0922,-5.4870,1.2913,7.9197,0.0005,0.0003,0.0002,1.0000,-0.1371,0.0321,0.1980
201548,Pelvis,2,-0.4448,0.5250,-0.4735,-0.5498,0.1833,0.0886,0.0065,-0.7013,0.1331,0.4114,10.2167,0.6320,0.5095,0.0023,0.0011,0.0001,1.0000,0.2554,0.0158,0.0125
201549,Left,2,0.0059,-0.5465,-0.0673,-0.8347,0.0010,-0.2522,0.2234,6.5809,-2.6613,-3.0947,-3.8455,-3.0003,8.4695,0.0000,-0.0032,0.0028,1.0000,-0.0966,-0.0753,0.2114
201549,Right,2,-0.1292,-0.2715,0.2069,-0.9310,0.0357,0.0196,0.0073,-0.0745,0.0045,-0.0583,-5.5100,1.2193,7.9565,0.0004,0.0002,0.0001,1.0000,-0.1377,0.0304,0.1990
201549,Pelvis,2,-0.4464,0.5221,-0.4749,-0.5501,0.2227,0.1193,-0.1178,-1.1739,0.0488,0.4022,10.1998,1.1019,0.6892,0.0028,0.0015,-0.0015,1.0000,0.2551,0.0271,0.0169
201550,Left,2,0.0071,-0.5357,-0.0674,-0.8417,-0.1404,-1.0079,-0.0787,5.1605,-2.9143,-4.3314,-3.1944,-3.1665,6.7038,-0.0018,-0.0126,-0.0010,0.9999,-0.0820,-0.0788,0.1667
201550,Right,2,-0.1296,-0.2716,0.2069,-0.9309,0.0361,0.0194,0.0086,-0.0605,-0.0033,-0.0726,-5.4925,1.2225,7.9505,0.0005,0.0002,0.0001,1.0000,-0.1373,0.0305,0.1988
201550,Pelvis,2,-0.4478,0.5191,-0.4758,-0.5510,0.1821,0.1465,-0.1673,-1.3732,0.0562,-0.0421,9.7492,1.3401,0.7151,0.0023,0.0018,-0.0021,1.0000,0.2438,0.0330,0.0175
201551,Left,2,0.0099,-0.5184,-0.0656,-0.8526,-0.1915,-1.6068,-0.3031,4.0509,-2.6054,-3.9489,-3.7496,-2.7478,5.9983,-0.0024,-0.0201,-0.0038,0.9998,-0.0970,-0.0680,0.1482
201551,Right,2,-0.1298,-0.2717,0.2069,-0.9309,0.0316,0.0140,0.0088,-0.0458,-0.0028,-0.0921,-5.4735,1.2323,7.9381,0.0004,0.0002,0.0001,1.0000,-0.1368,0.0307,0.1985
201551,Pelvis,2,-0.4483,0.5165,-0.4766,-0.5523,0.1048,0.1716,-0.1320,-1.1740,-0.0566,-0.6266,9.1530,1.1641,0.7964,0.0013,0.0021,-0.0017,1.0000,0.2289,0.0287,0.0195
201552,Left,2,0.0151,-0.4973,-0.0617,-0.8653,-0.2915,-1.9287,-0.5569,2.6424,-2.2015,-3.6545,-4.3381,-2.2393,5.0920,-0.0036,-0.0241,-0.0070,0.9997,-0.1119,-0.0548,0.1248
201552,Right,2,-0.1299,-0.2717,0.2069,-0.9309,0.0154,-0.0024,0.0034,-0.0676,0.0314,-0.0822,-5.5075,1.2566,7.9232,0.0002,-0.0000,0.0000,1.0000,-0.1377,0.0314,0.1981
201552,Pelvis,2,-0.4481,0.5144,-0.4774,-0.5538,0.0485,0.1843,-0.0966,-0.8726,-0.0377,-0.5743,9.2035,0.8955,0.7780,0.0006,0.0023,-0.0012,1.0000,0.2302,0.0221,0.0189
201553,Left,2,0.0220,-0.4733,-0.0547,-0.8789,-0.2989,-2.1490,-0.8395,1.7783,-2.1936,-1.7167,-6.1271,-2.1940,5.5843,-0.0037,-0.0269,-0.0105,0.9996,-0.1574,-0.0527,0.1356
201553,Right,2,-0.1298,-0.2716,0.2069,-0.9309,0.0063,-0.0115,0.0024,-0.0807,0.0062,-0.0548,-5.5234,1.2318,7.9496,0.0001,-0.0001,0.0000,1.0000,-0.1381,0.0308,0.1987
201553,Pelvis,2,-0.4475,0.5123,-0.4781,-0.5556,0.0186,0.2122,-0.0855,-0.7633,0.1099,-0.4416,9.3419,0.8300,0.6723,0.0002,0.0027,-0.0011,1.0000,0.2336,0.0205,0.0162
201554,Left,2,0.0304,-0.4462,-0.0435,-0.8933,-0.2557,-2.3819,-1.2117,0.1809,-2.1327,-0.0427,-8.0204,-2.1520,5.5779,-0.0032,-0.0298,-0.0151,0.9994,-0.2053,-0.0503,0.1335
201554,Right,2,-0.1297,-0.2714,0.2069,-0.9310,0.0049,-0.0146,0.0062,-0.0660,0.0067,-0.0744,-5.4986,1.2353,7.9422,0.0001,-0.0002,0.0001,1.0000,-0.1375,0.0309,0.1985
201554,Pelvis,2,-0.4464,0.5106,-0.4788,-0.5575,-0.0233,0.2154,-0.0653,-0.8634,0.3272,-0.2613,9.5308,0.9782,0.5371,-0.0003,0.0027,-0.0008,1.0000,0.2383,0.0243,0.0128
201555,Left,2,0.0403,-0.4183,-0.0281,-0.9070,-0.2207,-2.3970,-1.5612,-2.2110,-1.3051,1.0732,-9.9271,-1.4453,4.9509,-0.0028,-0.0300,-0.0195,0.9994,-0.2524,-0.0309,0.1163
201555,Right,2,-0.1295,-0.2714,0.2068,-0.9310,0.0012,-0.0048,0.0043,-0.0122,0.0166,-0.0920,-5.4485,1.2649,7.9502,0.0000,-0.0001,0.0001,1.0000,-0.1362,0.0316,0.1987
201555,Pelvis,2,-0.4449,0.5098,-0.4790,-0.5592,-0.0921,0.1651,-0.0302,-0.8727,0.5399,-0.1582,9.6465,1.0288,0.3851,-0.0012,0.0021,-0.0004,1.0000,0.2412,0.0256,0.0091
201556,Left,2,0.0517,-0.3923,-0.0101,-0.9183,-0.2452,-2.1761,-1.7826,-5.3567,0.8558,0.3058,-11.1026,0.5445,2.8809,-0.0031,-0.0272,-0.0223,0.9994,-0.2790,0.0200,0.0644
201556,Right,2,-0.1294,-0.2714,0.2068,-0.9310,-0.0044,0.0029,-0.0003,-0.0288,0.0132,-0.1036,-5.4534,1.2501,7.9351,-0.0001,0.0000,-0.0000,1.0000,-0.1363,0.0313,0.1984
201556,Pelvis,2,-0.4432,0.5105,-0.4783,-0.5605,-0.1756,0.0566,0.0186,-0.7314,0.8248,-0.6075,9.2243,0.9264,0.0768,-0.0022,0.0007,0.0002,1.0000,0.2306,0.0232,0.0017
201557,Left,2,0.0627,-0.3744,0.0059,-0.9251,-0.2850,-1.4436,-1.5917,-8.4891,3.1173,-0.7639,-12.5177,2.5627,0.6651,-0.0036,-0.0180,-0.0199,0.9996,-0.3118,0.0703,0.0108
201557,Right,2,-0.1291,-0.2715,0.2068,-0.9310,-0.0096,0.0051,-0.0043,-0.0695,0.0251,-0.0947,-5.4941,1.2387,7.9199,-0.0001,0.0001,-0.0001,1.0000,-0.1373,0.0310,0.1980
201557,Pelvis,2,-0.4411,0.5130,-0.4769,-0.5612,-0.2730,-0.0587,0.0759,-0.5606,1.1647,-0.9119,8.9538,0.7953,-0.3037,-0.0034,-0.0007,0.0009,1.0000,0.2238,0.0201,-0.0075
201558,Left,2,0.0703,-0.3630,0.0174,-0.9290,-0.1929,-0.9012,-1.1215,-11.4530,4.3914,1.3089,-16.2329,3.1995,0.6554,-0.0024,-0.0113,-0.0140,0.9998,-0.4048,0.0857,0.0116
201558,Right,2,-0.1289,-0.2716,0.2068,-0.9310,-0.0046,0.0044,-0.0036,-0.0807,-0.0271,-0.0729,-5.4995,1.1858,7.9512,-0.0001,0.0001,-0.0000,1.0000,-0.1375,0.0297,0.1988
201558,Pelvis,2,-0.4384,0.5165,-0.4751,-0.5615,-0.3407,-0.1086,0.1451,-0.5129,1.3093,-1.0284,8.8519,0.7480,-0.4748,-0.0043,-0.0014,0.0018,1.0000,0.2213,0.0191,-0.0117
201559,Left,2,0.0726,-0.3525,0.0229,-0.9327,0.0309,-0.8556,-0.5203,-10.7524,4.8092,-1.0239,-14.2460,3.6083,-0.1727,0.0004,-0.0107,-0.0065,0.9999,-0.3555,0.0925,-0.0081
201559,Right,2,-0.1288,-0.2717,0.2068,-0.9310,0.0044,0.0061,0.0052,-0.0874,-0.0518,-0.0801,-5.4937,1.1574,7.9507,0.0001,0.0001,0.0001,1.0000,-0.1373,0.0289,0.1988
201559,Pelvis,2,-0.4350,0.5211,-0.4735,-0.5613,-0.3832,-0.1448,0.2324,-0.5553,1.3379,-1.0127,8.8713,0.7565,-0.5150,-0.0048,-0.0018,0.0029,1.0000,0.2217,0.0195,-0.0126
201560,Left,2,0.0583,-0.3491,0.0185,-0.9351,0.9692,-0.3169,0.7187,-11.0907,3.7130,-2.9027,-13.1745,2.8142,-1.7478,0.0121,-0.0040,0.0090,0.9999,-0.3298,0.0679,-0.0442
201560,Right,2,-0.1288,-0.2719,0.2068,-0.9310,0.0083,0.0138,0.0001,0.0405,-0.0198,-0.1802,-5.3516,1.2299,7.9143,0.0001,0.0002,0.0000,1.0000,-0.1338,0.0307,0.1979
201560,Pelvis,2,-0.4311,0.5266,-0.4719,-0.5605,-0.4257,-0.1939,0.3116,-0.5901,1.2989,-0.8051,9.0780,0.7263,-0.4840,-0.0053,-0.0024,0.0039,1.0000,0.2269,0.0190,-0.0116
201561,Left,2,0.0399,-0.3414,0.0147,-0.9389,1.2997,-0.6716,0.7803,-3.3538,3.4692,6.2532,-13.1493,1.7991,10.2611,0.0162,-0.0084,0.0098,0.9998,-0.3313,0.0376,0.2544
201561,Right,2,-0.1287,-0.2723,0.2069,-0.9308,-0.0017,0.0336,-0.0183,0.0572,0.0673,-0.1735,-5.3748,1.3119,7.8938,-0.0000,0.0004,-0.0002,1.0000,-0.1343,0.0328,0.1974
201561,Pelvis,2,-0.4267,0.5328,-0.4702,-0.5594,-0.4637,-0.2229,0.3611,-0.6823,0.5860,-0.2873,9.5461,0.6016,0.2296,-0.0058,-0.0028,0.0045,1.0000,0.2386,0.0162,0.0063
201562,Left,2,0.0347,-0.3385,0.0143,-0.9402,0.3893,-0.2457,0.1666,2.8393,2.2363,-0.0135,-4.1869,1.4521,9.4578,0.0049,-0.0031,0.0021,1.0000,-0.1055,0.0349,0.2363
201562,Right,2,-0.1284,-0.2736,0.2073,-0.9304,-0.0179,0.0941,-0.0556,0.2158,0.1864,-0.1348,-5.3265,1.4844,7.9479,-0.0002,0.0012,-0.0007,1.0000,-0.1329,0.0372,0.1988
201562,Pelvis,2,-0.4228,0.5391,-0.4677,-0.5585,-0.4875,-0.2634,0.3013,-0.1052,-1.0004,1.2845,11.0024,-0.4058,1.7155,-0.0061,-0.0033,0.0038,1.0000,0.2750,-0.0088,0.0438
201563,Left,2,0.0323,-0.3413,0.0147,-0.9393,0.1857,0.2324,0.0500,0.2429,0.1134,-0.3997,-5.8242,-0.5702,7.3777,0.0023,0.0029,0.0006,1.0000,-0.1451,-0.0148,0.1848
201563,Right,2,-0.1283,-0.2766,0.2082,-0.9294,-0.0127,0.2371,-0.1131,0.3106,0.0435,-0.1852,-5.2165,1.3786,7.9797,-0.0002,0.0030,-0.0014,1.0000,-0.1298,0.0347,0.1999
201563,Pelvis,2,-0.4221,0.5417,-0.4645,-0.5591,-0.2874,-0.1758,-0.0584,1.3592,-1.0646,3.1744,12.8646,-1.9607,1.5180,-0.0036,-0.0022,-0.0007,1.0000,0.3215,-0.0491,0.0388
201564,Left,2,0.0306,-0.3437,0.0155,-0.9385,0.1422,0.2077,-0.0033,-0.5024,0.1672,0.3514,-6.9200,-0.5410,7.4438,0.0018,0.0026,-0.0000,1.0000,-0.1725,-0.0138,0.1865
201564,Right,2,-0.1295,-0.2827,0.2094,-0.9271,0.0457,0.5159,-0.1627,0.5376,0.0051,-0.1108,-5.1548,1.4409,8.1098,0.0006,0.0064,-0.0020,1.0000,-0.1275,0.0362,0.2036
201564,Pelvis,2,-0.4207,0.5435,-0.4615,-0.5609,-0.3190,-0.0567,-0.0721,-0.7369,-1.2401,0.8235,10.5518,0.1274,1.9628,-0.0040,-0.0007,-0.0009,1.0000,0.2638,0.0031,0.0492
201565,Left,2,0.0301,-0.3441,0.0166,-0.9383,0.0689,0.0389,-0.0647,-0.3725,-0.0712,0.3105,-6.8047,-0.7624,7.4657,0.0009,0.0005,-0.0008,1.0000,-0.1700,-0.0191,0.1867
201565,Right,2,-0.1326,-0.2958,0.2111,-0.9221,0.1180,1.1209,-0.2722,1.7260,-0.3149,-0.2915,-4.2362,1.6761,8.5431,0.0015,0.0140,-0.0034,0.9999,-0.1028,0.0419,0.2151
201565,Pelvis,2,-0.4164,0.5471,-0.4577,-0.5638,-0.5904,-0.0052,0.0198,-2.2472,-0.9945,-1.1550,8.6191,1.6976,1.9553,-0.0074,-0.0001,0.0002,1.0000,0.2155,0.0429,0.0486
201566,Left,2,0.0298,-0.3441,0.0173,-0.9383,0.0434,0.0029,-0.0407,-0.0848,-0.2152,0.1543,-6.4798,-0.8919,7.5240,0.0005,0.0000,-0.0005,1.0000,-0.1620,-0.0223,0.1881
201566,Right,2,-0.1388,-0.3243,0.2151,-0.9106,0.2032,2.4354,-0.6417,3.0529,-1.6643,0.8016,-3.9508,1.2379,10.3755,0.0025,0.0304,-0.0080,0.9995,-0.0906,0.0310,0.2623
201566,Pelvis,2,-0.4119,0.5498,-0.4522,-0.5689,-0.7106,0.0736,-0.1491,-2.0293,-0.8314,-1.0455,8.7304,1.5042,1.7860,-0.0089,0.0009,-0.0019,1.0000,0.2184,0.0376,0.0441
201567,Left,2,0.0295,-0.3441,0.0176,-0.9383,0.0341,0.0069,-0.0061,-0.1153,0.0074,0.1802,-6.5318,-0.6696,7.5338,0.0004,0.0001,-0.0001,1.0000,-0.1633,-0.0168,0.1884
201567,Right,2,-0.1492,-0.3612,0.2233,-0.8930,0.5409,3.2416,-1.0348,1.3556,-1.1576,2.0414,-6.8332,0.9730,9.8051,0.0068,0.0405,-0.0129,0.9991,-0.1604,0.0248,0.2519
201567,Pelvis,2,-0.4088,0.5510,-0.4458,-0.5749,-0.6647,0.1069,-0.3314,0.3707,-0.9546,0.0437,9.7749,-0.8507,1.3873,-0.0083,0.0013,-0.0041,1.0000,0.2443,-0.0220,0.0345
201568,Left,2,0.0293,-0.3442,0.0177,-0.9383,0.0189,0.0067,0.0042,-0.0943,0.0287,0.0990,-6.4656,-0.6390,7.4859,0.0002,0.0001,0.0001,1.0000,-0.1616,-0.0160,0.1872
201568,Right,2,-0.1636,-0.3936,0.2352,-0.8735,1.0385,2.9961,-1.1715,2.3366,-0.6019,4.8557,-9.2420,2.2320,11.4326,0.0130,0.0374,-0.0146,0.9991,-0.2193,0.0553,0.2949
201568,Pelvis,2,-0.4068,0.5521,-0.4405,-0.5794,-0.5115,0.0422,-0.2847,2.3332,-0.8431,0.9269,10.6647,-2.6683,0.7997,-0.0064,0.0005,-0.0036,1.0000,0.2664,-0.0675,0.0203
201569,Left,2,0.0292,-0.3445,0.0178,-0.9382,0.0054,0.0263,0.0042,-0.0415,0.0370,0.0663,-6.4078,-0.6260,7.4931,0.0001,0.0003,0.0001,1.0000,-0.1601,-0.0157,0.1874
201569,Right,2,-0.1685,-0.4100,0.2483,-0.8613,0.6138,1.4528,-1.1978,6.2714,-0.8089,6.4612,-8.9104,4.3269,14.3790,0.0077,0.0182,-0.0150,0.9997,-0.2145,0.1086,0.3643
201569,Pelvis,2,-0.4056,0.5529,-0.4376,-0.5817,-0.2878,0.0025,-0.1390,2.4269,-0.4844,0.4498,10.2239,-2.6018,0.3825,-0.0036,0.0000,-0.0017,1.0000,0.2555,-0.0655,0.0098
201570,Left,2,0.0293,-0.3450,0.0178,-0.9380,-0.0030,0.0390,0.0035,-0.1105,0.0244,0.1155,-6.4974,-0.6431,7.4801,-0.0000,0.0005,0.0000,1.0000,-0.1623,-0.0161,0.1871
201570,Right,2,-0.1682,-0.4182,0.2590,-0.8542,0.2819,0.6491,-0.9989,4.8896,-2.3813,-1.1270,-3.6258,1.5555,9.4583,0.0035,0.0081,-0.0125,0.9999,-0.0882,0.0392,0.2373
201570,Pelvis,2,-0.4047,0.5548,-0.4361,-0.5816,-0.1727,-0.1099,0.0353,1.4333,-0.1741,0.8982,10.6886,-1.5562,0.3734,-0.0022,-0.0014,0.0004,1.0000,0.2672,-0.0388,0.0098
201571,Left,2,0.0294,-0.3454,0.0177,-0.9378,-0.0081,0.0388,0.0112,-0.1308,0.0331,0.0933,-6.5062,-0.6342,7.4441,-0.0001,0.0005,0.0001,1.0000,-0.1626,-0.0159,0.1862
201571,Right,2,-0.1706,-0.4225,0.2700,-0.8483,0.5270,0.4000,-0.8515,4.2257,-1.5672,-1.4012,-4.1502,1.8037,8.4018,0.0066,0.0050,-0.0106,0.9999,-0.1022,0.0448,0.2109
201571,Pelvis,2,-0.4022,0.5571,-0.4356,-0.5815,-0.2148,-0.0460,0.1584,0.6283,-0.0144,0.6716,10.4669,-0.7649,0.4188,-0.0027,-0.0006,0.0020,1.0000,0.2617,-0.0186,0.0107
201572,Left,2,0.0296,-0.3458,0.0176,-0.9377,-0.0186,0.0313,0.0079,-0.1042,0.0908,0.0496,-6.4673,-0.5755,7.4248,-0.0002,0.0004,0.0001,1.0000,-0.1616,-0.0144,0.1857
201572,Right,2,-0.1700,-0.4216,0.2787,-0.8460,0.3186,-0.1109,-0.6471,4.3550,-0.6515,-2.6025,-3.4720,2.5460,7.2691,0.0040,-0.0014,-0.0081,1.0000,-0.0865,0.0636,0.1819
201572,Pelvis,2,-0.3994,0.5593,-0.4343,-0.5822,-0.2890,-0.0225,0.1108,0.5716,-0.1080,-0.0202,9.7685,-0.7645,0.4740,-0.0036,-0.0003,0.0014,1.0000,0.2442,-0.0187,0.0120
201573,Left,2,0.0299,-0.3461,0.0176,-0.9376,-0.0220,0.0240,0.0017,-0.0739,0.0368,-0.0183,-6.4024,-0.6285,7.3858,-0.0003,0.0003,0.0000,1.0000,-0.1600,-0.0157,0.1847
201573,Right,2,-0.1693,-0.4167,0.2836,-0.8469,0.2297,-0.4334,-0.2683,3.4766,-0.0651,-3.1283,-3.6538,2.4435,6.1198,0.0029,-0.0054,-0.0034,1.0000,-0.0920,0.0610,0.1527
201573,Pelvis,2,-0.3968,0.5609,-0.4328,-0.5836,-0.2908,0.0250,0.0398,0.6066,-0.2981,-0.6812,9.0956,-0.8646,0.6031,-0.0036,0.0003,0.0005,1.0000,0.2274,-0.0214,0.0151
201574,Left,2,0.0300,-0.3462,0.0175,-0.9375,-0.0131,0.0150,0.0074,-0.0656,0.0179,-0.0587,-6.3724,-0.6481,7.3565,-0.0002,0.0002,0.0001,1.0000,-0.1593,-0.0162,0.1839
201574,Right,2,-0.1691,-0.4075,0.2836,-0.8514,0.1414,-0.7746,0.2181,2.9298,0.4830,-2.9158,-4.1913,2.5681,5.6766,0.0018,-0.0097,0.0027,0.9999,-0.1063,0.0637,0.1410
201574,Pelvis,2,-0.3947,0.5622,-0.4310,-0.5851,-0.2740,0.0190,0.0037,0.6460,-0.3432,-0.9664,8.8070,-0.9197,0.6175,-0.0034,0.0002,0.0000,1.0000,0.2202,-0.0229,0.0155
201575,Left,2,0.0301,-0.3463,0.0175,-0.9375,-0.0109,0.0053,0.0063,-0.0704,0.0373,-0.0096,-6.4107,-0.6344,7.3897,-0.0001,0.0001,0.0001,1.0000,-0.1603,-0.0158,0.1848
201575,Right,2,-0.1685,-0.3952,0.2793,-0.8587,0.0126,-1.0241,0.6092,1.7538,0.2192,-3.1159,-4.3979,1.6749,5.0821,0.0002,-0.0128,0.0076,0.9999,-0.1119,0.0410,0.1256
201575,Pelvis,2,-0.3931,0.5633,-0.4294,-0.5863,-0.2178,0.0019,-0.0127,0.7748,-0.2327,-0.9164,8.8630,-1.0111,0.4724,-0.0027,0.0000,-0.0002,1.0000,0.2216,-0.0253,0.0119
201576,Left,2,0.0303,-0.3463,0.0174,-0.9375,-0.0097,-0.0014,0.0029,-0.0762,0.0198,-0.0109,-6.4135,-0.6542,7.3838,-0.0001,-0.0000,0.0000,1.0000,-0.1603,-0.0163,0.1846
201576,Right,2,-0.1677,-0.3805,0.2739,-0.8672,-0.0058,-1.2097,0.7348,0.4613,-0.3758,-2.5111,-5.1852,0.5363,5.1477,-0.0001,-0.0151,0.0092,0.9998,-0.1317,0.0122,0.1267
201576,Pelvis,2,-0.3922,0.5643,-0.4279,-0.5870,-0.1704,-0.0380,-0.0313,0.8399,-0.0541,-0.5547,9.2352,-1.0213,0.2952,-0.0021,-0.0005,-0.0004,1.0000,0.2309,-0.0256,0.0075
201577,Left,2,0.0305,-0.3463,0.0174,-0.9375,-0.0131,0.0005,0.0005,-0.0925,0.0445,0.0118,-6.4417,-0.6343,7.3914,-0.0002,0.0000,0.0000,1.0000,-0.1610,-0.0158,0.1848
201577,Right,2,-0.1668,-0.3636,0.2709,-0.8755,0.1215,-1.3986,0.5887,-0.8403,-0.8387,-1.7223,-6.1735,-0.4512,5.3439,0.0015,-0.0175,0.0074,0.9998,-0.1566,-0.0126,0.1309
201577,Pelvis,2,-0.3919,0.5653,-0.4263,-0.5875,-0.1326,-0.0685,-0.0471,0.7280,0.2625,-0.2701,9.5394,-0.8110,0.0339,-0.0017,-0.0009,-0.0006,1.0000,0.2385,-0.0204,0.0011
201578,Left,2,0.0307,-0.3463,0.0175,-0.9375,-0.0123,-0.0001,-0.0021,-0.0586,0.0368,-0.0050,-6.4045,-0.6441,7.4002,-0.0002,-0.0000,-0.0000,1.0000,-0.1601,-0.0161,0.1850
201578,Right,2,-0.1659,-0.3448,0.2725,-0.8828,0.2984,-1.5599,0.2698,-1.8592,-0.4912,-0.7482,-7.4077,-0.5911,5.5364,0.0037,-0.0195,0.0034,0.9998,-0.1878,-0.0159,0.1347
201578,Pelvis,2,-0.3918,0.5662,-0.4247,-0.5878,-0.1186,-0.0823,-0.0601,0.6988,0.3244,-0.2038,9.6103,-0.7526,-0.0305,-0.0015,-0.0010,-0.0008,1.0000,0.2402,-0.0190,-0.0005
201579,Left,2,0.0307,-0.3463,0.0174,-0.9375,-0.0050,-0.0001,0.0068,-0.0381,-0.0039,-0.0768,-6.3399,-0.6818,7.3572,-0.0001,-0.0000,0.0001,1.0000,-0.1585,-0.0170,0.1839
201579,Right,2,-0.1643,-0.3248,0.2777,-0.8890,0.4003,-1.6804,-0.0114,-2.7278,0.5319,-0.2428,-8.4519,-0.1716,5.2780,0.0050,-0.0210,-0.0001,0.9998,-0.2140,-0.0049,0.1275
201579,Pelvis,2,-0.3920,0.5671,-0.4231,-0.5881,-0.1077,-0.0920,-0.0675,0.8248,0.2459,-0.2415,9.5691,-0.8824,-0.0224,-0.0013,-0.0011,-0.0008,1.0000,0.2392,-0.0223,-0.0003
201580,Left,2,0.0306,-0.3463,0.0173,-0.9375,0.0071,0.0007,0.0169,-0.0413,0.0181,-0.0713,-6.3472,-0.6593,7.3604,0.0001,0.0000,0.0002,1.0000,-0.1587,-0.0165,0.1840
201580,Right,2,-0.1620,-0.3047,0.2836,-0.8947,0.3736,-1.7039,-0.0852,-2.9758,2.3190,0.0241,-9.2652,1.1608,4.8807,0.0047,-0.0213,-0.0011,0.9998,-0.2341,0.0287,0.1172
201580,Pelvis,2,-0.3925,0.5676,-0.4216,-0.5882,-0.0652,-0.0840,-0.0825,0.9789,0.1492,-0.1844,9.6226,-1.0440,-0.0023,-0.0008,-0.0010,-0.0010,1.0000,0.2405,-0.0263,0.0002
201581,Left,2,0.0303,-0.3463,0.0171,-0.9375,0.0171,-0.0013,0.0289,-0.0303,0.0086,-0.1109,-6.3127,-0.6613,7.3374,0.0002,-0.0000,0.0004,1.0000,-0.1578,-0.0166,0.1834
201581,Right,2,-0.1589,-0.2852,0.2852,-0.9012,0.1846,-1.6368,0.2083,-3.1038,3.7448,-0.2300,-9.5713,2.2220,4.3536,0.0023,-0.0205,0.0026,0.9998,-0.2416,0.0547,0.1040
201581,Pelvis,2,-0.3937,0.5675,-0.4207,-0.5881,0.0260,-0.0782,-0.1027,1.2335,0.0960,-0.1478,9.6591,-1.2810,-0.0550,0.0003,-0.0010,-0.0013,1.0000,0.2414,-0.0323,-0.0011
201583,Left,2,0.0290,-0.3465,0.0164,-0.9374,0.0387,0.0136,0.0523,0.0296,-0.0335,-0.1135,-6.2666,-0.6844,7.3714,0.0010,0.0003,0.0013,1.0000,-0.3132,-0.0350,0.3686
201583,Right,2,-0.1546,-0.2541,0.2739,-0.9146,-0.0035,-1.2478,0.7116,-4.6597,3.3094,-0.8095,-9.8548,1.0773,3.9360,-0.0001,-0.0312,0.0178,0.9994,-0.4994,0.0450,0.1813
201583,Pelvis,2,-0.3997,0.5665,-0.4198,-0.5857,0.1748,-0.1505,-0.1361,1.3205,0.2031,-0.0017,9.8154,-1.2852,-0.2173,0.0044,-0.0038,-0.0034,1.0000,0.4906,-0.0659,-0.0093
201584,Left,2,0.0283,-0.3471,0.0159,-0.9373,0.0461,0.0486,0.0628,0.0284,-0.0298,-0.0587,-6.3111,-0.6620,7.4076,0.0006,0.0006,0.0008,1.0000,-0.1577,-0.0168,0.1853
201584,Right,2,-0.1558,-0.2468,0.2667,-0.9185,0.0649,-0.4963,0.7225,-5.7826,1.7488,-2.7868,-8.7582,-0.8573,2.9021,0.0008,-0.0062,0.0090,0.9999,-0.2192,-0.0235,0.0712
201584,Pelvis,2,-0.4040,0.5658,-0.4196,-0.5836,0.2812,-0.2143,-0.1650,0.9992,0.5145,0.0664,9.8975,-0.8313,-0.4560,0.0035,-0.0027,-0.0021,1.0000,0.2474,-0.0213,-0.0108
201585,Left,2,0.0275,-0.3481,0.0154,-0.9369,0.0438,0.0788,0.0692,0.0605,-0.0581,-0.0680,-6.2919,-0.6717,7.4112,0.0005,0.0010,0.0009,1.0000,-0.1571,-0.0170,0.1854
201585,Right,2,-0.1348,-0.2631,0.2684,-0.9168,-1.8282,0.7710,-0.7775,-9.2662,0.3188,4.6890,-14.7834,-3.0884,8.2600,-0.0229,0.0096,-0.0097,0.9996,-0.3683,-0.0688,0.2117
201585,Pelvis,2,-0.4086,0.5646,-0.4193,-0.5818,0.2948,-0.1934,-0.2061,0.8015,0.3584,0.0053,9.8312,-0.6523,-0.2906,0.0037,-0.0024,-0.0026,1.0000,0.2458,-0.0169,-0.0067
201586,Left,2,0.0267,-0.3498,0.0147,-0.9363,0.0355,0.1472,0.0843,0.1833,-0.1643,-0.0786,-6.2091,-0.7577,7.4623,0.0004,0.0018,0.0011,1.0000,-0.1549,-0.0192,0.1868
201586,Right,2,-0.1358,-0.2570,0.2678,-0.9186,0.1843,-0.4568,0.1750,-3.8566,-7.2485,2.5961,-6.5487,-6.7573,11.5260,0.0023,-0.0057,0.0022,1.0000,-0.1650,-0.1700,0.2868
201586,Pelvis,2,-0.4117,0.5621,-0.4193,-0.5821,0.2220,0.0213,-0.2342,-0.1963,-1.3174,0.6122,10.3836,-0.1733,1.6135,0.0028,0.0003,-0.0029,1.0000,0.2596,-0.0052,0.0403
201587,Left,2,0.0257,-0.3536,0.0131,-0.9349,0.0207,0.3251,0.1592,0.5189,-0.2662,-0.1817,-5.9303,-0.8278,7.5659,0.0003,0.0041,0.0020,1.0000,-0.1474,-0.0210,0.1897
201587,Right,2,-0.1360,-0.2606,0.2673,-0.9177,-0.0488,0.2967,-0.0178,0.8218,1.5261,1.1167,-6.0386,2.9280,8.7987,-0.0006,0.0037,-0.0002,1.0000,-0.1501,0.0734,0.2205
201587,Pelvis,2,-0.4125,0.5609,-0.4201,-0.5820,0.1155,0.0465,-0.0438,-1.4172,-1.0928,2.5500,12.3043,1.1152,1.8440,0.0014,0.0006,-0.0005,1.0000,0.3076,0.0276,0.0460
201588,Left,2,0.0249,-0.3617,0.0099,-0.9319,-0.0440,0.6864,0.2853,0.8949,-0.3682,-0.0206,-5.8535,-0.9075,7.8573,-0.0005,0.0086,0.0036,1.0000,-0.1446,-0.0231,0.1977
201588,Right,2,-0.1364,-0.2619,0.2670,-0.9173,0.0040,0.1125,0.0149,-0.2536,0.8234,0.2639,-6.0932,1.6456,7.9022,0.0000,0.0014,0.0002,1.0000,-0.1521,0.0411,0.1978
201588,Pelvis,2,-0.4122,0.5611,-0.4212,-0.5813,0.0474,-0.0028,0.0923,-0.0755,-1.7612,1.4064,11.1654,-0.3806,2.0409,0.0006,-0.0000,0.0012,1.0000,0.2791,-0.0092,0.0510
201589,Left,2,0.0236,-0.3808,0.0048,-0.9243,-0.0738,1.6345,0.4529,2.4044,-0.4048,0.0685,-5.0542,-0.9129,8.7876,-0.0009,0.0204,0.0057,0.9998,-0.1217,-0.0233,0.2222
201589,Right,2,-0.1367,-0.2614,0.2665,-0.9176,0.0321,-0.0277,0.0570,-0.4245,0.2636,0.2952,-6.0065,1.1002,8.0704,0.0004,-0.0003,0.0007,1.0000,-0.1503,0.0273,0.2017
201589,Pelvis,2,-0.4137,0.5598,-0.4227,-0.5803,0.2145,0.0068,-0.0176,1.2984,-1.7224,-1.3022,8.4800,-1.7016,1.5086,0.0027,0.0001,-0.0002,1.0000,0.2120,-0.0427,0.0376
201590,Pelvis,2,-0.4166,0.5565,-0.4266,-0.5786,0.4741,0.1056,-0.0023,1.1224,-1.3560,-1.0069,8.7805,-1.4092,1.2476,0.0059,0.0013,-0.0000,1.0000,0.2196,-0.0354,0.0307
201591,Left,2,0.0113,-0.4721,-0.0092,-0.8814,0.1843,4.0288,0.7913,2.5862,0.2490,0.3968,-6.2557,-0.1039,8.4985,0.0046,0.1005,0.0197,0.9947,-0.2678,-0.0128,0.4534
201591,Right,2,-0.1374,-0.2596,0.2658,-0.9182,0.0494,-0.0584,0.0525,-0.0060,0.0922,-0.0433,-5.4290,1.1780,8.0367,0.0012,-0.0015,0.0013,1.0000,-0.2721,0.0580,0.4015
201591,Pelvis,2,-0.4181,0.5524,-0.4324,-0.5771,0.5203,0.2626,0.1091,-0.3984,-1.2551,-0.2340,9.5235,0.0856,1.6677,0.0065,0.0033,0.0014,1.0000,0.2382,0.0022,0.0409
201592,Left,2,0.0070,-0.5215,-0.0149,-0.8531,0.1006,4.5442,0.6324,1.8036,-0.6215,6.0229,-12.7632,-0.7361,9.5521,0.0013,0.0568,0.0079,0.9984,-0.3047,-0.0212,0.2564
201592,Right,2,-0.1380,-0.2591,0.2655,-0.9183,0.0590,-0.0264,0.0455,0.0092,0.0165,-0.0400,-5.3715,1.1452,8.0835,0.0007,-0.0003,0.0006,1.0000,-0.1344,0.0284,0.2021
201592,Pelvis,2,-0.4180,0.5492,-0.4382,-0.5759,0.4013,0.2807,0.2046,-2.2507,-0.6106,0.5996,10.3450,2.0264,1.6517,0.0050,0.0035,0.0026,1.0000,0.2586,0.0511,0.0406
201593,Left,2,0.0018,-0.5533,-0.0193,-0.8328,0.1920,3.0158,0.5697,2.6088,-2.3376,7.4274,-14.5874,-2.2339,9.5843,0.0024,0.0377,0.0071,0.9993,-0.3549,-0.0590,0.2530
201593,Right,2,-0.1386,-0.2590,0.2652,-0.9184,0.0499,0.0056,0.0353,0.0341,0.0878,-0.0216,-5.3897,1.2334,8.0811,0.0006,0.0001,0.0004,1.0000,-0.1347,0.0307,0.2021
201593,Pelvis,2,-0.4166,0.5472,-0.4425,-0.5755,0.2032,0.2651,0.1985,-2.4265,-0.0838,0.3371,10.1057,2.2949,1.2342,0.0025,0.0033,0.0025,1.0000,0.2526,0.0579,0.0302
201594,Left,2,-0.0076,-0.5626,-0.0203,-0.8264,0.5989,0.8907,0.4996,7.1905,-2.2355,2.5239,-8.7936,-2.1146,11.2742,0.0075,0.0111,0.0062,0.9999,-0.2163,-0.0563,0.2839
201594,Right,2,-0.1389,-0.2591,0.2651,-0.9183,0.0337,0.0203,0.0157,0.0018,0.0837,-0.0002,-5.4248,1.2236,8.0849,0.0004,0.0003,0.0002,1.0000,-0.1356,0.0305,0.2022
201594,Pelvis,2,-0.4159,0.5455,-0.4443,-0.5762,0.0891,0.1852,0.0280,-1.1518,0.1183,0.2102,10.0021,1.0922,0.7508,0.0011,0.0023,0.0003,1.0000,0.2501,0.0274,0.0182
201595,Left,2,-0.0139,-0.5606,-0.0200,-0.8277,0.4257,-0.1908,0.2693,6.6817,-1.7381,-4.2857,-2.7505,-1.6553,8.2407,0.0053,-0.0024,0.0034,1.0000,-0.0691,-0.0427,0.2056
201595,Right,2,-0.1391,-0.2593,0.2651,-0.9182,0.0229,0.0210,0.0041,-0.0805,0.0123,-0.0159,-5.4500,1.1215,8.0637,0.0003,0.0003,0.0001,1.0000,-0.1362,0.0280,0.2016
201595,Pelvis,2,-0.4168,0.5428,-0.4452,-0.5774,0.1338,0.1691,-0.1345,-0.9204,0.2322,0.9858,10.7810,0.9094,0.6715,0.0017,0.0021,-0.0017,1.0000,0.2696,0.0223,0.0163
201596,Left,2,-0.0169,-0.5509,-0.0211,-0.8341,0.1309,-0.9294,0.2146,5.7149,-2.3131,-2.2971,-4.8767,-2.0435,8.1573,0.0016,-0.0116,0.0027,0.9999,-0.1241,-0.0518,0.2024
201596,Right,2,-0.1393,-0.2595,0.2651,-0.9181,0.0180,0.0203,0.0025,-0.0762,-0.0257,-0.0237,-5.4307,1.0936,8.0711,0.0002,0.0003,0.0000,1.0000,-0.1357,0.0273,0.2018
201596,Pelvis,2,-0.4181,0.5391,-0.4462,-0.5792,0.1741,0.2312,-0.2023,-1.1984,0.3656,1.0401,10.8314,1.2592,0.6688,0.0022,0.0029,-0.0025,1.0000,0.2709,0.0308,0.0160
201597,Left,2,-0.0190,-0.5302,-0.0202,-0.8474,0.1297,-1.9619,0.0518,3.8488,-2.7377,-4.3179,-3.5446,-2.5037,5.8033,0.0016,-0.0245,0.0006,0.9997,-0.0921,-0.0629,0.1428
201597,Right,2,-0.1395,-0.2596,0.2651,-0.9181,0.0235,0.0120,0.0080,-0.0737,-0.0068,-0.0344,-5.4337,1.1113,8.0536,0.0003,0.0002,0.0001,1.0000,-0.1358,0.0277,0.2014
201597,Pelvis,2,-0.4184,0.5357,-0.4474,-0.5812,0.1228,0.2696,-0.1446,-1.3931,0.3095,-0.0302,9.7457,1.4765,0.7586,0.0015,0.0034,-0.0018,1.0000,0.2438,0.0364,0.0182
201598,Left,2,-0.0172,-0.5040,-0.0185,-0.8633,-0.1118,-2.4462,-0.1750,2.0692,-1.4548,-5.1246,-3.2604,-1.2431,4.0261,-0.0014,-0.0306,-0.0022,0.9995,-0.0846,-0.0308,0.0981
201598,Right,2,-0.1397,-0.2596,0.2650,-0.9181,0.0240,0.0109,0.0119,-0.0748,-0.0070,-0.0210,-5.4437,1.1155,8.0625,0.0003,0.0001,0.0001,1.0000,-0.1361,0.0278,0.2016
201598,Pelvis,2,-0.4175,0.5331,-0.4484,-0.5835,0.0131,0.2727,-0.0860,-1.3395,0.3057,-0.5125,9.2565,1.4484,0.7757,0.0002,0.0034,-0.0011,1.0000,0.2315,0.0360,0.0186
201599,Right,2,-0.1398,-0.2596,0.2649,-0.9181,0.0239,0.0035,0.0110,-0.0700,0.0145,-0.0451,-5.4368,1.1366,8.0350,0.0003,0.0000,0.0001,1.0000,-0.1359,0.0283,0.2009
201600,Left,2,-0.0032,-0.4516,-0.0056,-0.8922,-0.2825,-2.3854,-0.7065,-2.1051,-2.7612,-3.9467,-6.1556,-2.5624,1.4345,-0.0071,-0.0596,-0.0177,0.9980,-0.3136,-0.1222,0.0540
201600,Right,2,-0.1400,-0.2595,0.2649,-0.9181,0.0265,0.0007,0.0136,-0.0724,-0.0019,-0.0210,-5.4448,1.1286,8.0599,0.0003,0.0000,0.0002,1.0000,-0.1361,0.0281,0.2015
201600,Pelvis,2,-0.4135,0.5314,-0.4468,-0.5890,-0.1888,0.1967,-0.0831,-1.3100,0.6401,-0.5565,9.2298,1.5289,0.5272,-0.0047,0.0049,-0.0021,1.0000,0.4618,0.0756,0.0237
201601,Left,2,0.0051,-0.4307,0.0133,-0.9024,0.0813,-1.8474,-1.6343,-5.5159,-0.8894,-0.4347,-10.7892,-0.9714,1.3605,0.0010,-0.0231,-0.0204,0.9995,-0.2708,-0.0188,0.0277
201601,Right,2,-0.1404,-0.2594,0.2648,-0.9181,0.0377,0.0045,0.0180,-0.0559,-0.0070,-0.0485,-5.4155,1.1362,8.0451,0.0005,0.0001,0.0002,1.0000,-0.1354,0.0283,0.2011
201601,Pelvis,2,-0.4106,0.5330,-0.4440,-0.5918,-0.4045,0.0537,-0.0617,-1.0964,0.8850,-0.7515,9.0574,1.4042,0.2873,-0.0051,0.0007,-0.0008,1.0000,0.2265,0.0350,0.0069
201602,Left,2,0.0124,-0.4083,0.0330,-0.9121,0.1898,-1.9474,-1.6654,-7.2292,1.3464,1.7091,-13.5133,0.6870,1.9504,0.0024,-0.0243,-0.0208,0.9995,-0.3384,0.0241,0.0406
201602,Right,2,-0.1407,-0.2592,0.2646,-0.9181,0.0349,-0.0058,0.0208,-0.0435,-0.0094,-0.0547,-5.4012,1.1476,8.0455,0.0004,-0.0001,0.0003,1.0000,-0.1351,0.0286,0.2011
201602,Pelvis,2,-0.4069,0.5359,-0.4403,-0.5945,-0.5284,-0.0193,-0.0213,-0.7942,0.9218,-0.8875,8.9352,1.1274,0.1784,-0.0066,-0.0002,-0.0003,1.0000,0.2234,0.0282,0.0043
201603,Left,2,0.0165,-0.3870,0.0529,-0.9204,0.4137,-1.8132,-1.5743,-8.7429,2.1986,0.9875,-14.0043,0.9465,0.9776,0.0052,-0.0227,-0.0197,0.9995,-0.3500,0.0305,0.0167
201603,Right,2,-0.1409,-0.2590,0.2645,-0.9182,0.0292,-0.0118,0.0212,-0.0099,0.0133,-0.0736,-5.3733,1.1892,8.0352,0.0004,-0.0001,0.0003,1.0000,-0.1344,0.0296,0.2009
201603,Pelvis,2,-0.4025,0.5399,-0.4361,-0.5969,-0.6077,-0.0725,0.0343,-0.5474,0.8840,-0.7829,9.0457,0.8766,0.1605,-0.0076,-0.0009,0.0004,1.0000,0.2261,0.0220,0.0041
201604,Left,2,0.0171,-0.3687,0.0726,-0.9265,0.6574,-1.5082,-1.4560,-8.2299,3.8873,-0.9597,-12.4766,2.3111,0.4926,0.0082,-0.0189,-0.0182,0.9996,-0.3110,0.0634,0.0070
201604,Right,2,-0.1410,-0.2587,0.2644,-0.9183,0.0184,-0.0174,0.0146,-0.0524,0.0007,-0.0485,-5.4090,1.1626,8.0457,0.0002,-0.0002,0.0002,1.0000,-0.1353,0.0290,0.2011
201604,Pelvis,2,-0.3975,0.5446,-0.4320,-0.5990,-0.6530,-0.1017,0.0938,-0.4215,0.8173,-0.5788,9.2494,0.7204,0.1999,-0.0082,-0.0013,0.0012,1.0000,0.2312,0.0183,0.0051
201605,Left,2,0.0179,-0.3599,0.0862,-0.9288,0.3940,-0.7021,-1.0227,-6.0722,5.4151,-2.6806,-10.0519,3.8833,0.9741,0.0049,-0.0088,-0.0128,0.9999,-0.2502,0.1002,0.0226
201605,Right,2,-0.1411,-0.2584,0.2643,-0.9184,0.0251,-0.0232,0.0228,-0.1280,-0.0402,0.0008,-5.4692,1.0970,8.0750,0.0003,-0.0003,0.0003,1.0000,-0.1368,0.0273,0.2018
201605,Pelvis,2,-0.3920,0.5498,-0.4284,-0.6004,-0.6556,-0.1128,0.1830,-0.4344,0.7674,-0.6139,9.2129,0.6807,0.2359,-0.0082,-0.0014,0.0023,1.0000,0.2303,0.0176,0.0061
201606,Left,2,0.0120,-0.3560,0.0925,-0.9298,0.6563,-0.2715,-0.2945,-1.6225,0.6310,1.9872,-9.1125,-0.7136,7.6631,0.0082,-0.0034,-0.0037,1.0000,-0.2285,-0.0186,0.1907
201606,Right,2,-0.1412,-0.2579,0.2641,-0.9186,0.0285,-0.0357,0.0260,-0.0211,0.0369,-0.0514,-5.3878,1.2195,8.0479,0.0004,-0.0004,0.0003,1.0000,-0.1348,0.0304,0.2011
201606,Pelvis,2,-0.3853,0.5560,-0.4252,-0.6014,-0.7163,-0.1357,0.2960,-0.5960,0.8289,-0.6908,9.1420,0.7942,0.2090,-0.0090,-0.0017,0.0037,1.0000,0.2285,0.0207,0.0054
201607,Left,2,0.0079,-0.3448,0.0931,-0.9340,0.4063,-0.9209,0.0995,1.3761,10.7803,5.4118,-10.8415,9.5485,11.8824,0.0051,-0.0115,0.0012,0.9999,-0.2747,0.2369,0.2951
201607,Right,2,-0.1412,-0.2575,0.2641,-0.9187,0.0158,-0.0235,0.0098,0.1441,0.1543,-0.1068,-5.2789,1.4054,8.0254,0.0002,-0.0003,0.0001,1.0000,-0.1320,0.0351,0.2006
201607,Pelvis,2,-0.3773,0.5630,-0.4218,-0.6024,-0.8030,-0.1274,0.3739,-1.1641,-0.8667,-0.2184,9.4702,0.6438,2.0146,-0.0100,-0.0016,0.0047,0.9999,0.2366,0.0177,0.0506
201608,Left,2,0.0073,-0.3429,0.0940,-0.9346,0.0907,-0.1519,-0.0371,0.3066,-2.9220,0.8745,-6.0979,-3.6571,8.5023,0.0011,-0.0019,-0.0005,1.0000,-0.1529,-0.0916,0.2122
201608,Right,2,-0.1410,-0.2579,0.2643,-0.9186,-0.0086,0.0226,-0.0217,0.1711,0.1361,-0.1352,-5.2360,1.3992,8.0204,-0.0001,0.0003,-0.0003,1.0000,-0.1308,0.0350,0.2005
201608,Pelvis,2,-0.3705,0.5692,-0.4168,-0.6042,-0.8170,-0.1492,0.1883,1.2026,-2.3138,2.3856,11.9744,-2.2580,2.6673,-0.0102,-0.0019,0.0024,0.9999,0.2994,-0.0551,0.0678
201609,Left,2,0.0071,-0.3432,0.0947,-0.9345,0.0291,0.0267,-0.0462,-0.6691,-0.3086,0.1069,-6.7911,-1.1925,7.1694,0.0004,0.0003,-0.0006,1.0000,-0.1697,-0.0298,0.1793
201609,Right,2,-0.1413,-0.2597,0.2645,-0.9179,0.0108,0.1525,-0.0417,0.5044,-0.2186,-0.4576,-4.6888,1.2484,8.0173,0.0001,0.0019,-0.0005,1.0000,-0.1168,0.0312,0.2007
201609,Pelvis,2,-0.3688,0.5694,-0.4130,-0.6077,-0.3686,0.0930,-0.2169,1.3546,-1.7184,2.3319,11.9730,-2.2048,2.0163,-0.0046,0.0012,-0.0027,1.0000,0.2992,-0.0557,0.0503
201610,Left,2,0.0072,-0.3422,0.0957,-0.9347,0.0261,-0.0784,-0.0673,-0.3412,0.1208,0.1788,-6.6639,-0.7258,7.4180,0.0003,-0.0010,-0.0008,1.0000,-0.1668,-0.0181,0.1853
201610,Right,2,-0.1432,-0.2662,0.2647,-0.9157,0.0421,0.5608,-0.0924,1.1591,-0.3173,-0.5866,-4.1771,1.5133,8.1749,0.0005,0.0070,-0.0012,1.0000,-0.1029,0.0378,0.2051
201610,Pelvis,2,-0.3662,0.5711,-0.4082,-0.6108,-0.4984,-0.0053,-0.1758,-1.7846,-0.4303,-1.1863,8.5400,1.2954,1.7816,-0.0062,-0.0001,-0.0022,1.0000,0.2136,0.0322,0.0444
201611,Left,2,0.0073,-0.3409,0.0963,-0.9351,0.0283,-0.1100,-0.0416,-0.0698,-0.0014,0.0470,-6.3356,-0.7933,7.5133,0.0004,-0.0014,-0.0005,1.0000,-0.1587,-0.0198,0.1876
201611,Right,2,-0.1476,-0.2817,0.2648,-0.9104,0.0698,1.3431,-0.2007,1.5953,-1.1258,-0.2183,-3.9524,1.1355,8.8861,0.0009,0.0168,-0.0025,0.9999,-0.0950,0.0284,0.2238
201611,Pelvis,2,-0.3628,0.5728,-0.4019,-0.6154,-0.6447,0.0454,-0.2566,-1.6135,0.3690,-2.1806,7.6076,1.4999,0.9293,-0.0081,0.0006,-0.0032,1.0000,0.1903,0.0371,0.0228
201612,Left,2,0.0074,-0.3405,0.0967,-0.9352,0.0048,-0.0287,-0.0261,0.0988,0.0124,0.0193,-6.1802,-0.7514,7.6104,0.0001,-0.0004,-0.0003,1.0000,-0.1546,-0.0187,0.1902
201612,Right,2,-0.1544,-0.3073,0.2656,-0.9006,0.0948,2.2260,-0.4101,1.3215,-1.2426,1.1607,-5.3416,1.0303,9.7028,0.0012,0.0278,-0.0051,0.9996,-0.1266,0.0261,0.2462
201612,Pelvis,2,-0.3607,0.5723,-0.3960,-0.6209,-0.5121,0.1708,-0.3840,-0.0182,-0.4101,-0.6019,9.1461,-0.2433,1.1390,-0.0064,0.0021,-0.0048,1.0000,0.2287,-0.0070,0.0280
201613,Right,2,-0.1625,-0.3345,0.2671,-0.8890,0.1976,2.3966,-0.4898,0.7276,-0.7561,1.6417,-6.7906,1.1022,9.2205,0.0025,0.0300,-0.0061,0.9995,-0.1626,0.0280,0.2355
201613,Pelvis,2,-0.3591,0.5728,-0.3906,-0.6248,-0.4601,0.0377,-0.3020,1.8312,-0.9381,2.0884,11.8487,-2.0811,1.0701,-0.0058,0.0005,-0.0038,1.0000,0.2960,-0.0530,0.0269
201614,Left,2,0.0075,-0.3406,0.0971,-0.9351,0.0022,0.0075,-0.0080,-0.1269,0.0444,0.1128,-6.4127,-0.7708,7.5377,0.0001,0.0002,-0.0002,1.0000,-0.3206,-0.0385,0.3769
201614,Right,2,-0.1650,-0.3562,0.2704,-0.8791,-0.0576,1.8293,-0.6592,2.0150,-1.1007,4.6583,-8.4712,1.8086,11.8191,-0.0007,0.0229,-0.0082,0.9997,-0.2046,0.0471,0.3002
201614,Pelvis,2,-0.3565,0.5732,-0.3871,-0.6281,-0.3984,0.1030,-0.1541,1.9452,-0.7165,1.3101,11.1047,-2.0324,0.7548,-0.0050,0.0013,-0.0019,1.0000,0.2775,-0.0512,0.0188
201615,Left,2,0.0074,-0.3410,0.0971,-0.9350,0.0056,0.0338,0.0021,-0.0201,0.0313,0.0198,-6.2750,-0.7600,7.5317,0.0001,0.0004,0.0000,1.0000,-0.1568,-0.0190,0.1884
201615,Right,2,-0.1630,-0.3656,0.2750,-0.8742,-0.1409,0.6998,-0.6073,2.2357,-2.9604,4.3924,-7.8752,0.2622,12.3882,-0.0018,0.0087,-0.0076,0.9999,-0.1941,0.0086,0.3114
201615,Pelvis,2,-0.3545,0.5743,-0.3843,-0.6299,-0.3138,0.0131,-0.0759,1.1341,-0.2310,0.6063,10.4098,-1.0685,0.6233,-0.0039,0.0002,-0.0009,1.0000,0.2602,-0.0269,0.0156
201616,Left,2,0.0072,-0.3415,0.0971,-0.9348,0.0094,0.0407,0.0119,-0.0931,0.0031,0.0241,-6.3339,-0.7996,7.4842,0.0001,0.0005,0.0001,1.0000,-0.1582,-0.0200,0.1872
201616,Right,2,-0.1624,-0.3712,0.2778,-0.8710,-0.0220,0.4332,-0.3518,1.9597,-2.5307,-1.9694,-3.7028,-0.1991,7.6166,-0.0003,0.0054,-0.0044,1.0000,-0.0916,-0.0045,0.1909
201616,Pelvis,2,-0.3518,0.5754,-0.3818,-0.6319,-0.3398,0.0387,-0.0385,0.6583,-0.0283,0.5527,10.3513,-0.5440,0.6550,-0.0042,0.0005,-0.0005,1.0000,0.2588,-0.0137,0.0163
201617,Left,2,0.0071,-0.3419,0.0971,-0.9347,0.0040,0.0364,0.0126,-0.1274,0.0618,0.0828,-6.4151,-0.7508,7.4982,0.0000,0.0005,0.0002,1.0000,-0.1603,-0.0188,0.1875
201617,Right,2,-0.1603,-0.3723,0.2798,-0.8703,-0.0966,0.0357,-0.2309,0.5943,-3.2741,-0.4395,-5.3770,-1.5430,8.2241,-0.0012,0.0004,-0.0029,1.0000,-0.1344,-0.0379,0.2057
201617,Pelvis,2,-0.3489,0.5760,-0.3795,-0.6344,-0.3428,0.0986,-0.0476,1.1419,-0.4130,-0.0337,9.7594,-1.1496,0.7317,-0.0043,0.0012,-0.0006,1.0000,0.2440,-0.0288,0.0181
201618,Left,2,0.0073,-0.3424,0.0970,-0.9345,-0.0173,0.0439,0.0040,-0.1434,0.0443,0.1293,-6.4608,-0.7757,7.5181,-0.0002,0.0005,0.0001,1.0000,-0.1614,-0.0194,0.1880
201618,Right,2,-0.1559,-0.3693,0.2840,-0.8710,-0.1060,-0.3819,-0.3621,-0.6895,-3.0441,-2.3425,-4.7429,-2.3316,6.1332,-0.0013,-0.0048,-0.0045,1.0000,-0.1196,-0.0575,0.1528
201618,Pelvis,2,-0.3468,0.5763,-0.3779,-0.6363,-0.2441,0.0886,-0.0335,1.6390,-0.7605,-0.6933,9.0986,-1.7519,0.7578,-0.0031,0.0011,-0.0004,1.0000,0.2275,-0.0438,0.0188
201619,Left,2,0.0076,-0.3428,0.0969,-0.9344,-0.0278,0.0293,0.0022,-0.0635,0.0420,-0.0253,-6.3085,-0.7564,7.4450,-0.0003,0.0004,0.0000,1.0000,-0.1576,-0.0188,0.1862
201619,Right,2,-0.1497,-0.3638,0.2883,-0.8730,-0.1974,-0.6340,-0.3682,-0.5956,-1.4360,-2.3752,-5.1873,-1.0749,5.4471,-0.0025,-0.0079,-0.0046,1.0000,-0.1309,-0.0259,0.1352
201619,Pelvis,2,-0.3459,0.5764,-0.3775,-0.6369,-0.0849,0.0293,0.0029,1.4416,-0.5333,-1.2252,8.5770,-1.4738,0.6086,-0.0011,0.0004,0.0000,1.0000,0.2144,-0.0368,0.0152
201620,Left,2,0.0080,-0.3429,0.0969,-0.9343,-0.0309,0.0086,-0.0001,-0.0059,0.0494,-0.0709,-6.2411,-0.7418,7.4434,-0.0004,0.0001,-0.0000,1.0000,-0.1560,-0.0185,0.1861
201620,Right,2,-0.1410,-0.3563,0.2894,-0.8772,-0.4360,-0.8465,-0.1426,-0.6091,-0.3078,-3.0161,-5.0801,-0.2993,4.5568,-0.0055,-0.0106,-0.0018,0.9999,-0.1282,-0.0066,0.1126
201620,Pelvis,2,-0.3467,0.5765,-0.3777,-0.6363,0.0639,-0.0558,-0.0084,0.9386,0.0354,-1.3652,8.4587,-0.7623,0.3327,0.0008,-0.0007,-0.0001,1.0000,0.2115,-0.0191,0.0084
201621,Left,2,0.0085,-0.3429,0.0969,-0.9343,-0.0371,-0.0036,-0.0090,-0.0315,0.0453,-0.0284,-6.2866,-0.7621,7.4588,-0.0005,-0.0000,-0.0001,1.0000,-0.1572,-0.0189,0.1865
201621,Right,2,-0.1322,-0.3479,0.2888,-0.8821,-0.4834,-0.9287,0.0041,-1.3685,-0.0706,-3.5422,-5.1512,-0.6529,3.7733,-0.0060,-0.0116,0.0001,0.9999,-0.1299,-0.0158,0.0929
201621,Pelvis,2,-0.3486,0.5765,-0.3778,-0.6352,0.1285,-0.1072,-0.0579,0.7711,0.2675,-1.0839,8.7501,-0.4962,0.2200,0.0016,-0.0013,-0.0007,1.0000,0.2187,-0.0126,0.0058
201622,Left,2,0.0092,-0.3427,0.0970,-0.9344,-0.0424,-0.0170,-0.0192,-0.0667,0.0365,-0.0260,-6.3102,-0.7879,7.4395,-0.0005,-0.0002,-0.0002,1.0000,-0.1578,-0.0196,0.1860
201622,Right,2,-0.1241,-0.3384,0.2892,-0.8868,-0.3806,-0.9884,-0.0419,-1.2176,0.7696,-2.6065,-5.9612,0.0909,4.2968,-0.0048,-0.0124,-0.0005,0.9999,-0.1503,0.0029,0.1056
201622,Pelvis,2,-0.3511,0.5766,-0.3774,-0.6339,0.1443,-0.1648,-0.0941,0.7678,0.2484,-0.7404,9.0921,-0.4829,0.2425,0.0018,-0.0021,-0.0012,1.0000,0.2273,-0.0124,0.0065
201623,Pelvis,2,-0.3543,0.5771,-0.3764,-0.6323,0.1469,-0.2255,-0.1467,0.7139,0.1512,-0.4003,9.4238,-0.4495,0.3410,0.0018,-0.0028,-0.0018,1.0000,0.2355,-0.0117,0.0092
201624,Left,2,0.0101,-0.3418,0.0974,-0.9347,-0.0230,-0.0399,-0.0213,-0.0184,-0.0427,-0.1116,-6.1947,-0.8642,7.4157,-0.0006,-0.0010,-0.0005,1.0000,-0.3101,-0.0428,0.3705
201624,Right,2,-0.1100,-0.3106,0.2892,-0.8988,-0.2253,-1.3040,0.0862,-0.0795,2.8181,-1.1723,-6.8857,2.4076,5.4244,-0.0056,-0.0326,0.0022,0.9995,-0.3531,0.1211,0.2591
201624,Pelvis,2,-0.3580,0.5772,-0.3746,-0.6311,0.1328,-0.2305,-0.2245,0.8040,-0.0557,-0.0896,9.7287,-0.5764,0.4561,0.0017,-0.0029,-0.0028,1.0000,0.2431,-0.0151,0.0121
201625,Left,2,0.0101,-0.3415,0.0975,-0.9348,0.0085,-0.0273,0.0011,0.0223,-0.1236,-0.1188,-6.1332,-0.9449,7.4484,0.0001,-0.0003,0.0000,1.0000,-0.1534,-0.0236,0.1862
201625,Right,2,-0.1046,-0.2928,0.2858,-0.9065,-0.1145,-1.5644,0.4550,0.7550,4.2954,-0.7211,-6.9728,4.1114,6.0140,-0.0014,-0.0196,0.0057,0.9998,-0.1778,0.1020,0.1468
201625,Pelvis,2,-0.3626,0.5770,-0.3722,-0.6301,0.1565,-0.2410,-0.3119,0.8840,-0.0821,0.2601,10.0863,-0.5856,0.4148,0.0020,-0.0030,-0.0039,1.0000,0.2521,-0.0156,0.0111
201626,Left,2,0.0098,-0.3413,0.0975,-0.9348,0.0224,-0.0122,0.0156,-0.0157,-0.0753,-0.0390,-6.2177,-0.9081,7.4864,0.0003,-0.0002,0.0002,1.0000,-0.1555,-0.0228,0.1871
201626,Right,2,-0.1036,-0.2762,0.2801,-0.9135,0.1241,-1.3401,0.6907,0.7610,3.9277,-2.6435,-5.4093,3.8555,4.8255,0.0016,-0.0167,0.0086,0.9998,-0.1381,0.0950,0.1185
201626,Pelvis,2,-0.3676,0.5764,-0.3695,-0.6294,0.1648,-0.2405,-0.3701,0.7490,0.1160,0.4571,10.2907,-0.2822,0.2568,0.0021,-0.0030,-0.0046,1.0000,0.2572,-0.0083,0.0072
201627,Left,2,0.0095,-0.3412,0.0974,-0.9349,0.0251,-0.0056,0.0201,-0.0624,-0.0125,0.0150,-6.2972,-0.8532,7.4970,0.0003,-0.0001,0.0003,1.0000,-0.1574,-0.0214,0.1874
201627,Right,2,-0.1179,-0.2686,0.2695,-0.9173,0.9671,-0.2292,1.2421,-4.7036,3.7665,-0.7205,-10.0516,0.9384,4.1325,0.0121,-0.0029,0.0155,0.9998,-0.2519,0.0183,0.1028
201628,Left,2,0.0091,-0.3411,0.0974,-0.9349,0.0278,-0.0023,0.0216,-0.0596,-0.0444,0.0396,-6.3040,-0.8790,7.5206,0.0003,-0.0000,0.0003,1.0000,-0.1576,-0.0221,0.1880
201628,Pelvis,2,-0.3756,0.5754,-0.3617,-0.6301,0.0250,-0.1986,-0.4097,-0.2406,-0.4999,0.5384,10.2881,0.4722,1.1782,0.0006,-0.0050,-0.0102,0.9999,0.5143,0.0183,0.0615
201629,Right,2,-0.1342,-0.2611,0.2595,-0.9201,0.5698,-0.0788,0.6087,-2.3370,-0.5041,4.8408,-9.5805,-0.3640,11.3381,0.0142,-0.0020,0.0152,0.9998,-0.4797,-0.0336,0.5656
201629,Pelvis,2,-0.3754,0.5753,-0.3577,-0.6326,-0.2668,0.0069,-0.2776,-2.8592,-0.0951,2.7291,12.2707,3.2465,2.0907,-0.0033,0.0001,-0.0035,1.0000,0.3071,0.0803,0.0520
201630,Left,2,0.0082,-0.3417,0.0969,-0.9348,0.0264,0.0280,0.0367,-0.0032,-0.0047,-0.0261,-6.2331,-0.8110,7.5011,0.0007,0.0007,0.0009,1.0000,-0.3114,-0.0411,0.3752
201630,Right,2,-0.1349,-0.2625,0.2591,-0.9197,0.0299,0.1306,0.0216,0.4179,1.4925,0.3440,-5.9032,2.6032,7.9959,0.0004,0.0016,0.0003,1.0000,-0.1473,0.0650,0.2002
201630,Pelvis,2,-0.3694,0.5764,-0.3532,-0.6376,-0.6902,0.2032,-0.0613,-1.8845,-0.3850,3.2632,12.8589,2.3116,1.9964,-0.0086,0.0025,-0.0008,1.0000,0.3216,0.0580,0.0486
201631,Left,2,0.0079,-0.3424,0.0966,-0.9345,0.0127,0.0626,0.0301,-0.0012,0.1193,-0.0196,-6.2703,-0.6777,7.4929,0.0002,0.0008,0.0004,1.0000,-0.1566,-0.0170,0.1874
201631,Right,2,-0.1346,-0.2633,0.2590,-0.9195,-0.0285,0.0647,-0.0043,-0.5418,-0.4190,0.1096,-5.7153,0.4651,8.1264,-0.0004,0.0008,-0.0001,1.0000,-0.1427,0.0117,0.2033
201631,Pelvis,2,-0.3645,0.5758,-0.3469,-0.6444,-0.7257,0.2924,-0.3118,0.8017,-1.1368,-0.3140,9.4995,-0.6129,1.2425,-0.0091,0.0037,-0.0039,0.9999,0.2375,-0.0160,0.0303
201632,Left,2,0.0077,-0.3432,0.0964,-0.9343,0.0050,0.0728,0.0249,-0.0381,0.0296,-0.0215,-6.2927,-0.7673,7.4621,0.0001,0.0009,0.0003,1.0000,-0.1571,-0.0192,0.1867
201632,Right,2,-0.1345,-0.2630,0.2587,-0.9197,-0.0020,-0.0248,0.0273,-0.2975,0.0170,0.0795,-5.7011,0.9530,8.0332,-0.0000,-0.0003,0.0003,1.0000,-0.1426,0.0238,0.2008
201632,Pelvis,2,-0.3642,0.5721,-0.3413,-0.6508,-0.3609,0.3221,-0.5612,2.0656,-1.0016,-1.4725,8.4797,-1.6412,0.4814,-0.0045,0.0040,-0.0070,1.0000,0.2117,-0.0425,0.0114
201633,Left,2,0.0074,-0.3440,0.0962,-0.9340,0.0055,0.0707,0.0330,-0.0223,0.0374,-0.0380,-6.2852,-0.7513,7.4483,0.0001,0.0009,0.0004,1.0000,-0.1570,-0.0189,0.1863
201633,Right,2,-0.1339,-0.2620,0.2585,-0.9201,-0.0202,-0.0924,0.0242,-0.0175,0.1878,-0.0255,-5.4957,1.2349,8.0061,-0.0003,-0.0012,0.0003,1.0000,-0.1376,0.0309,0.2000
201633,Pelvis,2,-0.3655,0.5670,-0.3376,-0.6565,-0.1263,0.3753,-0.5607,0.9864,-0.6712,-1.1102,8.7356,-0.3998,0.8287,-0.0016,0.0047,-0.0070,1.0000,0.2184,-0.0115,0.0197
201634,Left,2,0.0071,-0.3451,0.0958,-0.9336,0.0027,0.0919,0.0407,0.0877,-0.0047,-0.0403,-6.2097,-0.7679,7.5072,0.0000,0.0011,0.0005,1.0000,-0.1550,-0.0193,0.1879
201634,Right,2,-0.1331,-0.2608,0.2584,-0.9206,-0.0289,-0.1153,0.0128,-0.0324,0.0084,0.0003,-5.4262,1.0755,8.1052,-0.0004,-0.0014,0.0002,1.0000,-0.1360,0.0269,0.2024
201634,Pelvis,2,-0.3657,0.5624,-0.3357,-0.6612,-0.0854,0.3866,-0.3730,-0.4940,-0.4196,-0.1828,9.4569,1.1882,1.5205,-0.0011,0.0048,-0.0047,1.0000,0.2367,0.0286,0.0368
201635,Left,2,0.0069,-0.3468,0.0953,-0.9331,-0.0106,0.1459,0.0449,0.0837,0.0164,-0.0131,-6.2567,-0.7454,7.5058,-0.0001,0.0018,0.0006,1.0000,-0.1561,-0.0187,0.1879
201635,Right,2,-0.1328,-0.2600,0.2582,-0.9209,0.0003,-0.0666,0.0263,0.0107,-0.0611,-0.0495,-5.3199,1.0329,8.1213,0.0000,-0.0008,0.0003,1.0000,-0.1332,0.0258,0.2029
201635,Pelvis,2,-0.3637,0.5589,-0.3342,-0.6661,-0.2234,0.4108,-0.2296,-1.4154,-0.1086,0.5717,10.0535,2.2790,1.8934,-0.0028,0.0051,-0.0029,1.0000,0.2517,0.0564,0.0459
201636,Left,2,0.0068,-0.3494,0.0948,-0.9322,-0.0240,0.2188,0.0398,0.0890,0.0364,-0.0119,-6.2916,-0.7228,7.4804,-0.0003,0.0027,0.0005,1.0000,-0.1568,-0.0181,0.1874
201636,Right,2,-0.1328,-0.2597,0.2580,-0.9211,0.0142,-0.0212,0.0253,0.0605,0.0410,-0.0716,-5.3028,1.1447,8.0909,0.0002,-0.0003,0.0003,1.0000,-0.1326,0.0285,0.2022
201636,Pelvis,2,-0.3611,0.5561,-0.3311,-0.6714,-0.3602,0.3631,-0.2792,-0.4521,-0.3563,0.0927,9.6885,1.3273,1.6792,-0.0045,0.0045,-0.0035,1.0000,0.2425,0.0325,0.0407
201637,Right,2,-0.1329,-0.2597,0.2579,-0.9211,0.0113,0.0055,0.0100,0.0882,0.1314,-0.0784,-5.3131,1.2365,8.0637,0.0001,0.0001,0.0001,1.0000,-0.1328,0.0309,0.2016
201637,Pelvis,2,-0.3595,0.5530,-0.3268,-0.6768,-0.3462,0.3130,-0.3940,0.2571,-0.3030,-0.3755,9.3231,0.7657,1.3083,-0.0043,0.0039,-0.0049,1.0000,0.2333,0.0181,0.0317
201638,Left,2,0.0066,-0.3552,0.0941,-0.9300,-0.0225,0.2498,0.0295,-0.1330,0.0403,0.0362,-6.5543,-0.7605,7.3133,-0.0006,0.0062,0.0007,1.0000,-0.3254,-0.0381,0.3677
201638,Right,2,-0.1327,-0.2599,0.2580,-0.9210,-0.0035,0.0166,-0.0099,0.0330,0.0663,-0.0798,-5.3282,1.1503,8.0636,-0.0000,0.0002,-0.0001,1.0000,-0.1332,0.0288,0.2016
201638,Pelvis,2,-0.3585,0.5503,-0.3227,-0.6815,-0.3021,0.2555,-0.3866,0.0939,-0.1027,-0.6580,9.0077,1.0512,1.2595,-0.0038,0.0032,-0.0048,1.0000,0.2254,0.0253,0.0307
201639,Left,2,0.0063,-0.3578,0.0938,-0.9290,-0.0049,0.2283,0.0320,-0.0044,-0.0362,0.0241,-6.5052,-0.8125,7.3340,-0.0001,0.0029,0.0004,1.0000,-0.1621,-0.0204,0.1838
201639,Right,2,-0.1324,-0.2598,0.2581,-0.9211,-0.0062,-0.0131,-0.0062,-0.0752,0.0153,-0.0660,-5.3945,1.0459,8.0505,-0.0001,-0.0002,-0.0001,1.0000,-0.1349,0.0262,0.2012
201639,Pelvis,2,-0.3569,0.5481,-0.3196,-0.6856,-0.2854,0.2483,-0.2708,-0.0513,-0.0566,-0.6193,9.0029,1.2654,1.3679,-0.0036,0.0031,-0.0034,1.0000,0.2253,0.0310,0.0334
201640,Left,2,0.0057,-0.3613,0.0934,-0.9277,0.0096,0.3010,0.0449,0.2103,-0.0118,-0.0754,-6.3365,-0.7388,7.3595,0.0001,0.0038,0.0006,1.0000,-0.1577,-0.0186,0.1846
201640,Right,2,-0.1323,-0.2600,0.2581,-0.9210,0.0026,0.0099,-0.0053,0.0415,0.0198,-0.1030,-5.2901,1.1053,8.0668,0.0000,0.0001,-0.0001,1.0000,-0.1322,0.0276,0.2017
201640,Pelvis,2,-0.3547,0.5455,-0.3176,-0.6897,-0.2552,0.3215,-0.1996,0.0998,-0.2771,-0.0526,9.5592,1.1428,1.6317,-0.0032,0.0040,-0.0025,1.0000,0.2392,0.0281,0.0397
201641,Left,2,0.0049,-0.3662,0.0930,-0.9258,0.0073,0.4279,0.0454,0.2363,0.1230,-0.0500,-6.4259,-0.5965,7.3304,0.0001,0.0053,0.0006,1.0000,-0.1597,-0.0150,0.1841
201641,Pelvis,2,-0.3532,0.5426,-0.3148,-0.6941,-0.2572,0.3023,-0.2843,0.1446,-0.1867,0.3775,9.9732,1.2643,1.6838,-0.0032,0.0038,-0.0036,1.0000,0.2496,0.0309,0.0411
201642,Left,2,0.0044,-0.3714,0.0931,-0.9238,0.0034,0.4489,0.0038,-0.1338,0.1603,0.0201,-6.8231,-0.6239,7.0558,0.0000,0.0056,0.0000,1.0000,-0.1696,-0.0156,0.1773
201642,Right,2,-0.1325,-0.2609,0.2583,-0.9207,0.0129,0.0425,-0.0125,0.0180,-0.0008,-0.0439,-5.3408,1.0801,8.1079,0.0003,0.0011,-0.0003,1.0000,-0.2666,0.0540,0.4057
201642,Pelvis,2,-0.3526,0.5398,-0.3112,-0.6982,-0.2325,0.2387,-0.3582,0.1466,-0.0034,0.4045,9.9875,1.4369,1.6117,-0.0029,0.0030,-0.0045,1.0000,0.2500,0.0349,0.0394
201643,Left,2,0.0040,-0.3755,0.0935,-0.9221,0.0131,0.3611,-0.0269,-0.3216,0.0249,0.0099,-6.9950,-0.7897,6.8582,0.0002,0.0045,-0.0003,1.0000,-0.1741,-0.0197,0.1722
201643,Right,2,-0.1326,-0.2613,0.2584,-0.9205,0.0116,0.0377,-0.0109,-0.0468,0.0298,-0.0395,-5.4151,1.0669,8.0657,0.0001,0.0005,-0.0001,1.0000,-0.1353,0.0267,0.2017
201643,Pelvis,2,-0.3521,0.5375,-0.3082,-0.7016,-0.1984,0.1957,-0.3050,-0.0998,0.1368,-0.0481,9.4777,1.7161,1.6139,-0.0025,0.0024,-0.0038,1.0000,0.2372,0.0421,0.0397
201644,Left,2,0.0037,-0.3780,0.0939,-0.9210,0.0159,0.2192,-0.0204,-0.3606,-0.0729,-0.0143,-7.0369,-0.8936,6.7696,0.0002,0.0027,-0.0003,1.0000,-0.1755,-0.0223,0.1697
201644,Right,2,-0.1327,-0.2617,0.2585,-0.9204,0.0164,0.0327,-0.0046,-0.0544,0.0183,-0.0437,-5.4207,1.0519,8.0589,0.0002,0.0004,-0.0001,1.0000,-0.1354,0.0263,0.2015
201644,Pelvis,2,-0.3511,0.5359,-0.3060,-0.7042,-0.1820,0.1556,-0.1918,-0.1990,0.1138,-0.2070,9.2809,1.8072,1.7095,-0.0023,0.0019,-0.0024,1.0000,0.2322,0.0447,0.0422
201645,Left,2,0.0035,-0.3788,0.0938,-0.9207,0.0072,0.0711,0.0144,-0.3115,-0.1180,-0.0015,-7.0277,-0.9304,6.7909,0.0001,0.0009,0.0002,1.0000,-0.1755,-0.0233,0.1699
201645,Right,2,-0.1329,-0.2619,0.2585,-0.9203,0.0208,0.0238,0.0022,-0.0395,-0.0031,-0.0602,-5.3973,1.0414,8.0559,0.0003,0.0003,0.0000,1.0000,-0.1349,0.0260,0.2014
201645,Pelvis,2,-0.3496,0.5346,-0.3049,-0.7064,-0.1607,0.1702,-0.0920,-0.1263,0.0613,-0.0836,9.4014,1.7639,1.7827,-0.0020,0.0021,-0.0011,1.0000,0.2352,0.0439,0.0440
201646,Left,2,0.0034,-0.3782,0.0935,-0.9210,0.0024,-0.0494,0.0389,-0.2360,-0.0174,0.0066,-7.0005,-0.8152,6.8413,0.0000,-0.0006,0.0005,1.0000,-0.1751,-0.0205,0.1709
201646,Right,2,-0.1331,-0.2621,0.2584,-0.9202,0.0224,0.0235,0.0053,-0.0087,-0.0127,-0.0575,-5.3767,1.0527,8.0713,0.0003,0.0003,0.0001,1.0000,-0.1344,0.0263,0.2018
201646,Pelvis,2,-0.3477,0.5336,-0.3042,-0.7084,-0.1693,0.1605,-0.0371,-0.2224,0.0574,-0.0132,9.4354,1.8574,1.8987,-0.0021,0.0020,-0.0005,1.0000,0.2360,0.0464,0.0469
201647,Left,2,0.0033,-0.3767,0.0930,-0.9216,0.0082,-0.1265,0.0458,-0.1007,0.0245,0.0098,-6.9010,-0.7444,6.9508,0.0001,-0.0016,0.0006,1.0000,-0.1728,-0.0187,0.1735
201647,Right,2,-0.1334,-0.2623,0.2584,-0.9201,0.0254,0.0249,0.0093,-0.0185,0.0326,-0.0653,-5.4022,1.0874,8.0403,0.0003,0.0003,0.0001,1.0000,-0.1350,0.0271,0.2011
201647,Pelvis,2,-0.3455,0.5331,-0.3034,-0.7102,-0.1977,0.1354,-0.0188,-0.3805,0.0614,-0.0837,9.3201,1.9712,2.0131,-0.0025,0.0017,-0.0002,1.0000,0.2331,0.0493,0.0498
201648,Left,2,0.0032,-0.3751,0.0927,-0.9223,0.0079,-0.1367,0.0374,0.0392,0.0476,-0.0360,-6.7528,-0.6874,7.0367,0.0001,-0.0017,0.0005,1.0000,-0.1691,-0.0173,0.1756
201648,Right,2,-0.1336,-0.2624,0.2583,-0.9201,0.0235,0.0169,0.0051,-0.0047,0.0247,-0.0794,-5.3847,1.0901,8.0345,0.0003,0.0002,0.0001,1.0000,-0.1346,0.0272,0.2009
201648,Pelvis,2,-0.3431,0.5326,-0.3023,-0.7122,-0.2263,0.1354,-0.0230,-0.2175,-0.1724,-0.0453,9.3748,1.7051,2.1644,-0.0028,0.0017,-0.0003,1.0000,0.2345,0.0427,0.0536
201649,Left,2,0.0032,-0.3740,0.0925,-0.9228,0.0028,-0.0931,0.0278,0.1034,0.0502,-0.0421,-6.6838,-0.6684,7.0964,0.0000,-0.0012,0.0003,1.0000,-0.1673,-0.0168,0.1772
201649,Right,2,-0.1337,-0.2626,0.2583,-0.9200,0.0177,0.0144,0.0039,0.0052,0.0196,-0.0722,-5.3820,1.0943,8.0444,0.0002,0.0002,0.0000,1.0000,-0.1345,0.0273,0.2011
201649,Pelvis,2,-0.3409,0.5321,-0.3011,-0.7142,-0.2201,0.1273,-0.0430,-0.1207,-0.2257,0.0459,9.4750,1.6069,2.2138,-0.0028,0.0016,-0.0005,1.0000,0.2370,0.0402,0.0549
201650,Left,2,0.0032,-0.3736,0.0923,-0.9230,-0.0012,-0.0336,0.0165,0.0937,0.0528,-0.0161,-6.6977,-0.6669,7.1190,-0.0000,-0.0004,0.0002,1.0000,-0.1675,-0.0167,0.1779
201650,Right,2,-0.1338,-0.2626,0.2583,-0.9200,0.0162,0.0120,0.0027,0.0010,0.0090,-0.0400,-5.4008,1.0879,8.0718,0.0002,0.0002,0.0000,1.0000,-0.1350,0.0272,0.2018
201650,Pelvis,2,-0.3388,0.5318,-0.2997,-0.7159,-0.2146,0.0959,-0.0425,-0.2174,-0.0384,0.0994,9.5066,1.7995,2.1641,-0.0027,0.0012,-0.0005,1.0000,0.2378,0.0450,0.0537
201651,Left,2,0.0032,-0.3739,0.0923,-0.9229,-0.0027,0.0263,0.0099,0.0602,0.0342,-0.0272,-6.7095,-0.6893,7.0899,-0.0000,0.0003,0.0001,1.0000,-0.1677,-0.0172,0.1773
201651,Right,2,-0.1339,-0.2627,0.2583,-0.9200,0.0164,0.0087,0.0048,-0.0157,0.0051,-0.0513,-5.4067,1.0756,8.0558,0.0002,0.0001,0.0001,1.0000,-0.1351,0.0268,0.2014
201651,Pelvis,2,-0.3369,0.5316,-0.2986,-0.7174,-0.1965,0.0852,-0.0286,-0.2036,-0.0299,0.1065,9.5110,1.7910,2.1833,-0.0025,0.0011,-0.0004,1.0000,0.2378,0.0448,0.0542
201652,Left,2,0.0032,-0.3746,0.0922,-0.9226,-0.0057,0.0612,0.0087,0.0210,-0.0030,-0.0395,-6.7296,-0.7320,7.0493,-0.0001,0.0008,0.0001,1.0000,-0.1681,-0.0183,0.1764
201652,Right,2,-0.1339,-0.2627,0.2583,-0.9200,0.0155,0.0040,0.0065,-0.0137,0.0238,-0.0623,-5.4074,1.0923,8.0397,0.0002,0.0000,0.0001,1.0000,-0.1352,0.0273,0.2010
201652,Pelvis,2,-0.3350,0.5315,-0.2978,-0.7187,-0.1743,0.0762,-0.0024,-0.0985,-0.1078,0.0716,9.4935,1.6487,2.2079,-0.0022,0.0010,-0.0000,1.0000,0.2374,0.0413,0.0549
201653,Left,2,0.0032,-0.3754,0.0920,-0.9223,-0.0062,0.0672,0.0197,-0.0532,-0.0319,-0.0134,-6.8059,-0.7748,7.0079,-0.0001,0.0008,0.0002,1.0000,-0.1700,-0.0194,0.1753
201653,Right,2,-0.1340,-0.2626,0.2582,-0.9200,0.0159,-0.0011,0.0080,-0.0005,0.0078,-0.0709,-5.3862,1.0868,8.0442,0.0002,-0.0000,0.0001,1.0000,-0.1347,0.0271,0.2011
201653,Pelvis,2,-0.3330,0.5317,-0.2973,-0.7197,-0.1650,0.0643,0.0322,-0.2360,-0.0892,-0.0254,9.3625,1.7377,2.2755,-0.0021,0.0008,0.0004,1.0000,0.2341,0.0437,0.0566
201654,Left,2,0.0031,-0.3759,0.0918,-0.9221,-0.0061,0.0478,0.0254,-0.0896,0.0009,-0.0133,-6.8471,-0.7472,6.9710,-0.0001,0.0006,0.0003,1.0000,-0.1711,-0.0187,0.1744
201654,Right,2,-0.1340,-0.2625,0.2582,-0.9200,0.0133,-0.0061,0.0069,0.0105,0.0189,-0.0747,-5.3793,1.1030,8.0421,0.0002,-0.0001,0.0001,1.0000,-0.1345,0.0275,0.2010
201654,Pelvis,2,-0.3309,0.5319,-0.2971,-0.7207,-0.1595,0.0669,0.0518,-0.2822,-0.1570,-0.1645,9.2095,1.6903,2.3497,-0.0020,0.0008,0.0006,1.0000,0.2303,0.0425,0.0585
201655,Left,2,0.0031,-0.3762,0.0915,-0.9220,-0.0059,0.0265,0.0278,-0.0662,0.0052,-0.0122,-6.8388,-0.7369,6.9816,-0.0001,0.0003,0.0003,1.0000,-0.1709,-0.0185,0.1746
201655,Right,2,-0.1340,-0.2624,0.2582,-0.9201,0.0142,-0.0031,0.0059,0.0022,-0.0006,-0.0733,-5.3766,1.0835,8.0482,0.0002,-0.0000,0.0001,1.0000,-0.1344,0.0270,0.2012
201655,Pelvis,2,-0.3289,0.5320,-0.2970,-0.7215,-0.1430,0.0716,0.0631,-0.2661,-0.1994,-0.2341,9.1414,1.6178,2.3827,-0.0018,0.0009,0.0008,1.0000,0.2286,0.0407,0.0593
201656,Left,2,0.0030,-0.3764,0.0912,-0.9220,-0.0042,0.0180,0.0344,-0.0182,0.0136,-0.0317,-6.7970,-0.7161,6.9968,-0.0001,0.0002,0.0004,1.0000,-0.1699,-0.0180,0.1750
201656,Right,2,-0.1341,-0.2624,0.2581,-0.9201,0.0138,-0.0002,0.0076,-0.0071,-0.0066,-0.0695,-5.3821,1.0750,8.0503,0.0002,-0.0000,0.0001,1.0000,-0.1346,0.0268,0.2013
201656,Pelvis,2,-0.3271,0.5321,-0.2970,-0.7223,-0.1303,0.0625,0.0582,-0.3632,-0.1166,-0.1490,9.2032,1.7341,2.4137,-0.0016,0.0008,0.0007,1.0000,0.2301,0.0436,0.0601
201657,Left,2,0.0029,-0.3766,0.0909,-0.9219,-0.0023,0.0209,0.0306,-0.0005,0.0295,-0.0259,-6.7949,-0.6943,7.0092,-0.0000,0.0003,0.0004,1.0000,-0.1698,-0.0174,0.1753
201657,Right,2,-0.1341,-0.2624,0.2581,-0.9201,0.0149,0.0030,0.0072,-0.0154,0.0036,-0.0767,-5.3879,1.0794,8.0371,0.0002,0.0000,0.0001,1.0000,-0.1347,0.0269,0.2009
201657,Pelvis,2,-0.3252,0.5323,-0.2968,-0.7231,-0.1426,0.0503,0.0492,-0.4144,-0.0142,-0.1041,9.2403,1.8218,2.3928,-0.0018,0.0006,0.0006,1.0000,0.2310,0.0458,0.0596
201658,Left,2,0.0028,-0.3769,0.0907,-0.9218,-0.0005,0.0252,0.0225,-0.0075,-0.0070,-0.0412,-6.7870,-0.7273,6.9921,-0.0000,0.0003,0.0003,1.0000,-0.1696,-0.0182,0.1749
201658,Right,2,-0.1342,-0.2624,0.2580,-0.9201,0.0144,0.0031,0.0058,0.0019,0.0262,-0.0630,-5.3920,1.1104,8.0467,0.0002,0.0000,0.0001,1.0000,-0.1348,0.0277,0.2012
201658,Pelvis,2,-0.3233,0.5327,-0.2963,-0.7238,-0.1601,0.0394,0.0380,-0.4505,-0.0512,-0.1715,9.1622,1.7966,2.4463,-0.0020,0.0005,0.0005,1.0000,0.2291,0.0451,0.0610
201659,Left,2,0.0027,-0.3772,0.0904,-0.9217,-0.0007,0.0318,0.0266,0.0007,0.0102,-0.0094,-6.8112,-0.7085,7.0150,-0.0000,0.0004,0.0003,1.0000,-0.1702,-0.0178,0.1754
201659,Right,2,-0.1342,-0.2623,0.2580,-0.9201,0.0119,0.0010,0.0034,0.0151,0.0102,-0.0716,-5.3710,1.1040,8.0512,0.0001,0.0000,0.0000,1.0000,-0.1343,0.0276,0.2013
201659,Pelvis,2,-0.3215,0.5330,-0.2954,-0.7247,-0.1718,0.0315,0.0132,-0.4057,-0.1581,-0.1827,9.1527,1.6774,2.5183,-0.0021,0.0004,0.0002,1.0000,0.2288,0.0421,0.0628
201660,Left,2,0.0026,-0.3777,0.0902,-0.9215,-0.0016,0.0415,0.0216,-0.0253,0.0611,-0.0212,-6.8361,-0.6594,6.9793,-0.0000,0.0005,0.0003,1.0000,-0.1708,-0.0165,0.1746
201660,Right,2,-0.1342,-0.2624,0.2581,-0.9201,0.0111,0.0043,-0.0006,0.0271,0.0078,-0.0778,-5.3578,1.1078,8.0520,0.0001,0.0001,-0.0000,1.0000,-0.1339,0.0277,0.2013
201660,Pelvis,2,-0.3201,0.5331,-0.2943,-0.7258,-0.1558,0.0430,-0.0299,-0.2846,-0.1614,-0.0777,9.2817,1.5886,2.4907,-0.0019,0.0005,-0.0004,1.0000,0.2321,0.0397,0.0621
201661,Left,2,0.0026,-0.3782,0.0902,-0.9213,-0.0020,0.0467,0.0132,-0.0076,0.0467,-0.0212,-6.8288,-0.6692,6.9853,-0.0000,0.0006,0.0002,1.0000,-0.1706,-0.0168,0.1747
201661,Right,2,-0.1341,-0.2624,0.2581,-0.9201,0.0101,0.0081,-0.0035,0.0161,0.0073,-0.0661,-5.3730,1.1020,8.0568,0.0001,0.0001,-0.0000,1.0000,-0.1343,0.0275,0.2014
201661,Pelvis,2,-0.3189,0.5329,-0.2932,-0.7269,-0.1389,0.0535,-0.0496,-0.2757,-0.0838,0.0214,9.3812,1.6442,2.4662,-0.0017,0.0007,-0.0006,1.0000,0.2346,0.0411,0.0614
201662,Left,2,0.0026,-0.3786,0.0901,-0.9212,-0.0004,0.0371,0.0078,-0.0734,0.0276,-0.0293,-6.8729,-0.6979,6.9280,-0.0000,0.0005,0.0001,1.0000,-0.1717,-0.0175,0.1733
201662,Right,2,-0.1341,-0.2626,0.2582,-0.9200,0.0097,0.0122,-0.0024,0.0067,0.0014,-0.0623,-5.3812,1.0914,8.0574,0.0001,0.0002,-0.0000,1.0000,-0.1345,0.0273,0.2015
201662,Pelvis,2,-0.3177,0.5325,-0.2923,-0.7280,-0.1293,0.0671,-0.0403,-0.2702,-0.0292,0.0151,9.3755,1.6745,2.4403,-0.0016,0.0008,-0.0005,1.0000,0.2345,0.0418,0.0607
201663,Left,2,0.0026,-0.3788,0.0900,-0.9211,-0.0028,0.0166,0.0116,-0.0662,-0.0047,-0.0175,-6.8750,-0.7293,6.9392,-0.0000,0.0002,0.0001,1.0000,-0.1718,-0.0183,0.1735
201663,Right,2,-0.1341,-0.2626,0.2582,-0.9200,0.0067,0.0075,-0.0028,-0.0101,0.0271,-0.0822,-5.3944,1.1001,8.0233,0.0001,0.0001,-0.0000,1.0000,-0.1348,0.0275,0.2006
201663,Pelvis,2,-0.3165,0.5322,-0.2916,-0.7291,-0.1168,0.0657,-0.0242,-0.1864,-0.0440,-0.0375,9.3401,1.5925,2.4122,-0.0015,0.0008,-0.0003,1.0000,0.2336,0.0398,0.0601
201664,Left,2,0.0025,-0.3788,0.0900,-0.9211,-0.0009,0.0062,0.0140,-0.0409,0.0079,0.0060,-6.8776,-0.7139,6.9712,-0.0000,0.0001,0.0002,1.0000,-0.1719,-0.0179,0.1743
201664,Right,2,-0.1341,-0.2627,0.2582,-0.9200,0.0088,0.0055,-0.0018,-0.0019,-0.0020,-0.0585,-5.3907,1.0817,8.0570,0.0001,0.0001,-0.0000,1.0000,-0.1348,0.0270,0.2014
201664,Pelvis,2,-0.3153,0.5320,-0.2912,-0.7299,-0.1040,0.0619,-0.0095,-0.1410,-0.1095,0.0718,9.4465,1.5295,2.4821,-0.0013,0.0008,-0.0001,1.0000,0.2362,0.0383,0.0618
201665,Left,2,0.0025,-0.3789,0.0898,-0.9211,-0.0018,0.0069,0.0157,-0.0242,0.0046,-0.0023,-6.8605,-0.7128,6.9763,-0.0000,0.0001,0.0002,1.0000,-0.1715,-0.0179,0.1744
201665,Right,2,-0.1340,-0.2627,0.2582,-0.9199,0.0101,0.0071,-0.0009,0.0123,-0.0019,-0.0781,-5.3703,1.0865,8.0463,0.0001,0.0001,-0.0000,1.0000,-0.1342,0.0271,0.2012
201665,Pelvis,2,-0.3142,0.5317,-0.2907,-0.7308,-0.1017,0.0595,-0.0061,-0.1083,-0.1459,0.1118,9.4859,1.4821,2.5199,-0.0013,0.0007,-0.0001,1.0000,0.2372,0.0371,0.0628
201666,Left,2,0.0025,-0.3790,0.0897,-0.9210,-0.0023,0.0108,0.0125,-0.0293,0.0066,0.0107,-6.8748,-0.7118,6.9807,-0.0000,0.0001,0.0002,1.0000,-0.1718,-0.0178,0.1745
201666,Right,2,-0.1340,-0.2628,0.2583,-0.9199,0.0098,0.0069,-0.0014,-0.0095,0.0108,-0.0657,-5.3991,1.0858,8.0421,0.0001,0.0001,-0.0000,1.0000,-0.1350,0.0271,0.2011
201666,Pelvis,2,-0.3131,0.5315,-0.2902,-0.7316,-0.1013,0.0551,-0.0120,-0.1288,-0.1079,0.0511,9.4214,1.5075,2.5073,-0.0013,0.0007,-0.0002,1.0000,0.2356,0.0377,0.0625
201667,Left,2,0.0025,-0.3791,0.0897,-0.9210,-0.0023,0.0140,0.0106,0.0120,0.0376,-0.0124,-6.8369,-0.6727,6.9893,-0.0000,0.0002,0.0001,1.0000,-0.1709,-0.0168,0.1748
201667,Right,2,-0.1340,-0.2628,0.2583,-0.9199,0.0096,0.0050,-0.0012,-0.0070,0.0078,-0.0736,-5.3925,1.0830,8.0373,0.0001,0.0001,-0.0000,1.0000,-0.1348,0.0271,0.2009
201667,Pelvis,2,-0.3120,0.5313,-0.2896,-0.7324,-0.1025,0.0485,-0.0169,-0.0986,-0.1020,-0.0241,9.3538,1.4733,2.4842,-0.0013,0.0006,-0.0002,1.0000,0.2339,0.0369,0.0619
201669,Left,2,0.0026,-0.3797,0.0897,-0.9207,-0.0032,0.0279,0.0053,-0.0163,0.0161,0.0006,-6.8679,-0.6997,6.9745,-0.0001,0.0007,0.0001,1.0000,-0.3431,-0.0350,0.3490
201669,Right,2,-0.1340,-0.2628,0.2583,-0.9199,0.0097,0.0016,0.0007,-0.0000,0.0072,-0.0518,-5.3995,1.0891,8.0582,0.0002,0.0000,0.0000,1.0000,-0.2700,0.0544,0.4029
201669,Pelvis,2,-0.3102,0.5311,-0.2883,-0.7339,-0.0969,0.0365,-0.0200,-0.0229,-0.0961,0.0201,9.4120,1.4230,2.4662,-0.0024,0.0009,-0.0005,1.0000,0.4707,0.0712,0.1227
201670,Left,2,0.0026,-0.3800,0.0897,-0.9206,-0.0026,0.0236,0.0017,-0.0300,-0.0171,-0.0169,-6.8656,-0.7356,6.9484,-0.0000,0.0003,0.0000,1.0000,-0.1716,-0.0184,0.1738
201670,Right,2,-0.1339,-0.2628,0.2583,-0.9199,0.0091,-0.0011,0.0025,-0.0149,0.0071,-0.0697,-5.3995,1.0768,8.0381,0.0001,-0.0000,0.0000,1.0000,-0.1350,0.0269,0.2010
201670,Pelvis,2,-0.3092,0.5311,-0.2878,-0.7345,-0.0954,0.0259,-0.0092,-0.0360,-0.0830,-0.0228,9.3642,1.4300,2.4733,-0.0012,0.0003,-0.0001,1.0000,0.2341,0.0358,0.0617
201671,Left,2,0.0027,-0.3801,0.0897,-0.9206,-0.0022,0.0117,0.0069,-0.0342,-0.0140,-0.0258,-6.8655,-0.7336,6.9362,-0.0000,0.0001,0.0001,1.0000,-0.1716,-0.0183,0.1734
201671,Right,2,-0.1339,-0.2627,0.2583,-0.9199,0.0099,-0.0030,0.0016,0.0067,0.0051,-0.0742,-5.3795,1.0862,8.0448,0.0001,-0.0000,0.0000,1.0000,-0.1345,0.0271,0.2011
201671,Pelvis,2,-0.3082,0.5312,-0.2872,-0.7351,-0.0941,0.0215,-0.0065,-0.0344,-0.1262,-0.0501,9.3324,1.3919,2.5089,-0.0012,0.0003,-0.0001,1.0000,0.2333,0.0349,0.0626
201672,Left,2,0.0027,-0.3801,0.0896,-0.9206,0.0003,0.0048,0.0097,-0.0298,0.0050,-0.0029,-6.8828,-0.7159,6.9533,0.0000,0.0001,0.0001,1.0000,-0.1721,-0.0179,0.1738
201672,Right,2,-0.1339,-0.2627,0.2583,-0.9200,0.0102,-0.0026,0.0042,0.0052,0.0052,-0.0608,-5.3869,1.0868,8.0560,0.0001,-0.0000,0.0001,1.0000,-0.1347,0.0271,0.2014
201672,Pelvis,2,-0.3072,0.5313,-0.2867,-0.7356,-0.0964,0.0208,-0.0022,0.0030,-0.0918,-0.0322,9.3612,1.3830,2.4743,-0.0012,0.0003,-0.0000,1.0000,0.2340,0.0346,0.0618
201673,Left,2,0.0026,-0.3801,0.0896,-0.9206,0.0004,0.0012,0.0103,-0.0150,0.0117,0.0024,-6.8775,-0.7068,6.9669,0.0000,0.0000,0.0001,1.0000,-0.1719,-0.0177,0.1742
201673,Right,2,-0.1338,-0.2626,0.2583,-0.9200,0.0097,-0.0047,0.0039,-0.0133,0.0068,-0.0642,-5.3978,1.0776,8.0458,0.0001,-0.0001,0.0000,1.0000,-0.1350,0.0269,0.2011
201673,Pelvis,2,-0.3062,0.5315,-0.2862,-0.7361,-0.1009,0.0146,0.0048,-0.0267,-0.1449,-0.0028,9.3749,1.3678,2.5487,-0.0013,0.0002,0.0001,1.0000,0.2344,0.0343,0.0636
201674,Left,2,0.0026,-0.3801,0.0895,-0.9206,0.0009,0.0039,0.0098,-0.0136,0.0031,-0.0111,-6.8657,-0.7135,6.9587,0.0000,0.0000,0.0001,1.0000,-0.1716,-0.0179,0.1740
201674,Right,2,-0.1338,-0.2625,0.2583,-0.9201,0.0116,-0.0068,0.0064,-0.0092,-0.0016,-0.0800,-5.3809,1.0714,8.0389,0.0001,-0.0001,0.0001,1.0000,-0.1345,0.0267,0.2010
201674,Pelvis,2,-0.3051,0.5317,-0.2857,-0.7366,-0.0997,0.0161,0.0110,0.0083,-0.1607,-0.0000,9.3846,1.3226,2.5485,-0.0012,0.0002,0.0001,1.0000,0.2346,0.0332,0.0636
201675,Left,2,0.0026,-0.3802,0.0895,-0.9206,0.0012,0.0072,0.0119,-0.0216,0.0079,-0.0288,-6.8603,-0.7081,6.9397,0.0000,0.0001,0.0001,1.0000,-0.1715,-0.0177,0.1735
201675,Right,2,-0.1338,-0.2624,0.2583,-0.9201,0.0110,-0.0054,0.0060,0.0044,0.0200,-0.1028,-5.3652,1.0948,8.0187,0.0001,-0.0001,0.0001,1.0000,-0.1341,0.0273,0.2005
201675,Pelvis,2,-0.3040,0.5319,-0.2854,-0.7370,-0.0892,0.0209,0.0149,0.0470,-0.1921,-0.0030,9.3882,1.2630,2.5567,-0.0011,0.0003,0.0002,1.0000,0.2347,0.0317,0.0638
201676,Left,2,0.0026,-0.3803,0.0894,-0.9205,0.0021,0.0109,0.0097,-0.0220,0.0093,-0.0288,-6.8621,-0.7060,6.9382,0.0000,0.0001,0.0001,1.0000,-0.1715,-0.0177,0.1735
201676,Right,2,-0.1338,-0.2623,0.2583,-0.9201,0.0119,-0.0033,0.0033,0.0216,0.0131,-0.0804,-5.3607,1.1013,8.0478,0.0001,-0.0000,0.0000,1.0000,-0.1340,0.0275,0.2012
201676,Pelvis,2,-0.3030,0.5319,-0.2852,-0.7375,-0.0771,0.0322,0.0175,0.0293,-0.1636,-0.0201,9.3683,1.2823,2.5522,-0.0010,0.0004,0.0002,1.0000,0.2342,0.0322,0.0637
201677,Left,2,0.0026,-0.3804,0.0894,-0.9205,-0.0003,0.0101,0.0092,-0.0281,0.0104,0.0060,-6.8923,-0.7079,6.9572,-0.0000,0.0001,0.0001,1.0000,-0.1723,-0.0177,0.1740
201677,Right,2,-0.1338,-0.2622,0.2582,-0.9201,0.0112,-0.0011,0.0046,0.0138,0.0017,-0.0845,-5.3584,1.0874,8.0464,0.0001,-0.0000,0.0001,1.0000,-0.1340,0.0271,0.2012
201677,Pelvis,2,-0.3022,0.5318,-0.2851,-0.7379,-0.0624,0.0337,0.0166,0.0334,-0.1655,-0.0909,9.2995,1.2585,2.5447,-0.0008,0.0004,0.0002,1.0000,0.2325,0.0316,0.0635
201678,Left,2,0.0025,-0.3805,0.0894,-0.9205,0.0014,0.0098,0.0082,-0.0257,0.0028,-0.0294,-6.8660,-0.7122,6.9329,0.0000,0.0001,0.0001,1.0000,-0.1716,-0.0178,0.1733
201678,Right,2,-0.1338,-0.2622,0.2582,-0.9202,0.0133,-0.0026,0.0053,0.0027,0.0013,-0.0727,-5.3717,1.0829,8.0522,0.0002,-0.0000,0.0001,1.0000,-0.1343,0.0270,0.2013
201678,Pelvis,2,-0.3015,0.5317,-0.2852,-0.7383,-0.0427,0.0302,0.0176,0.0294,-0.1512,-0.0945,9.2947,1.2621,2.5461,-0.0005,0.0004,0.0002,1.0000,0.2324,0.0316,0.0635
201679,Left,2,0.0025,-0.3806,0.0894,-0.9204,0.0005,0.0178,0.0070,0.0099,0.0030,-0.0235,-6.8474,-0.7064,6.9600,0.0000,0.0002,0.0001,1.0000,-0.1711,-0.0177,0.1740
201679,Right,2,-0.1338,-0.2621,0.2582,-0.9202,0.0121,-0.0002,0.0025,0.0232,0.0129,-0.0749,-5.3594,1.1040,8.0550,0.0002,-0.0000,0.0000,1.0000,-0.1340,0.0276,0.2014
201679,Pelvis,2,-0.3009,0.5316,-0.2853,-0.7386,-0.0298,0.0303,0.0154,-0.0045,-0.1200,-0.0292,9.3494,1.3099,2.5697,-0.0004,0.0004,0.0002,1.0000,0.2338,0.0328,0.0641
201680,Left,2,0.0025,-0.3809,0.0893,-0.9203,-0.0020,0.0206,0.0108,-0.0104,0.0302,-0.0100,-6.8784,-0.6839,6.9507,-0.0000,0.0003,0.0001,1.0000,-0.1719,-0.0171,0.1738
201680,Right,2,-0.1338,-0.2621,0.2582,-0.9202,0.0115,0.0002,0.0046,0.0250,0.0020,-0.0772,-5.3517,1.0959,8.0584,0.0001,0.0000,0.0001,1.0000,-0.1338,0.0274,0.2015
201680,Pelvis,2,-0.3006,0.5314,-0.2854,-0.7388,-0.0168,0.0285,0.0075,-0.0071,-0.1000,-0.0141,9.3634,1.3220,2.5692,-0.0002,0.0004,0.0001,1.0000,0.2341,0.0331,0.0641
201681,Right,2,-0.1338,-0.2620,0.2582,-0.9202,0.0096,-0.0001,0.0033,0.0065,0.0035,-0.0806,-5.3634,1.0869,8.0478,0.0001,-0.0000,0.0000,1.0000,-0.1341,0.0271,0.2012
201681,Pelvis,2,-0.3004,0.5311,-0.2855,-0.7390,-0.0036,0.0212,-0.0004,-0.0082,-0.0831,-0.0392,9.3391,1.3279,2.5585,-0.0000,0.0003,-0.0000,1.0000,0.2335,0.0332,0.0639
201682,Left,2,0.0025,-0.3812,0.0892,-0.9202,-0.0018,0.0195,0.0081,-0.0095,0.0059,-0.0155,-6.8747,-0.7067,6.9442,-0.0000,0.0005,0.0002,1.0000,-0.3436,-0.0354,0.3474
201682,Right,2,-0.1338,-0.2620,0.2582,-0.9202,0.0115,0.0006,0.0023,0.0162,0.0283,-0.0822,-5.3649,1.1125,8.0414,0.0001,0.0000,0.0000,1.0000,-0.1341,0.0278,0.2010
201682,Pelvis,2,-0.3003,0.5309,-0.2856,-0.7392,0.0012,0.0225,-0.0004,-0.0174,-0.0709,0.0095,9.3828,1.3488,2.5740,0.0000,0.0003,-0.0000,1.0000,0.2346,0.0337,0.0643
201683,Left,2,0.0026,-0.3814,0.0893,-0.9201,-0.0006,0.0133,0.0033,-0.0317,0.0298,-0.0024,-6.9070,-0.6890,6.9328,-0.0000,0.0002,0.0000,1.0000,-0.1726,-0.0172,0.1733
201683,Right,2,-0.1338,-0.2620,0.2582,-0.9202,0.0113,0.0010,0.0015,0.0062,0.0143,-0.0727,-5.3713,1.0965,8.0507,0.0001,0.0000,0.0000,1.0000,-0.1343,0.0274,0.2013
201683,Pelvis,2,-0.3001,0.5306,-0.2858,-0.7394,-0.0002,0.0285,-0.0004,0.0025,-0.0485,0.0324,9.4105,1.3512,2.5583,-0.0000,0.0004,-0.0000,1.0000,0.2353,0.0338,0.0639
201684,Left,2,0.0026,-0.3814,0.0893,-0.9201,0.0003,0.0037,0.0026,-0.0512,-0.0027,-0.0222,-6.9022,-0.7235,6.9060,0.0000,0.0000,0.0000,1.0000,-0.1725,-0.0181,0.1727
201684,Right,2,-0.1337,-0.2620,0.2582,-0.9202,0.0100,-0.0005,0.0026,0.0289,-0.0011,-0.0796,-5.3441,1.0951,8.0608,0.0001,-0.0000,0.0000,1.0000,-0.1336,0.0273,0.2015
201684,Pelvis,2,-0.3000,0.5303,-0.2860,-0.7396,0.0028,0.0300,0.0071,0.0262,-0.0297,-0.0157,9.3709,1.3375,2.5258,0.0000,0.0004,0.0001,1.0000,0.2343,0.0335,0.0631
201685,Left,2,0.0026,-0.3813,0.0893,-0.9201,-0.0023,-0.0044,0.0049,-0.0127,0.0069,-0.0158,-6.8810,-0.7092,6.9374,-0.0000,-0.0001,0.0001,1.0000,-0.1720,-0.0177,0.1734
201685,Right,2,-0.1337,-0.2619,0.2582,-0.9202,0.0109,0.0019,0.0019,0.0087,0.0060,-0.0751,-5.3637,1.0904,8.0538,0.0001,0.0000,0.0000,1.0000,-0.1341,0.0272,0.2014
201685,Pelvis,2,-0.2997,0.5300,-0.2864,-0.7398,0.0062,0.0340,0.0155,0.0402,-0.0422,-0.0021,9.3845,1.3176,2.5388,0.0001,0.0004,0.0002,1.0000,0.2346,0.0330,0.0634
201686,Left,2,0.0027,-0.3812,0.0893,-0.9201,0.0010,-0.0048,0.0041,-0.0340,0.0147,-0.0164,-6.8954,-0.7055,6.9227,0.0000,-0.0001,0.0001,1.0000,-0.1724,-0.0176,0.1731
201686,Right,2,-0.1337,-0.2619,0.2582,-0.9202,0.0130,0.0028,0.0015,0.0088,0.0006,-0.0695,-5.3644,1.0867,8.0606,0.0002,0.0000,0.0000,1.0000,-0.1341,0.0271,0.2015
201686,Pelvis,2,-0.2995,0.5297,-0.2868,-0.7399,0.0058,0.0335,0.0210,0.0346,-0.0454,0.0409,9.4219,1.3209,2.5649,0.0001,0.0004,0.0003,1.0000,0.2356,0.0331,0.0640
201687,Left,2,0.0027,-0.3811,0.0894,-0.9202,0.0002,-0.0092,0.0045,-0.0250,0.0028,-0.0122,-6.8884,-0.7166,6.9344,0.0000,-0.0001,0.0001,1.0000,-0.1722,-0.0179,0.1733
201687,Right,2,-0.1338,-0.2619,0.2582,-0.9202,0.0117,0.0034,0.0038,0.0011,-0.0109,-0.0735,-5.3632,1.0728,8.0584,0.0001,0.0000,0.0000,1.0000,-0.1341,0.0268,0.2015
201687,Pelvis,2,-0.2991,0.5294,-0.2871,-0.7401,-0.0033,0.0317,0.0204,-0.0137,-0.0328,0.0310,9.3989,1.3579,2.5916,-0.0000,0.0004,0.0003,1.0000,0.2350,0.0340,0.0647
201688,Left,2,0.0027,-0.3809,0.0894,-0.9203,0.0031,-0.0166,0.0030,-0.0350,-0.0128,-0.0222,-6.8831,-0.7332,6.9240,0.0000,-0.0002,0.0000,1.0000,-0.1721,-0.0183,0.1731
201688,Right,2,-0.1338,-0.2620,0.2582,-0.9202,0.0130,0.0054,0.0025,0.0220,0.0088,-0.0812,-5.3518,1.1001,8.0529,0.0002,0.0001,0.0000,1.0000,-0.1338,0.0275,0.2013
201688,Pelvis,2,-0.2987,0.5292,-0.2874,-0.7404,-0.0150,0.0357,0.0198,-0.0119,-0.0345,-0.0091,9.3592,1.3437,2.5909,-0.0002,0.0004,0.0002,1.0000,0.2340,0.0337,0.0647
201689,Left,2,0.0027,-0.3806,0.0894,-0.9204,0.0028,-0.0224,0.0037,-0.0316,0.0173,-0.0076,-6.8921,-0.7044,6.9386,0.0000,-0.0003,0.0000,1.0000,-0.1723,-0.0176,0.1734
201689,Right,2,-0.1338,-0.2620,0.2582,-0.9202,0.0126,0.0049,0.0014,0.0136,0.0189,-0.0885,-5.3585,1.1033,8.0393,0.0002,0.0001,0.0000,1.0000,-0.1340,0.0275,0.2010
201689,Pelvis,2,-0.2981,0.5290,-0.2876,-0.7407,-0.0275,0.0417,0.0231,0.0226,-0.0324,-0.0221,9.3544,1.3104,2.5761,-0.0003,0.0005,0.0003,1.0000,0.2339,0.0329,0.0643
201690,Left,2,0.0028,-0.3802,0.0895,-0.9206,0.0030,-0.0319,0.0020,-0.0350,0.0214,-0.0382,-6.8684,-0.6990,6.9194,0.0000,-0.0004,0.0000,1.0000,-0.1718,-0.0175,0.1729
201690,Right,2,-0.1338,-0.2620,0.2582,-0.9202,0.0120,0.0068,0.0007,0.0245,0.0005,-0.0835,-5.3464,1.0946,8.0545,0.0001,0.0001,0.0000,1.0000,-0.1336,0.0273,0.2014
201690,Pelvis,2,-0.2972,0.5288,-0.2877,-0.7411,-0.0479,0.0417,0.0254,0.0027,0.0173,-0.0149,9.3591,1.3498,2.5655,-0.0006,0.0005,0.0003,1.0000,0.2340,0.0339,0.0640
201691,Left,2,0.0028,-0.3797,0.0896,-0.9208,0.0040,-0.0399,0.0023,-0.0421,0.0032,-0.0175,-6.8781,-0.7199,6.9369,0.0001,-0.0005,0.0000,1.0000,-0.1720,-0.0180,0.1733
201691,Right,2,-0.1338,-0.2621,0.2582,-0.9202,0.0111,0.0074,0.0000,0.0224,-0.0073,-0.0645,-5.3560,1.0889,8.0718,0.0001,0.0001,0.0000,1.0000,-0.1339,0.0272,0.2018
201691,Pelvis,2,-0.2963,0.5287,-0.2876,-0.7416,-0.0708,0.0405,0.0189,-0.0187,0.0313,-0.0786,9.2918,1.3562,2.5644,-0.0009,0.0005,0.0002,1.0000,0.2323,0.0340,0.0640
201692,Left,2,0.0028,-0.3791,0.0896,-0.9210,0.0047,-0.0488,0.0033,-0.0160,0.0168,-0.0158,-6.8551,-0.7025,6.9636,0.0001,-0.0006,0.0000,1.0000,-0.1715,-0.0176,0.1740
201692,Right,2,-0.1338,-0.2621,0.2583,-0.9201,0.0110,0.0089,-0.0013,0.0162,0.0052,-0.0852,-5.3553,1.0932,8.0467,0.0001,0.0001,-0.0000,1.0000,-0.1339,0.0273,0.2012
201692,Pelvis,2,-0.2952,0.5287,-0.2873,-0.7421,-0.0861,0.0340,0.0124,-0.0396,-0.0053,-0.0548,9.3025,1.3412,2.6235,-0.0011,0.0004,0.0002,1.0000,0.2326,0.0336,0.0655
201693,Left,2,0.0029,-0.3785,0.0897,-0.9213,0.0049,-0.0527,0.0034,-0.0346,0.0036,-0.0216,-6.8525,-0.7179,6.9566,0.0001,-0.0007,0.0000,1.0000,-0.1714,-0.0180,0.1738
201693,Right,2,-0.1339,-0.2622,0.2583,-0.9201,0.0144,0.0128,0.0007,0.0249,-0.0156,-0.0668,-5.3523,1.0827,8.0724,0.0002,0.0002,0.0000,1.0000,-0.1338,0.0270,0.2018
201693,Pelvis,2,-0.2941,0.5288,-0.2870,-0.7427,-0.0953,0.0328,0.0125,-0.0169,-0.0430,-0.0340,9.3222,1.2926,2.6552,-0.0012,0.0004,0.0002,1.0000,0.2331,0.0324,0.0662
201694,Left,2,0.0029,-0.3778,0.0897,-0.9215,0.0060,-0.0498,0.0052,0.0048,0.0022,-0.0069,-6.8256,-0.7136,7.0039,0.0001,-0.0006,0.0001,1.0000,-0.1707,-0.0179,0.1750
201694,Right,2,-0.1339,-0.2623,0.2583,-0.9201,0.0123,0.0117,-0.0009,0.0222,-0.0019,-0.0511,-5.3704,1.0946,8.0777,0.0002,0.0001,-0.0000,1.0000,-0.1342,0.0273,0.2020
201694,Pelvis,2,-0.2929,0.5289,-0.2867,-0.7432,-0.0969,0.0275,0.0194,0.0253,-0.0599,0.0096,9.3717,1.2451,2.6649,-0.0012,0.0003,0.0002,1.0000,0.2343,0.0313,0.0665
201695,Left,2,0.0029,-0.3773,0.0897,-0.9217,0.0038,-0.0457,0.0087,0.0081,0.0139,-0.0282,-6.8016,-0.6993,6.9990,0.0000,-0.0006,0.0001,1.0000,-0.1701,-0.0175,0.1749
201695,Right,2,-0.1340,-0.2624,0.2583,-0.9200,0.0153,0.0126,-0.0009,0.0154,0.0027,-0.0662,-5.3707,1.0930,8.0595,0.0002,0.0002,-0.0000,1.0000,-0.1342,0.0273,0.2015
201695,Pelvis,2,-0.2918,0.5290,-0.2864,-0.7436,-0.0853,0.0241,0.0200,0.0177,-0.0809,-0.0340,9.3242,1.2194,2.6837,-0.0011,0.0003,0.0003,1.0000,0.2331,0.0306,0.0670
201696,Right,2,-0.1340,-0.2625,0.2583,-0.9200,0.0120,0.0111,0.0008,0.0076,-0.0088,-0.0701,-5.3714,1.0790,8.0561,0.0002,0.0001,0.0000,1.0000,-0.1343,0.0269,0.2014
201696,Pelvis,2,-0.2909,0.5292,-0.2863,-0.7439,-0.0724,0.0162,0.0233,-0.0720,-0.0887,-0.0652,9.2678,1.2648,2.7451,-0.0009,0.0002,0.0003,1.0000,0.2317,0.0317,0.0686
201697,Right,2,-0.1340,-0.2626,0.2583,-0.9200,0.0127,0.0090,-0.0005,0.0097,0.0178,-0.0869,-5.3727,1.1004,8.0321,0.0002,0.0001,-0.0000,1.0000,-0.1343,0.0275,0.2008
201697,Pelvis,2,-0.2901,0.5293,-0.2861,-0.7442,-0.0605,0.0143,0.0155,-0.0818,-0.0676,-0.0910,9.2423,1.2727,2.7358,-0.0008,0.0002,0.0002,1.0000,0.2311,0.0319,0.0683
201698,Left,2,0.0028,-0.3756,0.0896,-0.9224,0.0065,-0.0453,0.0098,-0.0183,0.0019,-0.0124,-6.8130,-0.7126,7.0087,0.0002,-0.0017,0.0004,1.0000,-0.5118,-0.0538,0.5248
201698,Right,2,-0.1340,-0.2626,0.2583,-0.9200,0.0092,0.0067,0.0010,0.0190,0.0050,-0.0741,-5.3689,1.0959,8.0508,0.0001,0.0001,0.0000,1.0000,-0.1342,0.0274,0.2013
201698,Pelvis,2,-0.2895,0.5293,-0.2859,-0.7445,-0.0465,0.0144,0.0029,-0.0894,-0.0587,-0.0823,9.2484,1.2787,2.7427,-0.0006,0.0002,0.0000,1.0000,0.2312,0.0320,0.0685
201699,Left,2,0.0028,-0.3752,0.0896,-0.9226,0.0058,-0.0315,0.0069,0.0070,0.0085,-0.0199,-6.7749,-0.7000,7.0363,0.0001,-0.0004,0.0001,1.0000,-0.1694,-0.0175,0.1758
201699,Right,2,-0.1340,-0.2627,0.2584,-0.9199,0.0095,0.0073,-0.0008,0.0196,0.0076,-0.0741,-5.3703,1.0978,8.0496,0.0001,0.0001,-0.0000,1.0000,-0.1342,0.0274,0.2013
201699,Pelvis,2,-0.2891,0.5292,-0.2857,-0.7448,-0.0367,0.0134,-0.0098,-0.0630,-0.0401,-0.0281,9.3083,1.2759,2.7334,-0.0005,0.0002,-0.0001,1.0000,0.2327,0.0319,0.0683
201700,Right,2,-0.1340,-0.2627,0.2584,-0.9199,0.0092,0.0045,-0.0023,0.0153,-0.0025,-0.0416,-5.3878,1.0898,8.0782,0.0001,0.0001,-0.0000,1.0000,-0.1347,0.0272,0.2020
201700,Pelvis,2,-0.2890,0.5291,-0.2853,-0.7451,-0.0265,0.0097,-0.0270,-0.0527,-0.0579,-0.0022,9.3320,1.2610,2.7521,-0.0003,0.0001,-0.0003,1.0000,0.2333,0.0315,0.0688
201701,Left,2,0.0028,-0.3752,0.0897,-0.9226,0.0028,0.0023,0.0033,0.0360,0.0163,-0.0205,-6.7526,-0.6868,7.0582,0.0001,0.0001,0.0001,1.0000,-0.3376,-0.0344,0.3529
201701,Right,2,-0.1339,-0.2627,0.2584,-0.9199,0.0075,0.0015,-0.0017,-0.0006,0.0094,-0.0640,-5.3919,1.0875,8.0487,0.0001,0.0000,-0.0000,1.0000,-0.1348,0.0272,0.2012
201701,Pelvis,2,-0.2890,0.5290,-0.2849,-0.7453,-0.0166,-0.0013,-0.0389,-0.0515,-0.0116,-0.0060,9.3327,1.2959,2.7195,-0.0002,-0.0000,-0.0005,1.0000,0.2333,0.0323,0.0680
201702,Left,2,0.0028,-0.3754,0.0898,-0.9225,0.0008,0.0245,0.0015,0.0235,-0.0030,-0.0198,-6.7601,-0.7092,7.0498,0.0000,0.0003,0.0000,1.0000,-0.1689,-0.0177,0.1763
201702,Right,2,-0.1339,-0.2627,0.2585,-0.9199,0.0100,0.0005,0.0000,0.0012,-0.0016,-0.0662,-5.3846,1.0782,8.0522,0.0001,0.0000,0.0000,1.0000,-0.1346,0.0269,0.2013
201702,Pelvis,2,-0.2891,0.5289,-0.2843,-0.7455,-0.0187,-0.0095,-0.0465,-0.0257,-0.0052,-0.0197,9.3262,1.2875,2.6957,-0.0002,-0.0001,-0.0006,1.0000,0.2332,0.0321,0.0674
201703,Right,2,-0.1339,-0.2626,0.2585,-0.9199,0.0104,-0.0014,0.0022,0.0221,0.0182,-0.0741,-5.3723,1.1048,8.0473,0.0001,-0.0000,0.0000,1.0000,-0.1343,0.0276,0.2012
201703,Pelvis,2,-0.2893,0.5289,-0.2838,-0.7457,-0.0163,-0.0134,-0.0476,0.0325,-0.0575,0.0133,9.3667,1.2232,2.7060,-0.0002,-0.0002,-0.0006,1.0000,0.2342,0.0305,0.0677
201704,Left,2,0.0028,-0.3763,0.0898,-0.9221,-0.0005,0.0404,0.0074,0.0092,-0.0082,-0.0097,-6.7851,-0.7173,7.0389,-0.0000,0.0010,0.0002,1.0000,-0.3389,-0.0359,0.3523
201704,Right,2,-0.1338,-0.2626,0.2585,-0.9200,0.0106,-0.0024,0.0033,0.0094,-0.0061,-0.0455,-5.3864,1.0808,8.0757,0.0001,-0.0000,0.0000,1.0000,-0.1347,0.0270,0.2019
201704,Pelvis,2,-0.2894,0.5289,-0.2832,-0.7458,-0.0198,-0.0186,-0.0437,0.0849,-0.0729,0.0762,9.4389,1.1915,2.6999,-0.0002,-0.0002,-0.0005,1.0000,0.2360,0.0297,0.0675
201705,Left,2,0.0027,-0.3769,0.0897,-0.9219,-0.0003,0.0499,0.0067,-0.0122,0.0108,-0.0034,-6.8181,-0.7035,7.0172,-0.0000,0.0006,0.0001,1.0000,-0.1703,-0.0176,0.1755
201705,Right,2,-0.1338,-0.2625,0.2584,-0.9200,0.0123,-0.0034,0.0047,0.0116,-0.0090,-0.0533,-5.3779,1.0791,8.0721,0.0002,-0.0000,0.0001,1.0000,-0.1345,0.0269,0.2018
201705,Pelvis,2,-0.2894,0.5291,-0.2826,-0.7460,-0.0271,-0.0196,-0.0382,0.0438,-0.0915,0.0549,9.4048,1.2133,2.7310,-0.0003,-0.0002,-0.0005,1.0000,0.2351,0.0302,0.0683
201706,Left,2,0.0027,-0.3773,0.0897,-0.9217,0.0015,0.0420,0.0072,-0.0592,0.0075,-0.0275,-6.8413,-0.7127,6.9601,0.0000,0.0005,0.0001,1.0000,-0.1709,-0.0178,0.1741
201706,Right,2,-0.1339,-0.2624,0.2584,-0.9200,0.0136,-0.0030,0.0061,0.0183,-0.0072,-0.0880,-5.3532,1.0812,8.0464,0.0002,-0.0000,0.0001,1.0000,-0.1338,0.0270,0.2012
201706,Pelvis,2,-0.2893,0.5292,-0.2821,-0.7461,-0.0350,-0.0191,-0.0299,0.0239,-0.1020,-0.0423,9.3053,1.2128,2.7224,-0.0004,-0.0002,-0.0004,1.0000,0.2326,0.0303,0.0681
201707,Left,2,0.0026,-0.3776,0.0897,-0.9216,0.0012,0.0233,0.0089,-0.0238,-0.0042,0.0086,-6.8448,-0.7208,7.0062,0.0000,0.0003,0.0001,1.0000,-0.1711,-0.0180,0.1752
201707,Right,2,-0.1339,-0.2624,0.2584,-0.9200,0.0147,0.0010,0.0075,0.0455,-0.0053,-0.0696,-5.3433,1.1009,8.0726,0.0002,0.0000,0.0001,1.0000,-0.1336,0.0275,0.2018
201707,Pelvis,2,-0.2890,0.5294,-0.2816,-0.7463,-0.0433,-0.0118,-0.0160,0.0228,-0.1062,-0.0609,9.2869,1.2101,2.7201,-0.0005,-0.0001,-0.0002,1.0000,0.2322,0.0302,0.0680
201708,Left,2,0.0026,-0.3776,0.0897,-0.9216,0.0032,0.0074,0.0096,-0.0442,0.0046,-0.0139,-6.8472,-0.7132,6.9732,0.0000,0.0001,0.0001,1.0000,-0.1712,-0.0179,0.1743
201708,Right,2,-0.1340,-0.2623,0.2583,-0.9201,0.0149,0.0035,0.0069,0.0259,-0.0197,-0.0617,-5.3557,1.0805,8.0766,0.0002,0.0000,0.0001,1.0000,-0.1339,0.0270,0.2019
201708,Pelvis,2,-0.2885,0.5296,-0.2813,-0.7465,-0.0474,-0.0073,-0.0055,0.0376,-0.1157,-0.0379,9.3118,1.1946,2.7246,-0.0006,-0.0001,-0.0001,1.0000,0.2328,0.0299,0.0681
201710,Left,2,0.0025,-0.3773,0.0896,-0.9217,0.0037,-0.0078,0.0102,-0.0106,0.0056,-0.0124,-6.8238,-0.7046,6.9989,0.0001,-0.0002,0.0003,1.0000,-0.3413,-0.0353,0.3499
201710,Right,2,-0.1341,-0.2623,0.2582,-0.9201,0.0157,0.0020,0.0070,0.0067,-0.0114,-0.0639,-5.3717,1.0803,8.0633,0.0004,0.0001,0.0002,1.0000,-0.2686,0.0538,0.4032
201711,Left,2,0.0025,-0.3773,0.0896,-0.9217,0.0033,-0.0010,0.0101,-0.0079,-0.0024,-0.0215,-6.8119,-0.7105,6.9972,0.0000,-0.0000,0.0001,1.0000,-0.1703,-0.0178,0.1749
201711,Right,2,-0.1342,-0.2622,0.2582,-0.9201,0.0185,0.0005,0.0108,0.0179,0.0172,-0.0724,-5.3693,1.1108,8.0505,0.0002,0.0000,0.0001,1.0000,-0.1342,0.0277,0.2013
201711,Pelvis,2,-0.2870,0.5302,-0.2807,-0.7468,-0.0461,-0.0045,0.0090,-0.0160,-0.0752,0.0122,9.3500,1.2577,2.7443,-0.0017,-0.0002,0.0003,1.0000,0.7012,0.0949,0.2058
201712,Left,2,0.0025,-0.3773,0.0896,-0.9217,0.0041,0.0063,0.0074,0.0039,-0.0051,-0.0167,-6.8065,-0.7107,7.0091,0.0001,0.0001,0.0001,1.0000,-0.1701,-0.0178,0.1752
201712,Right,2,-0.1343,-0.2621,0.2581,-0.9201,0.0174,0.0008,0.0095,0.0399,0.0233,-0.0825,-5.3494,1.1292,8.0491,0.0002,0.0000,0.0001,1.0000,-0.1337,0.0282,0.2012
201712,Pelvis,2,-0.2864,0.5303,-0.2804,-0.7471,-0.0544,-0.0009,0.0009,-0.0264,-0.0773,0.0188,9.3531,1.2521,2.7597,-0.0007,-0.0000,0.0000,1.0000,0.2338,0.0314,0.0690
201713,Left,2,0.0024,-0.3774,0.0896,-0.9217,0.0042,0.0119,0.0084,-0.0023,0.0081,-0.0121,-6.8174,-0.6983,7.0062,0.0001,0.0001,0.0001,1.0000,-0.1704,-0.0175,0.1752
201714,Left,2,0.0024,-0.3775,0.0896,-0.9217,0.0017,0.0099,0.0065,0.0038,0.0172,-0.0027,-6.8225,-0.6886,7.0153,0.0000,0.0001,0.0001,1.0000,-0.1705,-0.0172,0.1754
201714,Right,2,-0.1344,-0.2619,0.2580,-0.9202,0.0167,-0.0015,0.0073,0.0254,-0.0016,-0.0721,-5.3544,1.1060,8.0615,0.0004,-0.0000,0.0002,1.0000,-0.2677,0.0551,0.4031
201714,Pelvis,2,-0.2855,0.5304,-0.2797,-0.7476,-0.0455,0.0051,-0.0086,-0.0305,-0.1141,-0.0304,9.3000,1.2197,2.7802,-0.0011,0.0001,-0.0002,1.0000,0.4650,0.0610,0.1389
201715,Left,2,0.0024,-0.3776,0.0896,-0.9216,0.0027,0.0060,0.0058,-0.0034,0.0110,-0.0121,-6.8209,-0.6951,7.0031,0.0000,0.0001,0.0001,1.0000,-0.1705,-0.0174,0.1751
201715,Right,2,-0.1344,-0.2619,0.2580,-0.9202,0.0134,-0.0006,0.0065,0.0226,0.0006,-0.0768,-5.3528,1.1069,8.0567,0.0002,-0.0000,0.0001,1.0000,-0.1338,0.0276,0.2014
201715,Pelvis,2,-0.2852,0.5304,-0.2795,-0.7478,-0.0256,0.0051,-0.0058,-0.0233,-0.1032,-0.0641,9.2697,1.2144,2.7648,-0.0003,0.0001,-0.0001,1.0000,0.2318,0.0304,0.0691
201716,Left,2,0.0024,-0.3775,0.0896,-0.9217,0.0020,-0.0020,0.0067,-0.0154,0.0055,-0.0085,-6.8307,-0.7026,6.9979,0.0000,-0.0000,0.0001,1.0000,-0.1708,-0.0176,0.1749
201716,Right,2,-0.1345,-0.2618,0.2580,-0.9202,0.0138,0.0007,0.0051,0.0244,-0.0103,-0.0790,-5.3451,1.0995,8.0602,0.0002,0.0000,0.0001,1.0000,-0.1336,0.0274,0.2015
201716,Pelvis,2,-0.2850,0.5304,-0.2795,-0.7479,-0.0109,0.0025,-0.0026,-0.0091,-0.0739,-0.0636,9.2769,1.2229,2.7377,-0.0001,0.0000,-0.0000,1.0000,0.2319,0.0306,0.0684
201717,Left,2,0.0024,-0.3774,0.0896,-0.9217,0.0010,-0.0088,0.0051,-0.0283,0.0110,-0.0133,-6.8358,-0.6990,6.9866,0.0000,-0.0001,0.0001,1.0000,-0.1709,-0.0175,0.1746
201717,Right,2,-0.1345,-0.2618,0.2580,-0.9202,0.0143,-0.0002,0.0047,0.0249,-0.0076,-0.0790,-5.3450,1.1030,8.0598,0.0002,-0.0000,0.0001,1.0000,-0.1336,0.0275,0.2015
201717,Pelvis,2,-0.2850,0.5303,-0.2794,-0.7479,0.0007,-0.0017,-0.0064,-0.0160,-0.0620,-0.0457,9.2929,1.2382,2.7400,0.0000,-0.0000,-0.0001,1.0000,0.2323,0.0309,0.0685
201718,Left,2,0.0024,-0.3772,0.0896,-0.9218,-0.0001,-0.0101,0.0052,0.0034,0.0128,-0.0162,-6.8097,-0.6921,7.0085,-0.0000,-0.0001,0.0001,1.0000,-0.1703,-0.0173,0.1752
201718,Right,2,-0.1345,-0.2617,0.2579,-0.9203,0.0126,0.0005,0.0056,0.0296,0.0045,-0.0483,-5.3626,1.1200,8.0829,0.0002,0.0000,0.0001,1.0000,-0.1341,0.0280,0.2021
201718,Pelvis,2,-0.2851,0.5303,-0.2795,-0.7480,0.0110,0.0008,-0.0044,0.0046,-0.0574,-0.0071,9.3355,1.2323,2.7353,0.0001,0.0000,-0.0001,1.0000,0.2334,0.0308,0.0684
201719,Left,2,0.0024,-0.3771,0.0896,-0.9218,0.0009,-0.0093,0.0055,0.0104,0.0110,0.0015,-6.8146,-0.6944,7.0283,0.0000,-0.0001,0.0001,1.0000,-0.1704,-0.0174,0.1757
201719,Right,2,-0.1345,-0.2617,0.2579,-0.9203,0.0126,0.0000,0.0015,0.0261,-0.0023,-0.0790,-5.3448,1.1094,8.0590,0.0002,0.0000,0.0000,1.0000,-0.1336,0.0277,0.2015
201719,Pelvis,2,-0.2852,0.5301,-0.2796,-0.7479,0.0183,0.0017,-0.0032,-0.0080,-0.0388,-0.0115,9.3295,1.2545,2.7299,0.0002,0.0000,-0.0000,1.0000,0.2332,0.0313,0.0683
201720,Left,2,0.0025,-0.3770,0.0896,-0.9219,0.0006,-0.0054,0.0062,-0.0234,-0.0074,-0.0095,-6.8257,-0.7174,6.9998,0.0000,-0.0001,0.0001,1.0000,-0.1707,-0.0180,0.1750
201720,Right,2,-0.1345,-0.2617,0.2579,-0.9203,0.0104,-0.0000,0.0037,0.0288,0.0027,-0.0924,-5.3367,1.1137,8.0476,0.0001,-0.0000,0.0000,1.0000,-0.1334,0.0278,0.2012
201720,Pelvis,2,-0.2854,0.5300,-0.2798,-0.7479,0.0208,0.0016,-0.0045,-0.0200,-0.0172,-0.0065,9.3328,1.2798,2.7244,0.0003,0.0000,-0.0001,1.0000,0.2333,0.0320,0.0681
201721,Left,2,0.0025,-0.3768,0.0897,-0.9219,0.0006,-0.0082,0.0029,-0.0041,-0.0015,-0.0172,-6.8061,-0.7083,7.0091,0.0000,-0.0001,0.0000,1.0000,-0.1702,-0.0177,0.1752
201721,Right,2,-0.1345,-0.2616,0.2579,-0.9203,0.0119,0.0002,0.0017,0.0087,-0.0197,-0.0788,-5.3491,1.0857,8.0596,0.0001,0.0000,0.0000,1.0000,-0.1337,0.0271,0.2015
201721,Pelvis,2,-0.2855,0.5299,-0.2799,-0.7479,0.0189,-0.0025,-0.0037,-0.0073,-0.0147,-0.0180,9.3253,1.2723,2.7120,0.0002,-0.0000,-0.0000,1.0000,0.2331,0.0318,0.0678
201722,Left,2,0.0025,-0.3767,0.0897,-0.9220,-0.0001,-0.0109,0.0043,-0.0169,0.0040,-0.0220,-6.8104,-0.7054,6.9985,-0.0000,-0.0001,0.0001,1.0000,-0.1703,-0.0176,0.1749
201722,Right,2,-0.1345,-0.2616,0.2579,-0.9203,0.0119,0.0010,0.0034,0.0364,-0.0097,-0.0661,-5.3393,1.1109,8.0781,0.0001,0.0000,0.0000,1.0000,-0.1335,0.0277,0.2020
201722,Pelvis,2,-0.2856,0.5298,-0.2800,-0.7479,0.0179,0.0003,-0.0028,-0.0244,-0.0043,-0.0195,9.3200,1.2927,2.7154,0.0002,0.0000,-0.0000,1.0000,0.2330,0.0323,0.0679
201723,Left,2,0.0026,-0.3765,0.0897,-0.9221,0.0004,-0.0119,0.0051,0.0024,-0.0019,0.0005,-6.8090,-0.7101,7.0308,0.0000,-0.0001,0.0001,1.0000,-0.1702,-0.0178,0.1757
201723,Right,2,-0.1345,-0.2615,0.2579,-0.9203,0.0107,0.0005,0.0019,0.0268,-0.0156,-0.0621,-5.3455,1.1013,8.0801,0.0001,0.0000,0.0000,1.0000,-0.1336,0.0275,0.2020
201723,Pelvis,2,-0.2857,0.5297,-0.2802,-0.7479,0.0207,0.0024,-0.0013,0.0180,-0.0305,-0.0345,9.3142,1.2432,2.7046,0.0003,0.0000,-0.0000,1.0000,0.2329,0.0311,0.0676
201724,Left,2,0.0026,-0.3763,0.0897,-0.9221,0.0012,-0.0119,0.0053,0.0065,-0.0013,-0.0125,-6.7945,-0.7082,7.0269,0.0000,-0.0001,0.0001,1.0000,-0.1699,-0.0177,0.1756
201724,Right,2,-0.1345,-0.2615,0.2579,-0.9203,0.0124,0.0018,0.0022,0.0195,-0.0191,-0.0715,-5.3438,1.0934,8.0709,0.0002,0.0000,0.0000,1.0000,-0.1336,0.0273,0.2018
201724,Pelvis,2,-0.2858,0.5296,-0.2804,-0.7478,0.0221,0.0022,0.0023,0.0066,-0.0476,-0.0071,9.3347,1.2439,2.7330,0.0003,0.0000,0.0000,1.0000,0.2334,0.0311,0.0683
201725,Left,2,0.0026,-0.3762,0.0897,-0.9222,0.0027,-0.0117,0.0069,0.0097,-0.0015,-0.0036,-6.7958,-0.7084,7.0380,0.0000,-0.0001,0.0001,1.0000,-0.1699,-0.0177,0.1759
201725,Right,2,-0.1345,-0.2615,0.2579,-0.9203,0.0096,0.0022,0.0022,0.0380,-0.0017,-0.0661,-5.3399,1.1186,8.0766,0.0001,0.0000,0.0000,1.0000,-0.1335,0.0279,0.2019
201725,Pelvis,2,-0.2860,0.5294,-0.2806,-0.7478,0.0221,0.0022,0.0030,-0.0017,-0.0208,-0.0144,9.3282,1.2671,2.7180,0.0003,0.0000,0.0000,1.0000,0.2332,0.0317,0.0680
201726,Left,2,0.0026,-0.3760,0.0897,-0.9222,0.0025,-0.0078,0.0076,0.0034,-0.0069,-0.0347,-6.7755,-0.7121,7.0139,0.0000,-0.0001,0.0001,1.0000,-0.1694,-0.0178,0.1753
201726,Right,2,-0.1345,-0.2615,0.2579,-0.9203,0.0113,0.0041,0.0022,0.0302,-0.0132,-0.0698,-5.3388,1.1042,8.0748,0.0001,0.0001,0.0000,1.0000,-0.1335,0.0276,0.2019
201726,Pelvis,2,-0.2860,0.5293,-0.2808,-0.7477,0.0241,0.0018,0.0085,0.0095,-0.0147,0.0142,9.3590,1.2663,2.7155,0.0003,0.0000,0.0001,1.0000,0.2340,0.0317,0.0679
201727,Right,2,-0.1345,-0.2616,0.2580,-0.9203,0.0105,0.0067,-0.0016,0.0216,-0.0032,-0.0771,-5.3455,1.1068,8.0611,0.0001,0.0001,-0.0000,1.0000,-0.1336,0.0276,0.2015
201728,Left,2,0.0026,-0.3760,0.0897,-0.9223,0.0018,-0.0003,0.0073,-0.0009,-0.0004,-0.0107,-6.7951,-0.7071,7.0289,0.0000,-0.0000,0.0002,1.0000,-0.3398,-0.0354,0.3514
201728,Right,2,-0.1345,-0.2616,0.2580,-0.9203,0.0120,0.0048,-0.0005,0.0440,0.0109,-0.0930,-5.3267,1.1286,8.0516,0.0002,0.0001,-0.0000,1.0000,-0.1332,0.0282,0.2013
201728,Pelvis,2,-0.2862,0.5291,-0.2813,-0.7477,0.0186,0.0054,0.0055,-0.0046,0.0236,0.0139,9.3589,1.3013,2.6984,0.0005,0.0001,0.0001,1.0000,0.4680,0.0651,0.1349
201729,Left,2,0.0026,-0.3760,0.0897,-0.9223,0.0011,0.0036,0.0084,0.0045,-0.0051,-0.0041,-6.7943,-0.7116,7.0385,0.0000,0.0000,0.0001,1.0000,-0.1698,-0.0178,0.1760
201729,Right,2,-0.1345,-0.2616,0.2580,-0.9203,0.0088,0.0074,-0.0007,0.0339,-0.0029,-0.0833,-5.3343,1.1122,8.0604,0.0001,0.0001,-0.0000,1.0000,-0.1333,0.0278,0.2015
201729,Pelvis,2,-0.2861,0.5290,-0.2813,-0.7478,0.0134,0.0066,0.0017,-0.0032,0.0251,-0.0061,9.3394,1.2971,2.6949,0.0002,0.0001,0.0000,1.0000,0.2335,0.0324,0.0674
201730,Left,2,0.0025,-0.3760,0.0896,-0.9223,0.0016,0.0026,0.0093,-0.0055,0.0098,-0.0084,-6.8009,-0.6979,7.0275,0.0000,0.0000,0.0001,1.0000,-0.1700,-0.0175,0.1757
201730,Right,2,-0.1345,-0.2617,0.2580,-0.9202,0.0099,0.0086,-0.0023,0.0266,-0.0064,-0.0927,-5.3340,1.1033,8.0504,0.0001,0.0001,-0.0000,1.0000,-0.1333,0.0276,0.2013
201730,Pelvis,2,-0.2861,0.5289,-0.2814,-0.7478,0.0080,0.0051,0.0029,-0.0167,-0.0008,-0.0065,9.3315,1.2886,2.7246,0.0001,0.0001,0.0000,1.0000,0.2333,0.0322,0.0681
201732,Left,2,0.0025,-0.3760,0.0896,-0.9223,0.0016,0.0034,0.0078,-0.0015,-0.0107,-0.0090,-6.7946,-0.7161,7.0309,0.0000,0.0001,0.0002,1.0000,-0.3397,-0.0359,0.3516
201732,Right,2,-0.1344,-0.2618,0.2581,-0.9202,0.0102,0.0097,-0.0022,0.0140,-0.0118,-0.0714,-5.3550,1.0946,8.0635,0.0003,0.0002,-0.0001,1.0000,-0.2676,0.0546,0.4033
201732,Pelvis,2,-0.2860,0.5286,-0.2818,-0.7479,-0.0012,0.0068,0.0017,-0.0074,-0.0382,-0.0205,9.3156,1.2534,2.7454,-0.0000,0.0002,0.0000,1.0000,0.4658,0.0627,0.1372
201733,Left,2,0.0025,-0.3760,0.0896,-0.9223,0.0009,0.0031,0.0097,-0.0140,0.0064,-0.0177,-6.7999,-0.7008,7.0151,0.0000,0.0000,0.0001,1.0000,-0.1700,-0.0175,0.1754
201733,Right,2,-0.1344,-0.2619,0.2581,-0.9202,0.0080,0.0082,0.0007,0.0217,-0.0053,-0.0524,-5.3639,1.1039,8.0792,0.0001,0.0001,0.0000,1.0000,-0.1341,0.0276,0.2020
201733,Pelvis,2,-0.2858,0.5285,-0.2818,-0.7480,-0.0042,0.0122,0.0020,0.0073,-0.0627,-0.0282,9.3081,1.2226,2.7576,-0.0001,0.0002,0.0000,1.0000,0.2327,0.0306,0.0689
201734,Left,2,0.0025,-0.3760,0.0896,-0.9223,0.0015,0.0062,0.0087,0.0024,-0.0088,0.0043,-6.8015,-0.7142,7.0429,0.0000,0.0001,0.0001,1.0000,-0.1700,-0.0179,0.1761
201734,Right,2,-0.1344,-0.2620,0.2581,-0.9202,0.0118,0.0066,0.0002,0.0160,-0.0145,-0.0696,-5.3557,1.0907,8.0657,0.0001,0.0001,0.0000,1.0000,-0.1339,0.0272,0.2017
201734,Pelvis,2,-0.2856,0.5284,-0.2818,-0.7482,-0.0010,0.0116,0.0000,0.0170,-0.0625,-0.0182,9.3193,1.2157,2.7584,-0.0000,0.0001,0.0000,1.0000,0.2330,0.0304,0.0689
201735,Left,2,0.0025,-0.3760,0.0895,-0.9223,0.0035,0.0043,0.0098,-0.0219,0.0016,-0.0271,-6.7989,-0.7050,7.0026,0.0000,0.0001,0.0001,1.0000,-0.1700,-0.0177,0.1751
201735,Right,2,-0.1344,-0.2620,0.2581,-0.9201,0.0093,0.0105,-0.0030,0.0170,-0.0039,-0.0753,-5.3572,1.0988,8.0568,0.0001,0.0001,-0.0000,1.0000,-0.1339,0.0275,0.2014
201735,Pelvis,2,-0.2856,0.5283,-0.2819,-0.7483,0.0070,0.0121,0.0006,0.0406,-0.0347,-0.0078,9.3381,1.2180,2.7303,0.0001,0.0002,0.0000,1.0000,0.2335,0.0304,0.0682
201736,Left,2,0.0024,-0.3760,0.0895,-0.9223,0.0013,0.0053,0.0095,0.0040,0.0034,0.0048,-6.8034,-0.7006,7.0431,0.0000,0.0001,0.0001,1.0000,-0.1701,-0.0175,0.1761
201736,Right,2,-0.1344,-0.2621,0.2582,-0.9201,0.0093,0.0096,-0.0004,0.0158,0.0044,-0.0675,-5.3670,1.1052,8.0587,0.0001,0.0001,-0.0000,1.0000,-0.1342,0.0276,0.2015
201736,Pelvis,2,-0.2854,0.5282,-0.2820,-0.7484,0.0127,0.0124,0.0104,0.0424,-0.0063,0.0041,9.3524,1.2359,2.7158,0.0002,0.0002,0.0001,1.0000,0.2338,0.0309,0.0679
201737,Left,2,0.0024,-0.3761,0.0895,-0.9222,0.0009,0.0071,0.0087,0.0091,-0.0069,0.0002,-6.7956,-0.7091,7.0434,0.0000,0.0001,0.0001,1.0000,-0.1699,-0.0177,0.1761
201737,Right,2,-0.1344,-0.2622,0.2582,-0.9201,0.0112,0.0073,0.0000,0.0175,-0.0065,-0.0696,-5.3612,1.0963,8.0613,0.0001,0.0001,0.0000,1.0000,-0.1340,0.0274,0.2015
201737,Pelvis,2,-0.2853,0.5281,-0.2821,-0.7484,0.0115,0.0076,0.0075,0.0384,0.0079,0.0004,9.3488,1.2459,2.7103,0.0001,0.0001,0.0001,1.0000,0.2337,0.0312,0.0677
201738,Left,2,0.0024,-0.3762,0.0895,-0.9222,0.0013,0.0093,0.0085,-0.0020,-0.0115,-0.0180,-6.7909,-0.7138,7.0221,0.0000,0.0001,0.0001,1.0000,-0.1698,-0.0179,0.1756
201738,Right,2,-0.1344,-0.2622,0.2582,-0.9201,0.0105,0.0063,0.0007,0.0281,0.0047,-0.0736,-5.3564,1.1107,8.0576,0.0001,0.0001,0.0000,1.0000,-0.1339,0.0277,0.2015
201738,Pelvis,2,-0.2854,0.5279,-0.2825,-0.7484,0.0076,0.0042,0.0053,0.0104,-0.0279,-0.0163,9.3202,1.2382,2.7517,0.0001,0.0001,0.0001,1.0000,0.2330,0.0310,0.0688
201739,Left,2,0.0024,-0.3763,0.0894,-0.9222,0.0007,0.0162,0.0099,0.0240,0.0020,-0.0163,-6.7778,-0.6960,7.0389,0.0000,0.0002,0.0001,1.0000,-0.1694,-0.0174,0.1760
201739,Right,2,-0.1344,-0.2622,0.2582,-0.9201,0.0106,0.0075,0.0002,0.0219,-0.0125,-0.0851,-5.3483,1.0914,8.0517,0.0001,0.0001,0.0000,1.0000,-0.1337,0.0273,0.2013
201739,Pelvis,2,-0.2854,0.5278,-0.2826,-0.7484,0.0016,0.0063,0.0013,0.0229,-0.0671,-0.0145,9.3201,1.2015,2.7752,0.0000,0.0001,0.0000,1.0000,0.2330,0.0300,0.0694
201740,Left,2,0.0024,-0.3766,0.0894,-0.9221,-0.0001,0.0243,0.0088,0.0272,0.0018,-0.0075,-6.7848,-0.6960,7.0445,-0.0000,0.0003,0.0001,1.0000,-0.1696,-0.0174,0.1762
201740,Right,2,-0.1344,-0.2623,0.2582,-0.9200,0.0099,0.0071,0.0006,0.0133,-0.0025,-0.0924,-5.3554,1.0938,8.0378,0.0001,0.0001,0.0000,1.0000,-0.1339,0.0273,0.2010
201740,Pelvis,2,-0.2852,0.5278,-0.2824,-0.7486,0.0005,0.0049,-0.0044,0.0340,-0.0608,0.0141,9.3505,1.2008,2.7743,0.0000,0.0001,-0.0001,1.0000,0.2338,0.0300,0.0693
201741,Left,2,0.0023,-0.3769,0.0893,-0.9219,0.0025,0.0319,0.0116,0.0084,-0.0113,-0.0132,-6.7962,-0.7109,7.0240,0.0000,0.0004,0.0001,1.0000,-0.1698,-0.0178,0.1757
201741,Right,2,-0.1344,-0.2624,0.2582,-0.9200,0.0110,0.0089,-0.0013,0.0304,-0.0088,-0.0700,-5.3536,1.1000,8.0653,0.0001,0.0001,-0.0000,1.0000,-0.1338,0.0275,0.2017
201741,Pelvis,2,-0.2851,0.5277,-0.2823,-0.7487,0.0017,0.0051,-0.0051,0.0342,-0.0592,0.0141,9.3500,1.2020,2.7755,0.0000,0.0001,-0.0001,1.0000,0.2338,0.0300,0.0694
201742,Pelvis,2,-0.2851,0.5277,-0.2824,-0.7487,0.0030,0.0008,0.0025,0.0469,-0.0568,0.0026,9.3424,1.1926,2.7645,0.0000,0.0000,0.0000,1.0000,0.2336,0.0298,0.0691
201743,Left,2,0.0022,-0.3776,0.0892,-0.9217,0.0001,0.0349,0.0124,0.0112,-0.0060,-0.0085,-6.8070,-0.7035,7.0208,0.0000,0.0009,0.0003,1.0000,-0.3400,-0.0353,0.3513
201743,Right,2,-0.1344,-0.2625,0.2583,-0.9200,0.0117,0.0094,-0.0007,0.0278,-0.0121,-0.0786,-5.3516,1.0956,8.0569,0.0003,0.0002,-0.0000,1.0000,-0.2675,0.0547,0.4029
201743,Pelvis,2,-0.2848,0.5277,-0.2822,-0.7488,0.0017,0.0016,0.0051,0.0311,-0.0611,0.0264,9.3598,1.2024,2.7858,0.0000,0.0000,0.0001,1.0000,0.2340,0.0301,0.0696
201744,Left,2,0.0021,-0.3781,0.0891,-0.9215,0.0007,0.0406,0.0130,-0.0067,-0.0037,0.0038,-6.8371,-0.7044,7.0087,0.0000,0.0005,0.0002,1.0000,-0.1708,-0.0176,0.1753
201744,Right,2,-0.1345,-0.2626,0.2583,-0.9199,0.0132,0.0100,0.0003,0.0341,0.0015,-0.0835,-5.3513,1.1084,8.0494,0.0002,0.0001,0.0000,1.0000,-0.1338,0.0277,0.2013
201744,Pelvis,2,-0.2847,0.5276,-0.2824,-0.7488,0.0072,0.0067,0.0049,0.0487,-0.0891,0.0345,9.3686,1.1700,2.7995,0.0001,0.0001,0.0001,1.0000,0.2342,0.0293,0.0700
201745,Left,2,0.0021,-0.3785,0.0890,-0.9213,0.0002,0.0416,0.0121,0.0051,0.0054,-0.0216,-6.8194,-0.6908,6.9917,0.0000,0.0005,0.0002,1.0000,-0.1704,-0.0173,0.1749
201745,Right,2,-0.1345,-0.2627,0.2583,-0.9199,0.0102,0.0125,-0.0014,0.0438,-0.0031,-0.0762,-5.3480,1.1104,8.0603,0.0001,0.0002,-0.0000,1.0000,-0.1337,0.0277,0.2015
201745,Pelvis,2,-0.2850,0.5273,-0.2830,-0.7487,0.0088,0.0082,0.0045,0.0071,-0.0902,-0.0025,9.3208,1.1935,2.8189,0.0001,0.0001,0.0001,1.0000,0.2330,0.0298,0.0705
201746,Left,2,0.0020,-0.3790,0.0890,-0.9211,0.0001,0.0435,0.0097,-0.0051,-0.0101,-0.0314,-6.8241,-0.7065,6.9719,0.0000,0.0005,0.0001,1.0000,-0.1705,-0.0177,0.1744
201746,Right,2,-0.1345,-0.2628,0.2583,-0.9199,0.0115,0.0116,-0.0013,0.0124,-0.0204,-0.0562,-5.3766,1.0807,8.0693,0.0001,0.0001,-0.0000,1.0000,-0.1344,0.0270,0.2018
201746,Pelvis,2,-0.2847,0.5273,-0.2829,-0.7489,0.0026,0.0085,0.0052,-0.0455,-0.0442,-0.0227,9.2916,1.2584,2.8161,0.0000,0.0001,0.0001,1.0000,0.2323,0.0315,0.0704
201747,Left,2,0.0020,-0.3794,0.0889,-0.9209,-0.0002,0.0422,0.0099,-0.0059,-0.0204,-0.0012,-6.8509,-0.7185,6.9867,-0.0000,0.0005,0.0001,1.0000,-0.1712,-0.0180,0.1748
201747,Right,2,-0.1345,-0.2628,0.2583,-0.9198,0.0127,0.0084,-0.0002,0.0246,-0.0148,-0.0681,-5.3647,1.0905,8.0616,0.0002,0.0001,-0.0000,1.0000,-0.1341,0.0272,0.2016
201747,Pelvis,2,-0.2846,0.5273,-0.2830,-0.7489,-0.0085,0.0037,0.0061,-0.0820,-0.0036,-0.0015,9.3059,1.3127,2.8184,-0.0001,0.0000,0.0001,1.0000,0.2326,0.0328,0.0704
201748,Left,2,0.0019,-0.3799,0.0889,-0.9207,0.0010,0.0463,0.0131,0.0126,-0.0036,-0.0173,-6.8369,-0.6972,6.9801,0.0000,0.0006,0.0002,1.0000,-0.1708,-0.0175,0.1746
201748,Right,2,-0.1346,-0.2628,0.2583,-0.9198,0.0148,0.0077,0.0022,0.0193,-0.0162,-0.0909,-5.3563,1.0843,8.0404,0.0002,0.0001,0.0000,1.0000,-0.1339,0.0271,0.2010
201748,Pelvis,2,-0.2842,0.5274,-0.2829,-0.7490,-0.0200,0.0016,0.0054,-0.0579,-0.0352,0.0381,9.3462,1.2757,2.8398,-0.0002,0.0000,0.0001,1.0000,0.2337,0.0319,0.0710
201749,Left,2,0.0019,-0.3805,0.0888,-0.9205,-0.0027,0.0530,0.0135,0.0119,-0.0021,-0.0173,-6.8458,-0.6950,6.9716,-0.0000,0.0007,0.0002,1.0000,-0.1710,-0.0174,0.1744
201749,Right,2,-0.1346,-0.2629,0.2583,-0.9198,0.0165,0.0072,0.0033,0.0261,-0.0015,-0.0737,-5.3675,1.1031,8.0511,0.0002,0.0001,0.0000,1.0000,-0.1342,0.0275,0.2013
201749,Pelvis,2,-0.2841,0.5273,-0.2829,-0.7492,-0.0268,0.0048,-0.0046,-0.0374,-0.0611,0.0248,9.3356,1.2391,2.8446,-0.0003,0.0001,-0.0001,1.0000,0.2334,0.0310,0.0711
201750,Right,2,-0.1347,-0.2629,0.2583,-0.9198,0.0169,0.0071,0.0047,0.0374,-0.0118,-0.0742,-5.3554,1.1021,8.0588,0.0002,0.0001,0.0001,1.0000,-0.1339,0.0275,0.2015
201750,Pelvis,2,-0.2841,0.5271,-0.2830,-0.7492,-0.0322,0.0078,-0.0104,-0.0248,-0.1311,-0.0253,9.2819,1.1753,2.8768,-0.0004,0.0001,-0.0001,1.0000,0.2321,0.0294,0.0719
201751,Left,2,0.0017,-0.3817,0.0887,-0.9200,0.0003,0.0568,0.0091,-0.0020,0.0026,-0.0003,-6.8822,-0.6926,6.9598,0.0000,0.0014,0.0002,1.0000,-0.3436,-0.0347,0.3485
201751,Right,2,-0.1348,-0.2629,0.2583,-0.9198,0.0152,0.0058,0.0044,0.0187,-0.0104,-0.0774,-5.3683,1.0941,8.0474,0.0002,0.0001,0.0001,1.0000,-0.1342,0.0273,0.2012
201751,Pelvis,2,-0.2835,0.5272,-0.2825,-0.7496,-0.0358,0.0107,-0.0132,-0.0231,-0.1025,-0.0134,9.2959,1.1941,2.8630,-0.0004,0.0001,-0.0002,1.0000,0.2324,0.0298,0.0715
201752,Left,2,0.0017,-0.3823,0.0887,-0.9198,0.0016,0.0499,0.0079,-0.0129,-0.0114,-0.0100,-6.8936,-0.7077,6.9332,0.0000,0.0006,0.0001,1.0000,-0.1722,-0.0177,0.1734
201752,Right,2,-0.1348,-0.2629,0.2583,-0.9198,0.0150,0.0039,0.0047,0.0367,-0.0008,-0.0664,-5.3653,1.1143,8.0600,0.0002,0.0000,0.0001,1.0000,-0.1341,0.0278,0.2015
201752,Pelvis,2,-0.2833,0.5271,-0.2824,-0.7498,-0.0443,0.0098,-0.0107,-0.0335,-0.1057,-0.0419,9.2640,1.1952,2.8687,-0.0006,0.0001,-0.0001,1.0000,0.2316,0.0299,0.0717
201753,Left,2,0.0016,-0.3827,0.0887,-0.9196,0.0009,0.0383,0.0093,-0.0135,-0.0100,-0.0100,-6.9014,-0.7060,6.9256,0.0000,0.0005,0.0001,1.0000,-0.1725,-0.0177,0.1732
201753,Pelvis,2,-0.2829,0.5270,-0.2822,-0.7500,-0.0447,0.0083,-0.0084,-0.0135,-0.1138,-0.0713,9.2396,1.1699,2.8583,-0.0006,0.0001,-0.0001,1.0000,0.2310,0.0293,0.0714
201755,Left,2,0.0015,-0.3831,0.0886,-0.9195,0.0018,0.0223,0.0107,-0.0075,-0.0008,-0.0007,-6.9121,-0.6950,6.9293,0.0000,0.0006,0.0003,1.0000,-0.3454,-0.0349,0.3467
201755,Right,2,-0.1350,-0.2628,0.2582,-0.9198,0.0145,0.0038,0.0039,0.0313,-0.0128,-0.0651,-5.3657,1.1060,8.0625,0.0005,0.0001,0.0001,1.0000,-0.4023,0.0826,0.6048
201755,Pelvis,2,-0.2822,0.5271,-0.2817,-0.7505,-0.0317,0.0045,-0.0077,0.0229,-0.1494,-0.0724,9.2432,1.1172,2.8655,-0.0008,0.0001,-0.0002,1.0000,0.4622,0.0559,0.1432
201756,Left,2,0.0015,-0.3832,0.0885,-0.9194,0.0026,0.0127,0.0100,-0.0154,-0.0056,-0.0100,-6.9141,-0.6997,6.9136,0.0000,0.0002,0.0001,1.0000,-0.1728,-0.0175,0.1729
201756,Right,2,-0.1350,-0.2628,0.2582,-0.9198,0.0142,0.0056,0.0034,0.0303,-0.0042,-0.0701,-5.3664,1.1113,8.0552,0.0002,0.0001,0.0000,1.0000,-0.1341,0.0277,0.2014
201756,Pelvis,2,-0.2825,0.5269,-0.2820,-0.7504,-0.0058,0.0007,-0.0079,0.0333,-0.1430,-0.0331,9.2830,1.1179,2.8703,-0.0001,0.0000,-0.0001,1.0000,0.2321,0.0279,0.0718
201757,Left,2,0.0014,-0.3833,0.0885,-0.9194,0.0045,0.0100,0.0101,0.0106,0.0080,-0.0084,-6.9010,-0.6813,6.9309,0.0001,0.0001,0.0001,1.0000,-0.1725,-0.0171,0.1733
201757,Right,2,-0.1350,-0.2628,0.2582,-0.9198,0.0114,0.0046,0.0019,0.0212,-0.0022,-0.0717,-5.3732,1.1083,8.0490,0.0001,0.0001,0.0000,1.0000,-0.1343,0.0277,0.2012
201757,Pelvis,2,-0.2826,0.5267,-0.2822,-0.7504,0.0111,0.0044,-0.0034,0.0758,-0.1387,0.0039,9.3302,1.0956,2.8528,0.0001,0.0001,-0.0000,1.0000,0.2333,0.0274,0.0713
201758,Left,2,0.0014,-0.3833,0.0885,-0.9194,0.0025,0.0063,0.0080,-0.0024,0.0135,-0.0132,-6.9083,-0.6768,6.9172,0.0000,0.0001,0.0001,1.0000,-0.1727,-0.0169,0.1729
201758,Right,2,-0.1350,-0.2629,0.2582,-0.9198,0.0114,0.0055,0.0037,0.0116,-0.0080,-0.0676,-5.3803,1.0988,8.0506,0.0001,0.0001,0.0000,1.0000,-0.1345,0.0274,0.2013
201758,Pelvis,2,-0.2828,0.5265,-0.2826,-0.7503,0.0297,0.0098,0.0050,0.0804,-0.1705,0.0144,9.3366,1.0724,2.8783,0.0004,0.0001,0.0001,1.0000,0.2334,0.0268,0.0719
201759,Left,2,0.0014,-0.3833,0.0885,-0.9194,0.0025,0.0019,0.0077,-0.0116,0.0175,-0.0091,-6.9183,-0.6742,6.9132,0.0000,0.0000,0.0001,1.0000,-0.1730,-0.0169,0.1728
201759,Right,2,-0.1351,-0.2628,0.2582,-0.9198,0.0143,0.0026,0.0033,0.0426,-0.0091,-0.0705,-5.3557,1.1151,8.0614,0.0002,0.0000,0.0000,1.0000,-0.1339,0.0278,0.2015
201759,Pelvis,2,-0.2838,0.5258,-0.2839,-0.7499,0.0420,0.0103,0.0049,0.0466,-0.1312,0.0048,9.3218,1.1237,2.8712,0.0005,0.0001,0.0001,1.0000,0.2331,0.0281,0.0718
201760,Right,2,-0.1351,-0.2628,0.2582,-0.9198,0.0127,0.0045,0.0037,0.0234,-0.0156,-0.0680,-5.3683,1.1002,8.0579,0.0002,0.0001,0.0000,1.0000,-0.1342,0.0275,0.2015
201760,Pelvis,2,-0.2835,0.5259,-0.2837,-0.7501,0.0501,0.0112,0.0129,0.0116,-0.1008,-0.0634,9.2501,1.1608,2.8542,0.0006,0.0001,0.0002,1.0000,0.2313,0.0290,0.0713
201761,Left,2,0.0014,-0.3829,0.0885,-0.9196,0.0020,-0.0145,0.0068,-0.0100,-0.0025,-0.0032,-6.9153,-0.6930,6.9228,0.0000,-0.0004,0.0002,1.0000,-0.3459,-0.0347,0.3460
201761,Right,2,-0.1351,-0.2628,0.2581,-0.9198,0.0118,0.0027,0.0041,0.0318,-0.0066,-0.0587,-5.3709,1.1138,8.0657,0.0001,0.0000,0.0001,1.0000,-0.1343,0.0278,0.2017
201761,Pelvis,2,-0.2840,0.5255,-0.2847,-0.7498,0.0513,0.0122,0.0223,-0.0423,-0.0933,-0.0302,9.2665,1.2082,2.8946,0.0006,0.0002,0.0003,1.0000,0.2317,0.0302,0.0723
201762,Left,2,0.0014,-0.3825,0.0885,-0.9197,0.0021,-0.0271,0.0067,-0.0062,-0.0118,0.0032,-6.9096,-0.7024,6.9366,0.0000,-0.0003,0.0001,1.0000,-0.1728,-0.0176,0.1734
201762,Right,2,-0.1351,-0.2628,0.2581,-0.9198,0.0137,0.0028,0.0035,0.0231,0.0034,-0.0660,-5.3769,1.1171,8.0523,0.0002,0.0000,0.0000,1.0000,-0.1344,0.0279,0.2013
201762,Pelvis,2,-0.2840,0.5253,-0.2851,-0.7497,0.0546,0.0154,0.0257,-0.0116,-0.0658,0.0208,9.3267,1.2082,2.8731,0.0007,0.0002,0.0003,1.0000,0.2332,0.0302,0.0718
201763,Left,2,0.0014,-0.3822,0.0885,-0.9198,0.0035,-0.0276,0.0074,0.0208,0.0025,-0.0170,-6.8737,-0.6822,6.9457,0.0000,-0.0003,0.0001,1.0000,-0.1719,-0.0171,0.1736
201763,Right,2,-0.1352,-0.2627,0.2581,-0.9198,0.0132,0.0009,0.0052,0.0152,-0.0082,-0.0696,-5.3755,1.1036,8.0507,0.0002,0.0000,0.0001,1.0000,-0.1344,0.0275,0.2013
201763,Pelvis,2,-0.2838,0.5252,-0.2853,-0.7498,0.0573,0.0140,0.0305,0.0261,-0.0790,0.0022,9.3176,1.1656,2.8570,0.0007,0.0002,0.0004,1.0000,0.2329,0.0292,0.0714
201765,Left,2,0.0014,-0.3818,0.0885,-0.9200,0.0021,-0.0135,0.0075,0.0148,-0.0049,-0.0109,-6.8756,-0.6896,6.9516,0.0001,-0.0003,0.0002,1.0000,-0.3439,-0.0346,0.3475
201765,Right,2,-0.1352,-0.2626,0.2580,-0.9199,0.0139,0.0011,0.0060,0.0307,-0.0113,-0.0682,-5.3630,1.1124,8.0596,0.0003,0.0000,0.0001,1.0000,-0.2681,0.0554,0.4030
201765,Pelvis,2,-0.2847,0.5246,-0.2873,-0.7491,0.0612,0.0109,0.0301,0.0006,-0.0286,0.0192,9.3328,1.2157,2.8439,0.0015,0.0003,0.0008,1.0000,0.4666,0.0609,0.1422
201766,Left,2,0.0014,-0.3818,0.0885,-0.9200,0.0028,0.0036,0.0079,0.0159,-0.0024,-0.0174,-6.8675,-0.6866,6.9508,0.0000,0.0000,0.0001,1.0000,-0.1717,-0.0172,0.1738
201766,Right,2,-0.1353,-0.2626,0.2580,-0.9199,0.0147,0.0008,0.0055,0.0313,-0.0166,-0.0912,-5.3463,1.1062,8.0437,0.0002,0.0000,0.0001,1.0000,-0.1337,0.0276,0.2011
201766,Pelvis,2,-0.2853,0.5242,-0.2883,-0.7488,0.0529,0.0055,0.0290,-0.0604,-0.0038,0.0375,9.3359,1.2737,2.8719,0.0007,0.0001,0.0004,1.0000,0.2334,0.0319,0.0718
201767,Left,2,0.0014,-0.3818,0.0885,-0.9200,-0.0000,0.0063,0.0085,0.0219,0.0068,-0.0081,-6.8717,-0.6770,6.9607,-0.0000,0.0001,0.0001,1.0000,-0.1718,-0.0169,0.1740
201767,Right,2,-0.1353,-0.2626,0.2580,-0.9199,0.0148,0.0042,0.0039,0.0375,-0.0097,-0.0684,-5.3567,1.1190,8.0626,0.0002,0.0001,0.0000,1.0000,-0.1339,0.0279,0.2016
201767,Pelvis,2,-0.2853,0.5242,-0.2889,-0.7486,0.0428,0.0022,0.0294,-0.0493,-0.0281,0.0142,9.3141,1.2420,2.8768,0.0005,0.0000,0.0004,1.0000,0.2328,0.0311,0.0719
201768,Left,2,0.0014,-0.3818,0.0884,-0.9200,0.0023,0.0017,0.0094,-0.0092,-0.0022,-0.0186,-6.8845,-0.6897,6.9319,0.0000,0.0000,0.0001,1.0000,-0.1721,-0.0173,0.1733
201768,Right,2,-0.1354,-0.2625,0.2580,-0.9199,0.0141,0.0027,0.0048,0.0401,-0.0048,-0.0819,-5.3492,1.1239,8.0507,0.0002,0.0000,0.0001,1.0000,-0.1337,0.0281,0.2013
201768,Pelvis,2,-0.2850,0.5243,-0.2888,-0.7487,0.0383,0.0082,0.0257,-0.0486,-0.0535,-0.0284,9.2707,1.2142,2.8843,0.0005,0.0001,0.0003,1.0000,0.2318,0.0304,0.0721
201769,Left,2,0.0014,-0.3817,0.0884,-0.9200,0.0022,-0.0039,0.0084,-0.0051,-0.0016,-0.0315,-6.8720,-0.6870,6.9264,0.0000,-0.0000,0.0001,1.0000,-0.1718,-0.0172,0.1732
201769,Right,2,-0.1354,-0.2625,0.2580,-0.9199,0.0144,0.0032,0.0031,0.0310,-0.0028,-0.0835,-5.3555,1.1214,8.0448,0.0002,0.0000,0.0000,1.0000,-0.1339,0.0280,0.2011
201769,Pelvis,2,-0.2846,0.5243,-0.2887,-0.7489,0.0361,0.0149,0.0240,-0.0413,-0.0617,-0.0461,9.2543,1.1967,2.8838,0.0005,0.0002,0.0003,1.0000,0.2314,0.0300,0.0721
201770,Left,2,0.0014,-0.3816,0.0884,-0.9201,0.0023,-0.0078,0.0076,-0.0068,-0.0009,-0.0097,-6.8870,-0.6876,6.9422,0.0000,-0.0001,0.0001,1.0000,-0.1722,-0.0172,0.1735
201770,Right,2,-0.1354,-0.2625,0.2580,-0.9199,0.0144,0.0038,0.0028,0.0406,-0.0073,-0.0761,-5.3506,1.1245,8.0566,0.0002,0.0000,0.0000,1.0000,-0.1338,0.0281,0.2014
201770,Pelvis,2,-0.2838,0.5245,-0.2882,-0.7492,0.0276,0.0178,0.0262,-0.0668,-0.0430,-0.0391,9.2556,1.2234,2.8926,0.0003,0.0002,0.0003,1.0000,0.2314,0.0306,0.0723
201771,Left,2,0.0014,-0.3814,0.0884,-0.9202,0.0027,-0.0152,0.0066,0.0011,-0.0019,-0.0138,-6.8760,-0.6867,6.9475,0.0000,-0.0002,0.0001,1.0000,-0.1719,-0.0172,0.1737
201771,Right,2,-0.1355,-0.2625,0.2579,-0.9199,0.0136,0.0080,0.0025,0.0524,-0.0097,-0.0822,-5.3381,1.1289,8.0570,0.0002,0.0001,0.0000,1.0000,-0.1334,0.0282,0.2014
201771,Pelvis,2,-0.2827,0.5248,-0.2873,-0.7497,0.0190,0.0175,0.0238,-0.1200,-0.0372,-0.0459,9.2339,1.2590,2.9250,0.0002,0.0002,0.0003,1.0000,0.2309,0.0315,0.0731
201772,Left,2,0.0014,-0.3811,0.0884,-0.9203,0.0031,-0.0222,0.0061,-0.0263,-0.0124,-0.0154,-6.8882,-0.7011,6.9317,0.0000,-0.0003,0.0001,1.0000,-0.1723,-0.0175,0.1732
201772,Right,2,-0.1355,-0.2626,0.2580,-0.9198,0.0122,0.0114,-0.0015,0.0528,-0.0070,-0.0822,-5.3400,1.1316,8.0553,0.0002,0.0001,-0.0000,1.0000,-0.1335,0.0283,0.2014
201772,Pelvis,2,-0.2831,0.5244,-0.2884,-0.7495,0.0084,0.0126,0.0154,-0.1367,-0.0069,-0.0542,9.2247,1.2869,2.9148,0.0001,0.0002,0.0002,1.0000,0.2306,0.0322,0.0728
201773,Left,2,0.0014,-0.3807,0.0884,-0.9205,0.0034,-0.0293,0.0063,0.0006,-0.0098,-0.0054,-6.8720,-0.6947,6.9625,0.0000,-0.0004,0.0001,1.0000,-0.1719,-0.0174,0.1740
201773,Right,2,-0.1355,-0.2627,0.2580,-0.9198,0.0094,0.0110,-0.0033,0.0303,-0.0020,-0.0643,-5.3700,1.1248,8.0580,0.0001,0.0001,-0.0000,1.0000,-0.1342,0.0281,0.2015
201773,Pelvis,2,-0.2816,0.5250,-0.2866,-0.7503,0.0053,0.0114,0.0048,-0.1254,-0.0054,-0.0750,9.2074,1.2725,2.9058,0.0001,0.0001,0.0001,1.0000,0.2302,0.0318,0.0726
201774,Left,2,0.0014,-0.3803,0.0884,-0.9206,0.0007,-0.0269,0.0056,0.0047,-0.0093,-0.0183,-6.8547,-0.6925,6.9616,0.0000,-0.0003,0.0001,1.0000,-0.1714,-0.0173,0.1740
201774,Right,2,-0.1355,-0.2628,0.2580,-0.9198,0.0098,0.0120,-0.0025,0.0341,-0.0108,-0.0797,-5.3567,1.1169,8.0492,0.0001,0.0002,-0.0000,1.0000,-0.1339,0.0279,0.2013
201774,Pelvis,2,-0.2817,0.5247,-0.2869,-0.7504,0.0030,0.0181,-0.0093,-0.0594,-0.0350,0.0018,9.2936,1.2141,2.9125,0.0000,0.0002,-0.0001,1.0000,0.2324,0.0303,0.0728
201775,Left,2,0.0015,-0.3802,0.0885,-0.9207,0.0026,-0.0128,0.0046,0.0307,0.0042,-0.0166,-6.8359,-0.6753,6.9841,0.0000,-0.0002,0.0001,1.0000,-0.1709,-0.0169,0.1746
201775,Right,2,-0.1355,-0.2629,0.2581,-0.9197,0.0099,0.0118,-0.0045,0.0512,-0.0168,-0.0573,-5.3560,1.1229,8.0761,0.0001,0.0001,-0.0001,1.0000,-0.1339,0.0281,0.2019
201775,Pelvis,2,-0.2807,0.5249,-0.2855,-0.7511,0.0068,0.0211,-0.0159,-0.0226,0.0075,0.0682,9.3707,1.2255,2.8845,0.0001,0.0003,-0.0002,1.0000,0.2343,0.0306,0.0721
201776,Left,2,0.0015,-0.3801,0.0885,-0.9207,0.0024,-0.0025,0.0024,0.0337,0.0041,-0.0077,-6.8380,-0.6759,6.9945,0.0000,-0.0000,0.0000,1.0000,-0.1710,-0.0169,0.1749
201776,Right,2,-0.1355,-0.2630,0.2581,-0.9197,0.0103,0.0111,-0.0029,0.0286,-0.0118,-0.0393,-5.3861,1.1158,8.0787,0.0001,0.0001,-0.0000,1.0000,-0.1346,0.0279,0.2020
201776,Pelvis,2,-0.2800,0.5250,-0.2843,-0.7518,0.0068,0.0167,-0.0207,-0.0332,0.0262,0.0329,9.3344,1.2447,2.8735,0.0001,0.0002,-0.0003,1.0000,0.2334,0.0311,0.0718
201777,Left,2,0.0015,-0.3801,0.0886,-0.9207,0.0009,0.0068,0.0025,0.0186,-0.0105,-0.0046,-6.8480,-0.6935,6.9874,0.0000,0.0001,0.0000,1.0000,-0.1712,-0.0173,0.1747
201777,Right,2,-0.1355,-0.2631,0.2582,-0.9197,0.0102,0.0088,-0.0018,0.0099,-0.0104,-0.0425,-5.3998,1.1056,8.0670,0.0001,0.0001,-0.0000,1.0000,-0.1350,0.0276,0.2017
201777,Pelvis,2,-0.2797,0.5250,-0.2837,-0.7521,0.0069,0.0113,-0.0225,-0.0179,-0.0075,0.0227,9.3227,1.2135,2.8897,0.0001,0.0001,-0.0003,1.0000,0.2331,0.0303,0.0722
201778,Right,2,-0.1355,-0.2631,0.2582,-0.9197,0.0110,0.0053,0.0003,0.0233,-0.0185,-0.0563,-5.3798,1.1041,8.0639,0.0001,0.0001,0.0000,1.0000,-0.1345,0.0276,0.2016
201779,Left,2,0.0015,-0.3804,0.0886,-0.9206,0.0010,0.0164,0.0062,0.0085,-0.0109,-0.0116,-6.8529,-0.6948,6.9725,0.0000,0.0004,0.0002,1.0000,-0.3425,-0.0348,0.3488
201779,Right,2,-0.1355,-0.2631,0.2582,-0.9197,0.0120,0.0044,0.0018,0.0212,-0.0258,-0.0371,-5.3892,1.0991,8.0816,0.0002,0.0001,0.0000,1.0000,-0.1347,0.0274,0.2021
201779,Pelvis,2,-0.2809,0.5241,-0.2850,-0.7518,0.0088,0.0087,-0.0153,0.0143,-0.0321,0.0179,9.3220,1.1802,2.8895,0.0002,0.0002,-0.0004,1.0000,0.4662,0.0588,0.1444
201780,Left,2,0.0014,-0.3806,0.0886,-0.9205,0.0009,0.0191,0.0076,0.0014,-0.0113,-0.0098,-6.8623,-0.6973,6.9655,0.0000,0.0002,0.0001,1.0000,-0.1715,-0.0174,0.1742
201780,Right,2,-0.1355,-0.2631,0.2582,-0.9197,0.0128,0.0004,0.0042,0.0171,-0.0038,-0.0772,-5.3785,1.1110,8.0385,0.0002,0.0000,0.0001,1.0000,-0.1345,0.0277,0.2010
201780,Pelvis,2,-0.2822,0.5233,-0.2867,-0.7512,0.0030,0.0044,-0.0089,0.0031,-0.0359,0.0002,9.2995,1.1885,2.8984,0.0000,0.0001,-0.0001,1.0000,0.2325,0.0297,0.0724
201781,Left,2,0.0014,-0.3808,0.0885,-0.9204,0.0019,0.0207,0.0088,-0.0276,-0.0001,-0.0284,-6.8742,-0.6893,6.9285,0.0000,0.0003,0.0001,1.0000,-0.1718,-0.0173,0.1733
201781,Right,2,-0.1355,-0.2630,0.2581,-0.9197,0.0147,0.0013,0.0053,0.0268,-0.0082,-0.0698,-5.3730,1.1143,8.0507,0.0002,0.0000,0.0001,1.0000,-0.1343,0.0278,0.2013
201781,Pelvis,2,-0.2815,0.5235,-0.2859,-0.7516,-0.0017,0.0031,-0.0028,-0.0011,-0.0211,-0.0036,9.2959,1.2010,2.8917,-0.0000,0.0000,-0.0000,1.0000,0.2324,0.0300,0.0723
201783,Left,2,0.0013,-0.3812,0.0885,-0.9202,0.0011,0.0216,0.0096,0.0028,-0.0143,-0.0121,-6.8673,-0.6981,6.9575,0.0000,0.0005,0.0002,1.0000,-0.3432,-0.0350,0.3481
201783,Right,2,-0.1356,-0.2629,0.2581,-0.9197,0.0141,-0.0002,0.0062,0.0333,-0.0188,-0.0709,-5.3625,1.1120,8.0567,0.0004,-0.0000,0.0002,1.0000,-0.2681,0.0554,0.4029
201783,Pelvis,2,-0.2805,0.5240,-0.2849,-0.7521,-0.0094,-0.0033,0.0010,0.0036,-0.0525,-0.0084,9.2883,1.1733,2.9115,-0.0002,-0.0001,0.0000,1.0000,0.4644,0.0587,0.1456
201784,Left,2,0.0013,-0.3814,0.0884,-0.9202,0.0019,0.0207,0.0088,0.0064,0.0029,-0.0223,-6.8648,-0.6797,6.9473,0.0000,0.0003,0.0001,1.0000,-0.1716,-0.0170,0.1737
201784,Right,2,-0.1356,-0.2628,0.2580,-0.9198,0.0128,-0.0005,0.0068,0.0352,-0.0094,-0.0489,-5.3751,1.1238,8.0732,0.0002,-0.0000,0.0001,1.0000,-0.1344,0.0281,0.2018
201784,Pelvis,2,-0.2822,0.5231,-0.2873,-0.7511,-0.0125,-0.0082,0.0030,0.0209,-0.0421,-0.0076,9.2955,1.1665,2.8940,-0.0002,-0.0001,0.0000,1.0000,0.2324,0.0292,0.0724
201785,Left,2,0.0013,-0.3815,0.0884,-0.9201,0.0017,0.0158,0.0096,-0.0173,-0.0092,-0.0151,-6.8869,-0.6954,6.9341,0.0000,0.0002,0.0001,1.0000,-0.1721,-0.0174,0.1734
201785,Right,2,-0.1356,-0.2627,0.2580,-0.9198,0.0136,-0.0016,0.0077,0.0277,-0.0132,-0.0582,-5.3728,1.1167,8.0645,0.0002,-0.0000,0.0001,1.0000,-0.1343,0.0279,0.2016
201785,Pelvis,2,-0.2814,0.5235,-0.2866,-0.7514,-0.0178,-0.0046,0.0090,-0.0096,-0.0348,-0.0068,9.2889,1.1897,2.9084,-0.0002,-0.0001,0.0001,1.0000,0.2322,0.0298,0.0727
201786,Left,2,0.0013,-0.3817,0.0884,-0.9201,0.0020,0.0128,0.0090,0.0095,-0.0066,-0.0050,-6.8777,-0.6887,6.9580,0.0000,0.0002,0.0001,1.0000,-0.1719,-0.0172,0.1740
201786,Right,2,-0.1357,-0.2626,0.2579,-0.9198,0.0136,-0.0022,0.0080,0.0281,-0.0104,-0.0582,-5.3722,1.1205,8.0644,0.0002,-0.0000,0.0001,1.0000,-0.1343,0.0280,0.2016
201786,Pelvis,2,-0.2806,0.5239,-0.2860,-0.7517,-0.0253,-0.0041,0.0117,-0.0475,0.0008,-0.0043,9.2855,1.2363,2.9084,-0.0003,-0.0001,0.0001,1.0000,0.2321,0.0310,0.0727
201787,Left,2,0.0012,-0.3817,0.0883,-0.9200,0.0022,0.0113,0.0111,-0.0101,-0.0087,-0.0191,-6.8826,-0.6922,6.9329,0.0000,0.0001,0.0001,1.0000,-0.1720,-0.0173,0.1733
201787,Right,2,-0.1357,-0.2626,0.2578,-0.9199,0.0145,-0.0015,0.0082,0.0441,-0.0086,-0.0913,-5.3416,1.1284,8.0437,0.0002,-0.0000,0.0001,1.0000,-0.1335,0.0282,0.2011
201787,Pelvis,2,-0.2803,0.5240,-0.2860,-0.7517,-0.0341,-0.0035,0.0069,-0.0190,-0.0506,-0.0099,9.2816,1.1750,2.9271,-0.0004,-0.0000,0.0001,1.0000,0.2320,0.0294,0.0732
201788,Left,2,0.0012,-0.3818,0.0883,-0.9200,0.0019,0.0076,0.0085,0.0033,-0.0027,0.0080,-6.8944,-0.6853,6.9601,0.0000,0.0001,0.0001,1.0000,-0.1723,-0.0172,0.1740
201788,Right,2,-0.1358,-0.2625,0.2578,-0.9199,0.0152,0.0012,0.0066,0.0637,-0.0045,-0.0881,-5.3297,1.1443,8.0534,0.0002,0.0000,0.0001,1.0000,-0.1332,0.0286,0.2013
201788,Pelvis,2,-0.2805,0.5238,-0.2866,-0.7516,-0.0347,0.0005,0.0029,-0.0179,-0.0776,-0.0524,9.2379,1.1471,2.9351,-0.0004,0.0000,0.0000,1.0000,0.2309,0.0287,0.0734
201789,Left,2,0.0012,-0.3818,0.0883,-0.9200,0.0023,0.0042,0.0065,-0.0048,0.0020,-0.0098,-6.8887,-0.6805,6.9411,0.0000,0.0001,0.0001,1.0000,-0.1722,-0.0170,0.1735
201789,Right,2,-0.1358,-0.2625,0.2578,-0.9199,0.0144,0.0020,0.0036,0.0445,-0.0110,-0.0855,-5.3419,1.1299,8.0503,0.0002,0.0000,0.0000,1.0000,-0.1335,0.0282,0.2013
201789,Pelvis,2,-0.2790,0.5244,-0.2850,-0.7523,-0.0308,0.0034,-0.0018,-0.0180,-0.0923,-0.0363,9.2508,1.1341,2.9537,-0.0004,0.0000,-0.0000,1.0000,0.2313,0.0284,0.0738
201790,Left,2,0.0012,-0.3817,0.0883,-0.9200,0.0035,-0.0024,0.0066,0.0030,0.0009,-0.0138,-6.8798,-0.6797,6.9443,0.0000,-0.0000,0.0001,1.0000,-0.1720,-0.0170,0.1736
201790,Right,2,-0.1358,-0.2624,0.2578,-0.9199,0.0139,0.0038,0.0058,0.0337,-0.0033,-0.0794,-5.3560,1.1321,8.0479,0.0002,0.0000,0.0001,1.0000,-0.1339,0.0283,0.2012
201790,Pelvis,2,-0.2787,0.5244,-0.2847,-0.7525,-0.0202,0.0069,-0.0040,0.0047,-0.0986,-0.0871,9.2075,1.1052,2.9323,-0.0003,0.0001,-0.0000,1.0000,0.2302,0.0276,0.0733
201791,Left,2,0.0012,-0.3816,0.0883,-0.9201,0.0023,-0.0086,0.0067,-0.0036,-0.0162,-0.0147,-6.8794,-0.6973,6.9418,0.0000,-0.0001,0.0001,1.0000,-0.1720,-0.0175,0.1735
201791,Right,2,-0.1358,-0.2624,0.2577,-0.9199,0.0110,0.0038,0.0032,0.0533,0.0008,-0.0762,-5.3449,1.1472,8.0571,0.0001,0.0000,0.0000,1.0000,-0.1336,0.0286,0.2014
201791,Pelvis,2,-0.2787,0.5243,-0.2849,-0.7525,-0.0074,0.0001,0.0007,0.0275,-0.0565,-0.1023,9.2047,1.1143,2.8857,-0.0001,0.0000,0.0000,1.0000,0.2301,0.0279,0.0721
201792,Left,2,0.0012,-0.3814,0.0883,-0.9202,0.0029,-0.0095,0.0067,0.0024,-0.0070,-0.0054,-6.8812,-0.6876,6.9542,0.0000,-0.0001,0.0001,1.0000,-0.1720,-0.0172,0.1738
201792,Right,2,-0.1358,-0.2624,0.2577,-0.9199,0.0105,0.0034,0.0021,0.0420,0.0008,-0.0643,-5.3596,1.1424,8.0624,0.0001,0.0000,0.0000,1.0000,-0.1340,0.0285,0.2016
201792,Pelvis,2,-0.2784,0.5245,-0.2846,-0.7526,0.0093,-0.0090,0.0033,0.0281,-0.0238,-0.0506,9.2584,1.1408,2.8774,0.0001,-0.0001,0.0000,1.0000,0.2315,0.0285,0.0720
201793,Left,2,0.0011,-0.3813,0.0883,-0.9202,0.0023,-0.0078,0.0076,0.0102,-0.0080,-0.0094,-6.8706,-0.6867,6.9590,0.0000,-0.0001,0.0001,1.0000,-0.1718,-0.0172,0.1740
201793,Right,2,-0.1358,-0.2624,0.2577,-0.9199,0.0123,0.0035,0.0029,0.0245,-0.0115,-0.0694,-5.3644,1.1222,8.0557,0.0002,0.0000,0.0000,1.0000,-0.1341,0.0280,0.2014
201793,Pelvis,2,-0.2780,0.5248,-0.2841,-0.7527,0.0145,-0.0147,0.0051,0.0042,0.0080,0.0242,9.3274,1.1873,2.8902,0.0002,-0.0002,0.0001,1.0000,0.2332,0.0297,0.0723
201794,Left,2,0.0011,-0.3812,0.0883,-0.9202,0.0026,-0.0017,0.0082,0.0311,-0.0240,-0.0001,-6.8586,-0.6993,6.9827,0.0000,-0.0000,0.0001,1.0000,-0.1715,-0.0175,0.1746
201794,Right,2,-0.1359,-0.2624,0.2577,-0.9199,0.0123,0.0046,0.0024,0.0232,-0.0030,-0.0617,-5.3730,1.1298,8.0583,0.0002,0.0001,0.0000,1.0000,-0.1343,0.0282,0.2015
201794,Pelvis,2,-0.2785,0.5247,-0.2847,-0.7524,0.0134,-0.0117,0.0054,-0.0246,-0.0000,0.0503,9.3437,1.2050,2.9195,0.0002,-0.0001,0.0001,1.0000,0.2336,0.0301,0.0730
201796,Left,2,0.0011,-0.3814,0.0883,-0.9202,0.0007,0.0088,0.0073,0.0140,-0.0020,-0.0003,-6.8748,-0.6794,6.9684,0.0000,0.0002,0.0002,1.0000,-0.3437,-0.0340,0.3485
201796,Right,2,-0.1359,-0.2624,0.2577,-0.9199,0.0133,0.0046,0.0035,0.0298,-0.0136,-0.0628,-5.3639,1.1265,8.0635,0.0003,0.0001,0.0001,1.0000,-0.2682,0.0562,0.4032
201796,Pelvis,2,-0.2790,0.5244,-0.2854,-0.7521,0.0065,-0.0069,-0.0027,-0.0560,-0.0380,-0.0064,9.2764,1.1956,2.9475,0.0002,-0.0002,-0.0001,1.0000,0.4638,0.0597,0.1475
201797,Left,2,0.0011,-0.3814,0.0883,-0.9202,0.0019,0.0104,0.0061,-0.0022,-0.0191,-0.0191,-6.8712,-0.6982,6.9436,0.0000,0.0001,0.0001,1.0000,-0.1718,-0.0175,0.1736
201797,Right,2,-0.1359,-0.2624,0.2577,-0.9199,0.0118,0.0013,0.0027,0.0371,-0.0136,-0.0697,-5.3541,1.1293,8.0614,0.0001,0.0000,0.0000,1.0000,-0.1338,0.0282,0.2015
201797,Pelvis,2,-0.2806,0.5237,-0.2873,-0.7514,0.0065,-0.0079,-0.0108,-0.0182,-0.0276,-0.0537,9.2438,1.1723,2.9013,0.0001,-0.0001,-0.0001,1.0000,0.2311,0.0293,0.0726
201799,Left,2,0.0011,-0.3816,0.0883,-0.9201,0.0003,0.0094,0.0079,0.0065,-0.0158,-0.0120,-6.8726,-0.6933,6.9527,0.0000,0.0002,0.0002,1.0000,-0.3435,-0.0347,0.3477
201799,Right,2,-0.1359,-0.2623,0.2577,-0.9200,0.0120,0.0008,0.0025,0.0377,-0.0069,-0.0726,-5.3541,1.1365,8.0568,0.0003,0.0000,0.0001,1.0000,-0.2677,0.0567,0.4029
201800,Left,2,0.0011,-0.3817,0.0882,-0.9201,-0.0015,0.0152,0.0081,0.0146,-0.0110,-0.0049,-6.8745,-0.6885,6.9613,-0.0000,0.0002,0.0001,1.0000,-0.1718,-0.0172,0.1741
201800,Right,2,-0.1359,-0.2623,0.2577,-0.9200,0.0116,0.0037,0.0031,0.0476,-0.0125,-0.0623,-5.3492,1.1375,8.0725,0.0001,0.0000,0.0000,1.0000,-0.1337,0.0284,0.2018
201800,Pelvis,2,-0.2802,0.5240,-0.2862,-0.7516,0.0115,-0.0092,-0.0073,0.0042,-0.0263,0.0171,9.3180,1.1689,2.9043,0.0004,-0.0003,-0.0003,1.0000,0.6988,0.0874,0.2181
201801,Left,2,0.0011,-0.3819,0.0882,-0.9200,0.0000,0.0175,0.0064,-0.0106,-0.0014,-0.0147,-6.8890,-0.6826,6.9338,0.0000,0.0002,0.0001,1.0000,-0.1722,-0.0171,0.1734
201801,Right,2,-0.1360,-0.2622,0.2576,-0.9200,0.0129,0.0016,0.0036,0.0305,-0.0170,-0.0732,-5.3535,1.1237,8.0583,0.0002,0.0000,0.0000,1.0000,-0.1338,0.0281,0.2015
201801,Pelvis,2,-0.2815,0.5234,-0.2879,-0.7510,0.0115,-0.0077,-0.0065,-0.0042,-0.0110,-0.0067,9.2950,1.1865,2.8900,0.0001,-0.0001,-0.0001,1.0000,0.2324,0.0296,0.0723
201802,Left,2,0.0011,-0.3820,0.0882,-0.9199,0.0016,0.0130,0.0063,-0.0028,-0.0024,-0.0187,-6.8826,-0.6822,6.9345,0.0000,0.0002,0.0001,1.0000,-0.1720,-0.0171,0.1734
201802,Right,2,-0.1360,-0.2622,0.2576,-0.9200,0.0126,0.0008,0.0034,0.0418,-0.0272,-0.0735,-5.3403,1.1219,8.0671,0.0002,0.0000,0.0000,1.0000,-0.1335,0.0280,0.2017
201802,Pelvis,2,-0.2815,0.5234,-0.2878,-0.7510,0.0056,-0.0049,-0.0049,-0.0317,-0.0229,-0.0206,9.2724,1.1978,2.9113,0.0001,-0.0001,-0.0001,1.0000,0.2318,0.0299,0.0728
201803,Left,2,0.0011,-0.3820,0.0882,-0.9199,0.0014,0.0081,0.0071,-0.0027,-0.0118,-0.0102,-6.8882,-0.6919,6.9400,0.0000,0.0001,0.0001,1.0000,-0.1722,-0.0173,0.1735
201803,Right,2,-0.1360,-0.2622,0.2576,-0.9200,0.0129,0.0027,0.0031,0.0142,-0.0109,-0.0899,-5.3574,1.1190,8.0361,0.0002,0.0000,0.0000,1.0000,-0.1339,0.0279,0.2009
201803,Pelvis,2,-0.2819,0.5231,-0.2884,-0.7508,-0.0030,-0.0008,-0.0025,-0.0102,-0.0465,-0.0245,9.2713,1.1666,2.9142,-0.0000,-0.0000,-0.0000,1.0000,0.2318,0.0292,0.0729
201804,Left,2,0.0011,-0.3821,0.0881,-0.9199,0.0008,0.0051,0.0072,0.0051,-0.0128,-0.0142,-6.8803,-0.6914,6.9422,0.0000,0.0001,0.0001,1.0000,-0.1720,-0.0173,0.1736
201804,Right,2,-0.1360,-0.2622,0.2576,-0.9200,0.0125,0.0031,0.0037,0.0313,-0.0166,-0.0674,-5.3547,1.1267,8.0641,0.0002,0.0000,0.0000,1.0000,-0.1339,0.0281,0.2016
201804,Pelvis,2,-0.2804,0.5238,-0.2866,-0.7516,-0.0083,0.0018,0.0015,-0.0041,-0.0260,0.0002,9.2990,1.1761,2.9050,-0.0001,0.0000,0.0000,1.0000,0.2325,0.0294,0.0726
201805,Left,2,0.0011,-0.3821,0.0881,-0.9199,0.0023,0.0042,0.0065,0.0081,-0.0129,-0.0053,-6.8846,-0.6915,6.9504,0.0000,0.0001,0.0001,1.0000,-0.1721,-0.0173,0.1738
201805,Right,2,-0.1360,-0.2621,0.2576,-0.9200,0.0140,0.0030,0.0040,0.0246,-0.0048,-0.0883,-5.3526,1.1312,8.0396,0.0002,0.0000,0.0001,1.0000,-0.1338,0.0282,0.2010
201805,Pelvis,2,-0.2799,0.5239,-0.2862,-0.7518,-0.0110,0.0033,0.0017,-0.0119,-0.0166,0.0087,9.3057,1.1868,2.9079,-0.0001,0.0000,0.0000,1.0000,0.2326,0.0297,0.0727
201806,Left,2,0.0011,-0.3820,0.0881,-0.9199,0.0016,0.0011,0.0074,0.0096,0.0088,-0.0134,-6.8813,-0.6692,6.9445,0.0000,0.0000,0.0001,1.0000,-0.1720,-0.0167,0.1736
201806,Right,2,-0.1361,-0.2621,0.2576,-0.9200,0.0136,0.0045,0.0041,0.0530,-0.0156,-0.0718,-5.3364,1.1404,8.0691,0.0002,0.0001,0.0001,1.0000,-0.1334,0.0285,0.2017
201806,Pelvis,2,-0.2803,0.5236,-0.2871,-0.7516,-0.0187,0.0054,0.0008,-0.0167,0.0113,-0.0205,9.2799,1.2044,2.8846,-0.0002,0.0001,0.0000,1.0000,0.2320,0.0301,0.0721
201807,Left,2,0.0011,-0.3820,0.0881,-0.9200,0.0020,-0.0008,0.0082,0.0011,0.0019,-0.0009,-6.8943,-0.6778,6.9484,0.0000,-0.0000,0.0001,1.0000,-0.1724,-0.0170,0.1737
201807,Right,2,-0.1361,-0.2621,0.2575,-0.9200,0.0127,0.0039,0.0040,0.0359,-0.0201,-0.0827,-5.3410,1.1268,8.0547,0.0002,0.0000,0.0001,1.0000,-0.1335,0.0281,0.2014
201807,Pelvis,2,-0.2798,0.5238,-0.2865,-0.7519,-0.0230,0.0003,-0.0034,-0.0320,0.0004,-0.0459,9.2493,1.2025,2.8973,-0.0003,0.0000,-0.0000,1.0000,0.2312,0.0301,0.0724
201808,Left,2,0.0011,-0.3819,0.0882,-0.9200,0.0022,-0.0050,0.0061,-0.0015,-0.0053,-0.0231,-6.8782,-0.6836,6.9325,0.0000,-0.0001,0.0001,1.0000,-0.1720,-0.0171,0.1733
201808,Right,2,-0.1361,-0.2621,0.2575,-0.9200,0.0121,0.0061,0.0010,0.0531,-0.0258,-0.0602,-5.3388,1.1344,8.0824,0.0002,0.0001,0.0000,1.0000,-0.1335,0.0283,0.2021
201808,Pelvis,2,-0.2801,0.5236,-0.2870,-0.7517,-0.0264,-0.0028,-0.0080,-0.0088,-0.0451,-0.0737,9.2230,1.1509,2.9088,-0.0003,-0.0000,-0.0001,1.0000,0.2306,0.0288,0.0727
201809,Left,2,0.0011,-0.3818,0.0882,-0.9200,0.0012,-0.0059,0.0067,0.0204,-0.0017,-0.0000,-6.8782,-0.6781,6.9656,0.0000,-0.0001,0.0001,1.0000,-0.1720,-0.0170,0.1741
201809,Right,2,-0.1361,-0.2622,0.2575,-0.9200,0.0121,0.0061,0.0010,0.0371,-0.0068,-0.0885,-5.3428,1.1382,8.0449,0.0002,0.0001,0.0000,1.0000,-0.1336,0.0284,0.2011
201809,Pelvis,2,-0.2800,0.5236,-0.2868,-0.7518,-0.0168,-0.0050,-0.0102,0.0296,-0.0771,-0.0761,9.2271,1.1008,2.9080,-0.0002,-0.0001,-0.0001,1.0000,0.2307,0.0275,0.0727
201810,Left,2,0.0011,-0.3817,0.0882,-0.9201,0.0017,-0.0025,0.0080,0.0215,-0.0105,-0.0133,-6.8653,-0.6854,6.9589,0.0000,-0.0000,0.0001,1.0000,-0.1716,-0.0172,0.1740
201810,Right,2,-0.1361,-0.2622,0.2576,-0.9200,0.0119,0.0053,0.0007,0.0347,-0.0217,-0.0634,-5.3528,1.1275,8.0702,0.0001,0.0001,0.0000,1.0000,-0.1338,0.0282,0.2018
201810,Pelvis,2,-0.2799,0.5236,-0.2867,-0.7518,-0.0030,-0.0058,-0.0074,0.0787,-0.0762,-0.0077,9.3060,1.0746,2.8972,-0.0000,-0.0001,-0.0001,1.0000,0.2326,0.0268,0.0724
201811,Left,2,0.0011,-0.3817,0.0882,-0.9201,0.0011,0.0028,0.0075,0.0216,-0.0199,-0.0048,-6.8691,-0.6950,6.9662,0.0000,0.0000,0.0001,1.0000,-0.1717,-0.0174,0.1742
201811,Right,2,-0.1361,-0.2622,0.2576,-0.9200,0.0110,0.0036,0.0012,0.0380,-0.0014,-0.0885,-5.3448,1.1432,8.0428,0.0001,0.0000,0.0000,1.0000,-0.1336,0.0286,0.2011
201811,Pelvis,2,-0.2801,0.5236,-0.2867,-0.7518,0.0085,-0.0084,-0.0090,0.0561,-0.0491,0.0270,9.3361,1.1149,2.9016,0.0001,-0.0001,-0.0001,1.0000,0.2334,0.0278,0.0726
201812,Left,2,0.0010,-0.3818,0.0882,-0.9200,0.0017,0.0111,0.0088,0.0331,-0.0225,0.0001,-6.8647,-0.6958,6.9773,0.0000,0.0001,0.0001,1.0000,-0.1716,-0.0174,0.1745
201812,Right,2,-0.1361,-0.2622,0.2576,-0.9200,0.0110,0.0053,0.0003,0.0434,-0.0098,-0.0541,-5.3565,1.1430,8.0767,0.0001,0.0001,0.0000,1.0000,-0.1339,0.0285,0.2019
201812,Pelvis,2,-0.2814,0.5229,-0.2882,-0.7512,0.0128,-0.0082,-0.0109,0.0224,-0.0313,0.0240,9.3261,1.1548,2.9074,0.0002,-0.0001,-0.0001,1.0000,0.2331,0.0288,0.0727
201813,Left,2,0.0010,-0.3820,0.0882,-0.9200,0.0023,0.0217,0.0080,0.0157,-0.0045,-0.0222,-6.8663,-0.6789,6.9459,0.0000,0.0003,0.0001,1.0000,-0.1716,-0.0170,0.1737
201813,Right,2,-0.1361,-0.2622,0.2576,-0.9200,0.0110,0.0041,0.0009,0.0472,-0.0187,-0.0694,-5.3418,1.1358,8.0690,0.0001,0.0001,0.0000,1.0000,-0.1335,0.0284,0.2017
201813,Pelvis,2,-0.2826,0.5224,-0.2895,-0.7506,0.0135,-0.0088,-0.0104,0.0022,-0.0273,0.0348,9.3311,1.1773,2.9186,0.0002,-0.0001,-0.0001,1.0000,0.2333,0.0294,0.0730
201814,Left,2,0.0010,-0.3822,0.0882,-0.9199,0.0011,0.0232,0.0066,0.0072,-0.0113,-0.0097,-6.8832,-0.6876,6.9460,0.0000,0.0003,0.0001,1.0000,-0.1720,-0.0172,0.1737
201814,Right,2,-0.1361,-0.2622,0.2576,-0.9200,0.0136,0.0057,0.0036,0.0301,-0.0232,-0.0803,-5.3466,1.1217,8.0546,0.0002,0.0001,0.0000,1.0000,-0.1337,0.0280,0.2014
201814,Pelvis,2,-0.2826,0.5224,-0.2894,-0.7507,0.0090,-0.0038,-0.0110,0.0090,-0.0390,0.0079,9.3057,1.1635,2.9147,0.0001,-0.0000,-0.0001,1.0000,0.2326,0.0290,0.0729
201815,Left,2,0.0010,-0.3824,0.0881,-0.9198,-0.0000,0.0230,0.0091,-0.0058,-0.0057,-0.0146,-6.8930,-0.6838,6.9297,-0.0000,0.0003,0.0001,1.0000,-0.1723,-0.0171,0.1733
201815,Right,2,-0.1361,-0.2622,0.2576,-0.9200,0.0110,0.0047,0.0006,0.0422,-0.0178,-0.0922,-5.3336,1.1317,8.0475,0.0001,0.0001,0.0000,1.0000,-0.1333,0.0283,0.2012
201815,Pelvis,2,-0.2828,0.5222,-0.2897,-0.7506,0.0001,-0.0016,-0.0082,-0.0284,-0.0533,-0.0252,9.2613,1.1792,2.9390,0.0000,-0.0000,-0.0001,1.0000,0.2315,0.0295,0.0735
201816,Left,2,0.0009,-0.3826,0.0881,-0.9197,0.0037,0.0168,0.0083,-0.0028,-0.0058,-0.0057,-6.9001,-0.6835,6.9353,0.0000,0.0002,0.0001,1.0000,-0.1725,-0.0171,0.1734
201816,Right,2,-0.1361,-0.2622,0.2576,-0.9200,0.0110,0.0056,0.0023,0.0313,-0.0100,-0.0861,-5.3483,1.1329,8.0449,0.0001,0.0001,0.0000,1.0000,-0.1337,0.0283,0.2011
201816,Pelvis,2,-0.2823,0.5223,-0.2890,-0.7509,-0.0094,0.0045,-0.0081,-0.0140,-0.0827,0.0048,9.2891,1.1527,2.9622,-0.0001,0.0001,-0.0001,1.0000,0.2322,0.0288,0.0740
201817,Left,2,0.0009,-0.3826,0.0881,-0.9197,0.0011,0.0084,0.0093,0.0087,-0.0084,-0.0008,-6.8967,-0.6840,6.9456,0.0000,0.0001,0.0001,1.0000,-0.1724,-0.0171,0.1737
201817,Right,2,-0.1362,-0.2622,0.2575,-0.9200,0.0138,0.0051,0.0024,0.0313,-0.0150,-0.0802,-5.3496,1.1297,8.0515,0.0002,0.0001,0.0000,1.0000,-0.1337,0.0282,0.2013
201817,Pelvis,2,-0.2817,0.5224,-0.2885,-0.7513,-0.0110,0.0118,-0.0030,-0.0198,-0.0743,-0.0175,9.2664,1.1590,2.9568,-0.0001,0.0001,-0.0000,1.0000,0.2317,0.0290,0.0739
201818,Left,2,0.0008,-0.3826,0.0881,-0.9197,0.0026,0.0039,0.0101,0.0005,-0.0038,-0.0186,-6.8910,-0.6789,6.9265,0.0000,0.0000,0.0001,1.0000,-0.1723,-0.0170,0.1732
201818,Right,2,-0.1362,-0.2622,0.2575,-0.9200,0.0138,0.0051,0.0024,0.0279,-0.0085,-0.0591,-5.3666,1.1364,8.0649,0.0002,0.0001,0.0000,1.0000,-0.1342,0.0284,0.2016
201818,Pelvis,2,-0.2828,0.5217,-0.2902,-0.7508,-0.0076,0.0145,-0.0003,0.0265,-0.0485,-0.0091,9.2899,1.1442,2.9159,-0.0001,0.0002,-0.0000,1.0000,0.2323,0.0286,0.0729
201819,Left,2,0.0008,-0.3825,0.0881,-0.9197,0.0023,-0.0038,0.0076,-0.0173,0.0028,-0.0106,-6.9095,-0.6752,6.9199,0.0000,-0.0000,0.0001,1.0000,-0.1727,-0.0169,0.1730
201819,Right,2,-0.1362,-0.2622,0.2575,-0.9200,0.0119,0.0062,0.0025,0.0430,-0.0225,-0.0805,-5.3383,1.1310,8.0586,0.0001,0.0001,0.0000,1.0000,-0.1334,0.0282,0.2015
201819,Pelvis,2,-0.2832,0.5213,-0.2910,-0.7506,-0.0017,0.0129,0.0051,0.0256,-0.0126,-0.0414,9.2629,1.1641,2.8849,-0.0000,0.0002,0.0001,1.0000,0.2316,0.0291,0.0721
201820,Left,2,0.0009,-0.3824,0.0881,-0.9198,0.0006,-0.0057,0.0049,0.0009,0.0080,0.0036,-6.9062,-0.6682,6.9438,0.0000,-0.0001,0.0001,1.0000,-0.1727,-0.0167,0.1736
201820,Right,2,-0.1362,-0.2622,0.2575,-0.9200,0.0123,0.0064,0.0015,0.0534,-0.0112,-0.0847,-5.3333,1.1457,8.0548,0.0002,0.0001,0.0000,1.0000,-0.1333,0.0286,0.2014
201820,Pelvis,2,-0.2832,0.5211,-0.2913,-0.7506,-0.0030,0.0088,0.0071,-0.0075,0.0121,-0.0259,9.2707,1.2046,2.8956,-0.0000,0.0001,0.0001,1.0000,0.2318,0.0301,0.0724
201821,Pelvis,2,-0.2836,0.5207,-0.2920,-0.7504,-0.0054,0.0078,0.0009,0.0070,-0.0215,-0.0052,9.2889,1.1726,2.9203,-0.0001,0.0001,0.0000,1.0000,0.2322,0.0293,0.0730
201822,Left,2,0.0009,-0.3822,0.0881,-0.9199,0.0020,-0.0065,0.0057,0.0134,-0.0093,-0.0159,-6.8789,-0.6815,6.9422,0.0000,-0.0002,0.0001,1.0000,-0.3440,-0.0341,0.3471
201822,Right,2,-0.1362,-0.2624,0.2576,-0.9199,0.0101,0.0089,-0.0015,0.0424,-0.0258,-0.0678,-5.3465,1.1302,8.0686,0.0003,0.0002,-0.0000,1.0000,-0.2672,0.0564,0.4035
201822,Pelvis,2,-0.2835,0.5207,-0.2920,-0.7505,-0.0105,0.0038,-0.0026,-0.0188,-0.0279,-0.0005,9.2843,1.1867,2.9450,-0.0001,0.0000,-0.0000,1.0000,0.2321,0.0297,0.0736
201823,Left,2,0.0009,-0.3822,0.0881,-0.9199,-0.0012,0.0037,0.0080,0.0306,-0.0179,-0.0043,-6.8716,-0.6887,6.9652,-0.0000,0.0000,0.0001,1.0000,-0.1718,-0.0172,0.1741
201823,Right,2,-0.1362,-0.2624,0.2576,-0.9199,0.0102,0.0078,0.0008,0.0459,-0.0252,-0.0822,-5.3372,1.1290,8.0576,0.0001,0.0001,0.0000,1.0000,-0.1334,0.0282,0.2015
201823,Pelvis,2,-0.2837,0.5204,-0.2924,-0.7504,-0.0080,0.0034,-0.0076,-0.0123,-0.0642,-0.0297,9.2526,1.1543,2.9611,-0.0001,0.0000,-0.0001,1.0000,0.2313,0.0288,0.0740
201824,Left,2,0.0009,-0.3822,0.0881,-0.9199,0.0019,0.0068,0.0075,0.0169,-0.0015,-0.0177,-6.8746,-0.6738,6.9447,0.0000,0.0001,0.0001,1.0000,-0.1718,-0.0169,0.1736
201824,Right,2,-0.1362,-0.2625,0.2576,-0.9199,0.0105,0.0078,-0.0007,0.0508,-0.0042,-0.0577,-5.3564,1.1515,8.0713,0.0001,0.0001,-0.0000,1.0000,-0.1339,0.0288,0.2018
201824,Pelvis,2,-0.2829,0.5208,-0.2913,-0.7509,-0.0050,-0.0009,-0.0099,-0.0097,-0.0802,-0.0443,9.2365,1.1394,2.9690,-0.0001,-0.0000,-0.0001,1.0000,0.2309,0.0285,0.0742
201825,Left,2,0.0009,-0.3823,0.0881,-0.9198,-0.0001,0.0090,0.0078,-0.0012,-0.0253,-0.0148,-6.8861,-0.7002,6.9348,-0.0000,0.0001,0.0001,1.0000,-0.1721,-0.0175,0.1734
201825,Right,2,-0.1362,-0.2625,0.2576,-0.9199,0.0100,0.0082,-0.0000,0.0471,-0.0120,-0.0881,-5.3400,1.1391,8.0472,0.0001,0.0001,-0.0000,1.0000,-0.1335,0.0285,0.2012
201825,Pelvis,2,-0.2835,0.5205,-0.2920,-0.7506,0.0060,-0.0039,-0.0085,0.0287,-0.0432,-0.0183,9.2772,1.1416,2.9264,0.0001,-0.0000,-0.0001,1.0000,0.2319,0.0285,0.0732
201826,Left,2,0.0009,-0.3824,0.0881,-0.9198,0.0013,0.0132,0.0093,0.0333,-0.0145,-0.0172,-6.8636,-0.6836,6.9554,0.0000,0.0002,0.0001,1.0000,-0.1716,-0.0171,0.1739
201826,Right,2,-0.1362,-0.2626,0.2576,-0.9199,0.0111,0.0076,-0.0008,0.0464,-0.0326,-0.0705,-5.3427,1.1232,8.0689,0.0001,0.0001,-0.0000,1.0000,-0.1335,0.0281,0.2017
201826,Pelvis,2,-0.2843,0.5201,-0.2929,-0.7502,0.0112,-0.0054,-0.0050,0.0174,-0.0845,0.0072,9.2919,1.1276,2.9709,0.0001,-0.0001,-0.0001,1.0000,0.2323,0.0282,0.0743
201827,Left,2,0.0008,-0.3826,0.0880,-0.9197,0.0019,0.0175,0.0107,0.0154,-0.0078,-0.0092,-6.8847,-0.6799,6.9461,0.0000,0.0002,0.0001,1.0000,-0.1721,-0.0170,0.1737
201827,Right,2,-0.1362,-0.2626,0.2576,-0.9198,0.0115,0.0075,0.0006,0.0355,-0.0248,-0.0644,-5.3579,1.1242,8.0660,0.0001,0.0001,0.0000,1.0000,-0.1339,0.0281,0.2017
201827,Pelvis,2,-0.2840,0.5203,-0.2924,-0.7504,0.0140,-0.0080,-0.0060,0.0042,-0.0657,0.0026,9.2865,1.1501,2.9634,0.0002,-0.0001,-0.0001,1.0000,0.2322,0.0287,0.0741
201828,Left,2,0.0008,-0.3827,0.0880,-0.9197,-0.0009,0.0142,0.0090,0.0073,-0.0033,-0.0270,-6.8807,-0.6750,6.9253,-0.0000,0.0002,0.0001,1.0000,-0.1720,-0.0169,0.1732
201828,Right,2,-0.1362,-0.2626,0.2576,-0.9198,0.0115,0.0057,0.0014,0.0249,-0.0091,-0.0642,-5.3725,1.1314,8.0554,0.0001,0.0001,0.0000,1.0000,-0.1343,0.0283,0.2014
201828,Pelvis,2,-0.2832,0.5208,-0.2911,-0.7509,0.0156,-0.0060,-0.0045,-0.0327,-0.0522,-0.0189,9.2576,1.1839,2.9693,0.0002,-0.0001,-0.0001,1.0000,0.2314,0.0296,0.0743
201829,Left,2,0.0008,-0.3828,0.0879,-0.9196,0.0015,0.0145,0.0099,0.0218,0.0034,-0.0217,-6.8774,-0.6662,6.9370,0.0000,0.0002,0.0001,1.0000,-0.1719,-0.0167,0.1735
201829,Right,2,-0.1362,-0.2626,0.2576,-0.9198,0.0115,0.0046,0.0020,0.0387,-0.0096,-0.0838,-5.3516,1.1364,8.0450,0.0001,0.0001,0.0000,1.0000,-0.1338,0.0284,0.2011
201829,Pelvis,2,-0.2836,0.5205,-0.2916,-0.7507,0.0175,-0.0017,-0.0023,-0.0402,-0.0438,-0.0104,9.2646,1.1978,2.9700,0.0002,-0.0000,-0.0000,1.0000,0.2316,0.0299,0.0743
201830,Right,2,-0.1362,-0.2626,0.2576,-0.9198,0.0101,0.0029,0.0010,0.0675,-0.0124,-0.0732,-5.3352,1.1509,8.0669,0.0001,0.0000,0.0000,1.0000,-0.1334,0.0287,0.2017
201830,Pelvis,2,-0.2839,0.5203,-0.2920,-0.7506,0.0170,0.0023,0.0006,-0.0201,-0.0417,0.0188,9.2980,1.1889,2.9656,0.0002,0.0000,0.0000,1.0000,0.2325,0.0297,0.0741
201831,Left,2,0.0007,-0.3830,0.0879,-0.9196,0.0011,0.0098,0.0086,-0.0037,-0.0188,0.0005,-6.9095,-0.6924,6.9340,0.0000,0.0002,0.0002,1.0000,-0.3454,-0.0347,0.3468
201831,Right,2,-0.1362,-0.2626,0.2576,-0.9198,0.0115,0.0037,0.0002,0.0267,-0.0302,-0.0542,-5.3681,1.1158,8.0726,0.0001,0.0000,0.0000,1.0000,-0.1342,0.0279,0.2018
201831,Pelvis,2,-0.2841,0.5201,-0.2924,-0.7505,0.0151,0.0027,0.0001,-0.0206,-0.0022,-0.0043,9.2811,1.2134,2.9314,0.0002,0.0000,0.0000,1.0000,0.2320,0.0303,0.0733
201832,Left,2,0.0007,-0.3830,0.0880,-0.9196,0.0002,0.0056,0.0067,0.0173,-0.0122,-0.0135,-6.8870,-0.6820,6.9375,0.0000,0.0001,0.0001,1.0000,-0.1722,-0.0171,0.1734
201832,Pelvis,2,-0.2840,0.5201,-0.2922,-0.7506,0.0090,0.0021,-0.0024,-0.0341,-0.0488,0.0027,9.2767,1.1931,2.9774,0.0001,0.0000,-0.0000,1.0000,0.2319,0.0298,0.0744
201833,Left,2,0.0008,-0.3830,0.0880,-0.9196,-0.0000,0.0035,0.0051,-0.0042,-0.0040,-0.0144,-6.9027,-0.6776,6.9209,-0.0000,0.0000,0.0001,1.0000,-0.1726,-0.0170,0.1730
201833,Right,2,-0.1362,-0.2626,0.2576,-0.9199,0.0120,0.0031,0.0021,0.0441,-0.0127,-0.0742,-5.3516,1.1389,8.0563,0.0003,0.0001,0.0001,1.0000,-0.2675,0.0568,0.4029
201833,Pelvis,2,-0.2845,0.5198,-0.2929,-0.7504,0.0073,0.0008,-0.0043,-0.0263,-0.0381,-0.0219,9.2567,1.1930,2.9584,0.0001,0.0000,-0.0001,1.0000,0.2314,0.0298,0.0740
201834,Left,2,0.0008,-0.3830,0.0879,-0.9196,0.0002,0.0024,0.0077,0.0128,-0.0185,-0.0139,-6.8888,-0.6894,6.9344,0.0000,0.0000,0.0001,1.0000,-0.1722,-0.0173,0.1734
201834,Right,2,-0.1362,-0.2626,0.2576,-0.9199,0.0110,0.0030,0.0015,0.0416,-0.0174,-0.0797,-5.3477,1.1320,8.0532,0.0001,0.0000,0.0000,1.0000,-0.1337,0.0283,0.2013
201834,Pelvis,2,-0.2838,0.5201,-0.2920,-0.7508,0.0071,0.0016,-0.0055,-0.0221,-0.0480,-0.0181,9.2596,1.1835,2.9660,0.0001,0.0000,-0.0001,1.0000,0.2315,0.0296,0.0741
201836,Pelvis,2,-0.2834,0.5202,-0.2914,-0.7511,0.0060,-0.0010,-0.0036,-0.0265,-0.0437,-0.0184,9.2581,1.1903,2.9667,0.0001,-0.0000,-0.0001,1.0000,0.4629,0.0595,0.1484
201837,Left,2,0.0008,-0.3829,0.0880,-0.9196,0.0008,0.0017,0.0068,0.0175,-0.0087,-0.0076,-6.8917,-0.6782,6.9415,0.0000,0.0001,0.0003,1.0000,-0.5168,-0.0510,0.5206
201837,Right,2,-0.1363,-0.2626,0.2576,-0.9198,0.0123,0.0054,0.0011,0.0506,-0.0197,-0.0696,-5.3467,1.1388,8.0651,0.0005,0.0002,0.0000,1.0000,-0.4009,0.0851,0.6050
201837,Pelvis,2,-0.2840,0.5199,-0.2922,-0.7508,0.0034,-0.0028,-0.0041,-0.0089,-0.0430,-0.0296,9.2521,1.1776,2.9533,0.0000,-0.0000,-0.0001,1.0000,0.2313,0.0294,0.0738
201838,Left,2,0.0008,-0.3829,0.0880,-0.9196,0.0013,0.0037,0.0076,0.0099,-0.0125,-0.0139,-6.8907,-0.6841,6.9330,0.0000,0.0000,0.0001,1.0000,-0.1723,-0.0171,0.1733
201838,Right,2,-0.1363,-0.2626,0.2576,-0.9198,0.0106,0.0045,0.0016,0.0427,-0.0142,-0.0738,-5.3520,1.1362,8.0569,0.0001,0.0001,0.0000,1.0000,-0.1338,0.0284,0.2014
201838,Pelvis,2,-0.2829,0.5204,-0.2907,-0.7514,0.0073,-0.0041,-0.0042,-0.0094,-0.0608,-0.0226,9.2559,1.1660,2.9695,0.0001,-0.0001,-0.0001,1.0000,0.2314,0.0291,0.0743
201839,Left,2,0.0008,-0.3829,0.0879,-0.9196,-0.0003,0.0030,0.0064,0.0099,-0.0219,-0.0053,-6.8952,-0.6939,6.9397,-0.0000,0.0000,0.0001,1.0000,-0.1724,-0.0174,0.1735
201839,Right,2,-0.1363,-0.2626,0.2576,-0.9198,0.0119,0.0042,0.0013,0.0616,-0.0255,-0.0588,-5.3419,1.1389,8.0814,0.0001,0.0001,0.0000,1.0000,-0.1335,0.0284,0.2020
201839,Pelvis,2,-0.2810,0.5214,-0.2882,-0.7524,0.0080,-0.0046,-0.0049,-0.0133,-0.0377,-0.0080,9.2717,1.1840,2.9607,0.0001,-0.0001,-0.0001,1.0000,0.2318,0.0296,0.0740
201841,Left,2,0.0009,-0.3828,0.0878,-0.9196,0.0001,0.0016,0.0072,0.0103,-0.0103,-0.0094,-6.8939,-0.6818,6.9365,0.0000,0.0000,0.0002,1.0000,-0.3447,-0.0342,0.3468
201841,Right,2,-0.1363,-0.2626,0.2576,-0.9198,0.0121,0.0050,0.0016,0.0430,-0.0204,-0.0649,-5.3548,1.1337,8.0662,0.0003,0.0001,0.0000,1.0000,-0.2677,0.0566,0.4034
201841,Pelvis,2,-0.2803,0.5217,-0.2872,-0.7528,0.0071,-0.0044,-0.0021,-0.0228,-0.0425,-0.0099,9.2666,1.1873,2.9694,0.0002,-0.0001,-0.0001,1.0000,0.4633,0.0593,0.1485
201842,Left,2,0.0009,-0.3828,0.0878,-0.9196,0.0007,0.0006,0.0077,-0.0083,-0.0117,-0.0191,-6.8986,-0.6862,6.9175,0.0000,0.0000,0.0001,1.0000,-0.1725,-0.0172,0.1729
201842,Right,2,-0.1363,-0.2626,0.2577,-0.9198,0.0111,0.0064,-0.0002,0.0360,-0.0176,-0.0770,-5.3542,1.1295,8.0524,0.0001,0.0001,-0.0000,1.0000,-0.1338,0.0282,0.2013
201842,Pelvis,2,-0.2789,0.5225,-0.2853,-0.7536,0.0098,-0.0040,-0.0024,0.0033,-0.0389,-0.0065,9.2777,1.1692,2.9531,0.0001,-0.0000,-0.0000,1.0000,0.2319,0.0292,0.0738
201843,Left,2,0.0009,-0.3828,0.0878,-0.9197,0.0022,-0.0002,0.0070,0.0184,-0.0092,-0.0089,-6.8872,-0.6799,6.9440,0.0000,-0.0000,0.0001,1.0000,-0.1722,-0.0170,0.1736
201843,Right,2,-0.1363,-0.2626,0.2577,-0.9198,0.0119,0.0053,0.0007,0.0343,-0.0168,-0.0635,-5.3636,1.1308,8.0623,0.0001,0.0001,0.0000,1.0000,-0.1341,0.0282,0.2016
201843,Pelvis,2,-0.2790,0.5224,-0.2855,-0.7535,0.0096,-0.0028,-0.0023,-0.0043,-0.0299,0.0020,9.2847,1.1823,2.9540,0.0001,-0.0000,-0.0000,1.0000,0.2321,0.0295,0.0739
201844,Left,2,0.0009,-0.3827,0.0878,-0.9197,0.0019,0.0016,0.0062,0.0176,-0.0076,-0.0089,-6.8874,-0.6785,6.9439,0.0000,0.0000,0.0001,1.0000,-0.1722,-0.0170,0.1736
201844,Right,2,-0.1363,-0.2626,0.2577,-0.9198,0.0115,0.0051,0.0017,0.0364,-0.0199,-0.0711,-5.3568,1.1285,8.0580,0.0001,0.0001,0.0000,1.0000,-0.1339,0.0282,0.2015
201844,Pelvis,2,-0.2792,0.5222,-0.2857,-0.7534,0.0079,-0.0035,-0.0036,-0.0274,-0.0546,-0.0078,9.2650,1.1818,2.9837,0.0001,-0.0000,-0.0000,1.0000,0.2316,0.0295,0.0746
201845,Left,2,0.0009,-0.3827,0.0878,-0.9197,0.0005,-0.0010,0.0066,0.0095,-0.0031,-0.0267,-6.8806,-0.6741,6.9259,0.0000,-0.0000,0.0001,1.0000,-0.1720,-0.0169,0.1731
201845,Right,2,-0.1363,-0.2626,0.2576,-0.9198,0.0114,0.0034,0.0025,0.0289,-0.0238,-0.0803,-5.3556,1.1202,8.0488,0.0001,0.0000,0.0000,1.0000,-0.1339,0.0280,0.2012
201845,Pelvis,2,-0.2805,0.5216,-0.2874,-0.7528,0.0075,-0.0005,-0.0032,-0.0333,-0.0725,-0.0324,9.2374,1.1732,2.9925,0.0001,-0.0000,-0.0000,1.0000,0.2309,0.0293,0.0748
201846,Left,2,0.0009,-0.3827,0.0878,-0.9197,0.0022,0.0021,0.0050,0.0101,-0.0232,-0.0096,-6.8884,-0.6951,6.9403,0.0000,0.0000,0.0001,1.0000,-0.1722,-0.0174,0.1735
201846,Right,2,-0.1363,-0.2627,0.2577,-0.9198,0.0115,0.0063,0.0011,0.0488,-0.0118,-0.0831,-5.3445,1.1408,8.0501,0.0001,0.0001,0.0000,1.0000,-0.1336,0.0285,0.2013
201846,Pelvis,2,-0.2795,0.5220,-0.2861,-0.7533,0.0111,0.0005,-0.0020,-0.0053,-0.0528,-0.0094,9.2697,1.1679,2.9692,0.0001,0.0000,-0.0000,1.0000,0.2317,0.0292,0.0742
201847,Left,2,0.0009,-0.3826,0.0878,-0.9197,-0.0012,0.0022,0.0061,-0.0084,-0.0057,-0.0102,-6.9033,-0.6811,6.9260,-0.0000,0.0000,0.0001,1.0000,-0.1726,-0.0170,0.1732
201847,Right,2,-0.1363,-0.2627,0.2577,-0.9198,0.0106,0.0057,0.0010,0.0399,-0.0020,-0.0906,-5.3511,1.1431,8.0362,0.0001,0.0001,0.0000,1.0000,-0.1338,0.0285,0.2009
201847,Pelvis,2,-0.2789,0.5222,-0.2853,-0.7537,0.0181,0.0030,-0.0043,0.0180,-0.0449,0.0074,9.2929,1.1586,2.9557,0.0002,0.0000,-0.0001,1.0000,0.2323,0.0289,0.0739
201848,Right,2,-0.1363,-0.2627,0.2576,-0.9198,0.0130,0.0044,0.0023,0.0300,-0.0156,-0.0803,-5.3587,1.1277,8.0457,0.0002,0.0001,0.0000,1.0000,-0.1340,0.0282,0.2012
201848,Pelvis,2,-0.2791,0.5221,-0.2856,-0.7536,0.0216,-0.0038,-0.0001,0.0100,0.0023,-0.0074,9.2829,1.1957,2.9226,0.0003,-0.0000,-0.0000,1.0000,0.2321,0.0299,0.0731
201849,Left,2,0.0009,-0.3826,0.0880,-0.9197,0.0004,0.0019,0.0057,0.0103,-0.0099,-0.0246,-6.8794,-0.6812,6.9294,0.0000,0.0000,0.0001,1.0000,-0.3440,-0.0341,0.3465
201849,Right,2,-0.1363,-0.2627,0.2576,-0.9198,0.0104,0.0043,0.0010,0.0396,-0.0199,-0.0728,-5.3541,1.1304,8.0575,0.0001,0.0001,0.0000,1.0000,-0.1338,0.0282,0.2014
201849,Pelvis,2,-0.2791,0.5222,-0.2855,-0.7536,0.0182,-0.0063,0.0016,0.0044,-0.0279,-0.0064,9.2781,1.1794,2.9476,0.0002,-0.0001,0.0000,1.0000,0.2319,0.0295,0.0737
201850,Left,2,0.0009,-0.3826,0.0880,-0.9197,0.0008,0.0011,0.0073,-0.0045,-0.0238,-0.0060,-6.8996,-0.6995,6.9339,0.0000,0.0000,0.0001,1.0000,-0.1725,-0.0175,0.1734
201850,Right,2,-0.1363,-0.2627,0.2576,-0.9198,0.0115,0.0051,0.0017,0.0482,-0.0027,-0.0695,-5.3566,1.1496,8.0571,0.0001,0.0001,0.0000,1.0000,-0.1339,0.0287,0.2014
201850,Pelvis,2,-0.2787,0.5224,-0.2850,-0.7538,0.0150,-0.0054,0.0011,-0.0104,-0.0355,-0.0225,9.2577,1.1823,2.9573,0.0002,-0.0001,0.0000,1.0000,0.2314,0.0295,0.0740
201851,Left,2,0.0008,-0.3826,0.0880,-0.9197,0.0019,0.0028,0.0076,0.0142,-0.0075,-0.0221,-6.8777,-0.6791,6.9348,0.0000,0.0000,0.0001,1.0000,-0.1719,-0.0170,0.1734
201851,Right,2,-0.1363,-0.2627,0.2576,-0.9198,0.0113,0.0063,0.0026,0.0387,-0.0085,-0.0652,-5.3639,1.1402,8.0588,0.0001,0.0001,0.0000,1.0000,-0.1341,0.0285,0.2015
201851,Pelvis,2,-0.2772,0.5231,-0.2831,-0.7545,0.0141,-0.0032,0.0020,-0.0047,-0.0633,-0.0331,9.2456,1.1555,2.9711,0.0002,-0.0000,0.0000,1.0000,0.2311,0.0289,0.0743
201852,Left,2,0.0008,-0.3825,0.0881,-0.9197,-0.0001,0.0003,0.0071,0.0122,-0.0064,-0.0003,-6.8941,-0.6798,6.9492,-0.0000,0.0000,0.0001,1.0000,-0.1724,-0.0170,0.1737
201852,Right,2,-0.1363,-0.2627,0.2576,-0.9198,0.0108,0.0047,0.0021,0.0408,-0.0116,-0.0728,-5.3571,1.1379,8.0544,0.0001,0.0001,0.0000,1.0000,-0.1339,0.0284,0.2014
201852,Pelvis,2,-0.2769,0.5233,-0.2827,-0.7547,0.0193,-0.0054,0.0004,0.0131,-0.0672,-0.0223,9.2606,1.1408,2.9657,0.0002,-0.0001,0.0000,1.0000,0.2315,0.0285,0.0742
201853,Left,2,0.0009,-0.3825,0.0879,-0.9198,0.0022,0.0013,0.0098,0.0011,-0.0112,-0.0185,-6.8878,-0.6847,6.9294,0.0000,0.0000,0.0001,1.0000,-0.1722,-0.0171,0.1732
201853,Right,2,-0.1363,-0.2627,0.2576,-0.9198,0.0123,0.0052,0.0021,0.0411,-0.0088,-0.0728,-5.3581,1.1405,8.0534,0.0002,0.0001,0.0000,1.0000,-0.1339,0.0285,0.2013
201853,Pelvis,2,-0.2771,0.5233,-0.2829,-0.7546,0.0202,-0.0065,0.0065,-0.0148,-0.0331,-0.0101,9.2689,1.1855,2.9620,0.0003,-0.0001,0.0001,1.0000,0.2317,0.0296,0.0741
201854,Left,2,0.0008,-0.3824,0.0879,-0.9198,0.0007,-0.0025,0.0087,0.0133,-0.0246,-0.0050,-6.8860,-0.6965,6.9491,0.0000,-0.0000,0.0001,1.0000,-0.1722,-0.0174,0.1737
201854,Right,2,-0.1363,-0.2627,0.2576,-0.9198,0.0107,0.0068,0.0004,0.0408,-0.0216,-0.0609,-5.3601,1.1311,8.0678,0.0001,0.0001,0.0000,1.0000,-0.1340,0.0283,0.2017
201854,Pelvis,2,-0.2768,0.5235,-0.2826,-0.7547,0.0217,-0.0081,0.0063,-0.0002,-0.0037,-0.0103,9.2774,1.1938,2.9309,0.0003,-0.0001,0.0001,1.0000,0.2319,0.0298,0.0733
201855,Left,2,0.0008,-0.3824,0.0880,-0.9198,0.0007,-0.0006,0.0062,-0.0004,-0.0082,-0.0185,-6.8877,-0.6815,6.9298,0.0000,-0.0000,0.0001,1.0000,-0.1722,-0.0171,0.1732
201855,Right,2,-0.1363,-0.2627,0.2576,-0.9198,0.0115,0.0040,0.0023,0.0330,-0.0333,-0.0642,-5.3595,1.1167,8.0663,0.0001,0.0000,0.0000,1.0000,-0.1340,0.0279,0.2017
201855,Pelvis,2,-0.2771,0.5234,-0.2830,-0.7545,0.0227,-0.0066,0.0052,-0.0099,-0.0216,-0.0133,9.2698,1.1877,2.9477,0.0003,-0.0001,0.0001,1.0000,0.2317,0.0297,0.0737
201856,Left,2,0.0008,-0.3823,0.0880,-0.9198,-0.0004,-0.0015,0.0068,0.0111,-0.0108,-0.0135,-6.8820,-0.6828,6.9423,-0.0000,-0.0000,0.0001,1.0000,-0.1721,-0.0171,0.1736
201856,Right,2,-0.1363,-0.2628,0.2576,-0.9198,0.0111,0.0058,0.0000,0.0511,-0.0153,-0.0594,-5.3562,1.1421,8.0707,0.0001,0.0001,0.0000,1.0000,-0.1339,0.0285,0.2018
201856,Pelvis,2,-0.2775,0.5232,-0.2834,-0.7542,0.0265,-0.0078,0.0032,-0.0064,-0.0536,-0.0023,9.2773,1.1646,2.9702,0.0003,-0.0001,0.0000,1.0000,0.2319,0.0291,0.0743
201857,Left,2,0.0008,-0.3823,0.0881,-0.9198,0.0011,0.0016,0.0061,0.0225,-0.0134,-0.0086,-6.8765,-0.6841,6.9547,0.0000,0.0000,0.0001,1.0000,-0.1719,-0.0171,0.1739
201857,Right,2,-0.1363,-0.2628,0.2576,-0.9198,0.0110,0.0035,0.0012,0.0343,-0.0123,-0.0760,-5.3606,1.1333,8.0489,0.0001,0.0000,0.0000,1.0000,-0.1340,0.0283,0.2012
201857,Pelvis,2,-0.2773,0.5234,-0.2832,-0.7543,0.0257,-0.0065,0.0021,-0.0409,-0.0332,-0.0054,9.2675,1.2027,2.9754,0.0003,-0.0001,0.0000,1.0000,0.2317,0.0301,0.0744
201858,Left,2,0.0008,-0.3823,0.0881,-0.9198,0.0017,0.0051,0.0065,0.0339,-0.0160,-0.0036,-6.8715,-0.6852,6.9665,0.0000,0.0001,0.0001,1.0000,-0.1718,-0.0171,0.1742
201858,Right,2,-0.1363,-0.2628,0.2576,-0.9198,0.0100,0.0047,0.0017,0.0423,-0.0106,-0.0609,-5.3638,1.1406,8.0640,0.0001,0.0001,0.0000,1.0000,-0.1341,0.0285,0.2016
201858,Pelvis,2,-0.2785,0.5228,-0.2845,-0.7537,0.0261,-0.0054,-0.0022,-0.0069,-0.0369,-0.0278,9.2559,1.1754,2.9484,0.0003,-0.0001,-0.0000,1.0000,0.2314,0.0294,0.0737
201859,Left,2,0.0009,-0.3823,0.0879,-0.9198,0.0005,0.0081,0.0079,0.0210,-0.0103,-0.0086,-6.8784,-0.6813,6.9530,0.0000,0.0001,0.0001,1.0000,-0.1719,-0.0171,0.1738
201859,Right,2,-0.1363,-0.2628,0.2576,-0.9198,0.0106,0.0045,0.0016,0.0443,-0.0138,-0.0685,-5.3568,1.1381,8.0598,0.0001,0.0001,0.0000,1.0000,-0.1339,0.0284,0.2015
201859,Pelvis,2,-0.2784,0.5229,-0.2843,-0.7538,0.0303,-0.0086,-0.0019,-0.0016,-0.0238,-0.0217,9.2652,1.1824,2.9364,0.0004,-0.0001,-0.0000,1.0000,0.2316,0.0295,0.0734
201860,Right,2,-0.1363,-0.2628,0.2576,-0.9198,0.0113,0.0049,0.0012,0.0368,-0.0177,-0.0777,-5.3557,1.1295,8.0506,0.0001,0.0001,0.0000,1.0000,-0.1339,0.0282,0.2013
201860,Pelvis,2,-0.2782,0.5231,-0.2838,-0.7539,0.0318,-0.0108,-0.0028,-0.0356,-0.0208,-0.0085,9.2685,1.2119,2.9580,0.0004,-0.0001,-0.0000,1.0000,0.2317,0.0303,0.0740
201861,Left,2,0.0009,-0.3826,0.0879,-0.9197,0.0013,0.0138,0.0076,0.0095,-0.0206,-0.0115,-6.8851,-0.6922,6.9412,0.0000,0.0003,0.0002,1.0000,-0.3441,-0.0347,0.3472
201861,Right,2,-0.1363,-0.2628,0.2576,-0.9198,0.0106,0.0039,0.0018,0.0392,-0.0132,-0.0912,-5.3483,1.1330,8.0387,0.0001,0.0000,0.0000,1.0000,-0.1337,0.0283,0.2010
201861,Pelvis,2,-0.2773,0.5238,-0.2824,-0.7544,0.0294,-0.0160,-0.0039,-0.0450,0.0047,-0.0256,9.2537,1.2344,2.9387,0.0004,-0.0002,-0.0000,1.0000,0.2313,0.0308,0.0735
201862,Left,2,0.0009,-0.3828,0.0877,-0.9197,0.0010,0.0195,0.0089,0.0187,-0.0058,-0.0086,-6.8860,-0.6766,6.9459,0.0000,0.0002,0.0001,1.0000,-0.1721,-0.0169,0.1737
201862,Right,2,-0.1362,-0.2628,0.2576,-0.9198,0.0089,0.0042,-0.0013,0.0465,-0.0269,-0.0642,-5.3524,1.1282,8.0694,0.0001,0.0001,-0.0000,1.0000,-0.1338,0.0282,0.2017
201862,Pelvis,2,-0.2772,0.5240,-0.2819,-0.7544,0.0287,-0.0243,-0.0078,-0.0375,-0.0007,-0.0340,9.2482,1.2259,2.9313,0.0004,-0.0003,-0.0001,1.0000,0.2312,0.0306,0.0734
