PacketId,Role,StatusWord,Qx,Qy,Qz,Qw,Gx,Gy,Gz,FreeAx,FreeAy,FreeAz,Ax,Ay,Az,DQx,DQy,DQz,DQw,DVx,DVy,DVz
433,Left,0,0.1998,0.0169,-0.9704,-0.1346,0.0067,0.0012,-0.0037,-0.0000,0.0000,-0.0311,-3.7488,-0.8473,8.9949,0.0001,0.0000,-0.0000,1.0000,-0.0937,-0.0212,0.2249
433,Right,0,0.1588,-0.1581,-0.8931,-0.3900,0.0092,0.0037,0.0067,0.0000,-0.0000,-0.0744,-3.9636,1.5447,8.7600,0.0001,0.0000,0.0001,1.0000,-0.0991,0.0386,0.2190
434,Left,0,0.1998,0.0168,-0.9704,-0.1347,0.0085,0.0012,-0.0006,0.0162,-0.0042,-0.0453,-3.7588,-0.8458,8.9754,0.0001,0.0000,-0.0000,1.0000,-0.0940,-0.0212,0.2244
434,Right,0,0.1588,-0.1583,-0.8931,-0.3899,0.0134,0.0061,0.0073,-0.0010,-0.0190,-0.0777,-3.9741,1.5576,8.7493,0.0002,0.0001,0.0001,1.0000,-0.0993,0.0389,0.2187
435,Left,0,0.1998,0.0168,-0.9704,-0.1347,0.0098,-0.0024,0.0000,0.0270,-0.0193,-0.0297,-3.7782,-0.8340,8.9854,0.0001,-0.0000,0.0000,1.0000,-0.0945,-0.0209,0.2246
435,Right,0,0.1587,-0.1584,-0.8932,-0.3899,0.0079,-0.0031,0.0073,-0.0155,-0.0315,-0.0746,-3.9742,1.5802,8.7488,0.0001,-0.0000,0.0001,1.0000,-0.0994,0.0395,0.2187
436,Left,0,0.1997,0.0166,-0.9704,-0.1347,0.0098,-0.0037,-0.0018,0.0236,-0.0260,-0.0523,-3.7677,-0.8222,8.9663,0.0001,-0.0000,-0.0000,1.0000,-0.0942,-0.0206,0.2242
436,Right,0,0.1586,-0.1584,-0.8932,-0.3898,0.0067,-0.0092,0.0098,0.0121,-0.0023,-0.0720,-3.9725,1.5436,8.7589,0.0001,-0.0001,0.0001,1.0000,-0.0993,0.0386,0.2190
437,Left,0,0.1996,0.0165,-0.9704,-0.1349,0.0085,-0.0055,-0.0043,0.0222,-0.0152,-0.0424,-3.7666,-0.8302,8.9767,0.0001,-0.0001,-0.0001,1.0000,-0.0942,-0.0208,0.2244
437,Right,0,0.1584,-0.1585,-0.8933,-0.3897,0.0061,-0.0079,0.0128,0.0146,0.0064,-0.0863,-3.9605,1.5363,8.7497,0.0001,-0.0001,0.0002,1.0000,-0.0990,0.0384,0.2187
438,Left,0,0.1996,0.0165,-0.9704,-0.1349,0.0073,-0.0049,-0.0079,0.0145,0.0055,-0.0355,-3.7556,-0.8485,8.9872,0.0001,-0.0001,-0.0001,1.0000,-0.0939,-0.0212,0.2247
438,Right,0,0.1583,-0.1586,-0.8933,-0.3895,0.0098,-0.0085,0.0140,0.0016,-0.0102,-0.0920,-3.9581,1.5589,8.7404,0.0001,-0.0001,0.0002,1.0000,-0.0990,0.0389,0.2185
439,Left,0,0.1995,0.0165,-0.9704,-0.1350,0.0067,-0.0043,-0.0073,0.0044,0.0170,-0.0294,-3.7446,-0.8574,8.9975,0.0001,-0.0001,-0.0001,1.0000,-0.0936,-0.0214,0.2249
439,Right,0,0.1581,-0.1587,-0.8934,-0.3895,0.0104,-0.0067,0.0098,-0.0063,0.0001,-0.0872,-3.9462,1.5623,8.7506,0.0001,-0.0001,0.0001,1.0000,-0.0987,0.0390,0.2188
440,Left,0,0.1994,0.0164,-0.9704,-0.1351,0.0079,-0.0061,-0.0061,0.0108,-0.0026,-0.0581,-3.7433,-0.8369,8.9688,0.0001,-0.0001,-0.0001,1.0000,-0.0936,-0.0209,0.2242
440,Right,0,0.1580,-0.1587,-0.8934,-0.3894,0.0073,-0.0092,0.0092,-0.0016,-0.0022,-0.0744,-3.9539,1.5652,8.7608,0.0001,-0.0001,0.0001,1.0000,-0.0989,0.0391,0.2190
441,Left,0,0.1994,0.0163,-0.9704,-0.1352,0.0085,-0.0055,-0.0067,-0.0032,0.0098,-0.0430,-3.7321,-0.8453,8.9891,0.0001,-0.0001,-0.0001,1.0000,-0.0933,-0.0211,0.2247
441,Right,0,0.1578,-0.1588,-0.8935,-0.3893,0.0067,-0.0110,0.0104,-0.0054,0.0128,-0.0927,-3.9318,1.5579,8.7517,0.0001,-0.0001,0.0001,1.0000,-0.0983,0.0389,0.2188
442,Left,0,0.1993,0.0163,-0.9704,-0.1352,0.0085,-0.0049,-0.0049,-0.0121,0.0114,-0.0467,-3.7210,-0.8439,8.9897,0.0001,-0.0001,-0.0001,1.0000,-0.0930,-0.0211,0.2247
442,Right,0,0.1576,-0.1588,-0.8935,-0.3893,0.0079,-0.0073,0.0092,-0.0111,0.0026,-0.0999,-3.9294,1.5702,8.7426,0.0001,-0.0001,0.0001,1.0000,-0.0983,0.0392,0.2186
443,Left,0,0.1993,0.0161,-0.9704,-0.1353,0.0073,-0.0006,-0.0024,0.0013,0.0076,-0.0303,-3.7399,-0.8425,9.0000,0.0001,-0.0000,-0.0000,1.0000,-0.0935,-0.0211,0.2250
443,Right,0,0.1576,-0.1590,-0.8935,-0.3892,0.0134,0.0043,0.0061,-0.0153,0.0437,-0.0758,-3.9092,1.5538,8.7814,0.0002,0.0001,0.0001,1.0000,-0.0977,0.0388,0.2195
444,Left,0,0.1993,0.0161,-0.9704,-0.1354,0.0043,0.0055,-0.0025,0.0127,-0.0065,-0.0147,-3.7599,-0.8317,9.0096,0.0001,0.0001,-0.0000,1.0000,-0.0940,-0.0208,0.2252
444,Right,0,0.1576,-0.1592,-0.8935,-0.3891,0.0159,0.0104,0.0061,0.0132,0.0102,-0.0775,-3.9497,1.5576,8.7606,0.0002,0.0001,0.0001,1.0000,-0.0987,0.0389,0.2190
445,Left,0,0.1994,0.0159,-0.9704,-0.1355,0.0018,0.0061,-0.0025,0.0207,-0.0054,-0.0326,-3.7612,-0.8312,8.9896,0.0000,0.0001,-0.0000,1.0000,-0.0940,-0.0208,0.2247
445,Right,0,0.1576,-0.1594,-0.8935,-0.3891,0.0147,0.0067,0.0079,0.0138,-0.0066,-0.0808,-3.9610,1.5714,8.7494,0.0002,0.0001,0.0001,1.0000,-0.0990,0.0392,0.2187
446,Left,0,0.1994,0.0159,-0.9704,-0.1356,0.0037,0.0024,-0.0055,0.0188,-0.0029,-0.0543,-3.7523,-0.8310,8.9697,0.0000,0.0000,-0.0001,1.0000,-0.0938,-0.0208,0.2242
446,Right,0,0.1575,-0.1596,-0.8935,-0.3890,0.0104,-0.0006,0.0085,0.0146,0.0058,-0.0863,-3.9516,1.5652,8.7486,0.0001,-0.0000,0.0001,1.0000,-0.0988,0.0391,0.2187
447,Left,0,0.1994,0.0158,-0.9704,-0.1356,0.0098,-0.0061,-0.0018,0.0145,0.0184,-0.0564,-3.7420,-0.8494,8.9701,0.0001,-0.0001,-0.0000,1.0000,-0.0936,-0.0213,0.2242
447,Right,0,0.1574,-0.1596,-0.8936,-0.3889,0.0037,-0.0085,0.0104,0.0152,0.0182,-0.0918,-3.9405,1.5579,8.7488,0.0000,-0.0001,0.0001,1.0000,-0.0985,0.0389,0.2187
448,Left,0,0.1993,0.0157,-0.9704,-0.1357,0.0092,-0.0073,-0.0024,-0.0054,0.0120,-0.0430,-3.7307,-0.8376,8.9904,0.0001,-0.0001,-0.0000,1.0000,-0.0933,-0.0210,0.2247
448,Right,0,0.1573,-0.1596,-0.8937,-0.3888,0.0049,-0.0098,0.0104,0.0070,0.0282,-0.0870,-3.9284,1.5598,8.7593,0.0001,-0.0001,0.0001,1.0000,-0.0982,0.0390,0.2190
448,Pelvis,0,0.4094,-0.5684,0.4985,0.5107,-0.7643,-0.6811,0.1404,-0.0000,0.0000,0.1920,9.8907,-1.5050,0.0883,-0.0096,-0.0085,0.0018,0.9999,0.2473,-0.0372,0.0047
449,Left,0,0.1993,0.0157,-0.9704,-0.1357,0.0079,-0.0024,-0.0031,-0.0251,0.0355,-0.0308,-3.7100,-0.8554,9.0106,0.0001,-0.0000,-0.0000,1.0000,-0.0928,-0.0214,0.2253
449,Right,0,0.1572,-0.1596,-0.8937,-0.3887,0.0085,-0.0037,0.0092,0.0195,0.0608,-0.0780,-3.9168,1.5330,8.7793,0.0001,-0.0000,0.0001,1.0000,-0.0979,0.0383,0.2195
449,Pelvis,0,0.4082,-0.5753,0.4927,0.5096,-0.5558,-0.4751,0.0889,-0.1752,-1.6101,0.2705,9.9329,-1.6205,1.7341,-0.0069,-0.0059,0.0011,1.0000,0.2481,-0.0399,0.0451
450,Left,0,0.1993,0.0157,-0.9704,-0.1356,0.0067,0.0079,-0.0006,-0.0263,0.0175,-0.0632,-3.7008,-0.8345,8.9811,0.0001,0.0001,-0.0000,1.0000,-0.0925,-0.0209,0.2245
450,Right,0,0.1571,-0.1598,-0.8937,-0.3886,0.0159,0.0055,0.0079,0.0253,0.0411,-0.0685,-3.9362,1.5463,8.7787,0.0002,0.0001,0.0001,1.0000,-0.0984,0.0386,0.2195
450,Pelvis,0,0.4067,-0.5832,0.4856,0.5086,-0.6872,-0.5850,0.0508,-0.0820,-1.4327,0.0964,9.7677,-1.7003,1.3968,-0.0086,-0.0073,0.0006,0.9999,0.2440,-0.0420,0.0371
451,Left,0,0.1996,0.0157,-0.9703,-0.1357,0.0018,0.0171,-0.0000,-0.0227,0.0146,-0.0505,-3.7134,-0.8335,8.9898,0.0000,0.0002,-0.0000,1.0000,-0.0928,-0.0208,0.2248
451,Right,0,0.1571,-0.1601,-0.8937,-0.3886,0.0208,0.0110,0.0085,0.0324,0.0301,-0.0733,-3.9475,1.5512,8.7675,0.0003,0.0001,0.0001,1.0000,-0.0987,0.0387,0.2192
451,Pelvis,0,0.4113,-0.5879,0.4820,0.5029,-0.1282,-0.7074,0.0121,0.4522,-0.2586,0.0472,9.6697,-1.9969,-0.0359,-0.0016,-0.0088,0.0002,1.0000,0.2417,-0.0499,0.0013
452,Left,0,0.1998,0.0156,-0.9703,-0.1357,-0.0000,0.0183,0.0006,-0.0015,0.0087,-0.0520,-3.7369,-0.8334,8.9784,-0.0000,0.0002,0.0000,1.0000,-0.0934,-0.0208,0.2245
452,Right,0,0.1571,-0.1603,-0.8937,-0.3885,0.0202,0.0055,0.0079,0.0215,0.0212,-0.0933,-3.9391,1.5661,8.7463,0.0003,0.0001,0.0001,1.0000,-0.0985,0.0391,0.2187
452,Pelvis,0,0.4147,-0.5889,0.4823,0.4986,0.0823,-0.4264,0.0012,0.0468,-0.8717,0.0386,9.7225,-1.7340,0.5274,0.0010,-0.0053,0.0000,1.0000,0.2430,-0.0434,0.0144
453,Left,0,0.2000,0.0156,-0.9702,-0.1357,-0.0037,0.0165,-0.0006,0.0134,-0.0058,-0.0453,-3.7604,-0.8241,8.9767,-0.0000,0.0002,-0.0000,1.0000,-0.0940,-0.0206,0.2244
453,Right,0,0.1570,-0.1604,-0.8937,-0.3885,0.0147,-0.0006,0.0079,0.0247,0.0346,-0.0773,-3.9394,1.5610,8.7649,0.0002,-0.0000,0.0001,1.0000,-0.0985,0.0390,0.2191
453,Pelvis,0,0.4167,-0.5864,0.4856,0.4966,0.0711,-0.0830,-0.0136,-0.1816,-0.6423,0.1946,9.9116,-1.4990,0.3221,0.0009,-0.0010,-0.0002,1.0000,0.2478,-0.0375,0.0083
454,Left,0,0.2002,0.0156,-0.9702,-0.1358,-0.0043,0.0152,-0.0037,0.0140,0.0137,-0.0347,-3.7639,-0.8447,8.9850,-0.0001,0.0002,-0.0000,1.0000,-0.0941,-0.0211,0.2246
454,Right,0,0.1570,-0.1605,-0.8937,-0.3885,0.0140,0.0006,0.0073,0.0355,0.0282,-0.1052,-3.9392,1.5550,8.7351,0.0002,0.0000,0.0001,1.0000,-0.0985,0.0388,0.2184
454,Pelvis,0,0.4186,-0.5832,0.4893,0.4952,-0.0410,-0.0103,-0.0139,-0.2478,-0.5716,-0.0320,9.6973,-1.3848,0.3068,-0.0005,-0.0001,-0.0002,1.0000,0.2424,-0.0347,0.0077
455,Left,0,0.2003,0.0157,-0.9702,-0.1358,-0.0031,0.0091,-0.0037,0.0162,0.0033,-0.0445,-3.7665,-0.8361,8.9740,-0.0000,0.0001,-0.0000,1.0000,-0.0941,-0.0209,0.2244
455,Right,0,0.1569,-0.1606,-0.8937,-0.3884,0.0159,-0.0012,0.0104,0.0299,0.0389,-0.0788,-3.9387,1.5593,8.7639,0.0002,-0.0000,0.0001,1.0000,-0.0985,0.0389,0.2191
455,Pelvis,0,0.4205,-0.5793,0.4934,0.4941,-0.1208,0.0481,-0.0142,-0.2525,-0.8089,0.1102,9.8380,-1.4322,0.5882,-0.0015,0.0006,-0.0002,1.0000,0.2460,-0.0358,0.0146
456,Left,0,0.2004,0.0158,-0.9701,-0.1359,-0.0055,0.0104,-0.0061,-0.0080,0.0066,-0.0123,-3.7589,-0.8374,9.0120,-0.0001,0.0001,-0.0001,1.0000,-0.0939,-0.0209,0.2253
456,Right,0,0.1568,-0.1609,-0.8937,-0.3883,0.0220,0.0024,0.0122,0.0426,0.0380,-0.0764,-3.9482,1.5548,8.7632,0.0003,0.0000,0.0002,1.0000,-0.0987,0.0388,0.2191
456,Pelvis,0,0.4224,-0.5739,0.4987,0.4934,-0.1415,0.1120,-0.0209,-0.1227,-0.6517,0.1724,9.8771,-1.5302,0.4946,-0.0018,0.0014,-0.0003,1.0000,0.2469,-0.0383,0.0121
457,Left,0,0.2007,0.0160,-0.9701,-0.1359,-0.0092,0.0177,-0.0092,-0.0166,0.0218,-0.0586,-3.7325,-0.8496,8.9716,-0.0001,0.0002,-0.0001,1.0000,-0.0933,-0.0212,0.2243
457,Right,0,0.1567,-0.1611,-0.8937,-0.3882,0.0238,0.0042,0.0110,0.0403,0.0408,-0.0676,-3.9485,1.5611,8.7717,0.0003,0.0001,0.0001,1.0000,-0.0987,0.0389,0.2193
457,Pelvis,0,0.4241,-0.5682,0.5041,0.4930,-0.1742,0.1534,-0.0309,-0.0071,-0.6500,0.0476,9.7332,-1.6067,0.5752,-0.0022,0.0019,-0.0004,1.0000,0.2433,-0.0402,0.0140
458,Left,0,0.2009,0.0160,-0.9700,-0.1360,-0.0061,0.0165,-0.0067,0.0089,0.0351,-0.0584,-3.7556,-0.8716,8.9601,-0.0001,0.0002,-0.0001,1.0000,-0.0938,-0.0218,0.2240
458,Pelvis,0,0.4260,-0.5626,0.5096,0.4923,-0.2081,0.1440,-0.0379,0.0357,-0.6820,-0.0738,9.6023,-1.6174,0.7004,-0.0026,0.0018,-0.0005,1.0000,0.2401,-0.0405,0.0172
459,Left,0,0.2009,0.0161,-0.9700,-0.1361,-0.0000,0.0104,-0.0067,0.0040,0.0245,-0.0503,-3.7585,-0.8632,8.9685,-0.0000,0.0001,-0.0001,1.0000,-0.0939,-0.0216,0.2242
459,Pelvis,0,0.4277,-0.5572,0.5145,0.4918,-0.2315,0.1448,-0.0420,0.0817,-0.6179,-0.0272,9.6401,-1.6411,0.7209,-0.0029,0.0018,-0.0005,1.0000,0.2410,-0.0411,0.0177
460,Left,0,0.2010,0.0161,-0.9700,-0.1361,0.0037,0.0079,-0.0049,0.0159,0.0068,-0.0130,-3.7899,-0.8535,8.9969,0.0000,0.0001,-0.0001,1.0000,-0.0947,-0.0213,0.2249
460,Right,0,0.1566,-0.1619,-0.8937,-0.3880,0.0236,0.0034,0.0114,0.0310,0.0428,-0.0846,-3.9362,1.5735,8.7561,0.0009,0.0001,0.0004,1.0000,-0.2952,0.1173,0.6569
460,Pelvis,0,0.4290,-0.5520,0.5195,0.4914,-0.2513,0.1750,-0.0473,0.0938,-0.4507,0.0546,9.7203,-1.6356,0.6459,-0.0031,0.0022,-0.0006,1.0000,0.2430,-0.0410,0.0157
461,Left,0,0.2011,0.0161,-0.9699,-0.1361,0.0061,0.0031,-0.0030,0.0245,-0.0067,-0.0190,-3.8008,-0.8431,8.9866,0.0001,0.0000,-0.0000,1.0000,-0.0950,-0.0211,0.2247
461,Right,0,0.1566,-0.1619,-0.8938,-0.3879,0.0257,0.0043,0.0152,0.0268,0.0545,-0.0770,-3.9304,1.5768,8.7666,0.0003,0.0001,0.0002,1.0000,-0.0983,0.0393,0.2192
461,Pelvis,0,0.4299,-0.5472,0.5244,0.4907,-0.2493,0.1944,-0.0434,0.2296,-0.3258,0.0790,9.7239,-1.7580,0.5987,-0.0031,0.0024,-0.0005,1.0000,0.2431,-0.0440,0.0145
462,Left,0,0.2010,0.0161,-0.9699,-0.1362,0.0079,-0.0006,-0.0061,-0.0008,0.0005,-0.0303,-3.7717,-0.8419,8.9867,0.0001,-0.0000,-0.0001,1.0000,-0.0943,-0.0211,0.2247
462,Right,0,0.1565,-0.1622,-0.8938,-0.3878,0.0263,0.0067,0.0158,0.0198,0.0306,-0.0788,-3.9406,1.6035,8.7551,0.0003,0.0001,0.0002,1.0000,-0.0985,0.0400,0.2189
462,Pelvis,0,0.4315,-0.5425,0.5291,0.4894,-0.2205,0.1714,-0.0374,0.3924,-0.2856,0.0052,9.6248,-1.8977,0.6232,-0.0028,0.0021,-0.0005,1.0000,0.2406,-0.0475,0.0152
463,Right,0,0.1564,-0.1625,-0.8939,-0.3875,0.0244,0.0037,0.0177,0.0291,0.0441,-0.0946,-3.9314,1.5910,8.7440,0.0003,0.0000,0.0002,1.0000,-0.0983,0.0397,0.2186
463,Pelvis,0,0.4348,-0.5369,0.5351,0.4862,-0.1909,0.1634,-0.0258,0.3734,-0.1969,-0.0718,9.5524,-1.8581,0.6023,-0.0024,0.0020,-0.0003,1.0000,0.2388,-0.0465,0.0147
464,Right,0,0.1564,-0.1627,-0.8939,-0.3873,0.0232,0.0024,0.0171,0.0049,0.0403,-0.0867,-3.9215,1.6175,8.7523,0.0003,0.0000,0.0002,1.0000,-0.0980,0.0404,0.2188
464,Pelvis,0,0.4362,-0.5327,0.5403,0.4838,-0.1742,0.1495,-0.0178,0.3341,-0.0521,-0.0953,9.5361,-1.8242,0.5273,-0.0022,0.0019,-0.0002,1.0000,0.2384,-0.0456,0.0128
465,Left,0,0.2007,0.0159,-0.9700,-0.1363,0.0106,-0.0059,-0.0040,-0.0028,0.0180,-0.0428,-3.7563,-0.8545,8.9783,0.0004,-0.0002,-0.0002,1.0000,-0.2819,-0.0643,0.6733
465,Right,0,0.1565,-0.1629,-0.8940,-0.3871,0.0275,0.0110,0.0140,0.0196,0.0433,-0.1073,-3.9225,1.6048,8.7313,0.0003,0.0001,0.0002,1.0000,-0.0980,0.0400,0.2183
465,Pelvis,0,0.4365,-0.5300,0.5435,0.4828,-0.1538,0.1317,-0.0065,0.2118,0.0172,-0.0971,9.5521,-1.7110,0.5166,-0.0019,0.0016,-0.0001,1.0000,0.2388,-0.0428,0.0126
466,Left,0,0.2006,0.0159,-0.9700,-0.1362,0.0092,-0.0024,-0.0024,0.0096,0.0150,-0.0375,-3.7669,-0.8539,8.9797,0.0001,-0.0000,-0.0000,1.0000,-0.0942,-0.0214,0.2245
466,Right,0,0.1565,-0.1632,-0.8940,-0.3869,0.0275,0.0134,0.0146,0.0305,0.0460,-0.0960,-3.9344,1.6026,8.7389,0.0003,0.0002,0.0002,1.0000,-0.0983,0.0400,0.2185
467,Left,0,0.2005,0.0158,-0.9700,-0.1363,0.0098,-0.0006,-0.0024,-0.0074,0.0293,-0.0352,-3.7470,-0.8617,8.9899,0.0001,-0.0000,-0.0000,1.0000,-0.0937,-0.0216,0.2247
467,Right,0,0.1563,-0.1635,-0.8939,-0.3869,0.0220,0.0079,0.0116,0.0249,0.0392,-0.0945,-3.9361,1.6191,8.7367,0.0003,0.0001,0.0001,1.0000,-0.0984,0.0404,0.2184
467,Pelvis,0,0.4378,-0.5267,0.5469,0.4814,-0.1151,0.0756,-0.0132,0.2220,-0.0242,-0.1333,9.5095,-1.7170,0.6021,-0.0029,0.0019,-0.0003,1.0000,0.4755,-0.0859,0.0295
468,Left,0,0.2005,0.0159,-0.9701,-0.1362,0.0116,-0.0018,-0.0012,-0.0109,0.0174,-0.0360,-3.7467,-0.8497,8.9902,0.0001,-0.0000,-0.0000,1.0000,-0.0937,-0.0213,0.2247
468,Right,0,0.1563,-0.1637,-0.8940,-0.3868,0.0177,0.0043,0.0122,0.0420,0.0480,-0.0848,-3.9469,1.6053,8.7453,0.0002,0.0001,0.0002,1.0000,-0.0987,0.0401,0.2186
468,Pelvis,0,0.4397,-0.5235,0.5508,0.4787,-0.0869,0.0348,-0.0303,0.2268,-0.0181,-0.1913,9.4466,-1.7252,0.6380,-0.0011,0.0004,-0.0004,1.0000,0.2362,-0.0432,0.0159
469,Left,0,0.2006,0.0158,-0.9700,-0.1362,0.0098,0.0018,-0.0018,-0.0161,0.0166,-0.0271,-3.7467,-0.8474,9.0002,0.0001,0.0000,-0.0000,1.0000,-0.0937,-0.0212,0.2250
469,Right,0,0.1564,-0.1638,-0.8940,-0.3867,0.0189,0.0025,0.0146,0.0508,0.0799,-0.0757,-3.9377,1.5815,8.7642,0.0002,0.0000,0.0002,1.0000,-0.0984,0.0395,0.2191
469,Pelvis,0,0.4394,-0.5230,0.5513,0.4790,-0.0552,0.0431,-0.0341,0.1370,-0.0000,-0.0465,9.6034,-1.6596,0.6457,-0.0007,0.0005,-0.0004,1.0000,0.2401,-0.0416,0.0160
470,Left,0,0.2007,0.0159,-0.9700,-0.1362,0.0067,0.0067,-0.0037,-0.0074,0.0239,-0.0441,-3.7475,-0.8556,8.9805,0.0001,0.0001,-0.0000,1.0000,-0.0937,-0.0214,0.2245
470,Right,0,0.1564,-0.1639,-0.8941,-0.3864,0.0226,0.0043,0.0183,0.0445,0.0403,-0.0592,-3.9668,1.6173,8.7626,0.0003,0.0001,0.0002,1.0000,-0.0992,0.0403,0.2191
470,Pelvis,0,0.4393,-0.5225,0.5519,0.4790,-0.0318,0.0280,-0.0282,0.1301,0.1455,0.0284,9.6873,-1.6649,0.5196,-0.0004,0.0004,-0.0004,1.0000,0.2422,-0.0417,0.0129
471,Left,0,0.2007,0.0159,-0.9700,-0.1361,0.0049,0.0086,0.0006,-0.0189,0.0254,-0.0389,-3.7395,-0.8544,8.9897,0.0001,0.0001,0.0000,1.0000,-0.0935,-0.0214,0.2248
471,Right,0,0.1563,-0.1642,-0.8940,-0.3864,0.0183,0.0012,0.0153,0.0260,0.0293,-0.0690,-3.9567,1.6427,8.7514,0.0002,0.0000,0.0002,1.0000,-0.0989,0.0410,0.2188
471,Pelvis,0,0.4394,-0.5223,0.5521,0.4789,0.0020,-0.0110,-0.0283,0.2023,0.1161,-0.0741,9.5725,-1.7211,0.5468,0.0000,-0.0001,-0.0004,1.0000,0.2393,-0.0431,0.0137
472,Left,0,0.2007,0.0158,-0.9700,-0.1360,0.0073,0.0104,0.0006,-0.0032,0.0115,-0.0540,-3.7514,-0.8433,8.9693,0.0001,0.0001,0.0000,1.0000,-0.0938,-0.0211,0.2242
472,Right,0,0.1562,-0.1642,-0.8941,-0.3863,0.0134,-0.0018,0.0116,0.0505,0.0392,-0.0911,-3.9564,1.6179,8.7318,0.0002,-0.0000,0.0001,1.0000,-0.0989,0.0404,0.2183
472,Pelvis,0,0.4399,-0.5222,0.5523,0.4783,0.0382,-0.0406,-0.0235,0.1445,0.1161,-0.1319,9.5246,-1.6557,0.5412,0.0005,-0.0005,-0.0003,1.0000,0.2381,-0.0415,0.0136
473,Left,0,0.2008,0.0159,-0.9700,-0.1358,0.0067,0.0110,0.0006,-0.0107,0.0193,-0.0262,-3.7538,-0.8513,8.9978,0.0001,0.0001,0.0000,1.0000,-0.0938,-0.0213,0.2250
473,Right,0,0.1561,-0.1643,-0.8942,-0.3861,0.0122,-0.0024,0.0116,0.0285,0.0479,-0.0887,-3.9358,1.6315,8.7411,0.0002,-0.0000,0.0001,1.0000,-0.0984,0.0407,0.2185
473,Pelvis,0,0.4409,-0.5219,0.5527,0.4773,0.0726,-0.0620,-0.0219,0.1733,0.0989,-0.1537,9.4979,-1.6813,0.5480,0.0009,-0.0008,-0.0003,1.0000,0.2374,-0.0421,0.0138
474,Left,0,0.2008,0.0158,-0.9701,-0.1357,0.0110,0.0098,0.0024,-0.0142,0.0200,-0.0389,-3.7464,-0.8492,8.9873,0.0001,0.0001,0.0000,1.0000,-0.0936,-0.0213,0.2247
474,Right,0,0.1560,-0.1643,-0.8943,-0.3859,0.0122,0.0006,0.0092,0.0282,0.0590,-0.0942,-3.9256,1.6253,8.7408,0.0002,0.0000,0.0001,1.0000,-0.0981,0.0406,0.2185
474,Pelvis,0,0.4420,-0.5217,0.5531,0.4760,0.1175,-0.0851,-0.0120,0.1948,0.1288,-0.1022,9.5477,-1.7119,0.5083,0.0015,-0.0011,-0.0002,1.0000,0.2387,-0.0429,0.0129
475,Left,0,0.2007,0.0159,-0.9701,-0.1354,0.0110,0.0055,0.0031,0.0069,0.0021,-0.0413,-3.7677,-0.8369,8.9769,0.0001,0.0001,0.0000,1.0000,-0.0942,-0.0210,0.2244
475,Right,0,0.1560,-0.1644,-0.8944,-0.3855,0.0110,0.0043,0.0103,0.0406,0.0610,-0.0829,-3.9356,1.6194,8.7500,0.0001,0.0001,0.0001,1.0000,-0.0984,0.0404,0.2188
475,Pelvis,0,0.4437,-0.5213,0.5538,0.4740,0.1699,-0.1128,0.0041,0.1994,0.1362,-0.0512,9.5980,-1.7280,0.4864,0.0021,-0.0014,0.0001,1.0000,0.2399,-0.0432,0.0124
476,Left,0,0.2007,0.0158,-0.9701,-0.1354,0.0091,0.0055,0.0037,-0.0025,0.0141,-0.0351,-3.7592,-0.8440,8.9865,0.0001,0.0001,0.0000,1.0000,-0.0940,-0.0211,0.2247
476,Right,0,0.1561,-0.1644,-0.8945,-0.3854,0.0104,0.0019,0.0110,0.0482,0.0511,-0.0661,-3.9554,1.6231,8.7590,0.0001,0.0000,0.0001,1.0000,-0.0989,0.0405,0.2190
476,Pelvis,0,0.4455,-0.5210,0.5546,0.4717,0.2279,-0.1388,0.0220,0.1535,0.1472,0.0006,9.6569,-1.6980,0.4558,0.0028,-0.0017,0.0003,1.0000,0.2414,-0.0424,0.0117
477,Left,0,0.2007,0.0156,-0.9701,-0.1355,0.0085,0.0019,0.0031,0.0122,0.0206,-0.0395,-3.7698,-0.8515,8.9766,0.0001,0.0000,0.0000,1.0000,-0.0942,-0.0213,0.2244
477,Right,0,0.1561,-0.1644,-0.8944,-0.3855,0.0085,-0.0018,0.0080,0.0224,0.0552,-0.0941,-3.9256,1.6352,8.7390,0.0001,-0.0000,0.0001,1.0000,-0.0981,0.0408,0.2185
477,Pelvis,0,0.4479,-0.5204,0.5557,0.4688,0.2801,-0.1599,0.0312,0.1000,0.0870,-0.0308,9.6305,-1.6490,0.4869,0.0035,-0.0020,0.0004,1.0000,0.2408,-0.0412,0.0125
478,Left,0,0.2007,0.0157,-0.9701,-0.1354,0.0098,0.0000,0.0006,-0.0104,0.0046,-0.0487,-3.7506,-0.8297,8.9766,0.0001,0.0000,0.0000,1.0000,-0.0938,-0.0208,0.2244
478,Right,0,0.1561,-0.1643,-0.8944,-0.3855,0.0036,-0.0024,0.0055,0.0146,0.0436,-0.1014,-3.9247,1.6468,8.7290,0.0000,-0.0000,0.0001,1.0000,-0.0981,0.0412,0.2182
478,Pelvis,0,0.4504,-0.5197,0.5571,0.4655,0.3212,-0.1719,0.0386,0.0072,0.0838,-0.0455,9.6303,-1.5654,0.4587,0.0040,-0.0021,0.0005,1.0000,0.2408,-0.0391,0.0118
479,Left,0,0.2006,0.0156,-0.9702,-0.1353,0.0079,-0.0006,0.0012,0.0006,0.0206,-0.0343,-3.7603,-0.8471,8.9867,0.0001,-0.0000,0.0000,1.0000,-0.0940,-0.0212,0.2247
479,Right,0,0.1561,-0.1643,-0.8944,-0.3855,0.0012,-0.0024,0.0019,0.0403,0.0427,-0.0964,-3.9438,1.6284,8.7295,0.0000,-0.0000,0.0000,1.0000,-0.0986,0.0407,0.2182
479,Pelvis,0,0.4533,-0.5187,0.5586,0.4620,0.3474,-0.1750,0.0402,-0.1674,0.0837,-0.0449,9.6588,-1.4039,0.4247,0.0043,-0.0022,0.0005,1.0000,0.2415,-0.0350,0.0110
480,Left,0,0.2006,0.0158,-0.9702,-0.1351,0.0079,-0.0018,-0.0006,-0.0003,-0.0049,-0.0233,-3.7699,-0.8257,8.9966,0.0001,-0.0000,-0.0000,1.0000,-0.0943,-0.0207,0.2249
480,Right,0,0.1562,-0.1641,-0.8946,-0.3852,-0.0013,-0.0049,0.0025,0.0441,0.0508,-0.0891,-3.9430,1.6190,8.7398,-0.0000,-0.0001,0.0000,1.0000,-0.0986,0.0405,0.2185
480,Pelvis,0,0.4562,-0.5176,0.5601,0.4586,0.3501,-0.1711,0.0323,-0.3347,0.0525,-0.0600,9.6699,-1.2445,0.4185,0.0044,-0.0021,0.0004,1.0000,0.2417,-0.0311,0.0108
481,Left,0,0.2006,0.0157,-0.9702,-0.1352,0.0067,0.0006,-0.0018,-0.0073,0.0285,-0.0371,-3.7501,-0.8535,8.9873,0.0001,0.0000,-0.0000,1.0000,-0.0938,-0.0214,0.2247
481,Right,0,0.1563,-0.1639,-0.8945,-0.3854,-0.0019,-0.0061,0.0013,0.0525,0.0541,-0.0778,-3.9517,1.6094,8.7503,-0.0000,-0.0001,0.0000,1.0000,-0.0988,0.0402,0.2187
481,Pelvis,0,0.4589,-0.5166,0.5613,0.4556,0.3363,-0.1633,0.0209,-0.3802,0.0043,-0.0026,9.7326,-1.2121,0.4364,0.0042,-0.0020,0.0003,1.0000,0.2433,-0.0303,0.0113
482,Left,0,0.2006,0.0157,-0.9702,-0.1352,0.0055,0.0024,-0.0024,-0.0083,0.0080,-0.0478,-3.7504,-0.8329,8.9774,0.0001,0.0000,-0.0000,1.0000,-0.0938,-0.0208,0.2244
482,Right,0,0.1562,-0.1638,-0.8945,-0.3854,-0.0056,-0.0103,0.0019,0.0371,0.0532,-0.0803,-3.9399,1.6184,8.7511,-0.0001,-0.0001,0.0000,1.0000,-0.0985,0.0405,0.2188
482,Pelvis,0,0.4617,-0.5152,0.5626,0.4526,0.3100,-0.1439,0.0066,-0.3239,-0.0619,0.0641,9.7879,-1.2758,0.4790,0.0039,-0.0018,0.0001,1.0000,0.2447,-0.0319,0.0123
483,Left,0,0.2008,0.0155,-0.9701,-0.1356,0.0031,0.0030,-0.0049,-0.0053,0.0293,-0.0461,-3.7509,-0.8518,8.9773,0.0000,0.0000,-0.0001,1.0000,-0.0938,-0.0213,0.2244
483,Right,0,0.1564,-0.1635,-0.8945,-0.3856,-0.0074,-0.0128,0.0001,0.0348,0.0743,-0.1000,-3.9181,1.5971,8.7431,-0.0001,-0.0002,0.0000,1.0000,-0.0980,0.0399,0.2186
483,Pelvis,0,0.4644,-0.5139,0.5636,0.4501,0.2784,-0.1301,-0.0053,-0.2951,-0.0935,0.0325,9.7526,-1.2939,0.4858,0.0035,-0.0016,-0.0001,1.0000,0.2438,-0.0324,0.0124
484,Left,0,0.2008,0.0155,-0.9701,-0.1356,0.0067,0.0043,-0.0037,-0.0018,0.0280,-0.0551,-3.7516,-0.8512,8.9673,0.0001,0.0001,-0.0000,1.0000,-0.0938,-0.0213,0.2242
484,Right,0,0.1563,-0.1634,-0.8944,-0.3859,-0.0074,-0.0128,0.0001,0.0432,0.0691,-0.0744,-3.9348,1.5961,8.7642,-0.0001,-0.0002,0.0000,1.0000,-0.0984,0.0399,0.2191
484,Pelvis,0,0.4667,-0.5129,0.5643,0.4481,0.2271,-0.1242,-0.0184,-0.3836,-0.1898,-0.0223,9.7122,-1.1852,0.5504,0.0028,-0.0016,-0.0002,1.0000,0.2428,-0.0297,0.0141
485,Left,0,0.2009,0.0155,-0.9700,-0.1357,0.0031,0.0037,-0.0024,-0.0104,0.0208,-0.0687,-3.7426,-0.8406,8.9573,0.0000,0.0000,-0.0000,1.0000,-0.0936,-0.0210,0.2239
485,Right,0,0.1564,-0.1631,-0.8945,-0.3858,-0.0043,-0.0097,0.0001,0.0322,0.0816,-0.1142,-3.9032,1.5842,8.7364,-0.0001,-0.0001,0.0000,1.0000,-0.0976,0.0396,0.2184
485,Pelvis,0,0.4686,-0.5123,0.5644,0.4465,0.1627,-0.1241,-0.0250,-0.4061,-0.3475,0.0007,9.7370,-1.1462,0.6828,0.0020,-0.0016,-0.0003,1.0000,0.2434,-0.0288,0.0174
486,Right,0,0.1564,-0.1630,-0.8945,-0.3859,-0.0013,-0.0061,0.0007,0.0460,0.0823,-0.0901,-3.9211,1.5744,8.7569,-0.0000,-0.0001,0.0000,1.0000,-0.0980,0.0394,0.2189
486,Pelvis,0,0.4702,-0.5119,0.5644,0.4454,0.0850,-0.1051,-0.0268,-0.3293,-0.4689,0.0668,9.7898,-1.2125,0.7880,0.0011,-0.0013,-0.0003,1.0000,0.2447,-0.0304,0.0200
487,Left,0,0.2010,0.0154,-0.9700,-0.1358,0.0046,0.0046,-0.0034,-0.0077,0.0269,-0.0307,-3.7587,-0.8492,8.9910,0.0001,0.0001,-0.0001,1.0000,-0.1879,-0.0425,0.4496
487,Right,0,0.1562,-0.1629,-0.8946,-0.3857,-0.0000,-0.0061,0.0031,0.0528,0.0784,-0.0773,-3.9294,1.5748,8.7673,-0.0000,-0.0001,0.0000,1.0000,-0.0983,0.0394,0.2192
487,Pelvis,0,0.4714,-0.5114,0.5643,0.4448,0.0250,-0.0604,-0.0306,-0.0586,-0.3268,0.0878,9.7729,-1.4824,0.6502,0.0003,-0.0008,-0.0004,1.0000,0.2443,-0.0372,0.0164
488,Left,0,0.2010,0.0154,-0.9700,-0.1359,0.0030,0.0061,-0.0043,0.0011,0.0146,-0.0432,-3.7652,-0.8388,8.9757,0.0000,0.0001,-0.0001,1.0000,-0.0941,-0.0210,0.2244
488,Right,0,0.1562,-0.1629,-0.8946,-0.3857,0.0043,-0.0031,0.0019,0.0361,0.0813,-0.0710,-3.9184,1.5853,8.7773,0.0001,-0.0000,0.0000,1.0000,-0.0980,0.0396,0.2194
488,Pelvis,0,0.4720,-0.5109,0.5643,0.4447,0.0022,-0.0194,-0.0329,0.0324,-0.1433,0.2630,9.9371,-1.6037,0.4737,0.0000,-0.0002,-0.0004,1.0000,0.2484,-0.0402,0.0119
489,Left,0,0.2013,0.0154,-0.9699,-0.1360,0.0018,0.0085,-0.0043,-0.0115,0.0142,-0.0253,-3.7668,-0.8385,8.9946,0.0000,0.0001,-0.0001,1.0000,-0.0941,-0.0210,0.2249
489,Right,0,0.1565,-0.1628,-0.8945,-0.3857,0.0122,-0.0000,0.0049,0.0444,0.1058,-0.0794,-3.9085,1.5580,8.7776,0.0002,-0.0000,0.0001,1.0000,-0.0977,0.0389,0.2194
489,Pelvis,0,0.4723,-0.5102,0.5644,0.4451,-0.0012,0.0248,-0.0415,0.0856,-0.0666,0.2540,9.9229,-1.6499,0.4045,-0.0000,0.0003,-0.0005,1.0000,0.2481,-0.0414,0.0100
490,Left,0,0.2013,0.0154,-0.9699,-0.1361,0.0006,0.0079,-0.0049,-0.0080,0.0047,-0.0351,-3.7686,-0.8289,8.9840,0.0000,0.0001,-0.0001,1.0000,-0.0942,-0.0207,0.2246
490,Right,0,0.1565,-0.1629,-0.8946,-0.3856,0.0159,0.0018,0.0085,0.0483,0.0692,-0.0733,-3.9375,1.5815,8.7669,0.0002,0.0000,0.0001,1.0000,-0.0984,0.0395,0.2192
490,Pelvis,0,0.4736,-0.5084,0.5656,0.4442,0.0105,0.0357,-0.0387,0.0962,-0.0729,0.0173,9.6890,-1.6109,0.4142,0.0001,0.0004,-0.0005,1.0000,0.2422,-0.0404,0.0102
491,Left,0,0.2014,0.0154,-0.9699,-0.1361,0.0012,0.0061,-0.0049,-0.0211,0.0273,-0.0408,-3.7504,-0.8486,8.9836,0.0000,0.0001,-0.0001,1.0000,-0.0937,-0.0212,0.2246
491,Right,0,0.1566,-0.1629,-0.8946,-0.3855,0.0146,-0.0012,0.0085,0.0414,0.0664,-0.0948,-3.9275,1.5852,8.7467,0.0002,-0.0000,0.0001,1.0000,-0.0982,0.0396,0.2187
491,Pelvis,0,0.4740,-0.5074,0.5662,0.4441,0.0249,0.0355,-0.0296,0.0950,-0.1622,-0.0826,9.5895,-1.5773,0.5118,0.0003,0.0004,-0.0004,1.0000,0.2397,-0.0395,0.0127
492,Left,0,0.2015,0.0154,-0.9699,-0.1362,0.0018,0.0061,-0.0055,-0.0168,0.0269,-0.0498,-3.7516,-0.8489,8.9733,0.0000,0.0001,-0.0001,1.0000,-0.0938,-0.0212,0.2243
492,Right,0,0.1565,-0.1631,-0.8946,-0.3856,0.0122,-0.0012,0.0092,0.0167,0.0799,-0.0837,-3.9072,1.5988,8.7657,0.0002,-0.0000,0.0001,1.0000,-0.0977,0.0399,0.2191
492,Pelvis,0,0.4751,-0.5059,0.5673,0.4433,0.0343,0.0281,-0.0247,0.0383,-0.2115,-0.0472,9.6331,-1.5138,0.5685,0.0004,0.0004,-0.0003,1.0000,0.2408,-0.0379,0.0141
493,Left,0,0.2015,0.0155,-0.9699,-0.1361,0.0024,0.0043,-0.0031,-0.0148,0.0133,-0.0380,-3.7626,-0.8390,8.9825,0.0000,0.0001,-0.0000,1.0000,-0.0941,-0.0210,0.2246
493,Right,0,0.1566,-0.1630,-0.8946,-0.3855,0.0085,-0.0006,0.0067,0.0266,0.0660,-0.0757,-3.9262,1.6021,8.7653,0.0001,-0.0000,0.0001,1.0000,-0.0982,0.0400,0.2191
493,Pelvis,0,0.4757,-0.5050,0.5680,0.4429,0.0297,0.0115,-0.0199,-0.0569,-0.1881,-0.0261,9.6698,-1.4186,0.5459,0.0004,0.0001,-0.0002,1.0000,0.2417,-0.0355,0.0136
494,Left,0,0.2015,0.0157,-0.9699,-0.1360,0.0037,0.0049,-0.0043,0.0001,0.0170,-0.0423,-3.7732,-0.8485,8.9724,0.0000,0.0001,-0.0001,1.0000,-0.0943,-0.0212,0.2243
494,Right,0,0.1567,-0.1630,-0.8947,-0.3853,0.0085,-0.0012,0.0055,0.0193,0.0794,-0.0939,-3.9064,1.5944,8.7555,0.0001,-0.0000,0.0001,1.0000,-0.0977,0.0398,0.2189
494,Pelvis,0,0.4762,-0.5042,0.5684,0.4426,0.0128,0.0101,-0.0156,-0.1645,-0.1021,-0.0439,9.6715,-1.3123,0.4555,0.0002,0.0001,-0.0002,1.0000,0.2418,-0.0329,0.0114
495,Left,0,0.2015,0.0157,-0.9699,-0.1359,0.0061,0.0000,-0.0030,0.0003,0.0367,-0.0533,-3.7637,-0.8674,8.9627,0.0001,0.0000,-0.0000,1.0000,-0.0941,-0.0217,0.2241
495,Right,0,0.1567,-0.1629,-0.8947,-0.3852,0.0061,-0.0037,0.0055,0.0359,0.0884,-0.0840,-3.9157,1.5773,8.7656,0.0001,-0.0000,0.0001,1.0000,-0.0979,0.0394,0.2191
495,Pelvis,0,0.4773,-0.5030,0.5695,0.4414,-0.0170,0.0100,-0.0107,-0.1854,-0.0407,-0.0938,9.6271,-1.2870,0.3939,-0.0002,0.0001,-0.0001,1.0000,0.2407,-0.0322,0.0098
496,Left,0,0.2015,0.0157,-0.9699,-0.1359,0.0079,0.0000,-0.0018,-0.0114,0.0383,-0.0480,-3.7540,-0.8659,8.9727,0.0001,0.0000,-0.0000,1.0000,-0.0939,-0.0217,0.2243
496,Right,0,0.1566,-0.1629,-0.8947,-0.3853,0.0079,-0.0043,0.0061,0.0367,0.0836,-0.0928,-3.9146,1.5793,8.7559,0.0001,-0.0001,0.0001,1.0000,-0.0979,0.0395,0.2189
496,Pelvis,0,0.4774,-0.5029,0.5694,0.4415,-0.0359,-0.0078,-0.0121,-0.0877,-0.0421,-0.0667,9.6392,-1.3828,0.4076,-0.0004,-0.0001,-0.0002,1.0000,0.2410,-0.0346,0.0102
497,Left,0,0.2014,0.0157,-0.9699,-0.1359,0.0079,0.0018,-0.0043,-0.0238,0.0179,-0.0318,-3.7543,-0.8447,8.9921,0.0001,0.0000,-0.0001,1.0000,-0.0939,-0.0211,0.2248
497,Right,0,0.1566,-0.1629,-0.8948,-0.3852,0.0067,-0.0067,0.0068,0.0481,0.0823,-0.0903,-3.9230,1.5719,8.7564,0.0001,-0.0001,0.0001,1.0000,-0.0981,0.0393,0.2189
497,Pelvis,0,0.4779,-0.5025,0.5696,0.4412,-0.0441,-0.0034,-0.0166,-0.0307,-0.0840,-0.0024,9.6936,-1.4405,0.4565,-0.0006,-0.0000,-0.0002,1.0000,0.2423,-0.0361,0.0114
498,Left,0,0.2016,0.0158,-0.9699,-0.1359,0.0037,0.0091,-0.0037,-0.0249,-0.0054,-0.0209,-3.7654,-0.8242,9.0012,0.0000,0.0001,-0.0000,1.0000,-0.0941,-0.0206,0.2250
498,Right,0,0.1566,-0.1628,-0.8948,-0.3850,0.0085,-0.0055,0.0074,0.0219,0.0949,-0.0792,-3.9017,1.5841,8.7760,0.0001,-0.0001,0.0001,1.0000,-0.0976,0.0396,0.2194
498,Pelvis,0,0.4770,-0.5032,0.5686,0.4427,-0.0543,0.0138,-0.0255,0.0021,-0.0900,0.1237,9.8138,-1.4850,0.4732,-0.0007,0.0002,-0.0003,1.0000,0.2453,-0.0372,0.0118
499,Left,0,0.2017,0.0157,-0.9698,-0.1360,0.0006,0.0122,-0.0043,-0.0064,0.0323,-0.0353,-3.7674,-0.8633,8.9811,0.0000,0.0002,-0.0001,1.0000,-0.0942,-0.0216,0.2245
499,Right,0,0.1566,-0.1629,-0.8948,-0.3850,0.0134,-0.0000,0.0067,0.0114,0.1043,-0.0744,-3.8910,1.5872,8.7856,0.0002,-0.0000,0.0001,1.0000,-0.0973,0.0396,0.2196
499,Pelvis,0,0.4770,-0.5027,0.5687,0.4431,-0.0571,0.0299,-0.0336,0.0110,-0.1122,0.1577,9.8463,-1.4892,0.5028,-0.0007,0.0004,-0.0004,1.0000,0.2461,-0.0373,0.0125
500,Left,0,0.2018,0.0159,-0.9698,-0.1359,0.0018,0.0067,-0.0049,-0.0057,0.0206,-0.0451,-3.7694,-0.8538,8.9704,0.0000,0.0001,-0.0001,1.0000,-0.0942,-0.0213,0.2243
500,Right,0,0.1567,-0.1630,-0.8949,-0.3849,0.0159,0.0036,0.0091,0.0229,0.0938,-0.1110,-3.8913,1.5807,8.7460,0.0002,0.0000,0.0001,1.0000,-0.0973,0.0395,0.2187
500,Pelvis,0,0.4769,-0.5025,0.5686,0.4437,-0.0491,0.0317,-0.0308,0.0646,-0.1542,-0.0078,9.6745,-1.5048,0.5510,-0.0006,0.0004,-0.0004,1.0000,0.2419,-0.0377,0.0137
501,Left,0,0.2019,0.0158,-0.9698,-0.1360,0.0043,0.0000,-0.0012,-0.0104,0.0108,-0.0460,-3.7701,-0.8437,8.9700,0.0001,0.0000,-0.0000,1.0000,-0.0943,-0.0211,0.2243
501,Right,0,0.1569,-0.1630,-0.8948,-0.3848,0.0147,0.0030,0.0055,0.0224,0.0738,-0.1015,-3.9112,1.5948,8.7448,0.0002,0.0000,0.0001,1.0000,-0.0978,0.0398,0.2186
501,Pelvis,0,0.4771,-0.5021,0.5687,0.4437,-0.0241,0.0150,-0.0188,0.1721,-0.1072,-0.1537,9.5161,-1.5865,0.5149,-0.0003,0.0002,-0.0002,1.0000,0.2379,-0.0397,0.0128
502,Left,0,0.2019,0.0158,-0.9698,-0.1361,0.0055,-0.0018,-0.0024,-0.0283,0.0136,-0.0318,-3.7602,-0.8425,8.9898,0.0001,-0.0000,-0.0000,1.0000,-0.0940,-0.0211,0.2247
502,Right,0,0.1569,-0.1631,-0.8947,-0.3850,0.0110,-0.0000,0.0067,0.0323,0.0899,-0.0956,-3.9115,1.5788,8.7544,0.0001,-0.0000,0.0001,1.0000,-0.0978,0.0394,0.2189
502,Pelvis,0,0.4770,-0.5019,0.5688,0.4439,0.0008,0.0088,-0.0090,0.1991,-0.0583,-0.0543,9.6118,-1.6295,0.4778,0.0000,0.0001,-0.0001,1.0000,0.2403,-0.0408,0.0119
503,Left,0,0.2018,0.0157,-0.9698,-0.1362,0.0025,0.0012,-0.0043,-0.0037,0.0085,-0.0333,-3.7796,-0.8421,8.9801,0.0000,0.0000,-0.0001,1.0000,-0.0945,-0.0211,0.2245
503,Right,0,0.1569,-0.1631,-0.8948,-0.3849,0.0128,-0.0006,0.0085,0.0245,0.0881,-0.0637,-3.9207,1.5927,8.7830,0.0002,-0.0000,0.0001,1.0000,-0.0980,0.0398,0.2196
503,Pelvis,0,0.4774,-0.5012,0.5694,0.4435,0.0096,0.0184,-0.0012,0.1090,-0.0181,0.1052,9.7842,-1.5661,0.4409,0.0001,0.0002,-0.0000,1.0000,0.2446,-0.0392,0.0110
504,Left,0,0.2017,0.0157,-0.9698,-0.1363,0.0012,0.0030,-0.0055,-0.0158,0.0227,-0.0399,-3.7604,-0.8518,8.9801,0.0000,0.0000,-0.0001,1.0000,-0.0940,-0.0213,0.2245
504,Right,0,0.1568,-0.1634,-0.8947,-0.3851,0.0128,0.0012,0.0085,0.0308,0.0887,-0.0956,-3.9109,1.5858,8.7534,0.0002,0.0000,0.0001,1.0000,-0.0978,0.0396,0.2188
504,Pelvis,0,0.4772,-0.5009,0.5696,0.4437,-0.0007,0.0275,0.0007,-0.0515,0.0003,0.0954,9.7990,-1.4078,0.4140,-0.0000,0.0003,0.0000,1.0000,0.2450,-0.0352,0.0103
505,Left,0,0.2016,0.0157,-0.9698,-0.1364,0.0049,0.0024,-0.0043,0.0052,0.0288,-0.0532,-3.7705,-0.8616,8.9604,0.0001,0.0000,-0.0001,1.0000,-0.0943,-0.0215,0.2240
505,Right,0,0.1567,-0.1634,-0.8947,-0.3850,0.0134,-0.0006,0.0098,0.0403,0.0954,-0.0754,-3.9205,1.5804,8.7726,0.0002,-0.0000,0.0001,1.0000,-0.0980,0.0395,0.2193
505,Pelvis,0,0.4766,-0.5011,0.5695,0.4443,-0.0244,0.0261,0.0035,-0.1443,-0.0020,-0.0698,9.6493,-1.2918,0.4084,-0.0003,0.0003,0.0000,1.0000,0.2412,-0.0323,0.0101
506,Left,0,0.2014,0.0158,-0.9699,-0.1362,0.0104,-0.0043,-0.0030,-0.0033,0.0376,-0.0471,-3.7604,-0.8698,8.9706,0.0001,-0.0001,-0.0000,1.0000,-0.0940,-0.0218,0.2243
506,Right,0,0.1567,-0.1635,-0.8948,-0.3848,0.0122,0.0000,0.0098,0.0336,0.0833,-0.0827,-3.9199,1.5937,8.7621,0.0002,0.0000,0.0001,1.0000,-0.0980,0.0398,0.2191
506,Pelvis,0,0.4778,-0.5000,0.5706,0.4428,-0.0560,0.0093,0.0073,-0.1252,0.0002,-0.1365,9.5801,-1.3036,0.4066,-0.0007,0.0001,0.0001,1.0000,0.2395,-0.0326,0.0102
507,Left,0,0.2009,0.0156,-0.9700,-0.1362,0.0153,-0.0073,-0.0017,0.0006,0.0268,-0.0480,-3.7591,-0.8574,8.9713,0.0002,-0.0001,-0.0000,1.0000,-0.0940,-0.0215,0.2243
507,Right,0,0.1566,-0.1635,-0.8950,-0.3843,0.0153,0.0012,0.0091,0.0330,0.1146,-0.0760,-3.9004,1.5783,8.7815,0.0002,0.0000,0.0001,1.0000,-0.0975,0.0394,0.2195
507,Pelvis,0,0.4777,-0.5003,0.5706,0.4427,-0.0844,-0.0050,0.0118,-0.0691,-0.0331,-0.0734,9.6328,-1.3670,0.4465,-0.0011,-0.0001,0.0001,1.0000,0.2408,-0.0341,0.0112
508,Left,0,0.2007,0.0156,-0.9700,-0.1361,0.0153,-0.0109,-0.0011,-0.0013,0.0039,-0.0281,-3.7670,-0.8344,8.9918,0.0002,-0.0001,-0.0000,1.0000,-0.0942,-0.0209,0.2248
508,Right,0,0.1566,-0.1636,-0.8951,-0.3841,0.0159,0.0024,0.0097,0.0240,0.1068,-0.0745,-3.9003,1.5924,8.7804,0.0002,0.0000,0.0001,1.0000,-0.0975,0.0398,0.2195
508,Pelvis,0,0.4776,-0.5007,0.5704,0.4426,-0.0939,-0.0095,0.0194,0.0047,-0.0021,0.0057,9.7004,-1.4582,0.4217,-0.0012,-0.0001,0.0002,1.0000,0.2425,-0.0364,0.0106
509,Left,0,0.2006,0.0155,-0.9700,-0.1362,0.0165,-0.0110,-0.0023,0.0144,-0.0023,-0.0206,-3.7841,-0.8311,8.9930,0.0002,-0.0001,-0.0000,1.0000,-0.0946,-0.0208,0.2248
509,Right,0,0.1566,-0.1637,-0.8950,-0.3842,0.0141,0.0012,0.0085,0.0229,0.0855,-0.0867,-3.9099,1.6060,8.7599,0.0002,0.0000,0.0001,1.0000,-0.0977,0.0401,0.2190
509,Pelvis,0,0.4767,-0.5019,0.5695,0.4434,-0.0876,-0.0164,0.0238,0.0614,0.0357,-0.0082,9.6783,-1.5214,0.3843,-0.0011,-0.0002,0.0003,1.0000,0.2420,-0.0380,0.0097
510,Left,0,0.2002,0.0154,-0.9701,-0.1362,0.0153,-0.0116,-0.0036,0.0061,0.0104,-0.0361,-3.7619,-0.8376,8.9849,0.0002,-0.0001,-0.0000,1.0000,-0.0941,-0.0210,0.2246
510,Right,0,0.1565,-0.1638,-0.8951,-0.3840,0.0122,0.0012,0.0091,0.0430,0.1071,-0.0821,-3.9103,1.5807,8.7697,0.0002,0.0000,0.0001,1.0000,-0.0978,0.0395,0.2193
510,Pelvis,0,0.4764,-0.5026,0.5690,0.4435,-0.0729,-0.0309,0.0228,0.0476,0.0160,-0.0689,9.6198,-1.4998,0.3916,-0.0009,-0.0004,0.0003,1.0000,0.2405,-0.0374,0.0099
511,Left,0,0.2000,0.0153,-0.9702,-0.1362,0.0178,-0.0164,-0.0035,0.0180,0.0064,-0.0414,-3.7683,-0.8344,8.9767,0.0002,-0.0002,-0.0000,1.0000,-0.0943,-0.0209,0.2244
511,Right,0,0.1565,-0.1638,-0.8951,-0.3839,0.0128,-0.0030,0.0098,0.0365,0.0916,-0.0983,-3.9096,1.5937,8.7496,0.0002,-0.0000,0.0001,1.0000,-0.0978,0.0398,0.2187
511,Pelvis,0,0.4770,-0.5028,0.5689,0.4427,-0.0654,-0.0475,0.0250,0.0196,-0.0486,-0.0673,9.6239,-1.4708,0.4403,-0.0008,-0.0006,0.0003,1.0000,0.2406,-0.0367,0.0112
512,Left,0,0.1997,0.0151,-0.9702,-0.1363,0.0184,-0.0158,-0.0029,-0.0137,0.0353,-0.0455,-3.7255,-0.8498,8.9888,0.0002,-0.0002,-0.0000,1.0000,-0.0932,-0.0213,0.2247
512,Right,0,0.1565,-0.1639,-0.8952,-0.3838,0.0122,-0.0012,0.0104,0.0444,0.1023,-0.0693,-3.9186,1.5885,8.7788,0.0002,-0.0000,0.0001,1.0000,-0.0980,0.0397,0.2195
512,Pelvis,0,0.4769,-0.5035,0.5684,0.4426,-0.0520,-0.0456,0.0252,0.0305,-0.0474,0.0039,9.6925,-1.4969,0.4298,-0.0006,-0.0006,0.0003,1.0000,0.2423,-0.0373,0.0109
513,Left,0,0.1996,0.0150,-0.9702,-0.1363,0.0165,-0.0158,-0.0011,-0.0160,0.0155,-0.0563,-3.7220,-0.8267,8.9806,0.0002,-0.0002,-0.0000,1.0000,-0.0931,-0.0207,0.2245
513,Right,0,0.1565,-0.1640,-0.8951,-0.3838,0.0122,0.0006,0.0110,0.0333,0.1024,-0.1037,-3.8986,1.5912,8.7490,0.0002,0.0000,0.0001,1.0000,-0.0975,0.0397,0.2187
513,Pelvis,0,0.4767,-0.5043,0.5680,0.4426,-0.0360,-0.0389,0.0272,0.0584,-0.0245,0.0660,9.7497,-1.5415,0.4009,-0.0005,-0.0005,0.0003,1.0000,0.2438,-0.0384,0.0102
514,Left,2,0.1996,0.0149,-0.9702,-0.1364,0.0147,-0.0134,-0.0017,-0.0038,0.0122,-0.0705,-3.7284,-0.8236,8.9627,0.0002,-0.0002,-0.0000,1.0000,-0.0932,-0.0206,0.2240
514,Right,2,0.1566,-0.1641,-0.8950,-0.3841,0.0147,0.0030,0.0091,0.0306,0.1200,-0.0787,-3.8988,1.5861,8.7779,0.0002,0.0000,0.0001,1.0000,-0.0975,0.0396,0.2195
514,Pelvis,0,0.4765,-0.5049,0.5675,0.4428,-0.0260,-0.0329,0.0324,0.0279,0.0028,0.0769,9.7658,-1.5178,0.3620,-0.0003,-0.0004,0.0004,1.0000,0.2442,-0.0378,0.0092
515,Left,2,0.1995,0.0148,-0.9702,-0.1365,0.0110,-0.0104,-0.0024,-0.0292,0.0154,-0.0383,-3.7160,-0.8204,9.0032,0.0001,-0.0001,-0.0000,1.0000,-0.0929,-0.0205,0.2251
515,Right,2,0.1567,-0.1643,-0.8949,-0.3842,0.0153,0.0067,0.0078,0.0236,0.1056,-0.0948,-3.8994,1.5994,8.7570,0.0002,0.0001,0.0001,1.0000,-0.0975,0.0399,0.2189
515,Pelvis,0,0.4751,-0.5062,0.5665,0.4439,-0.0240,-0.0135,0.0379,-0.0665,-0.0169,0.0826,9.7847,-1.4296,0.3698,-0.0003,-0.0002,0.0005,1.0000,0.2446,-0.0356,0.0093
516,Left,2,0.1995,0.0148,-0.9702,-0.1366,0.0073,-0.0067,-0.0024,-0.0283,0.0165,-0.0690,-3.7042,-0.8188,8.9749,0.0001,-0.0001,-0.0000,1.0000,-0.0926,-0.0205,0.2244
516,Right,2,0.1568,-0.1644,-0.8948,-0.3844,0.0166,0.0097,0.0072,0.0180,0.1255,-0.0826,-3.8912,1.5942,8.7753,0.0002,0.0001,0.0001,1.0000,-0.0973,0.0398,0.2194
516,Pelvis,0,0.4754,-0.5060,0.5672,0.4431,-0.0263,0.0053,0.0422,-0.0912,-0.0414,0.0807,9.7849,-1.4117,0.3893,-0.0003,0.0001,0.0005,1.0000,0.2446,-0.0352,0.0097
517,Left,2,0.1993,0.0148,-0.9703,-0.1366,0.0043,-0.0037,-0.0036,-0.0445,0.0304,-0.0665,-3.6834,-0.8273,8.9855,0.0001,-0.0000,-0.0000,1.0000,-0.0921,-0.0207,0.2246
517,Right,2,0.1569,-0.1646,-0.8947,-0.3844,0.0166,0.0097,0.0072,0.0266,0.1104,-0.0962,-3.9029,1.5982,8.7542,0.0002,0.0001,0.0001,1.0000,-0.0975,0.0399,0.2189
517,Pelvis,0,0.4746,-0.5064,0.5671,0.4434,-0.0271,0.0189,0.0384,-0.0670,-0.0303,0.0537,9.7534,-1.4408,0.3827,-0.0003,0.0002,0.0005,1.0000,0.2439,-0.0359,0.0095
518,Left,2,0.1992,0.0147,-0.9703,-0.1367,0.0024,0.0061,-0.0006,-0.0397,0.0492,-0.0557,-3.6836,-0.8462,8.9955,0.0000,0.0001,-0.0000,1.0000,-0.0921,-0.0212,0.2249
518,Right,2,0.1569,-0.1649,-0.8947,-0.3844,0.0172,0.0121,0.0041,0.0191,0.1198,-0.0914,-3.8953,1.6026,8.7622,0.0002,0.0002,0.0001,1.0000,-0.0974,0.0400,0.2191
518,Pelvis,0,0.4742,-0.5066,0.5672,0.4437,-0.0239,0.0192,0.0285,-0.0591,-0.0408,0.0358,9.7333,-1.4500,0.3978,-0.0003,0.0002,0.0004,1.0000,0.2433,-0.0362,0.0099
519,Left,2,0.1994,0.0148,-0.9702,-0.1366,0.0006,0.0140,-0.0013,-0.0077,0.0279,-0.0417,-3.7249,-0.8364,8.9943,0.0000,0.0002,-0.0000,1.0000,-0.0931,-0.0209,0.2249
519,Right,2,0.1571,-0.1650,-0.8946,-0.3844,0.0160,0.0157,0.0004,0.0405,0.1097,-0.0719,-3.9277,1.5975,8.7702,0.0002,0.0002,0.0000,1.0000,-0.0981,0.0399,0.2193
519,Pelvis,0,0.4736,-0.5068,0.5670,0.4442,-0.0244,0.0233,0.0165,-0.0391,-0.0766,0.0328,9.7258,-1.4681,0.4411,-0.0003,0.0003,0.0002,1.0000,0.2432,-0.0367,0.0110
520,Left,2,0.1995,0.0147,-0.9702,-0.1367,0.0049,0.0098,-0.0007,0.0060,0.0139,-0.0352,-3.7472,-0.8262,8.9930,0.0001,0.0001,-0.0000,1.0000,-0.0937,-0.0207,0.2248
520,Right,2,0.1573,-0.1651,-0.8945,-0.3844,0.0147,0.0103,0.0029,0.0379,0.1219,-0.0773,-3.9209,1.5911,8.7686,0.0002,0.0001,0.0000,1.0000,-0.0980,0.0397,0.2192
520,Pelvis,0,0.4732,-0.5069,0.5670,0.4446,-0.0233,0.0252,0.0134,-0.0460,-0.0340,-0.0228,9.6723,-1.4592,0.4022,-0.0003,0.0003,0.0002,1.0000,0.2418,-0.0364,0.0100
521,Left,2,0.1997,0.0146,-0.9702,-0.1367,0.0055,0.0055,0.0006,-0.0027,0.0253,-0.0380,-3.7391,-0.8348,8.9926,0.0001,0.0001,0.0000,1.0000,-0.0935,-0.0209,0.2248
521,Right,2,0.1575,-0.1652,-0.8945,-0.3845,0.0129,0.0091,0.0042,0.0221,0.1173,-0.0887,-3.9129,1.6037,8.7571,0.0002,0.0001,0.0001,1.0000,-0.0978,0.0401,0.2189
521,Pelvis,0,0.4728,-0.5069,0.5671,0.4449,-0.0319,0.0319,0.0134,-0.1153,0.0536,-0.0443,9.6636,-1.3975,0.3151,-0.0004,0.0004,0.0002,1.0000,0.2416,-0.0349,0.0078
522,Left,2,0.1999,0.0147,-0.9701,-0.1367,0.0049,0.0043,-0.0019,-0.0176,0.0052,-0.0219,-3.7404,-0.8139,9.0115,0.0001,0.0001,-0.0000,1.0000,-0.0935,-0.0204,0.2253
522,Right,2,0.1576,-0.1653,-0.8944,-0.3846,0.0116,0.0054,0.0030,0.0397,0.1230,-0.0875,-3.9245,1.5874,8.7564,0.0001,0.0001,0.0000,1.0000,-0.0981,0.0397,0.2189
522,Pelvis,0,0.4721,-0.5071,0.5670,0.4455,-0.0424,0.0314,0.0095,-0.1040,0.0569,-0.0428,9.6629,-1.4104,0.3207,-0.0005,0.0004,0.0001,1.0000,0.2416,-0.0352,0.0079
523,Left,2,0.1998,0.0148,-0.9702,-0.1366,0.0031,0.0018,-0.0037,0.0039,0.0283,-0.0244,-3.7505,-0.8427,9.0019,0.0000,0.0000,-0.0000,1.0000,-0.0938,-0.0211,0.2250
523,Right,2,0.1576,-0.1653,-0.8944,-0.3845,0.0092,0.0018,0.0030,0.0311,0.1151,-0.0861,-3.9250,1.5998,8.7554,0.0001,0.0000,0.0000,1.0000,-0.0981,0.0400,0.2189
523,Pelvis,0,0.4718,-0.5073,0.5669,0.4458,-0.0446,0.0201,0.0007,0.0041,0.0127,-0.0493,9.6379,-1.5136,0.3791,-0.0006,0.0003,0.0000,1.0000,0.2409,-0.0378,0.0094
524,Right,2,0.1577,-0.1653,-0.8944,-0.3845,0.0067,-0.0006,0.0043,0.0188,0.1117,-0.0759,-3.9248,1.6119,8.7645,0.0001,-0.0000,0.0001,1.0000,-0.0981,0.0403,0.2191
524,Pelvis,0,0.4714,-0.5076,0.5665,0.4463,-0.0342,0.0031,-0.0003,0.1329,-0.0449,-0.0312,9.6341,-1.6366,0.4505,-0.0004,0.0000,-0.0000,1.0000,0.2409,-0.0409,0.0113
525,Left,2,0.1998,0.0147,-0.9702,-0.1366,0.0058,-0.0006,-0.0030,-0.0156,0.0175,-0.0269,-3.7360,-0.8267,9.0068,0.0001,-0.0000,-0.0001,1.0000,-0.1868,-0.0414,0.4503
525,Right,2,0.1578,-0.1653,-0.8944,-0.3845,0.0073,0.0006,0.0030,0.0233,0.1171,-0.0772,-3.9248,1.6040,8.7645,0.0001,0.0000,0.0000,1.0000,-0.0981,0.0401,0.2191
526,Left,2,0.1997,0.0147,-0.9702,-0.1366,0.0067,-0.0006,-0.0024,-0.0181,0.0332,-0.0445,-3.7209,-0.8398,8.9927,0.0001,-0.0000,-0.0000,1.0000,-0.0930,-0.0210,0.2248
526,Right,2,0.1577,-0.1652,-0.8944,-0.3845,0.0055,-0.0031,0.0037,0.0142,0.1260,-0.0724,-3.9147,1.6059,8.7741,0.0001,-0.0000,0.0000,1.0000,-0.0979,0.0401,0.2194
527,Left,2,0.1997,0.0147,-0.9702,-0.1367,0.0049,-0.0000,-0.0043,-0.0189,0.0135,-0.0554,-3.7208,-0.8194,8.9828,0.0001,-0.0000,-0.0001,1.0000,-0.0930,-0.0205,0.2246
527,Right,2,0.1578,-0.1652,-0.8945,-0.3844,0.0030,-0.0030,0.0025,0.0270,0.1209,-0.0786,-3.9238,1.5973,8.7648,0.0000,-0.0000,0.0000,1.0000,-0.0981,0.0399,0.2191
528,Left,2,0.1995,0.0147,-0.9702,-0.1367,0.0049,0.0018,-0.0031,-0.0067,0.0293,-0.0408,-3.7306,-0.8381,8.9928,0.0001,0.0000,-0.0000,1.0000,-0.0933,-0.0210,0.2248
528,Right,2,0.1578,-0.1650,-0.8946,-0.3842,0.0042,-0.0049,0.0037,0.0331,0.1386,-0.0853,-3.9134,1.5786,8.7656,0.0001,-0.0001,0.0000,1.0000,-0.0979,0.0394,0.2191
529,Right,2,0.1578,-0.1650,-0.8945,-0.3844,0.0048,-0.0061,0.0038,0.0230,0.1319,-0.0839,-3.9119,1.5898,8.7656,0.0001,-0.0001,0.0000,1.0000,-0.0978,0.0397,0.2191
530,Right,2,0.1578,-0.1649,-0.8945,-0.3843,0.0036,-0.0073,0.0044,0.0340,0.1138,-0.0846,-3.9298,1.5912,8.7564,0.0000,-0.0001,0.0001,1.0000,-0.0983,0.0398,0.2189
531,Right,2,0.1579,-0.1648,-0.8946,-0.3841,0.0073,-0.0031,0.0049,0.0337,0.1376,-0.0954,-3.9093,1.5729,8.7572,0.0001,-0.0000,0.0001,1.0000,-0.0977,0.0393,0.2189
532,Left,2,0.1996,0.0145,-0.9702,-0.1369,0.0050,0.0026,-0.0029,-0.0128,0.0288,-0.0406,-3.7270,-0.8335,8.9949,0.0003,0.0001,-0.0001,1.0000,-0.3726,-0.0835,0.8995
532,Right,2,0.1578,-0.1649,-0.8946,-0.3842,0.0073,-0.0018,0.0055,0.0270,0.1354,-0.0636,-3.9182,1.5858,8.7862,0.0001,-0.0000,0.0001,1.0000,-0.0980,0.0396,0.2197
532,Pelvis,2,0.4697,-0.5112,0.5636,0.4476,-0.0333,-0.0191,0.0097,0.0561,-0.0076,-0.0024,9.6752,-1.5762,0.3877,-0.0033,-0.0019,0.0010,1.0000,1.9352,-0.3131,0.0823
533,Left,2,0.1995,0.0146,-0.9702,-0.1370,0.0018,0.0073,-0.0037,-0.0216,0.0198,-0.0275,-3.7240,-0.8241,9.0113,0.0000,0.0001,-0.0000,1.0000,-0.0931,-0.0206,0.2253
533,Right,2,0.1578,-0.1648,-0.8947,-0.3840,0.0091,-0.0024,0.0061,0.0148,0.1262,-0.0838,-3.9075,1.5972,8.7663,0.0001,-0.0000,0.0001,1.0000,-0.0977,0.0399,0.2192
533,Pelvis,2,0.4700,-0.5110,0.5637,0.4475,-0.0156,-0.0089,0.0083,0.0574,-0.1289,0.0438,9.7180,-1.5785,0.4887,-0.0002,-0.0001,0.0001,1.0000,0.2430,-0.0394,0.0123
534,Left,2,0.1994,0.0146,-0.9702,-0.1369,0.0030,0.0043,-0.0037,0.0054,0.0432,-0.0389,-3.7347,-0.8536,8.9917,0.0000,0.0001,-0.0000,1.0000,-0.0934,-0.0213,0.2248
534,Right,2,0.1578,-0.1648,-0.8948,-0.3838,0.0104,-0.0007,0.0037,0.0359,0.1271,-0.0913,-3.9171,1.5802,8.7568,0.0001,-0.0000,0.0000,1.0000,-0.0979,0.0395,0.2189
534,Pelvis,2,0.4700,-0.5108,0.5636,0.4478,-0.0354,-0.0050,0.0019,-0.0008,-0.1869,0.0100,9.6931,-1.5062,0.5432,-0.0004,-0.0001,0.0000,1.0000,0.2423,-0.0376,0.0136
535,Left,2,0.1993,0.0146,-0.9702,-0.1369,0.0049,0.0025,-0.0006,-0.0062,0.0263,-0.0445,-3.7258,-0.8333,8.9912,0.0001,0.0000,-0.0000,1.0000,-0.0931,-0.0208,0.2248
535,Right,2,0.1578,-0.1648,-0.8948,-0.3837,0.0092,0.0030,0.0048,0.0264,0.1362,-0.0865,-3.9075,1.5829,8.7661,0.0001,0.0000,0.0001,1.0000,-0.0977,0.0395,0.2192
535,Pelvis,2,0.4697,-0.5112,0.5632,0.4482,-0.0681,0.0094,0.0100,-0.0767,-0.1698,-0.0053,9.6907,-1.4281,0.5190,-0.0009,0.0001,0.0001,1.0000,0.2423,-0.0357,0.0130
536,Left,2,0.1991,0.0146,-0.9703,-0.1369,0.0073,-0.0012,-0.0018,-0.0014,0.0369,-0.0652,-3.7160,-0.8420,8.9720,0.0001,-0.0000,-0.0000,1.0000,-0.0929,-0.0211,0.2243
536,Right,2,0.1579,-0.1648,-0.8949,-0.3834,0.0141,0.0018,0.0061,0.0446,0.1575,-0.0817,-3.9084,1.5570,8.7760,0.0002,0.0000,0.0001,1.0000,-0.0977,0.0389,0.2194
536,Pelvis,2,0.4690,-0.5117,0.5626,0.4490,-0.1055,0.0274,0.0196,-0.0701,-0.0775,0.0243,9.7215,-1.4448,0.4282,-0.0013,0.0003,0.0002,1.0000,0.2430,-0.0360,0.0107
537,Left,2,0.1992,0.0145,-0.9702,-0.1370,0.0031,0.0006,-0.0024,-0.0058,0.0252,-0.0445,-3.7258,-0.8311,8.9914,0.0000,0.0000,-0.0000,1.0000,-0.0931,-0.0208,0.2248
537,Right,2,0.1581,-0.1649,-0.8949,-0.3834,0.0159,0.0042,0.0054,0.0398,0.1401,-0.0851,-3.9184,1.5705,8.7651,0.0002,0.0001,0.0001,1.0000,-0.0980,0.0392,0.2191
537,Pelvis,2,0.4680,-0.5120,0.5623,0.4502,-0.1370,0.0582,0.0131,-0.0360,0.0017,0.1004,9.7932,-1.4935,0.3654,-0.0017,0.0007,0.0002,1.0000,0.2448,-0.0373,0.0090
538,Left,2,0.1993,0.0146,-0.9702,-0.1370,-0.0006,0.0073,-0.0049,-0.0108,0.0338,-0.0256,-3.7267,-0.8406,9.0108,-0.0000,0.0001,-0.0001,1.0000,-0.0931,-0.0210,0.2253
538,Right,2,0.1581,-0.1651,-0.8948,-0.3835,0.0208,0.0054,0.0085,0.0346,0.1377,-0.1067,-3.9094,1.5744,8.7444,0.0003,0.0001,0.0001,1.0000,-0.0977,0.0393,0.2186
538,Pelvis,2,0.4666,-0.5123,0.5619,0.4519,-0.1615,0.0815,-0.0020,-0.0026,-0.0471,0.1014,9.7872,-1.5210,0.4341,-0.0020,0.0010,-0.0000,1.0000,0.2447,-0.0380,0.0107
539,Left,2,0.1992,0.0147,-0.9702,-0.1371,-0.0012,0.0073,-0.0043,0.0048,0.0513,-0.0417,-3.7280,-0.8611,8.9909,-0.0000,0.0001,-0.0001,1.0000,-0.0932,-0.0215,0.2248
539,Right,2,0.1581,-0.1653,-0.8948,-0.3833,0.0202,0.0054,0.0091,0.0206,0.1291,-0.0736,-3.9196,1.6004,8.7717,0.0003,0.0001,0.0001,1.0000,-0.0980,0.0399,0.2193
539,Pelvis,2,0.4652,-0.5129,0.5609,0.4537,-0.1789,0.0856,-0.0109,0.0525,-0.0917,0.0246,9.7019,-1.5544,0.4910,-0.0022,0.0011,-0.0001,1.0000,0.2426,-0.0389,0.0121
540,Left,2,0.1993,0.0147,-0.9702,-0.1370,0.0018,0.0055,-0.0025,0.0018,0.0408,-0.0426,-3.7294,-0.8516,8.9901,0.0000,0.0001,-0.0000,1.0000,-0.0932,-0.0213,0.2248
540,Right,2,0.1581,-0.1655,-0.8948,-0.3833,0.0208,0.0066,0.0078,0.0431,0.1558,-0.0918,-3.9116,1.5661,8.7618,0.0003,0.0001,0.0001,1.0000,-0.0978,0.0391,0.2191
540,Pelvis,2,0.4637,-0.5134,0.5602,0.4556,-0.1923,0.0867,-0.0085,0.0331,-0.0775,-0.0205,9.6608,-1.5234,0.4912,-0.0024,0.0011,-0.0001,1.0000,0.2415,-0.0381,0.0121
541,Left,2,0.1993,0.0147,-0.9702,-0.1370,0.0055,0.0061,-0.0025,0.0187,0.0243,-0.0362,-3.7502,-0.8414,8.9894,0.0001,0.0001,-0.0000,1.0000,-0.0937,-0.0210,0.2247
541,Right,2,0.1581,-0.1657,-0.8949,-0.3831,0.0208,0.0078,0.0066,0.0011,0.1468,-0.0640,-3.9023,1.6112,8.7883,0.0003,0.0001,0.0001,1.0000,-0.0975,0.0402,0.2197
541,Pelvis,2,0.4621,-0.5140,0.5594,0.4576,-0.2119,0.0835,-0.0067,0.0702,-0.0621,-0.0463,9.6300,-1.5523,0.4935,-0.0026,0.0010,-0.0001,1.0000,0.2408,-0.0388,0.0122
542,Left,2,0.1994,0.0148,-0.9702,-0.1370,0.0061,0.0049,-0.0043,0.0067,0.0344,-0.0299,-3.7416,-0.8499,8.9990,0.0001,0.0001,-0.0001,1.0000,-0.0935,-0.0213,0.2250
542,Right,2,0.1581,-0.1658,-0.8947,-0.3834,0.0190,0.0029,0.0061,0.0185,0.1304,-0.0965,-3.9132,1.6053,8.7482,0.0002,0.0000,0.0001,1.0000,-0.0978,0.0401,0.2187
542,Pelvis,2,0.4606,-0.5148,0.5582,0.4596,-0.2188,0.0697,-0.0115,0.1129,-0.0428,-0.0325,9.6383,-1.5906,0.4889,-0.0027,0.0009,-0.0001,1.0000,0.2410,-0.0398,0.0121
543,Left,2,0.1994,0.0148,-0.9702,-0.1370,0.0061,0.0073,-0.0031,-0.0070,0.0260,-0.0256,-3.7333,-0.8389,9.0082,0.0001,0.0001,-0.0000,1.0000,-0.0933,-0.0210,0.2252
543,Right,2,0.1581,-0.1660,-0.8946,-0.3835,0.0166,0.0079,0.0072,0.0332,0.1472,-0.0687,-3.9243,1.5915,8.7769,0.0002,0.0001,0.0001,1.0000,-0.0981,0.0397,0.2194
543,Pelvis,2,0.4592,-0.5158,0.5568,0.4617,-0.2217,0.0618,-0.0234,0.1518,-0.0147,-0.0105,9.6562,-1.6255,0.4708,-0.0028,0.0008,-0.0003,1.0000,0.2414,-0.0407,0.0117
544,Left,2,0.1994,0.0148,-0.9702,-0.1369,0.0073,0.0073,-0.0043,0.0125,0.0091,-0.0281,-3.7544,-0.8283,8.9976,0.0001,0.0001,-0.0001,1.0000,-0.0938,-0.0207,0.2249
544,Right,2,0.1582,-0.1660,-0.8947,-0.3832,0.0159,0.0048,0.0066,0.0262,0.1314,-0.0849,-3.9252,1.6049,8.7558,0.0002,0.0001,0.0001,1.0000,-0.0981,0.0401,0.2189
544,Pelvis,2,0.4577,-0.5167,0.5553,0.4638,-0.2330,0.0530,-0.0315,0.1601,-0.0238,-0.0189,9.6476,-1.6228,0.4858,-0.0029,0.0007,-0.0004,1.0000,0.2412,-0.0406,0.0121
545,Left,2,0.1994,0.0148,-0.9702,-0.1369,0.0085,0.0043,-0.0049,0.0097,0.0291,-0.0299,-3.7457,-0.8464,8.9976,0.0001,0.0001,-0.0001,1.0000,-0.0936,-0.0212,0.2249
545,Right,2,0.1583,-0.1661,-0.8948,-0.3829,0.0171,0.0043,0.0103,0.0215,0.1336,-0.0761,-3.9259,1.6097,8.7644,0.0002,0.0001,0.0001,1.0000,-0.0981,0.0402,0.2191
545,Pelvis,2,0.4564,-0.5179,0.5534,0.4661,-0.2507,0.0339,-0.0290,0.1034,-0.0753,-0.0535,9.6218,-1.5461,0.5370,-0.0031,0.0004,-0.0004,1.0000,0.2405,-0.0387,0.0134
546,Left,2,0.1993,0.0148,-0.9702,-0.1370,0.0110,-0.0061,-0.0042,0.0166,0.0282,-0.0479,-3.7453,-0.8449,8.9784,0.0001,-0.0001,-0.0001,1.0000,-0.0937,-0.0211,0.2244
546,Right,2,0.1583,-0.1663,-0.8948,-0.3829,0.0196,0.0024,0.0122,0.0193,0.1618,-0.0780,-3.9071,1.5952,8.7739,0.0002,0.0000,0.0002,1.0000,-0.0977,0.0398,0.2194
546,Pelvis,2,0.4549,-0.5196,0.5513,0.4682,-0.2886,0.0007,-0.0097,0.0290,-0.1487,-0.1579,9.5283,-1.4459,0.5999,-0.0036,0.0000,-0.0001,1.0000,0.2382,-0.0361,0.0151
547,Left,2,0.1990,0.0148,-0.9703,-0.1369,0.0178,-0.0189,-0.0028,0.0312,0.0416,-0.0423,-3.7520,-0.8616,8.9801,0.0002,-0.0002,-0.0000,1.0000,-0.0939,-0.0216,0.2245
547,Right,2,0.1583,-0.1664,-0.8949,-0.3827,0.0208,0.0025,0.0146,0.0311,0.1601,-0.0753,-3.9171,1.5914,8.7731,0.0003,0.0000,0.0002,1.0000,-0.0979,0.0397,0.2193
547,Pelvis,2,0.4532,-0.5219,0.5488,0.4702,-0.3390,-0.0335,0.0044,0.0463,-0.1419,-0.1469,9.5383,-1.4595,0.5826,-0.0042,-0.0004,0.0001,1.0000,0.2385,-0.0364,0.0148
548,Left,2,0.1986,0.0146,-0.9704,-0.1370,0.0221,-0.0256,-0.0040,0.0252,0.0093,-0.0235,-3.7570,-0.8279,9.0016,0.0003,-0.0003,-0.0000,1.0000,-0.0940,-0.0208,0.2250
548,Right,2,0.1583,-0.1666,-0.8949,-0.3825,0.0232,0.0049,0.0164,0.0211,0.1522,-0.0739,-3.9170,1.6075,8.7715,0.0003,0.0001,0.0002,1.0000,-0.0979,0.0401,0.2193
548,Pelvis,2,0.4511,-0.5246,0.5458,0.4727,-0.3740,-0.0268,0.0036,0.1463,-0.0984,0.0020,9.6742,-1.5787,0.5258,-0.0047,-0.0003,0.0000,1.0000,0.2419,-0.0394,0.0134
549,Left,2,0.1982,0.0145,-0.9704,-0.1370,0.0245,-0.0262,-0.0052,-0.0024,0.0243,-0.0246,-3.7218,-0.8324,9.0146,0.0003,-0.0003,-0.0001,1.0000,-0.0931,-0.0209,0.2253
549,Right,2,0.1583,-0.1668,-0.8949,-0.3823,0.0269,0.0079,0.0151,0.0208,0.1468,-0.0827,-3.9178,1.6142,8.7601,0.0003,0.0001,0.0002,1.0000,-0.0979,0.0403,0.2190
549,Pelvis,2,0.4490,-0.5271,0.5432,0.4749,-0.3652,-0.0081,-0.0020,0.3063,-0.0841,0.0848,9.7341,-1.7501,0.4958,-0.0046,-0.0001,-0.0000,1.0000,0.2434,-0.0437,0.0126
550,Left,2,0.1978,0.0143,-0.9705,-0.1371,0.0301,-0.0359,-0.0033,0.0134,0.0141,-0.0705,-3.7146,-0.8178,8.9690,0.0004,-0.0004,-0.0000,1.0000,-0.0930,-0.0205,0.2242
550,Right,2,0.1583,-0.1672,-0.8948,-0.3824,0.0300,0.0091,0.0157,0.0135,0.1484,-0.0955,-3.9092,1.6213,8.7484,0.0004,0.0001,0.0002,1.0000,-0.0977,0.0404,0.2187
550,Pelvis,2,0.4469,-0.5290,0.5412,0.4770,-0.3195,0.0356,-0.0030,0.3361,0.0761,0.1307,9.7823,-1.7863,0.3263,-0.0040,0.0004,-0.0000,1.0000,0.2446,-0.0446,0.0082
551,Left,2,0.1973,0.0142,-0.9706,-0.1370,0.0196,-0.0219,-0.0028,-0.0658,-0.0010,-0.0415,-3.6499,-0.7816,9.0304,0.0002,-0.0003,-0.0000,1.0000,-0.0913,-0.0196,0.2257
551,Right,2,0.1583,-0.1674,-0.8950,-0.3820,0.0263,0.0067,0.0158,0.0441,0.1439,-0.0772,-3.9401,1.6106,8.7569,0.0003,0.0001,0.0002,1.0000,-0.0985,0.0402,0.2189
551,Pelvis,2,0.4449,-0.5301,0.5401,0.4790,-0.2397,0.0852,0.0071,0.4795,0.3410,0.2424,9.8832,-1.9411,0.0660,-0.0030,0.0011,0.0001,1.0000,0.2471,-0.0485,0.0015
552,Left,2,0.1975,0.0143,-0.9706,-0.1371,0.0000,0.0011,-0.0092,-0.0389,-0.0521,-0.0179,-3.6966,-0.7411,9.0404,0.0000,0.0000,-0.0001,1.0000,-0.0924,-0.0185,0.2260
552,Right,2,0.1583,-0.1676,-0.8949,-0.3820,0.0263,0.0049,0.0176,0.0018,0.1223,-0.0976,-3.9202,1.6558,8.7343,0.0003,0.0001,0.0002,1.0000,-0.0980,0.0413,0.2184
552,Pelvis,2,0.4431,-0.5301,0.5399,0.4807,-0.1464,0.1396,-0.0029,0.6612,0.5349,0.1592,9.7837,-2.1037,-0.1175,-0.0018,0.0017,-0.0000,1.0000,0.2446,-0.0526,-0.0033
553,Left,2,0.1976,0.0144,-0.9705,-0.1373,-0.0104,0.0139,-0.0117,-0.0225,0.0164,-0.0329,-3.6877,-0.8119,9.0215,-0.0001,0.0002,-0.0001,1.0000,-0.0922,-0.0203,0.2256
553,Right,2,0.1583,-0.1678,-0.8949,-0.3819,0.0189,0.0006,0.0128,0.0008,0.1341,-0.1029,-3.9106,1.6522,8.7335,0.0002,0.0000,0.0002,1.0000,-0.0978,0.0412,0.2183
553,Pelvis,2,0.4422,-0.5294,0.5403,0.4819,-0.0243,0.1275,-0.0201,0.7903,0.4244,-0.0569,9.5471,-2.1981,0.0073,-0.0003,0.0016,-0.0003,1.0000,0.2387,-0.0550,-0.0002
554,Left,2,0.1978,0.0146,-0.9705,-0.1374,-0.0098,0.0151,-0.0099,-0.0038,0.0223,-0.0463,-3.7003,-0.8254,9.0005,-0.0001,0.0002,-0.0001,1.0000,-0.0925,-0.0206,0.2250
554,Right,2,0.1583,-0.1679,-0.8949,-0.3820,0.0159,0.0018,0.0104,0.0049,0.1724,-0.0973,-3.8917,1.6281,8.7534,0.0002,0.0000,0.0001,1.0000,-0.0973,0.0406,0.2188
554,Pelvis,2,0.4423,-0.5281,0.5413,0.4822,0.0997,0.0926,-0.0160,0.7521,0.2050,-0.1675,9.4328,-2.1440,0.2506,0.0012,0.0012,-0.0002,1.0000,0.2358,-0.0537,0.0059
555,Left,2,0.1980,0.0147,-0.9704,-0.1373,-0.0025,0.0085,-0.0062,-0.0065,0.0443,-0.0787,-3.6830,-0.8475,8.9705,-0.0000,0.0001,-0.0001,1.0000,-0.0921,-0.0212,0.2243
555,Right,2,0.1583,-0.1681,-0.8949,-0.3820,0.0172,0.0092,0.0133,-0.0307,0.1608,-0.1102,-3.8721,1.6613,8.7414,0.0002,0.0001,0.0002,1.0000,-0.0968,0.0415,0.2186
555,Pelvis,2,0.4431,-0.5266,0.5428,0.4813,0.2025,0.0378,0.0104,0.6238,-0.0685,-0.2164,9.3878,-2.0129,0.5483,0.0025,0.0005,0.0001,1.0000,0.2347,-0.0503,0.0135
556,Left,2,0.1980,0.0146,-0.9704,-0.1374,0.0116,0.0007,0.0031,-0.0006,0.0606,-0.0551,-3.6937,-0.8658,8.9900,0.0001,0.0000,0.0000,1.0000,-0.0923,-0.0217,0.2247
556,Right,2,0.1585,-0.1681,-0.8949,-0.3819,0.0117,0.0092,0.0078,-0.0119,0.1421,-0.0765,-3.9128,1.6673,8.7592,0.0001,0.0001,0.0001,1.0000,-0.0978,0.0416,0.2190
556,Pelvis,2,0.4447,-0.5251,0.5446,0.4795,0.2664,-0.0290,0.0340,0.3925,-0.1542,-0.2431,9.3890,-1.7826,0.6508,0.0033,-0.0004,0.0004,1.0000,0.2347,-0.0445,0.0162
557,Left,2,0.1979,0.0144,-0.9705,-0.1373,0.0159,-0.0066,0.0080,-0.0064,0.0289,-0.0363,-3.7032,-0.8326,9.0095,0.0002,-0.0001,0.0001,1.0000,-0.0926,-0.0209,0.2252
557,Right,2,0.1586,-0.1681,-0.8949,-0.3818,0.0024,0.0007,0.0043,0.0038,0.1458,-0.0967,-3.9141,1.6491,8.7397,0.0000,0.0000,0.0001,1.0000,-0.0979,0.0412,0.2185
557,Pelvis,2,0.4466,-0.5237,0.5464,0.4772,0.2931,-0.0628,0.0432,0.2206,0.0079,-0.1196,9.5440,-1.6331,0.5002,0.0037,-0.0008,0.0005,1.0000,0.2386,-0.0407,0.0125
558,Left,2,0.1979,0.0143,-0.9705,-0.1372,0.0134,-0.0023,0.0031,-0.0162,0.0091,-0.0292,-3.7026,-0.8091,9.0196,0.0002,-0.0000,0.0000,1.0000,-0.0926,-0.0203,0.2255
558,Right,2,0.1588,-0.1679,-0.8949,-0.3818,-0.0006,0.0043,-0.0001,0.0161,0.1624,-0.0688,-3.9249,1.6314,8.7695,-0.0000,0.0001,-0.0000,1.0000,-0.0981,0.0408,0.2192
558,Pelvis,2,0.4486,-0.5222,0.5482,0.4748,0.3088,-0.0699,0.0397,0.1922,0.3041,0.1106,9.7905,-1.6441,0.2134,0.0039,-0.0009,0.0005,1.0000,0.2448,-0.0410,0.0054
559,Left,2,0.1978,0.0144,-0.9705,-0.1371,0.0030,0.0079,-0.0001,-0.0054,0.0045,-0.0255,-3.7130,-0.8072,9.0195,0.0000,0.0001,-0.0000,1.0000,-0.0928,-0.0202,0.2255
559,Right,2,0.1588,-0.1679,-0.8950,-0.3816,0.0043,0.0030,0.0012,0.0475,0.1491,-0.0897,-3.9456,1.6117,8.7405,0.0001,0.0000,0.0000,1.0000,-0.0986,0.0403,0.2185
559,Pelvis,2,0.4507,-0.5204,0.5502,0.4726,0.3235,-0.0472,0.0226,0.1514,0.3864,0.2439,9.9315,-1.6292,0.1372,0.0040,-0.0006,0.0003,1.0000,0.2483,-0.0407,0.0034
560,Left,2,0.1980,0.0145,-0.9705,-0.1371,-0.0031,0.0116,-0.0026,-0.0192,0.0084,-0.0419,-3.6956,-0.8073,9.0089,-0.0000,0.0001,-0.0000,1.0000,-0.0924,-0.0202,0.2252
560,Right,2,0.1589,-0.1678,-0.8950,-0.3816,0.0043,0.0006,0.0043,0.0430,0.1517,-0.0808,-3.9459,1.6133,8.7499,0.0001,0.0000,0.0001,1.0000,-0.0986,0.0403,0.2188
560,Pelvis,2,0.4528,-0.5184,0.5522,0.4705,0.3333,-0.0322,0.0094,0.0716,0.1891,0.0450,9.7364,-1.5199,0.3270,0.0042,-0.0004,0.0001,1.0000,0.2434,-0.0380,0.0081
561,Left,2,0.1981,0.0147,-0.9704,-0.1370,-0.0056,0.0152,-0.0038,-0.0285,0.0397,-0.0464,-3.6787,-0.8377,9.0082,-0.0001,0.0002,-0.0000,1.0000,-0.0919,-0.0209,0.2252
561,Right,2,0.1590,-0.1677,-0.8951,-0.3813,0.0061,-0.0018,0.0031,0.0199,0.1725,-0.0841,-3.9164,1.6145,8.7596,0.0001,-0.0000,0.0000,1.0000,-0.0979,0.0403,0.2190
561,Pelvis,2,0.4549,-0.5162,0.5542,0.4685,0.3305,-0.0237,0.0014,0.0041,0.0422,-0.0882,9.6076,-1.4282,0.4715,0.0041,-0.0003,0.0000,1.0000,0.2402,-0.0357,0.0117
562,Left,2,0.1983,0.0148,-0.9704,-0.1370,-0.0080,0.0207,-0.0033,-0.0032,0.0335,-0.0570,-3.7021,-0.8402,8.9868,-0.0001,0.0003,-0.0000,1.0000,-0.0925,-0.0210,0.2247
562,Right,2,0.1590,-0.1676,-0.8952,-0.3812,0.0074,0.0024,0.0018,0.0044,0.1709,-0.0868,-3.9063,1.6257,8.7590,0.0001,0.0000,0.0000,1.0000,-0.0977,0.0406,0.2190
562,Pelvis,2,0.4569,-0.5140,0.5561,0.4666,0.3130,-0.0128,-0.0071,-0.0484,-0.0216,0.0102,9.7099,-1.3832,0.5462,0.0039,-0.0002,-0.0001,1.0000,0.2427,-0.0347,0.0136
563,Left,2,0.1986,0.0149,-0.9704,-0.1370,-0.0050,0.0177,-0.0026,-0.0091,0.0233,-0.0490,-3.7065,-0.8319,8.9945,-0.0001,0.0002,-0.0000,1.0000,-0.0926,-0.0208,0.2249
563,Right,2,0.1591,-0.1676,-0.8952,-0.3810,0.0037,0.0012,-0.0000,0.0085,0.1631,-0.0828,-3.9164,1.6272,8.7585,0.0000,0.0000,-0.0000,1.0000,-0.0979,0.0407,0.2190
563,Pelvis,2,0.4587,-0.5120,0.5578,0.4650,0.2792,-0.0108,-0.0108,-0.0904,0.0443,0.0259,9.7353,-1.3398,0.4873,0.0035,-0.0001,-0.0001,1.0000,0.2434,-0.0336,0.0121
564,Left,2,0.1987,0.0150,-0.9703,-0.1369,-0.0013,0.0177,0.0004,0.0088,0.0167,-0.0416,-3.7300,-0.8329,8.9927,-0.0000,0.0002,0.0000,1.0000,-0.0932,-0.0208,0.2248
564,Right,2,0.1592,-0.1674,-0.8953,-0.3809,0.0031,0.0017,-0.0037,0.0054,0.1487,-0.0774,-3.9263,1.6378,8.7578,0.0000,0.0000,-0.0000,1.0000,-0.0982,0.0409,0.2189
564,Pelvis,2,0.4604,-0.5103,0.5591,0.4637,0.2386,-0.0161,-0.0159,-0.0669,0.0447,-0.0699,9.6378,-1.3425,0.4882,0.0030,-0.0002,-0.0002,1.0000,0.2409,-0.0336,0.0122
565,Left,2,0.1990,0.0149,-0.9703,-0.1369,-0.0013,0.0214,0.0028,-0.0172,0.0314,-0.0210,-3.7150,-0.8421,9.0204,-0.0000,0.0003,0.0000,1.0000,-0.0928,-0.0211,0.2255
565,Right,2,0.1594,-0.1673,-0.8954,-0.3806,-0.0006,0.0024,-0.0013,0.0309,0.1602,-0.0772,-3.9374,1.6088,8.7587,-0.0000,0.0000,-0.0000,1.0000,-0.0984,0.0402,0.2190
565,Pelvis,2,0.4619,-0.5089,0.5601,0.4624,0.2011,-0.0316,-0.0235,0.0103,0.0225,-0.0951,9.6015,-1.4063,0.5142,0.0025,-0.0004,-0.0003,1.0000,0.2400,-0.0353,0.0129
566,Left,2,0.1992,0.0150,-0.9702,-0.1369,-0.0001,0.0195,-0.0020,0.0267,0.0314,-0.0450,-3.7486,-0.8530,8.9795,-0.0000,0.0002,-0.0000,1.0000,-0.0937,-0.0213,0.2245
566,Right,2,0.1595,-0.1671,-0.8954,-0.3805,-0.0012,-0.0012,-0.0006,0.0248,0.1444,-0.0935,-3.9373,1.6175,8.7388,-0.0000,-0.0000,-0.0000,1.0000,-0.0984,0.0404,0.2185
566,Pelvis,2,0.4635,-0.5078,0.5607,0.4614,0.1629,-0.0484,-0.0316,0.0655,-0.0008,-0.1038,9.5854,-1.4489,0.5365,0.0020,-0.0006,-0.0004,1.0000,0.2396,-0.0363,0.0135
567,Left,2,0.1993,0.0150,-0.9702,-0.1369,0.0036,0.0134,-0.0007,0.0043,0.0266,-0.0443,-3.7329,-0.8426,8.9876,0.0000,0.0002,-0.0000,1.0000,-0.0933,-0.0211,0.2247
567,Right,2,0.1595,-0.1669,-0.8956,-0.3803,-0.0025,-0.0049,-0.0005,0.0220,0.1761,-0.0865,-3.9177,1.5978,8.7596,-0.0000,-0.0001,-0.0000,1.0000,-0.0980,0.0400,0.2190
567,Pelvis,2,0.4649,-0.5071,0.5610,0.4604,0.1286,-0.0636,-0.0337,0.0746,-0.0069,-0.1613,9.5289,-1.4395,0.5322,0.0016,-0.0008,-0.0004,1.0000,0.2382,-0.0361,0.0134
568,Left,2,0.1992,0.0150,-0.9702,-0.1368,0.0097,0.0049,-0.0012,0.0149,0.0215,-0.0406,-3.7447,-0.8413,8.9869,0.0001,0.0001,-0.0000,1.0000,-0.0936,-0.0211,0.2247
568,Right,2,0.1594,-0.1668,-0.8956,-0.3804,0.0018,-0.0054,0.0038,0.0278,0.1681,-0.0824,-3.9262,1.5981,8.7600,0.0000,-0.0001,0.0000,1.0000,-0.0982,0.0399,0.2190
568,Pelvis,2,0.4663,-0.5066,0.5611,0.4595,0.0989,-0.0805,-0.0268,0.0769,0.0086,-0.1229,9.5692,-1.4394,0.5058,0.0012,-0.0010,-0.0003,1.0000,0.2392,-0.0361,0.0128
569,Left,2,0.1990,0.0149,-0.9703,-0.1368,0.0104,-0.0024,-0.0006,-0.0041,0.0261,-0.0390,-3.7255,-0.8387,8.9969,0.0001,-0.0000,-0.0000,1.0000,-0.0931,-0.0210,0.2249
569,Right,2,0.1595,-0.1667,-0.8958,-0.3799,0.0048,-0.0036,0.0056,0.0173,0.1641,-0.0723,-3.9248,1.6095,8.7697,0.0001,-0.0000,0.0001,1.0000,-0.0981,0.0402,0.2192
569,Pelvis,2,0.4675,-0.5064,0.5611,0.4585,0.0823,-0.0855,-0.0117,0.1031,0.0230,0.0288,9.7177,-1.4821,0.4841,0.0010,-0.0011,-0.0001,1.0000,0.2429,-0.0371,0.0123
570,Left,2,0.1990,0.0147,-0.9703,-0.1369,0.0110,-0.0054,0.0013,-0.0201,0.0220,-0.0563,-3.7051,-0.8265,8.9876,0.0001,-0.0001,0.0000,1.0000,-0.0926,-0.0207,0.2247
570,Right,2,0.1595,-0.1667,-0.8957,-0.3800,0.0067,-0.0024,0.0056,0.0128,0.1618,-0.0939,-3.9141,1.6102,8.7503,0.0001,-0.0000,0.0001,1.0000,-0.0979,0.0402,0.2188
570,Pelvis,2,0.4684,-0.5062,0.5612,0.4575,0.0788,-0.0736,-0.0044,0.1612,0.0750,0.1217,9.8045,-1.5538,0.4252,0.0010,-0.0009,-0.0001,1.0000,0.2451,-0.0389,0.0108
571,Left,2,0.1990,0.0147,-0.9703,-0.1368,0.0073,0.0025,0.0012,-0.0237,0.0115,-0.0573,-3.7049,-0.8146,8.9877,0.0001,0.0000,0.0000,1.0000,-0.0926,-0.0204,0.2247
571,Right,2,0.1595,-0.1668,-0.8956,-0.3803,0.0079,0.0012,0.0049,0.0092,0.1768,-0.0904,-3.9043,1.6027,8.7602,0.0001,0.0000,0.0001,1.0000,-0.0976,0.0400,0.2190
571,Pelvis,2,0.4693,-0.5058,0.5615,0.4567,0.0892,-0.0529,-0.0032,0.1941,0.1110,0.1231,9.8032,-1.5883,0.3805,0.0011,-0.0007,-0.0000,1.0000,0.2451,-0.0397,0.0096
572,Left,2,0.1992,0.0148,-0.9703,-0.1368,-0.0000,0.0067,0.0005,-0.0092,0.0144,-0.0400,-3.7254,-0.8234,8.9972,-0.0000,0.0001,0.0000,1.0000,-0.0931,-0.0206,0.2249
572,Right,2,0.1595,-0.1668,-0.8955,-0.3806,0.0080,0.0048,0.0017,0.0107,0.1727,-0.0775,-3.9146,1.6054,8.7694,0.0001,0.0001,0.0000,1.0000,-0.0979,0.0401,0.2192
572,Pelvis,2,0.4702,-0.5052,0.5620,0.4558,0.1033,-0.0303,-0.0028,0.1823,0.0771,0.1052,9.7864,-1.5699,0.4063,0.0013,-0.0004,-0.0000,1.0000,0.2447,-0.0393,0.0102
573,Left,2,0.1994,0.0150,-0.9702,-0.1366,-0.0019,0.0134,-0.0001,-0.0185,0.0260,-0.0643,-3.7079,-0.8336,8.9771,-0.0000,0.0002,-0.0000,1.0000,-0.0927,-0.0208,0.2244
573,Right,2,0.1597,-0.1668,-0.8953,-0.3809,0.0074,0.0054,0.0017,0.0122,0.1591,-0.1039,-3.9156,1.6061,8.7393,0.0001,0.0001,0.0000,1.0000,-0.0979,0.0401,0.2185
573,Pelvis,2,0.4711,-0.5045,0.5627,0.4549,0.1209,-0.0241,-0.0038,0.1990,0.0219,0.0446,9.7224,-1.5724,0.4578,0.0015,-0.0003,-0.0000,1.0000,0.2431,-0.0393,0.0115
574,Left,2,0.1996,0.0150,-0.9702,-0.1366,-0.0031,0.0153,0.0010,-0.0027,0.0297,-0.0470,-3.7307,-0.8439,8.9855,-0.0000,0.0002,0.0000,1.0000,-0.0932,-0.0211,0.2247
574,Right,2,0.1597,-0.1668,-0.8952,-0.3811,0.0049,0.0048,0.0005,0.0207,0.1655,-0.0835,-3.9268,1.5989,8.7584,0.0001,0.0001,0.0000,1.0000,-0.0982,0.0400,0.2190
574,Pelvis,2,0.4721,-0.5036,0.5634,0.4540,0.1337,-0.0221,-0.0060,0.1953,-0.0270,-0.0199,9.6577,-1.5538,0.5028,0.0017,-0.0003,-0.0001,1.0000,0.2414,-0.0389,0.0126
575,Left,2,0.1997,0.0151,-0.9702,-0.1365,-0.0001,0.0159,0.0017,-0.0139,0.0307,-0.0417,-3.7245,-0.8438,8.9939,-0.0000,0.0002,0.0000,1.0000,-0.0931,-0.0211,0.2249
575,Right,2,0.1598,-0.1667,-0.8953,-0.3809,0.0050,0.0048,-0.0007,0.0179,0.1801,-0.0799,-3.9183,1.5903,8.7679,0.0001,0.0001,-0.0000,1.0000,-0.0979,0.0397,0.2192
575,Pelvis,2,0.4731,-0.5027,0.5642,0.4530,0.1349,-0.0209,-0.0060,0.1437,-0.0155,-0.0291,9.6567,-1.5005,0.4871,0.0017,-0.0003,-0.0001,1.0000,0.2414,-0.0376,0.0122
576,Left,2,0.2000,0.0152,-0.9701,-0.1364,-0.0013,0.0171,0.0016,0.0022,0.0238,-0.0343,-3.7478,-0.8440,8.9921,-0.0000,0.0002,0.0000,1.0000,-0.0936,-0.0211,0.2248
576,Right,2,0.1599,-0.1667,-0.8952,-0.3812,0.0074,0.0054,0.0011,0.0248,0.1937,-0.0952,-3.9102,1.5715,8.7583,0.0001,0.0001,0.0000,1.0000,-0.0977,0.0393,0.2190
576,Pelvis,2,0.4739,-0.5018,0.5650,0.4521,0.1227,-0.0198,-0.0049,0.0771,-0.0276,0.0218,9.7163,-1.4395,0.4964,0.0015,-0.0002,-0.0001,1.0000,0.2429,-0.0360,0.0124
577,Left,2,0.2002,0.0152,-0.9701,-0.1364,-0.0019,0.0177,0.0004,0.0037,0.0417,-0.0234,-3.7516,-0.8636,9.0007,-0.0000,0.0002,0.0000,1.0000,-0.0937,-0.0216,0.2250
577,Right,2,0.1600,-0.1667,-0.8952,-0.3811,0.0080,0.0030,0.0024,0.0242,0.1806,-0.0682,-3.9304,1.5845,8.7766,0.0001,0.0000,0.0000,1.0000,-0.0983,0.0396,0.2194
577,Pelvis,2,0.4746,-0.5012,0.5655,0.4514,0.0994,-0.0198,-0.0064,0.0801,-0.0552,0.0258,9.7190,-1.4388,0.5247,0.0012,-0.0002,-0.0001,1.0000,0.2430,-0.0360,0.0131
578,Left,2,0.2003,0.0153,-0.9701,-0.1363,0.0006,0.0146,-0.0020,0.0125,0.0157,-0.0090,-3.7750,-0.8443,9.0083,0.0000,0.0002,-0.0000,1.0000,-0.0943,-0.0211,0.2252
578,Right,2,0.1600,-0.1667,-0.8951,-0.3813,0.0055,0.0012,0.0024,0.0154,0.1724,-0.0670,-3.9305,1.5959,8.7757,0.0001,0.0000,0.0000,1.0000,-0.0983,0.0399,0.2194
578,Pelvis,2,0.4753,-0.5007,0.5658,0.4508,0.0735,-0.0251,-0.0135,0.0894,-0.1229,-0.0444,9.6464,-1.4299,0.5875,0.0009,-0.0003,-0.0002,1.0000,0.2411,-0.0358,0.0147
579,Right,2,0.1599,-0.1667,-0.8952,-0.3812,0.0061,-0.0006,0.0037,0.0167,0.1673,-0.0757,-3.9304,1.5971,8.7657,0.0001,-0.0000,0.0000,1.0000,-0.0983,0.0399,0.2191
579,Pelvis,2,0.4759,-0.5004,0.5659,0.4503,0.0428,-0.0305,-0.0174,0.0734,-0.1125,-0.0976,9.5971,-1.4049,0.5686,0.0005,-0.0004,-0.0002,1.0000,0.2399,-0.0352,0.0143
580,Left,2,0.2003,0.0152,-0.9701,-0.1364,0.0049,0.0061,-0.0013,0.0078,0.0256,-0.0383,-3.7582,-0.8485,8.9830,0.0001,0.0002,-0.0000,1.0000,-0.1878,-0.0425,0.4492
580,Right,2,0.1599,-0.1666,-0.8952,-0.3811,0.0073,-0.0036,0.0056,0.0227,0.1846,-0.0822,-3.9205,1.5793,8.7665,0.0001,-0.0000,0.0001,1.0000,-0.0980,0.0395,0.2192
580,Pelvis,2,0.4764,-0.5004,0.5659,0.4499,0.0160,-0.0337,-0.0140,0.0821,-0.0784,-0.0796,9.6153,-1.4181,0.5300,0.0002,-0.0004,-0.0002,1.0000,0.2404,-0.0355,0.0133
581,Left,2,0.2003,0.0152,-0.9701,-0.1364,0.0092,0.0000,-0.0024,-0.0080,0.0303,-0.0190,-3.7500,-0.8509,9.0072,0.0001,0.0000,-0.0000,1.0000,-0.0937,-0.0213,0.2252
581,Right,2,0.1599,-0.1666,-0.8953,-0.3810,0.0091,-0.0024,0.0074,0.0177,0.1739,-0.0681,-3.9291,1.5921,8.7758,0.0001,-0.0000,0.0001,1.0000,-0.0982,0.0398,0.2194
581,Pelvis,2,0.4767,-0.5005,0.5657,0.4496,-0.0022,-0.0357,-0.0109,0.1368,0.0001,-0.0002,9.6894,-1.4887,0.4521,-0.0000,-0.0004,-0.0001,1.0000,0.2422,-0.0372,0.0114
582,Left,2,0.2002,0.0152,-0.9701,-0.1364,0.0067,-0.0018,-0.0036,-0.0042,0.0080,-0.0173,-3.7596,-0.8300,9.0070,0.0001,-0.0000,-0.0000,1.0000,-0.0940,-0.0208,0.2252
582,Right,2,0.1599,-0.1666,-0.8953,-0.3810,0.0085,0.0000,0.0067,0.0022,0.2014,-0.0726,-3.8996,1.5846,8.7859,0.0001,0.0000,0.0001,1.0000,-0.0975,0.0396,0.2197
582,Pelvis,2,0.4770,-0.5006,0.5656,0.4493,0.0016,-0.0346,-0.0085,0.1905,-0.0149,0.0502,9.7316,-1.5464,0.4657,0.0000,-0.0004,-0.0001,1.0000,0.2433,-0.0387,0.0117
583,Left,2,0.2002,0.0152,-0.9701,-0.1365,0.0074,-0.0025,-0.0054,0.0051,0.0158,-0.0343,-3.7588,-0.8390,8.9880,0.0001,-0.0000,-0.0001,1.0000,-0.0940,-0.0210,0.2247
583,Right,2,0.1600,-0.1664,-0.8954,-0.3807,0.0073,-0.0024,0.0068,0.0248,0.1652,-0.0957,-3.9282,1.5861,8.7465,0.0001,-0.0000,0.0001,1.0000,-0.0982,0.0396,0.2187
583,Pelvis,2,0.4773,-0.5007,0.5655,0.4491,0.0059,-0.0358,-0.0081,0.2028,-0.0075,0.0119,9.6926,-1.5537,0.4502,0.0001,-0.0004,-0.0001,1.0000,0.2423,-0.0389,0.0114
584,Left,2,0.2001,0.0152,-0.9701,-0.1364,0.0086,-0.0024,-0.0042,-0.0038,0.0046,-0.0173,-3.7584,-0.8275,9.0077,0.0001,-0.0000,-0.0001,1.0000,-0.0940,-0.0207,0.2252
584,Right,2,0.1600,-0.1664,-0.8954,-0.3807,0.0078,-0.0054,0.0081,0.0114,0.1809,-0.0733,-3.9174,1.5895,8.7759,0.0001,-0.0001,0.0001,1.0000,-0.0980,0.0397,0.2194
584,Pelvis,2,0.4777,-0.5008,0.5654,0.4487,0.0158,-0.0414,-0.0045,0.2137,-0.0763,0.0020,9.6796,-1.5567,0.5109,0.0002,-0.0005,-0.0001,1.0000,0.2420,-0.0389,0.0129
585,Left,2,0.2000,0.0151,-0.9701,-0.1366,0.0086,-0.0037,-0.0072,-0.0026,0.0163,-0.0380,-3.7476,-0.8362,8.9890,0.0001,-0.0000,-0.0001,1.0000,-0.0937,-0.0209,0.2247
585,Right,2,0.1599,-0.1664,-0.8954,-0.3807,0.0072,-0.0060,0.0105,0.0210,0.1619,-0.0956,-3.9255,1.5911,8.7469,0.0001,-0.0001,0.0001,1.0000,-0.0982,0.0397,0.2187
585,Pelvis,2,0.4782,-0.5008,0.5654,0.4481,0.0226,-0.0347,-0.0033,0.1871,-0.0421,-0.0059,9.6768,-1.5335,0.4649,0.0003,-0.0004,-0.0000,1.0000,0.2419,-0.0384,0.0117
586,Left,2,0.2000,0.0151,-0.9701,-0.1366,0.0092,-0.0043,-0.0054,-0.0025,0.0153,-0.0380,-3.7465,-0.8348,8.9895,0.0001,-0.0001,-0.0001,1.0000,-0.0937,-0.0209,0.2247
586,Right,2,0.1598,-0.1663,-0.8955,-0.3807,0.0072,-0.0089,0.0143,0.0267,0.1717,-0.0663,-3.9334,1.5857,8.7770,0.0001,-0.0001,0.0002,1.0000,-0.0984,0.0396,0.2194
586,Pelvis,2,0.4785,-0.5009,0.5654,0.4477,0.0165,-0.0335,-0.0030,0.1462,-0.0571,-0.0004,9.6878,-1.4941,0.4687,0.0002,-0.0004,-0.0000,1.0000,0.2422,-0.0374,0.0118
587,Left,2,0.1998,0.0151,-0.9701,-0.1367,0.0110,-0.0049,-0.0054,0.0003,0.0232,-0.0370,-3.7453,-0.8428,8.9904,0.0001,-0.0001,-0.0001,1.0000,-0.0936,-0.0211,0.2248
587,Right,2,0.1596,-0.1662,-0.8956,-0.3806,0.0065,-0.0162,0.0181,0.0307,0.1635,-0.0623,-3.9398,1.5890,8.7779,0.0001,-0.0002,0.0002,1.0000,-0.0985,0.0397,0.2194
587,Pelvis,2,0.4788,-0.5011,0.5653,0.4473,0.0018,-0.0396,-0.0032,0.1257,-0.0267,-0.0562,9.6363,-1.4716,0.4269,0.0000,-0.0005,-0.0000,1.0000,0.2409,-0.0368,0.0108
588,Left,2,0.1998,0.0150,-0.9701,-0.1368,0.0129,-0.0073,-0.0072,-0.0004,0.0226,-0.0370,-3.7438,-0.8407,8.9912,0.0002,-0.0001,-0.0001,1.0000,-0.0936,-0.0210,0.2248
588,Right,2,0.1594,-0.1661,-0.8957,-0.3804,0.0070,-0.0204,0.0194,0.0124,0.1733,-0.0920,-3.9057,1.5906,8.7600,0.0001,-0.0003,0.0002,1.0000,-0.0977,0.0397,0.2190
588,Pelvis,2,0.4790,-0.5013,0.5651,0.4471,-0.0093,-0.0402,-0.0058,0.1441,0.0365,-0.0600,9.6318,-1.4961,0.3570,-0.0001,-0.0005,-0.0001,1.0000,0.2408,-0.0374,0.0091
589,Left,2,0.1997,0.0149,-0.9701,-0.1369,0.0147,-0.0055,-0.0078,-0.0258,0.0273,-0.0264,-3.7228,-0.8376,9.0118,0.0002,-0.0001,-0.0001,1.0000,-0.0931,-0.0210,0.2253
589,Right,2,0.1592,-0.1660,-0.8958,-0.3802,0.0100,-0.0217,0.0213,0.0243,0.1768,-0.0586,-3.9201,1.5866,8.7914,0.0001,-0.0003,0.0003,1.0000,-0.0981,0.0396,0.2198
589,Pelvis,2,0.4792,-0.5016,0.5649,0.4469,-0.0172,-0.0378,-0.0047,0.1647,0.0798,0.0086,9.6979,-1.5315,0.3094,-0.0002,-0.0005,-0.0001,1.0000,0.2424,-0.0383,0.0079
590,Left,2,0.1995,0.0148,-0.9702,-0.1370,0.0153,-0.0116,-0.0059,0.0029,0.0209,-0.0460,-3.7400,-0.8357,8.9835,0.0002,-0.0001,-0.0001,1.0000,-0.0935,-0.0209,0.2246
590,Right,2,0.1589,-0.1660,-0.8960,-0.3800,0.0137,-0.0211,0.0225,0.0169,0.1725,-0.1019,-3.8950,1.5890,8.7540,0.0002,-0.0003,0.0003,1.0000,-0.0974,0.0397,0.2188
590,Pelvis,2,0.4791,-0.5020,0.5646,0.4468,-0.0225,-0.0312,0.0000,0.1557,0.0855,0.0469,9.7371,-1.5308,0.2968,-0.0003,-0.0004,0.0000,1.0000,0.2434,-0.0383,0.0075
591,Left,2,0.1993,0.0147,-0.9702,-0.1370,0.0123,-0.0122,-0.0041,-0.0260,0.0274,-0.0480,-3.7080,-0.8325,8.9949,0.0002,-0.0002,-0.0001,1.0000,-0.0927,-0.0208,0.2249
591,Right,2,0.1586,-0.1660,-0.8961,-0.3799,0.0162,-0.0199,0.0212,-0.0284,0.2074,-0.0945,-3.8406,1.6040,8.7843,0.0002,-0.0002,0.0003,1.0000,-0.0961,0.0400,0.2196
591,Pelvis,2,0.4791,-0.5023,0.5644,0.4469,-0.0262,-0.0191,0.0018,0.1023,0.0830,0.0785,9.7761,-1.4821,0.2894,-0.0003,-0.0002,0.0000,1.0000,0.2444,-0.0370,0.0073
592,Left,2,0.1992,0.0147,-0.9702,-0.1371,0.0092,-0.0086,-0.0066,-0.0226,0.0265,-0.0570,-3.7055,-0.8309,8.9863,0.0001,-0.0001,-0.0001,1.0000,-0.0927,-0.0208,0.2246
592,Right,2,0.1584,-0.1661,-0.8962,-0.3797,0.0193,-0.0139,0.0199,-0.0078,0.1918,-0.1052,-3.8559,1.5998,8.7661,0.0002,-0.0002,0.0002,1.0000,-0.0964,0.0399,0.2191
592,Pelvis,2,0.4789,-0.5026,0.5641,0.4471,-0.0340,-0.0094,0.0037,0.0864,0.0710,0.0675,9.7672,-1.4642,0.2967,-0.0004,-0.0001,0.0000,1.0000,0.2442,-0.0366,0.0075
593,Left,2,0.1991,0.0148,-0.9702,-0.1371,0.0055,-0.0061,-0.0054,-0.0252,0.0009,-0.0156,-3.7238,-0.8095,9.0256,0.0001,-0.0001,-0.0001,1.0000,-0.0931,-0.0202,0.2256
593,Right,2,0.1583,-0.1661,-0.8963,-0.3796,0.0200,-0.0091,0.0173,-0.0105,0.1898,-0.1052,-3.8526,1.6059,8.7664,0.0003,-0.0001,0.0002,1.0000,-0.0963,0.0401,0.2192
593,Pelvis,2,0.4787,-0.5028,0.5639,0.4472,-0.0378,-0.0014,0.0029,0.1194,0.0805,0.0319,9.7274,-1.4942,0.2859,-0.0005,-0.0000,0.0000,1.0000,0.2432,-0.0373,0.0072
594,Left,2,0.1989,0.0148,-0.9703,-0.1372,0.0043,-0.0043,-0.0054,-0.0037,0.0187,-0.0496,-3.7220,-0.8294,8.9876,0.0001,-0.0001,-0.0001,1.0000,-0.0931,-0.0207,0.2247
594,Right,2,0.1581,-0.1663,-0.8962,-0.3796,0.0182,-0.0048,0.0142,-0.0065,0.1855,-0.0923,-3.8602,1.6124,8.7761,0.0002,-0.0001,0.0002,1.0000,-0.0965,0.0402,0.2194
594,Pelvis,2,0.4784,-0.5030,0.5637,0.4475,-0.0318,0.0030,0.0003,0.1748,0.0668,0.0126,9.7000,-1.5451,0.3036,-0.0004,0.0000,0.0000,1.0000,0.2425,-0.0386,0.0076
595,Left,2,0.1989,0.0148,-0.9703,-0.1372,0.0037,-0.0025,-0.0048,-0.0059,0.0294,-0.0613,-3.7112,-0.8388,8.9785,0.0000,-0.0000,-0.0001,1.0000,-0.0928,-0.0210,0.2245
595,Right,2,0.1580,-0.1663,-0.8963,-0.3795,0.0183,-0.0031,0.0111,-0.0088,0.1835,-0.0922,-3.8588,1.6176,8.7757,0.0002,-0.0000,0.0001,1.0000,-0.0965,0.0404,0.2194
595,Pelvis,2,0.4783,-0.5032,0.5636,0.4477,-0.0281,0.0079,0.0003,0.1765,0.0574,0.0139,9.7009,-1.5461,0.3134,-0.0004,0.0001,0.0000,1.0000,0.2425,-0.0386,0.0078
596,Left,2,0.1988,0.0149,-0.9703,-0.1372,0.0055,-0.0025,-0.0061,-0.0179,0.0306,-0.0560,-3.7008,-0.8379,8.9887,0.0001,-0.0000,-0.0001,1.0000,-0.0925,-0.0210,0.2247
596,Right,2,0.1579,-0.1664,-0.8963,-0.3796,0.0152,-0.0025,0.0098,0.0089,0.1919,-0.0817,-3.8682,1.6036,8.7860,0.0002,-0.0000,0.0001,1.0000,-0.0967,0.0400,0.2197
596,Pelvis,2,0.4781,-0.5033,0.5635,0.4479,-0.0244,0.0090,0.0020,0.1445,0.0899,-0.0051,9.6874,-1.5148,0.2786,-0.0003,0.0001,0.0000,1.0000,0.2422,-0.0379,0.0069
597,Left,2,0.1988,0.0149,-0.9703,-0.1372,0.0043,-0.0012,-0.0036,-0.0214,0.0073,-0.0363,-3.7104,-0.8174,9.0079,0.0001,-0.0000,-0.0000,1.0000,-0.0928,-0.0204,0.2252
597,Right,2,0.1578,-0.1665,-0.8962,-0.3797,0.0147,0.0006,0.0079,0.0079,0.1733,-0.0853,-3.8771,1.6173,8.7753,0.0002,0.0000,0.0001,1.0000,-0.0969,0.0404,0.2194
597,Pelvis,2,0.4778,-0.5033,0.5634,0.4482,-0.0232,0.0158,0.0010,0.1328,0.1436,0.0266,9.7218,-1.5116,0.2286,-0.0003,0.0002,0.0000,1.0000,0.2430,-0.0378,0.0057
598,Left,2,0.1987,0.0150,-0.9703,-0.1371,0.0049,0.0024,-0.0018,-0.0069,0.0142,-0.0623,-3.7102,-0.8271,8.9789,0.0001,0.0000,-0.0000,1.0000,-0.0927,-0.0207,0.2245
598,Right,2,0.1578,-0.1666,-0.8962,-0.3797,0.0178,0.0042,0.0072,0.0150,0.1978,-0.1273,-3.8490,1.5900,8.7466,0.0002,0.0001,0.0001,1.0000,-0.0962,0.0397,0.2187
598,Pelvis,2,0.4774,-0.5034,0.5635,0.4485,-0.0268,0.0243,0.0027,0.1137,0.1493,0.0130,9.7109,-1.4921,0.2251,-0.0003,0.0003,0.0000,1.0000,0.2428,-0.0373,0.0056
599,Left,2,0.1987,0.0151,-0.9703,-0.1370,0.0049,0.0049,-0.0019,-0.0222,0.0333,-0.0370,-3.7012,-0.8449,9.0085,0.0001,0.0001,-0.0000,1.0000,-0.0925,-0.0211,0.2252
599,Right,2,0.1578,-0.1667,-0.8962,-0.3798,0.0160,0.0073,0.0078,0.0123,0.1879,-0.0916,-3.8691,1.6062,8.7741,0.0002,0.0001,0.0001,1.0000,-0.0967,0.0401,0.2194
599,Pelvis,2,0.4770,-0.5034,0.5636,0.4488,-0.0287,0.0188,0.0026,0.1277,0.1224,-0.0008,9.6939,-1.5049,0.2594,-0.0004,0.0002,0.0000,1.0000,0.2424,-0.0376,0.0064
600,Left,2,0.1988,0.0151,-0.9703,-0.1370,0.0043,0.0043,-0.0019,-0.0194,0.0323,-0.0460,-3.7021,-0.8443,8.9984,0.0001,0.0001,-0.0000,1.0000,-0.0925,-0.0211,0.2250
600,Right,2,0.1579,-0.1668,-0.8961,-0.3799,0.0148,0.0078,0.0047,0.0138,0.1835,-0.0787,-3.8803,1.6110,8.7825,0.0002,0.0001,0.0001,1.0000,-0.0970,0.0402,0.2196
600,Pelvis,2,0.4768,-0.5035,0.5636,0.4489,-0.0232,0.0188,0.0023,0.1444,0.0918,-0.0242,9.6671,-1.5177,0.2940,-0.0003,0.0002,0.0000,1.0000,0.2417,-0.0379,0.0073
601,Right,2,0.1580,-0.1668,-0.8961,-0.3798,0.0135,0.0048,0.0048,0.0218,0.1803,-0.0974,-3.8818,1.6039,8.7623,0.0002,0.0001,0.0001,1.0000,-0.0970,0.0401,0.2191
601,Pelvis,2,0.4766,-0.5036,0.5636,0.4491,-0.0220,0.0145,0.0021,0.1363,0.0820,-0.0147,9.6775,-1.5093,0.3067,-0.0003,0.0002,0.0000,1.0000,0.2419,-0.0377,0.0076
602,Left,2,0.1990,0.0151,-0.9703,-0.1370,0.0045,0.0061,-0.0016,-0.0185,0.0204,-0.0451,-3.7089,-0.8333,8.9975,0.0001,0.0002,-0.0000,1.0000,-0.1854,-0.0417,0.4499
602,Right,2,0.1580,-0.1669,-0.8960,-0.3800,0.0123,0.0035,0.0030,0.0073,0.1835,-0.0698,-3.8822,1.6183,8.7902,0.0002,0.0000,0.0000,1.0000,-0.0970,0.0404,0.2198
602,Pelvis,2,0.4764,-0.5036,0.5635,0.4493,-0.0183,0.0072,0.0023,0.1473,0.0911,-0.0338,9.6570,-1.5192,0.2999,-0.0002,0.0001,0.0000,1.0000,0.2414,-0.0380,0.0075
603,Right,2,0.1581,-0.1668,-0.8960,-0.3799,0.0110,0.0030,0.0036,0.0052,0.1942,-0.0750,-3.8734,1.6111,8.7899,0.0001,0.0000,0.0000,1.0000,-0.0968,0.0402,0.2198
603,Pelvis,2,0.4764,-0.5037,0.5635,0.4492,-0.0153,0.0018,-0.0005,0.1295,0.0757,-0.0448,9.6481,-1.5008,0.3124,-0.0002,0.0000,-0.0000,1.0000,0.2412,-0.0375,0.0078
604,Left,2,0.1991,0.0151,-0.9702,-0.1370,0.0055,0.0049,-0.0010,-0.0013,0.0128,-0.0378,-3.7309,-0.8315,8.9966,0.0001,0.0001,-0.0000,1.0000,-0.1865,-0.0416,0.4498
604,Right,2,0.1580,-0.1669,-0.8960,-0.3800,0.0116,0.0012,0.0055,0.0179,0.1922,-0.0721,-3.8837,1.6046,8.7897,0.0001,0.0000,0.0001,1.0000,-0.0971,0.0401,0.2198
604,Pelvis,2,0.4763,-0.5038,0.5634,0.4494,-0.0129,-0.0049,-0.0008,0.1358,0.0907,-0.0256,9.6667,-1.5096,0.2993,-0.0002,-0.0001,-0.0000,1.0000,0.2417,-0.0377,0.0075
605,Right,2,0.1580,-0.1669,-0.8960,-0.3800,0.0098,0.0006,0.0055,0.0176,0.1863,-0.0808,-3.8837,1.6070,8.7794,0.0001,0.0000,0.0001,1.0000,-0.0971,0.0401,0.2195
605,Pelvis,2,0.4764,-0.5039,0.5634,0.4492,-0.0078,-0.0081,0.0025,0.1442,0.0744,-0.0024,9.6879,-1.5209,0.3143,-0.0001,-0.0001,0.0000,1.0000,0.2422,-0.0380,0.0079
606,Right,2,0.1579,-0.1669,-0.8960,-0.3801,0.0116,-0.0006,0.0073,0.0215,0.1942,-0.0731,-3.8838,1.6007,8.7893,0.0001,-0.0000,0.0001,1.0000,-0.0971,0.0400,0.2197
606,Pelvis,2,0.4763,-0.5040,0.5634,0.4491,-0.0047,-0.0087,0.0029,0.1573,0.0901,0.0086,9.6968,-1.5403,0.3001,-0.0001,-0.0001,0.0000,1.0000,0.2424,-0.0385,0.0075
607,Left,2,0.1991,0.0151,-0.9703,-0.1370,0.0073,0.0019,-0.0014,-0.0123,0.0196,-0.0354,-3.7211,-0.8343,9.0029,0.0003,0.0001,-0.0001,1.0000,-0.2790,-0.0627,0.6752
607,Right,2,0.1580,-0.1669,-0.8961,-0.3798,0.0116,0.0006,0.0085,-0.0008,0.1985,-0.0800,-3.8636,1.6131,8.7883,0.0001,0.0000,0.0001,1.0000,-0.0966,0.0403,0.2197
607,Pelvis,2,0.4764,-0.5040,0.5635,0.4490,0.0044,-0.0025,0.0022,0.1626,0.0941,0.0387,9.7259,-1.5504,0.2954,0.0001,-0.0000,0.0000,1.0000,0.2431,-0.0388,0.0074
608,Right,2,0.1579,-0.1669,-0.8961,-0.3798,0.0098,-0.0006,0.0073,0.0140,0.1761,-0.0895,-3.8828,1.6159,8.7684,0.0001,-0.0000,0.0001,1.0000,-0.0971,0.0404,0.2192
608,Pelvis,2,0.4764,-0.5039,0.5636,0.4488,0.0068,0.0024,0.0028,0.1114,0.1034,0.0197,9.7143,-1.5009,0.2807,0.0001,0.0000,0.0000,1.0000,0.2429,-0.0375,0.0070
609,Right,2,0.1580,-0.1668,-0.8962,-0.3796,0.0116,0.0006,0.0067,0.0147,0.1879,-0.0730,-3.8829,1.6102,8.7879,0.0001,0.0000,0.0001,1.0000,-0.0971,0.0402,0.2197
609,Pelvis,2,0.4764,-0.5039,0.5637,0.4487,0.0032,0.0029,0.0036,0.0869,0.0437,-0.0270,9.6698,-1.4667,0.3372,0.0000,0.0000,0.0000,1.0000,0.2417,-0.0367,0.0084
610,Right,2,0.1580,-0.1668,-0.8962,-0.3795,0.0122,0.0012,0.0067,0.0142,0.1987,-0.0782,-3.8734,1.6034,8.7879,0.0002,0.0000,0.0001,1.0000,-0.0968,0.0400,0.2197
610,Pelvis,2,0.4765,-0.5039,0.5637,0.4485,-0.0022,-0.0014,0.0049,0.1159,0.0466,-0.0229,9.6697,-1.4970,0.3352,-0.0000,-0.0000,0.0001,1.0000,0.2417,-0.0374,0.0084
611,Right,2,0.1579,-0.1669,-0.8962,-0.3795,0.0116,0.0018,0.0067,0.0004,0.1799,-0.0846,-3.8727,1.6256,8.7765,0.0001,0.0000,0.0001,1.0000,-0.0968,0.0406,0.2194
611,Pelvis,2,0.4764,-0.5040,0.5639,0.4483,-0.0053,0.0023,0.0040,0.1095,0.0994,0.0006,9.6944,-1.5040,0.2834,-0.0001,0.0000,0.0000,1.0000,0.2424,-0.0376,0.0071
612,Right,2,0.1580,-0.1668,-0.8963,-0.3792,0.0110,-0.0012,0.0086,0.0084,0.1933,-0.0997,-3.8634,1.6085,8.7673,0.0001,-0.0000,0.0001,1.0000,-0.0966,0.0402,0.2192
612,Pelvis,2,0.4764,-0.5041,0.5639,0.4484,-0.0077,-0.0002,0.0052,0.1407,0.1021,-0.0049,9.6845,-1.5344,0.2821,-0.0001,-0.0000,0.0001,1.0000,0.2421,-0.0383,0.0071
613,Right,2,0.1580,-0.1669,-0.8963,-0.3792,0.0116,0.0024,0.0073,0.0068,0.1913,-0.0997,-3.8632,1.6117,8.7668,0.0001,0.0000,0.0001,1.0000,-0.0966,0.0403,0.2192
613,Pelvis,2,0.4763,-0.5042,0.5639,0.4483,-0.0053,-0.0032,0.0038,0.1454,0.0732,-0.0105,9.6772,-1.5378,0.3114,-0.0001,-0.0000,0.0000,1.0000,0.2419,-0.0384,0.0078
614,Right,2,0.1579,-0.1669,-0.8964,-0.3791,0.0122,0.0012,0.0067,0.0103,0.1865,-0.0868,-3.8731,1.6159,8.7759,0.0002,0.0000,0.0001,1.0000,-0.0968,0.0404,0.2194
614,Pelvis,2,0.4761,-0.5043,0.5638,0.4485,-0.0071,-0.0039,0.0057,0.1163,0.0545,0.0168,9.7079,-1.5110,0.3293,-0.0001,-0.0000,0.0001,1.0000,0.2427,-0.0378,0.0082
615,Right,2,0.1578,-0.1670,-0.8963,-0.3793,0.0116,0.0018,0.0073,0.0110,0.1806,-0.0956,-3.8732,1.6186,8.7655,0.0001,0.0000,0.0001,1.0000,-0.0968,0.0404,0.2191
615,Pelvis,2,0.4760,-0.5044,0.5640,0.4482,-0.0095,0.0028,0.0060,0.1009,0.0434,0.0264,9.7183,-1.5034,0.3384,-0.0001,0.0000,0.0001,1.0000,0.2430,-0.0376,0.0085
616,Right,2,0.1579,-0.1670,-0.8963,-0.3792,0.0141,0.0030,0.0079,0.0002,0.1934,-0.0603,-3.8734,1.6243,8.8037,0.0002,0.0000,0.0001,1.0000,-0.0968,0.0406,0.2201
616,Pelvis,2,0.4759,-0.5044,0.5641,0.4483,-0.0046,0.0108,0.0061,0.1460,0.0713,0.0306,9.7163,-1.5522,0.3167,-0.0001,0.0001,0.0001,1.0000,0.2429,-0.0388,0.0079
617,Right,2,0.1579,-0.1670,-0.8963,-0.3793,0.0135,0.0042,0.0078,0.0299,0.1963,-0.0772,-3.8847,1.5982,8.7849,0.0002,0.0001,0.0001,1.0000,-0.0971,0.0399,0.2196
617,Pelvis,2,0.4757,-0.5043,0.5642,0.4484,0.0012,0.0147,0.0005,0.1682,0.0571,0.0360,9.7178,-1.5739,0.3377,0.0000,0.0002,0.0000,1.0000,0.2429,-0.0393,0.0084
618,Right,2,0.1580,-0.1671,-0.8962,-0.3793,0.0148,0.0061,0.0078,0.0105,0.1848,-0.0661,-3.8848,1.6220,8.7925,0.0002,0.0001,0.0001,1.0000,-0.0971,0.0405,0.2198
618,Pelvis,2,0.4756,-0.5041,0.5645,0.4484,0.0078,0.0196,-0.0014,0.1869,0.0237,0.0632,9.7406,-1.5960,0.3777,0.0001,0.0002,-0.0000,1.0000,0.2435,-0.0399,0.0094
619,Right,2,0.1580,-0.1672,-0.8962,-0.3793,0.0148,0.0060,0.0072,0.0141,0.1877,-0.0888,-3.8764,1.6148,8.7724,0.0002,0.0001,0.0001,1.0000,-0.0969,0.0403,0.2193
619,Pelvis,2,0.4755,-0.5039,0.5648,0.4483,0.0103,0.0245,-0.0020,0.1775,0.0286,0.0318,9.7104,-1.5853,0.3770,0.0001,0.0003,-0.0000,1.0000,0.2428,-0.0396,0.0093
620,Right,2,0.1580,-0.1672,-0.8963,-0.3792,0.0154,0.0054,0.0084,0.0168,0.1955,-0.0811,-3.8777,1.6097,8.7815,0.0002,0.0001,0.0001,1.0000,-0.0969,0.0402,0.2196
620,Pelvis,2,0.4754,-0.5038,0.5651,0.4482,0.0001,0.0225,0.0039,0.1720,0.0209,-0.0775,9.6023,-1.5660,0.3839,0.0000,0.0003,0.0000,1.0000,0.2401,-0.0391,0.0095
621,Right,2,0.1581,-0.1672,-0.8963,-0.3791,0.0148,0.0054,0.0066,0.0069,0.1869,-0.0799,-3.8782,1.6235,8.7798,0.0002,0.0001,0.0001,1.0000,-0.0969,0.0405,0.2195
621,Pelvis,2,0.4752,-0.5038,0.5653,0.4481,-0.0064,0.0162,0.0082,0.2206,0.0265,-0.0898,9.5824,-1.6164,0.3865,-0.0001,0.0002,0.0001,1.0000,0.2396,-0.0404,0.0096
622,Right,2,0.1581,-0.1674,-0.8963,-0.3791,0.0185,0.0085,0.0114,0.0207,0.1935,-0.0909,-3.8801,1.6080,8.7698,0.0002,0.0001,0.0001,1.0000,-0.0970,0.0401,0.2193
622,Pelvis,2,0.4751,-0.5038,0.5654,0.4480,-0.0014,0.0087,0.0114,0.2393,0.0456,0.0307,9.6987,-1.6569,0.3764,-0.0000,0.0001,0.0001,1.0000,0.2425,-0.0414,0.0094
623,Right,2,0.1582,-0.1675,-0.8962,-0.3791,0.0234,0.0121,0.0113,0.0083,0.1886,-0.0809,-3.8816,1.6239,8.7772,0.0003,0.0002,0.0001,1.0000,-0.0970,0.0405,0.2195
623,Pelvis,2,0.4750,-0.5038,0.5658,0.4477,0.0014,0.0207,0.0184,0.2323,0.0290,0.1510,9.8172,-1.6716,0.3984,0.0000,0.0003,0.0002,1.0000,0.2454,-0.0417,0.0099
624,Right,2,0.1583,-0.1678,-0.8962,-0.3791,0.0266,0.0164,0.0142,0.0042,0.1900,-0.0721,-3.8842,1.6312,8.7845,0.0003,0.0002,0.0002,1.0000,-0.0971,0.0407,0.2196
624,Pelvis,2,0.4748,-0.5036,0.5663,0.4475,0.0083,0.0407,0.0238,0.2964,0.0217,0.1921,9.8468,-1.7462,0.4179,0.0001,0.0005,0.0003,1.0000,0.2462,-0.0436,0.0103
625,Right,2,0.1584,-0.1680,-0.8962,-0.3789,0.0241,0.0158,0.0118,0.0117,0.1740,-0.0856,-3.8969,1.6373,8.7624,0.0003,0.0002,0.0001,1.0000,-0.0974,0.0409,0.2191
625,Pelvis,2,0.4745,-0.5032,0.5670,0.4474,0.0241,0.0572,0.0231,0.3480,0.0416,0.0693,9.7163,-1.7893,0.4093,0.0003,0.0007,0.0003,1.0000,0.2429,-0.0447,0.0100
626,Right,2,0.1585,-0.1681,-0.8962,-0.3787,0.0191,0.0091,0.0108,0.0186,0.1742,-0.0955,-3.8995,1.6328,8.7511,0.0002,0.0001,0.0001,1.0000,-0.0975,0.0408,0.2188
626,Pelvis,2,0.4742,-0.5028,0.5678,0.4471,0.0409,0.0539,0.0156,0.3334,0.0496,-0.0728,9.5762,-1.7630,0.4084,0.0005,0.0007,0.0002,1.0000,0.2394,-0.0440,0.0100
627,Right,2,0.1585,-0.1682,-0.8962,-0.3787,0.0190,0.0067,0.0127,0.0160,0.1884,-0.0918,-3.8914,1.6286,8.7599,0.0002,0.0001,0.0002,1.0000,-0.0973,0.0406,0.2190
627,Pelvis,2,0.4741,-0.5021,0.5686,0.4469,0.0577,0.0456,0.0073,0.3258,0.0637,-0.1151,9.5347,-1.7542,0.4069,0.0007,0.0006,0.0001,1.0000,0.2384,-0.0438,0.0100
628,Right,2,0.1585,-0.1683,-0.8963,-0.3784,0.0183,0.0013,0.0146,0.0105,0.1849,-0.1134,-3.8820,1.6325,8.7393,0.0002,0.0000,0.0002,1.0000,-0.0971,0.0407,0.2185
628,Pelvis,2,0.4743,-0.5014,0.5695,0.4465,0.0635,0.0398,-0.0017,0.2246,0.0729,-0.0822,9.5814,-1.6650,0.4026,0.0008,0.0005,-0.0000,1.0000,0.2395,-0.0416,0.0099
629,Right,2,0.1584,-0.1684,-0.8963,-0.3784,0.0201,-0.0012,0.0135,0.0049,0.1900,-0.0957,-3.8814,1.6392,8.7580,0.0003,-0.0000,0.0002,1.0000,-0.0970,0.0409,0.2190
629,Pelvis,2,0.4745,-0.5007,0.5701,0.4462,0.0554,0.0314,-0.0048,0.1811,0.1107,-0.0438,9.6268,-1.6315,0.3730,0.0007,0.0004,-0.0001,1.0000,0.2407,-0.0408,0.0092
630,Left,2,0.2007,0.0153,-0.9699,-0.1367,0.0033,0.0081,-0.0019,-0.0163,0.0294,-0.0403,-3.7315,-0.8363,8.9932,0.0009,0.0023,-0.0005,1.0000,-2.1339,-0.4846,5.1756
630,Right,2,0.1584,-0.1685,-0.8964,-0.3782,0.0196,0.0025,0.0152,0.0058,0.1719,-0.0777,-3.9001,1.6560,8.7662,0.0002,0.0000,0.0002,1.0000,-0.0975,0.0413,0.2192
630,Pelvis,2,0.4747,-0.5003,0.5705,0.4459,0.0426,0.0198,-0.0053,0.1985,0.0872,-0.0083,9.6582,-1.6511,0.4067,0.0005,0.0002,-0.0001,1.0000,0.2415,-0.0413,0.0101
631,Left,2,0.2008,0.0155,-0.9699,-0.1368,0.0035,0.0208,0.0003,-0.0229,0.0067,-0.0395,-3.7419,-0.8312,8.9901,0.0000,0.0003,0.0000,1.0000,-0.0935,-0.0208,0.2248
631,Right,2,0.1583,-0.1685,-0.8964,-0.3781,0.0165,0.0008,0.0159,-0.0067,0.1784,-0.0945,-3.8803,1.6601,8.7557,0.0002,0.0000,0.0002,1.0000,-0.0970,0.0414,0.2189
631,Pelvis,2,0.4749,-0.4997,0.5710,0.4457,0.0345,0.0254,-0.0090,0.2616,0.0984,0.0111,9.6680,-1.7172,0.4084,0.0004,0.0003,-0.0001,1.0000,0.2417,-0.0430,0.0101
632,Right,2,0.1582,-0.1685,-0.8966,-0.3778,0.0127,-0.0048,0.0118,-0.0002,0.1660,-0.0993,-3.8890,1.6645,8.7455,0.0002,-0.0001,0.0001,1.0000,-0.0972,0.0416,0.2186
632,Pelvis,2,0.4751,-0.4993,0.5715,0.4454,0.0367,0.0201,-0.0148,0.3137,0.0995,-0.0391,9.6098,-1.7629,0.4167,0.0005,0.0003,-0.0002,1.0000,0.2402,-0.0441,0.0103
633,Left,2,0.2013,0.0154,-0.9698,-0.1367,0.0035,0.0263,0.0045,-0.0125,0.0281,-0.0306,-3.7549,-0.8539,8.9923,0.0001,0.0007,0.0001,1.0000,-0.1874,-0.0428,0.4497
633,Right,2,0.1581,-0.1684,-0.8967,-0.3775,0.0090,-0.0084,0.0119,0.0128,0.1765,-0.1014,-3.8879,1.6485,8.7469,0.0001,-0.0001,0.0001,1.0000,-0.0972,0.0412,0.2187
633,Pelvis,2,0.4756,-0.4988,0.5719,0.4450,0.0412,0.0046,-0.0259,0.3229,0.0892,-0.1156,9.5327,-1.7580,0.4274,0.0005,0.0001,-0.0003,1.0000,0.2383,-0.0440,0.0106
634,Right,2,0.1581,-0.1683,-0.8969,-0.3771,0.0077,-0.0096,0.0107,-0.0025,0.1739,-0.1043,-3.8753,1.6608,8.7468,0.0001,-0.0001,0.0001,1.0000,-0.0969,0.0415,0.2187
635,Right,2,0.1579,-0.1681,-0.8971,-0.3768,0.0058,-0.0120,0.0114,0.0005,0.1690,-0.0914,-3.8823,1.6643,8.7573,0.0001,-0.0001,0.0001,1.0000,-0.0971,0.0416,0.2189
636,Right,2,0.1577,-0.1680,-0.8972,-0.3767,0.0063,-0.0174,0.0152,0.0293,0.1638,-0.0725,-3.9086,1.6493,8.7693,0.0001,-0.0002,0.0002,1.0000,-0.0978,0.0412,0.2192
636,Pelvis,2,0.4781,-0.4970,0.5721,0.4440,0.0588,-0.0235,-0.0397,0.3821,0.0705,-0.0866,9.5548,-1.8030,0.4483,0.0022,-0.0009,-0.0015,1.0000,0.7164,-0.1364,0.0340
637,Left,2,0.2022,0.0149,-0.9697,-0.1360,0.0108,0.0228,0.0104,0.0036,0.0068,-0.0357,-3.7863,-0.8317,8.9756,0.0005,0.0011,0.0005,1.0000,-0.3776,-0.0839,0.8979
637,Right,2,0.1575,-0.1678,-0.8973,-0.3766,0.0093,-0.0223,0.0148,0.0105,0.1767,-0.0934,-3.8743,1.6506,8.7613,0.0001,-0.0003,0.0002,1.0000,-0.0969,0.0412,0.2190
637,Pelvis,2,0.4793,-0.4965,0.5723,0.4430,0.0797,-0.0419,-0.0423,0.4124,0.0732,-0.0781,9.5625,-1.8181,0.4383,0.0010,-0.0005,-0.0005,1.0000,0.2390,-0.0456,0.0110
638,Right,2,0.1571,-0.1678,-0.8973,-0.3769,0.0111,-0.0222,0.0202,0.0016,0.1677,-0.0923,-3.8683,1.6643,8.7624,0.0001,-0.0003,0.0003,1.0000,-0.0968,0.0416,0.2190
638,Pelvis,2,0.4806,-0.4958,0.5726,0.4419,0.0880,-0.0439,-0.0347,0.3784,0.0562,0.0080,9.6538,-1.7887,0.4453,0.0011,-0.0005,-0.0004,1.0000,0.2413,-0.0448,0.0112
639,Right,2,0.1567,-0.1678,-0.8972,-0.3772,0.0118,-0.0204,0.0196,0.0145,0.1826,-0.0639,-3.8734,1.6515,8.7944,0.0001,-0.0003,0.0002,1.0000,-0.0969,0.0412,0.2198
639,Pelvis,2,0.4817,-0.4951,0.5730,0.4412,0.1034,-0.0342,-0.0314,0.3925,0.0692,0.0889,9.7337,-1.8082,0.4323,0.0013,-0.0004,-0.0004,1.0000,0.2433,-0.0453,0.0109
640,Right,2,0.1565,-0.1677,-0.8973,-0.3770,0.0131,-0.0162,0.0182,0.0080,0.1828,-0.0767,-3.8589,1.6550,8.7860,0.0002,-0.0002,0.0002,1.0000,-0.0965,0.0413,0.2196
640,Pelvis,2,0.4827,-0.4941,0.5734,0.4405,0.1191,-0.0285,-0.0350,0.3921,0.0442,0.0519,9.6981,-1.7906,0.4528,0.0015,-0.0004,-0.0004,1.0000,0.2424,-0.0449,0.0113
641,Left,2,0.2024,0.0145,-0.9698,-0.1355,0.0136,0.0094,0.0081,-0.0046,0.0067,-0.0235,-3.7968,-0.8216,8.9854,0.0007,0.0005,0.0004,1.0000,-0.3792,-0.0829,0.8987
641,Right,2,0.1564,-0.1676,-0.8975,-0.3768,0.0053,-0.0093,0.0186,-0.0021,0.1856,-0.1024,-3.8358,1.6567,8.7673,0.0001,-0.0001,0.0002,1.0000,-0.0959,0.0414,0.2192
641,Pelvis,2,0.4839,-0.4931,0.5738,0.4398,0.1263,-0.0279,-0.0365,0.3316,-0.0054,-0.0226,9.6338,-1.7046,0.4900,0.0016,-0.0003,-0.0005,1.0000,0.2408,-0.0427,0.0123
642,Left,2,0.2022,0.0144,-0.9698,-0.1353,0.0164,0.0020,0.0050,0.0177,0.0017,-0.0265,-3.8160,-0.8173,8.9744,0.0002,0.0000,0.0001,1.0000,-0.0954,-0.0205,0.2244
642,Right,2,0.1563,-0.1675,-0.8976,-0.3765,-0.0018,0.0028,0.0292,-0.0049,0.1574,-0.0922,-3.8528,1.6798,8.7663,-0.0000,0.0000,0.0004,1.0000,-0.0963,0.0420,0.2192
642,Pelvis,2,0.4851,-0.4921,0.5742,0.4390,0.1275,-0.0364,-0.0379,0.2903,-0.0430,-0.1051,9.5591,-1.6374,0.5163,0.0016,-0.0005,-0.0005,1.0000,0.2390,-0.0411,0.0129
643,Left,2,0.2021,0.0142,-0.9699,-0.1353,0.0195,0.0002,0.0044,0.0071,0.0033,-0.0211,-3.8068,-0.8124,8.9846,0.0002,0.0000,0.0001,1.0000,-0.0952,-0.0204,0.2246
643,Right,2,0.1566,-0.1674,-0.8981,-0.3754,-0.0076,0.0152,0.0508,0.0284,0.1789,-0.0617,-3.8743,1.6464,8.7973,-0.0001,0.0002,0.0006,1.0000,-0.0968,0.0411,0.2199
643,Pelvis,2,0.4864,-0.4913,0.5745,0.4382,0.1238,-0.0492,-0.0411,0.2791,-0.0266,-0.1187,9.5498,-1.6159,0.4930,0.0015,-0.0006,-0.0005,1.0000,0.2387,-0.0405,0.0124
644,Left,2,0.2020,0.0140,-0.9699,-0.1353,0.0213,0.0039,0.0068,0.0276,0.0162,-0.0028,-3.8269,-0.8267,8.9948,0.0003,0.0000,0.0001,1.0000,-0.0957,-0.0207,0.2249
644,Right,2,0.1566,-0.1674,-0.8984,-0.3745,-0.0045,0.0157,0.0685,0.0146,0.1553,-0.0990,-3.8646,1.6674,8.7559,-0.0001,0.0002,0.0009,1.0000,-0.0966,0.0416,0.2189
644,Pelvis,2,0.4878,-0.4906,0.5745,0.4374,0.1060,-0.0651,-0.0456,0.2266,-0.0234,-0.1080,9.5703,-1.5547,0.4745,0.0013,-0.0008,-0.0006,1.0000,0.2392,-0.0390,0.0120
645,Left,2,0.2021,0.0138,-0.9699,-0.1351,0.0242,0.0119,0.0129,0.0138,0.0383,-0.0079,-3.8091,-0.8399,8.9955,0.0003,0.0001,0.0002,1.0000,-0.0952,-0.0211,0.2249
645,Right,2,0.1568,-0.1675,-0.8987,-0.3737,0.0060,0.0218,0.0763,0.0288,0.1372,-0.0780,-3.8949,1.6766,8.7637,0.0001,0.0003,0.0010,1.0000,-0.0974,0.0418,0.2191
645,Pelvis,2,0.4891,-0.4900,0.5743,0.4368,0.0795,-0.0737,-0.0513,0.1580,-0.0427,-0.0975,9.5926,-1.4738,0.4720,0.0010,-0.0009,-0.0006,1.0000,0.2398,-0.0370,0.0120
646,Left,2,0.2023,0.0135,-0.9699,-0.1350,0.0236,0.0168,0.0097,0.0265,-0.0052,-0.0139,-3.8323,-0.7949,8.9833,0.0003,0.0002,0.0001,1.0000,-0.0958,-0.0200,0.2246
646,Right,2,0.1570,-0.1677,-0.8992,-0.3724,0.0062,0.0300,0.0858,0.0364,0.1715,-0.0586,-3.8889,1.6580,8.7921,0.0001,0.0004,0.0011,1.0000,-0.0972,0.0413,0.2198
646,Pelvis,2,0.4904,-0.4898,0.5738,0.4363,0.0477,-0.0910,-0.0539,0.1563,0.0005,-0.0726,9.6212,-1.4684,0.4127,0.0006,-0.0011,-0.0007,1.0000,0.2405,-0.0369,0.0106
647,Left,2,0.2024,0.0132,-0.9699,-0.1350,0.0200,0.0192,0.0084,-0.0022,-0.0049,-0.0475,-3.7972,-0.7797,8.9629,0.0002,0.0002,0.0001,1.0000,-0.0949,-0.0196,0.2241
647,Right,2,0.1571,-0.1679,-0.8997,-0.3710,0.0067,0.0235,0.0915,0.0284,0.1755,-0.0626,-3.8814,1.6675,8.7892,0.0001,0.0003,0.0011,1.0000,-0.0970,0.0416,0.2198
647,Pelvis,2,0.4919,-0.4900,0.5728,0.4357,0.0196,-0.1375,-0.0613,0.0892,-0.0369,-0.0499,9.6554,-1.3864,0.4153,0.0002,-0.0017,-0.0008,1.0000,0.2413,-0.0348,0.0108
648,Left,2,0.2028,0.0129,-0.9698,-0.1349,0.0211,0.0211,0.0139,-0.0079,0.0349,-0.0379,-3.7920,-0.8126,8.9726,0.0003,0.0003,0.0002,1.0000,-0.0947,-0.0204,0.2243
648,Right,2,0.1572,-0.1679,-0.9003,-0.3696,0.0081,0.0107,0.0931,0.0588,0.1456,-0.0868,-3.9111,1.6675,8.7488,0.0001,0.0001,0.0012,1.0000,-0.0978,0.0416,0.2187
648,Pelvis,2,0.4933,-0.4904,0.5715,0.4355,-0.0087,-0.1381,-0.0783,0.0894,-0.0028,-0.0934,9.6166,-1.3689,0.3471,-0.0001,-0.0017,-0.0010,1.0000,0.2404,-0.0345,0.0091
649,Left,2,0.2031,0.0124,-0.9697,-0.1349,0.0296,0.0340,0.0138,0.0116,0.0200,-0.0407,-3.8179,-0.7964,8.9600,0.0004,0.0004,0.0002,1.0000,-0.0953,-0.0200,0.2240
649,Right,2,0.1569,-0.1682,-0.9009,-0.3681,0.0211,-0.0045,0.1089,0.0424,0.2135,-0.1191,-3.8415,1.6377,8.7506,0.0003,-0.0001,0.0014,1.0000,-0.0961,0.0408,0.2188
649,Pelvis,2,0.4951,-0.4904,0.5700,0.4354,0.0078,-0.1471,-0.1178,0.2454,0.0655,-0.2139,9.4818,-1.4927,0.2630,0.0001,-0.0018,-0.0015,1.0000,0.2370,-0.0377,0.0070
650,Left,2,0.2037,0.0120,-0.9697,-0.1347,0.0411,0.0451,0.0192,-0.0342,0.0307,-0.0589,-3.7782,-0.7864,8.9580,0.0005,0.0006,0.0002,1.0000,-0.0943,-0.0198,0.2240
650,Right,2,0.1566,-0.1687,-0.9012,-0.3672,0.0379,0.0040,0.1221,0.0410,0.2281,-0.0936,-3.8373,1.6474,8.7793,0.0005,0.0001,0.0015,1.0000,-0.0960,0.0409,0.2195
650,Pelvis,2,0.4979,-0.4905,0.5680,0.4346,0.0501,-0.2446,-0.1455,0.1603,-0.0439,-0.1863,9.5252,-1.3661,0.3150,0.0006,-0.0031,-0.0018,1.0000,0.2380,-0.0346,0.0086
651,Left,2,0.2045,0.0112,-0.9695,-0.1344,0.0519,0.0728,0.0273,-0.0472,0.0788,-0.0212,-3.7826,-0.8211,8.9944,0.0006,0.0009,0.0003,1.0000,-0.0944,-0.0207,0.2249
651,Right,2,0.1563,-0.1691,-0.9020,-0.3652,0.0385,0.0035,0.1264,-0.0316,0.1656,-0.1277,-3.8079,1.7514,8.7327,0.0005,0.0000,0.0016,1.0000,-0.0953,0.0435,0.2183
651,Pelvis,2,0.5013,-0.4908,0.5657,0.4334,0.0676,-0.3044,-0.1419,0.0496,-0.2361,-0.2237,9.5082,-1.1912,0.4257,0.0008,-0.0038,-0.0018,1.0000,0.2376,-0.0302,0.0115
652,Left,2,0.2066,0.0099,-0.9692,-0.1338,0.0674,0.1726,0.0757,-0.1949,0.5185,-0.0250,-3.5659,-1.1894,9.0541,0.0008,0.0022,0.0009,1.0000,-0.0886,-0.0300,0.2265
652,Right,2,0.1558,-0.1690,-0.9024,-0.3644,0.0042,-0.0356,0.0922,-0.0816,-0.0113,-0.1636,-3.8581,1.9110,8.6356,0.0001,-0.0004,0.0012,1.0000,-0.0966,0.0477,0.2159
652,Pelvis,2,0.5052,-0.4906,0.5638,0.4315,0.1426,-0.3181,-0.1471,-0.0003,-0.5647,-0.2358,9.5112,-1.0581,0.6728,0.0018,-0.0040,-0.0018,1.0000,0.2377,-0.0269,0.0177
653,Left,2,0.2119,0.0069,-0.9684,-0.1311,0.1336,0.4464,0.2617,-0.9961,1.6355,0.0411,-2.6752,-2.0311,9.4596,0.0017,0.0056,0.0033,1.0000,-0.0654,-0.0514,0.2368
653,Right,2,0.1553,-0.1679,-0.9031,-0.3634,-0.0618,-0.0744,0.0513,-0.1088,0.0161,-0.1493,-3.8135,1.9116,8.6716,-0.0008,-0.0009,0.0006,1.0000,-0.0956,0.0479,0.2167
653,Pelvis,2,0.5095,-0.4881,0.5640,0.4290,0.3725,-0.1960,-0.1481,0.3208,-1.1258,0.0299,9.7525,-1.2804,1.2233,0.0047,-0.0024,-0.0019,1.0000,0.2437,-0.0326,0.0310
654,Left,2,0.2235,-0.0049,-0.9668,-0.1238,0.6685,1.0494,0.7582,-1.3274,5.6911,1.0012,-1.9882,-5.7998,10.6545,0.0084,0.0131,0.0095,0.9998,-0.0448,-0.1477,0.2657
654,Right,2,0.1548,-0.1666,-0.9038,-0.3626,-0.0848,-0.0688,0.0683,0.1807,0.2859,-0.0981,-3.8512,1.5202,8.7945,-0.0011,-0.0009,0.0009,1.0000,-0.0965,0.0382,0.2197
654,Pelvis,2,0.5144,-0.4829,0.5677,0.4242,0.7400,-0.0837,-0.0626,0.9126,-0.9831,-0.3436,9.3206,-1.7995,1.1623,0.0093,-0.0010,-0.0008,1.0000,0.2329,-0.0454,0.0289
655,Left,2,0.2470,-0.0366,-0.9619,-0.1111,1.9930,2.2317,1.4972,-0.8773,7.7198,4.1983,-3.9968,-7.5074,13.5825,0.0249,0.0279,0.0187,0.9991,-0.0868,-0.1978,0.3373
655,Right,2,0.1546,-0.1659,-0.9048,-0.3604,-0.0406,-0.0299,0.1098,0.1619,0.4054,-0.0006,-3.7917,1.4616,8.9417,-0.0005,-0.0004,0.0014,1.0000,-0.0949,0.0365,0.2235
655,Pelvis,2,0.5198,-0.4773,0.5735,0.4161,0.9980,-0.1287,0.1271,1.0213,-0.1277,-0.4192,9.2203,-2.0384,0.3564,0.0125,-0.0016,0.0016,0.9999,0.2306,-0.0507,0.0086
656,Left,2,0.2787,-0.0772,-0.9517,-0.1028,2.7032,3.0348,1.2854,-5.5880,7.8544,5.6702,-1.9190,-5.4945,17.2939,0.0338,0.0379,0.0161,0.9986,-0.0293,-0.1525,0.4287
656,Right,2,0.1552,-0.1658,-0.9057,-0.3580,-0.0007,0.0424,0.0855,0.0687,0.4086,0.0523,-3.7451,1.5356,9.0058,-0.0000,0.0005,0.0011,1.0000,-0.0936,0.0383,0.2252
656,Pelvis,2,0.5242,-0.4727,0.5798,0.4070,0.9746,-0.1404,0.2657,-0.1250,0.3651,0.3484,10.0966,-1.1566,-0.3443,0.0122,-0.0018,0.0033,0.9999,0.2525,-0.0280,-0.0085
657,Left,2,0.2923,-0.0803,-0.9472,-0.1046,0.1861,1.1629,-0.1592,-13.2204,12.1166,6.6566,3.4280,-7.0153,23.0630,0.0023,0.0145,-0.0020,0.9999,0.0937,-0.1769,0.5748
657,Right,2,0.1561,-0.1659,-0.9056,-0.3577,-0.0101,0.0714,0.0058,-0.1615,0.1301,-0.0491,-3.7213,1.8690,8.8335,-0.0001,0.0009,0.0001,1.0000,-0.0928,0.0467,0.2209
657,Pelvis,2,0.5284,-0.4713,0.5827,0.3989,0.6472,-0.3384,0.2498,-0.8700,-0.1569,1.2560,11.0925,-0.5031,-0.0443,0.0081,-0.0042,0.0031,1.0000,0.2774,-0.0117,-0.0000
658,Left,2,0.2862,-0.0565,-0.9483,-0.1252,-1.2956,-0.8084,-2.0035,-16.8539,17.0492,-1.4970,11.9489,-11.5633,19.1705,-0.0162,-0.0101,-0.0250,0.9995,0.2866,-0.2885,0.4869
658,Right,2,0.1575,-0.1658,-0.9055,-0.3574,-0.0077,0.0886,-0.0498,-0.0121,0.2812,-0.0445,-3.7560,1.6530,8.8688,-0.0001,0.0011,-0.0006,1.0000,-0.0936,0.0414,0.2218
658,Pelvis,2,0.5337,-0.4695,0.5825,0.3943,0.4426,-0.3671,-0.0624,-1.6838,-0.7657,2.1914,12.1400,0.2813,0.2497,0.0055,-0.0046,-0.0008,1.0000,0.3035,0.0068,0.0077
659,Left,2,0.2643,-0.0213,-0.9536,-0.1428,-2.0567,-2.1942,-1.9621,-20.6914,5.2421,5.1383,10.0521,0.6827,24.0383,-0.0257,-0.0274,-0.0245,0.9990,0.2353,0.0267,0.6070
659,Right,2,0.1589,-0.1658,-0.9052,-0.3577,0.0014,0.1013,-0.0838,-0.1629,0.1371,-0.1291,-3.7265,1.8316,8.7508,0.0000,0.0013,-0.0010,1.0000,-0.0928,0.0459,0.2189
659,Pelvis,2,0.5384,-0.4641,0.5828,0.3937,0.4355,-0.0620,-0.3750,-0.6181,-0.9365,0.4384,10.2841,-0.4162,0.6390,0.0054,-0.0008,-0.0047,1.0000,0.2570,-0.0117,0.0161
660,Left,2,0.2211,0.0157,-0.9637,-0.1487,-2.2066,-3.9298,-1.0081,-14.7092,0.4648,10.8460,2.8433,2.3334,25.1089,-0.0276,-0.0491,-0.0126,0.9983,0.0411,0.0750,0.6283
660,Right,2,0.1604,-0.1652,-0.9052,-0.3572,-0.0265,0.0735,-0.1050,-0.0989,0.1226,-0.1088,-3.8111,1.7853,8.7452,-0.0003,0.0009,-0.0013,1.0000,-0.0950,0.0448,0.2187
660,Pelvis,2,0.5446,-0.4567,0.5835,0.3929,0.5960,-0.0593,-0.4866,1.3478,-0.6906,-0.1914,9.4484,-2.1749,0.9282,0.0075,-0.0007,-0.0061,1.0000,0.2359,-0.0560,0.0230
661,Left,2,0.1636,0.0486,-0.9742,-0.1475,-1.8462,-4.9924,-0.4083,-5.9938,-4.3769,12.6794,-4.2056,3.1324,23.1148,-0.0231,-0.0624,-0.0051,0.9978,-0.1404,0.0922,0.5678
661,Right,2,0.1615,-0.1646,-0.9046,-0.3586,-0.0441,0.0587,-0.1088,-0.0323,0.0751,-0.0962,-3.9095,1.7521,8.7214,-0.0006,0.0007,-0.0014,1.0000,-0.0975,0.0441,0.2181
661,Pelvis,2,0.5505,-0.4494,0.5850,0.3910,0.6597,-0.0537,-0.3989,0.9754,-0.2428,-1.5195,8.1693,-1.6934,0.4269,0.0082,-0.0007,-0.0050,1.0000,0.2040,-0.0434,0.0105
662,Left,2,0.1068,0.0782,-0.9808,-0.1434,-1.6380,-4.8657,-0.1805,2.6050,-6.9681,10.6353,-9.5394,2.5736,19.4034,-0.0205,-0.0608,-0.0023,0.9979,-0.2671,0.0746,0.4680
662,Right,2,0.1626,-0.1636,-0.9045,-0.3588,-0.0546,0.0352,-0.1106,0.0214,0.0744,-0.0623,-3.9760,1.6960,8.7403,-0.0007,0.0004,-0.0014,1.0000,-0.0992,0.0427,0.2185
662,Pelvis,2,0.5549,-0.4434,0.5873,0.3880,0.6266,-0.0252,-0.2128,-0.4987,-0.1918,-1.0480,8.7763,-0.2824,-0.0495,0.0078,-0.0003,-0.0027,1.0000,0.2194,-0.0076,-0.0012
663,Left,2,0.0549,0.1056,-0.9835,-0.1361,-1.5874,-4.4421,0.0698,9.8343,-7.4715,6.8723,-13.7126,1.1025,15.5614,-0.0198,-0.0555,0.0009,0.9983,-0.3637,0.0347,0.3686
663,Right,2,0.1635,-0.1622,-0.9044,-0.3591,-0.0699,0.0103,-0.1429,0.0222,0.0143,-0.0381,-4.0325,1.7118,8.7379,-0.0009,0.0001,-0.0018,1.0000,-0.1007,0.0432,0.2184
663,Pelvis,2,0.5579,-0.4392,0.5895,0.3852,0.4936,-0.0172,-0.0897,-1.3607,-0.1118,-0.3463,9.5439,0.4780,-0.4021,0.0062,-0.0002,-0.0011,1.0000,0.2386,0.0117,-0.0099
664,Left,2,0.0120,0.1273,-0.9826,-0.1349,-1.2340,-3.5991,-0.3554,14.0453,-5.2189,0.6416,-15.2913,-1.2418,9.9331,-0.0154,-0.0450,-0.0044,0.9989,-0.3931,-0.0257,0.2312
664,Right,2,0.1645,-0.1606,-0.9043,-0.3597,-0.0780,-0.0004,-0.1854,0.0747,0.0435,-0.0271,-4.0636,1.6223,8.7533,-0.0010,-0.0000,-0.0023,1.0000,-0.1015,0.0410,0.2188
664,Pelvis,2,0.5603,-0.4357,0.5905,0.3841,0.3209,-0.0015,-0.1574,-1.4173,-0.0714,0.5165,10.4050,0.4694,-0.4721,0.0040,-0.0000,-0.0020,1.0000,0.2601,0.0113,-0.0118
665,Left,2,-0.0203,0.1379,-0.9791,-0.1481,-0.4903,-2.5049,-1.4013,15.1159,-4.9667,-4.3547,-15.6375,-1.0378,6.1211,-0.0061,-0.0313,-0.0175,0.9993,-0.3958,-0.0182,0.1408
665,Right,2,0.1655,-0.1590,-0.9041,-0.3605,-0.0658,-0.0024,-0.2012,0.0303,0.2072,-0.0827,-3.9199,1.4920,8.7820,-0.0008,-0.0000,-0.0025,1.0000,-0.0979,0.0377,0.2195
666,Left,2,-0.0437,0.1368,-0.9746,-0.1721,0.2928,-1.5526,-2.1860,14.1271,-7.0772,-9.4808,-15.4935,1.8149,2.5525,0.0037,-0.0194,-0.0273,0.9994,-0.3871,0.0557,0.0565
666,Right,2,0.1664,-0.1581,-0.9033,-0.3624,-0.0358,0.0254,-0.1834,-0.0134,0.3920,-0.0821,-3.7887,1.3615,8.8674,-0.0004,0.0003,-0.0023,1.0000,-0.0946,0.0344,0.2217
666,Pelvis,2,0.5632,-0.4272,0.5892,0.3913,0.0586,0.1565,-0.4305,-0.8964,0.2620,1.4252,11.2617,-0.0672,-0.5807,0.0015,0.0039,-0.0108,0.9999,0.5629,-0.0094,-0.0312
667,Left,2,-0.0571,0.1307,-0.9707,-0.1935,0.5615,-0.7376,-1.8822,12.5763,-11.1458,-14.3823,-16.1593,6.4636,-0.6594,0.0070,-0.0092,-0.0235,0.9997,-0.3999,0.1712,-0.0190
667,Right,2,0.1674,-0.1579,-0.9023,-0.3646,-0.0119,0.0644,-0.1428,-0.1058,0.2944,-0.1088,-3.7883,1.4649,8.8185,-0.0001,0.0008,-0.0018,1.0000,-0.0945,0.0368,0.2205
667,Pelvis,2,0.5629,-0.4248,0.5876,0.3969,-0.2107,0.2027,-0.4098,-0.8720,1.2711,0.4906,10.3143,-0.1858,-1.4552,-0.0026,0.0025,-0.0051,1.0000,0.2577,-0.0061,-0.0370
668,Left,2,-0.0589,0.1273,-0.9696,-0.2005,0.2516,-0.0146,-0.5937,12.6556,-12.6703,-19.1055,-17.7603,8.3515,-4.6788,0.0031,-0.0002,-0.0074,1.0000,-0.4424,0.2124,-0.1164
668,Right,2,0.1683,-0.1580,-0.9011,-0.3669,-0.0087,0.0793,-0.1053,-0.0733,0.2224,-0.1268,-3.8658,1.4703,8.7615,-0.0001,0.0010,-0.0013,1.0000,-0.0964,0.0369,0.2191
668,Pelvis,2,0.5618,-0.4244,0.5858,0.4015,-0.2870,0.1408,-0.2568,-0.1506,2.6682,0.1595,9.9428,-1.2048,-2.5053,-0.0036,0.0018,-0.0032,1.0000,0.2484,-0.0311,-0.0630
669,Left,2,-0.0448,0.1241,-0.9719,-0.1950,0.0790,1.1017,0.5861,14.6598,-10.4795,-22.2064,-19.1859,6.2791,-8.4171,0.0010,0.0138,0.0073,0.9999,-0.4836,0.1536,-0.2036
669,Right,2,0.1690,-0.1585,-0.8998,-0.3697,0.0112,0.0801,-0.0594,0.0611,0.2926,-0.2000,-3.9014,1.3036,8.6933,0.0001,0.0010,-0.0007,1.0000,-0.0973,0.0326,0.2174
669,Pelvis,2,0.5614,-0.4228,0.5861,0.4033,-0.0097,0.1456,-0.1314,-0.0414,3.5691,-0.3105,9.4792,-1.5154,-3.2985,-0.0001,0.0018,-0.0016,1.0000,0.2368,-0.0383,-0.0829
670,Left,2,-0.0105,0.1153,-0.9757,-0.1863,0.2169,2.7351,1.0414,16.9043,-7.7481,-21.4078,-19.6325,3.1549,-9.2227,0.0027,0.0342,0.0130,0.9993,-0.4993,0.0730,-0.2134
670,Right,2,0.1693,-0.1590,-0.8990,-0.3714,0.0127,0.0486,-0.0231,0.0211,0.1219,-0.1412,-4.0183,1.4524,8.6774,0.0002,0.0006,-0.0003,1.0000,-0.1003,0.0363,0.2170
670,Pelvis,2,0.5629,-0.4193,0.5882,0.4016,0.3622,0.0826,-0.0554,-0.4884,2.5924,-1.3046,8.5194,-0.7286,-2.4970,0.0045,0.0010,-0.0007,1.0000,0.2129,-0.0181,-0.0627
671,Left,2,0.0410,0.0976,-0.9779,-0.1804,0.6318,4.2228,0.9349,16.7763,-6.6738,-16.6800,-18.1247,1.5855,-6.5185,0.0079,0.0528,0.0117,0.9985,-0.4613,0.0354,-0.1385
671,Right,2,0.1693,-0.1588,-0.8986,-0.3722,-0.0065,0.0041,-0.0136,0.0135,0.0838,-0.1174,-4.0530,1.4821,8.6823,-0.0001,0.0001,-0.0002,1.0000,-0.1013,0.0371,0.2171
671,Pelvis,2,0.5650,-0.4165,0.5906,0.3980,0.4493,-0.0251,0.0462,-0.6419,2.0910,-1.2154,8.6172,-0.4456,-2.0601,0.0056,-0.0003,0.0006,1.0000,0.2155,-0.0107,-0.0515
672,Left,2,0.1026,0.0746,-0.9762,-0.1758,0.8822,5.1147,0.8795,12.8315,-6.1862,-11.6076,-13.9283,1.7420,-3.0664,0.0110,0.0639,0.0110,0.9978,-0.3526,0.0404,-0.0537
672,Right,2,0.1690,-0.1587,-0.8983,-0.3733,-0.0022,-0.0144,0.0101,0.1258,0.2057,-0.0981,-4.0590,1.3173,8.7305,-0.0000,-0.0002,0.0001,1.0000,-0.1015,0.0329,0.2182
672,Pelvis,2,0.5658,-0.4145,0.5942,0.3936,0.4499,0.0463,0.2052,-1.1248,1.3629,-0.7982,9.0564,0.1879,-1.5269,0.0056,0.0006,0.0026,1.0000,0.2264,0.0055,-0.0383
673,Left,2,0.1692,0.0491,-0.9701,-0.1670,0.9380,5.5579,1.1823,8.6069,-5.7547,-5.5628,-10.8461,1.9355,2.0223,0.0117,0.0694,0.0148,0.9974,-0.2674,0.0437,0.0698
673,Right,2,0.1687,-0.1588,-0.8986,-0.3726,0.0213,-0.0156,0.0513,0.1606,0.2106,-0.0711,-4.0854,1.2955,8.7522,0.0003,-0.0002,0.0006,1.0000,-0.1022,0.0323,0.2188
673,Pelvis,2,0.5648,-0.4148,0.5971,0.3903,0.2071,0.0617,0.2942,-1.7156,1.0143,-0.1823,9.7065,0.7626,-1.3852,0.0026,0.0008,0.0037,1.0000,0.2426,0.0200,-0.0348
674,Left,2,0.2293,0.0268,-0.9606,-0.1546,0.7224,5.0256,1.3534,4.0850,-3.5438,-1.6083,-7.7700,1.0166,5.9404,0.0090,0.0628,0.0169,0.9978,-0.1848,0.0208,0.1605
674,Right,2,0.1682,-0.1592,-0.8990,-0.3718,0.0436,-0.0166,0.0783,0.1653,0.2393,-0.1036,-4.0515,1.2777,8.7353,0.0005,-0.0002,0.0010,1.0000,-0.1014,0.0317,0.2184
674,Pelvis,2,0.5627,-0.4173,0.5982,0.3891,-0.0859,0.0316,0.2790,-2.0835,1.0028,0.0156,9.9331,1.0280,-1.4897,-0.0011,0.0004,0.0035,1.0000,0.2482,0.0265,-0.0374
675,Left,2,0.2828,0.0090,-0.9491,-0.1385,0.3838,4.5053,1.5103,-0.7348,-3.0372,0.8288,-5.4289,1.9415,9.4808,0.0048,0.0563,0.0189,0.9982,-0.1230,0.0450,0.2444
675,Right,2,0.1672,-0.1596,-0.8989,-0.3723,0.0425,-0.0441,0.0736,-0.0900,0.1373,-0.1983,-3.8944,1.5289,8.6579,0.0005,-0.0006,0.0009,1.0000,-0.0975,0.0380,0.2164
675,Pelvis,2,0.5606,-0.4220,0.5966,0.3895,-0.3479,-0.0992,0.2169,-1.9646,0.6875,-0.5968,9.3209,1.0119,-1.1667,-0.0043,-0.0012,0.0027,1.0000,0.2330,0.0258,-0.0290
676,Left,2,0.3245,-0.0039,-0.9388,-0.1153,-0.0112,3.5086,1.9402,-4.4683,-1.7629,4.0689,-4.8841,1.6331,13.7614,-0.0001,0.0438,0.0242,0.9987,-0.1078,0.0381,0.3490
676,Right,2,0.1660,-0.1590,-0.8992,-0.3723,-0.0106,-0.1086,0.0419,-0.1635,0.1073,-0.2256,-3.8333,1.6034,8.6421,-0.0001,-0.0014,0.0005,1.0000,-0.0961,0.0401,0.2159
676,Pelvis,2,0.5588,-0.4276,0.5934,0.3908,-0.4825,-0.1895,0.1524,-1.7450,0.0768,-0.8607,9.0497,0.9979,-0.5450,-0.0060,-0.0024,0.0019,1.0000,0.2262,0.0253,-0.0132
677,Left,2,0.3537,-0.0187,-0.9307,-0.0912,0.2261,2.5366,2.0820,-6.9543,3.4096,5.0881,-3.6515,-2.6680,16.1769,0.0028,0.0317,0.0260,0.9992,-0.0766,-0.0700,0.4068
677,Right,2,0.1647,-0.1582,-0.8994,-0.3728,-0.0192,-0.1148,0.0286,0.0444,0.3688,-0.1324,-3.8235,1.2894,8.8070,-0.0002,-0.0014,0.0004,1.0000,-0.0959,0.0323,0.2200
677,Pelvis,2,0.5563,-0.4328,0.5906,0.3928,-0.5025,-0.0916,0.1359,-0.3381,-0.2888,0.0955,9.9105,-0.3061,0.2428,-0.0063,-0.0011,0.0017,1.0000,0.2478,-0.0072,0.0064
678,Left,2,0.3729,-0.0364,-0.9233,-0.0849,1.0098,1.7752,0.8612,-8.8469,8.8103,2.6917,-0.8540,-7.1990,16.1175,0.0126,0.0222,0.0108,0.9996,-0.0105,-0.1852,0.4009
678,Right,2,0.1638,-0.1580,-0.8995,-0.3731,0.0271,-0.0720,0.0020,-0.1278,0.2415,-0.0677,-3.7930,1.5087,8.8531,0.0003,-0.0009,0.0000,1.0000,-0.0950,0.0376,0.2213
678,Pelvis,2,0.5532,-0.4389,0.5872,0.3956,-0.6220,-0.0951,0.1423,0.4296,-0.2660,0.8404,10.5957,-1.1345,0.4335,-0.0078,-0.0012,0.0018,1.0000,0.2649,-0.0278,0.0114
679,Left,2,0.3983,-0.0455,-0.9110,-0.0968,0.8965,2.2563,-0.7903,-19.2528,3.1291,12.3737,-2.2347,0.8657,29.4487,0.0112,0.0282,-0.0099,0.9995,-0.0349,0.0138,0.7376
679,Right,2,0.1630,-0.1577,-0.8990,-0.3748,0.0157,-0.0730,-0.0682,-0.1644,0.0901,-0.0371,-3.8602,1.6398,8.8322,0.0002,-0.0009,-0.0009,1.0000,-0.0967,0.0410,0.2207
679,Pelvis,2,0.5501,-0.4463,0.5826,0.3985,-0.7257,-0.1885,0.1574,-0.7322,-0.2363,0.8695,10.7095,-0.0844,0.0057,-0.0091,-0.0024,0.0020,1.0000,0.2677,-0.0016,0.0008
680,Left,525312,0.2768,0.0234,-0.9556,-0.0986,-4.1956,-10.8571,-1.5609,-20.5454,31.3058,21.9614,0.7769,-28.2548,40.3385,-0.0523,-0.1352,-0.0194,0.9892,-0.1330,-0.6509,1.0325
680,Right,2,0.1629,-0.1575,-0.8987,-0.3756,0.0162,-0.0178,-0.0569,-0.0738,0.0589,0.0824,-3.9816,1.6080,8.9153,0.0002,-0.0002,-0.0007,1.0000,-0.0996,0.0402,0.2229
680,Pelvis,2,0.5464,-0.4534,0.5786,0.4014,-0.7087,-0.1279,0.1873,0.0687,-0.8205,0.5711,10.3653,-0.7106,0.7454,-0.0089,-0.0016,0.0023,1.0000,0.2591,-0.0170,0.0192
681,Left,0,0.2268,0.0217,-0.9670,-0.1140,0.8886,-4.0330,-1.1455,-7.8160,-0.9733,13.3631,-4.6799,0.2099,24.0360,0.0111,-0.0504,-0.0143,0.9986,-0.1470,0.0006,0.5940
681,Right,2,0.1638,-0.1585,-0.8982,-0.3758,0.0622,0.1084,-0.0095,-0.0089,0.4243,0.0894,-3.8108,1.3201,9.0536,0.0008,0.0014,-0.0001,1.0000,-0.0950,0.0328,0.2265
681,Pelvis,2,0.5426,-0.4586,0.5752,0.4054,-0.6543,0.0134,0.0735,1.8421,-1.5394,0.3618,10.0335,-2.2582,1.8745,-0.0082,0.0002,0.0009,1.0000,0.2509,-0.0558,0.0473
682,Left,0,0.2232,0.0249,-0.9676,-0.1149,-0.1912,-0.3101,-0.1311,-8.0279,-0.4727,1.2999,2.1164,1.0801,13.5098,-0.0024,-0.0039,-0.0016,1.0000,0.0516,0.0277,0.3379
682,Right,2,0.1664,-0.1612,-0.8972,-0.3759,0.1440,0.2777,-0.0305,-0.3918,0.1636,0.1477,-3.7874,1.7995,9.0447,0.0018,0.0035,-0.0004,1.0000,-0.0939,0.0446,0.2265
682,Pelvis,2,0.5412,-0.4607,0.5707,0.4112,-0.5507,0.0133,-0.2699,3.5717,-2.0512,3.7582,13.3014,-4.0935,2.7294,-0.0069,0.0002,-0.0034,1.0000,0.3322,-0.1030,0.0689
683,Left,0,0.2358,0.0338,-0.9637,-0.1203,-0.7087,0.9767,-0.5853,0.2172,-1.3163,-0.1740,-4.7124,0.1646,8.5123,-0.0089,0.0122,-0.0073,0.9999,-0.1152,0.0069,0.2142
683,Right,2,0.1693,-0.1634,-0.8960,-0.3767,0.1024,0.2868,-0.0811,-0.0396,0.3838,-0.2579,-3.7782,1.3483,8.6805,0.0013,0.0036,-0.0010,1.0000,-0.0936,0.0335,0.2174
683,Pelvis,2,0.5432,-0.4579,0.5672,0.4166,-0.1591,0.0520,-0.5503,2.4133,-2.0699,5.0986,14.7586,-2.9526,2.4339,-0.0020,0.0007,-0.0069,1.0000,0.3685,-0.0762,0.0608
684,Left,0,0.2427,0.0407,-0.9611,-0.1257,-0.4963,0.5272,-0.5589,1.2456,1.5522,-0.9949,-4.6504,-2.9243,7.1791,-0.0062,0.0066,-0.0070,0.9999,-0.1156,-0.0712,0.1807
684,Right,2,0.1708,-0.1652,-0.8952,-0.3770,0.0921,0.1777,-0.0015,0.4187,0.0115,-0.1524,-4.4060,1.2914,8.5098,0.0012,0.0022,-0.0000,1.0000,-0.1097,0.0320,0.2130
684,Pelvis,2,0.5411,-0.4526,0.5713,0.4195,0.1943,0.5617,-0.1505,-2.0019,-2.2621,-1.0939,8.8657,1.9075,1.7042,0.0024,0.0070,-0.0019,1.0000,0.2220,0.0472,0.0412
685,Left,0,0.2388,0.0404,-0.9619,-0.1268,0.0917,-0.3049,-0.0815,1.1239,2.1489,-0.5714,-4.5776,-3.6059,7.5714,0.0011,-0.0038,-0.0010,1.0000,-0.1153,-0.0902,0.1887
685,Right,2,0.1713,-0.1657,-0.8948,-0.3775,0.0327,0.0635,-0.0187,0.1812,-0.1697,-0.0495,-4.4315,1.6109,8.5526,0.0004,0.0008,-0.0002,1.0000,-0.1106,0.0402,0.2139
685,Pelvis,2,0.5331,-0.4518,0.5781,0.4213,-0.0663,0.7463,0.4078,-2.0244,-1.0721,-6.6583,3.2904,2.0011,0.6059,-0.0008,0.0093,0.0051,0.9999,0.0821,0.0505,0.0143
686,Left,0,0.2309,0.0362,-0.9641,-0.1257,0.3880,-0.6092,0.1618,0.0478,0.0090,-0.0154,-4.3759,-1.3226,8.6657,0.0048,-0.0076,0.0020,1.0000,-0.1110,-0.0343,0.2156
686,Right,2,0.1719,-0.1654,-0.8942,-0.3787,-0.0123,0.0337,-0.0782,0.0008,-0.0029,0.0449,-4.2624,1.6422,8.7355,-0.0002,0.0004,-0.0010,1.0000,-0.1064,0.0412,0.2184
686,Pelvis,2,0.5277,-0.4572,0.5807,0.4187,-0.2412,0.0866,0.6296,0.4835,-0.1833,-5.4374,4.3179,-0.7807,0.3967,-0.0030,0.0011,0.0079,1.0000,0.1081,-0.0186,0.0099
687,Left,0,0.2252,0.0340,-0.9656,-0.1257,0.2375,-0.4452,0.0369,-0.2042,-1.0005,0.2245,-4.4105,-0.2426,9.0706,0.0030,-0.0056,0.0005,1.0000,-0.1115,-0.0068,0.2261
687,Right,2,0.1726,-0.1654,-0.8937,-0.3797,-0.0065,0.0566,-0.0673,0.2341,0.2877,-0.0833,-4.1902,1.2453,8.7000,-0.0001,0.0007,-0.0008,1.0000,-0.1046,0.0312,0.2176
687,Pelvis,2,0.5216,-0.4630,0.5826,0.4173,-0.3514,0.1179,0.5988,1.1913,-0.2717,-0.1184,9.5257,-2.0290,0.7864,-0.0044,0.0015,0.0075,1.0000,0.2385,-0.0489,0.0195
688,Left,0,0.2220,0.0345,-0.9661,-0.1272,0.0322,-0.2545,-0.1300,-0.2121,-0.5385,0.1746,-4.1824,-0.6562,9.0641,0.0004,-0.0032,-0.0016,1.0000,-0.1053,-0.0163,0.2263
688,Right,2,0.1730,-0.1664,-0.8935,-0.3795,0.0733,0.0684,0.0410,0.3454,0.3700,-0.1448,-4.1985,1.1015,8.6535,0.0009,0.0009,0.0005,1.0000,-0.1048,0.0273,0.2165
688,Pelvis,2,0.5160,-0.4674,0.5831,0.4186,-0.4451,0.1888,0.3508,0.5197,0.7218,3.6833,13.3554,-2.1271,-0.2028,-0.0056,0.0024,0.0044,1.0000,0.3341,-0.0517,-0.0056
689,Left,0,0.2200,0.0357,-0.9663,-0.1290,-0.0371,-0.1584,-0.1649,-0.0455,0.0881,0.0841,-4.0748,-1.3049,8.9246,-0.0005,-0.0020,-0.0021,1.0000,-0.1024,-0.0323,0.2229
689,Right,2,0.1729,-0.1683,-0.8935,-0.3786,0.1295,0.0694,0.1183,0.1563,0.2335,-0.0702,-4.2038,1.3695,8.6861,0.0016,0.0009,0.0015,1.0000,-0.1050,0.0337,0.2173
689,Pelvis,2,0.5116,-0.4706,0.5822,0.4217,-0.4639,0.1757,0.1264,0.3440,0.0534,1.6254,11.3160,-1.6587,0.3852,-0.0058,0.0022,0.0016,1.0000,0.2830,-0.0410,0.0092
690,Left,0,0.2184,0.0365,-0.9664,-0.1302,-0.0171,-0.1269,-0.1129,0.0227,0.1894,0.0188,-4.0433,-1.4314,8.8486,-0.0002,-0.0016,-0.0014,1.0000,-0.1015,-0.0356,0.2211
690,Right,2,0.1726,-0.1703,-0.8936,-0.3777,0.1299,0.0649,0.1300,-0.0873,0.1755,-0.0940,-4.0785,1.6204,8.6736,0.0016,0.0008,0.0016,1.0000,-0.1019,0.0400,0.2170
690,Pelvis,2,0.5083,-0.4735,0.5808,0.4244,-0.4238,0.1012,0.0679,0.3427,0.1235,-1.1420,8.5650,-1.3771,0.2421,-0.0053,0.0013,0.0008,1.0000,0.2142,-0.0342,0.0060
691,Left,0,0.2169,0.0365,-0.9667,-0.1309,0.0293,-0.1235,-0.0587,0.0469,0.2331,0.0190,-4.0214,-1.4874,8.8506,0.0004,-0.0015,-0.0007,1.0000,-0.1009,-0.0372,0.2211
691,Right,2,0.1725,-0.1713,-0.8937,-0.3771,0.0783,0.0314,0.0705,-0.3289,-0.0649,-0.1300,-4.0578,1.9785,8.5724,0.0010,0.0004,0.0009,1.0000,-0.1014,0.0492,0.2144
691,Pelvis,2,0.5059,-0.4763,0.5797,0.4257,-0.3161,0.0209,0.1108,0.9285,-0.2823,-0.4110,9.2093,-1.9808,0.7746,-0.0040,0.0003,0.0014,1.0000,0.2303,-0.0491,0.0195
692,Left,0,0.2155,0.0363,-0.9669,-0.1314,0.0464,-0.1028,-0.0362,-0.0757,0.0270,0.0385,-3.9507,-1.2596,8.9363,0.0006,-0.0013,-0.0005,1.0000,-0.0991,-0.0316,0.2233
692,Right,2,0.1723,-0.1714,-0.8936,-0.3773,0.0223,-0.0057,0.0092,-0.1353,0.0049,-0.1461,-4.1348,1.7995,8.5514,0.0003,-0.0001,0.0001,1.0000,-0.1034,0.0449,0.2138
692,Pelvis,2,0.5030,-0.4785,0.5796,0.4268,-0.2579,0.1036,0.1428,0.8500,-0.3969,0.6641,10.2767,-2.0502,0.9114,-0.0032,0.0013,0.0018,1.0000,0.2570,-0.0507,0.0226
693,Left,0,0.2146,0.0362,-0.9671,-0.1318,0.0261,-0.0644,-0.0364,-0.0836,-0.0462,-0.0190,-3.9199,-1.1763,8.8981,0.0003,-0.0008,-0.0005,1.0000,-0.0982,-0.0294,0.2224
693,Right,2,0.1718,-0.1713,-0.8935,-0.3778,0.0097,-0.0257,0.0060,0.0155,0.2068,-0.0963,-4.1259,1.5664,8.6588,0.0001,-0.0003,0.0001,1.0000,-0.1032,0.0391,0.2164
693,Pelvis,2,0.5000,-0.4797,0.5800,0.4283,-0.2072,0.1681,0.1169,0.7990,-0.0301,0.7047,10.3194,-2.1079,0.5661,-0.0026,0.0021,0.0015,1.0000,0.2581,-0.0523,0.0137
694,Left,0,0.2140,0.0362,-0.9672,-0.1322,0.0211,-0.0455,-0.0352,-0.0924,0.0537,-0.0847,-3.8448,-1.2613,8.8471,0.0003,-0.0006,-0.0004,1.0000,-0.0963,-0.0315,0.2211
694,Right,2,0.1714,-0.1713,-0.8935,-0.3782,0.0152,-0.0194,0.0138,0.0347,0.1963,-0.0891,-4.1405,1.5612,8.6607,0.0002,-0.0002,0.0002,1.0000,-0.1036,0.0390,0.2165
694,Pelvis,2,0.4977,-0.4807,0.5807,0.4290,-0.1331,0.1290,0.1152,0.6299,0.2425,-0.1707,9.4718,-1.9079,0.2628,-0.0017,0.0016,0.0014,1.0000,0.2369,-0.0473,0.0063
695,Left,0,0.2136,0.0362,-0.9672,-0.1325,0.0141,-0.0315,-0.0249,-0.0574,-0.0344,-0.0185,-3.9161,-1.1933,8.8978,0.0002,-0.0004,-0.0003,1.0000,-0.0980,-0.0298,0.2224
695,Right,2,0.1711,-0.1713,-0.8936,-0.3780,0.0187,-0.0152,0.0296,0.0570,0.1679,-0.0730,-4.1750,1.5689,8.6604,0.0002,-0.0002,0.0004,1.0000,-0.1044,0.0391,0.2165
695,Pelvis,2,0.4963,-0.4818,0.5812,0.4287,-0.0792,0.0413,0.1308,0.3681,0.3573,-0.7055,8.9742,-1.6302,0.0988,-0.0010,0.0005,0.0016,1.0000,0.2244,-0.0404,0.0024
696,Left,0,0.2134,0.0365,-0.9673,-0.1325,-0.0131,-0.0177,-0.0095,-0.0019,-0.0376,0.0576,-3.9898,-1.2157,8.9459,-0.0002,-0.0002,-0.0001,1.0000,-0.0998,-0.0303,0.2236
696,Right,2,0.1707,-0.1712,-0.8938,-0.3777,0.0103,-0.0268,0.0391,0.0396,0.0900,-0.1000,-4.1939,1.6315,8.6079,0.0001,-0.0003,0.0005,1.0000,-0.1049,0.0407,0.2152
696,Pelvis,2,0.4955,-0.4827,0.5814,0.4284,-0.0535,-0.0036,0.0849,0.2727,0.3645,-0.5431,9.1441,-1.5845,0.0848,-0.0007,-0.0000,0.0011,1.0000,0.2286,-0.0394,0.0022
697,Left,0,0.2133,0.0371,-0.9673,-0.1323,-0.0428,-0.0088,0.0040,0.0049,0.0263,0.0084,-3.9549,-1.2800,8.8980,-0.0005,-0.0001,0.0001,1.0000,-0.0989,-0.0319,0.2225
697,Right,2,0.1701,-0.1709,-0.8941,-0.3774,-0.0049,-0.0465,0.0439,0.0158,0.0676,-0.0974,-4.1829,1.6656,8.6094,-0.0001,-0.0006,0.0005,1.0000,-0.1047,0.0416,0.2152
697,Pelvis,2,0.4952,-0.4831,0.5813,0.4283,-0.0402,-0.0064,0.0287,0.2764,0.3841,-0.1860,9.4951,-1.6533,0.0784,-0.0005,-0.0001,0.0004,1.0000,0.2374,-0.0412,0.0020
698,Left,0,0.2133,0.0375,-0.9673,-0.1321,-0.0282,-0.0033,0.0092,-0.0132,0.0418,-0.0943,-3.8920,-1.2856,8.8119,-0.0004,-0.0000,0.0001,1.0000,-0.0973,-0.0321,0.2203
698,Right,2,0.1693,-0.1706,-0.8945,-0.3770,0.0023,-0.0655,0.0618,0.0572,0.1488,-0.0994,-4.1444,1.5834,8.6424,0.0000,-0.0008,0.0008,1.0000,-0.1038,0.0395,0.2160
698,Pelvis,2,0.4950,-0.4835,0.5811,0.4284,-0.0420,-0.0088,0.0159,0.2712,0.4028,0.0301,9.7092,-1.6863,0.0647,-0.0005,-0.0001,0.0002,1.0000,0.2427,-0.0421,0.0017
699,Left,0,0.2133,0.0377,-0.9673,-0.1320,-0.0147,0.0017,0.0022,-0.0103,0.0286,-0.0828,-3.9022,-1.2802,8.8207,-0.0002,0.0000,0.0000,1.0000,-0.0975,-0.0320,0.2205
699,Right,2,0.1682,-0.1704,-0.8949,-0.3766,0.0112,-0.0733,0.0702,-0.0148,0.1366,-0.1014,-4.0850,1.6489,8.6558,0.0001,-0.0009,0.0009,1.0000,-0.1024,0.0411,0.2163
699,Pelvis,2,0.4947,-0.4840,0.5808,0.4286,-0.0605,-0.0027,0.0138,0.1460,0.3731,0.0322,9.7281,-1.5629,0.0705,-0.0008,-0.0000,0.0002,1.0000,0.2432,-0.0390,0.0018
700,Right,2,0.1673,-0.1702,-0.8953,-0.3761,0.0164,-0.0621,0.0631,-0.0186,0.1703,-0.0627,-4.0601,1.6426,8.7126,0.0002,-0.0008,0.0008,1.0000,-0.1017,0.0409,0.2177
701,Left,0,0.2132,0.0380,-0.9673,-0.1322,-0.0034,-0.0021,-0.0132,-0.0872,0.0135,-0.1048,-3.8291,-1.2489,8.8334,-0.0001,-0.0001,-0.0003,1.0000,-0.1915,-0.0623,0.4417
701,Right,2,0.1664,-0.1704,-0.8955,-0.3760,0.0353,-0.0489,0.0537,0.0057,0.1956,-0.0789,-4.0378,1.6139,8.7107,0.0004,-0.0006,0.0007,1.0000,-0.1011,0.0402,0.2177
702,Left,0,0.2132,0.0379,-0.9673,-0.1323,0.0136,-0.0011,-0.0077,-0.0585,0.0474,-0.0817,-3.8522,-1.2941,8.8421,0.0002,-0.0000,-0.0001,1.0000,-0.0963,-0.0324,0.2210
702,Right,2,0.1657,-0.1706,-0.8956,-0.3759,0.0437,-0.0361,0.0454,-0.0403,0.1957,-0.1012,-3.9857,1.6538,8.7024,0.0005,-0.0005,0.0006,1.0000,-0.0998,0.0412,0.2175
703,Left,0,0.2131,0.0376,-0.9673,-0.1323,0.0274,-0.0005,0.0017,-0.0489,0.0158,-0.0995,-3.8614,-1.2605,8.8233,0.0003,-0.0000,0.0000,1.0000,-0.0965,-0.0316,0.2206
703,Right,2,0.1653,-0.1708,-0.8957,-0.3758,0.0350,-0.0250,0.0259,-0.0450,0.1338,-0.1212,-4.0037,1.7032,8.6610,0.0004,-0.0003,0.0003,1.0000,-0.1002,0.0425,0.2165
704,Left,0,0.2130,0.0372,-0.9673,-0.1324,0.0403,-0.0065,0.0038,-0.0434,-0.0095,-0.0765,-3.8812,-1.2336,8.8437,0.0005,-0.0001,0.0000,1.0000,-0.0970,-0.0310,0.2211
704,Right,2,0.1648,-0.1709,-0.8957,-0.3760,0.0261,-0.0216,0.0134,-0.0134,0.1241,-0.1109,-4.0282,1.6940,8.6628,0.0003,-0.0003,0.0002,1.0000,-0.1008,0.0423,0.2166
705,Left,0,0.2127,0.0367,-0.9674,-0.1325,0.0489,-0.0088,-0.0028,-0.0223,-0.0090,-0.0465,-3.9094,-1.2340,8.8641,0.0006,-0.0001,-0.0000,1.0000,-0.0978,-0.0310,0.2216
705,Right,2,0.1645,-0.1708,-0.8957,-0.3761,0.0165,-0.0210,0.0053,0.0065,0.1442,-0.0827,-4.0352,1.6733,8.6954,0.0002,-0.0003,0.0001,1.0000,-0.1009,0.0418,0.2174
706,Left,0,0.2126,0.0362,-0.9674,-0.1327,0.0491,-0.0033,-0.0107,-0.0024,-0.0057,-0.0382,-3.9272,-1.2338,8.8655,0.0006,-0.0000,-0.0001,1.0000,-0.0982,-0.0310,0.2216
706,Right,2,0.1642,-0.1706,-0.8957,-0.3763,0.0047,-0.0256,0.0054,-0.0200,0.1377,-0.0979,-4.0091,1.6937,8.6865,0.0001,-0.0003,0.0001,1.0000,-0.1003,0.0423,0.2171
706,Pelvis,2,0.4946,-0.4855,0.5791,0.4293,-0.0239,-0.0133,-0.0026,0.2640,0.3019,0.0101,9.6882,-1.6631,0.1423,-0.0021,-0.0012,-0.0002,1.0000,1.6953,-0.2914,0.0275
707,Left,0,0.2126,0.0358,-0.9674,-0.1329,0.0417,0.0046,-0.0096,-0.0176,0.0142,-0.0125,-3.9181,-1.2444,8.8963,0.0005,0.0001,-0.0001,1.0000,-0.0979,-0.0312,0.2224
707,Right,2,0.1639,-0.1702,-0.8958,-0.3763,-0.0028,-0.0314,0.0080,-0.0032,0.1444,-0.0866,-4.0137,1.6765,8.7004,-0.0000,-0.0004,0.0001,1.0000,-0.1004,0.0419,0.2175
707,Pelvis,2,0.4958,-0.4852,0.5794,0.4278,0.0851,-0.0706,0.0107,0.2094,0.2433,-0.1024,9.5842,-1.5841,0.1641,0.0011,-0.0009,0.0001,1.0000,0.2396,-0.0396,0.0043
708,Left,0,0.2126,0.0353,-0.9674,-0.1330,0.0391,0.0088,-0.0054,-0.0186,0.0160,-0.0341,-3.9089,-1.2359,8.8777,0.0005,0.0001,-0.0001,1.0000,-0.0977,-0.0310,0.2219
708,Right,2,0.1635,-0.1700,-0.8959,-0.3765,-0.0040,-0.0293,0.0140,-0.0005,0.1343,-0.1043,-4.0063,1.6753,8.6841,-0.0001,-0.0004,0.0002,1.0000,-0.1002,0.0419,0.2171
708,Pelvis,2,0.4970,-0.4848,0.5796,0.4265,0.1197,-0.0863,0.0035,0.2662,0.2194,-0.0504,9.6273,-1.6442,0.1837,0.0015,-0.0011,0.0000,1.0000,0.2407,-0.0411,0.0048
709,Left,0,0.2126,0.0349,-0.9674,-0.1330,0.0383,0.0076,0.0056,-0.0199,0.0243,-0.0240,-3.9109,-1.2371,8.8878,0.0005,0.0001,0.0001,1.0000,-0.0978,-0.0310,0.2222
709,Right,2,0.1630,-0.1697,-0.8960,-0.3765,0.0038,-0.0316,0.0215,0.0514,0.1800,-0.0577,-4.0233,1.6141,8.7409,0.0000,-0.0004,0.0003,1.0000,-0.1007,0.0403,0.2185
709,Pelvis,2,0.4985,-0.4842,0.5800,0.4250,0.1555,-0.0874,-0.0013,0.1991,0.1725,0.0530,9.7389,-1.5848,0.2070,0.0019,-0.0011,-0.0000,1.0000,0.2435,-0.0396,0.0054
710,Left,0,0.2126,0.0345,-0.9674,-0.1330,0.0388,0.0063,0.0099,-0.0121,0.0235,-0.0420,-3.9120,-1.2277,8.8688,0.0005,0.0001,0.0001,1.0000,-0.0978,-0.0308,0.2217
710,Right,2,0.1625,-0.1695,-0.8961,-0.3766,0.0074,-0.0348,0.0204,0.0092,0.1477,-0.0664,-4.0024,1.6647,8.7305,0.0001,-0.0004,0.0003,1.0000,-0.1002,0.0416,0.2182
710,Pelvis,2,0.5001,-0.4832,0.5806,0.4235,0.1794,-0.0739,-0.0111,0.0722,0.1435,0.0647,9.7688,-1.4553,0.2013,0.0022,-0.0009,-0.0001,1.0000,0.2442,-0.0364,0.0052
711,Left,0,0.2126,0.0341,-0.9675,-0.1329,0.0333,0.0069,0.0128,-0.0240,0.0033,-0.0262,-3.9148,-1.1991,8.8889,0.0004,0.0001,0.0002,1.0000,-0.0978,-0.0301,0.2222
711,Right,2,0.1622,-0.1693,-0.8962,-0.3767,0.0039,-0.0302,0.0117,-0.0051,0.1281,-0.0736,-3.9933,1.6861,8.7222,0.0000,-0.0004,0.0001,1.0000,-0.0999,0.0421,0.2180
711,Pelvis,2,0.5017,-0.4820,0.5812,0.4221,0.1822,-0.0610,-0.0259,-0.0043,0.0283,0.0445,9.7597,-1.3523,0.2905,0.0023,-0.0008,-0.0003,1.0000,0.2440,-0.0339,0.0074
712,Left,0,0.2126,0.0338,-0.9675,-0.1328,0.0248,0.0087,0.0078,-0.0136,-0.0095,-0.0328,-3.9263,-1.1820,8.8789,0.0003,0.0001,0.0001,1.0000,-0.0981,-0.0296,0.2220
712,Right,2,0.1618,-0.1690,-0.8962,-0.3769,0.0009,-0.0297,0.0061,0.0067,0.1249,-0.0704,-3.9967,1.6784,8.7257,0.0000,-0.0004,0.0001,1.0000,-0.1000,0.0419,0.2181
712,Pelvis,2,0.5032,-0.4808,0.5817,0.4209,0.1721,-0.0544,-0.0333,-0.1070,-0.0002,-0.0395,9.6921,-1.2272,0.2890,0.0022,-0.0007,-0.0004,1.0000,0.2423,-0.0308,0.0073
713,Left,0,0.2127,0.0336,-0.9675,-0.1328,0.0170,0.0080,0.0034,-0.0073,-0.0010,-0.0406,-3.9279,-1.1865,8.8689,0.0002,0.0001,0.0000,1.0000,-0.0982,-0.0297,0.2217
713,Right,2,0.1615,-0.1687,-0.8962,-0.3771,-0.0033,-0.0290,0.0067,0.0100,0.1282,-0.0929,-3.9806,1.6669,8.7102,-0.0000,-0.0004,0.0001,1.0000,-0.0996,0.0417,0.2177
713,Pelvis,2,0.5048,-0.4797,0.5820,0.4198,0.1576,-0.0680,-0.0417,-0.1387,-0.0286,-0.0617,9.6760,-1.1778,0.3003,0.0020,-0.0008,-0.0005,1.0000,0.2419,-0.0296,0.0077
714,Left,0,0.2127,0.0335,-0.9675,-0.1328,0.0152,0.0068,0.0021,-0.0021,-0.0047,-0.0280,-3.9397,-1.1828,8.8780,0.0002,0.0001,0.0000,1.0000,-0.0985,-0.0296,0.2220
714,Right,2,0.1612,-0.1684,-0.8963,-0.3771,-0.0040,-0.0275,0.0109,0.0100,0.1258,-0.0711,-3.9841,1.6691,8.7324,-0.0000,-0.0003,0.0001,1.0000,-0.0997,0.0417,0.2183
714,Pelvis,2,0.5064,-0.4789,0.5821,0.4188,0.1338,-0.0773,-0.0428,-0.1185,-0.1110,-0.0294,9.7067,-1.1750,0.3724,0.0017,-0.0010,-0.0005,1.0000,0.2426,-0.0295,0.0095
715,Left,0,0.2128,0.0334,-0.9675,-0.1328,0.0128,0.0050,0.0009,-0.0083,0.0062,-0.0305,-3.9312,-1.1892,8.8782,0.0002,0.0001,0.0000,1.0000,-0.0983,-0.0298,0.2220
715,Right,2,0.1609,-0.1681,-0.8964,-0.3772,-0.0052,-0.0268,0.0127,0.0122,0.1158,-0.0888,-3.9774,1.6677,8.7159,-0.0001,-0.0003,0.0002,1.0000,-0.0995,0.0417,0.2179
715,Pelvis,2,0.5079,-0.4782,0.5821,0.4179,0.1093,-0.0817,-0.0426,-0.0442,-0.1051,0.0024,9.7300,-1.2413,0.3655,0.0014,-0.0010,-0.0005,1.0000,0.2432,-0.0312,0.0093
716,Left,0,0.2128,0.0333,-0.9675,-0.1327,0.0109,0.0049,0.0008,-0.0146,0.0171,-0.0330,-3.9224,-1.1962,8.8784,0.0001,0.0001,0.0000,1.0000,-0.0980,-0.0299,0.2220
716,Right,2,0.1607,-0.1678,-0.8965,-0.3771,-0.0081,-0.0237,0.0119,0.0146,0.1394,-0.0766,-3.9631,1.6491,8.7399,-0.0001,-0.0003,0.0001,1.0000,-0.0991,0.0412,0.2185
716,Pelvis,2,0.5092,-0.4776,0.5820,0.4170,0.1005,-0.0731,-0.0355,0.0192,-0.0663,0.0685,9.7890,-1.3087,0.3253,0.0013,-0.0009,-0.0004,1.0000,0.2447,-0.0328,0.0083
717,Left,0,0.2128,0.0332,-0.9675,-0.1327,0.0110,0.0031,-0.0004,-0.0216,0.0094,-0.0467,-3.9133,-1.1838,8.8690,0.0001,0.0000,-0.0000,1.0000,-0.0978,-0.0296,0.2217
717,Right,2,0.1605,-0.1676,-0.8965,-0.3774,-0.0030,-0.0161,0.0086,0.0216,0.1556,-0.0821,-3.9497,1.6289,8.7438,-0.0000,-0.0002,0.0001,1.0000,-0.0988,0.0407,0.2186
717,Pelvis,2,0.5102,-0.4769,0.5822,0.4163,0.0989,-0.0462,-0.0290,0.0647,-0.0065,0.1593,9.8743,-1.3682,0.2666,0.0012,-0.0006,-0.0004,1.0000,0.2468,-0.0343,0.0068
718,Left,0,0.2128,0.0332,-0.9675,-0.1327,0.0103,0.0068,0.0014,-0.0206,0.0270,-0.0355,-3.9146,-1.2010,8.8786,0.0001,0.0001,0.0000,1.0000,-0.0978,-0.0301,0.2220
718,Right,2,0.1604,-0.1674,-0.8965,-0.3775,0.0052,-0.0090,0.0077,0.0122,0.1462,-0.0813,-3.9460,1.6396,8.7442,0.0001,-0.0001,0.0001,1.0000,-0.0987,0.0410,0.2186
718,Pelvis,2,0.5109,-0.4761,0.5827,0.4156,0.1096,-0.0087,-0.0196,0.1040,0.1174,0.2123,9.9223,-1.4319,0.1516,0.0014,-0.0001,-0.0002,1.0000,0.2480,-0.0359,0.0038
719,Left,0,0.2129,0.0331,-0.9674,-0.1327,0.0061,0.0098,-0.0005,-0.0200,0.0044,-0.0251,-3.9268,-1.1797,8.8874,0.0001,0.0001,-0.0000,1.0000,-0.0981,-0.0295,0.2222
719,Right,2,0.1603,-0.1674,-0.8966,-0.3774,0.0096,-0.0036,0.0082,0.0181,0.1337,-0.0862,-3.9540,1.6418,8.7347,0.0001,-0.0000,0.0001,1.0000,-0.0989,0.0410,0.2184
719,Pelvis,2,0.5115,-0.4750,0.5835,0.4151,0.1138,0.0256,-0.0166,0.1433,0.1234,0.1387,9.8446,-1.4574,0.1576,0.0014,0.0003,-0.0002,1.0000,0.2461,-0.0365,0.0038
720,Left,0,0.2130,0.0331,-0.9674,-0.1327,0.0036,0.0128,-0.0005,-0.0398,0.0206,-0.0438,-3.8995,-1.1881,8.8778,0.0000,0.0002,-0.0000,1.0000,-0.0975,-0.0297,0.2220
720,Right,2,0.1603,-0.1673,-0.8966,-0.3774,0.0115,-0.0025,0.0069,0.0170,0.1441,-0.0909,-3.9438,1.6346,8.7355,0.0001,-0.0000,0.0001,1.0000,-0.0986,0.0408,0.2184
720,Pelvis,2,0.5120,-0.4738,0.5844,0.4146,0.1217,0.0391,-0.0172,0.1148,0.1098,0.0059,9.7172,-1.4057,0.1731,0.0015,0.0005,-0.0002,1.0000,0.2429,-0.0352,0.0042
721,Left,0,0.2131,0.0331,-0.9674,-0.1327,0.0036,0.0104,0.0007,-0.0249,0.0266,-0.0481,-3.9114,-1.1972,8.8666,0.0000,0.0001,0.0000,1.0000,-0.0978,-0.0299,0.2217
721,Right,2,0.1602,-0.1673,-0.8966,-0.3775,0.0085,-0.0007,0.0044,-0.0344,0.1347,-0.1214,-3.9017,1.6722,8.7132,0.0001,-0.0000,0.0001,1.0000,-0.0975,0.0418,0.2178
721,Pelvis,2,0.5125,-0.4726,0.5853,0.4140,0.1243,0.0305,-0.0148,0.1000,0.0695,-0.0519,9.6622,-1.3716,0.2206,0.0016,0.0004,-0.0002,1.0000,0.2415,-0.0343,0.0054
722,Left,0,0.2132,0.0331,-0.9674,-0.1326,0.0072,0.0098,0.0026,-0.0197,0.0228,-0.0355,-3.9238,-1.1959,8.8752,0.0001,0.0001,0.0000,1.0000,-0.0981,-0.0299,0.2219
722,Right,2,0.1602,-0.1673,-0.8964,-0.3778,0.0086,0.0016,0.0012,-0.0045,0.1574,-0.1028,-3.9140,1.6377,8.7353,0.0001,0.0000,0.0000,1.0000,-0.0978,0.0409,0.2184
722,Pelvis,2,0.5130,-0.4716,0.5862,0.4134,0.1133,0.0245,-0.0049,0.0119,0.0116,-0.0007,9.7246,-1.2783,0.2702,0.0014,0.0003,-0.0001,1.0000,0.2431,-0.0320,0.0066
723,Left,0,0.2133,0.0330,-0.9674,-0.1326,0.0072,0.0080,0.0038,-0.0472,0.0538,-0.0782,-3.8757,-1.2130,8.8472,0.0001,0.0001,0.0000,1.0000,-0.0969,-0.0303,0.2212
723,Right,2,0.1602,-0.1672,-0.8964,-0.3780,0.0081,0.0041,0.0017,-0.0013,0.1645,-0.0946,-3.9153,1.6308,8.7452,0.0001,0.0001,0.0000,1.0000,-0.0979,0.0407,0.2186
723,Pelvis,2,0.5133,-0.4708,0.5870,0.4128,0.0918,0.0294,0.0054,-0.0477,0.0009,0.0701,9.8024,-1.2277,0.2793,0.0011,0.0004,0.0001,1.0000,0.2451,-0.0307,0.0069
724,Left,0,0.2134,0.0329,-0.9674,-0.1324,0.0089,0.0141,0.0099,-0.0489,0.0218,-0.0690,-3.8888,-1.1813,8.8557,0.0001,0.0002,0.0001,1.0000,-0.0972,-0.0296,0.2214
724,Right,2,0.1602,-0.1672,-0.8963,-0.3782,0.0044,0.0041,-0.0020,-0.0067,0.1522,-0.0809,-3.9254,1.6432,8.7533,0.0001,0.0001,-0.0000,1.0000,-0.0981,0.0411,0.2188
724,Pelvis,2,0.5133,-0.4701,0.5877,0.4124,0.0694,0.0386,0.0101,-0.0557,0.0819,0.0201,9.7535,-1.2330,0.2071,0.0009,0.0005,0.0001,1.0000,0.2438,-0.0308,0.0050
725,Left,0,0.2137,0.0329,-0.9673,-0.1323,0.0058,0.0214,0.0093,-0.0076,0.0050,-0.0204,-3.9528,-1.1794,8.8811,0.0001,0.0003,0.0001,1.0000,-0.0988,-0.0295,0.2221
725,Right,2,0.1603,-0.1670,-0.8962,-0.3785,0.0001,0.0029,-0.0044,0.0099,0.1254,-0.0995,-3.9455,1.6421,8.7234,0.0000,0.0000,-0.0001,1.0000,-0.0986,0.0411,0.2181
725,Pelvis,2,0.5135,-0.4695,0.5883,0.4121,0.0548,0.0321,-0.0006,0.0153,0.0647,-0.0358,9.6882,-1.2922,0.2469,0.0007,0.0004,-0.0000,1.0000,0.2422,-0.0323,0.0061
726,Left,0,0.2139,0.0328,-0.9673,-0.1322,0.0052,0.0190,0.0074,-0.0151,0.0188,-0.0444,-3.9371,-1.1869,8.8606,0.0001,0.0002,0.0001,1.0000,-0.0984,-0.0297,0.2215
726,Right,2,0.1603,-0.1668,-0.8962,-0.3786,-0.0048,0.0011,-0.0068,0.0305,0.1292,-0.0753,-3.9670,1.6244,8.7440,-0.0001,0.0000,-0.0001,1.0000,-0.0992,0.0406,0.2186
727,Left,0,0.2140,0.0327,-0.9673,-0.1321,0.0107,0.0159,0.0106,-0.0300,0.0323,-0.0505,-3.9216,-1.1938,8.8599,0.0001,0.0002,0.0001,1.0000,-0.0980,-0.0299,0.2215
727,Right,2,0.1604,-0.1665,-0.8961,-0.3788,-0.0061,-0.0002,-0.0080,0.0182,0.1399,-0.0615,-3.9579,1.6235,8.7638,-0.0001,-0.0000,-0.0001,1.0000,-0.0989,0.0406,0.2191
727,Pelvis,2,0.5139,-0.4685,0.5890,0.4118,0.0465,0.0178,-0.0090,0.0205,0.0517,-0.0584,9.6651,-1.2893,0.2698,0.0012,0.0004,-0.0002,1.0000,0.4832,-0.0646,0.0132
728,Left,0,0.2142,0.0326,-0.9673,-0.1320,0.0101,0.0147,0.0100,-0.0020,-0.0008,-0.0078,-3.9755,-1.1715,8.8859,0.0001,0.0002,0.0001,1.0000,-0.0993,-0.0293,0.2222
728,Right,2,0.1605,-0.1663,-0.8961,-0.3789,-0.0041,0.0042,-0.0051,0.0157,0.1494,-0.0879,-3.9395,1.6093,8.7455,-0.0001,0.0001,-0.0001,1.0000,-0.0985,0.0402,0.2186
728,Pelvis,2,0.5139,-0.4681,0.5893,0.4116,0.0300,0.0171,-0.0081,0.0020,0.0703,0.0312,9.7565,-1.2852,0.2585,0.0004,0.0002,-0.0001,1.0000,0.2439,-0.0322,0.0064
729,Left,0,0.2144,0.0325,-0.9673,-0.1318,0.0077,0.0165,0.0087,0.0243,0.0058,-0.0390,-3.9872,-1.1785,8.8452,0.0001,0.0002,0.0001,1.0000,-0.0996,-0.0295,0.2211
729,Right,2,0.1606,-0.1662,-0.8960,-0.3792,0.0039,0.0070,-0.0064,0.0323,0.1263,-0.0759,-3.9702,1.6104,8.7445,0.0000,0.0001,-0.0001,1.0000,-0.0992,0.0403,0.2186
729,Pelvis,2,0.5139,-0.4678,0.5896,0.4116,0.0166,0.0201,-0.0075,-0.0443,0.0838,0.0421,9.7734,-1.2448,0.2405,0.0002,0.0003,-0.0001,1.0000,0.2443,-0.0311,0.0059
730,Left,0,0.2145,0.0324,-0.9673,-0.1317,0.0083,0.0153,0.0081,-0.0277,0.0047,-0.0186,-3.9538,-1.1657,8.8845,0.0001,0.0002,0.0001,1.0000,-0.0988,-0.0292,0.2221
730,Right,2,0.1607,-0.1661,-0.8960,-0.3792,0.0069,0.0064,-0.0033,0.0227,0.1169,-0.0751,-3.9713,1.6208,8.7428,0.0001,0.0001,-0.0000,1.0000,-0.0993,0.0405,0.2186
730,Pelvis,2,0.5138,-0.4677,0.5897,0.4117,-0.0011,0.0249,-0.0066,-0.0620,0.0539,-0.0074,9.7265,-1.2134,0.2696,-0.0000,0.0003,-0.0001,1.0000,0.2432,-0.0304,0.0067
731,Left,0,0.2147,0.0323,-0.9672,-0.1316,0.0107,0.0172,0.0075,-0.0144,0.0352,-0.0548,-3.9459,-1.1921,8.8447,0.0001,0.0002,0.0001,1.0000,-0.0986,-0.0298,0.2211
731,Right,2,0.1608,-0.1661,-0.8960,-0.3793,0.0063,0.0058,-0.0032,0.0274,0.1245,-0.0452,-3.9834,1.6153,8.7717,0.0001,0.0001,-0.0000,1.0000,-0.0996,0.0404,0.2193
731,Pelvis,2,0.5137,-0.4676,0.5898,0.4119,-0.0166,0.0204,-0.0112,-0.0184,0.0055,-0.0445,9.6837,-1.2389,0.3298,-0.0002,0.0003,-0.0001,1.0000,0.2421,-0.0310,0.0082
732,Left,0,0.2149,0.0322,-0.9672,-0.1316,0.0089,0.0220,0.0057,-0.0000,0.0073,-0.0282,-3.9807,-1.1699,8.8612,0.0001,0.0003,0.0001,1.0000,-0.0995,-0.0293,0.2216
732,Right,2,0.1608,-0.1660,-0.8959,-0.3794,0.0074,0.0028,-0.0007,0.0251,0.1338,-0.0716,-3.9653,1.6041,8.7527,0.0001,0.0000,-0.0000,1.0000,-0.0991,0.0401,0.2188
732,Pelvis,2,0.5135,-0.4675,0.5897,0.4122,-0.0273,0.0227,-0.0162,0.0205,-0.0058,-0.0267,9.6963,-1.2737,0.3544,-0.0003,0.0003,-0.0002,1.0000,0.2424,-0.0319,0.0088
733,Left,0,0.2151,0.0321,-0.9672,-0.1315,0.0078,0.0171,0.0038,-0.0320,0.0042,-0.0312,-3.9564,-1.1576,8.8705,0.0001,0.0002,0.0000,1.0000,-0.0989,-0.0290,0.2218
733,Right,2,0.1608,-0.1659,-0.8959,-0.3794,0.0087,0.0039,-0.0019,-0.0111,0.1249,-0.0773,-3.9448,1.6337,8.7500,0.0001,0.0000,-0.0000,1.0000,-0.0986,0.0408,0.2188
733,Pelvis,2,0.5134,-0.4676,0.5896,0.4125,-0.0372,0.0158,-0.0192,0.0625,-0.0116,-0.0388,9.6789,-1.3086,0.3715,-0.0005,0.0002,-0.0002,1.0000,0.2420,-0.0328,0.0093
734,Right,2,0.1609,-0.1658,-0.8959,-0.3795,0.0080,0.0015,-0.0012,0.0343,0.1276,-0.0683,-3.9771,1.5982,8.7521,0.0001,0.0000,-0.0000,1.0000,-0.0994,0.0399,0.2188
734,Pelvis,2,0.5133,-0.4677,0.5893,0.4129,-0.0389,0.0017,-0.0194,0.0952,0.0154,-0.0261,9.6878,-1.3440,0.3536,-0.0005,0.0000,-0.0002,1.0000,0.2422,-0.0337,0.0089
735,Left,0,0.2153,0.0319,-0.9671,-0.1314,0.0099,0.0107,0.0054,-0.0108,0.0091,-0.0381,-3.9748,-1.1637,8.8537,0.0002,0.0003,0.0001,1.0000,-0.1986,-0.0583,0.4427
735,Right,2,0.1609,-0.1657,-0.8959,-0.3796,0.0056,0.0041,-0.0001,0.0129,0.1312,-0.0755,-3.9576,1.6083,8.7511,0.0001,0.0001,-0.0000,1.0000,-0.0989,0.0402,0.2188
735,Pelvis,2,0.5134,-0.4679,0.5890,0.4131,-0.0387,-0.0123,-0.0173,0.1279,0.0170,-0.0506,9.6599,-1.3696,0.3553,-0.0005,-0.0002,-0.0002,1.0000,0.2415,-0.0343,0.0089
736,Right,2,0.1609,-0.1656,-0.8959,-0.3795,0.0074,0.0011,0.0018,0.0188,0.1183,-0.0803,-3.9678,1.6095,8.7407,0.0001,0.0000,0.0000,1.0000,-0.0992,0.0402,0.2185
736,Pelvis,2,0.5135,-0.4681,0.5885,0.4132,-0.0362,-0.0245,-0.0172,0.1233,-0.0053,-0.0590,9.6528,-1.3553,0.3697,-0.0005,-0.0003,-0.0002,1.0000,0.2413,-0.0339,0.0093
737,Right,2,0.1608,-0.1655,-0.8959,-0.3796,0.0057,-0.0128,0.0036,0.0034,0.1155,-0.0836,-3.9561,1.6203,8.7403,0.0001,-0.0002,0.0000,1.0000,-0.0989,0.0405,0.2185
737,Pelvis,2,0.5137,-0.4684,0.5881,0.4133,-0.0342,-0.0281,-0.0153,0.1092,-0.0044,-0.0317,9.6825,-1.3415,0.3586,-0.0004,-0.0004,-0.0002,1.0000,0.2421,-0.0336,0.0091
738,Left,0,0.2153,0.0316,-0.9672,-0.1312,0.0113,0.0043,0.0049,-0.0029,0.0080,-0.0332,-3.9872,-1.1598,8.8541,0.0004,0.0002,0.0002,1.0000,-0.2989,-0.0873,0.6641
738,Right,2,0.1607,-0.1653,-0.8959,-0.3798,0.0041,-0.0061,0.0033,0.0122,0.1284,-0.0978,-3.9451,1.6009,8.7332,0.0001,-0.0001,0.0000,1.0000,-0.0986,0.0400,0.2183
738,Pelvis,2,0.5138,-0.4686,0.5877,0.4134,-0.0310,-0.0249,-0.0113,0.0892,-0.0085,0.0352,9.7520,-1.3274,0.3532,-0.0004,-0.0003,-0.0001,1.0000,0.2438,-0.0332,0.0089
739,Right,2,0.1606,-0.1652,-0.8959,-0.3799,0.0048,-0.0025,0.0032,0.0196,0.1320,-0.0767,-3.9547,1.5947,8.7535,0.0001,-0.0000,0.0000,1.0000,-0.0989,0.0399,0.2188
739,Pelvis,2,0.5139,-0.4689,0.5875,0.4134,-0.0307,-0.0169,-0.0060,0.0665,-0.0021,0.0406,9.7608,-1.3063,0.3356,-0.0004,-0.0002,-0.0001,1.0000,0.2440,-0.0327,0.0085
740,Right,2,0.1606,-0.1651,-0.8959,-0.3799,0.0073,-0.0007,0.0025,0.0030,0.1160,-0.0753,-3.9530,1.6158,8.7518,0.0001,-0.0000,0.0000,1.0000,-0.0988,0.0404,0.2188
740,Pelvis,2,0.5138,-0.4691,0.5872,0.4136,-0.0349,-0.0065,-0.0029,0.0587,-0.0225,0.0514,9.7726,-1.2948,0.3496,-0.0004,-0.0001,-0.0000,1.0000,0.2443,-0.0324,0.0088
741,Left,0,0.2153,0.0315,-0.9672,-0.1311,0.0095,0.0017,0.0027,-0.0152,0.0132,-0.0491,-3.9695,-1.1549,8.8452,0.0004,0.0001,0.0001,1.0000,-0.2977,-0.0869,0.6634
741,Right,2,0.1605,-0.1651,-0.8958,-0.3801,0.0103,-0.0001,0.0050,0.0110,0.1157,-0.0848,-3.9532,1.6075,8.7426,0.0001,-0.0000,0.0001,1.0000,-0.0988,0.0402,0.2186
741,Pelvis,2,0.5137,-0.4693,0.5871,0.4138,-0.0326,0.0064,-0.0020,0.0701,-0.0222,0.0432,9.7632,-1.3044,0.3499,-0.0004,0.0001,-0.0000,1.0000,0.2441,-0.0326,0.0087
742,Left,0,0.2153,0.0314,-0.9672,-0.1310,0.0097,0.0013,0.0008,-0.0254,0.0136,-0.0289,-3.9681,-1.1534,8.8684,0.0001,0.0000,0.0000,1.0000,-0.0992,-0.0289,0.2217
742,Right,2,0.1605,-0.1650,-0.8959,-0.3800,0.0115,-0.0006,0.0074,0.0157,0.1194,-0.0855,-3.9535,1.6008,8.7430,0.0001,-0.0000,0.0001,1.0000,-0.0988,0.0400,0.2186
742,Pelvis,2,0.5135,-0.4694,0.5870,0.4140,-0.0344,0.0119,-0.0014,0.0796,-0.0376,-0.0034,9.7157,-1.3047,0.3660,-0.0004,0.0001,-0.0000,1.0000,0.2429,-0.0326,0.0091
743,Right,2,0.1605,-0.1650,-0.8960,-0.3798,0.0133,-0.0012,0.0093,-0.0042,0.1236,-0.0710,-3.9429,1.6152,8.7614,0.0002,-0.0000,0.0001,1.0000,-0.0986,0.0403,0.2190
743,Pelvis,2,0.5133,-0.4695,0.5869,0.4142,-0.0347,0.0130,-0.0063,0.0668,-0.0292,0.0035,9.7242,-1.2945,0.3568,-0.0004,0.0002,-0.0001,1.0000,0.2431,-0.0324,0.0089
744,Right,2,0.1605,-0.1650,-0.8960,-0.3797,0.0122,0.0005,0.0062,0.0103,0.1301,-0.0812,-3.9435,1.5985,8.7528,0.0002,0.0000,0.0001,1.0000,-0.0986,0.0399,0.2188
744,Pelvis,2,0.5131,-0.4696,0.5868,0.4146,-0.0385,0.0173,-0.0074,0.0620,-0.0262,0.0322,9.7534,-1.2927,0.3562,-0.0005,0.0002,-0.0001,1.0000,0.2438,-0.0323,0.0089
745,Right,2,0.1605,-0.1650,-0.8960,-0.3797,0.0135,0.0041,0.0054,-0.0164,0.1242,-0.0966,-3.9230,1.6193,8.7410,0.0002,0.0001,0.0001,1.0000,-0.0981,0.0404,0.2185
745,Pelvis,2,0.5128,-0.4697,0.5867,0.4150,-0.0391,0.0301,-0.0058,0.0656,0.0212,0.0873,9.8079,-1.3114,0.3164,-0.0005,0.0004,-0.0001,1.0000,0.2452,-0.0328,0.0078
746,Right,2,0.1606,-0.1650,-0.8960,-0.3796,0.0161,0.0089,0.0046,0.0005,0.1149,-0.0893,-3.9443,1.6145,8.7403,0.0002,0.0001,0.0001,1.0000,-0.0986,0.0403,0.2185
746,Pelvis,2,0.5124,-0.4696,0.5868,0.4155,-0.0348,0.0412,-0.0044,0.0642,0.0143,0.0380,9.7591,-1.3015,0.3287,-0.0004,0.0005,-0.0001,1.0000,0.2440,-0.0325,0.0081
747,Right,2,0.1607,-0.1651,-0.8960,-0.3796,0.0162,0.0107,0.0033,0.0070,0.1314,-0.0947,-3.9377,1.5984,8.7405,0.0002,0.0001,0.0000,1.0000,-0.0984,0.0399,0.2185
747,Pelvis,2,0.5120,-0.4695,0.5869,0.4159,-0.0307,0.0473,-0.0053,0.1044,0.0372,0.0124,9.7285,-1.3407,0.3233,-0.0004,0.0006,-0.0001,1.0000,0.2432,-0.0335,0.0080
748,Right,2,0.1608,-0.1652,-0.8959,-0.3797,0.0175,0.0118,0.0021,0.0162,0.1318,-0.0824,-3.9505,1.5940,8.7491,0.0002,0.0001,0.0000,1.0000,-0.0987,0.0398,0.2188
748,Pelvis,2,0.5116,-0.4694,0.5871,0.4163,-0.0235,0.0473,-0.0081,0.1078,0.0178,0.0150,9.7303,-1.3387,0.3533,-0.0003,0.0006,-0.0001,1.0000,0.2433,-0.0335,0.0087
749,Right,2,0.1609,-0.1653,-0.8959,-0.3796,0.0193,0.0131,0.0045,0.0033,0.1131,-0.0682,-3.9618,1.6193,8.7550,0.0002,0.0002,0.0001,1.0000,-0.0990,0.0404,0.2189
749,Pelvis,2,0.5112,-0.4692,0.5872,0.4167,-0.0166,0.0450,-0.0054,0.0923,0.0123,-0.0070,9.7103,-1.3180,0.3652,-0.0002,0.0006,-0.0001,1.0000,0.2428,-0.0330,0.0090
750,Right,2,0.1610,-0.1654,-0.8959,-0.3796,0.0187,0.0118,0.0039,0.0007,0.1229,-0.0945,-3.9452,1.6112,8.7348,0.0002,0.0001,0.0000,1.0000,-0.0986,0.0402,0.2184
750,Pelvis,2,0.5109,-0.4690,0.5874,0.4171,-0.0152,0.0426,-0.0017,0.0782,-0.0023,-0.0277,9.6911,-1.2978,0.3864,-0.0002,0.0005,-0.0000,1.0000,0.2423,-0.0324,0.0095
751,Right,2,0.1611,-0.1655,-0.8958,-0.3797,0.0168,0.0112,0.0021,-0.0124,0.1042,-0.0803,-3.9563,1.6363,8.7408,0.0002,0.0001,0.0000,1.0000,-0.0989,0.0409,0.2185
751,Pelvis,2,0.5106,-0.4689,0.5876,0.4173,-0.0150,0.0341,-0.0010,0.0369,0.0005,-0.0251,9.6988,-1.2587,0.3834,-0.0002,0.0004,-0.0000,1.0000,0.2425,-0.0315,0.0095
752,Right,2,0.1612,-0.1655,-0.8959,-0.3796,0.0131,0.0101,0.0015,0.0071,0.1206,-0.0823,-3.9603,1.6106,8.7417,0.0002,0.0001,0.0000,1.0000,-0.0990,0.0402,0.2186
752,Pelvis,2,0.5104,-0.4689,0.5877,0.4175,-0.0179,0.0280,0.0017,0.0540,0.0300,-0.0453,9.6766,-1.2797,0.3637,-0.0002,0.0003,0.0000,1.0000,0.2419,-0.0320,0.0090
753,Right,2,0.1612,-0.1655,-0.8958,-0.3797,0.0143,0.0077,0.0041,0.0194,0.1169,-0.0789,-3.9725,1.6047,8.7409,0.0002,0.0001,0.0001,1.0000,-0.0993,0.0401,0.2185
753,Pelvis,2,0.5101,-0.4688,0.5878,0.4177,-0.0167,0.0243,0.0011,0.0485,0.0165,0.0052,9.7268,-1.2788,0.3842,-0.0002,0.0003,0.0000,1.0000,0.2432,-0.0320,0.0095
754,Right,2,0.1612,-0.1655,-0.8958,-0.3798,0.0124,0.0053,0.0041,0.0042,0.1140,-0.0822,-3.9634,1.6172,8.7391,0.0002,0.0001,0.0001,1.0000,-0.0991,0.0404,0.2185
754,Pelvis,2,0.5098,-0.4688,0.5880,0.4179,-0.0179,0.0280,0.0017,0.0226,0.0252,0.0297,9.7543,-1.2596,0.3769,-0.0002,0.0003,0.0000,1.0000,0.2439,-0.0315,0.0093
755,Right,2,0.1612,-0.1655,-0.8958,-0.3798,0.0111,0.0060,0.0047,0.0192,0.1078,-0.0660,-3.9847,1.6125,8.7482,0.0001,0.0001,0.0001,1.0000,-0.0996,0.0403,0.2187
755,Pelvis,2,0.5095,-0.4688,0.5881,0.4181,-0.0222,0.0267,0.0013,0.0158,0.0469,-0.0234,9.7024,-1.2521,0.3582,-0.0003,0.0003,0.0000,1.0000,0.2426,-0.0313,0.0089
756,Right,2,0.1612,-0.1655,-0.8957,-0.3799,0.0124,0.0059,0.0035,0.0197,0.1014,-0.0749,-3.9857,1.6146,8.7375,0.0002,0.0001,0.0000,1.0000,-0.0996,0.0403,0.2184
756,Pelvis,2,0.5093,-0.4688,0.5881,0.4182,-0.0221,0.0200,0.0026,0.0319,0.0099,-0.0168,9.7060,-1.2614,0.4023,-0.0003,0.0002,0.0000,1.0000,0.2427,-0.0315,0.0100
757,Right,2,0.1612,-0.1655,-0.8957,-0.3800,0.0117,0.0048,0.0060,0.0056,0.1118,-0.0828,-3.9672,1.6165,8.7368,0.0001,0.0001,0.0001,1.0000,-0.0992,0.0404,0.2184
757,Pelvis,2,0.5091,-0.4688,0.5881,0.4184,-0.0197,0.0182,0.0001,0.0714,0.0077,-0.0098,9.7075,-1.3007,0.4170,-0.0002,0.0002,0.0000,1.0000,0.2427,-0.0325,0.0104
758,Right,2,0.1612,-0.1655,-0.8956,-0.3801,0.0122,0.0012,0.0080,0.0114,0.1150,-0.0834,-3.9682,1.6101,8.7369,0.0002,0.0000,0.0001,1.0000,-0.0992,0.0402,0.2184
758,Pelvis,2,0.5089,-0.4688,0.5882,0.4185,-0.0136,0.0133,-0.0001,0.0766,0.0460,-0.0327,9.6844,-1.3120,0.3835,-0.0002,0.0002,-0.0000,1.0000,0.2421,-0.0328,0.0096
759,Right,2,0.1611,-0.1655,-0.8957,-0.3800,0.0109,-0.0012,0.0081,0.0016,0.1056,-0.0827,-3.9672,1.6232,8.7356,0.0001,-0.0000,0.0001,1.0000,-0.0992,0.0405,0.2184
759,Pelvis,2,0.5088,-0.4688,0.5882,0.4187,-0.0130,0.0121,-0.0002,0.0547,0.0448,-0.0164,9.7033,-1.2923,0.3838,-0.0002,0.0002,-0.0000,1.0000,0.2426,-0.0323,0.0096
760,Right,2,0.1611,-0.1654,-0.8957,-0.3800,0.0097,-0.0006,0.0074,0.0073,0.1090,-0.0833,-3.9673,1.6165,8.7361,0.0001,-0.0000,0.0001,1.0000,-0.0992,0.0404,0.2184
760,Pelvis,2,0.5087,-0.4688,0.5883,0.4187,-0.0105,0.0121,0.0009,0.0421,0.0439,0.0013,9.7225,-1.2824,0.3843,-0.0001,0.0002,0.0000,1.0000,0.2431,-0.0321,0.0096
761,Right,2,0.1610,-0.1654,-0.8957,-0.3800,0.0109,0.0000,0.0080,0.0005,0.1290,-0.0612,-3.9583,1.6119,8.7660,0.0001,0.0000,0.0001,1.0000,-0.0990,0.0403,0.2192
761,Pelvis,2,0.5086,-0.4689,0.5883,0.4188,-0.0121,0.0073,0.0041,0.0465,0.0325,-0.0165,9.7037,-1.2832,0.3978,-0.0002,0.0001,0.0001,1.0000,0.2426,-0.0321,0.0099
762,Right,2,0.1611,-0.1654,-0.8958,-0.3799,0.0110,0.0031,0.0079,0.0065,0.1128,-0.0967,-3.9577,1.6115,8.7265,0.0001,0.0000,0.0001,1.0000,-0.0989,0.0402,0.2182
762,Pelvis,2,0.5086,-0.4689,0.5883,0.4188,-0.0091,0.0042,0.0028,0.0718,0.0486,-0.0040,9.7130,-1.3135,0.3890,-0.0001,0.0001,0.0000,1.0000,0.2428,-0.0328,0.0097
763,Right,2,0.1611,-0.1653,-0.8958,-0.3799,0.0110,0.0030,0.0055,0.0095,0.1199,-0.0884,-3.9588,1.6057,8.7364,0.0001,0.0000,0.0001,1.0000,-0.0990,0.0401,0.2184
763,Pelvis,2,0.5085,-0.4689,0.5884,0.4188,-0.0055,0.0061,0.0020,0.0673,0.0598,0.0139,9.7314,-1.3141,0.3785,-0.0001,0.0001,0.0000,1.0000,0.2433,-0.0328,0.0094
764,Right,2,0.1611,-0.1653,-0.8958,-0.3799,0.0111,0.0048,0.0060,0.0011,0.1397,-0.0880,-3.9407,1.5987,8.7466,0.0001,0.0001,0.0001,1.0000,-0.0985,0.0399,0.2187
764,Pelvis,2,0.5085,-0.4688,0.5885,0.4188,-0.0018,0.0135,0.0036,0.0167,0.0608,0.0150,9.7390,-1.2661,0.3689,-0.0000,0.0002,0.0000,1.0000,0.2435,-0.0316,0.0092
765,Right,2,0.1611,-0.1653,-0.8957,-0.3799,0.0124,0.0065,0.0041,0.0074,0.1267,-0.0929,-3.9514,1.6015,8.7356,0.0002,0.0001,0.0001,1.0000,-0.0988,0.0400,0.2184
765,Pelvis,2,0.5084,-0.4687,0.5886,0.4188,-0.0019,0.0177,0.0023,0.0182,0.0502,0.0163,9.7397,-1.2666,0.3823,-0.0000,0.0002,0.0000,1.0000,0.2435,-0.0317,0.0095
766,Right,2,0.1612,-0.1653,-0.8957,-0.3799,0.0130,0.0077,0.0034,0.0155,0.0979,-0.0804,-3.9814,1.6162,8.7329,0.0002,0.0001,0.0000,1.0000,-0.0995,0.0404,0.2183
766,Pelvis,2,0.5083,-0.4685,0.5888,0.4189,0.0004,0.0201,-0.0015,0.0427,0.0332,0.0122,9.7320,-1.2858,0.4078,0.0000,0.0003,-0.0000,1.0000,0.2433,-0.0322,0.0101
767,Right,2,0.1613,-0.1654,-0.8957,-0.3799,0.0118,0.0066,0.0047,-0.0009,0.1116,-0.0794,-3.9634,1.6190,8.7418,0.0001,0.0001,0.0001,1.0000,-0.0991,0.0404,0.2186
767,Pelvis,2,0.5083,-0.4684,0.5889,0.4189,0.0033,0.0146,-0.0040,0.0344,0.0154,-0.0373,9.6838,-1.2662,0.4258,0.0000,0.0002,-0.0001,1.0000,0.2421,-0.0317,0.0106
768,Right,2,0.1613,-0.1654,-0.8957,-0.3800,0.0129,0.0041,0.0042,0.0241,0.1081,-0.0727,-3.9852,1.6039,8.7422,0.0002,0.0001,0.0001,1.0000,-0.0996,0.0401,0.2186
768,Pelvis,2,0.5082,-0.4682,0.5890,0.4190,0.0027,0.0140,-0.0046,0.0408,0.0189,-0.0263,9.6937,-1.2747,0.4287,0.0000,0.0002,-0.0001,1.0000,0.2423,-0.0319,0.0107
769,Right,2,0.1612,-0.1653,-0.8957,-0.3800,0.0098,0.0018,0.0055,-0.0085,0.1088,-0.0922,-3.9550,1.6236,8.7305,0.0001,0.0000,0.0001,1.0000,-0.0989,0.0406,0.2183
769,Pelvis,2,0.5082,-0.4681,0.5891,0.4190,0.0028,0.0104,-0.0027,0.0383,0.0290,-0.0180,9.7025,-1.2739,0.4211,0.0000,0.0001,-0.0000,1.0000,0.2426,-0.0319,0.0105
770,Right,2,0.1613,-0.1653,-0.8957,-0.3800,0.0092,0.0029,0.0036,-0.0004,0.0926,-0.1060,-3.9647,1.6248,8.7103,0.0001,0.0000,0.0000,1.0000,-0.0991,0.0406,0.2178
770,Pelvis,2,0.5083,-0.4680,0.5892,0.4190,0.0034,0.0085,-0.0045,0.0300,0.0500,0.0082,9.7299,-1.2730,0.4014,0.0000,0.0001,-0.0001,1.0000,0.2432,-0.0318,0.0100
771,Right,2,0.1613,-0.1652,-0.8957,-0.3800,0.0106,0.0059,0.0017,0.0079,0.1093,-0.0894,-3.9672,1.6097,8.7307,0.0001,0.0001,0.0000,1.0000,-0.0992,0.0402,0.2183
771,Pelvis,2,0.5082,-0.4679,0.5893,0.4190,0.0040,0.0110,-0.0028,0.0429,0.0145,0.0243,9.7434,-1.2806,0.4421,0.0001,0.0001,-0.0000,1.0000,0.2436,-0.0320,0.0110
772,Right,2,0.1614,-0.1652,-0.8957,-0.3800,0.0105,0.0060,0.0047,0.0252,0.0994,-0.0821,-3.9884,1.6038,8.7302,0.0001,0.0001,0.0001,1.0000,-0.0997,0.0401,0.2183
772,Pelvis,2,0.5082,-0.4677,0.5895,0.4190,0.0094,0.0129,-0.0049,0.0696,0.0380,0.0165,9.7325,-1.3096,0.4274,0.0001,0.0002,-0.0001,1.0000,0.2433,-0.0328,0.0106
773,Right,2,0.1614,-0.1652,-0.8957,-0.3800,0.0111,0.0041,0.0042,0.0018,0.1066,-0.0804,-3.9694,1.6161,8.7385,0.0001,0.0001,0.0001,1.0000,-0.0992,0.0404,0.2185
773,Pelvis,2,0.5083,-0.4674,0.5897,0.4189,0.0167,0.0160,-0.0065,0.0658,0.0052,0.0093,9.7252,-1.2977,0.4612,0.0002,0.0002,-0.0001,1.0000,0.2431,-0.0325,0.0115
774,Right,2,0.1614,-0.1651,-0.8957,-0.3800,0.0116,0.0016,0.0037,0.0034,0.0971,-0.0982,-3.9696,1.6171,8.7183,0.0001,0.0000,0.0000,1.0000,-0.0992,0.0404,0.2180
774,Pelvis,2,0.5083,-0.4671,0.5900,0.4188,0.0209,0.0215,-0.0061,0.0615,0.0155,0.0176,9.7341,-1.2960,0.4557,0.0003,0.0003,-0.0001,1.0000,0.2434,-0.0324,0.0113
775,Right,2,0.1615,-0.1651,-0.8957,-0.3799,0.0106,0.0066,0.0035,0.0061,0.1039,-0.0899,-3.9711,1.6111,8.7281,0.0001,0.0001,0.0000,1.0000,-0.0993,0.0402,0.2182
775,Pelvis,2,0.5083,-0.4667,0.5903,0.4187,0.0257,0.0240,-0.0070,0.0542,0.0430,0.0138,9.7314,-1.2950,0.4329,0.0003,0.0003,-0.0001,1.0000,0.2433,-0.0324,0.0107
776,Left,2,0.2165,0.0308,-0.9670,-0.1308,0.0058,0.0055,-0.0009,-0.0234,0.0317,-0.0386,-3.9809,-1.1498,8.8524,0.0025,0.0023,-0.0004,1.0000,-3.3666,-0.9945,7.5300
776,Right,2,0.1615,-0.1651,-0.8957,-0.3799,0.0142,0.0059,0.0047,-0.0001,0.1075,-0.0720,-3.9726,1.6161,8.7464,0.0002,0.0001,0.0001,1.0000,-0.0993,0.0404,0.2187
776,Pelvis,2,0.5084,-0.4663,0.5906,0.4186,0.0275,0.0209,-0.0089,0.0793,0.0427,-0.0216,9.6929,-1.3130,0.4432,0.0003,0.0003,-0.0001,1.0000,0.2423,-0.0329,0.0110
777,Right,2,0.1616,-0.1651,-0.8957,-0.3799,0.0130,0.0072,0.0059,0.0042,0.0947,-0.0987,-3.9733,1.6167,8.7160,0.0002,0.0001,0.0001,1.0000,-0.0993,0.0404,0.2179
777,Pelvis,2,0.5085,-0.4660,0.5909,0.4186,0.0288,0.0185,-0.0083,0.0747,-0.0054,0.0025,9.7165,-1.2991,0.4955,0.0004,0.0002,-0.0001,1.0000,0.2429,-0.0325,0.0123
778,Right,2,0.1616,-0.1651,-0.8957,-0.3799,0.0123,0.0048,0.0054,0.0034,0.0921,-0.0769,-3.9845,1.6226,8.7341,0.0002,0.0001,0.0001,1.0000,-0.0996,0.0405,0.2184
778,Pelvis,2,0.5085,-0.4657,0.5912,0.4185,0.0266,0.0173,-0.0033,0.0599,0.0208,-0.0123,9.7040,-1.2886,0.4722,0.0003,0.0002,-0.0000,1.0000,0.2426,-0.0322,0.0117
779,Right,2,0.1617,-0.1651,-0.8957,-0.3799,0.0123,0.0055,0.0078,0.0116,0.1086,-0.0602,-3.9869,1.6084,8.7544,0.0002,0.0001,0.0001,1.0000,-0.0997,0.0402,0.2189
779,Pelvis,2,0.5085,-0.4654,0.5915,0.4183,0.0255,0.0167,-0.0008,0.0674,0.0058,0.0108,9.7252,-1.2966,0.4952,0.0003,0.0002,-0.0000,1.0000,0.2431,-0.0324,0.0123
780,Left,2,0.2167,0.0311,-0.9669,-0.1310,0.0031,0.0070,-0.0015,-0.0178,0.0113,-0.0334,-3.9989,-1.1473,8.8503,0.0002,0.0004,-0.0001,1.0000,-0.3996,-0.1148,0.8852
780,Right,2,0.1617,-0.1652,-0.8957,-0.3798,0.0141,0.0055,0.0097,0.0018,0.1123,-0.0859,-3.9680,1.6090,8.7344,0.0002,0.0001,0.0001,1.0000,-0.0992,0.0402,0.2184
780,Pelvis,2,0.5086,-0.4651,0.5918,0.4182,0.0254,0.0192,-0.0008,0.0710,0.0618,-0.0146,9.7007,-1.3081,0.4440,0.0003,0.0002,-0.0000,1.0000,0.2425,-0.0327,0.0110
781,Right,2,0.1617,-0.1652,-0.8957,-0.3798,0.0123,0.0054,0.0066,-0.0014,0.0964,-0.0813,-3.9779,1.6231,8.7321,0.0002,0.0001,0.0001,1.0000,-0.0994,0.0405,0.2183
781,Pelvis,2,0.5086,-0.4648,0.5920,0.4180,0.0212,0.0118,-0.0023,0.0647,0.0727,-0.0664,9.6500,-1.2992,0.4330,0.0003,0.0001,-0.0000,1.0000,0.2413,-0.0325,0.0108
782,Right,2,0.1617,-0.1652,-0.8957,-0.3799,0.0112,0.0072,0.0053,-0.0041,0.1098,-0.0769,-3.9701,1.6168,8.7419,0.0001,0.0001,0.0001,1.0000,-0.0992,0.0404,0.2186
782,Pelvis,2,0.5088,-0.4647,0.5922,0.4177,0.0220,-0.0059,-0.0002,0.0712,0.0423,-0.0817,9.6331,-1.2981,0.4653,0.0003,-0.0001,-0.0000,1.0000,0.2408,-0.0325,0.0116
783,Left,2,0.2170,0.0311,-0.9668,-0.1310,0.0048,0.0116,-0.0001,-0.0235,0.0162,-0.0482,-3.9913,-1.1503,8.8369,0.0002,0.0004,-0.0000,1.0000,-0.2991,-0.0864,0.6629
783,Right,2,0.1619,-0.1652,-0.8957,-0.3798,0.0106,0.0091,0.0046,0.0033,0.0939,-0.0908,-3.9811,1.6184,8.7210,0.0001,0.0001,0.0001,1.0000,-0.0995,0.0404,0.2180
783,Pelvis,2,0.5090,-0.4646,0.5924,0.4174,0.0260,-0.0131,0.0046,0.0746,0.0729,-0.0144,9.7000,-1.3172,0.4390,0.0003,-0.0002,0.0001,1.0000,0.2425,-0.0329,0.0110
784,Left,2,0.2171,0.0310,-0.9668,-0.1309,0.0072,0.0086,0.0026,0.0060,0.0004,-0.0295,-4.0323,-1.1448,8.8397,0.0001,0.0001,0.0000,1.0000,-0.1008,-0.0286,0.2210
784,Right,2,0.1619,-0.1652,-0.8957,-0.3798,0.0106,0.0066,0.0053,0.0154,0.1071,-0.0612,-3.9942,1.6053,8.7506,0.0001,0.0001,0.0001,1.0000,-0.0998,0.0401,0.2188
784,Pelvis,2,0.5093,-0.4645,0.5925,0.4170,0.0274,-0.0198,0.0071,0.0523,0.0951,-0.0307,9.6873,-1.3000,0.4069,0.0003,-0.0002,0.0001,1.0000,0.2422,-0.0325,0.0102
785,Right,2,0.1620,-0.1652,-0.8957,-0.3798,0.0106,0.0073,0.0059,0.0084,0.0945,-0.0695,-3.9947,1.6169,8.7388,0.0001,0.0001,0.0001,1.0000,-0.0998,0.0404,0.2185
785,Pelvis,2,0.5096,-0.4644,0.5926,0.4165,0.0273,-0.0229,0.0053,0.0752,0.0688,-0.0335,9.6805,-1.3199,0.4333,0.0003,-0.0003,0.0001,1.0000,0.2420,-0.0330,0.0109
786,Left,2,0.2171,0.0309,-0.9668,-0.1309,0.0085,0.0019,0.0020,-0.0129,0.0011,-0.0481,-4.0089,-1.1368,8.8309,0.0002,0.0000,0.0001,1.0000,-0.2004,-0.0569,0.4415
786,Right,2,0.1620,-0.1651,-0.8957,-0.3798,0.0093,0.0060,0.0047,0.0050,0.0917,-0.0912,-3.9858,1.6171,8.7186,0.0001,0.0001,0.0001,1.0000,-0.0996,0.0404,0.2180
786,Pelvis,2,0.5098,-0.4644,0.5927,0.4161,0.0274,-0.0271,0.0060,0.0594,0.0372,-0.0325,9.6828,-1.3004,0.4567,0.0003,-0.0003,0.0001,1.0000,0.2421,-0.0325,0.0115
787,Left,2,0.2171,0.0309,-0.9669,-0.1308,0.0085,0.0007,0.0027,-0.0048,0.0117,-0.0445,-4.0142,-1.1484,8.8309,0.0001,0.0000,0.0000,1.0000,-0.1004,-0.0287,0.2208
787,Right,2,0.1620,-0.1651,-0.8957,-0.3798,0.0080,0.0043,0.0048,0.0067,0.0855,-0.0784,-3.9967,1.6210,8.7272,0.0001,0.0001,0.0001,1.0000,-0.0999,0.0405,0.2182
787,Pelvis,2,0.5102,-0.4645,0.5927,0.4157,0.0251,-0.0345,0.0068,0.0695,-0.0282,-0.0140,9.6987,-1.2990,0.5173,0.0003,-0.0004,0.0001,1.0000,0.2425,-0.0325,0.0130
788,Right,2,0.1621,-0.1650,-0.8957,-0.3798,0.0080,0.0024,0.0042,0.0054,0.0956,-0.0828,-3.9881,1.6129,8.7277,0.0001,0.0000,0.0001,1.0000,-0.0997,0.0403,0.2182
788,Pelvis,2,0.5105,-0.4644,0.5927,0.4152,0.0251,-0.0296,0.0073,0.0555,-0.0193,0.0024,9.7173,-1.2907,0.4985,0.0003,-0.0004,0.0001,1.0000,0.2429,-0.0322,0.0125
789,Left,2,0.2170,0.0308,-0.9669,-0.1308,0.0073,-0.0003,0.0008,-0.0083,0.0104,-0.0355,-4.0148,-1.1455,8.8410,0.0002,-0.0000,0.0000,1.0000,-0.2007,-0.0574,0.4420
789,Right,2,0.1621,-0.1650,-0.8957,-0.3798,0.0086,0.0019,0.0067,0.0247,0.0989,-0.0799,-3.9994,1.5965,8.7288,0.0001,0.0000,0.0001,1.0000,-0.1000,0.0399,0.2182
789,Pelvis,2,0.5108,-0.4644,0.5928,0.4147,0.0251,-0.0253,0.0085,0.0513,0.0223,0.0275,9.7432,-1.3030,0.4514,0.0003,-0.0003,0.0001,1.0000,0.2436,-0.0326,0.0114
790,Left,2,0.2169,0.0308,-0.9669,-0.1308,0.0073,-0.0024,0.0008,-0.0116,0.0078,-0.0265,-4.0150,-1.1428,8.8512,0.0001,-0.0000,0.0000,1.0000,-0.1004,-0.0286,0.2213
790,Right,2,0.1621,-0.1649,-0.8957,-0.3798,0.0061,0.0012,0.0043,0.0016,0.0900,-0.0828,-3.9885,1.6174,8.7267,0.0001,0.0000,0.0001,1.0000,-0.0997,0.0404,0.2182
790,Pelvis,2,0.5111,-0.4645,0.5928,0.4142,0.0214,-0.0278,0.0075,0.0523,0.0193,0.0083,9.7238,-1.3051,0.4475,0.0003,-0.0003,0.0001,1.0000,0.2431,-0.0326,0.0113
791,Left,2,0.2169,0.0308,-0.9669,-0.1307,0.0043,0.0019,0.0001,-0.0163,0.0095,-0.0390,-4.0047,-1.1415,8.8422,0.0001,0.0000,0.0000,1.0000,-0.1001,-0.0285,0.2211
791,Right,2,0.1622,-0.1648,-0.8957,-0.3798,0.0092,0.0031,0.0073,-0.0118,0.1006,-0.0688,-3.9793,1.6210,8.7459,0.0001,0.0000,0.0001,1.0000,-0.0995,0.0405,0.2187
791,Pelvis,2,0.5112,-0.4646,0.5930,0.4138,0.0189,-0.0204,0.0093,0.0470,-0.0212,0.0025,9.7174,-1.2958,0.4817,0.0002,-0.0003,0.0001,1.0000,0.2429,-0.0324,0.0121
792,Left,2,0.2169,0.0308,-0.9669,-0.1307,0.0061,0.0000,-0.0011,-0.0089,0.0150,-0.0253,-4.0151,-1.1502,8.8516,0.0001,0.0000,-0.0000,1.0000,-0.1004,-0.0288,0.2213
792,Right,2,0.1622,-0.1648,-0.8957,-0.3797,0.0116,0.0031,0.0079,0.0051,0.1038,-0.0877,-3.9806,1.6027,8.7276,0.0001,0.0000,0.0001,1.0000,-0.0995,0.0400,0.2182
792,Pelvis,2,0.5114,-0.4646,0.5932,0.4133,0.0146,-0.0113,0.0093,0.0398,-0.0203,0.0312,9.7465,-1.2974,0.4757,0.0002,-0.0001,0.0001,1.0000,0.2437,-0.0324,0.0119
793,Left,2,0.2169,0.0308,-0.9669,-0.1308,0.0062,0.0018,-0.0023,-0.0245,0.0097,-0.0426,-3.9953,-1.1391,8.8428,0.0001,0.0000,-0.0000,1.0000,-0.0999,-0.0285,0.2211
793,Right,2,0.1621,-0.1648,-0.8957,-0.3798,0.0122,0.0024,0.0073,-0.0100,0.1014,-0.0911,-3.9705,1.6151,8.7262,0.0002,0.0000,0.0001,1.0000,-0.0993,0.0403,0.2182
793,Pelvis,2,0.5115,-0.4646,0.5932,0.4131,0.0126,-0.0083,0.0057,0.0075,0.0014,0.0134,9.7334,-1.2711,0.4444,0.0002,-0.0001,0.0001,1.0000,0.2433,-0.0318,0.0111
794,Left,2,0.2169,0.0308,-0.9669,-0.1308,0.0055,0.0012,-0.0023,-0.0168,0.0091,-0.0606,-3.9946,-1.1383,8.8233,0.0001,0.0000,-0.0000,1.0000,-0.0999,-0.0285,0.2206
794,Right,2,0.1621,-0.1648,-0.8957,-0.3798,0.0104,0.0025,0.0079,0.0170,0.0948,-0.0932,-3.9914,1.5992,8.7172,0.0001,0.0000,0.0001,1.0000,-0.0998,0.0399,0.2179
794,Pelvis,2,0.5116,-0.4646,0.5934,0.4128,0.0095,-0.0065,0.0052,0.0405,-0.0150,0.0012,9.7162,-1.3011,0.4653,0.0001,-0.0001,0.0001,1.0000,0.2429,-0.0325,0.0116
795,Left,2,0.2169,0.0308,-0.9669,-0.1308,0.0056,0.0037,-0.0029,-0.0331,0.0160,-0.0144,-3.9975,-1.1465,8.8721,0.0001,0.0000,-0.0000,1.0000,-0.0999,-0.0287,0.2218
795,Right,2,0.1621,-0.1648,-0.8957,-0.3798,0.0110,0.0018,0.0074,0.0022,0.0923,-0.0966,-3.9812,1.6114,8.7158,0.0001,0.0000,0.0001,1.0000,-0.0995,0.0402,0.2179
795,Pelvis,2,0.5117,-0.4646,0.5934,0.4126,0.0082,-0.0096,0.0041,0.0206,-0.0187,-0.0017,9.7158,-1.2826,0.4629,0.0001,-0.0001,0.0001,1.0000,0.2429,-0.0321,0.0116
796,Left,2,0.2169,0.0308,-0.9669,-0.1308,0.0055,0.0055,-0.0017,-0.0238,0.0062,-0.0426,-3.9970,-1.1361,8.8424,0.0001,0.0001,-0.0000,1.0000,-0.0999,-0.0284,0.2211
796,Right,2,0.1621,-0.1648,-0.8957,-0.3798,0.0116,0.0024,0.0061,0.0012,0.0896,-0.0748,-3.9914,1.6171,8.7343,0.0001,0.0000,0.0001,1.0000,-0.0998,0.0404,0.2184
796,Pelvis,2,0.5117,-0.4646,0.5935,0.4123,0.0046,-0.0084,0.0048,0.0258,-0.0160,0.0093,9.7257,-1.2932,0.4604,0.0001,-0.0001,0.0001,1.0000,0.2431,-0.0323,0.0115
797,Left,2,0.2169,0.0308,-0.9669,-0.1308,0.0049,0.0006,-0.0017,-0.0076,0.0093,-0.0252,-4.0175,-1.1450,8.8511,0.0001,0.0000,-0.0000,1.0000,-0.1004,-0.0286,0.2213
797,Right,2,0.1621,-0.1648,-0.8957,-0.3798,0.0109,-0.0005,0.0093,0.0038,0.0801,-0.0926,-3.9910,1.6184,8.7144,0.0001,-0.0000,0.0001,1.0000,-0.0998,0.0404,0.2179
797,Pelvis,2,0.5118,-0.4647,0.5936,0.4120,0.0028,-0.0109,0.0056,0.0329,-0.0480,-0.0060,9.7089,-1.2935,0.4891,0.0000,-0.0001,0.0001,1.0000,0.2427,-0.0323,0.0123
798,Left,2,0.2169,0.0308,-0.9669,-0.1308,0.0062,0.0024,-0.0041,-0.0146,0.0016,-0.0390,-4.0076,-1.1343,8.8418,0.0001,0.0000,-0.0001,1.0000,-0.1002,-0.0284,0.2210
798,Right,2,0.1620,-0.1648,-0.8957,-0.3798,0.0122,0.0011,0.0056,0.0203,0.0866,-0.0807,-4.0020,1.6039,8.7253,0.0002,0.0000,0.0001,1.0000,-0.1000,0.0401,0.2181
798,Pelvis,2,0.5118,-0.4648,0.5936,0.4119,0.0009,-0.0140,0.0039,0.0195,0.0112,-0.0041,9.7131,-1.2969,0.4270,0.0000,-0.0002,0.0000,1.0000,0.2428,-0.0324,0.0107
799,Left,2,0.2169,0.0308,-0.9669,-0.1309,0.0056,0.0018,-0.0048,-0.0121,0.0099,-0.0378,-4.0079,-1.1432,8.8419,0.0001,0.0000,-0.0001,1.0000,-0.1002,-0.0286,0.2210
799,Right,2,0.1620,-0.1647,-0.8957,-0.3798,0.0116,0.0005,0.0062,0.0065,0.0970,-0.0886,-3.9824,1.6058,8.7252,0.0001,0.0000,0.0001,1.0000,-0.0996,0.0401,0.2181
799,Pelvis,2,0.5119,-0.4649,0.5936,0.4117,0.0008,-0.0122,0.0008,0.0284,0.0030,-0.0013,9.7143,-1.3068,0.4339,0.0000,-0.0002,0.0000,1.0000,0.2429,-0.0327,0.0109
800,Left,2,0.2168,0.0308,-0.9669,-0.1309,0.0068,0.0000,-0.0041,-0.0266,0.0016,-0.0336,-3.9988,-1.1323,8.8521,0.0001,0.0000,-0.0001,1.0000,-0.1000,-0.0283,0.2213
800,Right,2,0.1620,-0.1647,-0.8958,-0.3797,0.0122,0.0007,0.0093,0.0100,0.0876,-0.0846,-3.9920,1.6098,8.7245,0.0002,0.0000,0.0001,1.0000,-0.0998,0.0402,0.2181
800,Pelvis,2,0.5118,-0.4650,0.5935,0.4117,-0.0033,-0.0115,0.0053,0.0040,-0.0214,-0.0127,9.7059,-1.2776,0.4502,-0.0000,-0.0001,0.0001,1.0000,0.2426,-0.0319,0.0113
801,Left,2,0.2168,0.0308,-0.9669,-0.1309,0.0062,0.0000,-0.0035,-0.0226,0.0008,-0.0426,-3.9982,-1.1313,8.8425,0.0001,0.0000,-0.0000,1.0000,-0.1000,-0.0283,0.2211
801,Right,2,0.1619,-0.1647,-0.8958,-0.3797,0.0114,-0.0024,0.0082,0.0064,0.0718,-0.0801,-4.0005,1.6236,8.7228,0.0001,-0.0000,0.0001,1.0000,-0.1000,0.0405,0.2181
801,Pelvis,2,0.5119,-0.4651,0.5935,0.4116,-0.0065,-0.0116,0.0036,0.0044,-0.0227,-0.0223,9.6962,-1.2789,0.4482,-0.0001,-0.0001,0.0000,1.0000,0.2424,-0.0320,0.0112
802,Left,2,0.2168,0.0308,-0.9669,-0.1310,0.0063,-0.0012,-0.0053,-0.0261,-0.0006,-0.0336,-3.9984,-1.1303,8.8525,0.0001,-0.0000,-0.0001,1.0000,-0.1000,-0.0283,0.2213
802,Right,2,0.1619,-0.1646,-0.8958,-0.3797,0.0115,-0.0012,0.0081,0.0033,0.0852,-0.0756,-3.9909,1.6175,8.7335,0.0001,-0.0000,0.0001,1.0000,-0.0998,0.0404,0.2183
802,Pelvis,2,0.5118,-0.4653,0.5935,0.4115,-0.0102,-0.0123,0.0026,0.0208,-0.0439,0.0132,9.7285,-1.2977,0.4721,-0.0001,-0.0002,0.0000,1.0000,0.2432,-0.0324,0.0118
803,Left,2,0.2167,0.0308,-0.9669,-0.1310,0.0062,-0.0037,-0.0041,-0.0112,0.0054,-0.0378,-4.0069,-1.1394,8.8428,0.0001,-0.0000,-0.0001,1.0000,-0.1002,-0.0285,0.2211
803,Right,2,0.1618,-0.1646,-0.8958,-0.3797,0.0102,-0.0030,0.0076,0.0035,0.0792,-0.0845,-3.9900,1.6197,8.7236,0.0001,-0.0000,0.0001,1.0000,-0.0998,0.0405,0.2181
803,Pelvis,2,0.5117,-0.4655,0.5934,0.4115,-0.0095,-0.0135,0.0038,0.0119,0.0225,-0.0149,9.7026,-1.3015,0.4025,-0.0001,-0.0002,0.0000,1.0000,0.2426,-0.0325,0.0101
804,Left,2,0.2166,0.0308,-0.9669,-0.1310,0.0056,-0.0031,-0.0047,-0.0218,-0.0027,-0.0426,-3.9964,-1.1286,8.8437,0.0001,-0.0000,-0.0001,1.0000,-0.0999,-0.0282,0.2211
804,Right,2,0.1618,-0.1645,-0.8959,-0.3797,0.0102,-0.0029,0.0100,0.0120,0.0957,-0.0676,-3.9907,1.6054,8.7449,0.0001,-0.0000,0.0001,1.0000,-0.0998,0.0401,0.2186
804,Pelvis,2,0.5118,-0.4657,0.5933,0.4114,-0.0090,-0.0147,0.0019,0.0323,0.0072,-0.0094,9.7049,-1.3211,0.4190,-0.0001,-0.0002,0.0000,1.0000,0.2426,-0.0330,0.0105
805,Left,2,0.2166,0.0308,-0.9669,-0.1311,0.0063,-0.0006,-0.0065,-0.0143,0.0025,-0.0288,-4.0060,-1.1376,8.8534,0.0001,-0.0000,-0.0001,1.0000,-0.1002,-0.0284,0.2213
805,Right,2,0.1617,-0.1645,-0.8959,-0.3797,0.0108,-0.0030,0.0082,0.0063,0.0963,-0.0805,-3.9797,1.6070,8.7353,0.0001,-0.0000,0.0001,1.0000,-0.0995,0.0401,0.2184
805,Pelvis,2,0.5119,-0.4657,0.5931,0.4114,-0.0071,-0.0122,0.0024,0.0149,0.0287,0.0248,9.7418,-1.3121,0.3919,-0.0001,-0.0002,0.0000,1.0000,0.2435,-0.0328,0.0098
806,Left,2,0.2165,0.0309,-0.9669,-0.1312,0.0044,-0.0018,-0.0048,-0.0184,0.0227,-0.0299,-3.9956,-1.1564,8.8545,0.0001,-0.0000,-0.0001,1.0000,-0.0999,-0.0289,0.2214
806,Right,2,0.1616,-0.1645,-0.8959,-0.3797,0.0107,-0.0048,0.0095,0.0124,0.0837,-0.0854,-3.9881,1.6098,8.7253,0.0001,-0.0001,0.0001,1.0000,-0.0997,0.0402,0.2181
806,Pelvis,2,0.5118,-0.4659,0.5931,0.4114,-0.0113,-0.0080,0.0044,0.0041,0.0021,-0.0138,9.7044,-1.2933,0.4116,-0.0001,-0.0001,0.0001,1.0000,0.2426,-0.0323,0.0103
807,Left,2,0.2165,0.0309,-0.9669,-0.1312,0.0056,-0.0006,-0.0047,-0.0188,0.0030,-0.0414,-3.9949,-1.1364,8.8447,0.0001,-0.0000,-0.0001,1.0000,-0.0999,-0.0284,0.2211
807,Right,2,0.1615,-0.1644,-0.8959,-0.3797,0.0113,-0.0054,0.0090,0.0086,0.0842,-0.0765,-3.9868,1.6142,8.7350,0.0001,-0.0001,0.0001,1.0000,-0.0997,0.0403,0.2184
807,Pelvis,2,0.5118,-0.4661,0.5930,0.4112,-0.0162,-0.0153,0.0041,0.0062,-0.0424,-0.0484,9.6691,-1.2838,0.4506,-0.0002,-0.0002,0.0001,1.0000,0.2417,-0.0321,0.0113
808,Left,2,0.2165,0.0309,-0.9669,-0.1313,0.0081,0.0012,-0.0059,-0.0136,-0.0009,-0.0288,-4.0051,-1.1354,8.8541,0.0001,0.0000,-0.0001,1.0000,-0.1001,-0.0284,0.2214
808,Right,2,0.1614,-0.1644,-0.8960,-0.3797,0.0095,-0.0053,0.0096,0.0137,0.1041,-0.0724,-3.9770,1.5984,8.7471,0.0001,-0.0001,0.0001,1.0000,-0.0994,0.0399,0.2187
808,Pelvis,2,0.5119,-0.4663,0.5929,0.4111,-0.0186,-0.0154,0.0036,0.0175,0.0061,0.0083,9.7242,-1.3148,0.4029,-0.0002,-0.0002,0.0000,1.0000,0.2431,-0.0329,0.0101
809,Left,2,0.2164,0.0308,-0.9669,-0.1313,0.0075,-0.0006,-0.0047,-0.0183,0.0007,-0.0414,-3.9947,-1.1342,8.8450,0.0001,-0.0000,-0.0001,1.0000,-0.0999,-0.0284,0.2211
809,Right,2,0.1613,-0.1643,-0.8960,-0.3797,0.0095,-0.0059,0.0096,0.0129,0.0851,-0.0769,-3.9843,1.6107,8.7363,0.0001,-0.0001,0.0001,1.0000,-0.0996,0.0402,0.2184
809,Pelvis,2,0.5119,-0.4665,0.5926,0.4113,-0.0211,-0.0086,0.0055,0.0162,0.0014,0.0478,9.7640,-1.3152,0.4052,-0.0003,-0.0001,0.0001,1.0000,0.2441,-0.0329,0.0102
810,Left,2,0.2163,0.0308,-0.9670,-0.1314,0.0069,-0.0049,-0.0053,-0.0159,0.0090,-0.0401,-3.9939,-1.1429,8.8457,0.0001,-0.0001,-0.0001,1.0000,-0.0999,-0.0286,0.2211
810,Right,2,0.1611,-0.1643,-0.8960,-0.3797,0.0113,-0.0072,0.0109,0.0206,0.0855,-0.0863,-3.9830,1.6033,8.7279,0.0001,-0.0001,0.0001,1.0000,-0.0996,0.0400,0.2182
810,Pelvis,2,0.5117,-0.4667,0.5925,0.4113,-0.0228,-0.0013,0.0079,-0.0086,0.0347,0.0301,9.7500,-1.2991,0.3647,-0.0003,-0.0000,0.0001,1.0000,0.2438,-0.0325,0.0091
811,Left,2,0.2162,0.0309,-0.9670,-0.1314,0.0063,-0.0092,-0.0071,-0.0282,0.0101,-0.0347,-3.9829,-1.1418,8.8568,0.0001,-0.0001,-0.0001,1.0000,-0.0996,-0.0286,0.2214
811,Right,2,0.1610,-0.1643,-0.8961,-0.3797,0.0137,-0.0065,0.0139,0.0103,0.0927,-0.0812,-3.9714,1.6076,8.7380,0.0002,-0.0001,0.0002,1.0000,-0.0993,0.0401,0.2184
811,Pelvis,2,0.5115,-0.4669,0.5925,0.4114,-0.0241,0.0085,0.0077,-0.0029,0.0470,0.0399,9.7586,-1.3112,0.3545,-0.0003,0.0001,0.0001,1.0000,0.2440,-0.0328,0.0088
812,Left,2,0.2160,0.0309,-0.9670,-0.1315,0.0058,-0.0098,-0.0077,-0.0182,0.0192,-0.0515,-3.9795,-1.1512,8.8386,0.0001,-0.0001,-0.0001,1.0000,-0.0995,-0.0288,0.2210
812,Right,2,0.1609,-0.1643,-0.8961,-0.3796,0.0150,-0.0048,0.0120,0.0085,0.0898,-0.0812,-3.9697,1.6120,8.7380,0.0002,-0.0001,0.0002,1.0000,-0.0993,0.0402,0.2185
812,Pelvis,2,0.5115,-0.4670,0.5924,0.4116,-0.0217,0.0079,0.0076,0.0116,0.0315,-0.0066,9.7107,-1.3136,0.3702,-0.0003,0.0001,0.0001,1.0000,0.2428,-0.0328,0.0092
813,Left,2,0.2159,0.0309,-0.9670,-0.1315,0.0039,-0.0092,-0.0065,-0.0139,0.0027,-0.0186,-3.9983,-1.1409,8.8678,0.0000,-0.0001,-0.0001,1.0000,-0.1000,-0.0285,0.2217
813,Right,2,0.1607,-0.1643,-0.8961,-0.3796,0.0156,-0.0054,0.0121,-0.0013,0.0969,-0.0762,-3.9585,1.6169,8.7478,0.0002,-0.0001,0.0002,1.0000,-0.0990,0.0404,0.2187
813,Pelvis,2,0.5112,-0.4671,0.5923,0.4119,-0.0219,0.0023,0.0029,0.0198,0.0204,-0.0436,9.6725,-1.3153,0.3842,-0.0003,0.0000,0.0000,1.0000,0.2418,-0.0329,0.0096
814,Left,2,0.2158,0.0310,-0.9670,-0.1316,0.0039,-0.0074,-0.0078,-0.0340,0.0187,-0.0370,-3.9664,-1.1503,8.8606,0.0000,-0.0001,-0.0001,1.0000,-0.0992,-0.0288,0.2215
814,Right,2,0.1606,-0.1643,-0.8962,-0.3796,0.0162,-0.0055,0.0115,-0.0076,0.0683,-0.0892,-3.9649,1.6395,8.7260,0.0002,-0.0001,0.0001,1.0000,-0.0991,0.0409,0.2182
814,Pelvis,2,0.5112,-0.4673,0.5921,0.4120,-0.0206,-0.0013,0.0029,0.0164,0.0316,-0.0258,9.6909,-1.3163,0.3720,-0.0003,-0.0000,0.0000,1.0000,0.2423,-0.0329,0.0093
815,Left,2,0.2157,0.0310,-0.9671,-0.1317,0.0062,-0.0049,-0.0041,-0.0175,0.0158,-0.0515,-3.9736,-1.1502,8.8413,0.0001,-0.0001,-0.0001,1.0000,-0.0994,-0.0288,0.2210
815,Right,2,0.1605,-0.1643,-0.8962,-0.3795,0.0125,-0.0054,0.0102,0.0046,0.0944,-0.0855,-3.9558,1.6151,8.7390,0.0002,-0.0001,0.0001,1.0000,-0.0989,0.0403,0.2185
815,Pelvis,2,0.5112,-0.4675,0.5920,0.4120,-0.0267,-0.0063,0.0032,-0.0065,0.0372,-0.0109,9.7090,-1.2978,0.3581,-0.0003,-0.0001,0.0000,1.0000,0.2427,-0.0324,0.0090
816,Left,2,0.2156,0.0311,-0.9671,-0.1317,0.0032,-0.0019,-0.0060,-0.0282,0.0077,-0.0563,-3.9631,-1.1398,8.8422,0.0000,-0.0000,-0.0001,1.0000,-0.0991,-0.0285,0.2211
816,Right,2,0.1604,-0.1643,-0.8962,-0.3795,0.0132,-0.0048,0.0102,0.0033,0.0754,-0.0901,-3.9631,1.6282,8.7280,0.0002,-0.0001,0.0001,1.0000,-0.0991,0.0407,0.2182
816,Pelvis,2,0.5113,-0.4677,0.5916,0.4121,-0.0279,-0.0142,0.0022,0.0268,0.0006,-0.0220,9.6937,-1.3172,0.3961,-0.0003,-0.0002,0.0000,1.0000,0.2423,-0.0329,0.0100
817,Left,2,0.2156,0.0311,-0.9671,-0.1318,0.0056,-0.0024,-0.0047,-0.0135,0.0195,-0.0287,-3.9827,-1.1588,8.8613,0.0001,-0.0000,-0.0001,1.0000,-0.0996,-0.0290,0.2215
817,Right,2,0.1603,-0.1643,-0.8963,-0.3795,0.0126,-0.0042,0.0107,0.0069,0.0823,-0.0816,-3.9626,1.6234,8.7387,0.0002,-0.0001,0.0001,1.0000,-0.0991,0.0405,0.2185
817,Pelvis,2,0.5114,-0.4680,0.5912,0.4122,-0.0241,-0.0276,0.0028,0.0772,-0.0056,-0.0627,9.6468,-1.3574,0.4058,-0.0003,-0.0003,0.0000,1.0000,0.2412,-0.0339,0.0102
818,Left,2,0.2155,0.0311,-0.9671,-0.1318,0.0056,-0.0024,-0.0053,-0.0059,0.0191,-0.0467,-3.9810,-1.1584,8.8422,0.0001,-0.0000,-0.0001,1.0000,-0.0995,-0.0290,0.2211
818,Right,2,0.1602,-0.1642,-0.8963,-0.3795,0.0106,-0.0078,0.0097,-0.0034,0.0895,-0.0765,-3.9513,1.6273,8.7487,0.0001,-0.0001,0.0001,1.0000,-0.0988,0.0406,0.2187
818,Pelvis,2,0.5116,-0.4683,0.5908,0.4122,-0.0185,-0.0411,0.0022,0.0962,-0.0495,-0.0453,9.6618,-1.3663,0.4447,-0.0002,-0.0005,0.0000,1.0000,0.2415,-0.0341,0.0113
819,Left,2,0.2154,0.0311,-0.9671,-0.1318,0.0056,-0.0037,-0.0047,-0.0166,0.0111,-0.0515,-3.9706,-1.1477,8.8430,0.0001,-0.0000,-0.0001,1.0000,-0.0993,-0.0287,0.2211
819,Right,2,0.1600,-0.1642,-0.8963,-0.3795,0.0106,-0.0077,0.0115,0.0175,0.0896,-0.0824,-3.9601,1.6110,8.7412,0.0001,-0.0001,0.0001,1.0000,-0.0990,0.0402,0.2185
819,Pelvis,2,0.5119,-0.4686,0.5904,0.4121,-0.0143,-0.0410,0.0020,0.0795,-0.0628,0.0324,9.7416,-1.3555,0.4456,-0.0002,-0.0005,0.0000,1.0000,0.2435,-0.0339,0.0113
820,Left,2,0.2153,0.0311,-0.9671,-0.1319,0.0075,-0.0049,-0.0059,-0.0136,-0.0022,-0.0401,-3.9798,-1.1370,8.8527,0.0001,-0.0001,-0.0001,1.0000,-0.0995,-0.0284,0.2213
820,Right,2,0.1599,-0.1641,-0.8964,-0.3794,0.0111,-0.0095,0.0135,0.0222,0.0639,-0.0830,-3.9764,1.6246,8.7304,0.0001,-0.0001,0.0002,1.0000,-0.0994,0.0406,0.2183
820,Pelvis,2,0.5123,-0.4688,0.5900,0.4120,-0.0063,-0.0428,0.0022,0.0978,-0.0723,0.0159,9.7238,-1.3659,0.4470,-0.0001,-0.0005,0.0000,1.0000,0.2431,-0.0341,0.0113
821,Left,2,0.2152,0.0311,-0.9671,-0.1319,0.0075,-0.0092,-0.0052,-0.0033,-0.0089,-0.0150,-3.9986,-1.1358,8.8722,0.0001,-0.0001,-0.0001,1.0000,-0.1000,-0.0284,0.2218
821,Right,2,0.1596,-0.1640,-0.8965,-0.3794,0.0096,-0.0179,0.0145,0.0108,0.1035,-0.0688,-3.9455,1.6100,8.7633,0.0001,-0.0002,0.0002,1.0000,-0.0987,0.0402,0.2191
821,Pelvis,2,0.5127,-0.4690,0.5896,0.4118,0.0043,-0.0525,0.0049,0.1317,-0.1248,-0.0528,9.6516,-1.3761,0.4922,0.0001,-0.0007,0.0001,1.0000,0.2413,-0.0344,0.0125
822,Left,2,0.2151,0.0311,-0.9671,-0.1320,0.0039,-0.0062,-0.0090,-0.0206,-0.0049,-0.0221,-3.9772,-1.1350,8.8741,0.0000,-0.0001,-0.0001,1.0000,-0.0995,-0.0284,0.2218
822,Right,2,0.1594,-0.1639,-0.8966,-0.3793,0.0115,-0.0155,0.0150,0.0098,0.0845,-0.0734,-3.9501,1.6231,8.7535,0.0001,-0.0002,0.0002,1.0000,-0.0988,0.0405,0.2188
822,Pelvis,2,0.5132,-0.4691,0.5893,0.4116,0.0140,-0.0463,0.0030,0.1184,-0.1717,0.0587,9.7647,-1.3638,0.5275,0.0002,-0.0006,0.0000,1.0000,0.2441,-0.0341,0.0133
823,Left,2,0.2151,0.0312,-0.9671,-0.1321,-0.0003,0.0017,-0.0110,-0.0093,0.0011,-0.0173,-3.9861,-1.1455,8.8740,-0.0000,0.0000,-0.0001,1.0000,-0.0997,-0.0286,0.2219
823,Right,2,0.1592,-0.1640,-0.8966,-0.3793,0.0173,-0.0077,0.0165,-0.0073,0.0985,-0.0940,-3.9176,1.6246,8.7450,0.0002,-0.0001,0.0002,1.0000,-0.0980,0.0405,0.2186
823,Pelvis,2,0.5136,-0.4690,0.5890,0.4115,0.0168,-0.0353,-0.0003,0.1294,-0.2089,0.1336,9.8384,-1.3712,0.5598,0.0002,-0.0004,-0.0000,1.0000,0.2460,-0.0343,0.0141
824,Right,2,0.1590,-0.1640,-0.8967,-0.3792,0.0192,-0.0071,0.0171,-0.0056,0.0924,-0.0812,-3.9251,1.6320,8.7545,0.0002,-0.0001,0.0002,1.0000,-0.0982,0.0407,0.2189
824,Pelvis,2,0.5141,-0.4689,0.5887,0.4113,0.0310,-0.0389,0.0020,0.1952,-0.2228,0.0256,9.7241,-1.4114,0.5747,0.0004,-0.0005,0.0000,1.0000,0.2431,-0.0353,0.0145
825,Right,2,0.1589,-0.1641,-0.8967,-0.3792,0.0193,-0.0048,0.0145,-0.0129,0.0801,-0.0897,-3.9223,1.6464,8.7435,0.0002,-0.0001,0.0002,1.0000,-0.0981,0.0411,0.2186
825,Pelvis,2,0.5145,-0.4689,0.5888,0.4108,0.0376,-0.0429,0.0115,0.2044,-0.2601,-0.0486,9.6497,-1.4029,0.6031,0.0005,-0.0005,0.0001,1.0000,0.2412,-0.0350,0.0152
826,Left,2,0.2148,0.0315,-0.9671,-0.1324,0.0019,-0.0048,-0.0107,-0.0167,0.0095,-0.0272,-3.9706,-1.1535,8.8690,0.0001,-0.0002,-0.0004,1.0000,-0.2980,-0.0864,0.6651
826,Right,2,0.1588,-0.1642,-0.8967,-0.3791,0.0206,-0.0030,0.0144,0.0130,0.0897,-0.0870,-3.9328,1.6238,8.7461,0.0003,-0.0000,0.0002,1.0000,-0.0983,0.0405,0.2187
826,Pelvis,2,0.5150,-0.4689,0.5887,0.4103,0.0347,-0.0429,0.0141,0.1097,-0.2346,-0.0379,9.6734,-1.3186,0.5492,0.0004,-0.0005,0.0002,1.0000,0.2418,-0.0329,0.0138
827,Left,2,0.2147,0.0316,-0.9671,-0.1325,0.0009,-0.0074,-0.0103,-0.0184,0.0020,-0.0424,-3.9606,-1.1484,8.8574,0.0000,-0.0001,-0.0001,1.0000,-0.0990,-0.0287,0.2214
827,Right,2,0.1586,-0.1643,-0.8968,-0.3790,0.0224,-0.0017,0.0174,0.0111,0.0869,-0.0870,-3.9316,1.6301,8.7454,0.0003,-0.0000,0.0002,1.0000,-0.0983,0.0407,0.2186
827,Pelvis,2,0.5152,-0.4688,0.5887,0.4102,0.0364,-0.0246,0.0143,0.1496,-0.2138,0.0459,9.7518,-1.3694,0.5354,0.0005,-0.0003,0.0002,1.0000,0.2438,-0.0342,0.0134
828,Left,2,0.2146,0.0317,-0.9671,-0.1326,0.0009,-0.0037,-0.0103,-0.0281,0.0062,-0.0676,-3.9386,-1.1493,8.8394,0.0000,-0.0000,-0.0001,1.0000,-0.0985,-0.0287,0.2210
828,Right,2,0.1585,-0.1644,-0.8968,-0.3789,0.0254,-0.0024,0.0181,0.0069,0.0874,-0.0780,-3.9306,1.6382,8.7544,0.0003,-0.0000,0.0002,1.0000,-0.0983,0.0409,0.2189
828,Pelvis,2,0.5156,-0.4686,0.5887,0.4099,0.0482,-0.0201,0.0185,0.1298,-0.2290,0.0333,9.7424,-1.3433,0.5411,0.0006,-0.0003,0.0002,1.0000,0.2436,-0.0335,0.0136
829,Left,2,0.2146,0.0318,-0.9671,-0.1327,-0.0034,0.0017,-0.0129,-0.0278,-0.0105,-0.0257,-3.9596,-1.1406,8.8773,-0.0000,0.0000,-0.0002,1.0000,-0.0990,-0.0285,0.2219
829,Right,2,0.1584,-0.1646,-0.8969,-0.3788,0.0274,0.0014,0.0222,0.0096,0.0942,-0.0694,-3.9306,1.6373,8.7641,0.0003,0.0000,0.0003,1.0000,-0.0983,0.0408,0.2191
829,Pelvis,2,0.5160,-0.4683,0.5888,0.4097,0.0521,-0.0153,0.0115,0.1918,-0.2737,0.0576,9.7590,-1.3928,0.5974,0.0007,-0.0002,0.0001,1.0000,0.2440,-0.0348,0.0150
830,Left,2,0.2147,0.0319,-0.9671,-0.1328,-0.0027,0.0029,-0.0147,-0.0245,0.0105,-0.0448,-3.9487,-1.1623,8.8583,-0.0000,0.0000,-0.0002,1.0000,-0.0987,-0.0290,0.2215
830,Right,2,0.1583,-0.1648,-0.8969,-0.3786,0.0298,-0.0005,0.0223,0.0052,0.0624,-0.0915,-3.9376,1.6625,8.7314,0.0004,-0.0000,0.0003,1.0000,-0.0985,0.0415,0.2183
830,Pelvis,2,0.5160,-0.4678,0.5891,0.4096,0.0452,0.0023,0.0109,0.1187,-0.3093,0.1488,9.8590,-1.3239,0.6231,0.0006,0.0000,0.0001,1.0000,0.2465,-0.0331,0.0156
831,Left,2,0.2147,0.0321,-0.9671,-0.1330,-0.0034,0.0023,-0.0129,-0.0030,0.0047,-0.0467,-3.9679,-1.1648,8.8473,-0.0000,0.0000,-0.0002,1.0000,-0.0992,-0.0291,0.2212
831,Right,2,0.1581,-0.1650,-0.8970,-0.3784,0.0261,0.0009,0.0222,0.0087,0.0852,-0.0565,-3.9387,1.6560,8.7712,0.0003,0.0000,0.0003,1.0000,-0.0985,0.0413,0.2193
831,Pelvis,2,0.5157,-0.4674,0.5896,0.4099,0.0334,0.0342,0.0214,0.0226,-0.3161,0.1035,9.8264,-1.2206,0.6183,0.0004,0.0004,0.0003,1.0000,0.2457,-0.0305,0.0153
832,Left,2,0.2147,0.0321,-0.9670,-0.1331,0.0015,0.0024,-0.0128,-0.0174,0.0361,-0.0410,-3.9485,-1.1951,8.8582,0.0000,0.0000,-0.0002,1.0000,-0.0987,-0.0299,0.2215
832,Right,2,0.1579,-0.1652,-0.8970,-0.3783,0.0310,-0.0003,0.0260,0.0132,0.0892,-0.0787,-3.9286,1.6519,8.7519,0.0004,-0.0000,0.0003,1.0000,-0.0982,0.0412,0.2188
832,Pelvis,2,0.5151,-0.4669,0.5902,0.4103,0.0229,0.0685,0.0243,0.0050,-0.2886,0.0873,9.8118,-1.2075,0.6030,0.0003,0.0009,0.0003,1.0000,0.2453,-0.0301,0.0149
833,Left,2,0.2147,0.0322,-0.9670,-0.1332,0.0027,0.0030,-0.0122,-0.0126,0.0136,-0.0399,-3.9588,-1.1765,8.8572,0.0000,0.0000,-0.0002,1.0000,-0.0990,-0.0294,0.2214
833,Right,2,0.1578,-0.1655,-0.8971,-0.3781,0.0310,0.0004,0.0278,0.0222,0.0733,-0.0926,-3.9369,1.6598,8.7310,0.0004,0.0000,0.0003,1.0000,-0.0984,0.0414,0.2183
833,Pelvis,2,0.5144,-0.4662,0.5909,0.4109,0.0239,0.1068,0.0125,0.0909,-0.2762,0.1997,9.9104,-1.3076,0.6381,0.0003,0.0013,0.0002,1.0000,0.2478,-0.0327,0.0156
834,Left,2,0.2146,0.0323,-0.9670,-0.1334,0.0021,0.0011,-0.0122,-0.0288,0.0144,-0.0255,-3.9501,-1.1767,8.8771,0.0000,0.0000,-0.0002,1.0000,-0.0988,-0.0294,0.2219
834,Right,2,0.1575,-0.1658,-0.8971,-0.3779,0.0345,-0.0025,0.0335,0.0322,0.0733,-0.0584,-3.9561,1.6653,8.7595,0.0004,-0.0000,0.0004,1.0000,-0.0989,0.0415,0.2190
834,Pelvis,2,0.5133,-0.4648,0.5922,0.4121,0.0452,0.1793,-0.0041,0.1614,-0.2518,0.4078,10.1054,-1.4030,0.6781,0.0006,0.0022,-0.0001,1.0000,0.2527,-0.0351,0.0164
835,Left,2,0.2147,0.0324,-0.9670,-0.1335,-0.0021,0.0054,-0.0148,-0.0297,0.0009,-0.0051,-3.9614,-1.1682,8.8956,-0.0000,0.0001,-0.0002,1.0000,-0.0990,-0.0292,0.2224
835,Right,2,0.1573,-0.1661,-0.8972,-0.3776,0.0399,-0.0024,0.0390,0.0234,0.0613,-0.0887,-3.9431,1.6824,8.7282,0.0005,-0.0000,0.0005,1.0000,-0.0986,0.0419,0.2182
835,Pelvis,2,0.5115,-0.4625,0.5945,0.4137,0.0747,0.2886,-0.0140,0.1655,-0.2479,0.6076,10.2992,-1.4259,0.7509,0.0009,0.0036,-0.0002,1.0000,0.2575,-0.0357,0.0178
836,Left,2,0.2149,0.0327,-0.9669,-0.1337,-0.0130,0.0132,-0.0206,-0.0360,0.0054,-0.0393,-3.9419,-1.1717,8.8662,-0.0002,0.0002,-0.0003,1.0000,-0.0985,-0.0292,0.2217
836,Right,2,0.1570,-0.1665,-0.8973,-0.3773,0.0430,-0.0003,0.0451,-0.0123,0.0824,-0.0950,-3.9015,1.7034,8.7360,0.0005,-0.0000,0.0006,1.0000,-0.0976,0.0424,0.2184
836,Pelvis,2,0.5090,-0.4595,0.5974,0.4158,0.0960,0.4066,-0.0151,0.0743,-0.1543,0.5916,10.2922,-1.3472,0.7322,0.0012,0.0051,-0.0002,1.0000,0.2574,-0.0337,0.0170
837,Left,2,0.2151,0.0329,-0.9668,-0.1339,-0.0161,0.0192,-0.0225,-0.0461,0.0502,-0.0629,-3.9140,-1.2159,8.8468,-0.0002,0.0002,-0.0003,1.0000,-0.0978,-0.0303,0.2212
837,Right,2,0.1568,-0.1670,-0.8975,-0.3770,0.0430,-0.0001,0.0481,-0.0367,0.0740,-0.1199,-3.8781,1.7327,8.7129,0.0005,-0.0000,0.0006,1.0000,-0.0970,0.0431,0.2178
837,Pelvis,2,0.5059,-0.4557,0.6012,0.4183,0.1215,0.5054,-0.0227,0.0968,-0.0196,0.4214,10.1172,-1.3682,0.7201,0.0015,0.0063,-0.0003,1.0000,0.2530,-0.0343,0.0164
838,Left,2,0.2154,0.0333,-0.9667,-0.1342,-0.0228,0.0240,-0.0246,-0.0321,0.0029,-0.0483,-3.9485,-1.1838,8.8517,-0.0003,0.0003,-0.0003,1.0000,-0.0987,-0.0295,0.2213
838,Right,2,0.1566,-0.1674,-0.8976,-0.3766,0.0420,0.0042,0.0479,-0.0068,0.0803,-0.1043,-3.8985,1.7204,8.7237,0.0005,0.0001,0.0006,1.0000,-0.0975,0.0428,0.2181
838,Pelvis,2,0.5025,-0.4510,0.6057,0.4210,0.1615,0.5778,-0.0412,0.1696,0.0862,0.3330,10.0149,-1.4412,0.7739,0.0020,0.0072,-0.0005,1.0000,0.2505,-0.0362,0.0175
839,Left,2,0.2158,0.0338,-0.9666,-0.1345,-0.0282,0.0282,-0.0290,-0.0343,0.0324,-0.0481,-3.9432,-1.2212,8.8493,-0.0004,0.0004,-0.0004,1.0000,-0.0985,-0.0304,0.2213
839,Right,2,0.1563,-0.1678,-0.8977,-0.3762,0.0401,0.0026,0.0510,-0.0189,0.0745,-0.0949,-3.8964,1.7450,8.7301,0.0005,0.0000,0.0006,1.0000,-0.0974,0.0435,0.2183
839,Pelvis,2,0.4989,-0.4456,0.6108,0.4237,0.2086,0.6534,-0.0488,0.2312,0.1640,0.2158,9.8835,-1.4902,0.8655,0.0026,0.0082,-0.0006,1.0000,0.2472,-0.0375,0.0195
840,Left,2,0.2162,0.0342,-0.9664,-0.1348,-0.0301,0.0349,-0.0316,-0.0453,0.0242,-0.0529,-3.9397,-1.2207,8.8457,-0.0004,0.0004,-0.0004,1.0000,-0.0984,-0.0304,0.2212
840,Right,2,0.1561,-0.1682,-0.8978,-0.3758,0.0364,0.0022,0.0510,-0.0140,0.0917,-0.1214,-3.8767,1.7350,8.7116,0.0005,0.0000,0.0006,1.0000,-0.0969,0.0432,0.2178
840,Pelvis,2,0.4949,-0.4396,0.6165,0.4264,0.2359,0.7071,-0.0527,0.2415,0.3505,0.0785,9.7467,-1.5150,0.8522,0.0029,0.0088,-0.0007,1.0000,0.2438,-0.0381,0.0190
841,Left,2,0.2167,0.0346,-0.9662,-0.1350,-0.0290,0.0416,-0.0285,-0.0461,0.0268,-0.0744,-3.9364,-1.2302,8.8220,-0.0004,0.0005,-0.0004,1.0000,-0.0983,-0.0306,0.2206
841,Right,2,0.1560,-0.1686,-0.8980,-0.3754,0.0386,0.0113,0.0511,0.0101,0.0911,-0.0835,-3.9072,1.7349,8.7401,0.0005,0.0001,0.0006,1.0000,-0.0977,0.0432,0.2185
841,Pelvis,2,0.4911,-0.4336,0.6221,0.4287,0.2596,0.6789,-0.0411,0.2024,0.4453,-0.2261,9.4465,-1.4523,0.8936,0.0032,0.0085,-0.0005,1.0000,0.2363,-0.0365,0.0202
842,Left,2,0.2172,0.0350,-0.9661,-0.1351,-0.0223,0.0356,-0.0240,-0.0383,0.0111,-0.0506,-3.9649,-1.2289,8.8357,-0.0003,0.0004,-0.0003,1.0000,-0.0990,-0.0306,0.2209
842,Right,2,0.1560,-0.1690,-0.8981,-0.3749,0.0351,0.0155,0.0477,-0.0149,0.1149,-0.0773,-3.8790,1.7477,8.7572,0.0004,0.0002,0.0006,1.0000,-0.0970,0.0435,0.2190
842,Pelvis,2,0.4878,-0.4282,0.6273,0.4303,0.2531,0.6006,-0.0250,0.0407,0.5382,-0.5214,9.1764,-1.2780,0.8843,0.0032,0.0075,-0.0003,1.0000,0.2296,-0.0321,0.0203
843,Left,2,0.2175,0.0352,-0.9660,-0.1353,-0.0163,0.0302,-0.0196,-0.0413,0.0093,-0.0416,-3.9720,-1.2352,8.8416,-0.0002,0.0004,-0.0002,1.0000,-0.0992,-0.0308,0.2211
843,Right,2,0.1559,-0.1692,-0.8981,-0.3747,0.0223,0.0126,0.0313,-0.0257,0.0635,-0.0731,-3.9059,1.7977,8.7394,0.0003,0.0002,0.0004,1.0000,-0.0976,0.0448,0.2185
843,Pelvis,2,0.4851,-0.4236,0.6317,0.4315,0.2440,0.5046,-0.0097,-0.0860,0.5654,-0.6050,9.1046,-1.1471,0.9493,0.0031,0.0063,-0.0001,1.0000,0.2278,-0.0288,0.0222
844,Left,2,0.2179,0.0355,-0.9659,-0.1355,-0.0139,0.0291,-0.0177,-0.0197,0.0029,-0.0435,-3.9969,-1.2409,8.8274,-0.0002,0.0004,-0.0002,1.0000,-0.0999,-0.0310,0.2207
844,Right,2,0.1560,-0.1693,-0.8981,-0.3746,0.0118,0.0086,0.0192,0.0112,0.0602,-0.0842,-3.9289,1.7742,8.7214,0.0001,0.0001,0.0002,1.0000,-0.0982,0.0443,0.2181
844,Pelvis,2,0.4829,-0.4194,0.6355,0.4325,0.2300,0.4338,-0.0069,-0.0717,0.6378,-0.3913,9.3096,-1.1979,1.0350,0.0029,0.0054,-0.0001,1.0000,0.2329,-0.0300,0.0245
845,Left,2,0.2182,0.0357,-0.9658,-0.1356,-0.0145,0.0272,-0.0171,-0.0034,0.0064,-0.0261,-4.0224,-1.2559,8.8329,-0.0002,0.0003,-0.0002,1.0000,-0.1005,-0.0313,0.2209
845,Right,2,0.1559,-0.1693,-0.8982,-0.3745,0.0104,0.0034,0.0219,0.0003,0.0836,-0.0745,-3.9110,1.7698,8.7414,0.0001,0.0000,0.0003,1.0000,-0.0978,0.0442,0.2185
845,Pelvis,2,0.4808,-0.4156,0.6389,0.4336,0.1987,0.4082,-0.0173,-0.0053,0.6422,-0.3707,9.3087,-1.2562,1.1557,0.0025,0.0051,-0.0002,1.0000,0.2329,-0.0315,0.0276
846,Left,2,0.2184,0.0359,-0.9657,-0.1358,-0.0095,0.0218,-0.0181,-0.0234,0.0229,-0.0445,-3.9973,-1.2695,8.8221,-0.0001,0.0003,-0.0002,1.0000,-0.0999,-0.0317,0.2206
846,Right,2,0.1558,-0.1693,-0.8983,-0.3744,0.0115,0.0001,0.0197,-0.0319,0.0851,-0.0944,-3.8794,1.7896,8.7293,0.0001,0.0000,0.0002,1.0000,-0.0970,0.0447,0.2182
846,Pelvis,2,0.4792,-0.4123,0.6417,0.4344,0.1792,0.3280,-0.0183,0.0575,0.6651,-0.2132,9.4450,-1.3306,1.2724,0.0022,0.0041,-0.0002,1.0000,0.2362,-0.0334,0.0308
847,Left,2,0.2186,0.0360,-0.9656,-0.1359,-0.0053,0.0200,-0.0137,-0.0226,-0.0002,-0.0345,-4.0121,-1.2533,8.8287,-0.0001,0.0003,-0.0002,1.0000,-0.1003,-0.0313,0.2207
847,Right,2,0.1559,-0.1693,-0.8983,-0.3743,0.0086,0.0045,0.0188,-0.0122,0.0882,-0.0694,-3.9005,1.7786,8.7500,0.0001,0.0001,0.0002,1.0000,-0.0975,0.0444,0.2188
847,Pelvis,2,0.4778,-0.4094,0.6441,0.4350,0.1664,0.2845,-0.0061,0.0578,0.5886,-0.1150,9.5181,-1.3118,1.4426,0.0021,0.0036,-0.0001,1.0000,0.2381,-0.0329,0.0352
848,Left,2,0.2189,0.0362,-0.9655,-0.1360,-0.0084,0.0236,-0.0156,-0.0549,-0.0035,-0.0373,-3.9881,-1.2458,8.8376,-0.0001,0.0003,-0.0002,1.0000,-0.0996,-0.0311,0.2210
848,Right,2,0.1559,-0.1694,-0.8983,-0.3742,0.0142,0.0073,0.0193,-0.0074,0.0919,-0.0697,-3.9019,1.7733,8.7501,0.0002,0.0001,0.0002,1.0000,-0.0975,0.0443,0.2188
848,Pelvis,2,0.4766,-0.4068,0.6465,0.4353,0.1670,0.2539,0.0035,0.0134,0.5683,-0.0604,9.5650,-1.2635,1.5310,0.0021,0.0032,0.0000,1.0000,0.2392,-0.0317,0.0374
849,Left,2,0.2192,0.0363,-0.9654,-0.1361,-0.0079,0.0261,-0.0132,-0.0164,0.0078,-0.0422,-4.0207,-1.2694,8.8139,-0.0001,0.0003,-0.0002,1.0000,-0.1005,-0.0317,0.2204
849,Right,2,0.1559,-0.1695,-0.8983,-0.3741,0.0137,0.0097,0.0179,0.0041,0.1022,-0.0922,-3.8948,1.7555,8.7320,0.0002,0.0001,0.0002,1.0000,-0.0974,0.0438,0.2183
849,Pelvis,2,0.4755,-0.4044,0.6487,0.4354,0.1582,0.2186,0.0185,-0.0201,0.5912,-0.0686,9.5572,-1.2338,1.5603,0.0020,0.0027,0.0002,1.0000,0.2390,-0.0309,0.0383
850,Left,2,0.2195,0.0364,-0.9654,-0.1361,-0.0012,0.0207,-0.0081,-0.0272,0.0005,-0.0470,-4.0160,-1.2615,8.8119,-0.0000,0.0003,-0.0001,1.0000,-0.1003,-0.0315,0.2203
850,Right,2,0.1560,-0.1695,-0.8983,-0.3741,0.0101,0.0089,0.0124,-0.0078,0.0509,-0.0880,-3.9215,1.7996,8.7152,0.0001,0.0001,0.0002,1.0000,-0.0980,0.0449,0.2179
850,Pelvis,2,0.4747,-0.4024,0.6505,0.4353,0.1500,0.1859,0.0146,-0.0290,0.5559,-0.2356,9.3821,-1.1945,1.6065,0.0019,0.0023,0.0002,1.0000,0.2346,-0.0299,0.0396
851,Left,2,0.2195,0.0364,-0.9654,-0.1362,0.0031,0.0116,-0.0055,-0.0037,-0.0092,-0.0274,-4.0492,-1.2626,8.8183,0.0000,0.0001,-0.0001,1.0000,-0.1012,-0.0316,0.2205
851,Right,2,0.1560,-0.1695,-0.8983,-0.3741,0.0075,0.0053,0.0114,0.0011,0.0671,-0.0708,-3.9246,1.7859,8.7360,0.0001,0.0001,0.0001,1.0000,-0.0981,0.0446,0.2184
851,Pelvis,2,0.4743,-0.4006,0.6521,0.4352,0.1401,0.1415,0.0100,0.0143,0.4839,-0.2303,9.3594,-1.2116,1.7292,0.0018,0.0018,0.0001,1.0000,0.2341,-0.0303,0.0428
852,Left,2,0.2195,0.0364,-0.9654,-0.1362,0.0057,0.0031,-0.0072,-0.0052,-0.0187,-0.0287,-4.0509,-1.2525,8.8176,0.0001,0.0000,-0.0001,1.0000,-0.1013,-0.0313,0.2204
852,Right,2,0.1560,-0.1695,-0.8984,-0.3740,0.0116,0.0022,0.0141,0.0253,0.0799,-0.0589,-3.9375,1.7624,8.7483,0.0001,0.0000,0.0002,1.0000,-0.0984,0.0440,0.2187
852,Pelvis,2,0.4740,-0.3990,0.6534,0.4350,0.1312,0.1144,0.0076,-0.0364,0.4510,-0.1854,9.3995,-1.1550,1.7903,0.0016,0.0014,0.0001,1.0000,0.2351,-0.0289,0.0444
853,Left,2,0.2194,0.0364,-0.9654,-0.1361,0.0075,-0.0030,-0.0040,-0.0124,-0.0200,-0.0106,-4.0519,-1.2514,8.8373,0.0001,-0.0000,-0.0001,1.0000,-0.1013,-0.0313,0.2209
853,Right,2,0.1559,-0.1696,-0.8984,-0.3739,0.0163,-0.0008,0.0186,0.0100,0.0775,-0.0625,-3.9263,1.7758,8.7466,0.0002,-0.0000,0.0002,1.0000,-0.0982,0.0443,0.2187
853,Pelvis,2,0.4737,-0.3976,0.6545,0.4348,0.1126,0.0993,0.0010,-0.0856,0.4084,-0.0694,9.5070,-1.1038,1.8720,0.0014,0.0012,0.0000,1.0000,0.2377,-0.0277,0.0465
854,Left,2,0.2194,0.0363,-0.9654,-0.1361,0.0087,-0.0024,-0.0052,-0.0199,0.0131,-0.0229,-4.0303,-1.2790,8.8295,0.0001,-0.0000,-0.0001,1.0000,-0.1008,-0.0320,0.2207
854,Right,2,0.1558,-0.1696,-0.8984,-0.3738,0.0144,-0.0019,0.0192,0.0130,0.0523,-0.0851,-3.9335,1.7878,8.7155,0.0002,-0.0000,0.0002,1.0000,-0.0984,0.0446,0.2179
854,Pelvis,2,0.4737,-0.3966,0.6554,0.4346,0.0973,0.0634,0.0069,-0.0686,0.4549,-0.0418,9.5358,-1.1332,1.8618,0.0012,0.0008,0.0001,1.0000,0.2384,-0.0284,0.0463
855,Left,2,0.2193,0.0363,-0.9654,-0.1361,0.0099,-0.0072,-0.0027,-0.0091,0.0010,-0.0297,-4.0385,-1.2679,8.8199,0.0001,-0.0001,-0.0000,1.0000,-0.1010,-0.0317,0.2205
855,Right,2,0.1557,-0.1696,-0.8985,-0.3738,0.0138,-0.0025,0.0187,0.0094,0.0821,-0.0756,-3.9149,1.7742,8.7375,0.0002,-0.0000,0.0002,1.0000,-0.0979,0.0443,0.2184
855,Pelvis,2,0.4737,-0.3959,0.6560,0.4343,0.0789,0.0330,0.0105,-0.0748,0.4423,-0.1212,9.4553,-1.1131,1.8666,0.0010,0.0004,0.0001,1.0000,0.2364,-0.0278,0.0465
856,Left,2,0.2191,0.0362,-0.9655,-0.1361,0.0112,-0.0090,-0.0021,-0.0222,0.0107,-0.0139,-4.0279,-1.2752,8.8412,0.0001,-0.0001,-0.0000,1.0000,-0.1007,-0.0319,0.2210
856,Right,2,0.1555,-0.1697,-0.8985,-0.3737,0.0138,-0.0021,0.0162,-0.0332,0.0808,-0.1081,-3.8717,1.8016,8.7150,0.0002,-0.0000,0.0002,1.0000,-0.0968,0.0450,0.2179
856,Pelvis,2,0.4740,-0.3956,0.6563,0.4338,0.0593,-0.0066,0.0165,-0.0985,0.4333,-0.1541,9.4250,-1.0845,1.8653,0.0007,-0.0001,0.0002,1.0000,0.2356,-0.0271,0.0466
857,Left,2,0.2189,0.0361,-0.9655,-0.1361,0.0154,-0.0090,-0.0007,-0.0369,0.0188,-0.0515,-3.9948,-1.2719,8.8151,0.0002,-0.0001,-0.0000,1.0000,-0.0999,-0.0318,0.2204
857,Right,2,0.1555,-0.1697,-0.8986,-0.3737,0.0133,0.0004,0.0160,0.0036,0.0638,-0.0931,-3.9115,1.7906,8.7160,0.0002,0.0000,0.0002,1.0000,-0.0978,0.0447,0.2179
857,Pelvis,2,0.4744,-0.3956,0.6563,0.4333,0.0417,-0.0415,0.0174,-0.1097,0.4406,-0.1568,9.4265,-1.0778,1.8501,0.0005,-0.0005,0.0002,1.0000,0.2356,-0.0269,0.0464
858,Left,2,0.2188,0.0360,-0.9656,-0.1359,0.0153,-0.0041,0.0023,-0.0359,-0.0032,-0.0415,-4.0042,-1.2491,8.8251,0.0002,-0.0001,0.0000,1.0000,-0.1001,-0.0313,0.2206
858,Right,2,0.1554,-0.1697,-0.8986,-0.3736,0.0128,0.0010,0.0154,-0.0045,0.0679,-0.0970,-3.9012,1.7940,8.7155,0.0002,0.0000,0.0002,1.0000,-0.0975,0.0448,0.2179
858,Pelvis,2,0.4750,-0.3961,0.6560,0.4327,0.0192,-0.0741,0.0174,-0.1575,0.4816,-0.1594,9.4424,-1.0480,1.7847,0.0002,-0.0009,0.0002,1.0000,0.2360,-0.0262,0.0448
859,Left,2,0.2187,0.0359,-0.9656,-0.1359,0.0135,-0.0017,-0.0002,-0.0484,-0.0202,-0.0476,-3.9944,-1.2260,8.8262,0.0002,-0.0000,-0.0000,1.0000,-0.0999,-0.0307,0.2206
859,Right,2,0.1554,-0.1697,-0.8986,-0.3736,0.0099,0.0032,0.0097,0.0064,0.0810,-0.0887,-3.9032,1.7797,8.7270,0.0001,0.0000,0.0001,1.0000,-0.0976,0.0445,0.2182
859,Pelvis,2,0.4756,-0.3968,0.6554,0.4322,-0.0088,-0.0933,0.0162,-0.1691,0.5391,-0.0881,9.5276,-1.0666,1.7246,-0.0001,-0.0012,0.0002,1.0000,0.2381,-0.0266,0.0434
860,Left,2,0.2187,0.0358,-0.9656,-0.1359,0.0111,-0.0029,-0.0015,-0.0204,0.0020,-0.0457,-4.0120,-1.2533,8.8163,0.0001,-0.0000,-0.0000,1.0000,-0.1003,-0.0314,0.2204
860,Right,2,0.1555,-0.1697,-0.8986,-0.3737,0.0070,0.0060,0.0027,0.0251,0.0842,-0.0854,-3.9155,1.7638,8.7285,0.0001,0.0001,0.0000,1.0000,-0.0979,0.0441,0.2182
860,Pelvis,2,0.4762,-0.3979,0.6545,0.4319,-0.0416,-0.1126,0.0137,-0.1597,0.5659,-0.1194,9.5048,-1.0852,1.6694,-0.0005,-0.0014,0.0002,1.0000,0.2376,-0.0271,0.0421
861,Left,2,0.2185,0.0357,-0.9657,-0.1358,0.0129,-0.0108,0.0029,-0.0188,0.0324,-0.0545,-3.9995,-1.2798,8.8086,0.0002,-0.0001,0.0000,1.0000,-0.1000,-0.0320,0.2202
861,Right,2,0.1556,-0.1696,-0.8985,-0.3737,0.0071,0.0082,-0.0005,0.0164,0.0590,-0.0898,-3.9247,1.7844,8.7150,0.0001,0.0001,-0.0000,1.0000,-0.0981,0.0446,0.2179
861,Pelvis,2,0.4769,-0.3994,0.6534,0.4314,-0.0632,-0.1451,0.0230,-0.1356,0.5238,-0.1605,9.4580,-1.0970,1.6735,-0.0008,-0.0018,0.0003,1.0000,0.2364,-0.0273,0.0423
862,Left,2,0.2182,0.0356,-0.9658,-0.1358,0.0172,-0.0156,0.0049,-0.0355,0.0362,-0.0615,-3.9772,-1.2756,8.8115,0.0002,-0.0002,0.0001,1.0000,-0.0995,-0.0319,0.2203
862,Right,2,0.1556,-0.1696,-0.8985,-0.3739,0.0035,0.0087,-0.0042,0.0062,0.0822,-0.0800,-3.9084,1.7764,8.7351,0.0000,0.0001,-0.0001,1.0000,-0.0977,0.0444,0.2184
862,Pelvis,2,0.4775,-0.4012,0.6521,0.4310,-0.0870,-0.1604,0.0237,-0.0979,0.5811,-0.1506,9.4772,-1.1602,1.5940,-0.0011,-0.0020,0.0003,1.0000,0.2369,-0.0289,0.0404
863,Left,2,0.2180,0.0355,-0.9658,-0.1358,0.0190,-0.0150,0.0055,-0.0409,0.0247,-0.0538,-3.9748,-1.2612,8.8232,0.0002,-0.0002,0.0001,1.0000,-0.0994,-0.0316,0.2206
863,Right,2,0.1557,-0.1695,-0.8984,-0.3741,0.0060,0.0098,-0.0043,0.0107,0.0862,-0.1020,-3.9016,1.7639,8.7161,0.0001,0.0001,-0.0001,1.0000,-0.0975,0.0441,0.2179
863,Pelvis,2,0.4783,-0.4033,0.6505,0.4306,-0.1083,-0.1808,0.0224,-0.1189,0.6451,-0.0915,9.5555,-1.1759,1.4974,-0.0014,-0.0023,0.0003,1.0000,0.2388,-0.0293,0.0380
864,Left,2,0.2178,0.0354,-0.9659,-0.1357,0.0134,-0.0077,0.0035,-0.0377,0.0115,-0.0425,-3.9830,-1.2475,8.8339,0.0002,-0.0001,0.0000,1.0000,-0.0996,-0.0312,0.2208
864,Right,2,0.1559,-0.1695,-0.8983,-0.3742,0.0056,0.0128,-0.0069,-0.0141,0.0807,-0.0964,-3.8928,1.7842,8.7222,0.0001,0.0002,-0.0001,1.0000,-0.0973,0.0446,0.2181
864,Pelvis,2,0.4791,-0.4057,0.6487,0.4303,-0.1312,-0.2033,0.0163,-0.1096,0.7054,-0.0966,9.5658,-1.2115,1.3923,-0.0016,-0.0025,0.0002,1.0000,0.2391,-0.0302,0.0355
865,Left,2,0.2177,0.0352,-0.9659,-0.1356,0.0188,-0.0107,0.0086,-0.0140,0.0498,-0.0735,-3.9779,-1.2829,8.7969,0.0002,-0.0001,0.0001,1.0000,-0.0995,-0.0321,0.2199
865,Right,2,0.1561,-0.1694,-0.8982,-0.3744,0.0025,0.0114,-0.0105,-0.0078,0.0681,-0.1014,-3.9054,1.7839,8.7109,0.0000,0.0001,-0.0001,1.0000,-0.0976,0.0446,0.2178
865,Pelvis,2,0.4801,-0.4083,0.6464,0.4301,-0.1565,-0.2333,0.0075,-0.1311,0.6194,-0.1804,9.4809,-1.1637,1.3926,-0.0020,-0.0029,0.0001,1.0000,0.2369,-0.0290,0.0356
866,Left,2,0.2174,0.0349,-0.9660,-0.1354,0.0266,-0.0179,0.0156,-0.0366,0.0628,-0.0612,-3.9566,-1.2857,8.8198,0.0003,-0.0002,0.0002,1.0000,-0.0990,-0.0322,0.2205
866,Right,2,0.1562,-0.1692,-0.8981,-0.3747,-0.0056,0.0072,-0.0158,-0.0253,0.0689,-0.0960,-3.8975,1.7923,8.7187,-0.0001,0.0001,-0.0002,1.0000,-0.0974,0.0448,0.2180
866,Pelvis,2,0.4811,-0.4113,0.6438,0.4299,-0.1884,-0.2578,-0.0017,-0.1052,0.5255,-0.2355,9.4163,-1.1610,1.4130,-0.0024,-0.0032,-0.0000,1.0000,0.2353,-0.0289,0.0362
867,Left,2,0.2171,0.0346,-0.9661,-0.1352,0.0296,-0.0166,0.0199,-0.0459,0.0107,-0.0460,-3.9654,-1.2289,8.8406,0.0004,-0.0002,0.0002,1.0000,-0.0992,-0.0308,0.2210
867,Right,2,0.1564,-0.1689,-0.8980,-0.3750,-0.0105,0.0065,-0.0207,0.0007,0.0785,-0.0930,-3.9124,1.7607,8.7219,-0.0001,0.0001,-0.0003,1.0000,-0.0978,0.0441,0.2181
867,Pelvis,2,0.4822,-0.4145,0.6410,0.4299,-0.2052,-0.2773,-0.0108,-0.0132,0.4520,-0.1521,9.4803,-1.2423,1.4535,-0.0026,-0.0035,-0.0001,1.0000,0.2369,-0.0310,0.0372
868,Left,2,0.2170,0.0343,-0.9662,-0.1350,0.0276,-0.0093,0.0204,-0.0484,0.0221,-0.0573,-3.9526,-1.2303,8.8337,0.0003,-0.0001,0.0003,1.0000,-0.0988,-0.0309,0.2208
868,Right,2,0.1567,-0.1686,-0.8978,-0.3753,-0.0113,0.0142,-0.0255,-0.0209,0.0991,-0.0957,-3.8866,1.7547,8.7319,-0.0001,0.0002,-0.0003,1.0000,-0.0971,0.0439,0.2183
868,Pelvis,2,0.4835,-0.4176,0.6381,0.4298,-0.1965,-0.2883,-0.0125,0.1449,0.4497,0.0042,9.6169,-1.4149,1.4520,-0.0025,-0.0036,-0.0002,1.0000,0.2403,-0.0353,0.0373
869,Left,2,0.2169,0.0340,-0.9663,-0.1346,0.0244,-0.0008,0.0215,-0.0132,0.0120,-0.0432,-3.9911,-1.2234,8.8328,0.0003,-0.0000,0.0003,1.0000,-0.0998,-0.0307,0.2208
869,Right,2,0.1571,-0.1683,-0.8977,-0.3757,-0.0185,0.0151,-0.0361,-0.0276,0.0709,-0.1091,-3.8987,1.7660,8.7090,-0.0002,0.0002,-0.0005,1.0000,-0.0974,0.0442,0.2177
869,Pelvis,2,0.4850,-0.4207,0.6353,0.4293,-0.1672,-0.3041,-0.0014,0.2291,0.3990,-0.0259,9.5775,-1.4823,1.4380,-0.0021,-0.0038,-0.0000,1.0000,0.2393,-0.0370,0.0369
870,Left,2,0.2169,0.0337,-0.9663,-0.1344,0.0262,0.0017,0.0233,-0.0070,-0.0138,-0.0206,-4.0130,-1.1962,8.8515,0.0003,0.0000,0.0003,1.0000,-0.1003,-0.0300,0.2213
870,Right,2,0.1574,-0.1678,-0.8975,-0.3762,-0.0253,0.0126,-0.0403,-0.0127,0.0641,-0.0926,-3.9239,1.7510,8.7190,-0.0003,0.0002,-0.0005,1.0000,-0.0980,0.0439,0.2180
870,Pelvis,2,0.4867,-0.4236,0.6326,0.4284,-0.1347,-0.3247,0.0092,0.3121,0.3160,-0.1423,9.4503,-1.5312,1.4364,-0.0017,-0.0041,0.0001,1.0000,0.2361,-0.0382,0.0369
871,Left,2,0.2169,0.0334,-0.9664,-0.1341,0.0238,0.0053,0.0208,-0.0111,0.0067,-0.0216,-4.0042,-1.2077,8.8529,0.0003,0.0001,0.0003,1.0000,-0.1001,-0.0303,0.2213
871,Right,2,0.1579,-0.1673,-0.8973,-0.3767,-0.0301,0.0139,-0.0429,-0.0191,0.0677,-0.0747,-3.9290,1.7434,8.7382,-0.0004,0.0002,-0.0005,1.0000,-0.0982,0.0437,0.2185
871,Pelvis,2,0.4888,-0.4263,0.6300,0.4271,-0.0888,-0.3377,0.0134,0.3471,0.2487,-0.1589,9.4312,-1.5511,1.4232,-0.0011,-0.0042,0.0002,1.0000,0.2356,-0.0387,0.0366
872,Left,2,0.2169,0.0331,-0.9664,-0.1339,0.0242,0.0103,0.0244,-0.0328,0.0261,-0.0615,-3.9658,-1.2096,8.8260,0.0003,0.0001,0.0003,1.0000,-0.0991,-0.0303,0.2207
872,Right,2,0.1582,-0.1668,-0.8971,-0.3772,-0.0303,0.0095,-0.0450,-0.0106,0.0520,-0.0887,-3.9428,1.7308,8.7187,-0.0004,0.0001,-0.0006,1.0000,-0.0985,0.0434,0.2180
872,Pelvis,2,0.4912,-0.4286,0.6277,0.4254,-0.0361,-0.3509,0.0142,0.3565,0.1733,-0.0594,9.5299,-1.5572,1.4285,-0.0005,-0.0044,0.0002,1.0000,0.2381,-0.0389,0.0368
873,Left,2,0.2171,0.0328,-0.9664,-0.1336,0.0211,0.0133,0.0249,-0.0235,0.0070,-0.0161,-4.0008,-1.1923,8.8626,0.0003,0.0002,0.0003,1.0000,-0.1000,-0.0299,0.2216
873,Right,2,0.1586,-0.1662,-0.8970,-0.3777,-0.0324,0.0041,-0.0447,0.0082,0.0552,-0.0854,-3.9578,1.7011,8.7216,-0.0004,0.0001,-0.0006,1.0000,-0.0989,0.0427,0.2180
873,Pelvis,2,0.4941,-0.4307,0.6254,0.4233,0.0111,-0.3733,0.0129,0.3283,0.0914,-0.1050,9.4927,-1.5065,1.4055,0.0001,-0.0047,0.0002,1.0000,0.2372,-0.0376,0.0362
874,Right,2,0.1589,-0.1656,-0.8969,-0.3781,-0.0307,0.0012,-0.0408,0.0241,0.0616,-0.0730,-3.9718,1.6728,8.7345,-0.0004,0.0000,-0.0005,1.0000,-0.0993,0.0420,0.2183
874,Pelvis,2,0.4973,-0.4325,0.6232,0.4210,0.0509,-0.3858,0.0023,0.2936,0.0477,-0.1559,9.4563,-1.4564,1.3418,0.0006,-0.0048,0.0000,1.0000,0.2362,-0.0364,0.0347
875,Right,2,0.1591,-0.1650,-0.8967,-0.3786,-0.0278,-0.0019,-0.0400,0.0069,0.0624,-0.0677,-3.9630,1.6725,8.7445,-0.0003,-0.0000,-0.0005,1.0000,-0.0991,0.0419,0.2186
875,Pelvis,2,0.5008,-0.4341,0.6211,0.4184,0.0743,-0.4003,0.0034,0.1604,-0.0545,-0.0774,9.5570,-1.3098,1.3238,0.0009,-0.0050,0.0000,1.0000,0.2388,-0.0328,0.0343
876,Left,2,0.2175,0.0321,-0.9664,-0.1328,0.0165,0.0146,0.0223,-0.0265,0.0047,-0.0279,-4.0015,-1.1766,8.8513,0.0006,0.0005,0.0008,1.0000,-0.2997,-0.0889,0.6640
876,Right,2,0.1593,-0.1645,-0.8966,-0.3790,-0.0266,-0.0030,-0.0369,0.0064,0.0728,-0.0718,-3.9552,1.6522,8.7474,-0.0003,-0.0000,-0.0005,1.0000,-0.0989,0.0414,0.2187
876,Pelvis,2,0.5043,-0.4357,0.6189,0.4157,0.0824,-0.4151,0.0003,0.0414,-0.1664,-0.0154,9.6397,-1.1713,1.3116,0.0010,-0.0052,0.0000,1.0000,0.2408,-0.0293,0.0340
877,Left,2,0.2176,0.0320,-0.9664,-0.1327,0.0145,0.0150,0.0198,-0.0212,-0.0077,-0.0264,-4.0159,-1.1588,8.8488,0.0002,0.0002,0.0002,1.0000,-0.1003,-0.0290,0.2212
877,Right,2,0.1595,-0.1640,-0.8965,-0.3795,-0.0266,-0.0031,-0.0387,0.0026,0.0571,-0.0677,-3.9650,1.6531,8.7473,-0.0003,-0.0000,-0.0005,1.0000,-0.0991,0.0414,0.2187
877,Pelvis,2,0.5077,-0.4374,0.6166,0.4130,0.0698,-0.4026,0.0079,0.0699,-0.2716,-0.0091,9.6473,-1.1692,1.3234,0.0009,-0.0050,0.0001,1.0000,0.2410,-0.0292,0.0343
878,Left,2,0.2178,0.0318,-0.9665,-0.1324,0.0123,0.0131,0.0137,-0.0173,-0.0074,-0.0354,-4.0189,-1.1544,8.8380,0.0002,0.0002,0.0002,1.0000,-0.1004,-0.0289,0.2210
878,Right,2,0.1597,-0.1634,-0.8964,-0.3798,-0.0268,-0.0060,-0.0361,0.0271,0.0536,-0.0604,-3.9867,1.6259,8.7507,-0.0003,-0.0001,-0.0005,1.0000,-0.0997,0.0408,0.2187
878,Pelvis,2,0.5111,-0.4391,0.6143,0.4105,0.0611,-0.4007,-0.0006,0.0745,-0.3943,0.0449,9.7054,-1.1453,1.3516,0.0008,-0.0050,-0.0000,1.0000,0.2425,-0.0287,0.0350
879,Left,2,0.2178,0.0317,-0.9665,-0.1323,0.0107,0.0063,0.0070,0.0078,-0.0064,-0.0146,-4.0510,-1.1609,8.8456,0.0001,0.0001,0.0001,1.0000,-0.1013,-0.0291,0.2211
879,Right,2,0.1598,-0.1628,-0.8963,-0.3803,-0.0233,-0.0108,-0.0320,0.0380,0.0506,-0.0567,-3.9968,1.6082,8.7534,-0.0003,-0.0001,-0.0004,1.0000,-0.0999,0.0403,0.2188
880,Left,2,0.2177,0.0316,-0.9665,-0.1323,0.0110,-0.0023,0.0016,0.0267,-0.0132,-0.0075,-4.0710,-1.1584,8.8446,0.0001,-0.0000,0.0000,1.0000,-0.1018,-0.0290,0.2211
880,Right,2,0.1597,-0.1624,-0.8963,-0.3805,-0.0195,-0.0180,-0.0175,0.0773,0.0303,-0.0506,-4.0350,1.5837,8.7473,-0.0002,-0.0002,-0.0002,1.0000,-0.1009,0.0397,0.2187
881,Left,2,0.2175,0.0315,-0.9665,-0.1323,0.0148,-0.0121,-0.0000,-0.0081,0.0138,-0.0100,-4.0307,-1.1741,8.8582,0.0002,-0.0002,-0.0000,1.0000,-0.1008,-0.0294,0.2214
881,Right,2,0.1596,-0.1619,-0.8963,-0.3806,-0.0127,-0.0272,-0.0034,0.0534,0.0380,-0.0492,-4.0104,1.5884,8.7593,-0.0002,-0.0003,-0.0000,1.0000,-0.1003,0.0397,0.2189
882,Left,2,0.2172,0.0315,-0.9666,-0.1324,0.0155,-0.0152,-0.0024,-0.0033,0.0128,-0.0190,-4.0271,-1.1711,8.8503,0.0002,-0.0002,-0.0000,1.0000,-0.1007,-0.0293,0.2212
882,Right,2,0.1592,-0.1615,-0.8965,-0.3807,-0.0113,-0.0352,0.0075,0.0572,0.0286,-0.0453,-4.0132,1.5867,8.7626,-0.0001,-0.0004,0.0001,1.0000,-0.1004,0.0397,0.2190
883,Left,2,0.2169,0.0314,-0.9667,-0.1323,0.0131,-0.0164,-0.0049,-0.0060,-0.0063,-0.0216,-4.0238,-1.1488,8.8518,0.0002,-0.0002,-0.0001,1.0000,-0.1006,-0.0287,0.2213
883,Right,2,0.1588,-0.1610,-0.8966,-0.3807,-0.0103,-0.0401,0.0078,-0.0371,0.0427,-0.0967,-3.9118,1.6335,8.7426,-0.0001,-0.0005,0.0001,1.0000,-0.0979,0.0409,0.2185
883,Pelvis,2,0.5237,-0.4466,0.6041,0.4017,0.0144,-0.3194,-0.0065,0.2191,-0.5425,0.1213,9.7881,-1.2451,1.2969,0.0009,-0.0200,-0.0004,0.9998,1.2199,-0.1563,0.1863
884,Left,2,0.2166,0.0313,-0.9667,-0.1323,0.0150,-0.0189,-0.0067,0.0185,-0.0026,-0.0223,-4.0385,-1.1566,8.8433,0.0002,-0.0002,-0.0001,1.0000,-0.1010,-0.0289,0.2211
884,Right,2,0.1584,-0.1608,-0.8967,-0.3807,-0.0003,-0.0328,0.0136,0.0347,0.1056,-0.0682,-3.9218,1.5412,8.7870,-0.0000,-0.0004,0.0002,1.0000,-0.0981,0.0385,0.2196
884,Pelvis,2,0.5252,-0.4481,0.6023,0.4007,-0.0133,-0.2225,-0.0058,0.3332,-0.4205,0.0808,9.7621,-1.3793,0.9840,-0.0002,-0.0028,-0.0001,1.0000,0.2440,-0.0345,0.0253
885,Left,2,0.2162,0.0312,-0.9668,-0.1325,0.0194,-0.0243,-0.0077,0.0002,0.0098,-0.0190,-4.0144,-1.1627,8.8571,0.0002,-0.0003,-0.0001,1.0000,-0.1004,-0.0291,0.2214
885,Right,2,0.1581,-0.1607,-0.8969,-0.3805,0.0177,-0.0236,0.0273,0.0190,0.0878,-0.0985,-3.9030,1.5600,8.7582,0.0002,-0.0003,0.0003,1.0000,-0.0977,0.0389,0.2189
885,Pelvis,2,0.5263,-0.4493,0.6010,0.4000,-0.0282,-0.1681,-0.0029,0.2930,-0.3191,0.3617,10.0516,-1.4021,0.8391,-0.0004,-0.0021,-0.0000,1.0000,0.2512,-0.0351,0.0215
886,Left,2,0.2159,0.0311,-0.9669,-0.1326,0.0204,-0.0224,-0.0028,-0.0387,0.0174,-0.0241,-3.9707,-1.1578,8.8720,0.0003,-0.0003,-0.0000,1.0000,-0.0993,-0.0290,0.2218
886,Right,2,0.1577,-0.1609,-0.8970,-0.3803,0.0281,-0.0223,0.0353,0.0393,0.0743,-0.0781,-3.9270,1.5621,8.7697,0.0004,-0.0003,0.0004,1.0000,-0.0983,0.0389,0.2192
886,Pelvis,2,0.5267,-0.4499,0.6002,0.3998,-0.0281,-0.0829,-0.0004,0.2644,-0.1652,0.4295,10.1262,-1.4258,0.6532,-0.0004,-0.0010,-0.0000,1.0000,0.2531,-0.0356,0.0166
887,Left,2,0.2157,0.0310,-0.9669,-0.1326,0.0137,-0.0109,-0.0050,-0.0484,-0.0123,-0.0189,-3.9679,-1.1249,8.8831,0.0002,-0.0001,-0.0001,1.0000,-0.0992,-0.0282,0.2221
887,Right,2,0.1573,-0.1611,-0.8971,-0.3801,0.0337,-0.0205,0.0383,0.0203,0.0759,-0.0946,-3.9004,1.5793,8.7602,0.0004,-0.0003,0.0005,1.0000,-0.0976,0.0393,0.2190
887,Pelvis,2,0.5268,-0.4501,0.6000,0.3998,-0.0192,-0.0183,-0.0072,0.1490,-0.0838,0.2916,10.0052,-1.3215,0.5238,-0.0002,-0.0002,-0.0001,1.0000,0.2501,-0.0331,0.0132
888,Left,2,0.2156,0.0311,-0.9669,-0.1328,0.0075,-0.0049,-0.0058,-0.0357,0.0240,-0.0228,-3.9648,-1.1623,8.8755,0.0001,-0.0001,-0.0001,1.0000,-0.0991,-0.0291,0.2219
888,Right,2,0.1568,-0.1612,-0.8972,-0.3800,0.0313,-0.0202,0.0315,-0.0383,0.0489,-0.1010,-3.8700,1.6461,8.7541,0.0004,-0.0003,0.0004,1.0000,-0.0968,0.0410,0.2188
888,Pelvis,2,0.5268,-0.4502,0.5998,0.4000,-0.0228,-0.0009,-0.0134,0.1178,-0.0776,0.0864,9.8061,-1.2670,0.4978,-0.0003,-0.0000,-0.0002,1.0000,0.2451,-0.0317,0.0125
889,Left,2,0.2155,0.0310,-0.9669,-0.1328,0.0080,-0.0030,-0.0028,-0.0484,0.0408,-0.0591,-3.9327,-1.1709,8.8487,0.0001,-0.0000,-0.0000,1.0000,-0.0983,-0.0293,0.2212
889,Right,2,0.1565,-0.1613,-0.8973,-0.3799,0.0193,-0.0174,0.0184,-0.0526,0.0760,-0.1039,-3.8366,1.6431,8.7665,0.0002,-0.0002,0.0002,1.0000,-0.0960,0.0410,0.2192
889,Pelvis,2,0.5269,-0.4503,0.5995,0.4003,-0.0226,-0.0050,-0.0230,0.1038,-0.0420,-0.0693,9.6541,-1.2412,0.4516,-0.0003,-0.0001,-0.0003,1.0000,0.2413,-0.0311,0.0113
890,Left,2,0.2155,0.0310,-0.9669,-0.1328,0.0091,0.0025,0.0002,-0.0637,0.0351,-0.0764,-3.9127,-1.1593,8.8401,0.0001,0.0000,0.0000,1.0000,-0.0978,-0.0290,0.2210
890,Right,2,0.1563,-0.1613,-0.8974,-0.3799,0.0184,-0.0115,0.0143,-0.0120,0.0688,-0.1018,-3.8644,1.6211,8.7604,0.0002,-0.0001,0.0002,1.0000,-0.0966,0.0405,0.2190
890,Pelvis,2,0.5271,-0.4504,0.5992,0.4005,-0.0202,-0.0161,-0.0244,0.0800,-0.0258,-0.0651,9.6621,-1.2181,0.4261,-0.0003,-0.0002,-0.0003,1.0000,0.2415,-0.0305,0.0107
891,Left,2,0.2155,0.0309,-0.9669,-0.1327,0.0078,0.0056,0.0026,-0.0493,0.0290,-0.0603,-3.9337,-1.1574,8.8486,0.0001,0.0001,0.0000,1.0000,-0.0983,-0.0290,0.2212
891,Right,2,0.1562,-0.1613,-0.8974,-0.3798,0.0174,-0.0055,0.0127,-0.0147,0.0823,-0.0969,-3.8533,1.6171,8.7716,0.0002,-0.0001,0.0002,1.0000,-0.0964,0.0404,0.2193
891,Pelvis,2,0.5273,-0.4505,0.5988,0.4006,-0.0229,-0.0238,-0.0196,0.0465,0.0556,-0.0100,9.7222,-1.2101,0.3349,-0.0003,-0.0003,-0.0002,1.0000,0.2430,-0.0303,0.0085
892,Left,2,0.2155,0.0309,-0.9669,-0.1328,0.0066,0.0068,0.0013,-0.0280,0.0097,-0.0421,-3.9651,-1.1462,8.8561,0.0001,0.0001,0.0000,1.0000,-0.0991,-0.0287,0.2214
892,Right,2,0.1561,-0.1614,-0.8974,-0.3799,0.0170,-0.0011,0.0137,-0.0168,0.0659,-0.0710,-3.8708,1.6359,8.7889,0.0002,-0.0000,0.0002,1.0000,-0.0968,0.0408,0.2197
892,Pelvis,2,0.5275,-0.4508,0.5984,0.4006,-0.0236,-0.0295,-0.0113,0.0495,0.0864,-0.0030,9.7296,-1.2189,0.2986,-0.0003,-0.0004,-0.0001,1.0000,0.2432,-0.0305,0.0076
893,Left,2,0.2156,0.0309,-0.9669,-0.1328,0.0060,0.0092,-0.0006,-0.0111,0.0069,-0.0566,-3.9755,-1.1454,8.8354,0.0001,0.0001,-0.0000,1.0000,-0.0994,-0.0287,0.2209
893,Right,2,0.1560,-0.1614,-0.8974,-0.3799,0.0164,-0.0012,0.0112,-0.0221,0.0669,-0.0838,-3.8602,1.6387,8.7789,0.0002,-0.0000,0.0001,1.0000,-0.0965,0.0409,0.2195
893,Pelvis,2,0.5276,-0.4512,0.5980,0.4006,-0.0279,-0.0395,-0.0020,0.0733,0.0948,-0.0398,9.6907,-1.2384,0.2860,-0.0003,-0.0005,-0.0000,1.0000,0.2423,-0.0310,0.0073
894,Left,2,0.2157,0.0309,-0.9669,-0.1328,0.0066,0.0068,0.0013,-0.0340,0.0192,-0.0443,-3.9588,-1.1529,8.8556,0.0001,0.0001,0.0000,1.0000,-0.0989,-0.0288,0.2214
894,Right,2,0.1559,-0.1615,-0.8974,-0.3799,0.0146,-0.0002,0.0069,0.0098,0.0697,-0.0767,-3.8817,1.6157,8.7816,0.0002,-0.0000,0.0001,1.0000,-0.0970,0.0403,0.2195
894,Pelvis,2,0.5279,-0.4517,0.5975,0.4004,-0.0288,-0.0504,0.0022,0.1238,0.0924,-0.0410,9.6835,-1.2864,0.2896,-0.0004,-0.0006,0.0000,1.0000,0.2421,-0.0322,0.0074
895,Left,2,0.2156,0.0309,-0.9669,-0.1328,0.0078,0.0056,0.0026,-0.0113,0.0130,-0.0463,-3.9791,-1.1517,8.8444,0.0001,0.0001,0.0000,1.0000,-0.0995,-0.0288,0.2211
895,Right,2,0.1558,-0.1615,-0.8974,-0.3799,0.0128,-0.0005,0.0099,0.0095,0.0662,-0.0549,-3.8912,1.6229,8.8002,0.0002,-0.0000,0.0001,1.0000,-0.0973,0.0405,0.2200
895,Pelvis,2,0.5281,-0.4521,0.5970,0.4002,-0.0268,-0.0503,0.0039,0.1491,0.0570,-0.0329,9.6887,-1.3031,0.3170,-0.0003,-0.0006,0.0000,1.0000,0.2422,-0.0326,0.0081
896,Left,2,0.2156,0.0308,-0.9669,-0.1327,0.0109,0.0020,0.0027,-0.0238,-0.0041,-0.0524,-3.9706,-1.1297,8.8443,0.0001,0.0000,0.0000,1.0000,-0.0993,-0.0283,0.2211
896,Right,2,0.1557,-0.1615,-0.8974,-0.3799,0.0157,-0.0019,0.0107,0.0200,0.0637,-0.0730,-3.8912,1.6149,8.7816,0.0002,-0.0000,0.0001,1.0000,-0.0973,0.0403,0.2195
896,Pelvis,2,0.5284,-0.4527,0.5966,0.4000,-0.0266,-0.0550,0.0078,0.0727,0.0254,-0.0224,9.7086,-1.2248,0.3131,-0.0003,-0.0007,0.0001,1.0000,0.2427,-0.0306,0.0080
897,Left,2,0.2156,0.0307,-0.9669,-0.1327,0.0103,0.0026,0.0009,-0.0174,0.0097,-0.0282,-3.9817,-1.1463,8.8639,0.0001,0.0000,0.0000,1.0000,-0.0995,-0.0287,0.2216
897,Right,2,0.1556,-0.1616,-0.8974,-0.3798,0.0164,-0.0012,0.0112,0.0066,0.0607,-0.0548,-3.8898,1.6316,8.7993,0.0002,-0.0000,0.0001,1.0000,-0.0973,0.0407,0.2200
897,Pelvis,2,0.5286,-0.4532,0.5961,0.3998,-0.0326,-0.0519,0.0092,0.0124,-0.0091,0.0210,9.7592,-1.1654,0.3171,-0.0004,-0.0006,0.0001,1.0000,0.2440,-0.0291,0.0081
898,Left,2,0.2156,0.0307,-0.9669,-0.1329,0.0122,-0.0005,0.0016,-0.0004,0.0369,-0.0513,-3.9798,-1.1738,8.8357,0.0002,-0.0000,0.0000,1.0000,-0.0995,-0.0294,0.2209
898,Right,2,0.1555,-0.1616,-0.8974,-0.3799,0.0144,-0.0042,0.0120,-0.0013,0.0333,-0.0903,-3.8865,1.6504,8.7577,0.0002,-0.0001,0.0002,1.0000,-0.0972,0.0412,0.2189
898,Pelvis,2,0.5287,-0.4538,0.5956,0.3997,-0.0425,-0.0422,0.0100,-0.0686,-0.0042,0.0864,9.8341,-1.0998,0.2794,-0.0005,-0.0005,0.0001,1.0000,0.2459,-0.0275,0.0071
899,Left,2,0.2155,0.0305,-0.9669,-0.1329,0.0194,-0.0071,0.0061,-0.0139,0.0377,-0.0458,-3.9699,-1.1695,8.8468,0.0002,-0.0001,0.0001,1.0000,-0.0993,-0.0293,0.2212
899,Right,2,0.1554,-0.1615,-0.8974,-0.3799,0.0118,-0.0090,0.0105,-0.0096,0.0531,-0.0674,-3.8761,1.6476,8.7883,0.0001,-0.0001,0.0001,1.0000,-0.0969,0.0411,0.2197
899,Pelvis,2,0.5286,-0.4543,0.5952,0.3999,-0.0444,-0.0175,0.0016,-0.0228,-0.0458,0.1683,9.9100,-1.1438,0.3251,-0.0006,-0.0002,0.0000,1.0000,0.2477,-0.0286,0.0082
900,Left,2,0.2153,0.0302,-0.9670,-0.1329,0.0260,-0.0075,0.0112,-0.0119,0.0269,-0.0562,-3.9681,-1.1541,8.8382,0.0003,-0.0001,0.0001,1.0000,-0.0992,-0.0289,0.2209
900,Right,2,0.1553,-0.1615,-0.8975,-0.3799,0.0099,-0.0094,0.0123,-0.0017,0.0537,-0.0766,-3.8744,1.6402,8.7803,0.0001,-0.0001,0.0002,1.0000,-0.0969,0.0410,0.2195
900,Pelvis,2,0.5285,-0.4543,0.5951,0.4002,-0.0263,0.0074,-0.0196,0.0432,-0.1101,0.2063,9.9403,-1.1928,0.4030,-0.0003,0.0001,-0.0002,1.0000,0.2485,-0.0299,0.0101
901,Left,2,0.2151,0.0298,-0.9671,-0.1326,0.0370,-0.0190,0.0160,-0.0005,0.0360,0.0021,-3.9972,-1.1645,8.8880,0.0005,-0.0002,0.0002,1.0000,-0.1000,-0.0292,0.2222
901,Right,2,0.1552,-0.1614,-0.8976,-0.3798,0.0130,-0.0078,0.0110,0.0032,0.0575,-0.0767,-3.8729,1.6342,8.7819,0.0002,-0.0001,0.0001,1.0000,-0.0968,0.0408,0.2195
901,Pelvis,2,0.5284,-0.4541,0.5950,0.4008,-0.0109,0.0302,-0.0344,0.0577,-0.0858,0.0766,9.8103,-1.1917,0.3835,-0.0001,0.0004,-0.0004,1.0000,0.2452,-0.0299,0.0095
902,Left,2,0.2150,0.0296,-0.9671,-0.1326,0.0199,-0.0015,0.0091,-0.0467,-0.0963,-0.0018,-3.9890,-1.0195,8.9058,0.0002,-0.0000,0.0001,1.0000,-0.0997,-0.0256,0.2226
902,Right,2,0.1550,-0.1614,-0.8976,-0.3798,0.0147,-0.0102,0.0130,0.0153,0.0538,-0.0512,-3.8909,1.6331,8.8024,0.0002,-0.0001,0.0002,1.0000,-0.0973,0.0408,0.2201
902,Pelvis,2,0.5282,-0.4539,0.5948,0.4014,-0.0231,0.0276,-0.0348,-0.0513,-0.0758,-0.0822,9.6664,-1.0635,0.3467,-0.0003,0.0003,-0.0004,1.0000,0.2417,-0.0267,0.0086
903,Left,2,0.2152,0.0297,-0.9671,-0.1323,-0.0051,0.0132,0.0253,-0.0106,0.0015,0.0287,-4.0090,-1.1236,8.9173,-0.0001,0.0002,0.0003,1.0000,-0.1002,-0.0281,0.2230
903,Right,2,0.1548,-0.1613,-0.8977,-0.3798,0.0114,-0.0156,0.0127,0.0132,0.0352,-0.0561,-3.8963,1.6464,8.7920,0.0001,-0.0002,0.0002,1.0000,-0.0975,0.0411,0.2198
903,Pelvis,2,0.5282,-0.4537,0.5945,0.4021,-0.0196,0.0196,-0.0493,-0.1290,-0.1401,-0.0186,9.7398,-0.9693,0.3949,-0.0002,0.0002,-0.0006,1.0000,0.2435,-0.0244,0.0098
904,Left,2,0.2154,0.0297,-0.9672,-0.1317,-0.0068,0.0079,0.0424,0.0152,0.0965,-0.0511,-3.9767,-1.2114,8.8327,-0.0001,0.0001,0.0005,1.0000,-0.0994,-0.0303,0.2208
904,Right,2,0.1547,-0.1613,-0.8976,-0.3799,0.0159,-0.0121,0.0046,0.0025,0.0425,-0.0510,-3.8833,1.6507,8.8027,0.0002,-0.0002,0.0001,1.0000,-0.0971,0.0412,0.2201
904,Pelvis,2,0.5284,-0.4535,0.5942,0.4026,-0.0092,0.0024,-0.0528,-0.0152,-0.1449,0.0309,9.7767,-1.0705,0.4331,-0.0001,0.0000,-0.0007,1.0000,0.2444,-0.0269,0.0108
905,Left,2,0.2153,0.0294,-0.9673,-0.1312,0.0178,-0.0078,0.0421,-0.0510,0.0752,-0.0899,-3.9098,-1.1661,8.8258,0.0002,-0.0001,0.0005,1.0000,-0.0978,-0.0293,0.2206
905,Right,2,0.1545,-0.1614,-0.8976,-0.3800,0.0285,-0.0060,0.0024,-0.0132,0.0704,-0.0756,-3.8430,1.6415,8.7950,0.0004,-0.0001,0.0000,1.0000,-0.0961,0.0410,0.2199
905,Pelvis,2,0.5287,-0.4534,0.5937,0.4030,-0.0183,-0.0137,-0.0546,-0.0002,-0.0114,-0.1008,9.6456,-1.0924,0.3018,-0.0002,-0.0002,-0.0007,1.0000,0.2411,-0.0275,0.0076
906,Left,2,0.2152,0.0292,-0.9673,-0.1310,0.0175,-0.0019,0.0292,-0.0905,-0.0579,-0.0280,-3.9354,-1.0298,8.8997,0.0002,-0.0000,0.0004,1.0000,-0.0984,-0.0258,0.2225
906,Right,2,0.1543,-0.1616,-0.8975,-0.3801,0.0283,-0.0097,0.0033,0.0026,0.0612,-0.0898,-3.8517,1.6367,8.7763,0.0004,-0.0001,0.0000,1.0000,-0.0963,0.0408,0.2194
906,Pelvis,2,0.5290,-0.4536,0.5929,0.4036,-0.0465,-0.0290,-0.0480,-0.0632,0.1759,-0.1119,9.6431,-1.0681,0.0978,-0.0006,-0.0004,-0.0006,1.0000,0.2411,-0.0268,0.0025
907,Left,2,0.2154,0.0293,-0.9673,-0.1306,-0.0070,0.0181,0.0276,0.0073,-0.0459,0.0124,-4.0349,-1.0663,8.8947,-0.0001,0.0002,0.0003,1.0000,-0.1008,-0.0267,0.2224
907,Right,2,0.1540,-0.1616,-0.8976,-0.3802,0.0213,-0.0166,0.0043,-0.0070,0.0683,-0.0847,-3.8390,1.6429,8.7864,0.0003,-0.0002,0.0001,1.0000,-0.0960,0.0410,0.2197
907,Pelvis,2,0.5289,-0.4540,0.5923,0.4042,-0.0617,-0.0182,-0.0335,-0.0015,0.2753,-0.0427,9.7058,-1.1514,0.0127,-0.0008,-0.0002,-0.0004,1.0000,0.2426,-0.0289,0.0004
908,Left,2,0.2159,0.0296,-0.9672,-0.1303,-0.0340,0.0356,0.0278,0.0325,-0.0681,0.0431,-4.0819,-1.0583,8.9085,-0.0004,0.0004,0.0003,1.0000,-0.1019,-0.0264,0.2228
908,Right,2,0.1537,-0.1616,-0.8975,-0.3804,0.0204,-0.0227,0.0035,0.0112,0.0561,-0.1079,-3.8449,1.6352,8.7595,0.0003,-0.0003,0.0000,1.0000,-0.0962,0.0408,0.2190
908,Pelvis,2,0.5288,-0.4543,0.5918,0.4047,-0.0487,0.0029,-0.0162,0.1371,0.3714,-0.0101,9.7231,-1.3065,-0.0476,-0.0006,0.0000,-0.0002,1.0000,0.2431,-0.0327,-0.0012
909,Left,2,0.2164,0.0301,-0.9672,-0.1300,-0.0459,0.0348,0.0171,0.0108,-0.0357,-0.0169,-4.0385,-1.0852,8.8585,-0.0006,0.0004,0.0002,1.0000,-0.1009,-0.0270,0.2215
909,Right,2,0.1534,-0.1615,-0.8975,-0.3806,0.0197,-0.0232,0.0060,0.0004,0.0635,-0.1028,-3.8300,1.6404,8.7708,0.0002,-0.0003,0.0001,1.0000,-0.0958,0.0409,0.2193
909,Pelvis,2,0.5285,-0.4543,0.5919,0.4050,-0.0098,0.0247,-0.0054,0.2957,0.3353,0.0502,9.7655,-1.4529,0.0319,-0.0001,0.0003,-0.0001,1.0000,0.2441,-0.0363,0.0007
910,Left,2,0.2168,0.0308,-0.9670,-0.1299,-0.0485,0.0321,0.0006,-0.0358,-0.0185,-0.0775,-3.9756,-1.0949,8.8188,-0.0006,0.0004,0.0000,1.0000,-0.0993,-0.0272,0.2205
910,Right,2,0.1531,-0.1616,-0.8975,-0.3807,0.0242,-0.0195,0.0088,0.0224,0.0630,-0.0863,-3.8464,1.6298,8.7838,0.0003,-0.0002,0.0001,1.0000,-0.0962,0.0407,0.2196
910,Pelvis,2,0.5284,-0.4540,0.5922,0.4051,0.0276,0.0321,-0.0024,0.3036,0.2195,0.0740,9.7884,-1.4319,0.1532,0.0003,0.0004,-0.0000,1.0000,0.2447,-0.0358,0.0037
911,Left,2,0.2172,0.0313,-0.9669,-0.1301,-0.0401,0.0252,-0.0131,-0.0458,-0.0091,-0.0706,-3.9724,-1.1146,8.8254,-0.0005,0.0003,-0.0002,1.0000,-0.0992,-0.0277,0.2207
911,Right,2,0.1527,-0.1617,-0.8976,-0.3806,0.0304,-0.0157,0.0147,-0.0084,0.0644,-0.0848,-3.8208,1.6557,8.7918,0.0004,-0.0002,0.0002,1.0000,-0.0956,0.0413,0.2198
911,Pelvis,2,0.5284,-0.4535,0.5926,0.4050,0.0522,0.0313,-0.0007,0.1710,0.0770,-0.0026,9.7274,-1.2582,0.2627,0.0007,0.0004,-0.0000,1.0000,0.2432,-0.0315,0.0065
912,Left,2,0.2174,0.0318,-0.9668,-0.1303,-0.0294,0.0172,-0.0219,-0.0298,0.0279,-0.0833,-3.9750,-1.1636,8.8038,-0.0004,0.0002,-0.0003,1.0000,-0.0993,-0.0290,0.2201
912,Right,2,0.1525,-0.1619,-0.8976,-0.3806,0.0301,-0.0080,0.0203,-0.0063,0.0873,-0.0710,-3.8097,1.6465,8.8138,0.0004,-0.0001,0.0003,1.0000,-0.0953,0.0411,0.2204
912,Pelvis,2,0.5284,-0.4531,0.5929,0.4049,0.0508,0.0205,0.0041,0.0494,0.0196,-0.0567,9.6872,-1.1204,0.2925,0.0006,0.0003,0.0001,1.0000,0.2422,-0.0280,0.0072
913,Left,2,0.2175,0.0320,-0.9668,-0.1307,-0.0105,0.0088,-0.0194,-0.0420,0.0494,-0.0877,-3.9575,-1.1893,8.8036,-0.0001,0.0001,-0.0002,1.0000,-0.0989,-0.0297,0.2201
913,Right,2,0.1523,-0.1622,-0.8975,-0.3807,0.0335,-0.0022,0.0169,0.0152,0.0874,-0.0763,-3.8193,1.6356,8.8058,0.0004,-0.0000,0.0002,1.0000,-0.0955,0.0408,0.2202
913,Pelvis,2,0.5284,-0.4529,0.5932,0.4047,0.0298,0.0118,0.0094,-0.0131,0.0287,0.0116,9.7618,-1.0722,0.2746,0.0004,0.0001,0.0001,1.0000,0.2440,-0.0268,0.0068
914,Left,2,0.2175,0.0321,-0.9667,-0.1309,0.0046,0.0041,-0.0127,-0.0489,0.0467,-0.0696,-3.9596,-1.1910,8.8224,0.0001,0.0001,-0.0002,1.0000,-0.0990,-0.0298,0.2206
914,Right,2,0.1521,-0.1625,-0.8974,-0.3809,0.0361,0.0001,0.0088,-0.0125,0.0696,-0.0888,-3.8060,1.6711,8.7910,0.0005,0.0000,0.0001,1.0000,-0.0952,0.0417,0.2198
914,Pelvis,2,0.5283,-0.4529,0.5933,0.4047,0.0116,0.0168,0.0029,-0.0317,0.0831,0.0722,9.8239,-1.0765,0.2225,0.0001,0.0002,0.0000,1.0000,0.2456,-0.0269,0.0055
915,Left,2,0.2175,0.0321,-0.9667,-0.1311,0.0093,0.0018,-0.0065,-0.0463,-0.0077,-0.0603,-3.9808,-1.1417,8.8296,0.0001,0.0000,-0.0001,1.0000,-0.0995,-0.0286,0.2207
915,Right,2,0.1520,-0.1627,-0.8974,-0.3810,0.0287,-0.0004,0.0051,-0.0158,0.0679,-0.1105,-3.7959,1.6753,8.7705,0.0004,-0.0000,0.0001,1.0000,-0.0949,0.0418,0.2193
915,Pelvis,2,0.5281,-0.4528,0.5933,0.4049,-0.0054,0.0193,-0.0042,-0.0070,0.1586,0.0181,9.7675,-1.1136,0.1578,-0.0001,0.0002,-0.0001,1.0000,0.2442,-0.0279,0.0039
916,Left,2,0.2174,0.0321,-0.9667,-0.1313,0.0075,-0.0000,-0.0053,-0.0331,-0.0062,-0.0339,-4.0013,-1.1499,8.8483,0.0001,-0.0000,-0.0001,1.0000,-0.1000,-0.0288,0.2212
916,Right,2,0.1518,-0.1628,-0.8973,-0.3811,0.0219,-0.0038,0.0035,-0.0138,0.0612,-0.0977,-3.8050,1.6835,8.7791,0.0003,-0.0000,0.0000,1.0000,-0.0951,0.0420,0.2195
916,Pelvis,2,0.5280,-0.4529,0.5933,0.4052,-0.0128,0.0123,-0.0078,0.0454,0.2233,-0.0797,9.6646,-1.1691,0.1092,-0.0002,0.0002,-0.0001,1.0000,0.2416,-0.0293,0.0027
917,Left,2,0.2174,0.0321,-0.9667,-0.1313,0.0062,-0.0006,-0.0041,-0.0401,-0.0009,-0.0680,-3.9799,-1.1493,8.8205,0.0001,-0.0000,-0.0001,1.0000,-0.0995,-0.0287,0.2205
917,Right,2,0.1517,-0.1628,-0.8973,-0.3813,0.0150,-0.0064,0.0054,-0.0116,0.0528,-0.1156,-3.8036,1.6853,8.7595,0.0002,-0.0001,0.0001,1.0000,-0.0951,0.0421,0.2190
917,Pelvis,2,0.5280,-0.4529,0.5932,0.4052,-0.0050,-0.0014,-0.0027,0.1404,0.2742,-0.1092,9.6247,-1.2694,0.0845,-0.0001,-0.0000,-0.0000,1.0000,0.2406,-0.0317,0.0021
918,Left,2,0.2174,0.0321,-0.9666,-0.1315,0.0068,0.0031,-0.0035,-0.1171,0.0579,-0.1600,-3.8591,-1.1773,8.7699,0.0001,0.0000,-0.0000,1.0000,-0.0965,-0.0294,0.2192
918,Right,2,0.1517,-0.1627,-0.8973,-0.3814,0.0115,-0.0032,0.0052,-0.0347,0.0745,-0.1400,-3.7634,1.6837,8.7504,0.0001,-0.0000,0.0001,1.0000,-0.0941,0.0421,0.2188
918,Pelvis,2,0.5282,-0.4529,0.5931,0.4051,0.0189,-0.0140,-0.0041,0.1553,0.3049,-0.0405,9.6915,-1.2980,0.0583,0.0002,-0.0002,-0.0001,1.0000,0.2423,-0.0325,0.0015
919,Left,2,0.2175,0.0319,-0.9666,-0.1315,0.0175,0.0105,0.0028,-0.0152,-0.0246,-0.0373,-4.0218,-1.1360,8.8371,0.0002,0.0001,0.0000,1.0000,-0.1005,-0.0285,0.2209
919,Right,2,0.1517,-0.1627,-0.8973,-0.3813,0.0082,0.0051,-0.0003,-0.0772,0.1197,-0.1670,-3.6954,1.6797,8.7511,0.0001,0.0001,-0.0000,1.0000,-0.0924,0.0420,0.2188
919,Pelvis,2,0.5284,-0.4528,0.5932,0.4049,0.0330,-0.0089,-0.0033,0.0948,0.2956,0.0400,9.7784,-1.2456,0.0516,0.0004,-0.0001,-0.0000,1.0000,0.2445,-0.0312,0.0013
920,Left,2,0.2175,0.0317,-0.9666,-0.1316,0.0216,0.0031,-0.0073,-0.0204,-0.0223,-0.0498,-4.0129,-1.1320,8.8278,0.0003,0.0000,-0.0001,1.0000,-0.1003,-0.0283,0.2207
920,Right,2,0.1519,-0.1627,-0.8972,-0.3815,0.0050,0.0142,-0.0034,0.0070,0.0763,-0.0981,-3.8084,1.6565,8.7824,0.0001,0.0002,-0.0000,1.0000,-0.0952,0.0414,0.2196
920,Pelvis,2,0.5285,-0.4525,0.5934,0.4047,0.0417,0.0006,0.0013,0.0782,0.1803,0.0199,9.7601,-1.1972,0.1580,0.0005,0.0000,0.0000,1.0000,0.2440,-0.0299,0.0039
921,Left,2,0.2175,0.0315,-0.9666,-0.1321,0.0305,-0.0037,-0.0186,-0.0201,-0.0466,-0.0400,-4.0231,-1.1079,8.8372,0.0004,-0.0000,-0.0002,1.0000,-0.1006,-0.0278,0.2209
921,Right,2,0.1520,-0.1626,-0.8970,-0.3818,0.0036,0.0109,0.0011,0.0046,0.0437,-0.0773,-3.8386,1.6807,8.7875,0.0000,0.0001,0.0000,1.0000,-0.0959,0.0420,0.2197
921,Pelvis,2,0.5286,-0.4522,0.5937,0.4044,0.0497,0.0076,0.0048,0.1090,0.1157,0.0222,9.7586,-1.2111,0.2309,0.0006,0.0001,0.0001,1.0000,0.2440,-0.0303,0.0057
922,Left,2,0.2173,0.0313,-0.9666,-0.1324,0.0289,-0.0056,-0.0235,-0.0414,-0.0156,-0.0159,-4.0034,-1.1316,8.8697,0.0004,-0.0001,-0.0003,1.0000,-0.1001,-0.0283,0.2217
922,Right,2,0.1521,-0.1625,-0.8971,-0.3817,-0.0003,0.0071,0.0050,0.0196,0.0667,-0.0815,-3.8334,1.6516,8.7908,-0.0000,0.0001,0.0001,1.0000,-0.0958,0.0413,0.2198
922,Pelvis,2,0.5287,-0.4518,0.5942,0.4040,0.0572,0.0128,0.0084,0.1552,0.0400,-0.0014,9.7293,-1.2351,0.3194,0.0007,0.0002,0.0001,1.0000,0.2432,-0.0309,0.0079
923,Left,2,0.2172,0.0311,-0.9666,-0.1327,0.0214,0.0005,-0.0226,-0.0183,-0.0063,0.0153,-4.0323,-1.1478,8.8890,0.0003,0.0000,-0.0003,1.0000,-0.1008,-0.0287,0.2222
923,Right,2,0.1522,-0.1624,-0.8971,-0.3817,-0.0028,0.0070,0.0105,0.0209,0.0603,-0.0686,-3.8445,1.6542,8.7997,-0.0000,0.0001,0.0001,1.0000,-0.0961,0.0414,0.2200
923,Pelvis,2,0.5289,-0.4514,0.5946,0.4036,0.0554,0.0134,0.0091,0.1196,-0.0035,-0.0525,9.6821,-1.1864,0.3544,0.0007,0.0002,0.0001,1.0000,0.2421,-0.0296,0.0088
924,Left,2,0.2173,0.0311,-0.9665,-0.1330,0.0147,0.0029,-0.0210,-0.0060,0.0035,-0.0104,-4.0301,-1.1566,8.8604,0.0002,0.0000,-0.0003,1.0000,-0.1008,-0.0289,0.2215
924,Right,2,0.1523,-0.1623,-0.8971,-0.3816,0.0007,0.0041,0.0156,0.0194,0.0570,-0.0468,-3.8550,1.6589,8.8183,0.0000,0.0001,0.0002,1.0000,-0.0964,0.0415,0.2205
924,Pelvis,2,0.5290,-0.4513,0.5949,0.4032,0.0438,0.0008,0.0177,0.0723,-0.0040,-0.0704,9.6693,-1.1418,0.3445,0.0005,0.0000,0.0002,1.0000,0.2417,-0.0285,0.0086
925,Left,2,0.2174,0.0310,-0.9665,-0.1332,0.0127,0.0041,-0.0186,-0.0296,0.0291,-0.0182,-4.0007,-1.1745,8.8628,0.0002,0.0001,-0.0002,1.0000,-0.1000,-0.0294,0.2216
925,Right,2,0.1524,-0.1622,-0.8971,-0.3816,0.0038,0.0053,0.0174,0.0228,0.0618,-0.0687,-3.8464,1.6477,8.8000,0.0000,0.0001,0.0002,1.0000,-0.0962,0.0412,0.2200
925,Pelvis,2,0.5292,-0.4512,0.5951,0.4028,0.0342,-0.0135,0.0165,0.0251,0.0368,-0.0729,9.6719,-1.1113,0.2910,0.0004,-0.0002,0.0002,1.0000,0.2418,-0.0277,0.0073
926,Left,2,0.2173,0.0309,-0.9665,-0.1333,0.0151,-0.0013,-0.0136,-0.0350,0.0129,-0.0424,-3.9900,-1.1539,8.8436,0.0002,-0.0000,-0.0002,1.0000,-0.0998,-0.0289,0.2211
926,Right,2,0.1524,-0.1622,-0.8972,-0.3814,0.0073,0.0009,0.0177,0.0159,0.0499,-0.0775,-3.8454,1.6589,8.7884,0.0001,0.0000,0.0002,1.0000,-0.0961,0.0414,0.2197
926,Pelvis,2,0.5295,-0.4513,0.5951,0.4023,0.0250,-0.0303,0.0123,-0.0403,0.0650,-0.0770,9.6752,-1.0599,0.2412,0.0003,-0.0004,0.0002,1.0000,0.2419,-0.0265,0.0061
927,Left,2,0.2172,0.0308,-0.9665,-0.1334,0.0199,-0.0073,-0.0109,-0.0268,0.0097,-0.0389,-3.9984,-1.1514,8.8439,0.0002,-0.0001,-0.0001,1.0000,-0.1000,-0.0288,0.2211
927,Right,2,0.1524,-0.1621,-0.8973,-0.3813,0.0042,-0.0012,0.0124,-0.0030,0.0217,-0.0734,-3.8516,1.6914,8.7840,0.0001,-0.0000,0.0002,1.0000,-0.0963,0.0423,0.2196
927,Pelvis,2,0.5298,-0.4514,0.5950,0.4019,0.0166,-0.0363,0.0039,-0.0683,0.0576,-0.0210,9.7338,-1.0401,0.2347,0.0002,-0.0005,0.0000,1.0000,0.2433,-0.0260,0.0060
928,Left,2,0.2172,0.0307,-0.9665,-0.1334,0.0143,0.0030,-0.0088,-0.0570,0.0034,-0.0202,-3.9801,-1.1376,8.8747,0.0002,0.0000,-0.0001,1.0000,-0.0995,-0.0285,0.2219
928,Right,2,0.1523,-0.1620,-0.8973,-0.3812,0.0034,-0.0038,0.0089,-0.0008,0.0292,-0.0863,-3.8418,1.6813,8.7759,0.0000,-0.0000,0.0001,1.0000,-0.0961,0.0420,0.2194
928,Pelvis,2,0.5302,-0.4516,0.5947,0.4017,0.0070,-0.0411,-0.0045,-0.0222,0.1084,0.0110,9.7605,-1.1016,0.1892,0.0001,-0.0005,-0.0001,1.0000,0.2440,-0.0276,0.0049
929,Left,2,0.2172,0.0307,-0.9665,-0.1335,0.0076,0.0066,-0.0103,-0.0050,0.0039,-0.0409,-4.0173,-1.1479,8.8335,0.0001,0.0001,-0.0001,1.0000,-0.1004,-0.0287,0.2208
929,Right,2,0.1523,-0.1619,-0.8974,-0.3812,0.0023,-0.0018,0.0106,-0.0350,0.0499,-0.0709,-3.8108,1.6938,8.8043,0.0000,-0.0000,0.0001,1.0000,-0.0953,0.0423,0.2201
929,Pelvis,2,0.5306,-0.4517,0.5944,0.4014,0.0116,-0.0413,-0.0091,0.0128,0.1419,0.0032,9.7490,-1.1418,0.1553,0.0001,-0.0005,-0.0001,1.0000,0.2437,-0.0286,0.0040
930,Left,2,0.2172,0.0306,-0.9664,-0.1337,0.0088,0.0024,-0.0077,-0.0259,0.0071,-0.0389,-3.9992,-1.1463,8.8442,0.0001,0.0000,-0.0001,1.0000,-0.1000,-0.0287,0.2211
930,Right,2,0.1523,-0.1618,-0.8973,-0.3814,0.0035,-0.0025,0.0106,0.0082,0.0236,-0.0825,-3.8505,1.6758,8.7773,0.0000,-0.0000,0.0001,1.0000,-0.0963,0.0419,0.2194
930,Pelvis,2,0.5310,-0.4519,0.5941,0.4011,0.0195,-0.0500,-0.0017,0.0512,0.1493,-0.0609,9.6813,-1.1719,0.1459,0.0002,-0.0006,-0.0000,1.0000,0.2420,-0.0293,0.0038
931,Left,2,0.2172,0.0306,-0.9664,-0.1339,0.0069,0.0006,-0.0071,-0.0314,-0.0046,-0.0312,-4.0001,-1.1352,8.8537,0.0001,0.0000,-0.0001,1.0000,-0.1000,-0.0284,0.2213
931,Right,2,0.1522,-0.1617,-0.8973,-0.3814,0.0035,-0.0025,0.0100,0.0064,0.0664,-0.0764,-3.8233,1.6487,8.8014,0.0000,-0.0000,0.0001,1.0000,-0.0956,0.0412,0.2200
931,Pelvis,2,0.5315,-0.4520,0.5939,0.4006,0.0267,-0.0545,0.0054,0.1254,0.1213,-0.0554,9.6785,-1.2366,0.1803,0.0003,-0.0007,0.0001,1.0000,0.2420,-0.0309,0.0047
932,Left,2,0.2172,0.0307,-0.9664,-0.1339,0.0057,-0.0007,-0.0078,-0.0083,-0.0060,-0.0638,-4.0072,-1.1360,8.8144,0.0001,-0.0000,-0.0001,1.0000,-0.1002,-0.0284,0.2204
932,Right,2,0.1522,-0.1616,-0.8974,-0.3813,0.0041,-0.0024,0.0124,-0.0142,0.0552,-0.0890,-3.8107,1.6675,8.7893,0.0001,-0.0000,0.0002,1.0000,-0.0953,0.0417,0.2197
932,Pelvis,2,0.5321,-0.4522,0.5937,0.3999,0.0327,-0.0652,0.0099,0.1331,0.0810,-0.0598,9.6735,-1.2346,0.2065,0.0004,-0.0008,0.0001,1.0000,0.2418,-0.0308,0.0053
933,Left,2,0.2170,0.0306,-0.9665,-0.1339,0.0087,-0.0055,-0.0039,-0.0118,0.0012,-0.0444,-4.0074,-1.1441,8.8347,0.0001,-0.0001,-0.0000,1.0000,-0.1002,-0.0286,0.2209
933,Right,2,0.1521,-0.1615,-0.8974,-0.3813,0.0052,-0.0045,0.0089,0.0013,0.0478,-0.0724,-3.8299,1.6632,8.8001,0.0001,-0.0001,0.0001,1.0000,-0.0958,0.0416,0.2200
933,Pelvis,2,0.5327,-0.4525,0.5934,0.3991,0.0350,-0.0722,0.0168,0.0872,0.0366,-0.0330,9.7056,-1.1845,0.2211,0.0004,-0.0009,0.0002,1.0000,0.2426,-0.0296,0.0057
934,Left,2,0.2169,0.0306,-0.9665,-0.1341,0.0069,-0.0030,-0.0034,-0.0389,-0.0060,-0.0347,-3.9882,-1.1320,8.8557,0.0001,-0.0000,-0.0000,1.0000,-0.0997,-0.0283,0.2214
934,Right,2,0.1520,-0.1614,-0.8974,-0.3814,0.0058,-0.0058,0.0084,-0.0007,0.0452,-0.0724,-3.8284,1.6652,8.8003,0.0001,-0.0001,0.0001,1.0000,-0.0957,0.0416,0.2200
934,Pelvis,2,0.5333,-0.4528,0.5932,0.3983,0.0247,-0.0753,0.0182,0.0669,0.0403,0.0231,9.7633,-1.1778,0.1958,0.0003,-0.0009,0.0002,1.0000,0.2441,-0.0294,0.0051
935,Left,2,0.2169,0.0306,-0.9665,-0.1340,0.0081,-0.0018,-0.0034,-0.0185,-0.0110,-0.0367,-4.0065,-1.1314,8.8452,0.0001,-0.0000,-0.0000,1.0000,-0.1002,-0.0283,0.2211
935,Right,2,0.1520,-0.1613,-0.8975,-0.3813,0.0065,-0.0038,0.0113,-0.0155,0.0726,-0.0750,-3.7988,1.6565,8.8121,0.0001,-0.0000,0.0001,1.0000,-0.0950,0.0414,0.2203
935,Pelvis,2,0.5338,-0.4531,0.5929,0.3977,0.0145,-0.0653,0.0134,0.0560,-0.0130,0.0869,9.8283,-1.1648,0.2287,0.0002,-0.0008,0.0002,1.0000,0.2457,-0.0291,0.0059
936,Left,2,0.2169,0.0306,-0.9665,-0.1341,0.0086,-0.0006,-0.0022,-0.0373,0.0148,-0.0535,-3.9759,-1.1490,8.8382,0.0001,-0.0000,-0.0000,1.0000,-0.0994,-0.0287,0.2210
936,Right,2,0.1519,-0.1613,-0.8974,-0.3815,0.0083,-0.0046,0.0102,0.0033,0.0598,-0.0763,-3.8178,1.6500,8.8035,0.0001,-0.0001,0.0001,1.0000,-0.0955,0.0412,0.2201
936,Pelvis,2,0.5341,-0.4535,0.5925,0.3975,0.0093,-0.0495,0.0117,0.0607,0.0269,0.0927,9.8333,-1.1814,0.1761,0.0001,-0.0006,0.0001,1.0000,0.2458,-0.0295,0.0046
937,Left,2,0.2168,0.0305,-0.9665,-0.1342,0.0086,0.0007,-0.0022,-0.0368,0.0002,-0.0334,-3.9870,-1.1372,8.8570,0.0001,0.0000,-0.0000,1.0000,-0.0997,-0.0285,0.2214
937,Right,2,0.1518,-0.1613,-0.8974,-0.3817,0.0083,-0.0045,0.0108,0.0175,0.0535,-0.0815,-3.8270,1.6428,8.7951,0.0001,-0.0001,0.0001,1.0000,-0.0957,0.0410,0.2199
937,Pelvis,2,0.5343,-0.4539,0.5923,0.3972,-0.0037,-0.0399,0.0109,0.0409,0.0155,0.0310,9.7742,-1.1560,0.1698,-0.0000,-0.0005,0.0001,1.0000,0.2444,-0.0289,0.0044
938,Left,2,0.2169,0.0305,-0.9665,-0.1342,0.0074,0.0043,-0.0023,-0.0267,-0.0121,-0.0402,-3.9968,-1.1264,8.8464,0.0001,0.0001,-0.0000,1.0000,-0.0999,-0.0282,0.2212
938,Right,2,0.1517,-0.1613,-0.8974,-0.3817,0.0107,-0.0047,0.0108,0.0128,0.0540,-0.0725,-3.8255,1.6473,8.8049,0.0001,-0.0001,0.0001,1.0000,-0.0957,0.0411,0.2201
938,Pelvis,2,0.5343,-0.4543,0.5919,0.3972,-0.0137,-0.0408,0.0085,0.0250,0.0191,-0.0019,9.7432,-1.1405,0.1520,-0.0002,-0.0005,0.0001,1.0000,0.2436,-0.0285,0.0039
939,Left,2,0.2169,0.0305,-0.9665,-0.1342,0.0086,0.0062,-0.0023,-0.0281,-0.0008,-0.0514,-3.9874,-1.1347,8.8372,0.0001,0.0001,-0.0000,1.0000,-0.0997,-0.0284,0.2209
939,Right,2,0.1516,-0.1612,-0.8974,-0.3818,0.0108,-0.0034,0.0107,-0.0052,0.0557,-0.0891,-3.8038,1.6570,8.7941,0.0001,-0.0000,0.0001,1.0000,-0.0951,0.0414,0.2199
939,Pelvis,2,0.5344,-0.4548,0.5915,0.3972,-0.0128,-0.0367,0.0039,0.0635,0.0430,-0.0179,9.7225,-1.1832,0.1293,-0.0002,-0.0005,0.0000,1.0000,0.2431,-0.0296,0.0033
940,Left,2,0.2168,0.0304,-0.9665,-0.1342,0.0086,0.0037,-0.0041,-0.0329,-0.0063,-0.0118,-4.0005,-1.1321,8.8754,0.0001,0.0000,-0.0001,1.0000,-0.1000,-0.0283,0.2219
940,Right,2,0.1514,-0.1612,-0.8974,-0.3819,0.0119,-0.0053,0.0115,-0.0069,0.0530,-0.0891,-3.8023,1.6606,8.7941,0.0001,-0.0001,0.0001,1.0000,-0.0951,0.0415,0.2199
940,Pelvis,2,0.5346,-0.4551,0.5912,0.3971,-0.0073,-0.0342,0.0034,0.1080,0.0615,-0.0026,9.7323,-1.2336,0.1143,-0.0001,-0.0004,0.0000,1.0000,0.2433,-0.0308,0.0030
941,Left,2,0.2169,0.0304,-0.9665,-0.1341,0.0080,0.0037,-0.0023,-0.0377,-0.0126,-0.0347,-3.9905,-1.1212,8.8560,0.0001,0.0000,-0.0000,1.0000,-0.0998,-0.0280,0.2214
941,Right,2,0.1513,-0.1612,-0.8974,-0.3819,0.0107,-0.0053,0.0108,-0.0094,0.0507,-0.0891,-3.8007,1.6641,8.7941,0.0001,-0.0001,0.0001,1.0000,-0.0950,0.0416,0.2199
941,Pelvis,2,0.5347,-0.4553,0.5908,0.3971,-0.0023,-0.0308,-0.0038,0.1239,0.0671,0.0194,9.7524,-1.2526,0.1056,-0.0000,-0.0004,-0.0000,1.0000,0.2438,-0.0313,0.0027
942,Left,2,0.2169,0.0304,-0.9664,-0.1342,0.0032,0.0005,-0.0060,-0.0339,-0.0136,-0.0437,-3.9902,-1.1207,8.8462,0.0000,0.0000,-0.0001,1.0000,-0.0998,-0.0280,0.2212
942,Right,2,0.1512,-0.1612,-0.8974,-0.3820,0.0131,-0.0072,0.0110,0.0041,0.0445,-0.0943,-3.8095,1.6577,8.7857,0.0002,-0.0001,0.0001,1.0000,-0.0953,0.0414,0.2196
942,Pelvis,2,0.5349,-0.4554,0.5906,0.3970,0.0076,-0.0243,-0.0091,0.1277,0.0981,0.0265,9.7588,-1.2636,0.0697,0.0001,-0.0003,-0.0001,1.0000,0.2440,-0.0316,0.0018
943,Left,2,0.2169,0.0305,-0.9664,-0.1343,0.0020,0.0018,-0.0049,-0.0259,0.0047,-0.0500,-3.9894,-1.1405,8.8371,0.0000,0.0000,-0.0001,1.0000,-0.0997,-0.0285,0.2209
943,Right,2,0.1511,-0.1612,-0.8974,-0.3820,0.0131,-0.0060,0.0109,-0.0126,0.0748,-0.0879,-3.7795,1.6519,8.8070,0.0002,-0.0001,0.0001,1.0000,-0.0945,0.0412,0.2202
943,Pelvis,2,0.5353,-0.4553,0.5905,0.3968,0.0137,-0.0211,-0.0096,0.0978,0.0503,0.0164,9.7534,-1.2186,0.1005,0.0002,-0.0003,-0.0001,1.0000,0.2438,-0.0305,0.0026
944,Left,2,0.2169,0.0305,-0.9664,-0.1342,0.0013,0.0030,-0.0043,-0.0367,0.0159,-0.0431,-3.9804,-1.1498,8.8476,0.0000,0.0000,-0.0001,1.0000,-0.0995,-0.0287,0.2212
944,Right,2,0.1510,-0.1612,-0.8974,-0.3819,0.0144,-0.0048,0.0108,0.0034,0.0657,-0.1020,-3.7885,1.6445,8.7889,0.0002,-0.0001,0.0001,1.0000,-0.0947,0.0411,0.2197
944,Pelvis,2,0.5355,-0.4553,0.5903,0.3968,0.0205,-0.0148,-0.0074,0.1067,0.0528,0.0274,9.7637,-1.2260,0.0963,0.0003,-0.0002,-0.0001,1.0000,0.2441,-0.0307,0.0024
945,Left,2,0.2170,0.0306,-0.9664,-0.1342,-0.0005,0.0054,-0.0038,-0.0326,-0.0067,-0.0424,-3.9914,-1.1309,8.8459,-0.0000,0.0001,-0.0000,1.0000,-0.0998,-0.0283,0.2212
945,Right,2,0.1509,-0.1612,-0.8974,-0.3820,0.0138,-0.0054,0.0109,-0.0139,0.0507,-0.1019,-3.7850,1.6679,8.7860,0.0002,-0.0001,0.0001,1.0000,-0.0946,0.0416,0.2197
945,Pelvis,2,0.5357,-0.4551,0.5904,0.3966,0.0320,-0.0036,-0.0069,0.1201,0.0847,0.0360,9.7703,-1.2465,0.0666,0.0004,-0.0000,-0.0001,1.0000,0.2443,-0.0312,0.0017
946,Left,2,0.2171,0.0307,-0.9664,-0.1342,-0.0011,0.0066,-0.0050,-0.0415,0.0134,-0.0341,-3.9831,-1.1505,8.8563,-0.0000,0.0001,-0.0001,1.0000,-0.0996,-0.0288,0.2214
946,Right,2,0.1508,-0.1612,-0.8974,-0.3821,0.0125,-0.0055,0.0084,-0.0262,0.0450,-0.0929,-3.7824,1.6827,8.7942,0.0002,-0.0001,0.0001,1.0000,-0.0946,0.0420,0.2199
946,Pelvis,2,0.5359,-0.4548,0.5905,0.3966,0.0347,0.0029,-0.0117,0.0935,0.1292,0.0267,9.7635,-1.2299,0.0174,0.0004,0.0000,-0.0001,1.0000,0.2441,-0.0308,0.0004
947,Left,2,0.2171,0.0307,-0.9664,-0.1344,0.0007,0.0048,-0.0043,-0.0210,-0.0026,-0.0375,-4.0033,-1.1420,8.8444,0.0000,0.0001,-0.0001,1.0000,-0.1001,-0.0285,0.2211
947,Right,2,0.1506,-0.1613,-0.8973,-0.3824,0.0157,-0.0037,0.0108,-0.0016,0.0411,-0.0853,-3.8024,1.6694,8.7965,0.0002,-0.0000,0.0001,1.0000,-0.0951,0.0417,0.2199
947,Pelvis,2,0.5361,-0.4545,0.5907,0.3963,0.0325,0.0012,-0.0078,0.0754,0.0900,-0.0215,9.7184,-1.1961,0.0514,0.0004,0.0000,-0.0001,1.0000,0.2430,-0.0299,0.0013
948,Left,2,0.2170,0.0307,-0.9664,-0.1344,0.0038,0.0024,-0.0054,-0.0241,-0.0007,-0.0500,-3.9936,-1.1421,8.8350,0.0000,0.0000,-0.0001,1.0000,-0.0998,-0.0286,0.2209
948,Right,2,0.1505,-0.1614,-0.8971,-0.3827,0.0153,-0.0001,0.0099,-0.0189,0.0420,-0.0801,-3.7909,1.6839,8.8045,0.0002,-0.0000,0.0001,1.0000,-0.0948,0.0420,0.2201
948,Pelvis,2,0.5361,-0.4545,0.5908,0.3962,0.0245,-0.0016,-0.0010,0.0796,0.0783,-0.0394,9.7005,-1.1944,0.0645,0.0003,-0.0000,-0.0000,1.0000,0.2425,-0.0299,0.0016
949,Left,2,0.2171,0.0308,-0.9664,-0.1345,0.0050,0.0030,-0.0042,-0.0386,0.0033,-0.0660,-3.9739,-1.1415,8.8263,0.0001,0.0000,-0.0001,1.0000,-0.0993,-0.0285,0.2207
949,Right,2,0.1504,-0.1614,-0.8972,-0.3827,0.0158,-0.0017,0.0131,-0.0055,0.0359,-0.0852,-3.8009,1.6783,8.7955,0.0002,-0.0000,0.0002,1.0000,-0.0950,0.0419,0.2199
949,Pelvis,2,0.5363,-0.4544,0.5909,0.3959,0.0175,-0.0069,0.0035,0.0430,0.1115,-0.0392,9.7040,-1.1695,0.0213,0.0002,-0.0001,0.0000,1.0000,0.2426,-0.0292,0.0005
950,Left,2,0.2170,0.0308,-0.9663,-0.1347,0.0056,-0.0006,-0.0035,-0.0341,-0.0143,-0.0334,-3.9956,-1.1304,8.8540,0.0001,-0.0000,-0.0000,1.0000,-0.0999,-0.0283,0.2213
950,Right,2,0.1503,-0.1615,-0.8971,-0.3828,0.0141,0.0007,0.0110,-0.0052,0.0304,-0.0942,-3.8003,1.6813,8.7853,0.0002,0.0000,0.0001,1.0000,-0.0950,0.0420,0.2196
950,Pelvis,2,0.5362,-0.4545,0.5908,0.3960,0.0097,-0.0075,0.0059,0.0510,0.1152,-0.0186,9.7235,-1.1800,0.0183,0.0001,-0.0001,0.0001,1.0000,0.2431,-0.0295,0.0005
951,Left,2,0.2171,0.0308,-0.9663,-0.1348,0.0061,0.0013,-0.0017,-0.0362,0.0058,-0.0431,-3.9849,-1.1490,8.8457,0.0001,0.0000,-0.0000,1.0000,-0.0996,-0.0287,0.2211
951,Right,2,0.1503,-0.1615,-0.8971,-0.3828,0.0141,0.0005,0.0086,-0.0240,0.0477,-0.0839,-3.7806,1.6862,8.8043,0.0002,0.0000,0.0001,1.0000,-0.0945,0.0421,0.2201
951,Pelvis,2,0.5362,-0.4548,0.5906,0.3960,0.0033,-0.0098,0.0113,0.0646,0.0888,-0.0038,9.7372,-1.1885,0.0449,0.0000,-0.0001,0.0001,1.0000,0.2434,-0.0297,0.0012
952,Left,2,0.2170,0.0307,-0.9663,-0.1347,0.0068,-0.0006,-0.0016,-0.0409,-0.0045,-0.0355,-3.9857,-1.1376,8.8553,0.0001,-0.0000,-0.0000,1.0000,-0.0996,-0.0285,0.2214
952,Right,2,0.1503,-0.1615,-0.8971,-0.3828,0.0136,0.0029,0.0072,-0.0081,0.0545,-0.0929,-3.7826,1.6694,8.7967,0.0002,0.0000,0.0001,1.0000,-0.0946,0.0417,0.2199
952,Pelvis,2,0.5362,-0.4549,0.5906,0.3959,-0.0010,-0.0074,0.0115,0.0692,0.1100,0.0047,9.7442,-1.2029,0.0233,-0.0000,-0.0001,0.0001,1.0000,0.2436,-0.0300,0.0006
953,Left,2,0.2170,0.0307,-0.9664,-0.1345,0.0074,-0.0024,-0.0028,-0.0267,0.0029,-0.0396,-3.9942,-1.1466,8.8456,0.0001,-0.0000,-0.0000,1.0000,-0.0999,-0.0287,0.2211
953,Right,2,0.1503,-0.1616,-0.8971,-0.3829,0.0136,0.0036,0.0084,-0.0022,0.0574,-0.0711,-3.7938,1.6673,8.8164,0.0002,0.0000,0.0001,1.0000,-0.0948,0.0416,0.2204
953,Pelvis,2,0.5361,-0.4552,0.5905,0.3959,-0.0057,-0.0048,0.0141,0.0841,0.0909,-0.0010,9.7371,-1.2138,0.0433,-0.0001,-0.0001,0.0002,1.0000,0.2434,-0.0303,0.0011
954,Left,2,0.2169,0.0307,-0.9664,-0.1346,0.0074,-0.0024,-0.0022,-0.0390,0.0037,-0.0341,-3.9845,-1.1446,8.8564,0.0001,-0.0000,-0.0000,1.0000,-0.0996,-0.0286,0.2214
954,Right,2,0.1502,-0.1616,-0.8970,-0.3831,0.0147,0.0011,0.0086,-0.0002,0.0499,-0.1109,-3.7841,1.6646,8.7771,0.0002,0.0000,0.0001,1.0000,-0.0946,0.0416,0.2194
954,Pelvis,2,0.5359,-0.4554,0.5906,0.3957,-0.0062,-0.0072,0.0161,0.0634,0.0875,-0.0038,9.7360,-1.1981,0.0396,-0.0001,-0.0001,0.0002,1.0000,0.2434,-0.0299,0.0010
955,Left,2,0.2168,0.0307,-0.9664,-0.1346,0.0086,-0.0018,-0.0009,-0.0237,0.0099,-0.0382,-3.9929,-1.1533,8.8468,0.0001,-0.0000,-0.0000,1.0000,-0.0998,-0.0289,0.2212
955,Right,2,0.1501,-0.1617,-0.8968,-0.3835,0.0135,0.0005,0.0080,-0.0072,0.0534,-0.0929,-3.7840,1.6713,8.7958,0.0002,0.0000,0.0001,1.0000,-0.0946,0.0417,0.2199
955,Pelvis,2,0.5358,-0.4557,0.5905,0.3957,-0.0073,-0.0096,0.0169,0.0198,0.1013,-0.0024,9.7414,-1.1652,0.0128,-0.0001,-0.0001,0.0002,1.0000,0.2435,-0.0291,0.0004
956,Left,2,0.2167,0.0306,-0.9664,-0.1346,0.0116,-0.0029,-0.0002,-0.0392,0.0046,-0.0556,-3.9725,-1.1413,8.8385,0.0001,-0.0000,-0.0000,1.0000,-0.0993,-0.0286,0.2210
956,Right,2,0.1501,-0.1617,-0.8968,-0.3836,0.0110,0.0006,0.0074,-0.0084,0.0497,-0.0711,-3.7935,1.6786,8.8144,0.0001,0.0000,0.0001,1.0000,-0.0948,0.0419,0.2204
956,Pelvis,2,0.5355,-0.4560,0.5904,0.3959,-0.0080,-0.0027,0.0086,0.0459,0.0322,0.0394,9.7811,-1.1789,0.0861,-0.0001,-0.0000,0.0001,1.0000,0.2445,-0.0294,0.0022
957,Left,2,0.2167,0.0305,-0.9664,-0.1346,0.0122,-0.0029,0.0023,-0.0375,0.0001,-0.0341,-3.9828,-1.1381,8.8580,0.0002,-0.0000,0.0000,1.0000,-0.0996,-0.0285,0.2214
957,Right,2,0.1500,-0.1618,-0.8966,-0.3839,0.0122,-0.0006,0.0081,-0.0086,0.0604,-0.0749,-3.7845,1.6713,8.8155,0.0002,-0.0000,0.0001,1.0000,-0.0946,0.0417,0.2204
957,Pelvis,2,0.5354,-0.4562,0.5903,0.3959,-0.0052,-0.0004,0.0053,0.0735,0.0285,0.0545,9.7927,-1.2086,0.0968,-0.0001,-0.0000,0.0001,1.0000,0.2448,-0.0302,0.0024
958,Left,2,0.2166,0.0304,-0.9665,-0.1346,0.0116,-0.0029,0.0016,-0.0172,-0.0022,-0.0577,-3.9902,-1.1365,8.8288,0.0001,-0.0000,0.0000,1.0000,-0.0998,-0.0284,0.2207
958,Right,2,0.1499,-0.1618,-0.8966,-0.3841,0.0129,0.0017,0.0073,-0.0181,0.0515,-0.0749,-3.7833,1.6844,8.8135,0.0002,0.0000,0.0001,1.0000,-0.0946,0.0421,0.2203
958,Pelvis,2,0.5352,-0.4563,0.5902,0.3961,-0.0078,0.0056,0.0027,0.0507,0.0458,-0.0110,9.7298,-1.1845,0.0733,-0.0001,0.0001,0.0000,1.0000,0.2432,-0.0296,0.0018
959,Left,2,0.2165,0.0303,-0.9665,-0.1346,0.0183,-0.0083,0.0025,-0.0266,0.0050,-0.0292,-3.9906,-1.1417,8.8594,0.0002,-0.0001,0.0000,1.0000,-0.0998,-0.0286,0.2215
959,Right,2,0.1499,-0.1618,-0.8966,-0.3840,0.0115,-0.0021,0.0051,-0.0121,0.0391,-0.0800,-3.7927,1.6872,8.8031,0.0001,-0.0000,0.0001,1.0000,-0.0948,0.0421,0.2201
959,Pelvis,2,0.5351,-0.4564,0.5902,0.3963,-0.0154,0.0140,0.0015,0.0233,0.0393,-0.0153,9.7288,-1.1559,0.0724,-0.0002,0.0002,0.0000,1.0000,0.2432,-0.0289,0.0018
960,Left,2,0.2164,0.0302,-0.9665,-0.1346,0.0103,-0.0017,0.0022,-0.0463,-0.0191,-0.0494,-3.9701,-1.1089,8.8506,0.0001,-0.0000,0.0000,1.0000,-0.0993,-0.0278,0.2213
960,Right,2,0.1499,-0.1618,-0.8966,-0.3841,0.0117,0.0012,0.0073,0.0117,0.0512,-0.0672,-3.8051,1.6640,8.8165,0.0001,0.0000,0.0001,1.0000,-0.0951,0.0416,0.2204
960,Pelvis,2,0.5348,-0.4566,0.5901,0.3967,-0.0195,0.0161,-0.0044,0.0684,0.0225,0.1037,9.8422,-1.2080,0.1054,-0.0002,0.0002,-0.0001,1.0000,0.2461,-0.0302,0.0026
961,Left,2,0.2164,0.0302,-0.9665,-0.1346,0.0079,0.0007,0.0002,-0.0353,-0.0078,-0.0126,-3.9909,-1.1257,8.8797,0.0001,0.0000,0.0000,1.0000,-0.0998,-0.0282,0.2220
961,Right,2,0.1498,-0.1618,-0.8964,-0.3844,0.0147,0.0004,0.0080,0.0082,0.0658,-0.0838,-3.7865,1.6546,8.8080,0.0002,0.0000,0.0001,1.0000,-0.0947,0.0413,0.2202
961,Pelvis,2,0.5346,-0.4564,0.5901,0.3970,0.0032,0.0221,-0.0118,0.1432,0.0028,0.0982,9.8290,-1.2713,0.1484,0.0000,0.0003,-0.0001,1.0000,0.2457,-0.0318,0.0036
962,Left,2,0.2163,0.0301,-0.9665,-0.1347,0.0092,-0.0023,0.0009,-0.0263,0.0044,-0.0507,-3.9784,-1.1347,8.8420,0.0001,-0.0000,0.0000,1.0000,-0.0995,-0.0284,0.2210
962,Right,2,0.1497,-0.1620,-0.8963,-0.3847,0.0174,0.0059,0.0088,-0.0146,0.0578,-0.0876,-3.7751,1.6771,8.8043,0.0002,0.0001,0.0001,1.0000,-0.0944,0.0419,0.2201
962,Pelvis,2,0.5344,-0.4561,0.5903,0.3974,0.0212,0.0448,-0.0142,0.0943,0.0142,0.0189,9.7559,-1.2140,0.1313,0.0003,0.0006,-0.0002,1.0000,0.2439,-0.0304,0.0031
963,Left,2,0.2162,0.0301,-0.9665,-0.1346,0.0104,-0.0017,0.0010,-0.0412,-0.0040,-0.0466,-3.9690,-1.1221,8.8525,0.0001,-0.0000,0.0000,1.0000,-0.0992,-0.0281,0.2213
963,Right,2,0.1498,-0.1621,-0.8963,-0.3846,0.0193,0.0070,0.0082,-0.0055,0.0414,-0.0800,-3.7956,1.6840,8.8026,0.0002,0.0001,0.0001,1.0000,-0.0949,0.0420,0.2201
963,Pelvis,2,0.5340,-0.4557,0.5907,0.3977,0.0114,0.0540,-0.0122,-0.0042,0.0162,-0.0074,9.7410,-1.1158,0.1159,0.0001,0.0007,-0.0002,1.0000,0.2435,-0.0279,0.0027
964,Left,2,0.2162,0.0301,-0.9666,-0.1345,0.0037,0.0025,-0.0012,-0.0382,-0.0084,-0.0251,-3.9801,-1.1201,8.8715,0.0000,0.0000,-0.0000,1.0000,-0.0995,-0.0280,0.2218
964,Right,2,0.1497,-0.1622,-0.8962,-0.3848,0.0180,0.0051,0.0071,-0.0151,0.0485,-0.0748,-3.7869,1.6892,8.8111,0.0002,0.0001,0.0001,1.0000,-0.0947,0.0422,0.2203
964,Pelvis,2,0.5337,-0.4556,0.5908,0.3982,-0.0085,0.0429,-0.0097,-0.0072,0.0102,-0.0471,9.7021,-1.1041,0.1319,-0.0001,0.0005,-0.0001,1.0000,0.2426,-0.0276,0.0032
965,Left,2,0.2162,0.0301,-0.9666,-0.1346,0.0030,0.0061,-0.0012,-0.0154,-0.0015,-0.0472,-3.9887,-1.1305,8.8417,0.0000,0.0001,-0.0000,1.0000,-0.0997,-0.0283,0.2210
965,Right,2,0.1496,-0.1623,-0.8961,-0.3851,0.0187,0.0063,0.0076,-0.0204,0.0499,-0.0876,-3.7781,1.6915,8.8003,0.0002,0.0001,0.0001,1.0000,-0.0944,0.0422,0.2200
965,Pelvis,2,0.5333,-0.4556,0.5908,0.3987,-0.0182,0.0311,-0.0108,0.0426,0.0515,-0.0930,9.6503,-1.1552,0.1133,-0.0002,0.0004,-0.0001,1.0000,0.2413,-0.0289,0.0027
966,Left,2,0.2163,0.0301,-0.9665,-0.1348,0.0000,0.0060,-0.0032,-0.0375,-0.0116,-0.0251,-3.9823,-1.1193,8.8706,0.0000,0.0001,-0.0000,1.0000,-0.0995,-0.0280,0.2218
966,Right,2,0.1496,-0.1624,-0.8960,-0.3853,0.0173,0.0033,0.0066,0.0014,0.0488,-0.0709,-3.8004,1.6804,8.8113,0.0002,0.0000,0.0001,1.0000,-0.0950,0.0420,0.2203
966,Pelvis,2,0.5331,-0.4557,0.5907,0.3991,-0.0154,0.0240,-0.0058,0.1277,0.0750,-0.0816,9.6519,-1.2416,0.1188,-0.0002,0.0003,-0.0001,1.0000,0.2413,-0.0311,0.0029
967,Left,2,0.2164,0.0302,-0.9665,-0.1347,-0.0030,0.0066,-0.0039,-0.0310,-0.0113,-0.0431,-3.9824,-1.1207,8.8505,-0.0000,0.0001,-0.0000,1.0000,-0.0995,-0.0280,0.2213
967,Right,2,0.1496,-0.1624,-0.8960,-0.3852,0.0164,-0.0021,0.0076,0.0116,0.0467,-0.0888,-3.8012,1.6722,8.7927,0.0002,-0.0000,0.0001,1.0000,-0.0950,0.0418,0.2198
967,Pelvis,2,0.5328,-0.4557,0.5906,0.3996,-0.0093,0.0240,-0.0074,0.1676,0.0802,-0.0063,9.7226,-1.2864,0.1300,-0.0001,0.0003,-0.0001,1.0000,0.2431,-0.0322,0.0032
968,Left,2,0.2164,0.0304,-0.9665,-0.1349,-0.0054,0.0041,-0.0039,-0.0383,0.0078,-0.0348,-3.9739,-1.1410,8.8609,-0.0001,0.0001,-0.0000,1.0000,-0.0993,-0.0285,0.2215
968,Right,2,0.1495,-0.1625,-0.8959,-0.3855,0.0172,0.0014,0.0067,-0.0244,0.0394,-0.0966,-3.7783,1.7034,8.7879,0.0002,0.0000,0.0001,1.0000,-0.0945,0.0425,0.2197
968,Pelvis,2,0.5323,-0.4558,0.5906,0.4002,0.0025,0.0379,-0.0021,0.1671,0.1244,0.0283,9.7567,-1.2984,0.0948,0.0000,0.0005,-0.0000,1.0000,0.2439,-0.0325,0.0023
969,Left,2,0.2164,0.0306,-0.9665,-0.1349,-0.0091,0.0029,-0.0028,-0.0308,0.0075,-0.0528,-3.9734,-1.1436,8.8408,-0.0001,0.0000,-0.0000,1.0000,-0.0993,-0.0286,0.2210
969,Right,2,0.1494,-0.1627,-0.8958,-0.3856,0.0228,0.0034,0.0035,0.0029,0.0471,-0.0708,-3.8012,1.6845,8.8102,0.0003,0.0000,0.0000,1.0000,-0.0950,0.0420,0.2203
969,Pelvis,2,0.5320,-0.4556,0.5909,0.4003,0.0097,0.0371,0.0048,0.1154,0.0933,0.0033,9.7379,-1.2387,0.1199,0.0001,0.0005,0.0001,1.0000,0.2435,-0.0310,0.0029
970,Left,2,0.2164,0.0308,-0.9664,-0.1349,-0.0121,0.0029,-0.0035,-0.0287,0.0028,-0.0313,-3.9849,-1.1458,8.8591,-0.0002,0.0000,-0.0000,1.0000,-0.0996,-0.0286,0.2215
970,Right,2,0.1494,-0.1630,-0.8956,-0.3860,0.0319,0.0108,-0.0049,-0.0016,0.0475,-0.0618,-3.8028,1.6919,8.8181,0.0004,0.0001,-0.0001,1.0000,-0.0950,0.0422,0.2205
970,Pelvis,2,0.5318,-0.4556,0.5910,0.4005,0.0050,0.0224,0.0065,0.1123,0.0276,-0.0302,9.7056,-1.2152,0.1882,0.0001,0.0003,0.0001,1.0000,0.2426,-0.0304,0.0046
971,Left,2,0.2165,0.0310,-0.9664,-0.1349,-0.0110,0.0041,-0.0010,-0.0074,0.0157,-0.0215,-4.0047,-1.1685,8.8580,-0.0001,0.0001,-0.0000,1.0000,-0.1001,-0.0292,0.2215
971,Right,2,0.1493,-0.1633,-0.8954,-0.3864,0.0354,0.0081,-0.0066,-0.0130,0.0412,-0.1054,-3.7846,1.7004,8.7760,0.0004,0.0001,-0.0001,1.0000,-0.0946,0.0424,0.2194
971,Pelvis,2,0.5316,-0.4556,0.5910,0.4006,0.0026,0.0162,0.0051,0.1124,0.0098,-0.0085,9.7271,-1.2142,0.2098,0.0000,0.0002,0.0001,1.0000,0.2432,-0.0303,0.0052
972,Left,2,0.2166,0.0312,-0.9664,-0.1347,-0.0209,0.0102,0.0010,-0.0392,0.0124,-0.0244,-3.9779,-1.1613,8.8680,-0.0003,0.0001,0.0000,1.0000,-0.0994,-0.0290,0.2217
972,Right,2,0.1492,-0.1636,-0.8951,-0.3869,0.0335,0.0064,-0.0052,-0.0074,0.0600,-0.0784,-3.7885,1.6927,8.8058,0.0004,0.0001,-0.0001,1.0000,-0.0947,0.0422,0.2202
972,Pelvis,2,0.5316,-0.4555,0.5912,0.4005,0.0019,0.0137,0.0041,0.0961,0.0286,0.0067,9.7436,-1.2073,0.1908,0.0000,0.0002,0.0001,1.0000,0.2436,-0.0302,0.0047
973,Left,2,0.2169,0.0316,-0.9663,-0.1348,-0.0213,0.0204,-0.0084,-0.0150,-0.0186,0.0048,-4.0217,-1.1470,8.8822,-0.0003,0.0003,-0.0001,1.0000,-0.1005,-0.0286,0.2221
973,Right,2,0.1492,-0.1638,-0.8950,-0.3871,0.0317,0.0080,-0.0017,-0.0063,0.0383,-0.0925,-3.7989,1.7071,8.7828,0.0004,0.0001,-0.0000,1.0000,-0.0949,0.0426,0.2196
973,Pelvis,2,0.5315,-0.4556,0.5912,0.4006,-0.0018,0.0106,0.0032,0.0962,0.1051,-0.0117,9.7243,-1.2263,0.1189,-0.0000,0.0001,0.0000,1.0000,0.2431,-0.0306,0.0029
974,Left,2,0.2172,0.0319,-0.9662,-0.1349,-0.0261,0.0281,-0.0160,-0.0103,-0.0065,-0.0243,-4.0150,-1.1641,8.8508,-0.0003,0.0004,-0.0002,1.0000,-0.1003,-0.0290,0.2213
974,Right,2,0.1491,-0.1641,-0.8949,-0.3873,0.0335,0.0078,-0.0035,-0.0026,0.0286,-0.0887,-3.8105,1.7150,8.7804,0.0004,0.0001,-0.0000,1.0000,-0.0952,0.0428,0.2195
974,Pelvis,2,0.5314,-0.4556,0.5913,0.4005,-0.0005,0.0069,0.0033,0.1056,0.0970,0.0006,9.7354,-1.2356,0.1304,-0.0000,0.0001,0.0000,1.0000,0.2434,-0.0309,0.0032
975,Left,2,0.2175,0.0322,-0.9661,-0.1349,-0.0169,0.0276,-0.0163,-0.0464,0.0062,-0.0598,-3.9707,-1.1700,8.8310,-0.0002,0.0003,-0.0002,1.0000,-0.0992,-0.0292,0.2208
975,Right,2,0.1490,-0.1644,-0.8947,-0.3877,0.0390,0.0065,-0.0076,0.0056,0.0443,-0.0706,-3.8144,1.7064,8.8005,0.0005,0.0001,-0.0001,1.0000,-0.0953,0.0426,0.2200
975,Pelvis,2,0.5314,-0.4557,0.5912,0.4007,0.0013,0.0050,0.0021,0.0669,0.1429,-0.0510,9.6881,-1.2042,0.0749,0.0000,0.0001,0.0000,1.0000,0.2422,-0.0301,0.0019
976,Left,2,0.2179,0.0324,-0.9661,-0.1350,-0.0084,0.0192,-0.0122,-0.0341,-0.0001,-0.0438,-3.9956,-1.1743,8.8368,-0.0001,0.0002,-0.0002,1.0000,-0.0998,-0.0293,0.2209
976,Right,2,0.1490,-0.1647,-0.8946,-0.3877,0.0402,0.0055,-0.0051,-0.0077,0.0400,-0.0835,-3.8052,1.7215,8.7873,0.0005,0.0001,-0.0001,1.0000,-0.0951,0.0429,0.2197
976,Pelvis,2,0.5313,-0.4557,0.5911,0.4008,-0.0014,0.0054,-0.0014,0.0424,0.1515,-0.0263,9.7154,-1.1854,0.0609,-0.0000,0.0001,-0.0000,1.0000,0.2429,-0.0296,0.0015
977,Left,2,0.2182,0.0325,-0.9660,-0.1352,-0.0074,0.0194,-0.0036,-0.0195,0.0022,-0.0264,-4.0195,-1.1867,8.8435,-0.0001,0.0002,-0.0000,1.0000,-0.1004,-0.0296,0.2211
977,Right,2,0.1489,-0.1650,-0.8945,-0.3879,0.0358,0.0042,-0.0007,-0.0156,0.0445,-0.0873,-3.7967,1.7286,8.7854,0.0004,0.0001,-0.0000,1.0000,-0.0949,0.0431,0.2197
977,Pelvis,2,0.5311,-0.4558,0.5910,0.4010,-0.0083,0.0077,-0.0036,0.0394,0.1623,-0.0180,9.7239,-1.1857,0.0515,-0.0001,0.0001,-0.0000,1.0000,0.2431,-0.0297,0.0013
978,Left,2,0.2185,0.0327,-0.9659,-0.1351,-0.0161,0.0200,-0.0009,-0.0253,-0.0248,0.0228,-4.0469,-1.1689,8.8879,-0.0002,0.0002,-0.0000,1.0000,-0.1011,-0.0292,0.2222
978,Right,2,0.1489,-0.1651,-0.8945,-0.3879,0.0289,0.0023,0.0012,-0.0078,0.0453,-0.0962,-3.7984,1.7245,8.7756,0.0004,0.0000,0.0000,1.0000,-0.0950,0.0430,0.2194
978,Pelvis,2,0.5309,-0.4560,0.5909,0.4014,-0.0107,0.0120,-0.0030,0.0586,0.1399,0.0174,9.7573,-1.2008,0.0808,-0.0001,0.0001,-0.0000,1.0000,0.2439,-0.0300,0.0020
979,Left,2,0.2186,0.0330,-0.9659,-0.1350,-0.0197,0.0138,0.0003,-0.0478,-0.0015,-0.0383,-3.9985,-1.1831,8.8405,-0.0002,0.0002,0.0000,1.0000,-0.0999,-0.0295,0.2210
979,Right,2,0.1488,-0.1653,-0.8944,-0.3881,0.0233,0.0005,0.0056,-0.0066,0.0386,-0.0834,-3.8083,1.7332,8.7838,0.0003,0.0000,0.0001,1.0000,-0.0952,0.0433,0.2196
979,Pelvis,2,0.5307,-0.4560,0.5909,0.4016,-0.0095,0.0145,-0.0020,0.0849,0.1370,0.0420,9.7788,-1.2279,0.0939,-0.0001,0.0002,-0.0000,1.0000,0.2445,-0.0307,0.0023
980,Left,2,0.2187,0.0332,-0.9658,-0.1350,-0.0159,0.0077,-0.0025,-0.0705,-0.0132,-0.0695,-3.9708,-1.1675,8.8207,-0.0002,0.0001,-0.0000,1.0000,-0.0992,-0.0291,0.2205
980,Right,2,0.1486,-0.1655,-0.8942,-0.3885,0.0240,0.0023,0.0061,-0.0168,0.0461,-0.0782,-3.7986,1.7395,8.7924,0.0003,0.0000,0.0001,1.0000,-0.0950,0.0434,0.2198
980,Pelvis,2,0.5305,-0.4560,0.5909,0.4018,-0.0039,0.0164,-0.0012,0.1066,0.0955,0.0102,9.7451,-1.2339,0.1419,-0.0000,0.0002,-0.0000,1.0000,0.2436,-0.0309,0.0035
981,Left,2,0.2187,0.0333,-0.9658,-0.1349,-0.0043,0.0036,-0.0014,-0.0730,0.0166,-0.0688,-3.9616,-1.1990,8.8214,-0.0001,0.0000,-0.0000,1.0000,-0.0990,-0.0300,0.2205
981,Right,2,0.1486,-0.1656,-0.8941,-0.3887,0.0202,0.0008,0.0074,-0.0064,0.0439,-0.0961,-3.7996,1.7323,8.7736,0.0003,0.0000,0.0001,1.0000,-0.0950,0.0432,0.2194
981,Pelvis,2,0.5304,-0.4559,0.5911,0.4017,0.0010,0.0196,0.0008,0.0887,0.1158,-0.0347,9.7021,-1.2181,0.1202,0.0000,0.0002,0.0000,1.0000,0.2426,-0.0305,0.0029
982,Left,2,0.2188,0.0334,-0.9658,-0.1351,0.0001,0.0012,-0.0031,-0.0403,-0.0042,-0.0563,-4.0012,-1.1909,8.8182,0.0000,0.0000,-0.0000,1.0000,-0.1000,-0.0298,0.2205
982,Right,2,0.1484,-0.1658,-0.8939,-0.3893,0.0178,0.0015,0.0074,-0.0156,0.0343,-0.0744,-3.8083,1.7509,8.7902,0.0002,0.0000,0.0001,1.0000,-0.0952,0.0437,0.2198
982,Pelvis,2,0.5304,-0.4558,0.5911,0.4019,0.0025,0.0249,-0.0039,0.0518,0.1420,-0.0044,9.7364,-1.1910,0.0889,0.0000,0.0003,-0.0000,1.0000,0.2434,-0.0298,0.0021
983,Left,2,0.2187,0.0334,-0.9658,-0.1351,0.0013,0.0012,-0.0018,-0.0462,0.0063,-0.0583,-3.9914,-1.2005,8.8191,0.0000,0.0000,-0.0000,1.0000,-0.0998,-0.0300,0.2205
983,Right,2,0.1483,-0.1659,-0.8937,-0.3896,0.0152,-0.0005,0.0112,-0.0056,0.0481,-0.0870,-3.8003,1.7336,8.7831,0.0002,-0.0000,0.0001,1.0000,-0.0950,0.0433,0.2196
983,Pelvis,2,0.5301,-0.4556,0.5913,0.4021,0.0012,0.0273,-0.0046,0.0507,0.1336,0.0064,9.7474,-1.1888,0.1038,0.0000,0.0003,-0.0001,1.0000,0.2437,-0.0297,0.0025
984,Left,2,0.2187,0.0335,-0.9658,-0.1352,0.0038,0.0030,-0.0048,-0.0399,-0.0195,-0.0362,-4.0130,-1.1806,8.8365,0.0000,0.0000,-0.0001,1.0000,-0.1003,-0.0295,0.2209
984,Right,2,0.1482,-0.1659,-0.8936,-0.3898,0.0134,0.0001,0.0093,-0.0101,0.0485,-0.0780,-3.7999,1.7393,8.7922,0.0002,0.0000,0.0001,1.0000,-0.0950,0.0434,0.2198
984,Pelvis,2,0.5301,-0.4555,0.5914,0.4023,0.0018,0.0267,-0.0052,0.0666,0.1302,-0.0209,9.7187,-1.1978,0.1150,0.0000,0.0003,-0.0001,1.0000,0.2430,-0.0300,0.0028
985,Left,2,0.2187,0.0334,-0.9658,-0.1355,0.0062,0.0031,-0.0035,-0.0604,0.0173,-0.0639,-3.9727,-1.2089,8.8204,0.0001,0.0000,-0.0000,1.0000,-0.0993,-0.0302,0.2205
985,Right,2,0.1480,-0.1660,-0.8934,-0.3904,0.0091,-0.0009,0.0093,-0.0120,0.0457,-0.0780,-3.7994,1.7427,8.7917,0.0001,-0.0000,0.0001,1.0000,-0.0950,0.0435,0.2198
985,Pelvis,2,0.5299,-0.4554,0.5915,0.4025,0.0030,0.0261,-0.0052,0.0899,0.1216,-0.0360,9.7011,-1.2153,0.1355,0.0000,0.0003,-0.0001,1.0000,0.2425,-0.0304,0.0033
986,Left,2,0.2188,0.0334,-0.9657,-0.1355,0.0111,0.0031,-0.0046,-0.0520,-0.0129,-0.0827,-3.9823,-1.1789,8.7993,0.0001,0.0000,-0.0001,1.0000,-0.0996,-0.0295,0.2200
986,Right,2,0.1481,-0.1659,-0.8934,-0.3903,0.0060,-0.0007,0.0099,0.0035,0.0370,-0.0920,-3.8094,1.7335,8.7736,0.0001,-0.0000,0.0001,1.0000,-0.0952,0.0433,0.2193
986,Pelvis,2,0.5298,-0.4552,0.5916,0.4027,0.0083,0.0260,-0.0092,0.0735,0.1413,-0.0112,9.7277,-1.2053,0.1181,0.0001,0.0003,-0.0001,1.0000,0.2432,-0.0302,0.0029
987,Left,2,0.2188,0.0332,-0.9657,-0.1356,0.0216,-0.0005,-0.0078,-0.0469,0.0016,-0.0583,-3.9930,-1.1951,8.8191,0.0003,-0.0000,-0.0001,1.0000,-0.0998,-0.0299,0.2205
987,Right,2,0.1480,-0.1658,-0.8935,-0.3901,0.0040,-0.0039,0.0145,0.0008,0.0507,-0.0867,-3.7998,1.7268,8.7850,0.0000,-0.0000,0.0002,1.0000,-0.0950,0.0431,0.2196
987,Pelvis,2,0.5298,-0.4549,0.5918,0.4028,0.0119,0.0234,-0.0111,0.0642,0.1472,-0.0234,9.7168,-1.1943,0.1150,0.0001,0.0003,-0.0001,1.0000,0.2429,-0.0299,0.0028
988,Left,2,0.2185,0.0330,-0.9658,-0.1359,0.0292,-0.0017,-0.0143,-0.0376,-0.0122,-0.0563,-4.0024,-1.1810,8.8190,0.0004,-0.0000,-0.0002,1.0000,-0.1001,-0.0296,0.2205
988,Right,2,0.1479,-0.1657,-0.8935,-0.3903,-0.0010,-0.0059,0.0170,-0.0118,0.0616,-0.0944,-3.7786,1.7266,8.7858,-0.0000,-0.0001,0.0002,1.0000,-0.0945,0.0431,0.2196
988,Pelvis,2,0.5298,-0.4546,0.5920,0.4028,0.0162,0.0223,-0.0113,0.0254,0.1141,0.0035,9.7484,-1.1491,0.1424,0.0002,0.0003,-0.0001,1.0000,0.2437,-0.0288,0.0035
989,Left,2,0.2185,0.0327,-0.9657,-0.1361,0.0312,0.0019,-0.0204,-0.0096,0.0078,-0.0326,-4.0311,-1.2058,8.8287,0.0004,0.0000,-0.0003,1.0000,-0.1008,-0.0302,0.2207
989,Right,2,0.1479,-0.1654,-0.8937,-0.3900,-0.0054,-0.0060,0.0207,-0.0181,0.0330,-0.0869,-3.7938,1.7488,8.7829,-0.0001,-0.0001,0.0003,1.0000,-0.0949,0.0437,0.2196
989,Pelvis,2,0.5297,-0.4543,0.5922,0.4029,0.0157,0.0236,-0.0095,0.0005,0.1224,0.0186,9.7663,-1.1278,0.1344,0.0002,0.0003,-0.0001,1.0000,0.2442,-0.0282,0.0033
990,Left,2,0.2185,0.0324,-0.9657,-0.1364,0.0300,0.0037,-0.0217,-0.0300,-0.0109,-0.0209,-4.0231,-1.1807,8.8488,0.0004,0.0000,-0.0003,1.0000,-0.1006,-0.0296,0.2212
990,Right,2,0.1478,-0.1652,-0.8938,-0.3898,-0.0066,-0.0067,0.0183,-0.0354,0.0182,-0.0872,-3.7894,1.7685,8.7806,-0.0001,-0.0001,0.0002,1.0000,-0.0948,0.0442,0.2195
990,Pelvis,2,0.5296,-0.4541,0.5923,0.4030,0.0083,0.0222,-0.0102,0.0083,0.0652,-0.0435,9.7039,-1.1117,0.1957,0.0001,0.0003,-0.0001,1.0000,0.2426,-0.0278,0.0048
991,Left,2,0.2186,0.0322,-0.9657,-0.1365,0.0256,0.0067,-0.0188,-0.0464,0.0032,-0.0264,-4.0040,-1.1859,8.8507,0.0003,0.0001,-0.0002,1.0000,-0.1001,-0.0297,0.2213
991,Right,2,0.1479,-0.1650,-0.8939,-0.3896,-0.0065,-0.0044,0.0169,-0.0174,0.0373,-0.0778,-3.7906,1.7416,8.7958,-0.0001,-0.0001,0.0002,1.0000,-0.0948,0.0435,0.2199
991,Pelvis,2,0.5297,-0.4539,0.5924,0.4030,0.0115,0.0100,-0.0110,0.0840,0.0609,-0.0803,9.6589,-1.1769,0.2224,0.0001,0.0001,-0.0001,1.0000,0.2415,-0.0295,0.0055
992,Left,2,0.2186,0.0321,-0.9657,-0.1366,0.0225,0.0061,-0.0177,-0.0337,0.0008,-0.0319,-4.0139,-1.1830,8.8404,0.0003,0.0001,-0.0002,1.0000,-0.1003,-0.0296,0.2210
992,Right,2,0.1479,-0.1647,-0.8941,-0.3893,-0.0072,-0.0063,0.0158,-0.0330,0.0517,-0.0765,-3.7694,1.7412,8.8067,-0.0001,-0.0001,0.0002,1.0000,-0.0943,0.0435,0.2202
992,Pelvis,2,0.5298,-0.4537,0.5926,0.4029,0.0178,0.0046,-0.0092,0.1158,0.0698,-0.0459,9.6895,-1.2126,0.2252,0.0002,0.0001,-0.0001,1.0000,0.2422,-0.0303,0.0056
993,Left,2,0.2187,0.0319,-0.9657,-0.1366,0.0199,0.0061,-0.0141,-0.0458,-0.0063,-0.0368,-4.0053,-1.1699,8.8407,0.0002,0.0001,-0.0002,1.0000,-0.1001,-0.0293,0.2210
993,Right,2,0.1479,-0.1645,-0.8943,-0.3891,-0.0033,-0.0022,0.0161,-0.0115,0.0357,-0.0867,-3.7882,1.7309,8.7892,-0.0000,-0.0000,0.0002,1.0000,-0.0947,0.0433,0.2197
993,Pelvis,2,0.5298,-0.4536,0.5925,0.4030,0.0228,-0.0020,-0.0080,0.0886,0.0901,-0.0130,9.7257,-1.1924,0.2002,0.0003,-0.0000,-0.0001,1.0000,0.2431,-0.0298,0.0050
994,Left,2,0.2187,0.0318,-0.9656,-0.1368,0.0162,0.0037,-0.0105,-0.0436,0.0019,-0.0354,-4.0058,-1.1768,8.8411,0.0002,0.0000,-0.0001,1.0000,-0.1001,-0.0295,0.2210
994,Right,2,0.1479,-0.1644,-0.8942,-0.3892,-0.0008,-0.0025,0.0143,-0.0167,0.0522,-0.0724,-3.7784,1.7244,8.8106,-0.0000,-0.0000,0.0002,1.0000,-0.0945,0.0431,0.2203
994,Pelvis,2,0.5300,-0.4535,0.5926,0.4027,0.0221,-0.0071,-0.0003,0.0804,0.0602,-0.0010,9.7386,-1.1782,0.2265,0.0003,-0.0001,-0.0000,1.0000,0.2435,-0.0295,0.0057
995,Left,2,0.2186,0.0317,-0.9656,-0.1369,0.0136,-0.0005,-0.0050,-0.0410,0.0100,-0.0340,-4.0056,-1.1841,8.8418,0.0002,-0.0000,-0.0001,1.0000,-0.1001,-0.0296,0.2210
995,Right,2,0.1477,-0.1644,-0.8939,-0.3899,0.0017,-0.0014,0.0142,-0.0240,0.0409,-0.0815,-3.7763,1.7338,8.7995,0.0000,-0.0000,0.0002,1.0000,-0.0944,0.0433,0.2200
995,Pelvis,2,0.5302,-0.4535,0.5927,0.4024,0.0231,-0.0142,0.0037,0.0862,0.0378,-0.0272,9.7118,-1.1769,0.2473,0.0003,-0.0002,0.0000,1.0000,0.2428,-0.0294,0.0062
996,Left,2,0.2185,0.0317,-0.9657,-0.1370,0.0106,-0.0018,-0.0063,-0.0191,-0.0085,-0.0160,-4.0353,-1.1727,8.8497,0.0001,-0.0000,-0.0001,1.0000,-0.1009,-0.0293,0.2212
996,Right,2,0.1477,-0.1644,-0.8939,-0.3901,0.0017,-0.0012,0.0093,-0.0283,0.0411,-0.0725,-3.7755,1.7369,8.8092,0.0000,-0.0000,0.0001,1.0000,-0.0944,0.0434,0.2202
996,Pelvis,2,0.5304,-0.4535,0.5928,0.4021,0.0233,-0.0189,0.0070,0.0898,-0.0004,-0.0221,9.7163,-1.1738,0.2825,0.0003,-0.0002,0.0001,1.0000,0.2429,-0.0293,0.0071
997,Left,2,0.2184,0.0316,-0.9657,-0.1370,0.0100,-0.0018,-0.0063,-0.0366,0.0172,-0.0326,-4.0044,-1.1901,8.8431,0.0001,-0.0000,-0.0001,1.0000,-0.1001,-0.0298,0.2211
997,Right,2,0.1476,-0.1643,-0.8938,-0.3904,0.0043,0.0002,0.0049,-0.0125,0.0477,-0.0812,-3.7772,1.7175,8.8026,0.0001,0.0000,0.0001,1.0000,-0.0944,0.0429,0.2201
997,Pelvis,2,0.5307,-0.4533,0.5930,0.4015,0.0306,-0.0195,0.0066,0.1348,-0.0274,0.0283,9.7611,-1.2188,0.3178,0.0004,-0.0002,0.0001,1.0000,0.2440,-0.0305,0.0080
998,Left,2,0.2183,0.0316,-0.9657,-0.1371,0.0087,-0.0036,-0.0039,-0.0501,0.0084,-0.0284,-3.9948,-1.1781,8.8537,0.0001,-0.0000,-0.0000,1.0000,-0.0999,-0.0295,0.2213
998,Right,2,0.1475,-0.1643,-0.8936,-0.3909,0.0062,0.0012,0.0042,0.0064,0.0502,-0.0771,-3.7890,1.7010,8.8053,0.0001,0.0000,0.0001,1.0000,-0.0947,0.0425,0.2201
998,Pelvis,2,0.5309,-0.4533,0.5931,0.4012,0.0397,-0.0176,0.0053,0.1208,-0.0087,0.0340,9.7681,-1.2123,0.2928,0.0005,-0.0002,0.0001,1.0000,0.2442,-0.0303,0.0074
999,Left,2,0.2183,0.0317,-0.9657,-0.1369,-0.0041,0.0014,0.0127,-0.0316,0.0041,0.0320,-4.0367,-1.1862,8.9003,-0.0001,0.0000,0.0002,1.0000,-0.1009,-0.0297,0.2225
999,Right,2,0.1476,-0.1643,-0.8935,-0.3910,0.0132,0.0061,0.0008,-0.0008,0.0387,-0.0862,-3.7886,1.7113,8.7933,0.0002,0.0001,0.0000,1.0000,-0.0947,0.0427,0.2198
999,Pelvis,2,0.5311,-0.4532,0.5931,0.4010,0.0343,-0.0163,0.0068,0.0198,-0.0373,0.0101,9.7562,-1.1058,0.2890,0.0004,-0.0002,0.0001,1.0000,0.2439,-0.0276,0.0073
1000,Left,2,0.2184,0.0321,-0.9657,-0.1366,-0.0332,0.0055,0.0220,-0.0200,0.0045,0.0049,-4.0360,-1.1897,8.8702,-0.0004,0.0001,0.0003,1.0000,-0.1009,-0.0297,0.2218
1000,Right,2,0.1476,-0.1646,-0.8932,-0.3916,0.0302,0.0134,-0.0101,-0.0130,0.0330,-0.0774,-3.7899,1.7268,8.7995,0.0004,0.0002,-0.0001,1.0000,-0.0947,0.0431,0.2200
1000,Pelvis,2,0.5314,-0.4532,0.5931,0.4006,0.0196,-0.0190,0.0066,-0.0075,-0.0177,-0.0267,9.7227,-1.0820,0.2568,0.0002,-0.0002,0.0001,1.0000,0.2431,-0.0270,0.0065
1001,Left,2,0.2187,0.0326,-0.9657,-0.1360,-0.0464,0.0122,0.0294,-0.0463,0.0024,-0.0160,-4.0091,-1.1857,8.8600,-0.0006,0.0002,0.0004,1.0000,-0.1002,-0.0296,0.2215
1001,Right,2,0.1476,-0.1650,-0.8929,-0.3920,0.0434,0.0175,-0.0190,-0.0148,0.0296,-0.0556,-3.8037,1.7378,8.8155,0.0005,0.0002,-0.0002,1.0000,-0.0950,0.0433,0.2204
1001,Pelvis,2,0.5314,-0.4534,0.5930,0.4005,0.0116,-0.0204,0.0047,0.0140,0.0003,0.0051,9.7515,-1.1129,0.2425,0.0001,-0.0003,0.0001,1.0000,0.2438,-0.0278,0.0061
1002,Left,2,0.2190,0.0330,-0.9657,-0.1356,-0.0366,0.0177,0.0265,-0.0417,0.0147,-0.0450,-4.0012,-1.2026,8.8291,-0.0005,0.0002,0.0003,1.0000,-0.1000,-0.0300,0.2208
1002,Right,2,0.1476,-0.1654,-0.8928,-0.3922,0.0437,0.0123,-0.0155,-0.0156,0.0267,-0.1082,-3.7882,1.7356,8.7645,0.0005,0.0002,-0.0002,1.0000,-0.0947,0.0433,0.2192
1002,Pelvis,2,0.5314,-0.4536,0.5929,0.4005,0.0069,-0.0184,-0.0018,0.0541,0.0301,0.0288,9.7701,-1.1636,0.2217,0.0001,-0.0002,-0.0000,1.0000,0.2443,-0.0291,0.0056
1003,Left,2,0.2191,0.0333,-0.9657,-0.1350,-0.0265,0.0147,0.0190,-0.0286,0.0124,-0.0506,-4.0146,-1.2079,8.8161,-0.0003,0.0002,0.0002,1.0000,-0.1003,-0.0301,0.2204
1003,Right,2,0.1477,-0.1656,-0.8928,-0.3921,0.0349,0.0097,-0.0073,-0.0155,0.0679,-0.0793,-3.7750,1.7188,8.8055,0.0004,0.0001,-0.0001,1.0000,-0.0943,0.0429,0.2202
1003,Pelvis,2,0.5316,-0.4536,0.5928,0.4003,0.0062,-0.0172,-0.0025,0.0986,0.0474,0.0346,9.7706,-1.2126,0.2133,0.0001,-0.0002,-0.0000,1.0000,0.2443,-0.0303,0.0054
1004,Left,2,0.2193,0.0336,-0.9657,-0.1348,-0.0221,0.0116,0.0155,-0.0300,-0.0113,-0.0319,-4.0295,-1.1916,8.8322,-0.0003,0.0001,0.0002,1.0000,-0.1007,-0.0297,0.2208
1004,Right,2,0.1476,-0.1658,-0.8926,-0.3925,0.0243,0.0069,-0.0041,-0.0144,0.0461,-0.0937,-3.7857,1.7322,8.7824,0.0003,0.0001,-0.0001,1.0000,-0.0946,0.0432,0.2196
1004,Pelvis,2,0.5316,-0.4537,0.5928,0.4002,0.0095,-0.0169,0.0016,0.1191,0.0746,-0.0142,9.7194,-1.2361,0.1886,0.0001,-0.0002,0.0000,1.0000,0.2430,-0.0309,0.0048
1005,Left,2,0.2195,0.0340,-0.9657,-0.1346,-0.0304,0.0120,0.0097,-0.0316,-0.0384,0.0082,-4.0551,-1.1758,8.8671,-0.0004,0.0002,0.0001,1.0000,-0.1013,-0.0293,0.2217
1005,Right,2,0.1476,-0.1660,-0.8924,-0.3928,0.0248,0.0051,-0.0033,0.0098,0.0418,-0.0857,-3.8087,1.7202,8.7836,0.0003,0.0001,-0.0000,1.0000,-0.0952,0.0429,0.2196
1005,Pelvis,2,0.5317,-0.4537,0.5928,0.4000,0.0176,-0.0080,0.0061,0.1185,0.1009,-0.0372,9.6964,-1.2406,0.1595,0.0002,-0.0001,0.0001,1.0000,0.2424,-0.0310,0.0040
1006,Left,2,0.2197,0.0345,-0.9656,-0.1346,-0.0407,0.0106,0.0076,-0.0179,-0.0106,-0.0055,-4.0559,-1.2127,8.8464,-0.0005,0.0001,0.0001,1.0000,-0.1014,-0.0302,0.2212
1006,Right,2,0.1474,-0.1663,-0.8920,-0.3937,0.0298,0.0056,-0.0021,0.0053,0.0264,-0.0821,-3.8186,1.7365,8.7800,0.0004,0.0001,-0.0000,1.0000,-0.0954,0.0433,0.2195
1006,Pelvis,2,0.5317,-0.4537,0.5929,0.3999,0.0281,-0.0023,0.0082,0.1133,0.0954,0.0024,9.7362,-1.2405,0.1638,0.0004,-0.0000,0.0001,1.0000,0.2434,-0.0310,0.0041
1007,Left,2,0.2197,0.0350,-0.9656,-0.1343,-0.0449,0.0063,0.0069,-0.0136,-0.0242,0.0055,-4.0686,-1.2116,8.8530,-0.0006,0.0001,0.0001,1.0000,-0.1017,-0.0302,0.2214
1007,Right,2,0.1473,-0.1666,-0.8918,-0.3939,0.0323,0.0067,-0.0010,0.0188,0.0357,-0.0817,-3.8222,1.7240,8.7814,0.0004,0.0001,-0.0000,1.0000,-0.0955,0.0430,0.2196
1007,Pelvis,2,0.5318,-0.4535,0.5932,0.3995,0.0336,-0.0010,0.0078,0.0952,0.0556,0.0238,9.7594,-1.2181,0.1983,0.0004,-0.0000,0.0001,1.0000,0.2440,-0.0304,0.0049
1008,Left,2,0.2198,0.0357,-0.9656,-0.1341,-0.0526,0.0031,0.0006,-0.0158,0.0055,0.0063,-4.0594,-1.2510,8.8527,-0.0007,0.0000,0.0000,1.0000,-0.1015,-0.0311,0.2213
1008,Right,2,0.1472,-0.1668,-0.8918,-0.3940,0.0327,0.0036,0.0054,-0.0224,0.0202,-0.0990,-3.7995,1.7659,8.7637,0.0004,0.0000,0.0001,1.0000,-0.0950,0.0441,0.2191
1008,Pelvis,2,0.5318,-0.4534,0.5934,0.3994,0.0267,0.0044,0.0067,0.0645,0.0181,0.0028,9.7421,-1.1778,0.2265,0.0003,0.0001,0.0001,1.0000,0.2436,-0.0294,0.0056
1009,Left,2,0.2199,0.0365,-0.9656,-0.1340,-0.0547,-0.0026,-0.0061,-0.0477,-0.0036,-0.0284,-4.0195,-1.2433,8.8336,-0.0007,-0.0000,-0.0001,1.0000,-0.1005,-0.0309,0.2209
1009,Right,2,0.1472,-0.1670,-0.8918,-0.3939,0.0297,0.0051,0.0065,-0.0197,0.0427,-0.0845,-3.7927,1.7565,8.7847,0.0004,0.0001,0.0001,1.0000,-0.0948,0.0438,0.2196
1009,Pelvis,2,0.5320,-0.4532,0.5936,0.3991,0.0192,0.0060,0.0040,0.0417,0.0074,0.0299,9.7716,-1.1580,0.2323,0.0002,0.0001,0.0000,1.0000,0.2443,-0.0289,0.0058
1010,Left,2,0.2198,0.0372,-0.9656,-0.1339,-0.0518,-0.0155,-0.0168,-0.0359,-0.0062,-0.0340,-4.0262,-1.2567,8.8224,-0.0006,-0.0002,-0.0002,1.0000,-0.1007,-0.0313,0.2206
1010,Right,2,0.1471,-0.1672,-0.8917,-0.3940,0.0298,0.0066,0.0033,0.0019,0.0413,-0.0675,-3.8154,1.7481,8.7953,0.0004,0.0001,0.0000,1.0000,-0.0954,0.0436,0.2199
1010,Pelvis,2,0.5319,-0.4531,0.5937,0.3991,0.0092,0.0113,0.0031,0.0317,0.0055,0.0285,9.7711,-1.1491,0.2337,0.0001,0.0001,0.0000,1.0000,0.2443,-0.0287,0.0058
1011,Left,2,0.2196,0.0379,-0.9656,-0.1340,-0.0474,-0.0185,-0.0173,-0.0527,-0.0076,-0.0729,-3.9909,-1.2597,8.7951,-0.0006,-0.0002,-0.0002,1.0000,-0.0998,-0.0313,0.2199
1011,Right,2,0.1471,-0.1675,-0.8916,-0.3941,0.0361,0.0099,0.0025,0.0046,0.0489,-0.0801,-3.8084,1.7433,8.7854,0.0005,0.0001,0.0000,1.0000,-0.0952,0.0435,0.2197
1011,Pelvis,2,0.5318,-0.4529,0.5940,0.3989,0.0055,0.0192,0.0028,0.0137,0.0511,0.0208,9.7648,-1.1457,0.1884,0.0001,0.0002,0.0000,1.0000,0.2441,-0.0286,0.0046
1012,Left,2,0.2194,0.0386,-0.9656,-0.1341,-0.0395,-0.0190,-0.0170,-0.0341,0.0043,-0.0540,-4.0059,-1.2907,8.8045,-0.0005,-0.0002,-0.0002,1.0000,-0.1002,-0.0321,0.2201
1012,Right,2,0.1470,-0.1679,-0.8914,-0.3945,0.0325,0.0121,0.0047,-0.0157,0.0384,-0.0933,-3.7987,1.7676,8.7701,0.0004,0.0002,0.0001,1.0000,-0.0949,0.0441,0.2193
1012,Pelvis,2,0.5317,-0.4528,0.5942,0.3990,-0.0009,0.0220,-0.0012,0.0304,0.0806,0.0007,9.7424,-1.1691,0.1692,-0.0000,0.0003,-0.0000,1.0000,0.2436,-0.0292,0.0042
1013,Left,2,0.2192,0.0391,-0.9656,-0.1344,-0.0369,-0.0209,-0.0211,-0.0343,0.0028,-0.0540,-4.0009,-1.3010,8.8053,-0.0005,-0.0003,-0.0003,1.0000,-0.1001,-0.0324,0.2201
1013,Right,2,0.1470,-0.1682,-0.8911,-0.3951,0.0275,0.0094,0.0049,-0.0024,0.0322,-0.0983,-3.8116,1.7644,8.7596,0.0003,0.0001,0.0001,1.0000,-0.0953,0.0440,0.2190
1013,Pelvis,2,0.5315,-0.4527,0.5944,0.3989,-0.0034,0.0164,-0.0020,0.0407,0.1059,-0.0495,9.6907,-1.1826,0.1519,-0.0000,0.0002,-0.0000,1.0000,0.2423,-0.0296,0.0037
1014,Left,2,0.2189,0.0396,-0.9656,-0.1344,-0.0291,-0.0195,-0.0178,-0.0578,0.0003,-0.0749,-3.9661,-1.2999,8.7982,-0.0004,-0.0002,-0.0002,1.0000,-0.0992,-0.0324,0.2199
1014,Right,2,0.1469,-0.1684,-0.8908,-0.3956,0.0256,0.0079,0.0007,-0.0064,0.0470,-0.0621,-3.8147,1.7678,8.7977,0.0003,0.0001,0.0000,1.0000,-0.0953,0.0441,0.2200
1014,Pelvis,2,0.5314,-0.4526,0.5946,0.3990,0.0001,0.0187,-0.0048,0.0630,0.1469,0.0099,9.7466,-1.2230,0.1246,0.0000,0.0002,-0.0001,1.0000,0.2437,-0.0306,0.0031
1015,Left,2,0.2188,0.0401,-0.9656,-0.1345,-0.0255,-0.0158,-0.0165,-0.0345,0.0012,-0.0540,-3.9913,-1.3179,8.8071,-0.0003,-0.0002,-0.0002,1.0000,-0.0998,-0.0329,0.2202
1015,Right,2,0.1469,-0.1685,-0.8909,-0.3953,0.0274,0.0072,0.0014,-0.0144,0.0372,-0.0930,-3.8053,1.7771,8.7655,0.0003,0.0001,0.0000,1.0000,-0.0951,0.0443,0.2192
1015,Pelvis,2,0.5311,-0.4525,0.5947,0.3993,0.0019,0.0292,-0.0036,0.0141,0.1563,0.0604,9.8025,-1.1834,0.1093,0.0000,0.0004,-0.0000,1.0000,0.2451,-0.0296,0.0026
1016,Left,2,0.2187,0.0404,-0.9656,-0.1346,-0.0188,-0.0151,-0.0157,-0.0545,0.0085,-0.0825,-3.9569,-1.3241,8.7904,-0.0002,-0.0002,-0.0002,1.0000,-0.0990,-0.0330,0.2197
1016,Right,2,0.1468,-0.1688,-0.8907,-0.3958,0.0242,0.0052,0.0040,-0.0273,0.0479,-0.0789,-3.7970,1.7854,8.7833,0.0003,0.0001,0.0001,1.0000,-0.0949,0.0446,0.2196
1016,Pelvis,2,0.5308,-0.4524,0.5949,0.3995,0.0001,0.0335,-0.0026,0.0252,0.1223,0.0163,9.7575,-1.1800,0.1518,0.0000,0.0004,-0.0000,1.0000,0.2439,-0.0295,0.0037
1017,Left,2,0.2187,0.0407,-0.9656,-0.1347,-0.0123,-0.0076,-0.0138,-0.0435,0.0113,-0.0561,-3.9744,-1.3388,8.8094,-0.0002,-0.0001,-0.0002,1.0000,-0.0994,-0.0334,0.2202
1017,Right,2,0.1468,-0.1689,-0.8906,-0.3960,0.0193,0.0062,0.0057,-0.0117,0.0391,-0.0928,-3.8086,1.7786,8.7640,0.0002,0.0001,0.0001,1.0000,-0.0952,0.0444,0.2191
1017,Pelvis,2,0.5307,-0.4522,0.5952,0.3995,-0.0011,0.0280,-0.0034,0.0647,0.1187,-0.0465,9.6905,-1.2095,0.1707,-0.0000,0.0003,-0.0000,1.0000,0.2423,-0.0302,0.0042
1018,Left,2,0.2187,0.0409,-0.9656,-0.1348,-0.0062,-0.0033,-0.0130,-0.0509,0.0168,-0.0900,-3.9513,-1.3423,8.7817,-0.0001,-0.0000,-0.0002,1.0000,-0.0988,-0.0335,0.2195
1018,Right,2,0.1468,-0.1691,-0.8904,-0.3963,0.0194,0.0067,0.0045,-0.0164,0.0397,-0.0838,-3.8099,1.7851,8.7721,0.0002,0.0001,0.0001,1.0000,-0.0952,0.0446,0.2193
1018,Pelvis,2,0.5307,-0.4520,0.5954,0.3995,-0.0023,0.0194,-0.0034,0.0807,0.0887,-0.0604,9.6747,-1.2153,0.2087,-0.0000,0.0002,-0.0000,1.0000,0.2419,-0.0304,0.0052
1019,Left,2,0.2185,0.0409,-0.9656,-0.1350,0.0014,-0.0001,-0.0067,-0.0660,0.0070,-0.0769,-3.9425,-1.3333,8.8017,0.0000,-0.0000,-0.0001,1.0000,-0.0986,-0.0333,0.2200
1019,Right,2,0.1466,-0.1692,-0.8900,-0.3971,0.0149,0.0038,0.0035,-0.0233,0.0436,-0.0876,-3.8012,1.7882,8.7711,0.0002,0.0000,0.0000,1.0000,-0.0950,0.0447,0.2193
1019,Pelvis,2,0.5305,-0.4520,0.5954,0.3997,-0.0041,0.0150,-0.0049,0.0485,0.1278,-0.0300,9.7085,-1.1988,0.1674,-0.0001,0.0002,-0.0001,1.0000,0.2427,-0.0300,0.0041
1020,Left,2,0.2185,0.0409,-0.9656,-0.1351,0.0075,0.0013,-0.0047,-0.0343,0.0084,-0.0741,-3.9707,-1.3437,8.7903,0.0001,0.0000,-0.0001,1.0000,-0.0993,-0.0336,0.2198
1020,Right,2,0.1466,-0.1692,-0.8899,-0.3974,0.0129,0.0016,0.0049,-0.0097,0.0370,-0.0926,-3.8123,1.7814,8.7621,0.0002,0.0000,0.0001,1.0000,-0.0953,0.0445,0.2191
1020,Pelvis,2,0.5303,-0.4520,0.5954,0.4000,-0.0023,0.0194,-0.0034,0.0609,0.1443,0.0099,9.7468,-1.2177,0.1595,-0.0000,0.0002,-0.0000,1.0000,0.2437,-0.0305,0.0039
1021,Left,2,0.2185,0.0409,-0.9655,-0.1352,0.0086,0.0031,-0.0040,-0.0471,-0.0041,-0.0485,-3.9733,-1.3320,8.8194,0.0001,0.0000,-0.0001,1.0000,-0.0993,-0.0333,0.2205
1021,Right,2,0.1465,-0.1693,-0.8898,-0.3977,0.0117,0.0021,0.0036,-0.0119,0.0504,-0.0872,-3.8039,1.7756,8.7730,0.0001,0.0000,0.0000,1.0000,-0.0951,0.0444,0.2193
1021,Pelvis,2,0.5302,-0.4519,0.5955,0.4001,-0.0023,0.0236,-0.0037,0.0513,0.1597,-0.0036,9.7346,-1.2095,0.1454,-0.0000,0.0003,-0.0000,1.0000,0.2434,-0.0302,0.0036
1022,Left,2,0.2186,0.0408,-0.9655,-0.1353,0.0104,0.0019,-0.0021,-0.0440,-0.0080,-0.0360,-3.9841,-1.3302,8.8285,0.0001,0.0000,-0.0000,1.0000,-0.0996,-0.0333,0.2207
1022,Right,2,0.1465,-0.1693,-0.8898,-0.3977,0.0128,-0.0009,0.0051,-0.0142,0.0324,-0.0926,-3.8124,1.7876,8.7608,0.0002,-0.0000,0.0001,1.0000,-0.0953,0.0446,0.2190
1022,Pelvis,2,0.5303,-0.4517,0.5956,0.4001,-0.0033,0.0127,-0.0018,0.0317,0.1309,-0.0341,9.7068,-1.1780,0.1691,-0.0000,0.0002,-0.0000,1.0000,0.2427,-0.0295,0.0042
1023,Left,2,0.2187,0.0407,-0.9655,-0.1352,0.0129,0.0007,-0.0032,-0.0347,0.0150,-0.0726,-3.9715,-1.3480,8.7909,0.0002,0.0000,-0.0000,1.0000,-0.0993,-0.0337,0.2198
1023,Right,2,0.1465,-0.1693,-0.8899,-0.3975,0.0116,0.0003,0.0038,-0.0087,0.0361,-0.0924,-3.8133,1.7812,8.7620,0.0001,0.0000,0.0000,1.0000,-0.0953,0.0445,0.2191
1023,Pelvis,2,0.5303,-0.4516,0.5956,0.4001,-0.0052,0.0083,-0.0032,0.0828,0.1272,-0.0353,9.6998,-1.2250,0.1879,-0.0001,0.0001,-0.0000,1.0000,0.2425,-0.0306,0.0047
1024,Left,2,0.2186,0.0405,-0.9655,-0.1353,0.0195,0.0039,0.0006,-0.0401,0.0038,-0.0651,-3.9728,-1.3346,8.8007,0.0002,0.0000,0.0000,1.0000,-0.0993,-0.0334,0.2200
1024,Right,2,0.1464,-0.1693,-0.8897,-0.3979,0.0080,0.0017,0.0030,-0.0156,0.0234,-0.0798,-3.8220,1.7960,8.7691,0.0001,0.0000,0.0000,1.0000,-0.0955,0.0449,0.2192
1024,Pelvis,2,0.5304,-0.4515,0.5957,0.4000,-0.0052,0.0077,-0.0032,0.0586,0.1168,-0.0081,9.7294,-1.2032,0.1937,-0.0001,0.0001,-0.0000,1.0000,0.2432,-0.0301,0.0048
1025,Left,2,0.2186,0.0403,-0.9655,-0.1354,0.0242,0.0065,0.0032,-0.0583,0.0162,-0.0615,-3.9550,-1.3386,8.8122,0.0003,0.0001,0.0000,1.0000,-0.0989,-0.0335,0.2203
1025,Right,2,0.1463,-0.1694,-0.8893,-0.3989,0.0074,0.0018,0.0036,-0.0106,0.0444,-0.0959,-3.8049,1.7750,8.7629,0.0001,0.0000,0.0000,1.0000,-0.0951,0.0444,0.2191
1025,Pelvis,2,0.5303,-0.4515,0.5958,0.4000,-0.0071,0.0064,-0.0042,0.0523,0.1280,0.0098,9.7478,-1.2031,0.1833,-0.0001,0.0001,-0.0001,1.0000,0.2437,-0.0301,0.0046
1026,Left,2,0.2187,0.0400,-0.9655,-0.1354,0.0291,0.0078,0.0045,-0.0490,0.0040,-0.0685,-3.9660,-1.3231,8.8018,0.0004,0.0001,0.0001,1.0000,-0.0991,-0.0332,0.2200
1026,Right,2,0.1464,-0.1692,-0.8894,-0.3986,0.0043,0.0007,0.0037,-0.0023,0.0439,-0.0829,-3.8159,1.7699,8.7736,0.0001,0.0000,0.0000,1.0000,-0.0954,0.0442,0.2193
1026,Pelvis,2,0.5304,-0.4513,0.5959,0.3999,-0.0058,0.0132,-0.0029,0.0495,0.1457,0.0073,9.7457,-1.2045,0.1662,-0.0001,0.0002,-0.0000,1.0000,0.2436,-0.0301,0.0041
1027,Left,2,0.2187,0.0396,-0.9656,-0.1351,0.0363,0.0097,0.0060,-0.0564,0.0058,-0.0720,-3.9584,-1.3151,8.8026,0.0005,0.0001,0.0001,1.0000,-0.0989,-0.0330,0.2201
1027,Right,2,0.1465,-0.1691,-0.8896,-0.3983,0.0032,0.0040,0.0058,-0.0125,0.0526,-0.0995,-3.7967,1.7673,8.7642,0.0000,0.0001,0.0001,1.0000,-0.0949,0.0442,0.2191
1027,Pelvis,2,0.5304,-0.4512,0.5960,0.3999,-0.0041,0.0163,-0.0032,0.0521,0.1435,-0.0022,9.7360,-1.2040,0.1708,-0.0001,0.0002,-0.0000,1.0000,0.2434,-0.0301,0.0042
1028,Left,2,0.2186,0.0390,-0.9656,-0.1352,0.0467,0.0111,0.0063,-0.0480,0.0144,-0.0795,-3.9599,-1.3154,8.7935,0.0006,0.0001,0.0001,1.0000,-0.0990,-0.0330,0.2198
1028,Right,2,0.1463,-0.1691,-0.8892,-0.3992,0.0013,0.0021,0.0041,-0.0188,0.0235,-0.0924,-3.8144,1.7895,8.7598,0.0000,0.0000,0.0001,1.0000,-0.0954,0.0447,0.2190
1028,Pelvis,2,0.5303,-0.4511,0.5961,0.3999,-0.0088,0.0151,-0.0010,0.0462,0.1387,-0.0228,9.7163,-1.1941,0.1756,-0.0001,0.0002,-0.0000,1.0000,0.2429,-0.0299,0.0043
1029,Left,2,0.2186,0.0383,-0.9656,-0.1355,0.0601,0.0119,0.0067,-0.0609,-0.0037,-0.0859,-3.9534,-1.2832,8.7942,0.0008,0.0001,0.0001,1.0000,-0.0988,-0.0323,0.2198
1029,Right,2,0.1463,-0.1690,-0.8890,-0.3997,-0.0024,0.0013,0.0066,-0.0134,0.0430,-0.0867,-3.8071,1.7715,8.7730,-0.0000,0.0000,0.0001,1.0000,-0.0952,0.0443,0.2193
1029,Pelvis,2,0.5301,-0.4512,0.5961,0.4001,-0.0135,0.0122,0.0019,0.0360,0.1276,-0.0230,9.7170,-1.1835,0.1871,-0.0002,0.0002,0.0000,1.0000,0.2429,-0.0296,0.0046
1030,Left,2,0.2185,0.0374,-0.9657,-0.1354,0.0748,0.0078,0.0061,-0.0474,-0.0011,-0.0595,-3.9764,-1.2775,8.8138,0.0009,0.0001,0.0001,1.0000,-0.0994,-0.0322,0.2203
1030,Right,2,0.1464,-0.1687,-0.8893,-0.3992,-0.0107,-0.0040,0.0101,0.0004,0.0361,-0.0916,-3.8172,1.7606,8.7653,-0.0001,-0.0001,0.0001,1.0000,-0.0954,0.0440,0.2191
1030,Pelvis,2,0.5299,-0.4514,0.5961,0.4002,-0.0151,0.0081,0.0053,0.0307,0.1054,-0.0315,9.7090,-1.1727,0.2085,-0.0002,0.0001,0.0001,1.0000,0.2427,-0.0293,0.0052
1031,Left,2,0.2184,0.0366,-0.9657,-0.1356,0.0732,0.0022,0.0018,-0.0414,-0.0053,-0.0470,-3.9880,-1.2608,8.8248,0.0009,0.0000,0.0000,1.0000,-0.0997,-0.0317,0.2206
1031,Right,2,0.1464,-0.1683,-0.8892,-0.3994,-0.0220,-0.0069,0.0115,-0.0307,0.0402,-0.1125,-3.7841,1.7722,8.7542,-0.0003,-0.0001,0.0001,1.0000,-0.0946,0.0444,0.2188
1031,Pelvis,2,0.5299,-0.4514,0.5962,0.4001,-0.0138,0.0069,0.0059,0.0593,0.1003,-0.0164,9.7205,-1.2019,0.2216,-0.0002,0.0001,0.0001,1.0000,0.2430,-0.0300,0.0055
1032,Left,2,0.2184,0.0358,-0.9657,-0.1357,0.0734,0.0034,-0.0037,-0.0465,-0.0066,-0.0380,-3.9893,-1.2444,8.8365,0.0009,0.0000,-0.0000,1.0000,-0.0997,-0.0313,0.2209
1032,Right,2,0.1464,-0.1678,-0.8895,-0.3991,-0.0253,-0.0107,0.0149,-0.0140,0.0281,-0.0829,-3.8120,1.7654,8.7763,-0.0003,-0.0001,0.0002,1.0000,-0.0953,0.0442,0.2194
1032,Pelvis,2,0.5297,-0.4516,0.5961,0.4003,-0.0163,0.0100,0.0065,0.0613,0.0904,-0.0151,9.7213,-1.2024,0.2329,-0.0002,0.0001,0.0001,1.0000,0.2430,-0.0300,0.0058
1033,Left,2,0.2183,0.0350,-0.9658,-0.1357,0.0718,0.0020,-0.0092,-0.0339,0.0060,-0.0101,-4.0100,-1.2484,8.8574,0.0009,0.0000,-0.0001,1.0000,-0.1002,-0.0314,0.2214
1033,Right,2,0.1466,-0.1673,-0.8899,-0.3984,-0.0229,-0.0119,0.0168,0.0016,0.0351,-0.0913,-3.8109,1.7408,8.7722,-0.0003,-0.0001,0.0002,1.0000,-0.0953,0.0436,0.2193
1033,Pelvis,2,0.5295,-0.4518,0.5959,0.4005,-0.0199,0.0075,0.0062,0.0182,0.0710,-0.0306,9.7110,-1.1546,0.2398,-0.0002,0.0001,0.0001,1.0000,0.2428,-0.0288,0.0060
1034,Left,2,0.2181,0.0345,-0.9658,-0.1360,0.0580,-0.0050,-0.0144,-0.0295,-0.0024,0.0328,-4.0314,-1.2343,8.8972,0.0007,-0.0001,-0.0002,1.0000,-0.1008,-0.0310,0.2224
1034,Right,2,0.1465,-0.1669,-0.8900,-0.3983,-0.0216,-0.0113,0.0174,-0.0156,0.0351,-0.0646,-3.8067,1.7523,8.8014,-0.0003,-0.0001,0.0002,1.0000,-0.0952,0.0438,0.2200
1034,Pelvis,2,0.5295,-0.4519,0.5959,0.4004,-0.0235,0.0032,0.0073,0.0249,0.0559,0.0116,9.7521,-1.1632,0.2564,-0.0003,0.0000,0.0001,1.0000,0.2438,-0.0291,0.0064
1035,Left,2,0.2179,0.0341,-0.9658,-0.1362,0.0389,-0.0057,-0.0090,-0.0072,0.0234,0.0226,-4.0375,-1.2550,8.8802,0.0005,-0.0001,-0.0001,1.0000,-0.1010,-0.0315,0.2220
1035,Right,2,0.1465,-0.1665,-0.8901,-0.3981,-0.0159,-0.0076,0.0153,0.0057,0.0186,-0.0748,-3.8243,1.7389,8.7851,-0.0002,-0.0001,0.0002,1.0000,-0.0956,0.0435,0.2196
1035,Pelvis,2,0.5292,-0.4521,0.5959,0.4005,-0.0249,0.0073,0.0047,0.0426,0.0236,0.0482,9.7858,-1.1793,0.2944,-0.0003,0.0001,0.0001,1.0000,0.2446,-0.0295,0.0073
1036,Left,2,0.2179,0.0339,-0.9658,-0.1363,0.0228,-0.0016,-0.0047,-0.0331,0.0080,0.0218,-4.0182,-1.2284,8.8918,0.0003,-0.0000,-0.0001,1.0000,-0.1005,-0.0308,0.2223
1036,Right,2,0.1465,-0.1663,-0.8901,-0.3982,-0.0121,-0.0068,0.0122,-0.0074,0.0308,-0.0823,-3.8027,1.7350,8.7869,-0.0002,-0.0001,0.0002,1.0000,-0.0951,0.0434,0.2197
1036,Pelvis,2,0.5290,-0.4523,0.5958,0.4008,-0.0239,0.0096,0.0020,0.1009,-0.0102,0.0317,9.7623,-1.2250,0.3429,-0.0003,0.0001,0.0000,1.0000,0.2441,-0.0306,0.0086
1037,Left,2,0.2179,0.0338,-0.9658,-0.1363,0.0147,0.0008,-0.0014,-0.0589,0.0090,-0.0205,-3.9773,-1.2148,8.8654,0.0002,0.0000,-0.0000,1.0000,-0.0994,-0.0304,0.2216
1037,Right,2,0.1465,-0.1661,-0.8901,-0.3982,-0.0063,-0.0018,0.0105,-0.0066,0.0241,-0.0695,-3.8110,1.7368,8.7971,-0.0001,-0.0000,0.0001,1.0000,-0.0953,0.0434,0.2199
1037,Pelvis,2,0.5288,-0.4524,0.5957,0.4010,-0.0167,0.0102,-0.0009,0.1008,-0.0020,0.0208,9.7515,-1.2265,0.3362,-0.0002,0.0001,-0.0000,1.0000,0.2438,-0.0307,0.0084
1038,Left,2,0.2178,0.0337,-0.9658,-0.1364,0.0122,0.0014,0.0010,-0.0534,-0.0005,-0.0400,-3.9765,-1.2028,8.8459,0.0002,0.0000,0.0000,1.0000,-0.0994,-0.0301,0.2211
1038,Right,2,0.1466,-0.1659,-0.8902,-0.3982,-0.0026,-0.0014,0.0105,-0.0112,0.0245,-0.0605,-3.8103,1.7386,8.8071,-0.0000,-0.0000,0.0001,1.0000,-0.0953,0.0435,0.2202
1038,Pelvis,2,0.5285,-0.4527,0.5955,0.4013,-0.0136,0.0059,-0.0014,0.1071,-0.0060,-0.0175,9.7126,-1.2271,0.3421,-0.0002,0.0001,-0.0000,1.0000,0.2428,-0.0307,0.0085
1039,Left,2,0.2179,0.0336,-0.9658,-0.1363,0.0147,0.0026,-0.0014,-0.0274,0.0047,-0.0497,-3.9948,-1.2110,8.8257,0.0002,0.0000,-0.0000,1.0000,-0.0999,-0.0303,0.2206
1039,Right,2,0.1466,-0.1658,-0.8903,-0.3979,0.0024,-0.0008,0.0068,-0.0193,0.0309,-0.0861,-3.7902,1.7337,8.7884,0.0000,-0.0000,0.0001,1.0000,-0.0948,0.0433,0.2197
1039,Pelvis,2,0.5285,-0.4528,0.5954,0.4014,-0.0110,0.0005,-0.0000,0.0575,0.0046,-0.0272,9.7090,-1.1806,0.3179,-0.0001,0.0000,-0.0000,1.0000,0.2427,-0.0295,0.0080
1040,Left,2,0.2178,0.0335,-0.9659,-0.1362,0.0134,0.0002,0.0011,-0.0380,0.0019,-0.0226,-3.9971,-1.2067,8.8552,0.0002,0.0000,0.0000,1.0000,-0.0999,-0.0302,0.2214
1040,Right,2,0.1466,-0.1657,-0.8904,-0.3979,0.0024,0.0004,0.0061,-0.0238,0.0312,-0.0771,-3.7899,1.7366,8.7980,0.0000,0.0000,0.0001,1.0000,-0.0947,0.0434,0.2200
1040,Pelvis,2,0.5283,-0.4531,0.5953,0.4016,-0.0153,-0.0052,-0.0013,0.0336,0.0209,-0.0325,9.7063,-1.1633,0.2956,-0.0002,-0.0001,-0.0000,1.0000,0.2427,-0.0291,0.0074
1041,Left,2,0.2178,0.0334,-0.9659,-0.1361,0.0109,0.0026,0.0015,-0.0390,-0.0138,-0.0560,-3.9862,-1.1853,8.8260,0.0001,0.0000,0.0000,1.0000,-0.0996,-0.0297,0.2207
1041,Right,2,0.1466,-0.1656,-0.8903,-0.3981,0.0044,0.0020,0.0048,-0.0052,0.0495,-0.0673,-3.7933,1.7109,8.8124,0.0001,0.0000,0.0001,1.0000,-0.0948,0.0428,0.2203
1041,Pelvis,2,0.5281,-0.4534,0.5950,0.4018,-0.0153,-0.0076,-0.0012,0.0566,0.0289,0.0005,9.7364,-1.1917,0.2934,-0.0002,-0.0001,-0.0000,1.0000,0.2434,-0.0298,0.0074
1042,Left,2,0.2178,0.0333,-0.9659,-0.1362,0.0097,0.0026,0.0003,-0.0496,0.0013,-0.0170,-3.9890,-1.2008,8.8658,0.0001,0.0000,0.0000,1.0000,-0.0997,-0.0300,0.2216
1042,Right,2,0.1466,-0.1656,-0.8902,-0.3984,0.0086,0.0012,0.0055,-0.0098,0.0340,-0.0638,-3.8020,1.7235,8.8100,0.0001,0.0000,0.0001,1.0000,-0.0951,0.0431,0.2203
1042,Pelvis,2,0.5281,-0.4535,0.5950,0.4019,-0.0112,0.0022,-0.0019,0.0880,0.0473,0.0338,9.7656,-1.2308,0.2836,-0.0001,0.0000,-0.0000,1.0000,0.2441,-0.0308,0.0071
1043,Left,2,0.2178,0.0333,-0.9659,-0.1363,0.0073,0.0038,0.0002,-0.0435,0.0049,-0.0566,-3.9773,-1.2002,8.8275,0.0001,0.0000,0.0000,1.0000,-0.0994,-0.0300,0.2207
1043,Right,2,0.1466,-0.1656,-0.8900,-0.3987,0.0099,0.0015,0.0024,-0.0178,0.0405,-0.0893,-3.7827,1.7203,8.7908,0.0001,0.0000,0.0000,1.0000,-0.0946,0.0430,0.2198
1043,Pelvis,2,0.5281,-0.4533,0.5951,0.4018,-0.0094,0.0114,-0.0019,0.0714,0.0324,0.0226,9.7565,-1.2101,0.2936,-0.0001,0.0001,-0.0000,1.0000,0.2439,-0.0303,0.0073
1044,Left,2,0.2179,0.0333,-0.9658,-0.1363,0.0067,0.0062,-0.0017,-0.0638,0.0045,-0.0330,-3.9706,-1.1973,8.8571,0.0001,0.0001,-0.0000,1.0000,-0.0992,-0.0299,0.2214
1044,Right,2,0.1466,-0.1657,-0.8899,-0.3989,0.0124,0.0033,0.0041,-0.0070,0.0371,-0.0852,-3.7939,1.7146,8.7915,0.0002,0.0000,0.0001,1.0000,-0.0948,0.0428,0.2198
1044,Pelvis,2,0.5278,-0.4535,0.5951,0.4020,-0.0113,0.0101,-0.0030,0.0534,0.0027,-0.0367,9.6995,-1.1794,0.3187,-0.0001,0.0001,-0.0000,1.0000,0.2425,-0.0295,0.0079
1045,Left,2,0.2179,0.0332,-0.9658,-0.1362,0.0103,0.0062,-0.0010,-0.0511,0.0019,-0.0385,-3.9810,-1.1962,8.8463,0.0001,0.0001,-0.0000,1.0000,-0.0995,-0.0299,0.2212
1045,Right,2,0.1466,-0.1657,-0.8899,-0.3988,0.0143,0.0044,0.0034,-0.0220,0.0503,-0.0620,-3.7850,1.7220,8.8197,0.0002,0.0001,0.0000,1.0000,-0.0946,0.0430,0.2205
1045,Pelvis,2,0.5278,-0.4535,0.5951,0.4020,-0.0106,0.0028,-0.0032,0.0570,0.0153,-0.0173,9.7182,-1.1891,0.3091,-0.0001,0.0000,-0.0000,1.0000,0.2430,-0.0297,0.0077
1046,Left,2,0.2179,0.0331,-0.9659,-0.1361,0.0116,0.0032,-0.0009,-0.0492,0.0106,-0.0371,-3.9818,-1.2036,8.8466,0.0001,0.0000,-0.0000,1.0000,-0.0995,-0.0301,0.2212
1046,Right,2,0.1466,-0.1657,-0.8901,-0.3985,0.0148,0.0018,0.0018,-0.0061,0.0424,-0.0977,-3.7865,1.7089,8.7820,0.0002,0.0000,0.0000,1.0000,-0.0947,0.0427,0.2196
1046,Pelvis,2,0.5276,-0.4536,0.5951,0.4022,-0.0119,0.0064,-0.0034,0.0637,0.0085,-0.0051,9.7293,-1.1969,0.3195,-0.0001,0.0001,-0.0000,1.0000,0.2432,-0.0299,0.0080
1047,Left,2,0.2178,0.0331,-0.9659,-0.1360,0.0092,0.0031,-0.0034,-0.0283,-0.0171,-0.0206,-4.0128,-1.1825,8.8535,0.0001,0.0000,-0.0000,1.0000,-0.1003,-0.0296,0.2213
1047,Right,2,0.1466,-0.1656,-0.8901,-0.3985,0.0116,0.0003,0.0037,-0.0002,0.0457,-0.0974,-3.7878,1.7026,8.7831,0.0001,0.0000,0.0000,1.0000,-0.0947,0.0425,0.2196
1047,Pelvis,2,0.5276,-0.4535,0.5952,0.4021,-0.0076,0.0096,-0.0019,0.0707,0.0616,0.0204,9.7537,-1.2205,0.2717,-0.0001,0.0001,-0.0000,1.0000,0.2438,-0.0305,0.0068
1048,Left,2,0.2177,0.0331,-0.9659,-0.1360,0.0087,-0.0006,-0.0034,-0.0516,-0.0015,-0.0295,-3.9835,-1.1898,8.8560,0.0001,-0.0000,-0.0000,1.0000,-0.0996,-0.0298,0.2214
1048,Right,2,0.1466,-0.1656,-0.8900,-0.3986,0.0105,0.0011,0.0049,-0.0046,0.0301,-0.0939,-3.7963,1.7160,8.7806,0.0001,0.0000,0.0001,1.0000,-0.0949,0.0429,0.2195
1048,Pelvis,2,0.5276,-0.4535,0.5952,0.4022,-0.0027,0.0146,-0.0012,0.0951,0.1039,0.0197,9.7503,-1.2535,0.2390,-0.0000,0.0002,-0.0000,1.0000,0.2438,-0.0313,0.0059
1049,Left,2,0.2177,0.0331,-0.9660,-0.1357,0.0081,-0.0012,-0.0046,-0.0388,0.0094,-0.0551,-3.9810,-1.1993,8.8276,0.0001,-0.0000,-0.0001,1.0000,-0.0995,-0.0300,0.2207
1049,Right,2,0.1466,-0.1656,-0.8900,-0.3987,0.0105,0.0018,0.0061,-0.0147,0.0379,-0.0887,-3.7867,1.7195,8.7899,0.0001,0.0000,0.0001,1.0000,-0.0947,0.0430,0.2198
1049,Pelvis,2,0.5275,-0.4534,0.5953,0.4023,0.0028,0.0122,-0.0014,0.0755,0.0669,-0.0096,9.7234,-1.2214,0.2713,0.0000,0.0002,-0.0000,1.0000,0.2431,-0.0305,0.0067
1050,Left,2,0.2177,0.0331,-0.9660,-0.1356,0.0100,-0.0024,-0.0051,-0.0463,0.0076,-0.0370,-3.9818,-1.1969,8.8475,0.0001,-0.0000,-0.0001,1.0000,-0.0996,-0.0299,0.2212
1050,Right,2,0.1466,-0.1656,-0.8902,-0.3984,0.0092,0.0001,0.0074,-0.0139,0.0311,-0.0759,-3.7964,1.7252,8.7987,0.0001,0.0000,0.0001,1.0000,-0.0949,0.0431,0.2200
1050,Pelvis,2,0.5275,-0.4533,0.5954,0.4022,0.0072,0.0118,0.0008,0.0704,0.0443,-0.0182,9.7155,-1.2097,0.2938,0.0001,0.0001,0.0000,1.0000,0.2429,-0.0302,0.0073
1051,Left,2,0.2176,0.0330,-0.9660,-0.1356,0.0137,-0.0018,-0.0062,-0.0435,-0.0024,-0.0475,-3.9807,-1.1855,8.8379,0.0002,-0.0000,-0.0001,1.0000,-0.0995,-0.0297,0.2209
1051,Right,2,0.1466,-0.1655,-0.8902,-0.3983,0.0092,0.0007,0.0068,-0.0004,0.0405,-0.0753,-3.7984,1.7088,8.8017,0.0001,0.0000,0.0001,1.0000,-0.0950,0.0427,0.2200
1051,Pelvis,2,0.5275,-0.4531,0.5955,0.4022,0.0095,0.0104,-0.0023,0.0814,0.0357,-0.0155,9.7167,-1.2181,0.3074,0.0001,0.0001,-0.0000,1.0000,0.2429,-0.0305,0.0076
1052,Left,2,0.2175,0.0329,-0.9660,-0.1357,0.0174,-0.0036,-0.0067,-0.0492,-0.0003,-0.0600,-3.9695,-1.1829,8.8296,0.0002,-0.0000,-0.0001,1.0000,-0.0993,-0.0296,0.2207
1052,Right,2,0.1466,-0.1655,-0.8901,-0.3985,0.0087,0.0020,0.0073,-0.0213,0.0468,-0.0832,-3.7779,1.7187,8.8000,0.0001,0.0000,0.0001,1.0000,-0.0944,0.0429,0.2200
1052,Pelvis,2,0.5275,-0.4530,0.5957,0.4022,0.0073,0.0105,0.0009,0.0173,0.0469,-0.0075,9.7322,-1.1613,0.2825,0.0001,0.0001,0.0000,1.0000,0.2433,-0.0290,0.0070
1053,Left,2,0.2175,0.0327,-0.9660,-0.1358,0.0167,-0.0011,-0.0067,-0.0518,0.0075,-0.0495,-3.9692,-1.1891,8.8405,0.0002,-0.0000,-0.0001,1.0000,-0.0992,-0.0298,0.2210
1053,Right,2,0.1466,-0.1655,-0.8901,-0.3986,0.0068,0.0014,0.0061,-0.0183,0.0374,-0.0794,-3.7877,1.7222,8.7993,0.0001,0.0000,0.0001,1.0000,-0.0947,0.0430,0.2200
1053,Pelvis,2,0.5273,-0.4530,0.5958,0.4022,0.0053,0.0153,-0.0011,0.0397,0.0545,0.0256,9.7621,-1.1899,0.2857,0.0001,0.0002,-0.0000,1.0000,0.2441,-0.0298,0.0071
1054,Left,2,0.2174,0.0326,-0.9660,-0.1358,0.0198,0.0001,-0.0073,-0.0604,-0.0041,-0.0329,-3.9705,-1.1752,8.8601,0.0002,0.0000,-0.0001,1.0000,-0.0993,-0.0294,0.2215
1054,Right,2,0.1466,-0.1654,-0.8902,-0.3982,0.0074,0.0017,0.0103,-0.0174,0.0305,-0.0666,-3.7974,1.7274,8.8082,0.0001,0.0000,0.0001,1.0000,-0.0949,0.0432,0.2202
1054,Pelvis,2,0.5273,-0.4528,0.5959,0.4022,0.0023,0.0148,0.0009,0.0440,0.0601,-0.0043,9.7319,-1.1914,0.2831,0.0000,0.0002,0.0000,1.0000,0.2433,-0.0298,0.0070
1055,Left,2,0.2173,0.0324,-0.9661,-0.1359,0.0242,-0.0053,-0.0088,-0.0685,-0.0079,-0.0684,-3.9485,-1.1620,8.8327,0.0003,-0.0001,-0.0001,1.0000,-0.0987,-0.0291,0.2208
1055,Right,2,0.1466,-0.1653,-0.8903,-0.3982,0.0073,0.0004,0.0092,-0.0018,0.0387,-0.0967,-3.7897,1.7044,8.7827,0.0001,0.0000,0.0001,1.0000,-0.0947,0.0426,0.2196
1055,Pelvis,2,0.5273,-0.4527,0.5961,0.4022,0.0054,0.0154,0.0013,0.0531,0.0791,-0.0150,9.7202,-1.2037,0.2697,0.0001,0.0002,0.0000,1.0000,0.2430,-0.0301,0.0067
1056,Left,2,0.2172,0.0322,-0.9660,-0.1361,0.0179,0.0014,-0.0049,-0.0136,0.0042,-0.0342,-4.0061,-1.1887,8.8406,0.0002,0.0000,-0.0001,1.0000,-0.1002,-0.0298,0.2210
1056,Right,2,0.1466,-0.1653,-0.8903,-0.3982,0.0073,-0.0002,0.0093,-0.0089,0.0260,-0.0843,-3.7979,1.7193,8.7899,0.0001,-0.0000,0.0001,1.0000,-0.0950,0.0430,0.2198
1056,Pelvis,2,0.5273,-0.4526,0.5962,0.4020,0.0068,0.0076,0.0029,0.0710,0.0569,-0.0493,9.6836,-1.2124,0.2972,0.0001,0.0001,0.0000,1.0000,0.2421,-0.0303,0.0074
1057,Left,2,0.2171,0.0321,-0.9661,-0.1361,0.0148,0.0020,-0.0044,-0.0281,0.0042,-0.0196,-3.9979,-1.1844,8.8611,0.0002,0.0000,-0.0001,1.0000,-0.0999,-0.0296,0.2215
1057,Right,2,0.1466,-0.1652,-0.8903,-0.3982,0.0055,0.0003,0.0074,-0.0106,0.0075,-0.0898,-3.8061,1.7304,8.7781,0.0001,0.0000,0.0001,1.0000,-0.0952,0.0432,0.2195
1057,Pelvis,2,0.5273,-0.4525,0.5963,0.4019,0.0094,0.0009,0.0037,0.0821,0.0398,-0.0358,9.6956,-1.2205,0.3178,0.0001,0.0000,0.0000,1.0000,0.2424,-0.0305,0.0079
1058,Left,2,0.2171,0.0321,-0.9661,-0.1361,0.0104,0.0020,-0.0015,-0.0406,0.0048,-0.0141,-3.9892,-1.1811,8.8716,0.0001,0.0000,-0.0000,1.0000,-0.0997,-0.0296,0.2218
1058,Right,2,0.1466,-0.1652,-0.8903,-0.3983,0.0074,0.0006,0.0049,-0.0081,0.0315,-0.0967,-3.7888,1.7111,8.7817,0.0001,0.0000,0.0001,1.0000,-0.0947,0.0428,0.2195
1058,Pelvis,2,0.5276,-0.4524,0.5963,0.4017,0.0119,-0.0033,0.0050,0.0671,0.0505,-0.0002,9.7330,-1.2122,0.3029,0.0001,-0.0000,0.0001,1.0000,0.2433,-0.0303,0.0076
1059,Left,2,0.2171,0.0320,-0.9661,-0.1361,0.0085,0.0032,-0.0004,-0.0538,0.0091,-0.0300,-3.9696,-1.1790,8.8632,0.0001,0.0000,-0.0000,1.0000,-0.0992,-0.0295,0.2216
1059,Right,2,0.1466,-0.1651,-0.8902,-0.3984,0.0081,0.0016,0.0024,0.0003,0.0466,-0.0780,-3.7913,1.6976,8.8040,0.0001,0.0000,0.0000,1.0000,-0.0948,0.0424,0.2201
1059,Pelvis,2,0.5279,-0.4521,0.5965,0.4013,0.0142,-0.0010,0.0017,0.0571,0.0310,0.0295,9.7638,-1.2005,0.3178,0.0002,-0.0000,0.0000,1.0000,0.2441,-0.0300,0.0079
1060,Left,2,0.2172,0.0320,-0.9661,-0.1360,0.0066,0.0032,0.0032,-0.0370,0.0034,-0.0231,-3.9898,-1.1778,8.8618,0.0001,0.0000,0.0000,1.0000,-0.0997,-0.0295,0.2215
1060,Right,2,0.1466,-0.1651,-0.8902,-0.3985,0.0087,0.0024,0.0048,-0.0069,0.0340,-0.0656,-3.8002,1.7122,8.8111,0.0001,0.0000,0.0001,1.0000,-0.0950,0.0428,0.2203
1060,Pelvis,2,0.5280,-0.4520,0.5966,0.4012,0.0178,-0.0009,0.0015,0.0643,0.0419,0.0298,9.7630,-1.2116,0.3095,0.0002,-0.0000,0.0000,1.0000,0.2441,-0.0303,0.0077
1061,Left,2,0.2172,0.0320,-0.9661,-0.1359,0.0053,0.0050,0.0025,-0.0312,0.0124,-0.0306,-3.9899,-1.1864,8.8523,0.0001,0.0001,0.0000,1.0000,-0.0997,-0.0297,0.2213
1061,Right,2,0.1466,-0.1651,-0.8901,-0.3987,0.0098,0.0003,0.0031,-0.0201,0.0318,-0.1005,-3.7796,1.7166,8.7805,0.0001,0.0000,0.0000,1.0000,-0.0945,0.0429,0.2195
1061,Pelvis,2,0.5281,-0.4519,0.5968,0.4010,0.0172,0.0015,0.0008,0.0463,0.0545,-0.0043,9.7312,-1.1950,0.2919,0.0002,0.0000,0.0000,1.0000,0.2433,-0.0299,0.0073
1062,Left,2,0.2172,0.0320,-0.9661,-0.1359,0.0060,0.0038,0.0019,-0.0418,0.0042,-0.0355,-3.9815,-1.1748,8.8522,0.0001,0.0000,0.0000,1.0000,-0.0995,-0.0294,0.2213
1062,Right,2,0.1466,-0.1651,-0.8901,-0.3988,0.0111,0.0010,0.0043,-0.0143,0.0194,-0.1057,-3.7892,1.7186,8.7701,0.0001,0.0000,0.0001,1.0000,-0.0947,0.0429,0.2193
1062,Pelvis,2,0.5282,-0.4517,0.5969,0.4008,0.0145,-0.0013,-0.0038,0.0164,0.0492,-0.0087,9.7304,-1.1654,0.2892,0.0002,-0.0000,-0.0000,1.0000,0.2433,-0.0291,0.0072
1063,Left,2,0.2172,0.0319,-0.9661,-0.1360,0.0067,0.0044,-0.0011,-0.0387,0.0123,-0.0340,-3.9821,-1.1831,8.8525,0.0001,0.0001,-0.0000,1.0000,-0.0995,-0.0296,0.2213
1063,Right,2,0.1465,-0.1651,-0.8899,-0.3991,0.0098,-0.0002,0.0044,0.0070,0.0332,-0.0829,-3.8024,1.6974,8.7938,0.0001,-0.0000,0.0001,1.0000,-0.0951,0.0424,0.2199
1063,Pelvis,2,0.5282,-0.4517,0.5970,0.4008,0.0096,0.0030,-0.0031,0.0363,0.0597,-0.0261,9.7106,-1.1853,0.2844,0.0001,0.0000,-0.0000,1.0000,0.2428,-0.0296,0.0071
1064,Left,2,0.2172,0.0319,-0.9661,-0.1359,0.0067,0.0038,-0.0005,-0.0407,0.0020,-0.0355,-3.9833,-1.1720,8.8518,0.0001,0.0000,-0.0000,1.0000,-0.0996,-0.0293,0.2213
1064,Right,2,0.1465,-0.1651,-0.8900,-0.3990,0.0110,0.0004,0.0050,-0.0006,0.0381,-0.0866,-3.7925,1.6990,8.7936,0.0001,0.0000,0.0001,1.0000,-0.0948,0.0424,0.2198
1064,Pelvis,2,0.5283,-0.4514,0.5972,0.4006,0.0077,0.0091,-0.0028,0.0146,0.0727,0.0287,9.7675,-1.1749,0.2690,0.0001,0.0001,-0.0000,1.0000,0.2442,-0.0294,0.0067
1065,Left,2,0.2172,0.0319,-0.9661,-0.1358,0.0074,0.0019,-0.0022,-0.0561,-0.0030,-0.0529,-3.9640,-1.1606,8.8429,0.0001,0.0000,-0.0000,1.0000,-0.0991,-0.0290,0.2211
1065,Right,2,0.1465,-0.1650,-0.8900,-0.3989,0.0086,0.0012,0.0055,-0.0106,0.0314,-0.1087,-3.7815,1.7065,8.7724,0.0001,0.0000,0.0001,1.0000,-0.0945,0.0426,0.2193
1065,Pelvis,2,0.5284,-0.4512,0.5975,0.4003,0.0095,0.0128,-0.0031,0.0563,0.0754,0.0057,9.7396,-1.2135,0.2794,0.0001,0.0002,-0.0000,1.0000,0.2435,-0.0303,0.0069
1066,Left,2,0.2172,0.0319,-0.9661,-0.1359,0.0073,0.0038,-0.0004,-0.0455,0.0114,-0.0375,-3.9744,-1.1785,8.8528,0.0001,0.0000,-0.0000,1.0000,-0.0994,-0.0295,0.2213
1066,Right,2,0.1465,-0.1650,-0.8900,-0.3990,0.0087,0.0029,0.0041,-0.0179,0.0361,-0.1125,-3.7721,1.7077,8.7721,0.0001,0.0000,0.0001,1.0000,-0.0943,0.0427,0.2193
1066,Pelvis,2,0.5283,-0.4511,0.5975,0.4004,0.0101,0.0134,-0.0031,0.0487,0.0631,-0.0041,9.7306,-1.2020,0.2925,0.0001,0.0002,-0.0000,1.0000,0.2433,-0.0301,0.0073
1067,Left,2,0.2172,0.0319,-0.9661,-0.1358,0.0074,0.0031,-0.0035,-0.0546,0.0131,-0.0409,-3.9654,-1.1768,8.8533,0.0001,0.0000,-0.0000,1.0000,-0.0991,-0.0294,0.2213
1067,Right,2,0.1466,-0.1650,-0.8900,-0.3989,0.0063,0.0036,0.0034,-0.0146,0.0409,-0.0814,-3.7836,1.7066,8.8018,0.0001,0.0000,0.0000,1.0000,-0.0946,0.0426,0.2201
1067,Pelvis,2,0.5285,-0.4508,0.5978,0.4002,0.0107,0.0097,-0.0036,0.0556,0.0228,-0.0087,9.7250,-1.1969,0.3353,0.0001,0.0001,-0.0000,1.0000,0.2431,-0.0299,0.0083
1068,Left,2,0.2172,0.0318,-0.9661,-0.1358,0.0080,0.0031,-0.0029,-0.0428,0.0140,-0.0680,-3.9639,-1.1768,8.8241,0.0001,0.0000,-0.0000,1.0000,-0.0991,-0.0294,0.2206
1068,Right,2,0.1467,-0.1649,-0.8900,-0.3990,0.0041,0.0080,0.0024,-0.0381,0.0371,-0.1294,-3.7532,1.7166,8.7599,0.0001,0.0001,0.0000,1.0000,-0.0938,0.0429,0.2190
1068,Pelvis,2,0.5285,-0.4507,0.5979,0.4001,0.0104,0.0038,0.0005,0.0537,0.0406,-0.0208,9.7133,-1.1988,0.3190,0.0001,0.0000,0.0000,1.0000,0.2428,-0.0300,0.0080
1069,Left,2,0.2171,0.0317,-0.9661,-0.1358,0.0128,0.0026,-0.0008,-0.0356,-0.0122,-0.0460,-3.9859,-1.1548,8.8413,0.0002,0.0000,-0.0000,1.0000,-0.0996,-0.0289,0.2210
1069,Right,2,0.1468,-0.1648,-0.8899,-0.3992,0.0002,0.0044,0.0014,-0.0141,0.0625,-0.0882,-3.7690,1.6874,8.8044,0.0000,0.0001,0.0000,1.0000,-0.0942,0.0422,0.2201
1069,Pelvis,2,0.5288,-0.4504,0.5981,0.3998,0.0091,0.0019,-0.0006,0.0539,0.0221,0.0009,9.7347,-1.1962,0.3372,0.0001,0.0000,-0.0000,1.0000,0.2434,-0.0299,0.0084
1070,Left,2,0.2172,0.0317,-0.9661,-0.1358,0.0122,0.0026,-0.0003,-0.0323,0.0057,-0.0430,-3.9859,-1.1716,8.8423,0.0002,0.0000,-0.0000,1.0000,-0.0996,-0.0293,0.2211
1070,Right,2,0.1469,-0.1647,-0.8899,-0.3992,-0.0017,0.0023,0.0035,-0.0156,0.0107,-0.0832,-3.8049,1.7188,8.7882,-0.0000,0.0000,0.0000,1.0000,-0.0951,0.0430,0.2197
1070,Pelvis,2,0.5288,-0.4503,0.5982,0.3997,0.0085,0.0062,-0.0002,0.0446,0.0533,0.0259,9.7607,-1.1988,0.3063,0.0001,0.0001,-0.0000,1.0000,0.2440,-0.0300,0.0076
1071,Left,2,0.2171,0.0316,-0.9662,-0.1357,0.0097,0.0026,0.0009,-0.0448,0.0151,-0.0269,-3.9778,-1.1777,8.8630,0.0001,0.0000,0.0000,1.0000,-0.0994,-0.0295,0.2216
1071,Right,2,0.1470,-0.1645,-0.8900,-0.3991,-0.0015,0.0060,0.0043,-0.0151,0.0213,-0.0866,-3.7971,1.7082,8.7899,-0.0000,0.0001,0.0001,1.0000,-0.0949,0.0427,0.2198
1071,Pelvis,2,0.5288,-0.4501,0.5985,0.3995,0.0098,0.0113,0.0025,0.0098,0.0765,0.0179,9.7567,-1.1732,0.2765,0.0001,0.0001,0.0000,1.0000,0.2439,-0.0293,0.0069
1072,Left,2,0.2169,0.0315,-0.9662,-0.1358,0.0123,-0.0047,-0.0007,-0.0380,0.0106,-0.0145,-3.9880,-1.1751,8.8725,0.0002,-0.0001,-0.0000,1.0000,-0.0997,-0.0294,0.2218
1072,Right,2,0.1470,-0.1644,-0.8900,-0.3991,0.0021,0.0055,0.0075,-0.0091,0.0246,-0.0862,-3.7993,1.6992,8.7911,0.0000,0.0001,0.0001,1.0000,-0.0950,0.0425,0.2198
1072,Pelvis,2,0.5287,-0.4501,0.5987,0.3994,0.0043,0.0131,0.0027,-0.0020,0.0584,-0.0317,9.7084,-1.1542,0.2924,0.0001,0.0002,0.0000,1.0000,0.2427,-0.0288,0.0073
1073,Left,2,0.2169,0.0314,-0.9662,-0.1358,0.0121,-0.0004,0.0023,-0.0390,-0.0138,-0.0585,-3.9759,-1.1446,8.8334,0.0002,-0.0000,0.0000,1.0000,-0.0994,-0.0287,0.2208
1073,Right,2,0.1471,-0.1643,-0.8901,-0.3989,0.0028,0.0068,0.0092,-0.0032,0.0106,-0.0697,-3.8197,1.7046,8.7995,0.0000,0.0001,0.0001,1.0000,-0.0955,0.0426,0.2200
1073,Pelvis,2,0.5286,-0.4501,0.5987,0.3995,-0.0011,0.0075,0.0033,0.0076,0.0265,-0.0567,9.6822,-1.1521,0.3270,-0.0000,0.0001,0.0000,1.0000,0.2421,-0.0288,0.0082
1074,Left,2,0.2170,0.0313,-0.9662,-0.1358,0.0115,0.0020,0.0010,-0.0367,-0.0089,-0.0355,-3.9869,-1.1509,8.8529,0.0001,0.0000,0.0000,1.0000,-0.0997,-0.0288,0.2213
1074,Right,2,0.1472,-0.1642,-0.8902,-0.3987,0.0031,0.0013,0.0091,-0.0133,0.0040,-0.0918,-3.8092,1.7110,8.7783,0.0000,0.0000,0.0001,1.0000,-0.0952,0.0428,0.2195
1074,Pelvis,2,0.5286,-0.4501,0.5987,0.3995,-0.0019,0.0030,-0.0001,0.0265,0.0120,-0.0322,9.7041,-1.1693,0.3477,-0.0000,0.0000,-0.0000,1.0000,0.2426,-0.0292,0.0087
1075,Left,2,0.2170,0.0313,-0.9662,-0.1357,0.0116,-0.0004,0.0010,-0.0476,0.0196,-0.0164,-3.9779,-1.1763,8.8748,0.0001,-0.0000,0.0000,1.0000,-0.0994,-0.0294,0.2219
1075,Right,2,0.1472,-0.1641,-0.8903,-0.3985,0.0043,0.0018,0.0091,-0.0001,0.0278,-0.0637,-3.8128,1.6894,8.8121,0.0001,0.0000,0.0001,1.0000,-0.0953,0.0422,0.2203
1075,Pelvis,2,0.5285,-0.4502,0.5987,0.3995,-0.0030,-0.0012,0.0002,0.0257,0.0031,-0.0214,9.7149,-1.1681,0.3564,-0.0000,-0.0000,0.0000,1.0000,0.2429,-0.0292,0.0089
1076,Left,2,0.2168,0.0312,-0.9662,-0.1358,0.0098,0.0013,-0.0021,-0.0399,0.0100,-0.0359,-3.9769,-1.1652,8.8551,0.0001,0.0000,-0.0000,1.0000,-0.0994,-0.0292,0.2214
1076,Right,2,0.1472,-0.1641,-0.8902,-0.3986,0.0049,0.0010,0.0079,-0.0101,0.0370,-0.0802,-3.7933,1.6872,8.8027,0.0001,0.0000,0.0001,1.0000,-0.0948,0.0422,0.2201
1076,Pelvis,2,0.5286,-0.4501,0.5988,0.3993,-0.0037,-0.0007,-0.0004,0.0362,0.0182,0.0090,9.7435,-1.1881,0.3455,-0.0000,-0.0000,-0.0000,1.0000,0.2436,-0.0297,0.0086
1077,Left,2,0.2167,0.0312,-0.9662,-0.1357,0.0080,0.0001,-0.0009,-0.0364,0.0001,-0.0465,-3.9766,-1.1541,8.8451,0.0001,0.0000,-0.0000,1.0000,-0.0994,-0.0289,0.2211
1077,Right,2,0.1472,-0.1640,-0.8902,-0.3987,0.0068,0.0016,0.0085,-0.0170,0.0099,-0.0952,-3.8005,1.7059,8.7793,0.0001,0.0000,0.0001,1.0000,-0.0950,0.0426,0.2195
1077,Pelvis,2,0.5286,-0.4501,0.5989,0.3992,-0.0025,0.0024,-0.0006,0.0332,0.0187,0.0186,9.7533,-1.1878,0.3445,-0.0000,0.0000,-0.0000,1.0000,0.2438,-0.0297,0.0086
1078,Left,2,0.2167,0.0312,-0.9663,-0.1356,0.0074,-0.0011,-0.0003,-0.0426,0.0074,-0.0269,-3.9776,-1.1612,8.8653,0.0001,-0.0000,-0.0000,1.0000,-0.0994,-0.0291,0.2216
1078,Right,2,0.1472,-0.1640,-0.8903,-0.3986,0.0074,0.0015,0.0079,-0.0118,0.0296,-0.0892,-3.7932,1.6898,8.7922,0.0001,0.0000,0.0001,1.0000,-0.0948,0.0422,0.2198
1078,Pelvis,2,0.5286,-0.4501,0.5990,0.3991,-0.0044,0.0055,-0.0001,0.0410,0.0285,0.0093,9.7428,-1.1988,0.3379,-0.0001,0.0001,-0.0000,1.0000,0.2436,-0.0300,0.0084
1079,Left,2,0.2167,0.0312,-0.9663,-0.1356,0.0074,-0.0012,-0.0015,-0.0274,0.0140,-0.0310,-3.9861,-1.1702,8.8557,0.0001,-0.0000,-0.0000,1.0000,-0.0997,-0.0293,0.2214
1079,Right,2,0.1472,-0.1640,-0.8902,-0.3986,0.0093,0.0033,0.0084,-0.0220,0.0389,-0.1057,-3.7740,1.6883,8.7826,0.0001,0.0000,0.0001,1.0000,-0.0943,0.0422,0.2196
1079,Pelvis,2,0.5284,-0.4502,0.5990,0.3992,0.0011,0.0073,-0.0005,0.0532,0.0606,0.0085,9.7403,-1.2214,0.3126,0.0000,0.0001,-0.0000,1.0000,0.2435,-0.0305,0.0078
1080,Left,2,0.2166,0.0311,-0.9663,-0.1356,0.0074,-0.0011,-0.0003,-0.0380,0.0059,-0.0359,-3.9763,-1.1586,8.8562,0.0001,-0.0000,-0.0000,1.0000,-0.0994,-0.0290,0.2214
1080,Right,2,0.1473,-0.1640,-0.8902,-0.3986,0.0100,0.0036,0.0059,-0.0214,0.0321,-0.0929,-3.7842,1.6941,8.7912,0.0001,0.0000,0.0001,1.0000,-0.0946,0.0423,0.2198
1080,Pelvis,2,0.5284,-0.4501,0.5992,0.3990,0.0037,0.0051,0.0026,0.0275,0.0523,-0.0246,9.7102,-1.1931,0.3141,0.0000,0.0001,0.0000,1.0000,0.2428,-0.0298,0.0078
1081,Left,2,0.2166,0.0311,-0.9663,-0.1357,0.0068,-0.0011,-0.0010,-0.0389,0.0047,-0.0359,-3.9761,-1.1571,8.8565,0.0001,-0.0000,-0.0000,1.0000,-0.0994,-0.0289,0.2214
1081,Right,2,0.1473,-0.1639,-0.8903,-0.3985,0.0100,0.0036,0.0059,-0.0155,0.0180,-0.0764,-3.8042,1.7009,8.7995,0.0001,0.0000,0.0001,1.0000,-0.0951,0.0425,0.2200
1081,Pelvis,2,0.5283,-0.4501,0.5993,0.3989,0.0021,0.0009,0.0047,0.0099,0.0297,-0.0251,9.7115,-1.1723,0.3320,0.0000,0.0000,0.0001,1.0000,0.2428,-0.0293,0.0083
1082,Left,2,0.2166,0.0311,-0.9663,-0.1356,0.0086,-0.0017,-0.0003,-0.0380,0.0133,-0.0344,-3.9755,-1.1652,8.8574,0.0001,-0.0000,-0.0000,1.0000,-0.0994,-0.0292,0.2214
1082,Right,2,0.1474,-0.1639,-0.8903,-0.3985,0.0082,0.0037,0.0053,-0.0208,0.0361,-0.0835,-3.7865,1.6916,8.8011,0.0001,0.0000,0.0001,1.0000,-0.0947,0.0423,0.2200
1082,Pelvis,2,0.5283,-0.4502,0.5994,0.3988,0.0009,-0.0009,0.0061,0.0178,0.0225,-0.0128,9.7224,-1.1821,0.3417,0.0000,-0.0000,0.0001,1.0000,0.2431,-0.0295,0.0085
1083,Left,2,0.2165,0.0310,-0.9663,-0.1358,0.0086,-0.0029,-0.0002,-0.0474,0.0229,-0.0273,-3.9656,-1.1723,8.8688,0.0001,-0.0000,-0.0000,1.0000,-0.0991,-0.0293,0.2217
1083,Right,2,0.1474,-0.1639,-0.8902,-0.3987,0.0107,0.0049,0.0064,-0.0018,0.0224,-0.0846,-3.8077,1.6852,8.7919,0.0001,0.0001,0.0001,1.0000,-0.0952,0.0421,0.2198
1083,Pelvis,2,0.5283,-0.4502,0.5994,0.3986,-0.0002,-0.0027,0.0069,0.0059,0.0213,-0.0047,9.7316,-1.1738,0.3392,-0.0000,-0.0000,0.0001,1.0000,0.2433,-0.0293,0.0085
1084,Left,2,0.2165,0.0310,-0.9663,-0.1360,0.0080,-0.0017,-0.0009,-0.0240,0.0086,-0.0400,-3.9835,-1.1624,8.8480,0.0001,-0.0000,-0.0000,1.0000,-0.0996,-0.0291,0.2212
1084,Right,2,0.1474,-0.1639,-0.8902,-0.3987,0.0082,0.0049,0.0058,-0.0093,0.0272,-0.0883,-3.7989,1.6867,8.7913,0.0001,0.0001,0.0001,1.0000,-0.0950,0.0421,0.2198
1084,Pelvis,2,0.5284,-0.4501,0.5997,0.3982,-0.0056,-0.0026,0.0096,-0.0158,0.0267,-0.0088,9.7298,-1.1575,0.3267,-0.0001,-0.0000,0.0001,1.0000,0.2432,-0.0289,0.0082
1085,Left,2,0.2164,0.0309,-0.9663,-0.1357,0.0104,-0.0011,0.0004,-0.0413,-0.0056,-0.0589,-3.9635,-1.1408,8.8389,0.0001,-0.0000,0.0000,1.0000,-0.0991,-0.0285,0.2210
1085,Right,2,0.1475,-0.1639,-0.8902,-0.3987,0.0101,0.0053,0.0039,-0.0193,0.0349,-0.0831,-3.7902,1.6898,8.8003,0.0001,0.0001,0.0000,1.0000,-0.0947,0.0422,0.2200
1085,Pelvis,2,0.5284,-0.4502,0.5998,0.3981,-0.0089,0.0021,0.0065,-0.0032,0.0411,0.0120,9.7486,-1.1797,0.3168,-0.0001,0.0000,0.0001,1.0000,0.2437,-0.0295,0.0079
1086,Left,2,0.2165,0.0309,-0.9663,-0.1358,0.0055,0.0007,-0.0010,-0.0428,-0.0016,-0.0269,-3.9750,-1.1476,8.8682,0.0001,0.0000,-0.0000,1.0000,-0.0994,-0.0287,0.2217
1086,Right,2,0.1475,-0.1639,-0.8902,-0.3987,0.0119,0.0041,0.0059,-0.0036,0.0400,-0.0695,-3.8031,1.6766,8.8123,0.0001,0.0001,0.0001,1.0000,-0.0951,0.0419,0.2203
1086,Pelvis,2,0.5283,-0.4502,0.5998,0.3980,-0.0088,-0.0003,0.0066,-0.0076,0.0178,-0.0061,9.7307,-1.1698,0.3371,-0.0001,-0.0000,0.0001,1.0000,0.2433,-0.0292,0.0084
1087,Left,2,0.2165,0.0309,-0.9663,-0.1358,0.0079,0.0019,-0.0010,-0.0306,-0.0044,-0.0325,-3.9843,-1.1470,8.8579,0.0001,0.0000,-0.0000,1.0000,-0.0996,-0.0287,0.2214
1087,Right,2,0.1475,-0.1639,-0.8902,-0.3986,0.0094,0.0044,0.0070,-0.0133,0.0158,-0.0756,-3.8110,1.6980,8.7980,0.0001,0.0001,0.0001,1.0000,-0.0953,0.0424,0.2200
1087,Pelvis,2,0.5282,-0.4504,0.5998,0.3980,-0.0108,0.0008,0.0048,-0.0084,0.0176,-0.0061,9.7305,-1.1713,0.3368,-0.0001,0.0000,0.0001,1.0000,0.2433,-0.0293,0.0084
1088,Left,2,0.2164,0.0309,-0.9663,-0.1356,0.0068,-0.0006,-0.0022,-0.0404,0.0191,-0.0454,-3.9637,-1.1649,8.8507,0.0001,-0.0000,-0.0000,1.0000,-0.0991,-0.0291,0.2213
1088,Right,2,0.1476,-0.1639,-0.8902,-0.3986,0.0093,0.0023,0.0042,-0.0157,0.0152,-0.0973,-3.8017,1.6958,8.7784,0.0001,0.0000,0.0001,1.0000,-0.0950,0.0424,0.2195
1088,Pelvis,2,0.5282,-0.4505,0.5998,0.3979,-0.0120,-0.0017,0.0044,-0.0139,-0.0047,-0.0147,9.7225,-1.1607,0.3557,-0.0001,-0.0000,0.0001,1.0000,0.2431,-0.0290,0.0089
1089,Left,2,0.2164,0.0309,-0.9664,-0.1356,0.0074,-0.0005,-0.0010,-0.0417,0.0086,-0.0469,-3.9638,-1.1538,8.8504,0.0001,-0.0000,-0.0000,1.0000,-0.0991,-0.0289,0.2213
1089,Right,2,0.1476,-0.1638,-0.8902,-0.3986,0.0080,0.0013,0.0061,-0.0022,0.0389,-0.0690,-3.8056,1.6750,8.8120,0.0001,0.0000,0.0001,1.0000,-0.0951,0.0418,0.2203
1089,Pelvis,2,0.5279,-0.4508,0.5996,0.3981,-0.0115,-0.0037,0.0026,-0.0054,0.0296,0.0037,9.7393,-1.1841,0.3258,-0.0001,-0.0000,0.0000,1.0000,0.2435,-0.0296,0.0082
1090,Left,2,0.2162,0.0309,-0.9664,-0.1355,0.0092,-0.0035,-0.0002,-0.0419,0.0163,-0.0363,-3.9637,-1.1612,8.8611,0.0001,-0.0000,-0.0000,1.0000,-0.0991,-0.0291,0.2215
1090,Right,2,0.1476,-0.1638,-0.8903,-0.3985,0.0098,-0.0001,0.0056,-0.0197,0.0263,-0.0917,-3.7933,1.6918,8.7891,0.0001,-0.0000,0.0001,1.0000,-0.0948,0.0423,0.2197
1090,Pelvis,2,0.5279,-0.4509,0.5997,0.3980,-0.0114,-0.0061,0.0028,-0.0114,0.0160,-0.0157,9.7206,-1.1743,0.3349,-0.0001,-0.0001,0.0000,1.0000,0.2430,-0.0293,0.0084
1091,Left,2,0.2161,0.0308,-0.9664,-0.1355,0.0092,-0.0011,-0.0009,-0.0332,0.0031,-0.0344,-3.9732,-1.1498,8.8604,0.0001,-0.0000,-0.0000,1.0000,-0.0993,-0.0288,0.2215
1091,Right,2,0.1475,-0.1638,-0.8902,-0.3986,0.0093,0.0017,0.0048,-0.0087,0.0385,-0.0818,-3.7957,1.6772,8.8018,0.0001,0.0000,0.0001,1.0000,-0.0949,0.0419,0.2201
1091,Pelvis,2,0.5278,-0.4511,0.5996,0.3980,-0.0132,-0.0042,0.0034,-0.0030,0.0175,-0.0142,9.7208,-1.1849,0.3344,-0.0002,-0.0001,0.0000,1.0000,0.2430,-0.0296,0.0084
1092,Left,2,0.2161,0.0308,-0.9664,-0.1357,0.0080,0.0019,-0.0022,-0.0510,0.0066,-0.0413,-3.9538,-1.1474,8.8620,0.0001,0.0000,-0.0000,1.0000,-0.0988,-0.0287,0.2215
1092,Right,2,0.1475,-0.1638,-0.8902,-0.3986,0.0099,0.0017,0.0048,-0.0187,0.0302,-0.0822,-3.7947,1.6893,8.7994,0.0001,0.0000,0.0001,1.0000,-0.0949,0.0422,0.2200
1092,Pelvis,2,0.5278,-0.4512,0.5996,0.3979,-0.0164,-0.0026,0.0010,-0.0058,0.0332,0.0339,9.7686,-1.1956,0.3193,-0.0002,-0.0000,0.0000,1.0000,0.2442,-0.0299,0.0080
1093,Left,2,0.2161,0.0307,-0.9664,-0.1357,0.0068,0.0025,-0.0023,-0.0492,0.0018,-0.0198,-3.9653,-1.1453,8.8808,0.0001,0.0000,-0.0000,1.0000,-0.0991,-0.0286,0.2220
1093,Right,2,0.1475,-0.1637,-0.8902,-0.3987,0.0097,-0.0006,0.0069,-0.0131,0.0338,-0.0818,-3.7958,1.6824,8.8007,0.0001,-0.0000,0.0001,1.0000,-0.0949,0.0420,0.2200
1093,Pelvis,2,0.5277,-0.4513,0.5996,0.3980,-0.0129,0.0029,0.0005,0.0053,0.0423,0.0150,9.7484,-1.2070,0.3124,-0.0002,0.0000,0.0000,1.0000,0.2437,-0.0302,0.0078
1094,Left,2,0.2161,0.0307,-0.9664,-0.1357,0.0049,0.0013,-0.0005,-0.0311,0.0090,-0.0329,-3.9738,-1.1552,8.8611,0.0001,0.0000,-0.0000,1.0000,-0.0993,-0.0289,0.2215
1094,Right,2,0.1475,-0.1637,-0.8902,-0.3988,0.0099,0.0009,0.0031,-0.0335,0.0241,-0.0954,-3.7835,1.7011,8.7874,0.0001,0.0000,0.0000,1.0000,-0.0946,0.0425,0.2197
1094,Pelvis,2,0.5277,-0.4512,0.5998,0.3978,-0.0134,0.0061,0.0022,-0.0087,0.0343,-0.0263,9.7089,-1.1886,0.3152,-0.0002,0.0001,0.0000,1.0000,0.2427,-0.0297,0.0079
1095,Left,2,0.2161,0.0307,-0.9664,-0.1358,0.0068,0.0019,-0.0023,-0.0471,0.0087,-0.0183,-3.9657,-1.1527,8.8813,0.0001,0.0000,-0.0000,1.0000,-0.0991,-0.0288,0.2220
1095,Right,2,0.1475,-0.1637,-0.8901,-0.3988,0.0111,0.0023,0.0054,-0.0150,0.0422,-0.0851,-3.7873,1.6771,8.8018,0.0001,0.0000,0.0001,1.0000,-0.0947,0.0419,0.2201
1095,Pelvis,2,0.5276,-0.4513,0.5997,0.3979,-0.0147,0.0048,0.0017,0.0097,0.0374,-0.0233,9.7094,-1.2086,0.3182,-0.0002,0.0001,0.0000,1.0000,0.2427,-0.0302,0.0079
1096,Left,2,0.2161,0.0307,-0.9664,-0.1358,0.0043,0.0019,-0.0011,-0.0498,0.0202,-0.0292,-3.9554,-1.1616,8.8727,0.0001,0.0000,-0.0000,1.0000,-0.0989,-0.0291,0.2218
1096,Right,2,0.1475,-0.1637,-0.8901,-0.3989,0.0081,0.0030,0.0047,-0.0275,0.0367,-0.0765,-3.7865,1.6911,8.8089,0.0001,0.0000,0.0001,1.0000,-0.0947,0.0422,0.2202
1096,Pelvis,2,0.5275,-0.4514,0.5997,0.3980,-0.0127,0.0019,0.0030,0.0330,0.0117,-0.0167,9.7128,-1.2255,0.3496,-0.0002,0.0000,0.0000,1.0000,0.2428,-0.0306,0.0087
1097,Left,2,0.2161,0.0307,-0.9664,-0.1357,0.0061,0.0025,-0.0017,-0.0369,0.0089,-0.0453,-3.9645,-1.1522,8.8520,0.0001,0.0000,-0.0000,1.0000,-0.0991,-0.0288,0.2213
1097,Right,2,0.1476,-0.1637,-0.8901,-0.3989,0.0092,0.0011,0.0049,-0.0140,0.0144,-0.0870,-3.8060,1.6921,8.7886,0.0001,0.0000,0.0001,1.0000,-0.0952,0.0423,0.2197
1097,Pelvis,2,0.5273,-0.4517,0.5995,0.3981,-0.0121,-0.0012,0.0032,0.0345,0.0439,0.0003,9.7294,-1.2390,0.3193,-0.0002,-0.0000,0.0000,1.0000,0.2432,-0.0310,0.0080
1098,Left,2,0.2161,0.0307,-0.9664,-0.1358,0.0086,0.0007,-0.0003,-0.0354,0.0076,-0.0453,-3.9648,-1.1507,8.8521,0.0001,0.0000,-0.0000,1.0000,-0.0991,-0.0288,0.2213
1098,Right,2,0.1475,-0.1636,-0.8901,-0.3990,0.0093,0.0017,0.0042,-0.0162,0.0279,-0.0813,-3.7977,1.6857,8.7998,0.0001,0.0000,0.0001,1.0000,-0.0949,0.0421,0.2200
1098,Pelvis,2,0.5272,-0.4518,0.5995,0.3981,-0.0089,-0.0011,0.0042,-0.0049,0.0284,0.0052,9.7389,-1.1999,0.3232,-0.0001,-0.0000,0.0001,1.0000,0.2435,-0.0300,0.0081
1099,Left,2,0.2159,0.0306,-0.9664,-0.1358,0.0092,0.0001,-0.0009,-0.0372,-0.0127,-0.0484,-3.9655,-1.1293,8.8512,0.0001,0.0000,-0.0000,1.0000,-0.0991,-0.0283,0.2213
1099,Right,2,0.1475,-0.1636,-0.8901,-0.3990,0.0087,0.0024,0.0048,-0.0260,0.0355,-0.0761,-3.7884,1.6888,8.8091,0.0001,0.0000,0.0001,1.0000,-0.0947,0.0422,0.2202
1099,Pelvis,2,0.5273,-0.4518,0.5996,0.3979,-0.0089,-0.0029,0.0043,0.0086,0.0512,0.0153,9.7470,-1.2224,0.3041,-0.0001,-0.0000,0.0001,1.0000,0.2437,-0.0305,0.0076
1100,Left,2,0.2159,0.0306,-0.9664,-0.1359,0.0055,0.0025,-0.0023,-0.0461,0.0067,-0.0397,-3.9561,-1.1465,8.8627,0.0001,0.0000,-0.0000,1.0000,-0.0989,-0.0287,0.2216
1100,Right,2,0.1475,-0.1636,-0.8901,-0.3990,0.0105,0.0018,0.0061,-0.0231,0.0418,-0.0666,-3.7899,1.6837,8.8199,0.0001,0.0000,0.0001,1.0000,-0.0947,0.0421,0.2205
1100,Pelvis,2,0.5274,-0.4517,0.5998,0.3977,-0.0073,0.0043,0.0020,-0.0135,0.0396,0.0327,9.7668,-1.2024,0.3096,-0.0001,0.0001,0.0000,1.0000,0.2442,-0.0301,0.0077
1101,Left,2,0.2159,0.0306,-0.9664,-0.1358,0.0068,0.0025,-0.0023,-0.0361,0.0033,-0.0363,-3.9663,-1.1456,8.8620,0.0001,0.0000,-0.0000,1.0000,-0.0992,-0.0287,0.2216
1101,Right,2,0.1476,-0.1636,-0.8901,-0.3989,0.0094,0.0037,0.0059,-0.0014,0.0253,-0.0766,-3.8107,1.6756,8.8013,0.0001,0.0000,0.0001,1.0000,-0.0953,0.0419,0.2200
1101,Pelvis,2,0.5272,-0.4517,0.5998,0.3978,-0.0055,0.0130,0.0033,-0.0214,0.0613,0.0589,9.7938,-1.2048,0.2891,-0.0001,0.0002,0.0000,1.0000,0.2448,-0.0301,0.0072
1102,Left,2,0.2159,0.0306,-0.9664,-0.1359,0.0043,0.0043,-0.0024,-0.0368,0.0108,-0.0257,-3.9674,-1.1539,8.8721,0.0001,0.0001,-0.0000,1.0000,-0.0992,-0.0289,0.2218
1102,Right,2,0.1476,-0.1636,-0.8901,-0.3990,0.0131,0.0040,0.0059,-0.0088,0.0302,-0.0804,-3.8016,1.6775,8.8007,0.0002,0.0001,0.0001,1.0000,-0.0950,0.0419,0.2200
1102,Pelvis,2,0.5271,-0.4516,0.6000,0.3978,-0.0105,0.0214,0.0019,-0.0430,0.0692,-0.0054,9.7325,-1.1794,0.2768,-0.0001,0.0003,0.0000,1.0000,0.2433,-0.0295,0.0069
1103,Left,2,0.2158,0.0306,-0.9665,-0.1358,0.0061,0.0049,-0.0030,-0.0477,0.0065,-0.0521,-3.9478,-1.1437,8.8531,0.0001,0.0001,-0.0000,1.0000,-0.0987,-0.0286,0.2213
1103,Right,2,0.1476,-0.1636,-0.8901,-0.3989,0.0094,0.0029,0.0047,-0.0314,0.0232,-0.0851,-3.7900,1.6983,8.7966,0.0001,0.0000,0.0001,1.0000,-0.0947,0.0424,0.2199
1103,Pelvis,2,0.5271,-0.4515,0.6001,0.3977,-0.0128,0.0141,0.0030,-0.0144,0.0402,-0.0275,9.7067,-1.1967,0.3149,-0.0002,0.0002,0.0000,1.0000,0.2427,-0.0299,0.0078
1104,Left,2,0.2159,0.0306,-0.9664,-0.1359,0.0067,0.0049,-0.0017,-0.0303,0.0005,-0.0453,-3.9683,-1.1431,8.8515,0.0001,0.0001,-0.0000,1.0000,-0.0992,-0.0286,0.2213
1104,Right,2,0.1476,-0.1636,-0.8901,-0.3990,0.0086,0.0013,0.0061,-0.0180,0.0186,-0.1116,-3.7913,1.6857,8.7691,0.0001,0.0000,0.0001,1.0000,-0.0948,0.0421,0.2192
1104,Pelvis,2,0.5269,-0.4516,0.6001,0.3978,-0.0098,0.0092,0.0019,0.0088,0.0232,-0.0316,9.6994,-1.2149,0.3398,-0.0001,0.0001,0.0000,1.0000,0.2425,-0.0304,0.0085
1105,Left,2,0.2159,0.0306,-0.9664,-0.1358,0.0072,0.0068,-0.0005,-0.0472,0.0042,-0.0521,-3.9501,-1.1410,8.8524,0.0001,0.0001,-0.0000,1.0000,-0.0987,-0.0285,0.2213
1105,Right,2,0.1476,-0.1635,-0.8901,-0.3989,0.0087,0.0024,0.0048,-0.0229,0.0348,-0.0969,-3.7831,1.6812,8.7898,0.0001,0.0000,0.0001,1.0000,-0.0946,0.0420,0.2198
1105,Pelvis,2,0.5270,-0.4515,0.6002,0.3977,-0.0049,0.0074,0.0017,0.0072,0.0569,0.0045,9.7354,-1.2276,0.3095,-0.0001,0.0001,0.0000,1.0000,0.2434,-0.0307,0.0077
1106,Left,2,0.2159,0.0305,-0.9665,-0.1357,0.0067,0.0044,-0.0005,-0.0404,0.0133,-0.0596,-3.9503,-1.1498,8.8429,0.0001,0.0001,-0.0000,1.0000,-0.0987,-0.0288,0.2211
1106,Right,2,0.1477,-0.1635,-0.8902,-0.3989,0.0088,0.0040,0.0028,-0.0195,0.0252,-0.0931,-3.7933,1.6846,8.7889,0.0001,0.0001,0.0000,1.0000,-0.0948,0.0421,0.2197
1106,Pelvis,2,0.5268,-0.4515,0.6003,0.3978,-0.0031,0.0086,0.0015,0.0150,0.0497,0.0168,9.7462,-1.2366,0.3210,-0.0000,0.0001,0.0000,1.0000,0.2437,-0.0309,0.0080
1107,Left,2,0.2159,0.0305,-0.9665,-0.1357,0.0054,0.0044,0.0001,-0.0443,-0.0017,-0.0307,-3.9634,-1.1375,8.8706,0.0001,0.0001,0.0000,1.0000,-0.0991,-0.0285,0.2218
1107,Right,2,0.1477,-0.1635,-0.8901,-0.3989,0.0107,0.0040,0.0040,-0.0245,0.0415,-0.0784,-3.7857,1.6801,8.8094,0.0001,0.0001,0.0001,1.0000,-0.0946,0.0420,0.2202
1107,Pelvis,2,0.5267,-0.4516,0.6003,0.3979,0.0001,0.0057,0.0028,0.0151,0.0582,0.0060,9.7354,-1.2383,0.3141,0.0000,0.0001,0.0000,1.0000,0.2434,-0.0309,0.0078
1108,Left,2,0.2160,0.0306,-0.9664,-0.1357,0.0030,0.0037,-0.0012,-0.0495,0.0136,-0.0630,-3.9424,-1.1473,8.8431,0.0000,0.0000,-0.0000,1.0000,-0.0986,-0.0287,0.2211
1108,Right,2,0.1477,-0.1634,-0.8901,-0.3990,0.0088,0.0035,0.0034,-0.0161,0.0246,-0.0709,-3.8058,1.6850,8.8080,0.0001,0.0000,0.0000,1.0000,-0.0951,0.0421,0.2202
1108,Pelvis,2,0.5268,-0.4514,0.6004,0.3977,0.0012,0.0055,0.0003,-0.0004,0.0523,-0.0161,9.7154,-1.2195,0.3154,0.0000,0.0001,0.0000,1.0000,0.2429,-0.0305,0.0079
1109,Left,2,0.2160,0.0306,-0.9665,-0.1356,0.0036,0.0043,-0.0006,-0.0498,0.0345,-0.0724,-3.9323,-1.1664,8.8348,0.0000,0.0001,-0.0000,1.0000,-0.0983,-0.0292,0.2209
1109,Right,2,0.1478,-0.1634,-0.8901,-0.3989,0.0100,0.0042,0.0052,-0.0231,0.0154,-0.1021,-3.7953,1.6902,8.7770,0.0001,0.0001,0.0001,1.0000,-0.0949,0.0422,0.2194
1109,Pelvis,2,0.5266,-0.4516,0.6003,0.3980,0.0013,0.0038,0.0028,-0.0099,0.0420,-0.0068,9.7257,-1.2090,0.3242,0.0000,0.0000,0.0000,1.0000,0.2431,-0.0302,0.0081
1110,Left,2,0.2159,0.0305,-0.9665,-0.1355,0.0090,0.0045,0.0039,-0.0399,-0.0004,-0.0611,-3.9543,-1.1357,8.8413,0.0001,0.0001,0.0000,1.0000,-0.0988,-0.0284,0.2210
1110,Right,2,0.1478,-0.1634,-0.8901,-0.3989,0.0089,0.0057,0.0014,-0.0253,0.0448,-0.0906,-3.7795,1.6749,8.7995,0.0001,0.0001,0.0000,1.0000,-0.0945,0.0418,0.2200
1110,Pelvis,2,0.5264,-0.4517,0.6003,0.3981,-0.0012,0.0074,0.0015,-0.0069,0.0732,0.0006,9.7326,-1.2222,0.2966,-0.0000,0.0001,0.0000,1.0000,0.2433,-0.0306,0.0074
1111,Left,2,0.2159,0.0306,-0.9665,-0.1352,0.0041,0.0056,0.0024,-0.0135,0.0185,-0.0283,-3.9853,-1.1630,8.8601,0.0001,0.0001,0.0000,1.0000,-0.0996,-0.0291,0.2215
1111,Right,2,0.1479,-0.1634,-0.8901,-0.3989,0.0115,0.0082,0.0036,-0.0218,0.0193,-0.0926,-3.7990,1.6874,8.7864,0.0001,0.0001,0.0000,1.0000,-0.0950,0.0421,0.2197
1111,Pelvis,2,0.5264,-0.4517,0.6004,0.3980,-0.0047,0.0075,0.0047,-0.0366,0.0418,0.0285,9.7638,-1.1903,0.3212,-0.0001,0.0001,0.0001,1.0000,0.2441,-0.0297,0.0080
1112,Left,2,0.2159,0.0305,-0.9665,-0.1352,0.0066,0.0039,0.0032,-0.0107,0.0085,-0.0388,-3.9860,-1.1524,8.8495,0.0001,0.0000,0.0000,1.0000,-0.0996,-0.0288,0.2212
1112,Right,2,0.1479,-0.1635,-0.8900,-0.3990,0.0097,0.0075,0.0012,-0.0136,0.0361,-0.0954,-3.7934,1.6698,8.7892,0.0001,0.0001,0.0000,1.0000,-0.0948,0.0417,0.2197
1112,Pelvis,2,0.5262,-0.4517,0.6004,0.3981,-0.0048,0.0093,0.0040,-0.0103,0.0325,0.0040,9.7360,-1.2102,0.3379,-0.0001,0.0001,0.0001,1.0000,0.2434,-0.0302,0.0084
1113,Left,2,0.2158,0.0305,-0.9666,-0.1351,0.0079,-0.0022,0.0028,-0.0300,0.0027,-0.0472,-3.9671,-1.1401,8.8504,0.0001,-0.0000,0.0000,1.0000,-0.0992,-0.0285,0.2213
1113,Right,2,0.1480,-0.1635,-0.8900,-0.3991,0.0097,0.0088,0.0017,-0.0183,0.0206,-0.0921,-3.8036,1.6827,8.7859,0.0001,0.0001,0.0000,1.0000,-0.0951,0.0420,0.2197
1113,Pelvis,2,0.5263,-0.4516,0.6005,0.3980,0.0001,0.0075,0.0027,-0.0034,0.0281,-0.0343,9.6969,-1.2116,0.3439,0.0000,0.0001,0.0000,1.0000,0.2424,-0.0303,0.0086
1114,Left,2,0.2158,0.0305,-0.9666,-0.1350,0.0066,0.0038,0.0013,-0.0190,-0.0045,-0.0223,-3.9882,-1.1378,8.8686,0.0001,0.0000,0.0000,1.0000,-0.0997,-0.0285,0.2217
1114,Right,2,0.1481,-0.1635,-0.8900,-0.3991,0.0080,0.0099,-0.0003,-0.0256,0.0236,-0.0741,-3.8057,1.6885,8.8038,0.0001,0.0001,-0.0000,1.0000,-0.0951,0.0422,0.2201
1114,Pelvis,2,0.5263,-0.4516,0.6006,0.3980,0.0019,0.0020,0.0022,0.0182,0.0206,-0.0397,9.6886,-1.2307,0.3578,0.0000,0.0000,0.0000,1.0000,0.2422,-0.0308,0.0089
1115,Left,2,0.2157,0.0305,-0.9666,-0.1349,0.0067,0.0044,0.0001,-0.0211,-0.0063,-0.0133,-3.9898,-1.1358,8.8781,0.0001,0.0001,0.0000,1.0000,-0.0997,-0.0284,0.2220
1115,Right,2,0.1482,-0.1634,-0.8900,-0.3991,0.0065,0.0059,0.0013,-0.0067,0.0257,-0.0693,-3.8196,1.6723,8.8061,0.0001,0.0001,0.0000,1.0000,-0.0955,0.0418,0.2202
1115,Pelvis,2,0.5263,-0.4516,0.6006,0.3979,0.0050,-0.0023,0.0011,0.0148,0.0221,-0.0206,9.7080,-1.2308,0.3558,0.0001,-0.0000,0.0000,1.0000,0.2427,-0.0308,0.0089
1116,Left,2,0.2157,0.0304,-0.9666,-0.1348,0.0080,0.0031,-0.0016,-0.0275,0.0046,-0.0151,-3.9806,-1.1436,8.8792,0.0001,0.0000,-0.0000,1.0000,-0.0995,-0.0286,0.2220
1116,Right,2,0.1483,-0.1634,-0.8900,-0.3991,0.0064,0.0047,0.0021,-0.0111,0.0121,-0.0879,-3.8193,1.6797,8.7843,0.0001,0.0001,0.0000,1.0000,-0.0955,0.0420,0.2196
1116,Pelvis,2,0.5263,-0.4518,0.6005,0.3979,0.0039,-0.0090,0.0021,-0.0073,0.0111,-0.0032,9.7279,-1.2104,0.3602,0.0000,-0.0001,0.0000,1.0000,0.2432,-0.0303,0.0090
1117,Left,2,0.2157,0.0304,-0.9666,-0.1349,0.0073,-0.0005,0.0009,-0.0203,0.0047,-0.0332,-3.9795,-1.1431,8.8598,0.0001,-0.0000,0.0000,1.0000,-0.0995,-0.0286,0.2215
1117,Right,2,0.1483,-0.1633,-0.8900,-0.3991,0.0042,-0.0010,0.0051,-0.0006,0.0401,-0.0720,-3.8137,1.6552,8.8090,0.0001,-0.0000,0.0001,1.0000,-0.0953,0.0414,0.2202
1117,Pelvis,2,0.5263,-0.4519,0.6005,0.3979,0.0020,-0.0079,0.0015,-0.0269,0.0075,-0.0062,9.7274,-1.1914,0.3562,0.0000,-0.0001,0.0000,1.0000,0.2432,-0.0298,0.0089
1118,Left,2,0.2157,0.0304,-0.9666,-0.1348,0.0086,0.0013,-0.0028,-0.0122,0.0147,-0.0497,-3.9779,-1.1523,8.8411,0.0001,0.0000,-0.0000,1.0000,-0.0994,-0.0288,0.2210
1118,Right,2,0.1483,-0.1632,-0.8900,-0.3991,0.0062,0.0013,0.0042,-0.0104,0.0159,-0.0783,-3.8207,1.6751,8.7951,0.0001,0.0000,0.0001,1.0000,-0.0955,0.0419,0.2199
1118,Pelvis,2,0.5264,-0.4519,0.6003,0.3978,0.0026,-0.0110,-0.0002,0.0172,0.0023,-0.0181,9.7101,-1.2296,0.3697,0.0000,-0.0001,-0.0000,1.0000,0.2427,-0.0307,0.0093
1119,Left,2,0.2157,0.0304,-0.9666,-0.1347,0.0067,0.0043,-0.0011,-0.0237,0.0021,-0.0242,-3.9808,-1.1394,8.8697,0.0001,0.0001,-0.0000,1.0000,-0.0995,-0.0285,0.2217
1119,Right,2,0.1483,-0.1631,-0.8900,-0.3991,0.0081,0.0018,0.0048,-0.0180,0.0387,-0.0980,-3.7929,1.6622,8.7879,0.0001,0.0000,0.0001,1.0000,-0.0948,0.0415,0.2197
1119,Pelvis,2,0.5264,-0.4520,0.6003,0.3977,0.0003,-0.0133,0.0031,0.0239,0.0047,-0.0071,9.7201,-1.2396,0.3668,0.0000,-0.0002,0.0000,1.0000,0.2430,-0.0310,0.0092
1120,Left,2,0.2157,0.0303,-0.9667,-0.1346,0.0080,0.0001,-0.0009,-0.0307,0.0129,-0.0260,-3.9712,-1.1473,8.8709,0.0001,0.0000,-0.0000,1.0000,-0.0993,-0.0287,0.2218
1120,Right,2,0.1484,-0.1631,-0.8900,-0.3991,0.0075,0.0023,0.0029,-0.0279,0.0285,-0.0768,-3.8018,1.6787,8.8044,0.0001,0.0000,0.0000,1.0000,-0.0950,0.0419,0.2201
1120,Pelvis,2,0.5264,-0.4522,0.6001,0.3977,-0.0009,-0.0133,0.0038,0.0176,-0.0163,-0.0061,9.7218,-1.2286,0.3819,-0.0000,-0.0002,0.0000,1.0000,0.2430,-0.0307,0.0096
1121,Left,2,0.2156,0.0303,-0.9667,-0.1345,0.0080,0.0007,-0.0016,-0.0277,0.0032,-0.0366,-3.9709,-1.1364,8.8608,0.0001,0.0000,-0.0000,1.0000,-0.0993,-0.0284,0.2215
1121,Right,2,0.1484,-0.1630,-0.8901,-0.3990,0.0073,0.0001,0.0062,-0.0273,0.0393,-0.0800,-3.7934,1.6701,8.8061,0.0001,0.0000,0.0001,1.0000,-0.0948,0.0417,0.2202
1121,Pelvis,2,0.5264,-0.4524,0.6001,0.3977,-0.0002,-0.0083,0.0054,0.0125,0.0036,0.0010,9.7295,-1.2317,0.3589,-0.0000,-0.0001,0.0001,1.0000,0.2432,-0.0308,0.0090
1122,Left,2,0.2156,0.0303,-0.9667,-0.1344,0.0062,0.0013,-0.0023,-0.0344,0.0141,-0.0384,-3.9610,-1.1445,8.8622,0.0001,0.0000,-0.0000,1.0000,-0.0990,-0.0286,0.2216
1122,Right,2,0.1484,-0.1630,-0.8901,-0.3990,0.0104,0.0004,0.0044,-0.0161,0.0197,-0.0815,-3.8126,1.6730,8.7955,0.0001,0.0000,0.0001,1.0000,-0.0953,0.0418,0.2199
1122,Pelvis,2,0.5264,-0.4525,0.6000,0.3977,-0.0003,-0.0071,0.0053,0.0112,0.0042,0.0106,9.7391,-1.2328,0.3560,-0.0000,-0.0001,0.0001,1.0000,0.2435,-0.0308,0.0089
1123,Left,2,0.2155,0.0304,-0.9668,-0.1342,0.0062,0.0006,-0.0022,-0.0208,-0.0019,-0.0242,-3.9816,-1.1337,8.8700,0.0001,0.0000,-0.0000,1.0000,-0.0995,-0.0284,0.2217
1123,Right,2,0.1484,-0.1630,-0.8901,-0.3990,0.0093,0.0019,0.0061,-0.0104,0.0233,-0.0810,-3.8138,1.6662,8.7969,0.0001,0.0000,0.0001,1.0000,-0.0953,0.0416,0.2199
1123,Pelvis,2,0.5263,-0.4527,0.5999,0.3978,0.0009,-0.0034,0.0056,0.0128,0.0031,0.0010,9.7293,-1.2343,0.3558,0.0000,-0.0000,0.0001,1.0000,0.2432,-0.0308,0.0089
1124,Left,2,0.2155,0.0304,-0.9668,-0.1343,0.0062,0.0018,-0.0035,-0.0290,0.0127,-0.0475,-3.9607,-1.1428,8.8526,0.0001,0.0000,-0.0000,1.0000,-0.0990,-0.0286,0.2213
1124,Right,2,0.1484,-0.1630,-0.8901,-0.3990,0.0099,0.0019,0.0067,-0.0258,0.0382,-0.0795,-3.7947,1.6684,8.8065,0.0001,0.0000,0.0001,1.0000,-0.0949,0.0417,0.2202
1124,Pelvis,2,0.5261,-0.4530,0.5998,0.3979,-0.0008,-0.0076,0.0060,-0.0081,-0.0000,-0.0020,9.7287,-1.2163,0.3524,-0.0000,-0.0001,0.0001,1.0000,0.2432,-0.0304,0.0088
1125,Left,2,0.2155,0.0303,-0.9667,-0.1343,0.0068,0.0012,-0.0035,-0.0173,-0.0033,-0.0332,-3.9813,-1.1320,8.8604,0.0001,0.0000,-0.0000,1.0000,-0.0995,-0.0283,0.2215
1125,Right,2,0.1484,-0.1629,-0.8901,-0.3989,0.0098,0.0005,0.0056,-0.0148,0.0186,-0.0810,-3.8140,1.6716,8.7958,0.0001,0.0000,0.0001,1.0000,-0.0954,0.0418,0.2199
1125,Pelvis,2,0.5261,-0.4531,0.5997,0.3978,0.0003,-0.0083,0.0047,0.0171,-0.0182,-0.0157,9.7117,-1.2352,0.3739,0.0000,-0.0001,0.0001,1.0000,0.2428,-0.0309,0.0094
1126,Left,2,0.2154,0.0304,-0.9668,-0.1342,0.0043,0.0018,-0.0023,-0.0193,0.0083,-0.0440,-3.9709,-1.1411,8.8519,0.0001,0.0000,-0.0000,1.0000,-0.0993,-0.0285,0.2213
1126,Right,2,0.1484,-0.1629,-0.8901,-0.3989,0.0098,-0.0001,0.0056,-0.0140,0.0135,-0.0900,-3.8137,1.6724,8.7857,0.0001,-0.0000,0.0001,1.0000,-0.0953,0.0418,0.2196
1126,Pelvis,2,0.5261,-0.4533,0.5996,0.3977,-0.0032,-0.0119,0.0063,0.0130,-0.0164,0.0035,9.7310,-1.2363,0.3693,-0.0000,-0.0001,0.0001,1.0000,0.2433,-0.0309,0.0093
1127,Left,2,0.2154,0.0304,-0.9668,-0.1341,0.0062,0.0012,-0.0041,-0.0232,0.0285,-0.0443,-3.9608,-1.1594,8.8538,0.0001,0.0000,-0.0001,1.0000,-0.0990,-0.0290,0.2213
1127,Right,2,0.1484,-0.1628,-0.8902,-0.3988,0.0092,0.0006,0.0062,-0.0029,0.0098,-0.0857,-3.8245,1.6668,8.7869,0.0001,0.0000,0.0001,1.0000,-0.0956,0.0416,0.2197
1127,Pelvis,2,0.5261,-0.4535,0.5996,0.3977,-0.0033,-0.0083,0.0055,0.0225,-0.0151,0.0050,9.7312,-1.2474,0.3678,-0.0000,-0.0001,0.0001,1.0000,0.2433,-0.0312,0.0092
1128,Left,2,0.2154,0.0304,-0.9668,-0.1341,0.0062,-0.0006,-0.0022,-0.0186,0.0062,-0.0440,-3.9711,-1.1392,8.8521,0.0001,-0.0000,-0.0000,1.0000,-0.0993,-0.0285,0.2213
1128,Right,2,0.1483,-0.1628,-0.8902,-0.3988,0.0115,-0.0011,0.0088,-0.0078,0.0101,-0.0767,-3.8242,1.6717,8.7960,0.0001,-0.0000,0.0001,1.0000,-0.0956,0.0417,0.2199
1128,Pelvis,2,0.5260,-0.4537,0.5995,0.3977,-0.0039,-0.0071,0.0061,-0.0102,-0.0183,0.0196,9.7497,-1.2195,0.3606,-0.0000,-0.0001,0.0001,1.0000,0.2437,-0.0305,0.0090
1129,Left,2,0.2153,0.0304,-0.9668,-0.1340,0.0069,-0.0018,-0.0034,-0.0200,0.0138,-0.0335,-3.9712,-1.1472,8.8627,0.0001,-0.0000,-0.0000,1.0000,-0.0993,-0.0287,0.2216
1129,Right,2,0.1483,-0.1628,-0.8902,-0.3989,0.0103,-0.0005,0.0075,-0.0207,0.0224,-0.0842,-3.8043,1.6724,8.7963,0.0001,-0.0000,0.0001,1.0000,-0.0951,0.0418,0.2199
1129,Pelvis,2,0.5257,-0.4540,0.5993,0.3979,-0.0087,-0.0046,0.0080,-0.0146,0.0277,-0.0056,9.7251,-1.2267,0.3128,-0.0001,-0.0001,0.0001,1.0000,0.2431,-0.0306,0.0078
1130,Left,2,0.2152,0.0304,-0.9668,-0.1341,0.0069,-0.0012,-0.0040,-0.0152,0.0134,-0.0425,-3.9700,-1.1466,8.8533,0.0001,-0.0000,-0.0000,1.0000,-0.0993,-0.0287,0.2213
1130,Right,2,0.1482,-0.1628,-0.8902,-0.3989,0.0121,-0.0017,0.0095,-0.0098,0.0187,-0.0799,-3.8146,1.6674,8.7975,0.0002,-0.0000,0.0001,1.0000,-0.0954,0.0416,0.2199
1130,Pelvis,2,0.5257,-0.4541,0.5993,0.3978,-0.0100,0.0009,0.0072,0.0058,0.0037,0.0202,9.7478,-1.2447,0.3410,-0.0001,0.0000,0.0001,1.0000,0.2437,-0.0311,0.0085
1131,Left,2,0.2152,0.0304,-0.9669,-0.1341,0.0057,-0.0013,-0.0040,-0.0098,-0.0090,-0.0422,-3.9800,-1.1264,8.8518,0.0001,-0.0000,-0.0001,1.0000,-0.0995,-0.0282,0.2213
1131,Right,2,0.1482,-0.1629,-0.8902,-0.3989,0.0153,0.0007,0.0111,-0.0095,0.0275,-0.0613,-3.8155,1.6657,8.8180,0.0002,0.0000,0.0001,1.0000,-0.0954,0.0416,0.2205
1131,Pelvis,2,0.5256,-0.4541,0.5994,0.3978,-0.0106,0.0120,0.0097,-0.0110,0.0566,0.0715,9.8007,-1.2513,0.2878,-0.0001,0.0002,0.0001,1.0000,0.2450,-0.0313,0.0072
1132,Left,2,0.2151,0.0304,-0.9669,-0.1341,0.0044,-0.0007,-0.0041,-0.0312,0.0120,-0.0278,-3.9610,-1.1434,8.8740,0.0001,-0.0000,-0.0001,1.0000,-0.0990,-0.0286,0.2218
1132,Right,2,0.1481,-0.1629,-0.8902,-0.3988,0.0153,0.0000,0.0100,-0.0274,0.0332,-0.1001,-3.7846,1.6702,8.7877,0.0002,0.0000,0.0001,1.0000,-0.0946,0.0417,0.2197
1132,Pelvis,2,0.5253,-0.4541,0.5995,0.3980,-0.0170,0.0266,0.0075,-0.0660,0.0627,0.0314,9.7677,-1.1977,0.2698,-0.0002,0.0003,0.0001,1.0000,0.2442,-0.0299,0.0067
1133,Left,2,0.2151,0.0304,-0.9668,-0.1342,0.0056,0.0012,-0.0035,-0.0414,0.0037,-0.0328,-3.9515,-1.1326,8.8742,0.0001,0.0000,-0.0000,1.0000,-0.0988,-0.0283,0.2219
1133,Right,2,0.1481,-0.1630,-0.8902,-0.3988,0.0167,0.0035,0.0084,-0.0191,0.0321,-0.0868,-3.7956,1.6683,8.7980,0.0002,0.0000,0.0001,1.0000,-0.0949,0.0417,0.2200
1133,Pelvis,2,0.5250,-0.4542,0.5996,0.3982,-0.0255,0.0272,0.0091,-0.0646,0.0548,-0.0275,9.7088,-1.1909,0.2808,-0.0003,0.0003,0.0001,1.0000,0.2427,-0.0297,0.0069
1134,Left,2,0.2151,0.0304,-0.9669,-0.1341,0.0049,0.0037,-0.0030,-0.0083,0.0191,-0.0500,-3.9687,-1.1536,8.8448,0.0001,0.0000,-0.0000,1.0000,-0.0992,-0.0289,0.2211
1134,Right,2,0.1481,-0.1630,-0.8902,-0.3988,0.0131,0.0042,0.0071,-0.0342,0.0291,-0.0693,-3.7950,1.6856,8.8143,0.0002,0.0001,0.0001,1.0000,-0.0949,0.0421,0.2204
1134,Pelvis,2,0.5245,-0.4546,0.5994,0.3987,-0.0292,0.0196,0.0060,0.0087,0.0279,-0.0122,9.7140,-1.2568,0.3314,-0.0004,0.0002,0.0001,1.0000,0.2429,-0.0314,0.0082
1135,Left,2,0.2151,0.0304,-0.9669,-0.1342,0.0056,0.0030,-0.0048,-0.0292,0.0219,-0.0477,-3.9506,-1.1516,8.8557,0.0001,0.0000,-0.0001,1.0000,-0.0988,-0.0288,0.2214
1135,Right,2,0.1481,-0.1631,-0.8902,-0.3988,0.0150,0.0044,0.0040,-0.0207,0.0386,-0.0682,-3.7982,1.6702,8.8171,0.0002,0.0001,0.0001,1.0000,-0.0949,0.0417,0.2204
1135,Pelvis,2,0.5243,-0.4546,0.5994,0.3988,-0.0250,0.0160,0.0054,0.0287,0.0393,-0.0200,9.7034,-1.2790,0.3282,-0.0003,0.0002,0.0001,1.0000,0.2426,-0.0320,0.0082
1136,Left,2,0.2151,0.0304,-0.9668,-0.1343,0.0055,0.0025,-0.0017,-0.0310,0.0112,-0.0493,-3.9514,-1.1409,8.8550,0.0001,0.0000,-0.0000,1.0000,-0.0988,-0.0285,0.2214
1136,Right,2,0.1481,-0.1631,-0.8902,-0.3988,0.0118,0.0035,0.0059,-0.0277,0.0138,-0.1054,-3.7960,1.6849,8.7740,0.0001,0.0000,0.0001,1.0000,-0.0949,0.0421,0.2194
1136,Pelvis,2,0.5241,-0.4548,0.5994,0.3990,-0.0232,0.0159,0.0040,0.0325,0.0616,-0.0018,9.7208,-1.2918,0.3109,-0.0003,0.0002,0.0001,1.0000,0.2430,-0.0323,0.0077
1137,Left,2,0.2150,0.0304,-0.9669,-0.1343,0.0061,0.0019,-0.0017,-0.0262,0.0156,-0.0263,-3.9627,-1.1487,8.8743,0.0001,0.0000,-0.0000,1.0000,-0.0991,-0.0287,0.2219
1137,Right,2,0.1482,-0.1631,-0.8902,-0.3988,0.0120,0.0052,0.0045,-0.0245,0.0200,-0.0958,-3.7981,1.6805,8.7846,0.0001,0.0001,0.0001,1.0000,-0.0949,0.0420,0.2196
1137,Pelvis,2,0.5236,-0.4551,0.5993,0.3995,-0.0225,0.0154,0.0059,-0.0109,0.0666,0.0102,9.7380,-1.2551,0.2984,-0.0003,0.0002,0.0001,1.0000,0.2435,-0.0314,0.0074
1138,Left,2,0.2150,0.0304,-0.9669,-0.1341,0.0056,0.0012,-0.0023,-0.0299,0.0178,-0.0387,-3.9525,-1.1479,8.8653,0.0001,0.0000,-0.0000,1.0000,-0.0988,-0.0287,0.2216
1138,Right,2,0.1482,-0.1631,-0.8902,-0.3987,0.0126,0.0051,0.0039,-0.0186,0.0236,-0.0952,-3.8003,1.6741,8.7855,0.0002,0.0001,0.0000,1.0000,-0.0950,0.0418,0.2197
1138,Pelvis,2,0.5233,-0.4554,0.5991,0.3998,-0.0279,0.0111,0.0070,-0.0449,0.0665,-0.0257,9.7067,-1.2193,0.2902,-0.0003,0.0001,0.0001,1.0000,0.2427,-0.0305,0.0072
1139,Left,2,0.2149,0.0304,-0.9669,-0.1341,0.0055,0.0025,-0.0017,-0.0225,0.0048,-0.0368,-3.9629,-1.1374,8.8639,0.0001,0.0000,-0.0000,1.0000,-0.0991,-0.0284,0.2216
1139,Right,2,0.1482,-0.1631,-0.8902,-0.3987,0.0138,0.0056,0.0039,-0.0079,0.0357,-0.0850,-3.8040,1.6603,8.7978,0.0002,0.0001,0.0000,1.0000,-0.0951,0.0415,0.2200
1139,Pelvis,2,0.5230,-0.4557,0.5990,0.4001,-0.0310,0.0104,0.0053,-0.0052,0.0720,-0.0293,9.6976,-1.2600,0.2968,-0.0004,0.0001,0.0001,1.0000,0.2424,-0.0315,0.0074
1140,Left,2,0.2149,0.0304,-0.9669,-0.1341,0.0055,0.0025,0.0001,0.0003,0.0131,-0.0590,-3.9708,-1.1481,8.8346,0.0001,0.0000,0.0000,1.0000,-0.0993,-0.0287,0.2209
1140,Right,2,0.1483,-0.1632,-0.8902,-0.3987,0.0118,0.0034,0.0047,-0.0148,0.0069,-0.0788,-3.8216,1.6850,8.7924,0.0001,0.0000,0.0001,1.0000,-0.0955,0.0421,0.2198
1140,Pelvis,2,0.5227,-0.4560,0.5988,0.4004,-0.0300,0.0084,0.0011,-0.0159,0.0710,-0.0212,9.7069,-1.2512,0.2962,-0.0004,0.0001,0.0000,1.0000,0.2427,-0.0313,0.0074
1141,Left,2,0.2149,0.0304,-0.9669,-0.1341,0.0055,0.0037,-0.0024,-0.0189,0.0120,-0.0353,-3.9638,-1.1449,8.8643,0.0001,0.0000,-0.0000,1.0000,-0.0991,-0.0286,0.2216
1141,Right,2,0.1483,-0.1631,-0.8901,-0.3988,0.0105,0.0021,0.0036,-0.0145,0.0198,-0.1036,-3.8038,1.6720,8.7751,0.0001,0.0000,0.0000,1.0000,-0.0951,0.0418,0.2194
1141,Pelvis,2,0.5225,-0.4563,0.5985,0.4007,-0.0299,0.0017,0.0027,0.0078,0.0632,-0.0266,9.6986,-1.2705,0.3090,-0.0004,0.0000,0.0000,1.0000,0.2425,-0.0318,0.0077
1142,Left,2,0.2149,0.0304,-0.9669,-0.1341,0.0061,0.0049,-0.0030,-0.0274,-0.0002,-0.0188,-3.9664,-1.1330,8.8829,0.0001,0.0001,-0.0000,1.0000,-0.0991,-0.0283,0.2221
1142,Right,2,0.1483,-0.1631,-0.8901,-0.3988,0.0092,0.0003,0.0025,-0.0323,0.0215,-0.0989,-3.7931,1.6847,8.7825,0.0001,0.0000,0.0000,1.0000,-0.0948,0.0421,0.2196
1142,Pelvis,2,0.5225,-0.4565,0.5984,0.4008,-0.0298,-0.0020,0.0028,-0.0119,0.0603,-0.0200,9.7077,-1.2518,0.3052,-0.0004,-0.0000,0.0000,1.0000,0.2427,-0.0313,0.0076
1143,Left,2,0.2149,0.0304,-0.9669,-0.1341,0.0073,0.0038,-0.0005,-0.0206,0.0089,-0.0262,-3.9663,-1.1420,8.8735,0.0001,0.0000,-0.0000,1.0000,-0.0991,-0.0286,0.2218
1143,Right,2,0.1483,-0.1631,-0.8902,-0.3988,0.0099,0.0024,0.0054,-0.0161,0.0263,-0.0850,-3.8055,1.6713,8.7951,0.0001,0.0000,0.0001,1.0000,-0.0951,0.0417,0.2199
1143,Pelvis,2,0.5222,-0.4569,0.5980,0.4011,-0.0322,-0.0062,0.0038,0.0014,0.0426,-0.0161,9.7099,-1.2606,0.3235,-0.0004,-0.0001,0.0000,1.0000,0.2427,-0.0315,0.0081
1144,Left,2,0.2149,0.0304,-0.9669,-0.1341,0.0067,0.0025,-0.0017,-0.0132,0.0092,-0.0443,-3.9655,-1.1417,8.8540,0.0001,0.0000,-0.0000,1.0000,-0.0991,-0.0286,0.2214
1144,Right,2,0.1483,-0.1631,-0.8901,-0.3989,0.0099,0.0009,0.0031,-0.0077,0.0114,-0.0993,-3.8152,1.6713,8.7750,0.0001,0.0000,0.0000,1.0000,-0.0954,0.0418,0.2194
1144,Pelvis,2,0.5222,-0.4571,0.5978,0.4012,-0.0310,-0.0069,0.0031,0.0104,0.0532,-0.0158,9.7090,-1.2724,0.3122,-0.0004,-0.0001,0.0000,1.0000,0.2427,-0.0318,0.0078
1145,Left,2,0.2149,0.0303,-0.9669,-0.1341,0.0080,0.0019,-0.0028,-0.0245,0.0011,-0.0492,-3.9565,-1.1302,8.8540,0.0001,0.0000,-0.0000,1.0000,-0.0989,-0.0283,0.2214
1145,Right,2,0.1483,-0.1630,-0.8901,-0.3990,0.0092,0.0011,0.0043,-0.0157,0.0301,-0.0754,-3.8071,1.6688,8.8055,0.0001,0.0000,0.0001,1.0000,-0.0952,0.0417,0.2201
1145,Pelvis,2,0.5221,-0.4574,0.5975,0.4014,-0.0298,-0.0068,0.0031,0.0371,0.0595,0.0078,9.7291,-1.3023,0.3103,-0.0004,-0.0001,0.0000,1.0000,0.2432,-0.0325,0.0078
1146,Left,2,0.2148,0.0303,-0.9669,-0.1340,0.0074,0.0007,-0.0010,-0.0379,0.0102,-0.0330,-3.9481,-1.1369,8.8749,0.0001,0.0000,-0.0000,1.0000,-0.0987,-0.0284,0.2219
1146,Right,2,0.1483,-0.1630,-0.8901,-0.3989,0.0093,0.0017,0.0048,-0.0226,0.0192,-0.0850,-3.8058,1.6788,8.7935,0.0001,0.0000,0.0001,1.0000,-0.0951,0.0419,0.2198
1146,Pelvis,2,0.5218,-0.4579,0.5972,0.4018,-0.0260,-0.0043,0.0046,0.0384,0.0415,0.0198,9.7407,-1.3015,0.3264,-0.0003,-0.0001,0.0001,1.0000,0.2435,-0.0325,0.0082
1147,Left,2,0.2148,0.0303,-0.9669,-0.1340,0.0067,0.0031,-0.0017,-0.0251,-0.0057,-0.0188,-3.9690,-1.1259,8.8826,0.0001,0.0000,-0.0000,1.0000,-0.0992,-0.0282,0.2221
1147,Right,2,0.1483,-0.1630,-0.8901,-0.3989,0.0106,0.0034,0.0041,-0.0193,0.0096,-0.0813,-3.8159,1.6827,8.7925,0.0001,0.0000,0.0001,1.0000,-0.0954,0.0420,0.2198
1147,Pelvis,2,0.5214,-0.4584,0.5968,0.4023,-0.0230,-0.0037,0.0044,0.0471,0.0441,0.0309,9.7505,-1.3123,0.3245,-0.0003,-0.0000,0.0001,1.0000,0.2438,-0.0328,0.0081
1148,Left,2,0.2148,0.0303,-0.9670,-0.1339,0.0073,0.0032,-0.0004,-0.0282,0.0191,-0.0495,-3.9475,-1.1450,8.8560,0.0001,0.0000,-0.0000,1.0000,-0.0987,-0.0286,0.2214
1148,Right,2,0.1483,-0.1630,-0.8901,-0.3989,0.0107,0.0046,0.0033,-0.0217,0.0231,-0.0754,-3.8083,1.6766,8.8035,0.0001,0.0001,0.0000,1.0000,-0.0952,0.0419,0.2201
1148,Pelvis,2,0.5211,-0.4588,0.5965,0.4027,-0.0182,-0.0019,0.0029,0.0315,0.0571,-0.0033,9.7188,-1.2962,0.3050,-0.0002,-0.0000,0.0000,1.0000,0.2430,-0.0324,0.0076
1149,Left,2,0.2148,0.0303,-0.9670,-0.1338,0.0067,0.0025,-0.0011,-0.0165,0.0119,-0.0247,-3.9690,-1.1430,8.8739,0.0001,0.0000,-0.0000,1.0000,-0.0992,-0.0286,0.2218
1149,Right,2,0.1484,-0.1630,-0.8901,-0.3989,0.0083,0.0048,0.0045,-0.0158,0.0287,-0.0965,-3.8006,1.6645,8.7858,0.0001,0.0001,0.0001,1.0000,-0.0950,0.0416,0.2197
1149,Pelvis,2,0.5210,-0.4590,0.5963,0.4028,-0.0157,-0.0036,0.0040,0.0161,0.0257,0.0070,9.7310,-1.2748,0.3300,-0.0002,-0.0000,0.0001,1.0000,0.2433,-0.0319,0.0083
1150,Left,2,0.2148,0.0303,-0.9670,-0.1337,0.0066,0.0056,0.0001,-0.0297,0.0162,-0.0404,-3.9497,-1.1415,8.8654,0.0001,0.0001,0.0000,1.0000,-0.0987,-0.0286,0.2216
1150,Right,2,0.1484,-0.1630,-0.8901,-0.3989,0.0113,0.0046,0.0040,-0.0230,0.0158,-0.0844,-3.8099,1.6797,8.7922,0.0001,0.0001,0.0000,1.0000,-0.0952,0.0420,0.2198
1150,Pelvis,2,0.5210,-0.4592,0.5961,0.4029,-0.0138,-0.0079,0.0035,0.0145,0.0023,-0.0113,9.7133,-1.2645,0.3486,-0.0002,-0.0001,0.0000,1.0000,0.2428,-0.0316,0.0087
1151,Left,2,0.2148,0.0303,-0.9670,-0.1336,0.0073,0.0026,-0.0004,-0.0190,0.0090,-0.0156,-3.9715,-1.1395,8.8832,0.0001,0.0000,-0.0000,1.0000,-0.0993,-0.0285,0.2221
1151,Right,2,0.1484,-0.1630,-0.8901,-0.3989,0.0100,0.0033,0.0028,-0.0093,0.0094,-0.0891,-3.8215,1.6721,8.7834,0.0001,0.0000,0.0000,1.0000,-0.0955,0.0418,0.2196
1151,Pelvis,2,0.5210,-0.4594,0.5959,0.4030,-0.0127,-0.0086,0.0023,0.0292,0.0347,-0.0023,9.7204,-1.2874,0.3180,-0.0002,-0.0001,0.0000,1.0000,0.2430,-0.0322,0.0080
1152,Left,2,0.2148,0.0302,-0.9670,-0.1335,0.0073,0.0026,0.0002,-0.0353,0.0039,-0.0330,-3.9521,-1.1280,8.8742,0.0001,0.0000,0.0000,1.0000,-0.0988,-0.0282,0.2219
1152,Right,2,0.1485,-0.1629,-0.8901,-0.3989,0.0100,0.0029,0.0047,-0.0272,0.0111,-0.0844,-3.8112,1.6849,8.7907,0.0001,0.0000,0.0001,1.0000,-0.0953,0.0421,0.2198
1152,Pelvis,2,0.5210,-0.4596,0.5957,0.4031,-0.0120,-0.0055,0.0033,0.0177,0.0345,0.0153,9.7396,-1.2782,0.3129,-0.0002,-0.0001,0.0000,1.0000,0.2435,-0.0319,0.0078
1153,Left,2,0.2148,0.0303,-0.9670,-0.1334,0.0067,0.0025,-0.0017,-0.0180,0.0202,-0.0355,-3.9611,-1.1470,8.8650,0.0001,0.0000,-0.0000,1.0000,-0.0990,-0.0287,0.2216
1153,Right,2,0.1485,-0.1629,-0.8901,-0.3989,0.0099,0.0016,0.0042,-0.0190,0.0279,-0.0869,-3.8043,1.6673,8.7943,0.0001,0.0000,0.0001,1.0000,-0.0951,0.0417,0.2199
1153,Pelvis,2,0.5209,-0.4598,0.5955,0.4033,-0.0102,-0.0049,0.0026,0.0208,0.0418,-0.0050,9.7191,-1.2802,0.3037,-0.0001,-0.0001,0.0000,1.0000,0.2430,-0.0320,0.0076
1154,Left,2,0.2147,0.0302,-0.9671,-0.1334,0.0067,0.0025,-0.0004,-0.0173,0.0191,-0.0355,-3.9616,-1.1456,8.8650,0.0001,0.0000,-0.0000,1.0000,-0.0990,-0.0287,0.2216
1154,Right,2,0.1485,-0.1629,-0.8901,-0.3989,0.0099,0.0022,0.0042,-0.0184,0.0208,-0.0742,-3.8144,1.6731,8.8029,0.0001,0.0000,0.0001,1.0000,-0.0954,0.0418,0.2201
1154,Pelvis,2,0.5208,-0.4600,0.5952,0.4035,-0.0036,-0.0049,0.0004,0.0549,0.0262,-0.0078,9.7120,-1.3081,0.3253,-0.0000,-0.0001,0.0000,1.0000,0.2428,-0.0327,0.0081
1155,Left,2,0.2147,0.0302,-0.9671,-0.1333,0.0079,0.0020,-0.0004,-0.0294,0.0014,-0.0420,-3.9530,-1.1242,8.8644,0.0001,0.0000,-0.0000,1.0000,-0.0988,-0.0281,0.2216
1155,Right,2,0.1485,-0.1629,-0.8901,-0.3989,0.0105,0.0017,0.0049,-0.0284,0.0305,-0.0906,-3.7952,1.6714,8.7934,0.0001,0.0000,0.0001,1.0000,-0.0949,0.0417,0.2198
1155,Pelvis,2,0.5207,-0.4602,0.5951,0.4037,0.0007,-0.0030,0.0007,0.0432,0.0264,0.0099,9.7312,-1.2983,0.3214,0.0000,-0.0000,0.0000,1.0000,0.2433,-0.0325,0.0080
1156,Left,2,0.2147,0.0302,-0.9671,-0.1333,0.0085,0.0044,-0.0017,-0.0253,0.0011,-0.0510,-3.9529,-1.1231,8.8546,0.0001,0.0001,-0.0000,1.0000,-0.0988,-0.0281,0.2214
1156,Right,2,0.1485,-0.1629,-0.8901,-0.3989,0.0100,0.0028,0.0035,-0.0255,0.0367,-0.0810,-3.7968,1.6665,8.8043,0.0001,0.0000,0.0000,1.0000,-0.0949,0.0416,0.2201
1156,Pelvis,2,0.5207,-0.4602,0.5951,0.4037,0.0048,-0.0007,-0.0021,0.0542,0.0181,0.0126,9.7325,-1.3069,0.3316,0.0001,-0.0000,-0.0000,1.0000,0.2433,-0.0327,0.0083
1157,Left,2,0.2147,0.0302,-0.9671,-0.1332,0.0073,0.0032,-0.0004,-0.0143,0.0071,-0.0461,-3.9632,-1.1315,8.8544,0.0001,0.0000,-0.0000,1.0000,-0.0991,-0.0283,0.2214
1157,Right,2,0.1485,-0.1629,-0.8901,-0.3990,0.0106,0.0035,0.0047,-0.0144,0.0171,-0.0825,-3.8166,1.6696,8.7933,0.0001,0.0000,0.0001,1.0000,-0.0954,0.0417,0.2198
1157,Pelvis,2,0.5207,-0.4602,0.5950,0.4037,0.0075,0.0014,0.0026,0.0261,0.0131,0.0082,9.7318,-1.2777,0.3292,0.0001,0.0000,0.0000,1.0000,0.2433,-0.0319,0.0082
1158,Left,2,0.2147,0.0302,-0.9671,-0.1331,0.0055,0.0031,-0.0011,-0.0365,0.0052,-0.0133,-3.9570,-1.1274,8.8938,0.0001,0.0000,-0.0000,1.0000,-0.0989,-0.0282,0.2223
1158,Right,2,0.1486,-0.1629,-0.8901,-0.3990,0.0094,0.0042,0.0046,-0.0294,0.0162,-0.0869,-3.8063,1.6805,8.7909,0.0001,0.0001,0.0001,1.0000,-0.0951,0.0420,0.2198
1159,Left,2,0.2147,0.0301,-0.9671,-0.1332,0.0061,0.0037,-0.0017,-0.0255,0.0063,-0.0404,-3.9556,-1.1281,8.8645,0.0001,0.0000,-0.0000,1.0000,-0.0989,-0.0282,0.2216
1159,Right,2,0.1486,-0.1629,-0.8901,-0.3990,0.0121,0.0064,0.0044,-0.0132,0.0231,-0.0946,-3.8097,1.6624,8.7843,0.0002,0.0001,0.0001,1.0000,-0.0952,0.0415,0.2196
1159,Pelvis,2,0.5206,-0.4602,0.5950,0.4038,0.0095,0.0026,0.0012,0.0272,0.0128,0.0082,9.7317,-1.2783,0.3304,0.0002,0.0001,0.0000,1.0000,0.4866,-0.0639,0.0165
1160,Left,2,0.2148,0.0301,-0.9671,-0.1332,0.0054,0.0056,-0.0006,-0.0286,0.0140,-0.0298,-3.9570,-1.1360,8.8745,0.0001,0.0001,-0.0000,1.0000,-0.0989,-0.0284,0.2219
1160,Right,2,0.1487,-0.1629,-0.8900,-0.3991,0.0134,0.0083,0.0055,-0.0210,0.0101,-0.0825,-3.8197,1.6783,8.7903,0.0002,0.0001,0.0001,1.0000,-0.0955,0.0419,0.2198
1160,Pelvis,2,0.5206,-0.4601,0.5951,0.4039,0.0134,0.0093,0.0007,0.0001,0.0232,0.0519,9.7788,-1.2594,0.3162,0.0002,0.0001,0.0000,1.0000,0.2445,-0.0315,0.0079
1161,Left,2,0.2149,0.0301,-0.9670,-0.1333,0.0055,0.0061,-0.0037,-0.0291,0.0128,-0.0298,-3.9582,-1.1350,8.8741,0.0001,0.0001,-0.0000,1.0000,-0.0989,-0.0284,0.2219
1161,Right,2,0.1487,-0.1630,-0.8899,-0.3991,0.0127,0.0070,0.0043,-0.0231,0.0279,-0.1201,-3.7931,1.6625,8.7634,0.0002,0.0001,0.0001,1.0000,-0.0948,0.0415,0.2191
1161,Pelvis,2,0.5205,-0.4601,0.5951,0.4040,0.0086,0.0112,0.0021,-0.0171,0.0297,-0.0316,9.6983,-1.2333,0.3050,0.0001,0.0001,0.0000,1.0000,0.2425,-0.0308,0.0076
1162,Left,2,0.2149,0.0301,-0.9670,-0.1333,0.0061,0.0049,-0.0018,-0.0147,0.0196,-0.0339,-3.9681,-1.1447,8.8640,0.0001,0.0001,-0.0000,1.0000,-0.0992,-0.0286,0.2216
1162,Right,2,0.1488,-0.1630,-0.8899,-0.3992,0.0101,0.0041,0.0046,-0.0124,0.0040,-0.0782,-3.8331,1.6764,8.7896,0.0001,0.0001,0.0001,1.0000,-0.0958,0.0419,0.2198
1162,Pelvis,2,0.5205,-0.4601,0.5951,0.4040,0.0086,0.0007,0.0007,0.0243,-0.0083,-0.0607,9.6640,-1.2595,0.3522,0.0001,0.0000,0.0000,1.0000,0.2416,-0.0315,0.0088
1163,Left,2,0.2149,0.0301,-0.9670,-0.1333,0.0067,0.0037,-0.0011,-0.0194,0.0083,-0.0264,-3.9700,-1.1331,8.8728,0.0001,0.0000,-0.0000,1.0000,-0.0992,-0.0283,0.2218
1163,Right,2,0.1488,-0.1630,-0.8899,-0.3992,0.0094,0.0029,0.0041,-0.0170,0.0064,-0.0909,-3.8239,1.6757,8.7797,0.0001,0.0000,0.0001,1.0000,-0.0956,0.0419,0.2195
1163,Pelvis,2,0.5206,-0.4601,0.5950,0.4041,0.0133,-0.0025,-0.0036,0.0589,0.0090,-0.0368,9.6833,-1.2986,0.3443,0.0002,-0.0000,-0.0000,1.0000,0.2421,-0.0325,0.0086
1164,Left,2,0.2149,0.0301,-0.9670,-0.1333,0.0074,0.0043,-0.0035,-0.0256,0.0189,-0.0282,-3.9608,-1.1411,8.8739,0.0001,0.0001,-0.0000,1.0000,-0.0990,-0.0285,0.2219
1164,Right,2,0.1488,-0.1629,-0.8899,-0.3992,0.0085,-0.0006,0.0051,-0.0035,0.0159,-0.0896,-3.8266,1.6591,8.7832,0.0001,-0.0000,0.0001,1.0000,-0.0957,0.0414,0.2196
1164,Pelvis,2,0.5208,-0.4600,0.5949,0.4040,0.0147,-0.0079,-0.0010,0.0396,0.0309,0.0072,9.7298,-1.2895,0.3182,0.0002,-0.0001,-0.0000,1.0000,0.2432,-0.0322,0.0080
1165,Left,2,0.2149,0.0301,-0.9670,-0.1332,0.0061,0.0044,-0.0005,-0.0147,0.0068,-0.0355,-3.9710,-1.1311,8.8626,0.0001,0.0001,-0.0000,1.0000,-0.0993,-0.0283,0.2216
1165,Right,2,0.1488,-0.1629,-0.8900,-0.3991,0.0100,0.0030,0.0053,-0.0108,0.0029,-0.0775,-3.8351,1.6744,8.7899,0.0001,0.0000,0.0001,1.0000,-0.0959,0.0418,0.2198
1165,Pelvis,2,0.5209,-0.4600,0.5949,0.4040,0.0159,-0.0073,-0.0023,0.0429,0.0119,0.0192,9.7416,-1.2870,0.3351,0.0002,-0.0001,-0.0000,1.0000,0.2435,-0.0322,0.0084
1166,Left,2,0.2149,0.0301,-0.9670,-0.1332,0.0062,0.0012,-0.0029,-0.0271,0.0072,-0.0298,-3.9626,-1.1289,8.8730,0.0001,0.0000,-0.0000,1.0000,-0.0991,-0.0282,0.2218
1166,Right,2,0.1488,-0.1629,-0.8899,-0.3992,0.0104,0.0004,0.0050,-0.0106,0.0138,-0.0806,-3.8269,1.6664,8.7916,0.0001,0.0000,0.0001,1.0000,-0.0957,0.0416,0.2198
1166,Pelvis,2,0.5209,-0.4600,0.5948,0.4040,0.0154,-0.0053,0.0007,0.0386,0.0074,-0.0110,9.7123,-1.2773,0.3362,0.0002,-0.0001,0.0000,1.0000,0.2428,-0.0319,0.0084
1167,Left,2,0.2149,0.0301,-0.9670,-0.1332,0.0055,0.0007,-0.0010,-0.0222,0.0164,-0.0372,-3.9617,-1.1382,8.8640,0.0001,0.0000,-0.0000,1.0000,-0.0990,-0.0285,0.2216
1167,Right,2,0.1488,-0.1629,-0.8899,-0.3993,0.0093,0.0017,0.0049,-0.0233,0.0103,-0.0940,-3.8158,1.6753,8.7799,0.0001,0.0000,0.0001,1.0000,-0.0954,0.0419,0.2195
1167,Pelvis,2,0.5211,-0.4600,0.5947,0.4039,0.0190,-0.0121,-0.0004,0.0448,-0.0048,-0.0290,9.6940,-1.2765,0.3463,0.0002,-0.0002,-0.0000,1.0000,0.2423,-0.0319,0.0087
1168,Left,2,0.2149,0.0301,-0.9670,-0.1332,0.0074,0.0007,-0.0022,-0.0096,0.0138,-0.0429,-3.9708,-1.1379,8.8537,0.0001,0.0000,-0.0000,1.0000,-0.0993,-0.0285,0.2213
1168,Right,2,0.1488,-0.1629,-0.8899,-0.3993,0.0110,0.0001,0.0075,-0.0284,0.0264,-0.0790,-3.8076,1.6714,8.8009,0.0001,0.0000,0.0001,1.0000,-0.0952,0.0417,0.2200
1168,Pelvis,2,0.5213,-0.4599,0.5947,0.4038,0.0209,-0.0114,0.0001,0.0578,0.0198,0.0003,9.7217,-1.2972,0.3236,0.0003,-0.0001,0.0000,1.0000,0.2430,-0.0324,0.0081
1169,Left,2,0.2149,0.0300,-0.9671,-0.1332,0.0068,0.0013,-0.0016,-0.0146,0.0024,-0.0355,-3.9720,-1.1261,8.8628,0.0001,0.0000,-0.0000,1.0000,-0.0993,-0.0282,0.2216
1169,Right,2,0.1487,-0.1628,-0.8899,-0.3993,0.0104,0.0001,0.0075,-0.0095,0.0127,-0.0799,-3.8278,1.6654,8.7921,0.0001,0.0000,0.0001,1.0000,-0.0957,0.0416,0.2198
1169,Pelvis,2,0.5214,-0.4599,0.5947,0.4036,0.0197,-0.0077,0.0012,0.0271,-0.0014,0.0270,9.7522,-1.2658,0.3354,0.0002,-0.0001,0.0000,1.0000,0.2438,-0.0316,0.0084
1170,Left,2,0.2148,0.0301,-0.9671,-0.1330,0.0050,0.0012,-0.0023,-0.0175,0.0187,-0.0142,-3.9731,-1.1432,8.8836,0.0001,0.0000,-0.0000,1.0000,-0.0993,-0.0286,0.2221
1170,Right,2,0.1487,-0.1628,-0.8899,-0.3992,0.0117,0.0013,0.0080,-0.0168,0.0178,-0.0836,-3.8180,1.6674,8.7920,0.0001,0.0000,0.0001,1.0000,-0.0954,0.0416,0.2198
1170,Pelvis,2,0.5215,-0.4599,0.5946,0.4036,0.0154,-0.0047,0.0007,-0.0099,0.0008,0.0104,9.7407,-1.2281,0.3220,0.0002,-0.0001,0.0000,1.0000,0.2435,-0.0307,0.0081
1171,Left,2,0.2148,0.0301,-0.9671,-0.1330,0.0050,0.0012,-0.0029,-0.0245,0.0113,-0.0282,-3.9631,-1.1329,8.8740,0.0001,0.0000,-0.0000,1.0000,-0.0991,-0.0283,0.2218
1171,Right,2,0.1487,-0.1628,-0.8899,-0.3993,0.0108,-0.0024,0.0078,-0.0190,0.0154,-0.0836,-3.8175,1.6706,8.7916,0.0001,-0.0000,0.0001,1.0000,-0.0954,0.0417,0.2198
1171,Pelvis,2,0.5216,-0.4599,0.5946,0.4037,0.0135,-0.0004,0.0012,0.0238,0.0029,-0.0044,9.7219,-1.2576,0.3267,0.0002,-0.0000,0.0000,1.0000,0.2430,-0.0314,0.0082
1172,Left,2,0.2148,0.0301,-0.9671,-0.1330,0.0050,0.0018,-0.0048,-0.0374,0.0116,-0.0225,-3.9543,-1.1312,8.8844,0.0001,0.0000,-0.0001,1.0000,-0.0989,-0.0283,0.2221
1172,Right,2,0.1486,-0.1628,-0.8899,-0.3993,0.0108,-0.0028,0.0090,-0.0241,0.0157,-0.0746,-3.8167,1.6758,8.8009,0.0001,-0.0000,0.0001,1.0000,-0.0954,0.0419,0.2200
1172,Pelvis,2,0.5216,-0.4599,0.5946,0.4037,0.0104,0.0013,-0.0006,0.0125,0.0375,-0.0298,9.6982,-1.2519,0.2896,0.0001,0.0000,-0.0000,1.0000,0.2425,-0.0313,0.0072
1173,Left,2,0.2148,0.0301,-0.9671,-0.1331,0.0051,-0.0007,-0.0041,-0.0236,0.0223,-0.0480,-3.9518,-1.1422,8.8560,0.0001,-0.0000,-0.0001,1.0000,-0.0988,-0.0286,0.2214
1173,Right,2,0.1486,-0.1628,-0.8900,-0.3992,0.0115,-0.0011,0.0089,-0.0204,0.0082,-0.0926,-3.8157,1.6750,8.7815,0.0001,-0.0000,0.0001,1.0000,-0.0954,0.0418,0.2195
1173,Pelvis,2,0.5215,-0.4599,0.5945,0.4039,0.0084,0.0036,-0.0025,0.0167,0.0427,0.0100,9.7373,-1.2607,0.2874,0.0001,0.0000,-0.0000,1.0000,0.2434,-0.0315,0.0072
1174,Left,2,0.2147,0.0301,-0.9671,-0.1332,0.0063,-0.0000,-0.0040,-0.0178,-0.0001,-0.0478,-3.9620,-1.1222,8.8541,0.0001,-0.0000,-0.0001,1.0000,-0.0991,-0.0281,0.2214
1174,Right,2,0.1486,-0.1628,-0.8900,-0.3992,0.0105,0.0019,0.0073,-0.0302,0.0179,-0.1090,-3.7960,1.6737,8.7722,0.0001,0.0000,0.0001,1.0000,-0.0949,0.0418,0.2193
1174,Pelvis,2,0.5214,-0.4599,0.5945,0.4040,0.0098,0.0038,0.0011,0.0282,0.0431,0.0019,9.7278,-1.2703,0.2905,0.0001,0.0000,0.0000,1.0000,0.2432,-0.0318,0.0072
1175,Left,2,0.2147,0.0301,-0.9671,-0.1333,0.0037,0.0024,-0.0030,-0.0207,0.0113,-0.0586,-3.9514,-1.1315,8.8458,0.0000,0.0000,-0.0000,1.0000,-0.0988,-0.0283,0.2211
1175,Right,2,0.1485,-0.1628,-0.8900,-0.3992,0.0129,0.0007,0.0087,-0.0275,0.0219,-0.0776,-3.8072,1.6749,8.8019,0.0002,0.0000,0.0001,1.0000,-0.0952,0.0418,0.2201
1175,Pelvis,2,0.5214,-0.4599,0.5945,0.4040,0.0084,0.0061,-0.0020,0.0199,0.0318,0.0016,9.7286,-1.2595,0.3007,0.0001,0.0001,-0.0000,1.0000,0.2432,-0.0315,0.0075
1176,Left,2,0.2147,0.0302,-0.9671,-0.1332,0.0031,0.0036,-0.0031,-0.0191,0.0063,-0.0372,-3.9631,-1.1301,8.8643,0.0000,0.0000,-0.0000,1.0000,-0.0991,-0.0283,0.2216
1176,Right,2,0.1485,-0.1628,-0.8900,-0.3992,0.0125,0.0035,0.0059,-0.0216,0.0096,-0.0829,-3.8170,1.6776,8.7912,0.0002,0.0000,0.0001,1.0000,-0.0954,0.0419,0.2198
1176,Pelvis,2,0.5213,-0.4599,0.5945,0.4041,0.0060,0.0055,-0.0012,0.0203,0.0315,0.0016,9.7286,-1.2590,0.3024,0.0001,0.0001,-0.0000,1.0000,0.2432,-0.0315,0.0075
1177,Left,2,0.2148,0.0302,-0.9670,-0.1334,0.0037,0.0049,-0.0019,-0.0262,0.0121,-0.0710,-3.9424,-1.1308,8.8363,0.0000,0.0001,-0.0000,1.0000,-0.0985,-0.0283,0.2209
1177,Right,2,0.1485,-0.1628,-0.8900,-0.3992,0.0130,0.0021,0.0049,-0.0214,0.0205,-0.0859,-3.8090,1.6702,8.7928,0.0002,0.0000,0.0001,1.0000,-0.0952,0.0417,0.2198
1177,Pelvis,2,0.5212,-0.4599,0.5945,0.4042,0.0036,0.0036,-0.0016,0.0124,0.0290,-0.0094,9.7186,-1.2491,0.3037,0.0000,0.0000,-0.0000,1.0000,0.2430,-0.0312,0.0076
1178,Left,2,0.2148,0.0302,-0.9670,-0.1333,0.0043,0.0049,-0.0018,-0.0246,0.0118,-0.0176,-3.9662,-1.1373,8.8837,0.0001,0.0001,-0.0000,1.0000,-0.0991,-0.0284,0.2221
1178,Right,2,0.1486,-0.1629,-0.8900,-0.3992,0.0126,0.0052,0.0045,-0.0154,0.0083,-0.0912,-3.8192,1.6727,8.7820,0.0002,0.0001,0.0001,1.0000,-0.0955,0.0418,0.2196
1178,Pelvis,2,0.5212,-0.4599,0.5944,0.4043,0.0017,0.0029,-0.0027,0.0319,0.0315,-0.0065,9.7191,-1.2680,0.3065,0.0000,0.0000,-0.0000,1.0000,0.2430,-0.0317,0.0077
1179,Left,2,0.2149,0.0302,-0.9670,-0.1333,0.0055,0.0055,-0.0024,-0.0158,0.0037,-0.0462,-3.9654,-1.1287,8.8535,0.0001,0.0001,-0.0000,1.0000,-0.0991,-0.0282,0.2213
1179,Right,2,0.1486,-0.1629,-0.8899,-0.3993,0.0107,0.0049,0.0064,-0.0207,0.0243,-0.0762,-3.8119,1.6691,8.8025,0.0001,0.0001,0.0001,1.0000,-0.0953,0.0417,0.2201
1179,Pelvis,2,0.5212,-0.4599,0.5944,0.4044,0.0029,0.0029,-0.0027,0.0292,0.0418,0.0019,9.7279,-1.2681,0.2966,0.0000,0.0000,-0.0000,1.0000,0.2432,-0.0317,0.0074
1180,Left,2,0.2149,0.0302,-0.9670,-0.1333,0.0055,0.0037,-0.0024,-0.0367,0.0063,-0.0439,-3.9476,-1.1263,8.8644,0.0001,0.0000,-0.0000,1.0000,-0.0987,-0.0282,0.2216
1180,Right,2,0.1486,-0.1629,-0.8899,-0.3993,0.0112,0.0034,0.0047,-0.0070,0.0180,-0.0808,-3.8234,1.6618,8.7937,0.0001,0.0000,0.0001,1.0000,-0.0956,0.0415,0.2199
1180,Pelvis,2,0.5212,-0.4600,0.5943,0.4045,-0.0013,0.0005,-0.0018,0.0156,0.0356,-0.0298,9.6984,-1.2485,0.2982,-0.0000,0.0000,-0.0000,1.0000,0.2425,-0.0312,0.0075
1181,Left,2,0.2149,0.0302,-0.9670,-0.1332,0.0042,0.0049,-0.0012,-0.0212,0.0132,-0.0480,-3.9572,-1.1361,8.8543,0.0001,0.0001,-0.0000,1.0000,-0.0989,-0.0284,0.2214
1181,Right,2,0.1486,-0.1629,-0.8899,-0.3993,0.0106,0.0021,0.0036,-0.0192,0.0146,-0.0942,-3.8128,1.6707,8.7818,0.0001,0.0000,0.0000,1.0000,-0.0953,0.0417,0.2196
1181,Pelvis,2,0.5211,-0.4601,0.5942,0.4046,-0.0032,-0.0020,-0.0022,0.0260,0.0367,-0.0283,9.6987,-1.2577,0.2989,-0.0000,-0.0000,-0.0000,1.0000,0.2425,-0.0314,0.0075
1182,Left,2,0.2148,0.0302,-0.9671,-0.1332,0.0068,0.0031,-0.0023,-0.0240,-0.0021,-0.0192,-3.9703,-1.1238,8.8819,0.0001,0.0000,-0.0000,1.0000,-0.0993,-0.0281,0.2220
1182,Right,2,0.1486,-0.1628,-0.8900,-0.3992,0.0087,0.0027,0.0078,-0.0186,0.0074,-0.0815,-3.8228,1.6767,8.7904,0.0001,0.0000,0.0001,1.0000,-0.0956,0.0419,0.2198
1182,Pelvis,2,0.5213,-0.4601,0.5942,0.4045,-0.0013,-0.0063,-0.0027,0.0394,0.0175,-0.0341,9.6913,-1.2651,0.3191,-0.0000,-0.0001,-0.0000,1.0000,0.2423,-0.0316,0.0080
1183,Left,2,0.2148,0.0302,-0.9671,-0.1332,0.0061,0.0025,-0.0017,-0.0196,0.0110,-0.0480,-3.9586,-1.1339,8.8540,0.0001,0.0000,-0.0000,1.0000,-0.0990,-0.0284,0.2214
1183,Right,2,0.1486,-0.1628,-0.8900,-0.3991,0.0103,-0.0006,0.0063,-0.0288,0.0308,-0.0702,-3.8049,1.6716,8.8117,0.0001,-0.0000,0.0001,1.0000,-0.0951,0.0418,0.2203
1183,Pelvis,2,0.5213,-0.4601,0.5941,0.4044,-0.0001,-0.0075,-0.0027,0.0535,0.0230,-0.0024,9.7210,-1.2835,0.3163,-0.0000,-0.0001,-0.0000,1.0000,0.2430,-0.0321,0.0079
1184,Left,2,0.2148,0.0302,-0.9671,-0.1332,0.0055,0.0025,-0.0017,-0.0266,0.0082,-0.0299,-3.9606,-1.1315,8.8734,0.0001,0.0000,-0.0000,1.0000,-0.0990,-0.0283,0.2218
1184,Right,2,0.1486,-0.1628,-0.8900,-0.3991,0.0092,0.0007,0.0068,-0.0099,0.0171,-0.0711,-3.8252,1.6654,8.8030,0.0001,0.0000,0.0001,1.0000,-0.0956,0.0416,0.2201
1184,Pelvis,2,0.5214,-0.4602,0.5940,0.4044,0.0007,-0.0086,-0.0002,0.0379,0.0003,-0.0029,9.7227,-1.2618,0.3318,0.0000,-0.0001,-0.0000,1.0000,0.2431,-0.0315,0.0083
1185,Left,2,0.2148,0.0302,-0.9671,-0.1332,0.0062,0.0018,-0.0029,-0.0185,0.0087,-0.0480,-3.9595,-1.1317,8.8539,0.0001,0.0000,-0.0000,1.0000,-0.0990,-0.0283,0.2213
1185,Right,2,0.1486,-0.1627,-0.8900,-0.3991,0.0098,0.0001,0.0069,-0.0298,0.0258,-0.1009,-3.7945,1.6696,8.7826,0.0001,0.0000,0.0001,1.0000,-0.0949,0.0417,0.2196
1185,Pelvis,2,0.5215,-0.4602,0.5939,0.4044,-0.0012,-0.0086,-0.0007,0.0260,0.0262,-0.0176,9.7098,-1.2550,0.3007,-0.0000,-0.0001,-0.0000,1.0000,0.2427,-0.0314,0.0075
1186,Left,2,0.2147,0.0302,-0.9671,-0.1332,0.0049,0.0037,-0.0018,-0.0230,0.0153,-0.0283,-3.9612,-1.1391,8.8739,0.0001,0.0000,-0.0000,1.0000,-0.0990,-0.0285,0.2218
1186,Right,2,0.1486,-0.1627,-0.8901,-0.3990,0.0104,0.0000,0.0069,-0.0110,0.0099,-0.0801,-3.8247,1.6689,8.7926,0.0001,0.0000,0.0001,1.0000,-0.0956,0.0417,0.2198
1186,Pelvis,2,0.5215,-0.4603,0.5938,0.4044,0.0013,-0.0092,-0.0008,0.0625,0.0062,0.0206,9.7429,-1.2904,0.3283,0.0000,-0.0001,-0.0000,1.0000,0.2436,-0.0323,0.0082
1187,Left,2,0.2147,0.0301,-0.9671,-0.1332,0.0061,0.0031,-0.0005,-0.0154,0.0158,-0.0464,-3.9605,-1.1393,8.8542,0.0001,0.0000,-0.0000,1.0000,-0.0990,-0.0285,0.2214
1187,Right,2,0.1486,-0.1627,-0.8901,-0.3990,0.0098,0.0007,0.0068,-0.0156,0.0124,-0.0928,-3.8147,1.6685,8.7830,0.0001,0.0000,0.0001,1.0000,-0.0954,0.0417,0.2196
1187,Pelvis,2,0.5216,-0.4603,0.5938,0.4044,0.0036,-0.0032,-0.0025,0.0500,-0.0024,0.0491,9.7730,-1.2789,0.3325,0.0000,-0.0000,-0.0000,1.0000,0.2443,-0.0320,0.0083
1188,Left,2,0.2147,0.0301,-0.9671,-0.1332,0.0068,0.0043,-0.0029,-0.0272,0.0027,-0.0209,-3.9638,-1.1264,8.8825,0.0001,0.0001,-0.0000,1.0000,-0.0991,-0.0282,0.2221
1188,Right,2,0.1485,-0.1627,-0.8901,-0.3990,0.0121,-0.0019,0.0071,-0.0099,0.0159,-0.0921,-3.8156,1.6621,8.7846,0.0002,-0.0000,0.0001,1.0000,-0.0954,0.0415,0.2196
1188,Pelvis,2,0.5215,-0.4604,0.5937,0.4045,-0.0007,0.0024,-0.0013,0.0005,0.0016,-0.0196,9.7114,-1.2228,0.3136,-0.0000,0.0000,-0.0000,1.0000,0.2428,-0.0306,0.0078
1189,Left,2,0.2147,0.0301,-0.9671,-0.1332,0.0055,0.0025,-0.0023,-0.0265,0.0150,-0.0407,-3.9530,-1.1360,8.8643,0.0001,0.0000,-0.0000,1.0000,-0.0988,-0.0284,0.2216
1189,Right,2,0.1485,-0.1627,-0.8901,-0.3990,0.0091,-0.0012,0.0064,-0.0169,0.0052,-0.1018,-3.8136,1.6724,8.7728,0.0001,-0.0000,0.0001,1.0000,-0.0953,0.0418,0.2193
1189,Pelvis,2,0.5215,-0.4605,0.5935,0.4046,-0.0031,-0.0069,-0.0019,0.0418,-0.0366,-0.0488,9.6773,-1.2481,0.3586,-0.0000,-0.0001,-0.0000,1.0000,0.2419,-0.0312,0.0090
1190,Left,2,0.2147,0.0301,-0.9671,-0.1332,0.0092,0.0032,-0.0010,-0.0137,0.0124,-0.0464,-3.9625,-1.1355,8.8538,0.0001,0.0000,-0.0000,1.0000,-0.0991,-0.0284,0.2213
1190,Right,2,0.1484,-0.1626,-0.8901,-0.3990,0.0114,-0.0031,0.0066,-0.0067,0.0149,-0.0696,-3.8254,1.6639,8.8049,0.0001,-0.0000,0.0001,1.0000,-0.0956,0.0416,0.2201
1190,Pelvis,2,0.5216,-0.4605,0.5934,0.4045,-0.0007,-0.0106,-0.0031,0.0982,-0.0186,-0.0412,9.6778,-1.3068,0.3525,-0.0000,-0.0001,-0.0000,1.0000,0.2419,-0.0327,0.0088
1191,Left,2,0.2147,0.0301,-0.9671,-0.1332,0.0080,0.0031,-0.0023,-0.0200,-0.0084,-0.0406,-3.9645,-1.1136,8.8621,0.0001,0.0000,-0.0000,1.0000,-0.0991,-0.0279,0.2216
1191,Right,2,0.1484,-0.1626,-0.8902,-0.3989,0.0083,-0.0031,0.0109,-0.0138,0.0199,-0.0733,-3.8147,1.6656,8.8051,0.0001,-0.0000,0.0001,1.0000,-0.0954,0.0416,0.2201
1191,Pelvis,2,0.5217,-0.4606,0.5932,0.4046,0.0005,-0.0112,-0.0031,0.0880,0.0051,0.0043,9.7245,-1.3074,0.3254,0.0000,-0.0001,-0.0000,1.0000,0.2431,-0.0327,0.0082
1192,Left,2,0.2147,0.0300,-0.9671,-0.1332,0.0080,0.0001,-0.0015,-0.0148,0.0007,-0.0480,-3.9638,-1.1225,8.8531,0.0001,0.0000,-0.0000,1.0000,-0.0991,-0.0281,0.2213
1192,Right,2,0.1483,-0.1626,-0.8902,-0.3989,0.0119,-0.0044,0.0123,-0.0164,0.0334,-0.0672,-3.8051,1.6602,8.8170,0.0001,-0.0001,0.0002,1.0000,-0.0951,0.0415,0.2204
1192,Pelvis,2,0.5217,-0.4607,0.5931,0.4046,-0.0006,-0.0062,-0.0009,0.0454,0.0017,0.0272,9.7529,-1.2677,0.3164,-0.0000,-0.0001,-0.0000,1.0000,0.2438,-0.0317,0.0079
1193,Left,2,0.2147,0.0300,-0.9671,-0.1333,0.0057,-0.0013,-0.0046,-0.0116,-0.0130,-0.0372,-3.9744,-1.1112,8.8617,0.0001,-0.0000,-0.0001,1.0000,-0.0994,-0.0278,0.2215
1193,Right,2,0.1482,-0.1626,-0.8902,-0.3990,0.0137,-0.0039,0.0123,-0.0079,0.0186,-0.0815,-3.8132,1.6614,8.7974,0.0002,-0.0000,0.0002,1.0000,-0.0953,0.0415,0.2199
1193,Pelvis,2,0.5217,-0.4608,0.5931,0.4047,0.0019,0.0007,0.0005,0.0524,0.0221,0.0263,9.7511,-1.2793,0.2973,0.0000,0.0000,0.0000,1.0000,0.2438,-0.0320,0.0074
1194,Left,2,0.2146,0.0300,-0.9671,-0.1334,0.0058,-0.0037,-0.0052,-0.0078,0.0047,-0.0340,-3.9730,-1.1299,8.8635,0.0001,-0.0000,-0.0001,1.0000,-0.0993,-0.0283,0.2216
1194,Right,2,0.1481,-0.1626,-0.8902,-0.3989,0.0130,-0.0062,0.0131,-0.0076,0.0296,-0.0845,-3.8032,1.6548,8.7998,0.0002,-0.0001,0.0002,1.0000,-0.0951,0.0413,0.2200
1194,Pelvis,2,0.5217,-0.4608,0.5931,0.4048,0.0036,0.0025,-0.0003,0.0500,0.0164,-0.0135,9.7121,-1.2701,0.3010,0.0000,0.0000,-0.0000,1.0000,0.2428,-0.0318,0.0075
1195,Left,2,0.2145,0.0301,-0.9671,-0.1333,0.0045,-0.0037,-0.0040,-0.0153,-0.0026,-0.0480,-3.9619,-1.1198,8.8543,0.0001,-0.0000,-0.0000,1.0000,-0.0991,-0.0280,0.2214
1195,Right,2,0.1479,-0.1626,-0.8903,-0.3989,0.0147,-0.0075,0.0139,-0.0306,0.0228,-0.0897,-3.7888,1.6767,8.7961,0.0002,-0.0001,0.0002,1.0000,-0.0947,0.0419,0.2199
1195,Pelvis,2,0.5217,-0.4606,0.5931,0.4047,0.0095,0.0066,-0.0039,0.0869,0.0227,0.0019,9.7227,-1.3082,0.3051,0.0001,0.0001,-0.0000,1.0000,0.2431,-0.0327,0.0076
1196,Left,2,0.2144,0.0301,-0.9671,-0.1333,0.0039,-0.0031,-0.0034,-0.0302,0.0283,-0.0408,-3.9414,-1.1470,8.8680,0.0000,-0.0000,-0.0000,1.0000,-0.0985,-0.0287,0.2217
1196,Right,2,0.1478,-0.1626,-0.8903,-0.3988,0.0155,-0.0059,0.0119,-0.0327,0.0205,-0.0897,-3.7868,1.6812,8.7961,0.0002,-0.0001,0.0001,1.0000,-0.0947,0.0420,0.2199
1196,Pelvis,2,0.5217,-0.4606,0.5932,0.4048,0.0127,0.0098,-0.0012,0.0527,0.0392,0.0144,9.7394,-1.2801,0.2832,0.0002,0.0001,-0.0000,1.0000,0.2435,-0.0320,0.0070
1197,Left,2,0.2144,0.0301,-0.9671,-0.1334,0.0039,-0.0007,-0.0053,-0.0310,0.0176,-0.0424,-3.9412,-1.1369,8.8676,0.0000,-0.0000,-0.0001,1.0000,-0.0985,-0.0284,0.2217
1197,Right,2,0.1477,-0.1626,-0.8903,-0.3988,0.0139,-0.0023,0.0103,-0.0373,0.0388,-0.0963,-3.7674,1.6735,8.7987,0.0002,-0.0000,0.0001,1.0000,-0.0942,0.0418,0.2200
1197,Pelvis,2,0.5217,-0.4605,0.5932,0.4048,0.0152,0.0081,0.0000,0.0227,0.0448,0.0184,9.7474,-1.2516,0.2722,0.0002,0.0001,0.0000,1.0000,0.2437,-0.0313,0.0068
1198,Left,2,0.2143,0.0302,-0.9672,-0.1333,0.0025,0.0012,-0.0030,-0.0306,0.0166,-0.0424,-3.9411,-1.1366,8.8677,0.0000,0.0000,-0.0000,1.0000,-0.0985,-0.0284,0.2217
1198,Right,2,0.1477,-0.1626,-0.8903,-0.3988,0.0142,0.0017,0.0074,-0.0313,0.0266,-0.1016,-3.7766,1.6766,8.7882,0.0002,0.0000,0.0001,1.0000,-0.0944,0.0419,0.2197
1198,Pelvis,2,0.5216,-0.4604,0.5933,0.4050,0.0127,0.0105,-0.0012,0.0146,0.0336,0.0181,9.7482,-1.2406,0.2836,0.0002,0.0001,-0.0000,1.0000,0.2437,-0.0310,0.0071
1199,Left,2,0.2144,0.0302,-0.9671,-0.1334,0.0044,0.0042,-0.0049,-0.0305,0.0154,-0.0424,-3.9416,-1.1362,8.8675,0.0001,0.0001,-0.0001,1.0000,-0.0985,-0.0284,0.2217
1199,Right,2,0.1477,-0.1627,-0.8903,-0.3988,0.0143,0.0030,0.0085,-0.0153,0.0154,-0.0935,-3.7974,1.6736,8.7887,0.0002,0.0000,0.0001,1.0000,-0.0949,0.0418,0.2197
1199,Pelvis,2,0.5216,-0.4603,0.5934,0.4049,0.0120,0.0086,-0.0023,0.0192,0.0303,-0.0106,9.7190,-1.2405,0.2894,0.0002,0.0001,-0.0000,1.0000,0.2430,-0.0310,0.0072
1200,Left,2,0.2144,0.0302,-0.9671,-0.1333,0.0031,0.0036,-0.0025,-0.0254,0.0112,-0.0300,-3.9528,-1.1354,8.8762,0.0000,0.0000,-0.0000,1.0000,-0.0988,-0.0284,0.2219
1200,Right,2,0.1477,-0.1627,-0.8903,-0.3988,0.0136,0.0023,0.0073,-0.0176,0.0131,-0.0935,-3.7977,1.6774,8.7879,0.0002,0.0000,0.0001,1.0000,-0.0949,0.0419,0.2197
1200,Pelvis,2,0.5216,-0.4602,0.5935,0.4049,0.0132,0.0060,-0.0041,0.0577,0.0534,-0.0263,9.6985,-1.2807,0.2782,0.0002,0.0001,-0.0001,1.0000,0.2425,-0.0320,0.0069
1201,Left,2,0.2144,0.0303,-0.9671,-0.1334,0.0049,0.0049,-0.0030,-0.0469,0.0137,-0.0277,-3.9349,-1.1334,8.8871,0.0001,0.0001,-0.0000,1.0000,-0.0984,-0.0283,0.2222
1201,Right,2,0.1477,-0.1627,-0.8903,-0.3989,0.0111,0.0018,0.0067,-0.0255,0.0159,-0.0755,-3.7980,1.6850,8.8063,0.0001,0.0000,0.0001,1.0000,-0.0949,0.0421,0.2202
1201,Pelvis,2,0.5217,-0.4600,0.5936,0.4048,0.0169,0.0024,-0.0041,0.0745,0.0836,-0.0366,9.6863,-1.3022,0.2537,0.0002,0.0000,-0.0001,1.0000,0.2422,-0.0326,0.0063
1202,Left,2,0.2145,0.0303,-0.9671,-0.1334,0.0049,0.0031,-0.0018,-0.0131,0.0075,-0.0357,-3.9635,-1.1350,8.8652,0.0001,0.0000,-0.0000,1.0000,-0.0991,-0.0284,0.2216
1202,Right,2,0.1477,-0.1627,-0.8903,-0.3989,0.0103,-0.0013,0.0058,-0.0171,0.0169,-0.0837,-3.7991,1.6764,8.7983,0.0001,-0.0000,0.0001,1.0000,-0.0950,0.0419,0.2200
1202,Pelvis,2,0.5219,-0.4598,0.5936,0.4047,0.0200,-0.0000,-0.0041,0.0316,0.0802,-0.0136,9.7147,-1.2618,0.2476,0.0002,-0.0000,-0.0001,1.0000,0.2429,-0.0316,0.0062
1203,Left,2,0.2144,0.0302,-0.9671,-0.1334,0.0062,0.0013,-0.0023,-0.0306,0.0155,-0.0103,-3.9561,-1.1413,8.8957,0.0001,0.0000,-0.0000,1.0000,-0.0989,-0.0285,0.2224
1203,Right,2,0.1476,-0.1627,-0.8903,-0.3989,0.0092,0.0001,0.0069,-0.0115,0.0205,-0.0829,-3.8000,1.6697,8.8000,0.0001,0.0000,0.0001,1.0000,-0.0950,0.0417,0.2200
1203,Pelvis,2,0.5219,-0.4597,0.5937,0.4047,0.0212,0.0006,-0.0036,0.0210,0.0614,0.0065,9.7360,-1.2488,0.2646,0.0003,0.0000,-0.0000,1.0000,0.2434,-0.0312,0.0066
1204,Left,2,0.2145,0.0303,-0.9671,-0.1334,0.0049,0.0019,-0.0011,-0.0237,0.0161,-0.0284,-3.9549,-1.1416,8.8763,0.0001,0.0000,-0.0000,1.0000,-0.0989,-0.0286,0.2219
1204,Right,2,0.1476,-0.1627,-0.8903,-0.3990,0.0109,-0.0012,0.0076,-0.0268,0.0197,-0.0874,-3.7886,1.6807,8.7980,0.0001,-0.0000,0.0001,1.0000,-0.0947,0.0420,0.2200
1204,Pelvis,2,0.5221,-0.4595,0.5938,0.4045,0.0224,0.0012,-0.0049,0.0336,0.0605,-0.0113,9.7170,-1.2576,0.2685,0.0003,0.0000,-0.0001,1.0000,0.2429,-0.0315,0.0067
1205,Left,2,0.2144,0.0303,-0.9671,-0.1334,0.0055,0.0025,-0.0023,-0.0337,0.0078,-0.0334,-3.9459,-1.1305,8.8763,0.0001,0.0000,-0.0000,1.0000,-0.0986,-0.0283,0.2219
1205,Right,2,0.1476,-0.1627,-0.8903,-0.3989,0.0116,-0.0001,0.0063,-0.0159,0.0158,-0.0829,-3.7992,1.6757,8.7993,0.0001,-0.0000,0.0001,1.0000,-0.0950,0.0419,0.2200
1205,Pelvis,2,0.5222,-0.4593,0.5939,0.4045,0.0229,0.0036,-0.0057,0.0258,0.0491,-0.0115,9.7179,-1.2454,0.2785,0.0003,0.0000,-0.0001,1.0000,0.2429,-0.0312,0.0069
1206,Left,2,0.2144,0.0303,-0.9671,-0.1334,0.0043,0.0018,-0.0023,-0.0152,0.0021,-0.0267,-3.9658,-1.1304,8.8747,0.0001,0.0000,-0.0000,1.0000,-0.0991,-0.0283,0.2219
1206,Right,2,0.1476,-0.1626,-0.8903,-0.3989,0.0091,-0.0006,0.0063,-0.0308,0.0150,-0.0874,-3.7878,1.6868,8.7972,0.0001,-0.0000,0.0001,1.0000,-0.0947,0.0421,0.2199
1206,Pelvis,2,0.5223,-0.4591,0.5940,0.4043,0.0206,0.0037,-0.0031,0.0362,0.0231,0.0126,9.7406,-1.2506,0.3080,0.0003,0.0000,-0.0000,1.0000,0.2435,-0.0313,0.0077
1207,Left,2,0.2144,0.0303,-0.9671,-0.1334,0.0062,0.0012,-0.0029,-0.0096,0.0113,-0.0341,-3.9650,-1.1399,8.8657,0.0001,0.0000,-0.0000,1.0000,-0.0991,-0.0285,0.2216
1207,Right,2,0.1475,-0.1626,-0.8903,-0.3989,0.0110,-0.0000,0.0069,-0.0122,0.0171,-0.0821,-3.7999,1.6720,8.8006,0.0001,-0.0000,0.0001,1.0000,-0.0950,0.0418,0.2200
1207,Pelvis,2,0.5223,-0.4590,0.5941,0.4044,0.0205,0.0067,-0.0039,0.0348,0.0413,0.0007,9.7290,-1.2518,0.2916,0.0003,0.0001,-0.0000,1.0000,0.2432,-0.0313,0.0073
1208,Left,2,0.2144,0.0303,-0.9671,-0.1334,0.0062,0.0019,-0.0023,-0.0182,0.0125,-0.0374,-3.9555,-1.1384,8.8665,0.0001,0.0000,-0.0000,1.0000,-0.0989,-0.0285,0.2217
1208,Right,2,0.1475,-0.1626,-0.8903,-0.3989,0.0128,-0.0007,0.0076,-0.0066,0.0206,-0.0813,-3.8008,1.6659,8.8022,0.0002,-0.0000,0.0001,1.0000,-0.0950,0.0416,0.2201
1208,Pelvis,2,0.5224,-0.4588,0.5943,0.4043,0.0199,0.0067,-0.0038,0.0249,0.0395,-0.0008,9.7288,-1.2410,0.2928,0.0002,0.0001,-0.0000,1.0000,0.2432,-0.0310,0.0073
1209,Left,2,0.2144,0.0302,-0.9671,-0.1335,0.0061,0.0025,-0.0017,-0.0271,0.0135,-0.0408,-3.9462,-1.1369,8.8672,0.0001,0.0000,-0.0000,1.0000,-0.0986,-0.0284,0.2217
1209,Right,2,0.1475,-0.1626,-0.8903,-0.3990,0.0123,0.0005,0.0069,-0.0319,0.0188,-0.0993,-3.7784,1.6835,8.7887,0.0002,0.0000,0.0001,1.0000,-0.0945,0.0420,0.2197
1209,Pelvis,2,0.5224,-0.4586,0.5944,0.4043,0.0181,0.0116,-0.0034,0.0100,0.0588,0.0146,9.7461,-1.2321,0.2733,0.0002,0.0001,-0.0000,1.0000,0.2437,-0.0308,0.0068
1210,Left,2,0.2144,0.0302,-0.9671,-0.1335,0.0055,0.0031,-0.0023,-0.0289,0.0030,-0.0424,-3.9471,-1.1260,8.8663,0.0001,0.0000,-0.0000,1.0000,-0.0987,-0.0282,0.2217
1210,Right,2,0.1475,-0.1626,-0.8903,-0.3990,0.0112,0.0023,0.0060,-0.0342,0.0165,-0.0993,-3.7784,1.6866,8.7881,0.0001,0.0000,0.0001,1.0000,-0.0945,0.0421,0.2197
1210,Pelvis,2,0.5224,-0.4585,0.5945,0.4043,0.0186,0.0128,-0.0041,0.0286,0.0884,-0.0052,9.7242,-1.2538,0.2519,0.0002,0.0002,-0.0001,1.0000,0.2431,-0.0314,0.0063
1211,Left,2,0.2144,0.0303,-0.9671,-0.1334,0.0049,0.0037,-0.0024,-0.0377,0.0222,-0.0334,-3.9381,-1.1435,8.8780,0.0001,0.0000,-0.0000,1.0000,-0.0984,-0.0286,0.2220
1211,Right,2,0.1475,-0.1626,-0.8903,-0.3990,0.0118,0.0029,0.0060,-0.0343,0.0251,-0.0805,-3.7803,1.6845,8.8085,0.0001,0.0000,0.0001,1.0000,-0.0945,0.0421,0.2202
1211,Pelvis,2,0.5224,-0.4582,0.5948,0.4042,0.0205,0.0129,-0.0030,0.0153,0.0458,-0.0130,9.7180,-1.2294,0.2933,0.0003,0.0002,-0.0000,1.0000,0.2429,-0.0307,0.0073
1212,Left,2,0.2144,0.0303,-0.9671,-0.1335,0.0043,0.0030,-0.0024,-0.0109,0.0142,-0.0234,-3.9680,-1.1439,8.8756,0.0001,0.0000,-0.0000,1.0000,-0.0992,-0.0286,0.2219
1212,Right,2,0.1475,-0.1626,-0.8903,-0.3990,0.0107,0.0040,0.0040,-0.0100,0.0221,-0.0932,-3.7931,1.6657,8.7924,0.0001,0.0000,0.0000,1.0000,-0.0948,0.0416,0.2198
1212,Pelvis,2,0.5225,-0.4580,0.5949,0.4042,0.0193,0.0091,-0.0045,0.0226,0.0660,-0.0139,9.7163,-1.2401,0.2782,0.0002,0.0001,-0.0001,1.0000,0.2429,-0.0310,0.0069
1213,Left,2,0.2145,0.0303,-0.9671,-0.1335,0.0055,0.0061,-0.0025,-0.0410,0.0010,-0.0367,-3.9404,-1.1224,8.8761,0.0001,0.0001,-0.0000,1.0000,-0.0985,-0.0281,0.2219
1213,Right,2,0.1475,-0.1626,-0.8902,-0.3991,0.0100,0.0027,0.0029,-0.0307,0.0263,-0.0797,-3.7828,1.6807,8.8090,0.0001,0.0000,0.0000,1.0000,-0.0946,0.0420,0.2202
1213,Pelvis,2,0.5226,-0.4577,0.5951,0.4041,0.0199,0.0128,-0.0042,0.0334,0.0486,-0.0005,9.7283,-1.2464,0.3009,0.0002,0.0002,-0.0001,1.0000,0.2432,-0.0312,0.0075
1214,Left,2,0.2145,0.0303,-0.9671,-0.1335,0.0042,0.0044,0.0000,-0.0353,0.0102,-0.0441,-3.9405,-1.1319,8.8667,0.0001,0.0001,0.0000,1.0000,-0.0985,-0.0283,0.2217
1214,Right,2,0.1476,-0.1626,-0.8902,-0.3991,0.0084,0.0065,0.0031,-0.0247,0.0141,-0.0850,-3.7933,1.6822,8.7983,0.0001,0.0001,0.0000,1.0000,-0.0948,0.0420,0.2200
1214,Pelvis,2,0.5227,-0.4574,0.5953,0.4039,0.0223,0.0141,-0.0043,-0.0119,0.0549,0.0213,9.7555,-1.2071,0.2880,0.0003,0.0002,-0.0001,1.0000,0.2439,-0.0302,0.0071
1215,Left,2,0.2145,0.0303,-0.9671,-0.1334,0.0054,0.0056,-0.0012,-0.0225,0.0077,-0.0498,-3.9505,-1.1319,8.8559,0.0001,0.0001,-0.0000,1.0000,-0.0987,-0.0283,0.2214
1215,Right,2,0.1476,-0.1626,-0.8902,-0.3991,0.0102,0.0057,0.0026,-0.0268,0.0118,-0.0850,-3.7945,1.6845,8.7973,0.0001,0.0001,0.0000,1.0000,-0.0948,0.0421,0.2199
1215,Pelvis,2,0.5226,-0.4573,0.5955,0.4040,0.0126,0.0134,-0.0032,-0.0260,0.0575,-0.0212,9.7152,-1.1882,0.2841,0.0002,0.0002,-0.0000,1.0000,0.2429,-0.0297,0.0071
1216,Left,2,0.2146,0.0303,-0.9671,-0.1333,0.0060,0.0081,-0.0001,-0.0323,0.0174,-0.0425,-3.9427,-1.1394,8.8665,0.0001,0.0001,-0.0000,1.0000,-0.0985,-0.0285,0.2217
1216,Right,2,0.1477,-0.1626,-0.8902,-0.3991,0.0097,0.0074,0.0011,-0.0316,0.0120,-0.0760,-3.7959,1.6890,8.8058,0.0001,0.0001,0.0000,1.0000,-0.0949,0.0422,0.2202
1216,Pelvis,2,0.5226,-0.4573,0.5955,0.4040,0.0060,0.0067,-0.0019,-0.0013,0.0392,-0.0350,9.6982,-1.2050,0.3102,0.0001,0.0001,-0.0000,1.0000,0.2425,-0.0301,0.0077
1217,Left,2,0.2146,0.0302,-0.9671,-0.1333,0.0059,0.0093,-0.0001,-0.0229,0.0140,-0.0391,-3.9544,-1.1385,8.8651,0.0001,0.0001,-0.0000,1.0000,-0.0988,-0.0285,0.2216
1217,Right,2,0.1478,-0.1626,-0.8902,-0.3991,0.0084,0.0062,0.0000,-0.0172,0.0081,-0.1022,-3.7985,1.6752,8.7783,0.0001,0.0001,0.0000,1.0000,-0.0949,0.0419,0.2195
1217,Pelvis,2,0.5226,-0.4571,0.5956,0.4040,0.0047,0.0035,-0.0041,0.0461,0.0373,-0.0170,9.7101,-1.2516,0.3255,0.0001,0.0000,-0.0001,1.0000,0.2428,-0.0313,0.0081
1218,Left,2,0.2147,0.0302,-0.9671,-0.1333,0.0060,0.0093,-0.0007,-0.0223,-0.0006,-0.0193,-3.9680,-1.1265,8.8824,0.0001,0.0001,-0.0000,1.0000,-0.0992,-0.0282,0.2221
1218,Right,2,0.1479,-0.1625,-0.8902,-0.3992,0.0059,0.0052,0.0007,-0.0094,0.0224,-0.0825,-3.8027,1.6622,8.8007,0.0001,0.0001,0.0000,1.0000,-0.0951,0.0415,0.2200
1218,Pelvis,2,0.5227,-0.4571,0.5955,0.4040,0.0082,0.0034,-0.0061,0.0459,0.0284,-0.0062,9.7210,-1.2491,0.3352,0.0001,0.0000,-0.0001,1.0000,0.2430,-0.0312,0.0084
1219,Left,2,0.2147,0.0302,-0.9671,-0.1333,0.0066,0.0056,-0.0006,-0.0219,0.0118,-0.0391,-3.9580,-1.1358,8.8638,0.0001,0.0001,-0.0000,1.0000,-0.0989,-0.0284,0.2216
1219,Right,2,0.1479,-0.1625,-0.8901,-0.3992,0.0084,0.0063,0.0013,-0.0170,0.0093,-0.0707,-3.8123,1.6768,8.8069,0.0001,0.0001,0.0000,1.0000,-0.0953,0.0419,0.2202
1219,Pelvis,2,0.5227,-0.4570,0.5956,0.4041,0.0076,0.0071,-0.0063,0.0214,0.0549,-0.0031,9.7274,-1.2312,0.3047,0.0001,0.0001,-0.0001,1.0000,0.2432,-0.0308,0.0076
1220,Left,2,0.2148,0.0302,-0.9671,-0.1332,0.0061,0.0037,-0.0011,-0.0189,0.0161,-0.0161,-3.9700,-1.1433,8.8829,0.0001,0.0000,-0.0000,1.0000,-0.0992,-0.0286,0.2221
1220,Right,2,0.1480,-0.1625,-0.8901,-0.3993,0.0090,0.0050,0.0008,-0.0297,0.0218,-0.0780,-3.7942,1.6762,8.8068,0.0001,0.0001,0.0000,1.0000,-0.0948,0.0419,0.2202
1220,Pelvis,2,0.5227,-0.4568,0.5957,0.4040,0.0064,0.0059,-0.0055,0.0340,0.0271,0.0019,9.7307,-1.2362,0.3365,0.0001,0.0001,-0.0001,1.0000,0.2433,-0.0309,0.0084
1221,Left,2,0.2148,0.0302,-0.9671,-0.1333,0.0043,0.0037,-0.0012,-0.0113,0.0167,-0.0341,-3.9692,-1.1436,8.8633,0.0001,0.0000,-0.0000,1.0000,-0.0992,-0.0286,0.2216
1221,Right,2,0.1480,-0.1625,-0.8901,-0.3994,0.0095,0.0045,0.0021,-0.0289,0.0170,-0.0870,-3.7951,1.6762,8.7964,0.0001,0.0001,0.0000,1.0000,-0.0949,0.0419,0.2199
1221,Pelvis,2,0.5227,-0.4568,0.5957,0.4041,0.0041,0.0054,-0.0029,0.0325,-0.0149,-0.0140,9.7150,-1.2214,0.3776,0.0001,0.0001,-0.0000,1.0000,0.2429,-0.0305,0.0094
1222,Left,2,0.2148,0.0302,-0.9671,-0.1332,0.0048,0.0037,-0.0006,-0.0341,0.0099,-0.0334,-3.9517,-1.1315,8.8735,0.0001,0.0000,-0.0000,1.0000,-0.0988,-0.0283,0.2218
1222,Right,2,0.1481,-0.1625,-0.8901,-0.3994,0.0090,0.0057,0.0013,-0.0203,0.0181,-0.0952,-3.7974,1.6668,8.7882,0.0001,0.0001,0.0000,1.0000,-0.0949,0.0416,0.2197
1222,Pelvis,2,0.5227,-0.4567,0.5958,0.4041,0.0048,0.0073,-0.0013,0.0570,0.0180,-0.0132,9.7128,-1.2532,0.3534,0.0001,0.0001,-0.0000,1.0000,0.2428,-0.0313,0.0088
1223,Left,2,0.2148,0.0302,-0.9671,-0.1332,0.0073,0.0050,-0.0005,-0.0217,0.0073,-0.0391,-3.9616,-1.1313,8.8628,0.0001,0.0001,-0.0000,1.0000,-0.0990,-0.0283,0.2216
1223,Right,2,0.1482,-0.1624,-0.8900,-0.3994,0.0078,0.0060,0.0037,-0.0283,0.0207,-0.0772,-3.7988,1.6732,8.8063,0.0001,0.0001,0.0000,1.0000,-0.0950,0.0418,0.2202
1223,Pelvis,2,0.5227,-0.4566,0.5959,0.4040,0.0054,0.0067,-0.0019,0.0443,0.0087,0.0057,9.7330,-1.2417,0.3619,0.0001,0.0001,-0.0000,1.0000,0.2433,-0.0310,0.0090
1224,Left,2,0.2149,0.0302,-0.9671,-0.1332,0.0041,0.0050,0.0012,-0.0179,0.0071,-0.0481,-3.9619,-1.1307,8.8528,0.0001,0.0001,0.0000,1.0000,-0.0990,-0.0283,0.2213
1224,Right,2,0.1482,-0.1624,-0.8900,-0.3995,0.0096,0.0050,0.0014,-0.0307,0.0342,-0.0710,-3.7917,1.6667,8.8174,0.0001,0.0001,0.0000,1.0000,-0.0948,0.0416,0.2204
1224,Pelvis,2,0.5227,-0.4565,0.5960,0.4039,0.0029,0.0066,-0.0023,0.0341,0.0067,0.0043,9.7327,-1.2315,0.3626,0.0000,0.0001,-0.0000,1.0000,0.2433,-0.0308,0.0090
1225,Left,2,0.2149,0.0302,-0.9670,-0.1332,0.0060,0.0050,-0.0006,-0.0319,0.0159,-0.0318,-3.9545,-1.1375,8.8733,0.0001,0.0001,-0.0000,1.0000,-0.0988,-0.0285,0.2218
1225,Right,2,0.1483,-0.1624,-0.8899,-0.3995,0.0097,0.0070,0.0024,-0.0219,0.0195,-0.0854,-3.8024,1.6660,8.7970,0.0001,0.0001,0.0000,1.0000,-0.0950,0.0416,0.2199
1225,Pelvis,2,0.5228,-0.4564,0.5961,0.4039,0.0004,0.0072,-0.0023,0.0346,0.0061,0.0043,9.7327,-1.2309,0.3643,0.0000,0.0001,-0.0000,1.0000,0.2433,-0.0308,0.0091
1226,Left,2,0.2149,0.0301,-0.9670,-0.1332,0.0078,0.0069,0.0001,-0.0209,0.0039,-0.0391,-3.9651,-1.1273,8.8617,0.0001,0.0001,0.0000,1.0000,-0.0991,-0.0282,0.2215
1226,Right,2,0.1484,-0.1624,-0.8899,-0.3995,0.0084,0.0065,0.0025,-0.0188,0.0098,-0.0817,-3.8134,1.6696,8.7956,0.0001,0.0001,0.0000,1.0000,-0.0953,0.0417,0.2199
1226,Pelvis,2,0.5227,-0.4563,0.5962,0.4039,-0.0032,0.0091,-0.0010,0.0232,0.0138,0.0016,9.7315,-1.2219,0.3556,-0.0000,0.0001,-0.0000,1.0000,0.2433,-0.0305,0.0089
1227,Left,2,0.2150,0.0301,-0.9670,-0.1331,0.0067,0.0044,-0.0005,-0.0191,0.0123,-0.0374,-3.9660,-1.1355,8.8621,0.0001,0.0001,-0.0000,1.0000,-0.0991,-0.0284,0.2216
1227,Right,2,0.1484,-0.1624,-0.8899,-0.3996,0.0102,0.0053,0.0045,-0.0311,0.0066,-0.0952,-3.8034,1.6779,8.7834,0.0001,0.0001,0.0001,1.0000,-0.0951,0.0419,0.2196
1227,Pelvis,2,0.5227,-0.4563,0.5962,0.4039,-0.0039,0.0072,-0.0026,0.0266,0.0115,-0.0175,9.7121,-1.2217,0.3594,-0.0000,0.0001,-0.0000,1.0000,0.2428,-0.0306,0.0090
1228,Left,2,0.2149,0.0301,-0.9671,-0.1330,0.0073,0.0026,0.0002,-0.0202,0.0017,-0.0391,-3.9671,-1.1242,8.8612,0.0001,0.0000,0.0000,1.0000,-0.0992,-0.0281,0.2215
1228,Right,2,0.1484,-0.1624,-0.8899,-0.3996,0.0095,0.0048,0.0045,-0.0210,0.0160,-0.0628,-3.8171,1.6695,8.8149,0.0001,0.0001,0.0001,1.0000,-0.0954,0.0417,0.2204
1228,Pelvis,2,0.5227,-0.4562,0.5962,0.4039,-0.0075,0.0066,-0.0018,0.0304,-0.0178,-0.0140,9.7149,-1.2180,0.3899,-0.0001,0.0001,-0.0000,1.0000,0.2429,-0.0305,0.0097
1229,Left,2,0.2150,0.0301,-0.9671,-0.1330,0.0079,0.0038,0.0002,-0.0326,0.0020,-0.0334,-3.9589,-1.1214,8.8716,0.0001,0.0000,0.0000,1.0000,-0.0990,-0.0281,0.2218
1229,Right,2,0.1485,-0.1624,-0.8899,-0.3996,0.0094,0.0033,0.0022,-0.0332,0.0127,-0.0764,-3.8067,1.6778,8.8029,0.0001,0.0000,0.0000,1.0000,-0.0952,0.0419,0.2201
1229,Pelvis,2,0.5226,-0.4562,0.5962,0.4040,-0.0093,0.0090,-0.0013,0.0546,-0.0023,0.0084,9.7341,-1.2477,0.3831,-0.0001,0.0001,-0.0000,1.0000,0.2434,-0.0312,0.0096
1230,Left,2,0.2150,0.0300,-0.9671,-0.1329,0.0073,0.0037,-0.0017,-0.0130,0.0059,-0.0251,-3.9788,-1.1303,8.8707,0.0001,0.0000,-0.0000,1.0000,-0.0995,-0.0283,0.2218
1230,Right,2,0.1485,-0.1624,-0.8899,-0.3996,0.0099,0.0024,0.0054,-0.0219,0.0114,-0.0935,-3.8083,1.6665,8.7853,0.0001,0.0000,0.0001,1.0000,-0.0952,0.0416,0.2196
1230,Pelvis,2,0.5225,-0.4563,0.5963,0.4041,-0.0070,0.0102,-0.0027,0.0429,0.0057,0.0057,9.7329,-1.2386,0.3744,-0.0001,0.0001,-0.0000,1.0000,0.2433,-0.0310,0.0093
1231,Left,2,0.2150,0.0300,-0.9671,-0.1329,0.0072,0.0050,0.0007,-0.0198,-0.0016,-0.0391,-3.9696,-1.1193,8.8607,0.0001,0.0001,0.0000,1.0000,-0.0992,-0.0280,0.2215
1231,Right,2,0.1485,-0.1624,-0.8899,-0.3997,0.0100,0.0034,0.0041,-0.0321,0.0190,-0.0882,-3.7992,1.6700,8.7946,0.0001,0.0000,0.0001,1.0000,-0.0950,0.0417,0.2199
1231,Pelvis,2,0.5224,-0.4563,0.5963,0.4042,-0.0069,0.0090,-0.0026,0.0562,-0.0045,-0.0108,9.7146,-1.2470,0.3892,-0.0001,0.0001,-0.0000,1.0000,0.2429,-0.0312,0.0097
1232,Left,2,0.2150,0.0300,-0.9671,-0.1329,0.0062,0.0043,-0.0030,-0.0298,0.0081,-0.0317,-3.9613,-1.1266,8.8717,0.0001,0.0001,-0.0000,1.0000,-0.0990,-0.0282,0.2218
1232,Right,2,0.1485,-0.1624,-0.8899,-0.3996,0.0113,0.0036,0.0065,-0.0076,0.0161,-0.1008,-3.8120,1.6510,8.7786,0.0001,0.0000,0.0001,1.0000,-0.0953,0.0412,0.2195
1232,Pelvis,2,0.5223,-0.4562,0.5963,0.4042,-0.0063,0.0084,-0.0014,0.0450,0.0031,-0.0134,9.7134,-1.2379,0.3804,-0.0001,0.0001,-0.0000,1.0000,0.2428,-0.0310,0.0095
1233,Left,2,0.2150,0.0300,-0.9671,-0.1329,0.0073,0.0032,-0.0004,-0.0366,0.0006,-0.0458,-3.9519,-1.1159,8.8618,0.0001,0.0000,-0.0000,1.0000,-0.0988,-0.0279,0.2215
1233,Right,2,0.1486,-0.1624,-0.8899,-0.3996,0.0100,0.0034,0.0034,-0.0231,0.0128,-0.0837,-3.8114,1.6676,8.7947,0.0001,0.0000,0.0000,1.0000,-0.0953,0.0417,0.2199
1233,Pelvis,2,0.5223,-0.4562,0.5963,0.4043,-0.0068,0.0079,0.0005,0.0562,-0.0140,-0.0000,9.7252,-1.2453,0.4016,-0.0001,0.0001,0.0000,1.0000,0.2431,-0.0311,0.0100
1234,Left,2,0.2150,0.0300,-0.9671,-0.1329,0.0067,0.0031,-0.0011,-0.0223,0.0256,-0.0375,-3.9614,-1.1440,8.8631,0.0001,0.0000,-0.0000,1.0000,-0.0990,-0.0286,0.2216
1234,Right,2,0.1486,-0.1624,-0.8898,-0.3997,0.0109,0.0064,0.0031,-0.0227,0.0237,-0.0864,-3.8040,1.6594,8.7964,0.0001,0.0001,0.0000,1.0000,-0.0951,0.0415,0.2199
1234,Pelvis,2,0.5222,-0.4562,0.5963,0.4044,-0.0068,0.0085,0.0005,0.0243,0.0097,-0.0079,9.7215,-1.2196,0.3712,-0.0001,0.0001,0.0000,1.0000,0.2430,-0.0305,0.0093
1235,Left,2,0.2150,0.0299,-0.9671,-0.1328,0.0067,0.0044,-0.0011,-0.0291,0.0048,-0.0317,-3.9636,-1.1224,8.8712,0.0001,0.0001,-0.0000,1.0000,-0.0991,-0.0281,0.2218
1235,Right,2,0.1486,-0.1624,-0.8898,-0.3997,0.0114,0.0052,0.0039,-0.0302,0.0106,-0.0746,-3.8135,1.6752,8.8023,0.0001,0.0001,0.0000,1.0000,-0.0953,0.0418,0.2201
1235,Pelvis,2,0.5222,-0.4562,0.5964,0.4044,-0.0093,0.0091,-0.0006,0.0358,-0.0083,-0.0041,9.7236,-1.2272,0.3935,-0.0001,0.0001,-0.0000,1.0000,0.2431,-0.0307,0.0098
1236,Left,2,0.2150,0.0299,-0.9671,-0.1328,0.0073,0.0044,-0.0017,-0.0052,0.0095,-0.0324,-3.9829,-1.1322,8.8605,0.0001,0.0001,-0.0000,1.0000,-0.0996,-0.0283,0.2215
1236,Right,2,0.1487,-0.1624,-0.8898,-0.3996,0.0114,0.0057,0.0032,-0.0162,0.0043,-0.0791,-3.8255,1.6677,8.7936,0.0001,0.0001,0.0000,1.0000,-0.0956,0.0417,0.2199
1236,Pelvis,2,0.5220,-0.4563,0.5964,0.4045,-0.0098,0.0079,0.0007,0.0366,0.0087,-0.0256,9.7022,-1.2297,0.3779,-0.0001,0.0001,0.0000,1.0000,0.2426,-0.0307,0.0094
1237,Left,2,0.2151,0.0299,-0.9671,-0.1328,0.0055,0.0037,-0.0011,-0.0302,0.0111,-0.0210,-3.9658,-1.1287,8.8812,0.0001,0.0000,-0.0000,1.0000,-0.0991,-0.0282,0.2220
1237,Right,2,0.1487,-0.1624,-0.8898,-0.3996,0.0100,0.0030,0.0053,-0.0109,0.0236,-0.0720,-3.8195,1.6525,8.8069,0.0001,0.0000,0.0001,1.0000,-0.0955,0.0413,0.2202
1237,Pelvis,2,0.5219,-0.4564,0.5963,0.4046,-0.0099,0.0023,-0.0015,0.0397,-0.0202,-0.0221,9.7050,-1.2265,0.4078,-0.0001,0.0000,-0.0000,1.0000,0.2426,-0.0307,0.0102
1238,Left,2,0.2150,0.0299,-0.9671,-0.1328,0.0080,0.0019,-0.0022,-0.0209,0.0212,-0.0374,-3.9645,-1.1386,8.8624,0.0001,0.0000,-0.0000,1.0000,-0.0991,-0.0285,0.2216
1238,Right,2,0.1487,-0.1624,-0.8898,-0.3997,0.0081,0.0017,0.0036,-0.0257,0.0071,-0.0828,-3.8170,1.6716,8.7925,0.0001,0.0000,0.0000,1.0000,-0.0954,0.0418,0.2198
1238,Pelvis,2,0.5218,-0.4565,0.5963,0.4047,-0.0080,0.0030,0.0002,0.0584,-0.0175,-0.0192,9.7054,-1.2459,0.4102,-0.0001,0.0000,0.0000,1.0000,0.2426,-0.0311,0.0102
1239,Left,2,0.2151,0.0299,-0.9671,-0.1329,0.0061,0.0025,-0.0005,-0.0249,0.0012,-0.0408,-3.9656,-1.1177,8.8609,0.0001,0.0000,-0.0000,1.0000,-0.0991,-0.0280,0.2215
1239,Right,2,0.1487,-0.1624,-0.8898,-0.3998,0.0111,0.0011,0.0056,-0.0175,0.0082,-0.0909,-3.8184,1.6625,8.7846,0.0001,0.0000,0.0001,1.0000,-0.0955,0.0415,0.2196
1239,Pelvis,2,0.5219,-0.4564,0.5963,0.4046,-0.0055,0.0012,0.0014,0.0338,0.0087,-0.0161,9.7118,-1.2297,0.3785,-0.0001,0.0000,0.0000,1.0000,0.2428,-0.0307,0.0095
1240,Left,2,0.2151,0.0299,-0.9671,-0.1328,0.0062,0.0025,-0.0023,-0.0229,-0.0040,-0.0194,-3.9774,-1.1154,8.8795,0.0001,0.0000,-0.0000,1.0000,-0.0994,-0.0279,0.2220
1240,Right,2,0.1487,-0.1623,-0.8898,-0.3998,0.0091,-0.0005,0.0070,-0.0253,0.0108,-0.0729,-3.8184,1.6697,8.8032,0.0001,-0.0000,0.0001,1.0000,-0.0955,0.0417,0.2201
1240,Pelvis,2,0.5218,-0.4565,0.5963,0.4047,-0.0066,0.0001,0.0028,0.0414,0.0110,-0.0050,9.7217,-1.2399,0.3786,-0.0001,0.0000,0.0000,1.0000,0.2430,-0.0310,0.0095
1241,Left,2,0.2151,0.0299,-0.9671,-0.1328,0.0062,0.0025,-0.0023,-0.0123,0.0156,-0.0341,-3.9757,-1.1352,8.8615,0.0001,0.0000,-0.0000,1.0000,-0.0994,-0.0284,0.2215
1241,Right,2,0.1487,-0.1623,-0.8898,-0.3998,0.0110,0.0005,0.0056,-0.0062,0.0153,-0.0891,-3.8207,1.6493,8.7881,0.0001,0.0000,0.0001,1.0000,-0.0955,0.0412,0.2197
1241,Pelvis,2,0.5217,-0.4566,0.5962,0.4048,-0.0018,0.0025,0.0018,0.0392,0.0032,0.0153,9.7420,-1.2391,0.3865,-0.0000,0.0000,0.0000,1.0000,0.2436,-0.0310,0.0097
1242,Left,2,0.2151,0.0299,-0.9671,-0.1328,0.0068,0.0019,-0.0022,-0.0298,0.0190,-0.0408,-3.9567,-1.1332,8.8630,0.0001,0.0000,-0.0000,1.0000,-0.0989,-0.0283,0.2216
1242,Right,2,0.1487,-0.1623,-0.8898,-0.3998,0.0117,0.0011,0.0062,-0.0218,0.0120,-0.0720,-3.8194,1.6662,8.8044,0.0001,0.0000,0.0001,1.0000,-0.0955,0.0416,0.2201
1242,Pelvis,2,0.5215,-0.4567,0.5962,0.4049,-0.0018,0.0099,0.0020,0.0077,0.0092,0.0193,9.7499,-1.2114,0.3742,-0.0000,0.0001,0.0000,1.0000,0.2438,-0.0303,0.0093
1243,Left,2,0.2151,0.0299,-0.9671,-0.1328,0.0056,0.0019,-0.0023,-0.0244,0.0147,-0.0284,-3.9675,-1.1317,8.8719,0.0001,0.0000,-0.0000,1.0000,-0.0992,-0.0283,0.2218
1243,Right,2,0.1486,-0.1623,-0.8898,-0.3998,0.0110,0.0007,0.0075,-0.0263,0.0147,-0.0847,-3.8096,1.6658,8.7947,0.0001,0.0000,0.0001,1.0000,-0.0952,0.0416,0.2199
1243,Pelvis,2,0.5214,-0.4567,0.5962,0.4050,-0.0042,0.0087,0.0028,0.0004,0.0151,-0.0025,9.7292,-1.2036,0.3676,-0.0001,0.0001,0.0000,1.0000,0.2432,-0.0301,0.0092
1244,Left,2,0.2151,0.0299,-0.9671,-0.1327,0.0074,0.0031,-0.0029,-0.0114,0.0079,-0.0662,-3.9652,-1.1237,8.8323,0.0001,0.0000,-0.0000,1.0000,-0.0991,-0.0281,0.2208
1244,Right,2,0.1486,-0.1623,-0.8898,-0.3998,0.0109,-0.0011,0.0083,-0.0285,0.0124,-0.0847,-3.8092,1.6689,8.7943,0.0001,-0.0000,0.0001,1.0000,-0.0952,0.0417,0.2199
1244,Pelvis,2,0.5213,-0.4568,0.5962,0.4051,-0.0061,0.0055,0.0006,0.0217,0.0161,-0.0187,9.7101,-1.2238,0.3731,-0.0001,0.0001,0.0000,1.0000,0.2428,-0.0306,0.0093
1245,Left,2,0.2150,0.0298,-0.9671,-0.1327,0.0074,0.0019,-0.0016,-0.0129,0.0018,-0.0358,-3.9778,-1.1205,8.8606,0.0001,0.0000,-0.0000,1.0000,-0.0994,-0.0280,0.2215
1245,Right,2,0.1486,-0.1623,-0.8898,-0.3997,0.0109,-0.0018,0.0071,-0.0333,0.0125,-0.0757,-3.8087,1.6743,8.8035,0.0001,-0.0000,0.0001,1.0000,-0.0952,0.0418,0.2201
1245,Pelvis,2,0.5212,-0.4569,0.5962,0.4052,-0.0043,0.0055,0.0011,0.0279,0.0279,-0.0088,9.7191,-1.2347,0.3647,-0.0001,0.0001,0.0000,1.0000,0.2430,-0.0309,0.0091
1246,Left,2,0.2150,0.0298,-0.9671,-0.1327,0.0086,0.0013,-0.0028,-0.0265,0.0240,-0.0391,-3.9579,-1.1376,8.8637,0.0001,0.0000,-0.0000,1.0000,-0.0989,-0.0285,0.2216
1246,Right,2,0.1486,-0.1623,-0.8899,-0.3997,0.0111,0.0013,0.0080,-0.0246,0.0136,-0.0838,-3.8096,1.6658,8.7957,0.0001,0.0000,0.0001,1.0000,-0.0952,0.0416,0.2199
1246,Pelvis,2,0.5212,-0.4568,0.5963,0.4051,-0.0006,0.0030,-0.0001,0.0417,0.0088,-0.0146,9.7114,-1.2426,0.3870,-0.0000,0.0000,-0.0000,1.0000,0.2428,-0.0311,0.0097
1247,Left,2,0.2150,0.0298,-0.9671,-0.1327,0.0050,0.0012,-0.0041,-0.0385,0.0243,-0.0334,-3.9492,-1.1353,8.8742,0.0001,0.0000,-0.0001,1.0000,-0.0987,-0.0284,0.2219
1247,Right,2,0.1485,-0.1622,-0.8899,-0.3997,0.0110,-0.0003,0.0045,-0.0262,-0.0044,-0.0900,-3.8176,1.6774,8.7831,0.0001,-0.0000,0.0001,1.0000,-0.0954,0.0419,0.2196
1247,Pelvis,2,0.5212,-0.4568,0.5963,0.4051,0.0013,0.0013,0.0011,0.0452,0.0311,0.0037,9.7292,-1.2542,0.3674,0.0000,0.0000,0.0000,1.0000,0.2432,-0.0314,0.0092
1248,Left,2,0.2149,0.0298,-0.9671,-0.1327,0.0050,0.0006,-0.0035,-0.0130,0.0205,-0.0448,-3.9671,-1.1369,8.8534,0.0001,0.0000,-0.0000,1.0000,-0.0992,-0.0284,0.2213
1248,Right,2,0.1485,-0.1622,-0.8899,-0.3996,0.0111,0.0010,0.0050,-0.0233,0.0016,-0.0801,-3.8190,1.6730,8.7943,0.0001,0.0000,0.0001,1.0000,-0.0955,0.0418,0.2199
1248,Pelvis,2,0.5212,-0.4568,0.5963,0.4050,0.0043,-0.0005,0.0004,0.0502,0.0011,-0.0024,9.7222,-1.2514,0.3975,0.0001,-0.0000,0.0000,1.0000,0.2431,-0.0313,0.0099
1249,Left,2,0.2149,0.0299,-0.9671,-0.1327,0.0050,-0.0000,-0.0029,-0.0201,0.0175,-0.0267,-3.9687,-1.1346,8.8729,0.0001,-0.0000,-0.0000,1.0000,-0.0992,-0.0284,0.2218
1249,Right,2,0.1485,-0.1622,-0.8899,-0.3996,0.0099,0.0019,0.0067,-0.0306,0.0067,-0.0838,-3.8094,1.6746,8.7941,0.0001,0.0000,0.0001,1.0000,-0.0952,0.0418,0.2199
1249,Pelvis,2,0.5214,-0.4567,0.5965,0.4048,0.0081,-0.0035,0.0022,0.0488,0.0189,-0.0143,9.7106,-1.2539,0.3788,0.0001,-0.0000,0.0000,1.0000,0.2428,-0.0313,0.0095
1250,Left,2,0.2149,0.0299,-0.9671,-0.1327,0.0050,-0.0000,-0.0035,-0.0235,0.0110,-0.0498,-3.9576,-1.1251,8.8536,0.0001,-0.0000,-0.0000,1.0000,-0.0989,-0.0281,0.2213
1250,Right,2,0.1485,-0.1622,-0.8899,-0.3997,0.0105,0.0017,0.0055,-0.0014,0.0121,-0.0864,-3.8234,1.6483,8.7901,0.0001,0.0000,0.0001,1.0000,-0.0956,0.0412,0.2198
1250,Pelvis,2,0.5215,-0.4566,0.5965,0.4046,0.0130,-0.0028,0.0032,0.0598,0.0016,-0.0009,9.7224,-1.2619,0.3978,0.0002,-0.0000,0.0000,1.0000,0.2431,-0.0315,0.0099
1251,Left,2,0.2148,0.0299,-0.9671,-0.1327,0.0043,0.0006,-0.0017,-0.0300,0.0081,-0.0317,-3.9592,-1.1229,8.8731,0.0001,0.0000,-0.0000,1.0000,-0.0990,-0.0281,0.2218
1251,Right,2,0.1485,-0.1622,-0.8899,-0.3996,0.0110,0.0005,0.0056,-0.0188,-0.0019,-0.0882,-3.8206,1.6700,8.7852,0.0001,0.0000,0.0001,1.0000,-0.0955,0.0417,0.2196
1251,Pelvis,2,0.5216,-0.4564,0.5967,0.4043,0.0136,-0.0022,0.0025,0.0140,0.0346,-0.0019,9.7273,-1.2277,0.3539,0.0002,-0.0000,0.0000,1.0000,0.2432,-0.0307,0.0088
1252,Left,2,0.2148,0.0299,-0.9671,-0.1327,0.0050,0.0012,-0.0023,-0.0348,0.0101,-0.0441,-3.9488,-1.1224,8.8642,0.0001,0.0000,-0.0000,1.0000,-0.0987,-0.0281,0.2216
1252,Right,2,0.1485,-0.1622,-0.8899,-0.3996,0.0111,0.0015,0.0043,-0.0264,0.0189,-0.0856,-3.8028,1.6630,8.7972,0.0001,0.0000,0.0001,1.0000,-0.0951,0.0415,0.2199
1252,Pelvis,2,0.5218,-0.4563,0.5968,0.4041,0.0106,-0.0022,0.0033,0.0029,0.0336,0.0063,9.7368,-1.2185,0.3517,0.0001,-0.0000,0.0000,1.0000,0.2434,-0.0305,0.0088
1253,Left,2,0.2148,0.0299,-0.9671,-0.1327,0.0043,0.0037,-0.0024,-0.0095,0.0064,-0.0555,-3.9672,-1.1239,8.8432,0.0001,0.0000,-0.0000,1.0000,-0.0992,-0.0281,0.2211
1253,Right,2,0.1485,-0.1622,-0.8899,-0.3996,0.0093,0.0023,0.0048,-0.0049,0.0185,-0.0891,-3.8154,1.6460,8.7910,0.0001,0.0000,0.0001,1.0000,-0.0954,0.0411,0.2198
1253,Pelvis,2,0.5218,-0.4563,0.5969,0.4041,0.0086,0.0014,0.0013,0.0136,0.0252,0.0089,9.7379,-1.2276,0.3626,0.0001,0.0000,0.0000,1.0000,0.2434,-0.0307,0.0091
1254,Left,2,0.2148,0.0299,-0.9671,-0.1327,0.0044,0.0030,-0.0036,-0.0267,-0.0039,-0.0424,-3.9600,-1.1116,8.8624,0.0001,0.0000,-0.0000,1.0000,-0.0990,-0.0278,0.2216
1254,Right,2,0.1485,-0.1622,-0.8899,-0.3996,0.0117,0.0018,0.0073,-0.0305,0.0143,-0.0856,-3.8032,1.6686,8.7960,0.0001,0.0000,0.0001,1.0000,-0.0951,0.0417,0.2199
1254,Pelvis,2,0.5217,-0.4564,0.5969,0.4041,0.0087,0.0002,0.0026,0.0077,0.0122,-0.0106,9.7190,-1.2175,0.3736,0.0001,0.0000,0.0000,1.0000,0.2430,-0.0304,0.0093
1255,Left,2,0.2148,0.0300,-0.9671,-0.1327,0.0037,0.0024,-0.0030,-0.0269,0.0130,-0.0300,-3.9606,-1.1298,8.8735,0.0000,0.0000,-0.0000,1.0000,-0.0990,-0.0283,0.2218
1255,Right,2,0.1485,-0.1622,-0.8899,-0.3996,0.0100,0.0036,0.0053,-0.0249,0.0179,-0.0847,-3.8050,1.6622,8.7974,0.0001,0.0000,0.0001,1.0000,-0.0951,0.0415,0.2199
1255,Pelvis,2,0.5217,-0.4563,0.5969,0.4040,0.0055,-0.0012,-0.0002,0.0170,0.0134,-0.0091,9.7192,-1.2274,0.3747,0.0001,-0.0000,-0.0000,1.0000,0.2430,-0.0307,0.0094
1256,Left,2,0.2148,0.0300,-0.9671,-0.1327,0.0050,0.0024,-0.0030,-0.0282,0.0024,-0.0317,-3.9614,-1.1194,8.8726,0.0001,0.0000,-0.0000,1.0000,-0.0990,-0.0280,0.2218
1256,Right,2,0.1486,-0.1621,-0.8899,-0.3997,0.0093,0.0017,0.0042,-0.0134,0.0166,-0.1017,-3.8066,1.6509,8.7800,0.0001,0.0000,0.0001,1.0000,-0.0952,0.0412,0.2195
1256,Pelvis,2,0.5218,-0.4563,0.5970,0.4039,0.0068,-0.0036,0.0005,0.0362,0.0247,-0.0169,9.7091,-1.2480,0.3677,0.0001,-0.0000,0.0000,1.0000,0.2427,-0.0312,0.0092
1257,Left,2,0.2148,0.0300,-0.9671,-0.1327,0.0043,0.0043,-0.0024,-0.0227,0.0117,-0.0390,-3.9609,-1.1291,8.8635,0.0001,0.0001,-0.0000,1.0000,-0.0990,-0.0282,0.2216
1257,Right,2,0.1486,-0.1621,-0.8899,-0.3997,0.0087,0.0018,0.0048,-0.0298,0.0106,-0.0630,-3.8154,1.6730,8.8148,0.0001,0.0000,0.0001,1.0000,-0.0954,0.0418,0.2204
1257,Pelvis,2,0.5219,-0.4563,0.5969,0.4038,0.0056,-0.0061,0.0001,0.0235,0.0248,0.0008,9.7283,-1.2381,0.3638,0.0001,-0.0001,0.0000,1.0000,0.2432,-0.0310,0.0091
1258,Left,2,0.2149,0.0300,-0.9671,-0.1326,0.0043,0.0031,-0.0012,-0.0296,0.0043,-0.0531,-3.9515,-1.1189,8.8535,0.0001,0.0000,-0.0000,1.0000,-0.0988,-0.0280,0.2213
1258,Right,2,0.1486,-0.1621,-0.8899,-0.3997,0.0094,0.0035,0.0040,-0.0391,0.0051,-0.0856,-3.8045,1.6790,8.7934,0.0001,0.0000,0.0001,1.0000,-0.0951,0.0419,0.2198
1258,Pelvis,2,0.5219,-0.4563,0.5969,0.4038,0.0081,-0.0054,0.0011,0.0336,0.0166,0.0034,9.7295,-1.2468,0.3733,0.0001,-0.0001,0.0000,1.0000,0.2432,-0.0312,0.0093
1259,Left,2,0.2149,0.0300,-0.9671,-0.1325,0.0049,0.0037,-0.0012,-0.0204,0.0190,-0.0374,-3.9621,-1.1371,8.8638,0.0001,0.0000,-0.0000,1.0000,-0.0990,-0.0284,0.2216
1259,Right,2,0.1486,-0.1621,-0.8899,-0.3997,0.0106,0.0023,0.0048,-0.0175,0.0047,-0.0891,-3.8173,1.6619,8.7872,0.0001,0.0000,0.0001,1.0000,-0.0954,0.0415,0.2197
1259,Pelvis,2,0.5220,-0.4563,0.5969,0.4037,0.0080,-0.0043,-0.0008,0.0212,0.0253,0.0104,9.7381,-1.2380,0.3607,0.0001,-0.0001,-0.0000,1.0000,0.2435,-0.0310,0.0090
1260,Left,2,0.2149,0.0300,-0.9671,-0.1326,0.0037,0.0043,-0.0025,-0.0214,0.0083,-0.0390,-3.9633,-1.1266,8.8627,0.0000,0.0001,-0.0000,1.0000,-0.0991,-0.0282,0.2216
1260,Right,2,0.1486,-0.1621,-0.8899,-0.3997,0.0107,0.0040,0.0040,-0.0068,0.0165,-0.0782,-3.8208,1.6481,8.8004,0.0001,0.0000,0.0000,1.0000,-0.0955,0.0412,0.2200
1260,Pelvis,2,0.5221,-0.4563,0.5970,0.4036,0.0080,-0.0023,0.0010,0.0232,0.0058,0.0127,9.7400,-1.2358,0.3795,0.0001,-0.0000,0.0000,1.0000,0.2435,-0.0309,0.0095
1261,Left,2,0.2149,0.0300,-0.9671,-0.1326,0.0049,0.0043,-0.0030,-0.0188,0.0167,-0.0374,-3.9638,-1.1357,8.8632,0.0001,0.0001,-0.0000,1.0000,-0.0991,-0.0284,0.2216
1261,Right,2,0.1487,-0.1621,-0.8899,-0.3996,0.0108,0.0047,0.0045,-0.0087,0.0142,-0.0782,-3.8216,1.6509,8.7995,0.0001,0.0001,0.0001,1.0000,-0.0955,0.0412,0.2200
1261,Pelvis,2,0.5221,-0.4562,0.5970,0.4035,0.0044,-0.0017,0.0011,0.0343,0.0060,0.0046,9.7305,-1.2458,0.3812,0.0001,-0.0000,0.0000,1.0000,0.2433,-0.0311,0.0095
1262,Left,2,0.2149,0.0300,-0.9671,-0.1326,0.0049,0.0049,-0.0018,-0.0253,0.0092,-0.0514,-3.9546,-1.1254,8.8532,0.0001,0.0001,-0.0000,1.0000,-0.0989,-0.0281,0.2213
1262,Right,2,0.1487,-0.1621,-0.8899,-0.3996,0.0101,0.0048,0.0051,-0.0285,0.0052,-0.0927,-3.8098,1.6688,8.7851,0.0001,0.0001,0.0001,1.0000,-0.0952,0.0417,0.2196
1262,Pelvis,2,0.5222,-0.4562,0.5970,0.4034,0.0020,-0.0053,0.0026,0.0201,-0.0002,-0.0271,9.7009,-1.2272,0.3812,0.0000,-0.0001,0.0000,1.0000,0.2425,-0.0307,0.0095
1263,Left,2,0.2149,0.0300,-0.9671,-0.1326,0.0049,0.0037,-0.0018,-0.0160,0.0059,-0.0481,-3.9652,-1.1250,8.8521,0.0001,0.0000,-0.0000,1.0000,-0.0991,-0.0281,0.2213
1263,Right,2,0.1487,-0.1621,-0.8899,-0.3996,0.0113,0.0032,0.0029,-0.0198,0.0064,-0.1008,-3.8118,1.6599,8.7770,0.0001,0.0000,0.0000,1.0000,-0.0953,0.0415,0.2194
1263,Pelvis,2,0.5223,-0.4562,0.5970,0.4033,0.0013,-0.0054,0.0015,0.0402,-0.0071,-0.0230,9.7023,-1.2460,0.3917,0.0000,-0.0001,0.0000,1.0000,0.2426,-0.0311,0.0098
1264,Left,2,0.2149,0.0300,-0.9671,-0.1325,0.0061,0.0031,-0.0011,-0.0265,0.0335,-0.0283,-3.9567,-1.1512,8.8745,0.0001,0.0000,-0.0000,1.0000,-0.0989,-0.0288,0.2219
1264,Right,2,0.1487,-0.1621,-0.8899,-0.3997,0.0112,0.0021,0.0042,-0.0278,0.0088,-0.0828,-3.8125,1.6672,8.7953,0.0001,0.0000,0.0001,1.0000,-0.0953,0.0416,0.2199
1264,Pelvis,2,0.5222,-0.4564,0.5969,0.4033,-0.0004,-0.0059,0.0034,0.0365,-0.0053,-0.0038,9.7217,-1.2464,0.3885,-0.0000,-0.0001,0.0000,1.0000,0.2430,-0.0311,0.0097
1265,Left,2,0.2148,0.0300,-0.9672,-0.1325,0.0055,0.0025,-0.0017,-0.0252,-0.0036,-0.0531,-3.9571,-1.1126,8.8518,0.0001,0.0000,-0.0000,1.0000,-0.0989,-0.0278,0.2213
1265,Right,2,0.1487,-0.1621,-0.8899,-0.3996,0.0100,0.0037,0.0065,-0.0324,0.0089,-0.0738,-3.8130,1.6723,8.8041,0.0001,0.0000,0.0001,1.0000,-0.0953,0.0418,0.2201
1265,Pelvis,2,0.5223,-0.4564,0.5969,0.4032,-0.0010,-0.0084,0.0030,0.0402,-0.0163,-0.0122,9.7129,-1.2462,0.3973,-0.0000,-0.0001,0.0000,1.0000,0.2428,-0.0311,0.0100
1266,Left,2,0.2148,0.0300,-0.9672,-0.1325,0.0068,0.0013,-0.0016,-0.0126,0.0120,-0.0464,-3.9665,-1.1313,8.8526,0.0001,0.0000,-0.0000,1.0000,-0.0992,-0.0283,0.2213
1266,Right,2,0.1487,-0.1621,-0.8899,-0.3996,0.0105,0.0011,0.0056,-0.0209,0.0077,-0.0908,-3.8145,1.6612,8.7866,0.0001,0.0000,0.0001,1.0000,-0.0954,0.0415,0.2197
1266,Pelvis,2,0.5223,-0.4565,0.5969,0.4031,-0.0028,-0.0096,0.0037,0.0326,-0.0372,-0.0114,9.7145,-1.2352,0.4133,-0.0000,-0.0001,0.0000,1.0000,0.2429,-0.0309,0.0104
1267,Left,2,0.2148,0.0300,-0.9672,-0.1325,0.0074,0.0001,-0.0021,-0.0252,0.0121,-0.0407,-3.9577,-1.1287,8.8632,0.0001,0.0000,-0.0000,1.0000,-0.0989,-0.0282,0.2216
1267,Right,2,0.1487,-0.1620,-0.8899,-0.3996,0.0099,0.0018,0.0061,-0.0132,0.0062,-0.0772,-3.8258,1.6583,8.7974,0.0001,0.0000,0.0001,1.0000,-0.0956,0.0414,0.2199
1267,Pelvis,2,0.5224,-0.4566,0.5968,0.4030,-0.0070,-0.0121,0.0041,0.0308,-0.0454,0.0090,9.7349,-1.2348,0.4183,-0.0001,-0.0002,0.0001,1.0000,0.2434,-0.0309,0.0105
1268,Left,2,0.2147,0.0300,-0.9672,-0.1324,0.0075,-0.0048,-0.0026,-0.0013,0.0170,-0.0414,-3.9754,-1.1386,8.8532,0.0001,-0.0001,-0.0000,1.0000,-0.0994,-0.0285,0.2213
1268,Right,2,0.1488,-0.1621,-0.8899,-0.3995,0.0119,0.0039,0.0096,-0.0181,0.0063,-0.0682,-3.8262,1.6637,8.8061,0.0001,0.0000,0.0001,1.0000,-0.0956,0.0415,0.2202
1268,Pelvis,2,0.5223,-0.4569,0.5967,0.4030,-0.0116,-0.0074,0.0114,0.0155,-0.0948,0.0310,9.7585,-1.2118,0.4599,-0.0001,-0.0001,0.0001,1.0000,0.2440,-0.0303,0.0115
1269,Left,2,0.2145,0.0301,-0.9673,-0.1323,0.0052,-0.0080,-0.0038,-0.0097,0.0182,-0.0447,-3.9641,-1.1371,8.8548,0.0001,-0.0001,-0.0000,1.0000,-0.0991,-0.0284,0.2214
1269,Right,2,0.1488,-0.1621,-0.8900,-0.3994,0.0152,0.0067,0.0087,-0.0300,0.0032,-0.0818,-3.8158,1.6733,8.7938,0.0002,0.0001,0.0001,1.0000,-0.0954,0.0418,0.2199
1269,Pelvis,2,0.5222,-0.4571,0.5967,0.4029,-0.0259,-0.0004,0.0203,-0.0021,-0.0391,0.0225,9.7521,-1.2126,0.3993,-0.0003,-0.0000,0.0003,1.0000,0.2438,-0.0302,0.0100
1270,Left,2,0.2143,0.0301,-0.9673,-0.1323,0.0023,-0.0154,-0.0042,-0.0025,-0.0039,0.0087,-3.9949,-1.1244,8.9015,0.0000,-0.0002,-0.0001,1.0000,-0.0999,-0.0281,0.2225
1270,Right,2,0.1488,-0.1623,-0.8899,-0.3994,0.0211,0.0127,0.0111,-0.0141,0.0259,-0.0825,-3.8122,1.6486,8.7992,0.0003,0.0002,0.0001,1.0000,-0.0953,0.0411,0.2200
1270,Pelvis,2,0.5218,-0.4576,0.5966,0.4029,-0.0335,-0.0031,0.0275,0.1005,-0.0393,0.0698,9.7849,-1.3230,0.4259,-0.0004,-0.0000,0.0003,1.0000,0.2446,-0.0330,0.0107
1271,Left,2,0.2141,0.0304,-0.9673,-0.1322,-0.0111,-0.0205,-0.0021,-0.0222,0.0172,-0.0390,-3.9484,-1.1368,8.8682,-0.0001,-0.0003,-0.0000,1.0000,-0.0988,-0.0284,0.2217
1271,Right,2,0.1489,-0.1626,-0.8899,-0.3994,0.0250,0.0166,0.0157,0.0016,0.0146,-0.0742,-3.8356,1.6483,8.7982,0.0003,0.0002,0.0002,1.0000,-0.0959,0.0411,0.2200
1271,Pelvis,2,0.5215,-0.4580,0.5966,0.4029,-0.0292,0.0025,0.0282,0.1661,-0.0108,0.0682,9.7738,-1.4003,0.4136,-0.0004,0.0000,0.0004,1.0000,0.2444,-0.0349,0.0103
1272,Left,2,0.2139,0.0307,-0.9674,-0.1321,-0.0165,-0.0171,-0.0061,-0.0154,0.0404,-0.0125,-3.9544,-1.1683,8.8906,-0.0002,-0.0002,-0.0001,1.0000,-0.0989,-0.0292,0.2223
1272,Right,2,0.1490,-0.1628,-0.8898,-0.3994,0.0262,0.0153,0.0152,-0.0107,0.0115,-0.0879,-3.8273,1.6612,8.7843,0.0003,0.0002,0.0002,1.0000,-0.0956,0.0414,0.2196
1272,Pelvis,2,0.5211,-0.4583,0.5967,0.4030,-0.0270,0.0177,0.0267,0.1823,-0.0221,0.0421,9.7448,-1.4163,0.4287,-0.0003,0.0002,0.0003,1.0000,0.2436,-0.0353,0.0107
1273,Left,2,0.2137,0.0309,-0.9674,-0.1321,-0.0095,-0.0125,-0.0017,0.0014,0.0210,-0.0397,-3.9591,-1.1548,8.8603,-0.0001,-0.0002,-0.0000,1.0000,-0.0990,-0.0288,0.2215
1273,Right,2,0.1490,-0.1630,-0.8898,-0.3992,0.0230,0.0135,0.0135,-0.0134,0.0065,-0.0662,-3.8397,1.6739,8.8005,0.0003,0.0002,0.0002,1.0000,-0.0960,0.0418,0.2200
1273,Pelvis,2,0.5207,-0.4585,0.5968,0.4030,-0.0263,0.0252,0.0293,0.1768,0.0002,-0.0108,9.6919,-1.4173,0.4078,-0.0003,0.0003,0.0004,1.0000,0.2423,-0.0353,0.0101
1274,Left,2,0.2136,0.0311,-0.9674,-0.1322,-0.0050,-0.0126,-0.0064,-0.0271,0.0034,-0.0316,-3.9390,-1.1350,8.8807,-0.0001,-0.0002,-0.0001,1.0000,-0.0985,-0.0284,0.2220
1274,Right,2,0.1490,-0.1632,-0.8898,-0.3992,0.0233,0.0093,0.0147,-0.0326,0.0003,-0.1025,-3.8190,1.6895,8.7664,0.0003,0.0001,0.0002,1.0000,-0.0955,0.0422,0.2192
1274,Pelvis,2,0.5202,-0.4587,0.5971,0.4031,-0.0253,0.0305,0.0259,0.1946,0.0299,-0.0305,9.6688,-1.4470,0.3886,-0.0003,0.0004,0.0003,1.0000,0.2417,-0.0361,0.0096
1275,Left,2,0.2134,0.0313,-0.9675,-0.1322,-0.0087,-0.0108,-0.0066,-0.0159,-0.0085,-0.0390,-3.9455,-1.1286,8.8704,-0.0001,-0.0001,-0.0001,1.0000,-0.0987,-0.0282,0.2217
1275,Right,2,0.1490,-0.1633,-0.8899,-0.3991,0.0199,0.0059,0.0156,-0.0019,-0.0021,-0.0706,-3.8537,1.6763,8.7891,0.0002,0.0001,0.0002,1.0000,-0.0963,0.0418,0.2197
1275,Pelvis,2,0.5197,-0.4589,0.5972,0.4032,-0.0205,0.0280,0.0240,0.1635,0.0443,-0.0372,9.6652,-1.4261,0.3725,-0.0003,0.0004,0.0003,1.0000,0.2416,-0.0356,0.0092
1276,Left,2,0.2132,0.0314,-0.9675,-0.1321,-0.0051,-0.0137,-0.0039,-0.0027,0.0071,-0.0323,-3.9517,-1.1506,8.8722,-0.0001,-0.0002,-0.0000,1.0000,-0.0988,-0.0287,0.2218
1276,Right,2,0.1489,-0.1635,-0.8899,-0.3989,0.0221,0.0028,0.0167,-0.0129,-0.0024,-0.1059,-3.8328,1.6821,8.7580,0.0003,0.0000,0.0002,1.0000,-0.0958,0.0420,0.2190
1276,Pelvis,2,0.5194,-0.4590,0.5975,0.4032,-0.0160,0.0252,0.0270,0.1371,0.0717,-0.0245,9.6803,-1.4159,0.3453,-0.0002,0.0003,0.0003,1.0000,0.2420,-0.0353,0.0086
1277,Left,2,0.2130,0.0316,-0.9676,-0.1321,-0.0075,-0.0138,-0.0046,-0.0115,0.0082,-0.0356,-3.9388,-1.1520,8.8741,-0.0001,-0.0002,-0.0001,1.0000,-0.0985,-0.0288,0.2218
1277,Right,2,0.1489,-0.1636,-0.8899,-0.3988,0.0226,0.0019,0.0198,-0.0133,0.0059,-0.0869,-3.8343,1.6840,8.7781,0.0003,0.0000,0.0002,1.0000,-0.0959,0.0420,0.2195
1277,Pelvis,2,0.5189,-0.4592,0.5977,0.4034,-0.0093,0.0313,0.0270,0.1966,0.0795,-0.0253,9.6704,-1.4809,0.3587,-0.0001,0.0004,0.0003,1.0000,0.2418,-0.0369,0.0089
1278,Left,2,0.2129,0.0319,-0.9676,-0.1321,-0.0111,-0.0121,-0.0061,-0.0124,0.0112,-0.0570,-3.9245,-1.1556,8.8565,-0.0001,-0.0002,-0.0001,1.0000,-0.0981,-0.0289,0.2214
1278,Right,2,0.1487,-0.1638,-0.8900,-0.3986,0.0231,-0.0005,0.0208,-0.0336,-0.0058,-0.0799,-3.8307,1.7121,8.7820,0.0003,-0.0000,0.0003,1.0000,-0.0958,0.0427,0.2196
1278,Pelvis,2,0.5186,-0.4592,0.5979,0.4033,0.0062,0.0235,0.0168,0.2348,0.0851,-0.0194,9.6700,-1.5251,0.3692,0.0001,0.0003,0.0002,1.0000,0.2418,-0.0381,0.0092
1279,Left,2,0.2127,0.0321,-0.9676,-0.1320,-0.0069,-0.0101,-0.0054,-0.0298,0.0189,-0.0315,-3.9141,-1.1653,8.8879,-0.0001,-0.0001,-0.0001,1.0000,-0.0979,-0.0291,0.2222
1279,Right,2,0.1487,-0.1640,-0.8901,-0.3983,0.0205,0.0078,0.0314,-0.0174,0.0169,-0.0805,-3.8252,1.6898,8.7880,0.0003,0.0001,0.0004,1.0000,-0.0956,0.0422,0.2197
1279,Pelvis,2,0.5186,-0.4589,0.5983,0.4032,0.0180,0.0213,0.0072,0.2341,0.0674,0.0021,9.6906,-1.5257,0.3926,0.0002,0.0003,0.0001,1.0000,0.2423,-0.0381,0.0097
1280,Left,2,0.2126,0.0322,-0.9676,-0.1320,-0.0059,-0.0094,-0.0017,-0.0206,0.0291,-0.0479,-3.9099,-1.1782,8.8700,-0.0001,-0.0001,-0.0000,1.0000,-0.0978,-0.0294,0.2217
1280,Right,2,0.1487,-0.1642,-0.8903,-0.3979,0.0206,0.0113,0.0403,-0.0184,0.0017,-0.1085,-3.8239,1.7001,8.7555,0.0003,0.0001,0.0005,1.0000,-0.0956,0.0424,0.2189
1280,Pelvis,2,0.5186,-0.4585,0.5986,0.4030,0.0275,0.0223,0.0030,0.2099,0.0338,0.0012,9.6924,-1.4945,0.4247,0.0003,0.0003,0.0000,1.0000,0.2423,-0.0374,0.0105
1281,Left,2,0.2124,0.0323,-0.9677,-0.1319,-0.0006,-0.0072,0.0027,-0.0217,0.0186,-0.0496,-3.9085,-1.1692,8.8700,-0.0000,-0.0001,0.0000,1.0000,-0.0977,-0.0292,0.2217
1281,Right,2,0.1487,-0.1644,-0.8905,-0.3974,0.0189,0.0147,0.0466,-0.0166,0.0205,-0.0705,-3.8284,1.6992,8.7959,0.0002,0.0002,0.0006,1.0000,-0.0957,0.0424,0.2199
1281,Pelvis,2,0.5187,-0.4581,0.5989,0.4028,0.0311,0.0173,-0.0005,0.1918,0.0477,-0.0233,9.6706,-1.4773,0.4111,0.0004,0.0002,-0.0000,1.0000,0.2418,-0.0369,0.0102
1282,Left,2,0.2124,0.0324,-0.9677,-0.1317,0.0017,-0.0053,0.0052,-0.0270,0.0070,-0.0422,-3.9083,-1.1582,8.8795,0.0000,-0.0001,0.0001,1.0000,-0.0977,-0.0290,0.2220
1282,Right,2,0.1488,-0.1647,-0.8906,-0.3969,0.0223,0.0200,0.0522,-0.0152,-0.0155,-0.0923,-3.8460,1.7231,8.7594,0.0003,0.0002,0.0007,1.0000,-0.0961,0.0430,0.2190
1282,Pelvis,2,0.5188,-0.4578,0.5992,0.4027,0.0321,0.0133,-0.0065,0.1842,0.0782,-0.0076,9.6873,-1.4791,0.3851,0.0004,0.0002,-0.0001,1.0000,0.2422,-0.0370,0.0096
1283,Left,2,0.2123,0.0323,-0.9678,-0.1316,0.0060,-0.0045,0.0065,-0.0359,0.0260,-0.0331,-3.8977,-1.1751,8.8921,0.0001,-0.0001,0.0001,1.0000,-0.0975,-0.0294,0.2223
1283,Right,2,0.1488,-0.1650,-0.8908,-0.3964,0.0228,0.0171,0.0489,-0.0095,-0.0119,-0.0912,-3.8494,1.7235,8.7589,0.0003,0.0002,0.0006,1.0000,-0.0962,0.0430,0.2190
1283,Pelvis,2,0.5191,-0.4573,0.5995,0.4025,0.0366,0.0105,-0.0133,0.1833,0.1048,-0.0302,9.6655,-1.4796,0.3621,0.0005,0.0001,-0.0002,1.0000,0.2416,-0.0370,0.0090
1284,Left,2,0.2122,0.0323,-0.9678,-0.1315,0.0101,-0.0031,0.0097,-0.0267,0.0227,-0.0298,-3.9068,-1.1729,8.8920,0.0001,-0.0000,0.0001,1.0000,-0.0977,-0.0294,0.2223
1284,Right,2,0.1487,-0.1652,-0.8909,-0.3960,0.0224,0.0112,0.0409,-0.0195,-0.0044,-0.0859,-3.8410,1.7336,8.7665,0.0003,0.0001,0.0005,1.0000,-0.0960,0.0432,0.2192
1284,Pelvis,2,0.5196,-0.4567,0.5997,0.4022,0.0437,0.0004,-0.0204,0.2028,0.1247,-0.0487,9.6451,-1.4969,0.3495,0.0005,0.0000,-0.0003,1.0000,0.2411,-0.0375,0.0087
1285,Left,2,0.2122,0.0321,-0.9678,-0.1313,0.0141,-0.0010,0.0146,-0.0334,0.0152,-0.0438,-3.8966,-1.1596,8.8828,0.0002,-0.0000,0.0002,1.0000,-0.0974,-0.0290,0.2221
1285,Right,2,0.1487,-0.1653,-0.8911,-0.3957,0.0166,0.0065,0.0340,-0.0362,-0.0157,-0.1096,-3.8284,1.7541,8.7418,0.0002,0.0001,0.0004,1.0000,-0.0957,0.0438,0.2186
1285,Pelvis,2,0.5201,-0.4561,0.5999,0.4020,0.0526,-0.0037,-0.0285,0.2267,0.1491,-0.0370,9.6545,-1.5217,0.3338,0.0007,-0.0000,-0.0004,1.0000,0.2413,-0.0381,0.0083
1286,Left,2,0.2121,0.0319,-0.9679,-0.1311,0.0189,-0.0013,0.0185,-0.0302,0.0151,-0.0529,-3.8960,-1.1551,8.8737,0.0002,-0.0000,0.0002,1.0000,-0.0974,-0.0290,0.2218
1286,Right,2,0.1486,-0.1654,-0.8911,-0.3955,0.0139,0.0016,0.0272,-0.0186,0.0176,-0.0911,-3.8248,1.7261,8.7694,0.0002,0.0000,0.0003,1.0000,-0.0956,0.0431,0.2192
1286,Pelvis,2,0.5207,-0.4554,0.6001,0.4017,0.0650,-0.0059,-0.0369,0.1991,0.1592,-0.0028,9.6934,-1.4947,0.3194,0.0008,-0.0001,-0.0005,1.0000,0.2423,-0.0375,0.0080
1287,Left,2,0.2120,0.0317,-0.9679,-0.1309,0.0238,-0.0049,0.0188,-0.0388,0.0025,-0.0365,-3.8977,-1.1373,8.8932,0.0003,-0.0001,0.0002,1.0000,-0.0975,-0.0285,0.2223
1287,Right,2,0.1486,-0.1655,-0.8912,-0.3953,0.0137,-0.0008,0.0275,-0.0358,-0.0121,-0.0996,-3.8285,1.7589,8.7518,0.0002,-0.0000,0.0003,1.0000,-0.0957,0.0439,0.2188
1287,Pelvis,2,0.5214,-0.4545,0.6003,0.4014,0.0788,-0.0049,-0.0431,0.1794,0.1559,-0.0057,9.6946,-1.4650,0.3186,0.0010,-0.0001,-0.0005,1.0000,0.2423,-0.0368,0.0079
1288,Left,2,0.2120,0.0314,-0.9680,-0.1306,0.0206,0.0030,0.0184,-0.0366,-0.0028,-0.0151,-3.9093,-1.1294,8.9126,0.0003,0.0000,0.0002,1.0000,-0.0977,-0.0283,0.2228
1288,Right,2,0.1485,-0.1655,-0.8914,-0.3950,0.0127,0.0024,0.0277,-0.0281,0.0020,-0.0795,-3.8308,1.7505,8.7748,0.0002,0.0000,0.0003,1.0000,-0.0958,0.0437,0.2194
1288,Pelvis,2,0.5223,-0.4534,0.6007,0.4011,0.0899,-0.0043,-0.0553,0.1633,0.1238,-0.0052,9.6987,-1.4296,0.3474,0.0011,-0.0001,-0.0007,1.0000,0.2424,-0.0359,0.0087
1289,Left,2,0.2121,0.0312,-0.9680,-0.1304,0.0186,0.0157,0.0172,-0.0469,0.0161,-0.0595,-3.8793,-1.1349,8.8764,0.0002,0.0002,0.0002,1.0000,-0.0969,-0.0284,0.2219
1289,Right,2,0.1484,-0.1656,-0.8915,-0.3947,0.0170,0.0028,0.0289,-0.0163,0.0009,-0.0965,-3.8315,1.7424,8.7572,0.0002,0.0000,0.0004,1.0000,-0.0958,0.0435,0.2189
1289,Pelvis,2,0.5233,-0.4521,0.6009,0.4007,0.0941,-0.0040,-0.0708,0.1388,0.1247,-0.0491,9.6605,-1.3860,0.3402,0.0012,-0.0000,-0.0009,1.0000,0.2415,-0.0349,0.0085
1290,Left,2,0.2123,0.0309,-0.9680,-0.1302,0.0246,0.0226,0.0171,-0.0342,0.0181,-0.0331,-3.9047,-1.1374,8.8939,0.0003,0.0003,0.0002,1.0000,-0.0975,-0.0285,0.2224
1290,Right,2,0.1483,-0.1657,-0.8916,-0.3945,0.0159,-0.0040,0.0279,-0.0106,0.0044,-0.0954,-3.8317,1.7393,8.7589,0.0002,-0.0001,0.0003,1.0000,-0.0958,0.0434,0.2190
1290,Pelvis,2,0.5243,-0.4510,0.6010,0.4006,0.0967,-0.0144,-0.0826,0.1655,0.1205,-0.0339,9.6746,-1.3945,0.3535,0.0012,-0.0002,-0.0010,1.0000,0.2418,-0.0351,0.0088
1291,Left,2,0.2126,0.0305,-0.9680,-0.1300,0.0295,0.0281,0.0153,-0.0266,0.0189,-0.0511,-3.9093,-1.1314,8.8728,0.0004,0.0004,0.0002,1.0000,-0.0976,-0.0284,0.2218
1291,Right,2,0.1481,-0.1658,-0.8917,-0.3942,0.0175,-0.0068,0.0264,-0.0125,0.0021,-0.0954,-3.8293,1.7456,8.7587,0.0002,-0.0001,0.0003,1.0000,-0.0958,0.0436,0.2190
1291,Pelvis,2,0.5256,-0.4496,0.6011,0.4003,0.1022,-0.0227,-0.0989,0.2078,0.0610,-0.0006,9.7046,-1.4017,0.4229,0.0013,-0.0003,-0.0012,1.0000,0.2426,-0.0354,0.0106
1292,Left,2,0.2129,0.0300,-0.9679,-0.1300,0.0348,0.0326,0.0177,-0.0355,0.0063,-0.0348,-3.9183,-1.1114,8.8893,0.0004,0.0004,0.0002,1.0000,-0.0979,-0.0279,0.2223
1292,Right,2,0.1479,-0.1659,-0.8918,-0.3941,0.0271,-0.0116,0.0241,-0.0040,0.0033,-0.1034,-3.8277,1.7412,8.7514,0.0003,-0.0001,0.0003,1.0000,-0.0957,0.0434,0.2188
1292,Pelvis,2,0.5272,-0.4480,0.6011,0.4001,0.1137,-0.0323,-0.1166,0.2082,0.0954,-0.0436,9.6662,-1.3800,0.3850,0.0014,-0.0004,-0.0015,1.0000,0.2416,-0.0349,0.0097
1293,Left,2,0.2133,0.0295,-0.9679,-0.1298,0.0395,0.0383,0.0207,-0.0419,-0.0011,-0.0488,-3.9165,-1.0919,8.8771,0.0005,0.0005,0.0003,1.0000,-0.0978,-0.0274,0.2220
1293,Right,2,0.1475,-0.1661,-0.8919,-0.3940,0.0327,-0.0191,0.0220,-0.0011,0.0092,-0.0933,-3.8250,1.7429,8.7634,0.0004,-0.0002,0.0003,1.0000,-0.0957,0.0435,0.2191
1293,Pelvis,2,0.5291,-0.4463,0.6009,0.3997,0.1273,-0.0565,-0.1347,0.1954,0.0970,-0.0956,9.6208,-1.3314,0.3710,0.0016,-0.0007,-0.0017,1.0000,0.2405,-0.0337,0.0094
1294,Left,2,0.2137,0.0290,-0.9678,-0.1296,0.0393,0.0439,0.0230,-0.0234,0.0070,-0.0619,-3.9341,-1.0927,8.8548,0.0005,0.0005,0.0003,1.0000,-0.0982,-0.0275,0.2214
1294,Right,2,0.1470,-0.1662,-0.8920,-0.3938,0.0370,-0.0258,0.0254,-0.0106,0.0010,-0.0944,-3.8175,1.7622,8.7617,0.0005,-0.0003,0.0003,1.0000,-0.0955,0.0439,0.2190
1294,Pelvis,2,0.5313,-0.4448,0.6003,0.3994,0.1326,-0.0861,-0.1471,0.2363,0.0339,-0.1719,9.5448,-1.3100,0.4270,0.0017,-0.0011,-0.0018,1.0000,0.2385,-0.0332,0.0109
1295,Left,2,0.2143,0.0284,-0.9677,-0.1294,0.0414,0.0538,0.0263,-0.0857,0.0212,-0.0850,-3.8775,-1.0788,8.8565,0.0005,0.0007,0.0003,1.0000,-0.0968,-0.0271,0.2215
1295,Right,2,0.1464,-0.1663,-0.8922,-0.3936,0.0286,-0.0368,0.0303,-0.0268,0.0083,-0.1333,-3.7786,1.7695,8.7339,0.0004,-0.0005,0.0004,1.0000,-0.0946,0.0441,0.2183
1295,Pelvis,2,0.5336,-0.4433,0.5996,0.3990,0.1432,-0.1114,-0.1527,0.1996,-0.0422,-0.1808,9.5455,-1.2154,0.4698,0.0018,-0.0014,-0.0019,1.0000,0.2386,-0.0309,0.0120
1296,Left,2,0.2155,0.0277,-0.9675,-0.1290,0.0351,0.0991,0.0424,-0.2685,0.1578,-0.1634,-3.6673,-1.1477,8.8566,0.0004,0.0012,0.0005,1.0000,-0.0914,-0.0288,0.2215
1296,Right,2,0.1458,-0.1663,-0.8924,-0.3934,0.0253,-0.0455,0.0381,-0.0190,0.0067,-0.1196,-3.7794,1.7733,8.7480,0.0003,-0.0006,0.0005,1.0000,-0.0946,0.0442,0.2187
1296,Pelvis,2,0.5363,-0.4418,0.5988,0.3983,0.1597,-0.1355,-0.1506,0.1436,-0.1015,-0.2743,9.4644,-1.0974,0.4818,0.0020,-0.0017,-0.0019,1.0000,0.2365,-0.0279,0.0124
1297,Left,2,0.2178,0.0269,-0.9672,-0.1282,0.0252,0.1941,0.0807,-0.3802,0.2717,-0.1316,-3.5871,-1.2234,8.9207,0.0003,0.0024,0.0010,1.0000,-0.0891,-0.0307,0.2232
1297,Right,2,0.1450,-0.1662,-0.8927,-0.3931,0.0198,-0.0581,0.0520,-0.0125,0.0131,-0.1402,-3.7580,1.7667,8.7358,0.0002,-0.0007,0.0006,1.0000,-0.0941,0.0441,0.2183
1297,Pelvis,2,0.5390,-0.4405,0.5981,0.3972,0.1708,-0.1574,-0.1239,0.1480,-0.1377,-0.3298,9.4141,-1.0510,0.4854,0.0021,-0.0020,-0.0015,1.0000,0.2353,-0.0267,0.0125
1298,Left,2,0.2224,0.0261,-0.9663,-0.1267,-0.0081,0.3806,0.1316,-0.6983,0.5427,0.0153,-3.3683,-1.4158,9.1663,-0.0001,0.0048,0.0016,1.0000,-0.0831,-0.0355,0.2296
1298,Right,2,0.1439,-0.1659,-0.8931,-0.3926,0.0157,-0.0815,0.0691,-0.0019,-0.0250,-0.1268,-3.7769,1.7919,8.7374,0.0002,-0.0010,0.0009,1.0000,-0.0947,0.0447,0.2183
1298,Pelvis,2,0.5415,-0.4394,0.5977,0.3956,0.1916,-0.1572,-0.0687,0.1691,-0.0654,-0.4128,9.3337,-1.0599,0.3877,0.0024,-0.0020,-0.0009,1.0000,0.2333,-0.0267,0.0101
1299,Left,2,0.2307,0.0247,-0.9647,-0.1243,-0.0099,0.6823,0.2124,-1.0639,0.5068,0.2888,-3.3057,-1.3140,9.5277,-0.0001,0.0085,0.0027,1.0000,-0.0805,-0.0330,0.2389
1299,Right,2,0.1425,-0.1656,-0.8937,-0.3918,0.0181,-0.1021,0.0890,0.0181,-0.0311,-0.0868,-3.7855,1.7964,8.7771,0.0002,-0.0013,0.0011,1.0000,-0.0950,0.0448,0.2193
1299,Pelvis,2,0.5436,-0.4385,0.5980,0.3931,0.2342,-0.1493,0.0160,0.1880,0.2281,-0.3880,9.3572,-1.1613,0.0840,0.0029,-0.0019,0.0002,1.0000,0.2339,-0.0290,0.0025
1300,Left,2,0.2464,0.0222,-0.9614,-0.1202,-0.0387,1.2913,0.3545,-1.7317,0.2610,0.4612,-3.1150,-0.9265,9.9029,-0.0005,0.0161,0.0044,0.9999,-0.0738,-0.0234,0.2488
1300,Right,2,0.1411,-0.1656,-0.8943,-0.3909,0.0368,-0.0981,0.1041,0.0676,0.0487,-0.0166,-3.7661,1.7337,8.8759,0.0005,-0.0012,0.0013,1.0000,-0.0945,0.0431,0.2218
1300,Pelvis,2,0.5454,-0.4376,0.5991,0.3899,0.2830,-0.1222,0.0841,0.1155,0.4343,-0.0719,9.6760,-1.1990,-0.1517,0.0035,-0.0015,0.0011,1.0000,0.2419,-0.0297,-0.0035
1301,Left,2,0.2707,0.0176,-0.9555,-0.1159,0.0300,2.0276,0.4035,-1.2667,0.4750,0.6485,-3.9624,-1.2246,9.7000,0.0004,0.0253,0.0050,0.9997,-0.0927,-0.0312,0.2449
1301,Right,2,0.1398,-0.1660,-0.8948,-0.3902,0.0604,-0.0696,0.0959,-0.0133,0.0348,-0.0080,-3.7024,1.8215,8.8943,0.0008,-0.0009,0.0012,1.0000,-0.0928,0.0453,0.2223
1301,Pelvis,2,0.5476,-0.4365,0.6001,0.3866,0.3009,-0.1385,0.0683,-0.1073,0.3990,0.5601,10.3248,-1.0604,-0.1985,0.0038,-0.0017,0.0009,1.0000,0.2582,-0.0263,-0.0046
1302,Left,2,0.3004,0.0104,-0.9474,-0.1101,0.1380,2.5122,0.5687,-0.6994,0.9725,0.9502,-5.0327,-1.7838,9.4237,0.0017,0.0314,0.0071,0.9995,-0.1180,-0.0459,0.2393
1302,Right,2,0.1390,-0.1663,-0.8951,-0.3897,0.0561,-0.0448,0.0649,-0.1042,0.0312,-0.0690,-3.6053,1.8974,8.8517,0.0007,-0.0006,0.0008,1.0000,-0.0903,0.0472,0.2213
1302,Pelvis,2,0.5496,-0.4354,0.6008,0.3840,0.2564,-0.1247,0.0257,-0.6276,0.2396,0.5959,10.4136,-0.5366,-0.2419,0.0032,-0.0016,0.0003,1.0000,0.2604,-0.0133,-0.0057
1303,Left,2,0.3296,0.0008,-0.9385,-0.1026,0.2883,2.5043,0.7422,-0.2463,1.4896,1.8638,-6.4304,-2.3136,9.5900,0.0036,0.0313,0.0093,0.9995,-0.1526,-0.0602,0.2444
1303,Right,2,0.1384,-0.1666,-0.8952,-0.3894,0.0411,-0.0271,0.0433,-0.0491,0.0675,-0.0704,-3.6067,1.8454,8.8603,0.0005,-0.0003,0.0005,1.0000,-0.0903,0.0460,0.2215
1303,Pelvis,2,0.5508,-0.4347,0.6014,0.3821,0.1801,-0.0741,0.0389,-1.0008,-0.0886,0.3744,10.2360,-0.0658,-0.0810,0.0023,-0.0009,0.0005,1.0000,0.2559,-0.0015,-0.0018
1304,Left,2,0.3531,-0.0093,-0.9307,-0.0953,0.3770,2.0549,0.7536,-0.4522,1.8179,1.8613,-6.7917,-2.3937,9.3793,0.0047,0.0257,0.0094,0.9996,-0.1631,-0.0625,0.2384
1304,Right,2,0.1381,-0.1669,-0.8953,-0.3892,0.0379,-0.0086,0.0317,-0.0405,0.0687,-0.0783,-3.6028,1.8458,8.8531,0.0005,-0.0001,0.0004,1.0000,-0.0901,0.0460,0.2213
1304,Pelvis,2,0.5515,-0.4344,0.6018,0.3808,0.1070,-0.0520,0.0341,-0.7832,0.1064,0.2536,10.0896,-0.3319,-0.2106,0.0013,-0.0006,0.0004,1.0000,0.2522,-0.0082,-0.0051
1305,Left,2,0.3685,-0.0170,-0.9250,-0.0910,0.3490,1.3737,0.4850,-2.8926,2.6395,2.2221,-5.5676,-2.5800,11.0695,0.0044,0.0172,0.0061,0.9998,-0.1340,-0.0665,0.2788
1305,Right,2,0.1381,-0.1671,-0.8953,-0.3891,0.0273,0.0029,0.0171,-0.0743,-0.0096,-0.0589,-3.6370,1.9312,8.8422,0.0003,0.0000,0.0002,1.0000,-0.0909,0.0482,0.2211
1305,Pelvis,2,0.5521,-0.4340,0.6019,0.3802,0.0780,-0.0333,-0.0106,-0.7300,0.3346,0.1910,10.0168,-0.4548,-0.4191,0.0010,-0.0004,-0.0001,1.0000,0.2504,-0.0114,-0.0104
1306,Left,2,0.3729,-0.0156,-0.9232,-0.0913,-0.1219,0.3731,-0.0894,-3.9795,4.1231,-0.1539,-3.1822,-3.6950,10.1168,-0.0015,0.0047,-0.0011,1.0000,-0.0785,-0.0919,0.2534
1306,Right,2,0.1381,-0.1670,-0.8953,-0.3892,0.0042,0.0046,-0.0049,-0.0610,-0.0344,-0.0480,-3.6664,1.9402,8.8400,0.0001,0.0001,-0.0001,1.0000,-0.0916,0.0485,0.2210
1306,Pelvis,2,0.5534,-0.4338,0.6011,0.3799,0.0354,-0.1028,-0.0616,-0.7824,0.3726,-0.0903,9.7410,-0.3815,-0.4925,0.0004,-0.0013,-0.0008,1.0000,0.2435,-0.0097,-0.0120
1307,Left,2,0.3722,-0.0124,-0.9231,-0.0962,-0.0770,-0.0712,-0.4532,-3.7217,3.9468,-1.9823,-2.1419,-3.5371,8.5816,-0.0010,-0.0009,-0.0057,1.0000,-0.0542,-0.0879,0.2146
1307,Right,2,0.1384,-0.1668,-0.8952,-0.3894,-0.0097,0.0071,-0.0183,-0.0121,0.0175,-0.0872,-3.6517,1.8585,8.8202,-0.0001,0.0001,-0.0002,1.0000,-0.0913,0.0465,0.2205
1307,Pelvis,2,0.5549,-0.4334,0.5998,0.3800,0.0193,-0.1098,-0.1133,-0.5888,0.4023,0.1788,9.9887,-0.5786,-0.4787,0.0002,-0.0014,-0.0014,1.0000,0.2497,-0.0148,-0.0116
1308,Left,2,0.3667,-0.0071,-0.9246,-0.1026,-0.1587,-0.4983,-0.6116,-3.8802,2.7844,-1.5415,-2.4272,-2.4466,8.9077,-0.0020,-0.0062,-0.0076,0.9999,-0.0625,-0.0603,0.2224
1308,Right,2,0.1385,-0.1665,-0.8952,-0.3895,-0.0069,0.0050,-0.0137,0.0144,0.0252,-0.0803,-3.6686,1.8290,8.8270,-0.0001,0.0001,-0.0002,1.0000,-0.0917,0.0458,0.2207
1308,Pelvis,2,0.5563,-0.4325,0.5990,0.3804,0.0423,-0.0656,-0.1319,-0.4262,0.5299,0.2242,10.0161,-0.7480,-0.5654,0.0005,-0.0008,-0.0016,1.0000,0.2504,-0.0191,-0.0139
1309,Left,2,0.3563,0.0003,-0.9279,-0.1094,-0.2508,-0.9236,-0.6893,-3.3621,2.3492,-1.4375,-2.7522,-2.2167,8.6304,-0.0031,-0.0115,-0.0086,0.9999,-0.0718,-0.0541,0.2151
1309,Right,2,0.1386,-0.1664,-0.8952,-0.3896,-0.0009,0.0036,-0.0060,-0.0106,-0.0103,-0.0901,-3.6728,1.8637,8.8072,-0.0000,0.0000,-0.0001,1.0000,-0.0918,0.0466,0.2202
1309,Pelvis,2,0.5570,-0.4312,0.5991,0.3807,0.0864,0.0211,-0.0970,-0.4706,0.4858,-0.0877,9.7125,-0.6346,-0.5459,0.0011,0.0003,-0.0012,1.0000,0.2428,-0.0161,-0.0137
1310,Left,2,0.3421,0.0093,-0.9323,-0.1169,-0.3270,-1.2566,-0.7700,-2.9296,1.7137,-1.1474,-3.1138,-1.8244,8.5786,-0.0041,-0.0157,-0.0096,0.9998,-0.0816,-0.0440,0.2134
1310,Right,2,0.1386,-0.1661,-0.8952,-0.3896,-0.0036,-0.0058,-0.0042,-0.0199,-0.0341,-0.0977,-3.6791,1.8805,8.7926,-0.0000,-0.0001,-0.0001,1.0000,-0.0920,0.0470,0.2198
1310,Pelvis,2,0.5574,-0.4298,0.5996,0.3808,0.0930,0.0505,-0.0609,-0.5413,0.5194,-0.0533,9.7539,-0.5650,-0.5915,0.0012,0.0006,-0.0008,1.0000,0.2438,-0.0143,-0.0150
1311,Left,2,0.3248,0.0197,-0.9374,-0.1242,-0.4099,-1.5114,-0.7934,-2.3116,1.0489,-0.7135,-3.6654,-1.4978,8.5775,-0.0051,-0.0189,-0.0099,0.9998,-0.0960,-0.0354,0.2128
1311,Right,2,0.1386,-0.1657,-0.8952,-0.3897,-0.0146,-0.0187,-0.0063,-0.0274,-0.0133,-0.0948,-3.6591,1.8678,8.8068,-0.0002,-0.0002,-0.0001,1.0000,-0.0915,0.0467,0.2201
1311,Pelvis,2,0.5575,-0.4286,0.6003,0.3810,0.0841,0.0737,-0.0478,-0.4581,0.5678,0.0060,9.8063,-0.6527,-0.5918,0.0011,0.0009,-0.0006,1.0000,0.2451,-0.0164,-0.0150
1312,Left,2,0.3059,0.0313,-0.9425,-0.1307,-0.4949,-1.6576,-0.7637,-1.3746,0.6411,-0.4521,-4.2691,-1.5138,8.3320,-0.0062,-0.0207,-0.0095,0.9997,-0.1114,-0.0355,0.2062
1312,Right,2,0.1385,-0.1653,-0.8953,-0.3899,-0.0184,-0.0204,-0.0080,-0.0264,0.0163,-0.1125,-3.6297,1.8375,8.8059,-0.0002,-0.0003,-0.0001,1.0000,-0.0908,0.0460,0.2201
1312,Pelvis,2,0.5574,-0.4273,0.6012,0.3813,0.0777,0.0960,-0.0434,-0.3925,0.6408,-0.0396,9.7557,-0.7250,-0.6166,0.0010,0.0012,-0.0005,1.0000,0.2439,-0.0182,-0.0157
1313,Left,2,0.2873,0.0426,-0.9470,-0.1376,-0.4730,-1.6049,-0.7981,0.1951,0.6223,-0.2872,-5.2267,-2.0669,7.7192,-0.0059,-0.0201,-0.0100,0.9997,-0.1350,-0.0492,0.1906
1313,Right,2,0.1385,-0.1648,-0.8953,-0.3900,-0.0222,-0.0146,-0.0131,-0.0415,0.0312,-0.1107,-3.6071,1.8312,8.8186,-0.0003,-0.0002,-0.0002,1.0000,-0.0902,0.0459,0.2204
1313,Pelvis,2,0.5569,-0.4263,0.6021,0.3816,0.0609,0.1096,-0.0142,-0.3452,0.7367,-0.1203,9.6715,-0.7892,-0.6655,0.0008,0.0014,-0.0002,1.0000,0.2418,-0.0198,-0.0170
1314,Left,2,0.2712,0.0519,-0.9497,-0.1476,-0.2818,-1.3448,-0.9936,1.7047,0.0609,-0.2926,-6.2660,-2.0866,7.0668,-0.0035,-0.0168,-0.0124,0.9998,-0.1602,-0.0496,0.1742
1314,Right,2,0.1387,-0.1642,-0.8953,-0.3903,-0.0319,-0.0061,-0.0211,-0.0646,0.0403,-0.1100,-3.5845,1.8321,8.8284,-0.0004,-0.0001,-0.0003,1.0000,-0.0896,0.0459,0.2207
1314,Pelvis,2,0.5562,-0.4256,0.6031,0.3817,0.0428,0.0998,0.0162,-0.4500,0.8328,-0.1873,9.6145,-0.7196,-0.7671,0.0005,0.0012,0.0002,1.0000,0.2403,-0.0179,-0.0195
1315,Left,2,0.2585,0.0591,-0.9507,-0.1610,-0.0975,-1.0105,-1.2126,3.0259,-1.4699,0.0024,-7.7044,-1.2462,6.8377,-0.0012,-0.0126,-0.0152,0.9998,-0.1952,-0.0280,0.1685
1315,Right,2,0.1390,-0.1635,-0.8952,-0.3907,-0.0440,-0.0046,-0.0368,-0.0735,0.0351,-0.1328,-3.5735,1.8239,8.8097,-0.0005,-0.0001,-0.0005,1.0000,-0.0893,0.0458,0.2202
1315,Pelvis,2,0.5556,-0.4255,0.6038,0.3818,0.0152,0.0691,0.0352,-0.6866,0.9224,-0.2363,9.5871,-0.5320,-0.9135,0.0002,0.0009,0.0004,1.0000,0.2397,-0.0132,-0.0230
1316,Left,2,0.2484,0.0635,-0.9506,-0.1749,0.0907,-0.7500,-1.1939,4.5096,-3.2404,-0.3636,-9.1709,-0.1735,5.9995,0.0011,-0.0094,-0.0149,0.9998,-0.2307,-0.0011,0.1478
1316,Right,2,0.1393,-0.1626,-0.8951,-0.3912,-0.0577,-0.0072,-0.0520,-0.0771,0.0565,-0.1605,-3.5473,1.7896,8.7970,-0.0007,-0.0001,-0.0006,1.0000,-0.0887,0.0450,0.2199
1316,Pelvis,2,0.5548,-0.4259,0.6042,0.3817,-0.0208,0.0416,0.0580,-0.8268,0.9932,-0.3069,9.5295,-0.4302,-1.0170,-0.0003,0.0005,0.0007,1.0000,0.2382,-0.0106,-0.0255
1317,Left,2,0.2406,0.0641,-0.9504,-0.1865,0.2996,-0.5337,-0.9339,5.9523,-4.2766,-1.1166,-10.2966,0.2798,4.8216,0.0037,-0.0067,-0.0117,0.9999,-0.2581,0.0096,0.1189
1317,Right,2,0.1398,-0.1615,-0.8949,-0.3918,-0.0730,-0.0063,-0.0658,-0.0645,0.0288,-0.1281,-3.5867,1.7814,8.8181,-0.0009,-0.0001,-0.0008,1.0000,-0.0896,0.0448,0.2204
1317,Pelvis,2,0.5538,-0.4270,0.6045,0.3816,-0.0658,0.0269,0.1003,-0.8582,1.1120,-0.3535,9.4847,-0.4552,-1.1330,-0.0008,0.0003,0.0013,1.0000,0.2371,-0.0111,-0.0284
1318,Left,2,0.2342,0.0619,-0.9504,-0.1949,0.4307,-0.4125,-0.6328,6.8827,-4.6096,-1.6330,-10.9100,0.2276,4.0560,0.0054,-0.0052,-0.0079,0.9999,-0.2732,0.0073,0.1000
1318,Right,2,0.1403,-0.1602,-0.8947,-0.3925,-0.0852,-0.0125,-0.0743,-0.0348,0.0187,-0.1366,-3.6104,1.7374,8.8076,-0.0011,-0.0002,-0.0009,1.0000,-0.0903,0.0438,0.2201
1318,Pelvis,2,0.5523,-0.4287,0.6047,0.3815,-0.1063,0.0260,0.1317,-0.8329,1.2538,-0.2732,9.5598,-0.5599,-1.2510,-0.0013,0.0003,0.0016,1.0000,0.2390,-0.0136,-0.0313
1319,Left,2,0.2306,0.0586,-0.9503,-0.2006,0.4250,-0.1883,-0.3896,6.3490,-3.9254,-3.2976,-9.4747,0.0354,2.8972,0.0053,-0.0024,-0.0049,1.0000,-0.2370,0.0017,0.0719
1319,Right,2,0.1408,-0.1587,-0.8945,-0.3934,-0.0967,-0.0108,-0.0826,-0.0884,0.0230,-0.1556,-3.5662,1.7413,8.8044,-0.0012,-0.0001,-0.0010,1.0000,-0.0891,0.0439,0.2200
1319,Pelvis,2,0.5504,-0.4307,0.6049,0.3816,-0.1466,0.0479,0.1627,-0.8896,1.3446,-0.1921,9.6441,-0.5768,-1.3471,-0.0018,0.0006,0.0020,1.0000,0.2411,-0.0140,-0.0338
1320,Left,2,0.2344,0.0555,-0.9489,-0.2036,0.2215,0.3868,-0.1783,5.6412,-3.4279,-3.1301,-8.7743,-0.2431,3.3444,0.0028,0.0048,-0.0022,1.0000,-0.2190,-0.0058,0.0847
1320,Right,2,0.1416,-0.1571,-0.8943,-0.3944,-0.1134,-0.0055,-0.0963,-0.0658,0.0145,-0.1245,-3.6003,1.7009,8.8324,-0.0014,-0.0001,-0.0012,1.0000,-0.0900,0.0429,0.2207
1320,Pelvis,2,0.5479,-0.4331,0.6053,0.3818,-0.1773,0.0706,0.1888,-1.0074,1.3950,-0.1275,9.7194,-0.5268,-1.4211,-0.0022,0.0009,0.0024,1.0000,0.2430,-0.0127,-0.0357
1321,Left,2,0.2408,0.0503,-0.9472,-0.2054,0.3213,0.6122,-0.0351,5.8156,-0.1036,-1.7601,-8.1694,-3.6058,4.3516,0.0040,0.0077,-0.0004,1.0000,-0.2034,-0.0905,0.1100
1321,Right,2,0.1425,-0.1555,-0.8940,-0.3954,-0.1201,0.0085,-0.1079,-0.0952,0.0393,-0.1617,-3.5553,1.6629,8.8175,-0.0015,0.0001,-0.0013,1.0000,-0.0888,0.0420,0.2204
1321,Pelvis,2,0.5450,-0.4357,0.6059,0.3822,-0.2024,0.0993,0.2183,-1.0399,1.3946,-0.1728,9.6782,-0.5337,-1.4150,-0.0025,0.0012,0.0027,1.0000,0.2419,-0.0128,-0.0356
1322,Left,2,0.2453,0.0279,-0.9452,-0.2137,1.7867,0.7862,-0.2099,-2.7924,1.6847,4.6545,-3.5025,-3.0214,14.0917,0.0223,0.0098,-0.0026,0.9997,-0.0843,-0.0832,0.3513
1322,Right,2,0.1439,-0.1540,-0.8935,-0.3965,-0.1194,0.0466,-0.1187,-0.1754,0.1620,-0.1877,-3.4228,1.6010,8.8555,-0.0015,0.0006,-0.0015,1.0000,-0.0854,0.0405,0.2214
1322,Pelvis,2,0.5417,-0.4389,0.6064,0.3823,-0.2341,0.0902,0.2590,-1.0921,1.1378,-0.3462,9.5151,-0.4312,-1.1744,-0.0029,0.0011,0.0032,1.0000,0.2379,-0.0101,-0.0296
1323,Left,2,0.2333,0.0174,-0.9482,-0.2151,1.0368,-0.7845,0.1201,-10.4270,-4.5446,-0.8980,2.4264,6.9458,12.4392,0.0130,-0.0098,0.0015,0.9999,0.0573,0.1697,0.3138
1323,Right,2,0.1464,-0.1529,-0.8927,-0.3978,-0.1210,0.1365,-0.1620,-0.4924,0.2471,-0.1675,-3.1958,1.7474,8.9480,-0.0015,0.0017,-0.0020,1.0000,-0.0794,0.0442,0.2238
1323,Pelvis,2,0.5394,-0.4431,0.6055,0.3821,-0.2817,-0.0577,0.2452,-0.6914,0.2632,-0.2340,9.5864,-0.5948,-0.2147,-0.0035,-0.0007,0.0031,1.0000,0.2397,-0.0142,-0.0051
1324,Left,2,0.2308,0.0128,-0.9503,-0.2085,0.2770,-0.1581,0.6136,3.6553,-1.3884,4.6093,-9.7634,-2.0123,11.1318,0.0035,-0.0020,0.0077,1.0000,-0.2442,-0.0531,0.2776
1324,Right,2,0.1508,-0.1520,-0.8910,-0.4003,-0.1421,0.2767,-0.2840,-0.5199,0.2985,-0.0201,-3.2567,1.7078,9.0957,-0.0018,0.0035,-0.0036,1.0000,-0.0805,0.0434,0.2276
1324,Pelvis,2,0.5390,-0.4468,0.6028,0.3827,-0.3042,-0.1905,0.0693,0.2054,-0.3654,0.6159,10.3244,-1.3862,0.6459,-0.0038,-0.0024,0.0009,1.0000,0.2581,-0.0344,0.0169
1325,Left,2,0.2280,0.0090,-0.9510,-0.2088,0.3486,-0.1564,0.0532,-0.7482,-0.5494,0.5899,-4.1066,-0.4169,9.5937,0.0044,-0.0020,0.0007,1.0000,-0.1031,-0.0115,0.2396
1325,Right,2,0.1576,-0.1524,-0.8880,-0.4043,-0.0964,0.4898,-0.4476,-0.4322,0.3617,0.1209,-3.4278,1.5616,9.2091,-0.0012,0.0061,-0.0056,1.0000,-0.0841,0.0398,0.2307
1325,Pelvis,2,0.5400,-0.4492,0.5994,0.3838,-0.2442,-0.2252,-0.0996,0.0558,-0.5327,0.9745,10.7062,-1.2393,0.7015,-0.0031,-0.0028,-0.0012,1.0000,0.2676,-0.0313,0.0184
1326,Left,2,0.2267,0.0077,-0.9512,-0.2092,0.1345,-0.0789,-0.0029,0.1539,0.0097,0.1346,-4.3882,-1.1723,8.8511,0.0017,-0.0010,-0.0000,1.0000,-0.1099,-0.0297,0.2211
1326,Right,2,0.1682,-0.1547,-0.8834,-0.4092,-0.0531,0.8246,-0.5925,-0.5917,0.2727,0.3755,-3.6649,1.7095,9.3741,-0.0007,0.0103,-0.0074,0.9999,-0.0889,0.0436,0.2352
1326,Pelvis,2,0.5407,-0.4512,0.5963,0.3854,-0.2450,-0.1693,-0.1063,-0.7432,-0.1343,0.5015,10.3287,-0.5209,0.0159,-0.0031,-0.0021,-0.0013,1.0000,0.2582,-0.0134,0.0010
1327,Left,2,0.2230,0.0067,-0.9519,-0.2100,0.1588,-0.2740,-0.0299,0.5319,-0.1110,-0.0151,-4.6395,-1.1659,8.5675,0.0020,-0.0034,-0.0004,1.0000,-0.1167,-0.0295,0.2137
1327,Right,2,0.1845,-0.1587,-0.8775,-0.4133,-0.1124,1.3213,-0.6235,-0.7841,1.0966,0.6976,-3.4155,1.3170,9.9446,-0.0014,0.0165,-0.0078,0.9998,-0.0810,0.0339,0.2499
1327,Pelvis,2,0.5399,-0.4547,0.5934,0.3869,-0.3536,-0.1387,0.0187,-1.3427,-0.0235,0.1300,10.0278,0.0722,-0.3120,-0.0044,-0.0017,0.0002,1.0000,0.2507,0.0018,-0.0074
1328,Left,2,0.2172,0.0058,-0.9531,-0.2107,0.1826,-0.4504,-0.0232,0.7165,-0.2346,0.3603,-4.9172,-1.1332,8.8655,0.0023,-0.0056,-0.0003,1.0000,-0.1242,-0.0288,0.2209
1328,Right,2,0.2102,-0.1685,-0.8687,-0.4157,-0.0039,2.2250,-0.6350,-1.1007,1.9515,0.7053,-3.1298,0.9778,10.2435,-0.0000,0.0278,-0.0079,0.9996,-0.0709,0.0250,0.2581
1328,Pelvis,2,0.5382,-0.4587,0.5906,0.3888,-0.4163,-0.0975,0.0574,-0.6871,-0.2081,0.4086,10.2322,-0.5401,0.0224,-0.0052,-0.0012,0.0007,1.0000,0.2558,-0.0133,0.0009
1329,Left,2,0.2122,0.0060,-0.9540,-0.2116,0.0893,-0.3925,-0.0685,-0.0264,-0.4372,0.3601,-4.2956,-0.6276,9.2105,0.0011,-0.0049,-0.0009,1.0000,-0.1085,-0.0159,0.2297
1329,Right,2,0.2469,-0.1861,-0.8555,-0.4154,0.1891,3.3641,-0.6130,-1.3583,1.6500,0.7892,-3.9476,1.3377,9.9833,0.0024,0.0420,-0.0077,0.9991,-0.0878,0.0335,0.2535
1329,Pelvis,2,0.5365,-0.4617,0.5885,0.3907,-0.3442,-0.0253,0.0362,0.6822,-0.5303,1.3791,11.0434,-1.8909,0.6861,-0.0043,-0.0003,0.0005,1.0000,0.2761,-0.0471,0.0174
1330,Left,2,0.2094,0.0069,-0.9544,-0.2128,0.0050,-0.2355,-0.0988,0.0235,0.0557,0.2049,-3.9993,-1.0793,9.1213,0.0001,-0.0029,-0.0012,1.0000,-0.1007,-0.0269,0.2277
1330,Right,2,0.2960,-0.2099,-0.8351,-0.4134,0.2750,4.5897,-0.7925,-1.8621,1.5082,0.9721,-4.8846,1.8229,9.7473,0.0034,0.0573,-0.0099,0.9983,-0.1074,0.0458,0.2503
1330,Pelvis,2,0.5349,-0.4632,0.5878,0.3923,-0.2178,0.0535,0.0320,1.2808,-1.0786,1.4238,11.0335,-2.3371,1.3646,-0.0027,0.0007,0.0004,1.0000,0.2759,-0.0582,0.0341
1331,Left,2,0.2074,0.0074,-0.9546,-0.2136,0.0149,-0.1598,-0.0743,0.0836,0.1123,0.1087,-3.9395,-1.1525,9.0336,0.0002,-0.0020,-0.0009,1.0000,-0.0990,-0.0288,0.2256
1331,Right,2,0.3572,-0.2328,-0.8060,-0.4105,-0.0642,5.5935,-1.2518,-4.6097,1.1386,2.0614,-5.8814,4.2725,10.5342,-0.0008,0.0699,-0.0156,0.9974,-0.1265,0.1091,0.2726
1331,Pelvis,2,0.5321,-0.4643,0.5879,0.3945,-0.2184,0.1852,0.0416,1.1924,-1.5132,0.8829,10.5155,-2.0894,1.7798,-0.0027,0.0023,0.0005,1.0000,0.2630,-0.0520,0.0440
1332,Left,2,0.2059,0.0079,-0.9548,-0.2142,0.0045,-0.1208,-0.0516,0.0047,-0.1397,0.0693,-3.9289,-0.8925,9.0244,0.0001,-0.0015,-0.0006,1.0000,-0.0986,-0.0223,0.2255
1332,Right,2,0.4201,-0.2419,-0.7723,-0.4105,-0.8429,5.3238,-2.0153,-5.8388,0.0096,5.3473,-10.1714,5.7094,11.3272,-0.0105,0.0665,-0.0252,0.9974,-0.2310,0.1518,0.2975
1332,Pelvis,2,0.5286,-0.4648,0.5880,0.3985,-0.2960,0.3028,-0.0314,0.7065,-1.2059,-0.2243,9.4574,-1.5757,1.4021,-0.0037,0.0038,-0.0004,1.0000,0.2366,-0.0394,0.0343
1333,Left,2,0.2048,0.0087,-0.9549,-0.2149,-0.0311,-0.0971,-0.0650,-0.0832,-0.2220,-0.0067,-3.8345,-0.7838,8.9942,-0.0004,-0.0012,-0.0008,1.0000,-0.0962,-0.0194,0.2247
1333,Right,2,0.4702,-0.2332,-0.7449,-0.4119,-1.5966,3.7109,-2.2438,-7.1369,-0.7865,5.7182,-11.9747,6.3135,10.4793,-0.0199,0.0464,-0.0280,0.9983,-0.2822,0.1713,0.2720
1333,Pelvis,2,0.5255,-0.4645,0.5871,0.4042,-0.3533,0.3343,-0.1930,0.4953,-0.6759,-1.1965,8.5019,-1.3687,0.8861,-0.0044,0.0042,-0.0024,1.0000,0.2126,-0.0346,0.0214
1334,Left,2,0.2042,0.0099,-0.9549,-0.2155,-0.0600,-0.0662,-0.0663,-0.0978,-0.0419,0.0087,-3.7335,-0.9604,9.0338,-0.0008,-0.0008,-0.0008,1.0000,-0.0935,-0.0238,0.2258
1334,Right,2,0.5119,-0.2151,-0.7274,-0.4033,-2.4380,2.7075,-1.5167,-6.2825,1.0136,-0.2680,-7.1035,3.9118,8.1198,-0.0305,0.0338,-0.0190,0.9988,-0.1687,0.1073,0.2056
1334,Pelvis,2,0.5243,-0.4645,0.5854,0.4083,-0.2734,0.1333,-0.2023,0.6966,-0.0152,-0.7079,8.9570,-1.7432,0.3396,-0.0034,0.0017,-0.0025,1.0000,0.2238,-0.0441,0.0083
1335,Left,2,0.2041,0.0110,-0.9548,-0.2158,-0.0735,-0.0190,-0.0516,-0.1467,0.0204,0.0391,-3.6674,-1.0218,9.0876,-0.0009,-0.0002,-0.0006,1.0000,-0.0918,-0.0253,0.2272
1335,Right,2,0.5215,-0.2159,-0.7253,-0.3942,-0.5879,0.8363,0.3331,-7.9552,3.1026,0.4240,-7.1590,3.5397,10.6736,-0.0073,0.0105,0.0042,0.9999,-0.1765,0.0897,0.2680
1335,Pelvis,2,0.5234,-0.4638,0.5850,0.4109,-0.1190,0.1468,-0.1295,1.3682,0.3377,-0.4282,9.1606,-2.4707,0.1810,-0.0015,0.0018,-0.0016,1.0000,0.2289,-0.0621,0.0042
1336,Left,2,0.2050,0.0122,-0.9545,-0.2162,-0.0973,0.0523,-0.0539,-0.0891,-0.0244,0.0567,-3.7423,-1.0318,9.0743,-0.0012,0.0007,-0.0007,1.0000,-0.0934,-0.0255,0.2270
1336,Right,2,0.5156,-0.2184,-0.7360,-0.3805,-0.4118,-0.4723,1.3495,-8.9648,-0.1945,-5.9151,-2.2223,6.8840,6.5786,-0.0051,-0.0059,0.0169,0.9998,-0.0594,0.1720,0.1632
1336,Pelvis,2,0.5227,-0.4627,0.5861,0.4112,0.0618,0.1273,0.0054,1.4851,0.3016,0.1423,9.7172,-2.6254,0.2856,0.0008,0.0016,0.0001,1.0000,0.2429,-0.0656,0.0067
1337,Left,2,0.2064,0.0136,-0.9540,-0.2168,-0.1177,0.0980,-0.0738,0.0413,-0.0358,0.0435,-3.8640,-1.1045,8.9999,-0.0015,0.0012,-0.0009,1.0000,-0.0963,-0.0272,0.2252
1337,Right,2,0.5063,-0.2154,-0.7510,-0.3650,-0.6297,-0.9726,1.3495,-4.7738,2.0591,-5.0405,-2.7559,2.1253,6.1397,-0.0079,-0.0122,0.0169,0.9998,-0.0716,0.0531,0.1522
1337,Pelvis,2,0.5227,-0.4629,0.5874,0.4091,0.1256,-0.0240,0.1481,0.7774,0.2784,0.6010,10.2503,-2.0074,0.1723,0.0016,-0.0003,0.0019,1.0000,0.2563,-0.0497,0.0043
1338,Left,2,0.2081,0.0149,-0.9535,-0.2174,-0.1151,0.1165,-0.0776,0.0291,-0.0440,-0.0150,-3.8561,-1.1197,8.9373,-0.0014,0.0015,-0.0010,1.0000,-0.0961,-0.0276,0.2236
1338,Right,2,0.4859,-0.2148,-0.7688,-0.3558,0.1275,-1.7880,1.2850,-4.3024,2.0536,-4.3826,-3.1812,1.7662,6.2439,0.0016,-0.0223,0.0161,0.9996,-0.0837,0.0426,0.1543
1338,Pelvis,2,0.5213,-0.4630,0.5892,0.4084,0.0525,0.1113,0.1465,0.2455,-0.0478,-0.0257,9.6856,-1.3806,0.3624,0.0007,0.0014,0.0018,1.0000,0.2422,-0.0341,0.0087
1339,Left,2,0.2096,0.0160,-0.9531,-0.2178,-0.0955,0.1055,-0.0623,-0.0138,-0.0288,-0.0617,-3.8186,-1.1415,8.8993,-0.0012,0.0013,-0.0008,1.0000,-0.0952,-0.0282,0.2226
1339,Right,2,0.4587,-0.2102,-0.7901,-0.3481,0.0903,-2.4943,1.2474,-4.9585,0.9367,-3.5580,-3.6947,3.0773,6.4414,0.0011,-0.0312,0.0156,0.9994,-0.0985,0.0752,0.1581
1339,Pelvis,2,0.5197,-0.4635,0.5901,0.4084,-0.0375,0.0953,0.1041,0.1982,0.2317,-0.7071,9.0099,-1.3490,0.0847,-0.0005,0.0012,0.0013,1.0000,0.2253,-0.0334,0.0019
1340,Left,2,0.2108,0.0170,-0.9527,-0.2182,-0.0894,0.0847,-0.0531,0.0022,-0.0258,-0.0444,-3.8562,-1.1799,8.8971,-0.0011,0.0011,-0.0007,1.0000,-0.0962,-0.0292,0.2226
1340,Right,2,0.4251,-0.2047,-0.8134,-0.3402,-0.0830,-2.9892,1.5155,-3.5286,1.5675,-3.6518,-3.3566,1.7120,6.2207,-0.0010,-0.0374,0.0189,0.9991,-0.0904,0.0413,0.1522
1340,Pelvis,2,0.5188,-0.4644,0.5903,0.4084,-0.0525,0.0294,0.0827,0.5582,0.3222,-0.6048,9.0623,-1.7512,0.0962,-0.0007,0.0004,0.0010,1.0000,0.2266,-0.0435,0.0023
1341,Left,2,0.2118,0.0180,-0.9524,-0.2185,-0.0836,0.0661,-0.0453,0.0753,-0.0211,-0.0360,-3.9319,-1.2401,8.8653,-0.0010,0.0008,-0.0006,1.0000,-0.0981,-0.0307,0.2217
1341,Right,2,0.3876,-0.2024,-0.8361,-0.3314,0.2107,-3.1279,1.7306,-1.8257,2.3024,-3.6120,-3.3021,0.1135,6.0160,0.0026,-0.0391,0.0216,0.9990,-0.0884,0.0006,0.1470
1341,Pelvis,2,0.5180,-0.4655,0.5899,0.4087,-0.1007,-0.0068,0.0518,0.7256,0.6380,-0.3875,9.2533,-2.0291,-0.1669,-0.0013,-0.0001,0.0006,1.0000,0.2314,-0.0506,-0.0041
1342,Left,2,0.2127,0.0190,-0.9521,-0.2187,-0.0806,0.0578,-0.0372,0.0219,-0.0228,-0.0360,-3.9010,-1.2398,8.8785,-0.0010,0.0007,-0.0005,1.0000,-0.0974,-0.0307,0.2221
1342,Right,2,0.3513,-0.2001,-0.8545,-0.3262,0.3637,-2.9765,1.3543,-0.0178,2.7240,-2.1146,-4.7117,-1.1509,6.5718,0.0045,-0.0372,0.0169,0.9992,-0.1233,-0.0316,0.1596
1342,Pelvis,2,0.5173,-0.4663,0.5894,0.4094,-0.0965,0.0152,0.0060,0.6816,0.7162,-0.7606,8.8875,-1.9640,-0.2690,-0.0012,0.0002,0.0001,1.0000,0.2222,-0.0491,-0.0067
1343,Left,2,0.2134,0.0199,-0.9519,-0.2187,-0.0788,0.0443,-0.0214,-0.0213,-0.1257,-0.0441,-3.9164,-1.1497,8.8760,-0.0010,0.0006,-0.0003,1.0000,-0.0978,-0.0285,0.2220
1343,Right,2,0.3153,-0.1968,-0.8683,-0.3285,0.5755,-2.9652,0.6940,1.5461,2.8061,0.7152,-7.0762,-1.7557,8.2465,0.0072,-0.0371,0.0087,0.9992,-0.1840,-0.0469,0.1991
1343,Pelvis,2,0.5168,-0.4666,0.5891,0.4100,-0.0631,0.0247,-0.0095,0.3619,0.7906,-0.5137,9.1740,-1.7027,-0.4068,-0.0008,0.0003,-0.0001,1.0000,0.2293,-0.0426,-0.0102
1344,Left,2,0.2139,0.0210,-0.9519,-0.2184,-0.0866,0.0193,0.0027,-0.0543,-0.1800,-0.1057,-3.8944,-1.0992,8.8253,-0.0011,0.0002,0.0000,1.0000,-0.0973,-0.0272,0.2207
1344,Right,2,0.2772,-0.1943,-0.8786,-0.3368,0.8797,-3.0973,0.2357,2.1525,1.9994,2.3680,-8.2608,-1.1420,9.3563,0.0110,-0.0387,0.0029,0.9992,-0.2153,-0.0317,0.2253
1344,Pelvis,2,0.5160,-0.4662,0.5895,0.4109,-0.0195,0.0976,-0.0164,0.2639,0.7439,-0.2872,9.4124,-1.6225,-0.3646,-0.0002,0.0012,-0.0002,1.0000,0.2353,-0.0406,-0.0094
1345,Left,2,0.2137,0.0221,-0.9520,-0.2179,-0.0867,-0.0310,0.0234,-0.0668,-0.0245,-0.2294,-3.7675,-1.2368,8.7247,-0.0011,-0.0004,0.0003,1.0000,-0.0943,-0.0307,0.2181
1345,Right,2,0.2383,-0.1918,-0.8872,-0.3454,0.9473,-3.1239,0.1816,2.8932,-1.2208,3.1176,-10.0421,0.9503,8.6832,0.0118,-0.0390,0.0023,0.9992,-0.2593,0.0207,0.2073
1345,Pelvis,2,0.5153,-0.4649,0.5904,0.4121,0.0296,0.1628,-0.0501,0.5375,0.7050,-0.3365,9.3303,-1.8639,-0.2366,0.0004,0.0020,-0.0006,1.0000,0.2332,-0.0467,-0.0064
1346,Left,2,0.2130,0.0227,-0.9523,-0.2173,-0.0364,-0.0737,0.0327,-0.1067,0.2897,-0.2605,-3.5785,-1.5123,8.7320,-0.0005,-0.0009,0.0004,1.0000,-0.0896,-0.0377,0.2182
1346,Right,2,0.2049,-0.1881,-0.8961,-0.3458,0.5440,-2.6434,0.6635,4.3642,-4.4883,2.9636,-12.0117,2.4073,7.2406,0.0068,-0.0330,0.0083,0.9994,-0.3065,0.0565,0.1713
1346,Pelvis,2,0.5151,-0.4627,0.5914,0.4133,0.1002,0.1685,-0.1099,0.7991,0.9152,-0.3618,9.2782,-2.1433,-0.3422,0.0013,0.0021,-0.0014,1.0000,0.2319,-0.0539,-0.0091
1347,Left,2,0.2116,0.0226,-0.9527,-0.2168,0.0311,-0.1048,0.0419,-0.1870,0.2944,-0.2703,-3.4886,-1.4810,8.7644,0.0004,-0.0013,0.0005,1.0000,-0.0875,-0.0372,0.2190
1347,Right,2,0.1765,-0.1823,-0.9068,-0.3366,0.0697,-2.2288,1.2957,8.3014,-7.0629,3.3154,-15.7876,1.9172,6.1903,0.0009,-0.0279,0.0162,0.9995,-0.3995,0.0414,0.1437
1347,Pelvis,2,0.5165,-0.4601,0.5919,0.4136,0.1771,0.0511,-0.1597,0.5396,1.5286,-0.3249,9.3636,-2.0095,-0.9645,0.0022,0.0006,-0.0020,1.0000,0.2340,-0.0507,-0.0244
1348,Left,2,0.2102,0.0218,-0.9532,-0.2161,0.0776,-0.1006,0.0760,-0.2155,0.4264,-0.3079,-3.3740,-1.5679,8.7594,0.0010,-0.0013,0.0009,1.0000,-0.0846,-0.0395,0.2188
1348,Right,2,0.1513,-0.1747,-0.9188,-0.3201,-0.2682,-1.9514,1.7861,10.5832,-8.2090,0.3407,-16.4056,1.1700,3.4744,-0.0034,-0.0244,0.0223,0.9994,-0.4126,0.0203,0.0767
1348,Pelvis,2,0.5191,-0.4582,0.5916,0.4131,0.1999,-0.0905,-0.1606,0.0438,1.8174,-0.2476,9.5122,-1.5753,-1.3535,0.0025,-0.0011,-0.0020,1.0000,0.2378,-0.0398,-0.0337
1349,Left,2,0.2091,0.0205,-0.9537,-0.2151,0.1074,-0.0725,0.0995,-0.1655,0.2890,-0.2727,-3.4704,-1.4414,8.7750,0.0013,-0.0009,0.0012,1.0000,-0.0869,-0.0364,0.2192
1349,Right,2,0.1348,-0.1666,-0.9298,-0.2994,-0.5705,-1.2674,1.9399,11.0549,-7.0144,-3.4977,-14.4952,-0.1761,1.0984,-0.0071,-0.0158,0.0242,0.9996,-0.3625,-0.0130,0.0218
1349,Pelvis,2,0.5216,-0.4571,0.5907,0.4124,0.1340,-0.1380,-0.1328,-0.1469,1.9058,-0.1989,9.5858,-1.3887,-1.5042,0.0017,-0.0017,-0.0017,1.0000,0.2397,-0.0351,-0.0372
1350,Left,2,0.2087,0.0190,-0.9541,-0.2141,0.1075,-0.0093,0.1043,-0.1753,0.2255,-0.1996,-3.5115,-1.3577,8.8498,0.0013,-0.0001,0.0013,1.0000,-0.0878,-0.0344,0.2212
1350,Right,2,0.1281,-0.1616,-0.9376,-0.2801,-0.5133,-0.4379,1.6615,11.0615,-5.1753,-4.7578,-13.1216,-1.2697,0.9640,-0.0064,-0.0055,0.0208,0.9997,-0.3274,-0.0384,0.0225
1350,Pelvis,2,0.5238,-0.4566,0.5894,0.4119,0.0836,-0.1603,-0.1197,0.3576,2.0500,-0.0472,9.6789,-1.9001,-1.5502,0.0010,-0.0020,-0.0015,1.0000,0.2420,-0.0478,-0.0383
1351,Left,2,0.2095,0.0177,-0.9542,-0.2128,0.0698,0.0866,0.1215,-0.2196,0.0659,-0.0670,-3.6050,-1.1830,8.9797,0.0009,0.0011,0.0015,1.0000,-0.0898,-0.0299,0.2246
1351,Right,2,0.1335,-0.1570,-0.9419,-0.2653,-0.6590,0.4479,1.0968,8.1121,-4.4189,-4.7505,-10.3935,0.1973,1.7037,-0.0082,0.0056,0.0137,0.9999,-0.2596,0.0017,0.0440
1351,Pelvis,2,0.5263,-0.4557,0.5884,0.4112,0.1293,-0.1560,-0.1355,1.2201,2.0890,0.1554,9.7855,-2.7352,-1.4063,0.0016,-0.0020,-0.0017,1.0000,0.2446,-0.0687,-0.0348
1352,Left,2,0.2121,0.0165,-0.9541,-0.2110,0.0257,0.2164,0.1549,-0.3989,0.2604,-0.0298,-3.4299,-1.2710,9.0858,0.0003,0.0027,0.0019,1.0000,-0.0851,-0.0320,0.2274
1352,Right,2,0.1484,-0.1493,-0.9439,-0.2545,-1.0322,1.0744,0.5932,3.9947,9.4168,2.4311,-3.3178,-7.1922,13.8507,-0.0129,0.0134,0.0074,0.9998,-0.0769,-0.1759,0.3496
1352,Pelvis,2,0.5296,-0.4537,0.5881,0.4097,0.2704,-0.1528,-0.1415,1.2413,1.4745,-0.0216,9.6095,-2.5573,-0.8367,0.0034,-0.0019,-0.0018,1.0000,0.2402,-0.0643,-0.0207
1353,Left,2,0.2178,0.0147,-0.9533,-0.2086,-0.0005,0.4752,0.2089,-0.7161,0.4789,0.1672,-3.2442,-1.3514,9.3803,-0.0000,0.0059,0.0026,1.0000,-0.0796,-0.0340,0.2350
1353,Right,2,0.1537,-0.1523,-0.9399,-0.2640,0.2962,0.3964,-0.8199,-0.2803,6.7831,0.6860,-0.5749,-3.2510,12.0587,0.0037,0.0050,-0.0102,0.9999,-0.0137,-0.0822,0.3012
1353,Pelvis,2,0.5341,-0.4519,0.5881,0.4058,0.4098,-0.2932,-0.0542,0.3663,-0.2300,-0.1879,9.5380,-1.2447,0.5488,0.0051,-0.0037,-0.0007,1.0000,0.2384,-0.0314,0.0144
1354,Left,2,0.2291,0.0120,-0.9515,-0.2048,-0.0463,0.9363,0.3194,-0.9350,0.5495,0.5225,-3.3602,-1.3575,9.7399,-0.0006,0.0117,0.0040,0.9999,-0.0810,-0.0341,0.2445
1354,Right,2,0.1559,-0.1458,-0.9411,-0.2621,-0.5665,0.0446,0.0688,1.0575,-7.6496,4.6225,-9.6272,8.5537,10.1076,-0.0071,0.0006,0.0009,1.0000,-0.2407,0.2154,0.2513
1355,Left,2,0.2503,0.0060,-0.9476,-0.1987,0.0005,1.7841,0.5299,-1.6326,1.2980,0.7707,-2.9645,-1.7784,10.2190,0.0000,0.0223,0.0066,0.9997,-0.0681,-0.0449,0.2570
1355,Right,2,0.1547,-0.1408,-0.9419,-0.2627,-0.3371,-0.2148,-0.0707,1.4791,1.5893,0.7239,-4.3639,-0.1150,9.8324,-0.0042,-0.0027,-0.0009,1.0000,-0.1098,-0.0017,0.2455
1355,Pelvis,2,0.5371,-0.4561,0.5899,0.3944,0.2339,-0.3054,0.3314,-0.3523,-1.3703,0.8476,10.6571,-0.4288,1.3745,0.0058,-0.0076,0.0083,0.9999,0.5325,-0.0174,0.0727
1356,Left,2,0.2933,-0.0059,-0.9372,-0.1885,0.0160,3.6572,0.8631,-3.8411,1.1304,0.6927,-1.9873,-0.7510,11.0441,0.0002,0.0457,0.0108,0.9989,-0.0368,-0.0193,0.2780
1356,Right,2,0.1526,-0.1372,-0.9431,-0.2616,-0.2462,-0.2305,0.0906,0.8847,-0.5014,0.5130,-4.6911,1.8142,9.0751,-0.0031,-0.0029,0.0011,1.0000,-0.1180,0.0459,0.2264
1356,Pelvis,2,0.5366,-0.4583,0.5912,0.3904,0.1204,-0.1277,0.3383,1.0736,-0.3175,1.2535,10.8724,-2.2512,0.6608,0.0015,-0.0016,0.0042,1.0000,0.2720,-0.0552,0.0169
1357,Right,2,0.1504,-0.1348,-0.9439,-0.2612,-0.1395,-0.2247,0.0500,0.6541,-0.0178,0.4990,-4.2241,1.4965,9.3101,-0.0017,-0.0028,0.0006,1.0000,-0.1063,0.0378,0.2324
1357,Pelvis,2,0.5380,-0.4570,0.5931,0.3872,0.3240,-0.0607,0.1060,1.6721,-0.8124,2.3768,11.9193,-2.8801,1.2938,0.0040,-0.0008,0.0013,1.0000,0.2981,-0.0717,0.0323
1358,Left,2,0.4395,-0.0440,-0.8817,-0.1657,0.0771,6.4561,0.8524,-3.3199,1.6730,1.1755,-4.7666,-1.3658,10.5437,0.0019,0.1607,0.0212,0.9868,-0.1484,-0.0732,0.5559
1358,Right,2,0.1490,-0.1343,-0.9443,-0.2608,-0.0079,-0.1160,0.0545,0.4721,0.2605,0.2539,-3.8208,1.3051,9.2371,-0.0001,-0.0014,0.0007,1.0000,-0.0959,0.0326,0.2308
1358,Pelvis,2,0.5389,-0.4537,0.5967,0.3844,0.4469,0.1111,0.0667,0.1580,-1.4739,2.0826,11.8267,-1.2291,1.5216,0.0056,0.0014,0.0008,1.0000,0.2957,-0.0307,0.0375
1359,Left,2,0.5074,-0.0714,-0.8451,-0.1525,0.7028,6.4973,1.1665,-2.9090,3.3020,6.1309,-11.1796,-2.9686,11.8485,0.0088,0.0811,0.0146,0.9966,-0.2532,-0.0808,0.3168
1359,Right,2,0.1481,-0.1352,-0.9445,-0.2601,0.0897,-0.0407,0.0833,0.1699,0.1030,0.0800,-3.5624,1.5783,9.0952,0.0011,-0.0005,0.0010,1.0000,-0.0892,0.0391,0.2274
1359,Pelvis,2,0.5389,-0.4503,0.6014,0.3809,0.4917,0.1827,0.1669,-1.0090,-1.7052,0.2349,10.1394,0.1652,1.4302,0.0061,0.0023,0.0021,1.0000,0.2536,0.0044,0.0352
1360,Left,2,0.5505,-0.0964,-0.8174,-0.1401,0.8219,4.4220,1.2708,-2.8341,5.0225,6.0207,-12.4277,-4.0386,10.6540,0.0103,0.0552,0.0159,0.9983,-0.2937,-0.1086,0.2818
1360,Right,2,0.1475,-0.1368,-0.9447,-0.2592,0.1298,-0.0032,0.1040,0.0324,0.0676,-0.0019,-3.4279,1.6961,9.0349,0.0016,-0.0000,0.0013,1.0000,-0.0858,0.0419,0.2259
1360,Pelvis,2,0.5385,-0.4477,0.6058,0.3776,0.4237,0.1645,0.1917,-1.3762,-1.3279,-0.7883,9.1585,0.5015,0.9831,0.0053,0.0021,0.0024,1.0000,0.2290,0.0130,0.0242
1361,Left,2,0.5791,-0.1192,-0.7952,-0.1340,1.0825,3.1585,0.9381,-4.9590,4.7331,0.1729,-7.3193,-2.5543,9.3112,0.0135,0.0395,0.0117,0.9991,-0.1728,-0.0691,0.2388
1361,Right,2,0.1470,-0.1384,-0.9448,-0.2581,0.1343,0.0085,0.1131,-0.0485,-0.0528,-0.0232,-3.4037,1.8708,8.9864,0.0017,0.0001,0.0014,1.0000,-0.0851,0.0463,0.2247
1361,Pelvis,2,0.5382,-0.4462,0.6083,0.3757,0.2462,0.1051,0.1151,-1.2498,-0.9632,-0.8611,9.0590,0.2502,0.7024,0.0031,0.0013,0.0014,1.0000,0.2265,0.0065,0.0173
1362,Right,2,0.1468,-0.1402,-0.9448,-0.2573,0.1362,0.0342,0.0884,-0.0634,0.0331,-0.0592,-3.3404,1.8366,8.9780,0.0017,0.0004,0.0011,1.0000,-0.0835,0.0454,0.2246
1362,Pelvis,2,0.5384,-0.4449,0.6093,0.3754,0.1252,0.0683,-0.0198,-0.9423,-0.8342,-0.5227,9.3473,-0.1339,0.7051,0.0016,0.0009,-0.0002,1.0000,0.2337,-0.0034,0.0174
1363,Left,2,0.5796,-0.1162,-0.7935,-0.1445,0.1566,-0.0100,-0.4177,-7.4975,6.4748,-3.4568,-3.3362,-3.1984,10.8247,0.0039,-0.0002,-0.0104,0.9999,-0.1686,-0.1603,0.5406
1363,Right,2,0.1470,-0.1419,-0.9446,-0.2570,0.1329,0.0594,0.0449,-0.0827,-0.0019,-0.1003,-3.3330,1.9008,8.9228,0.0017,0.0007,0.0006,1.0000,-0.0832,0.0471,0.2232
1363,Pelvis,2,0.5393,-0.4432,0.6091,0.3764,0.0665,0.0361,-0.1626,-0.7081,-0.7855,-0.2787,9.5553,-0.3795,0.7528,0.0008,0.0005,-0.0020,1.0000,0.2389,-0.0100,0.0187
1364,Left,2,0.5671,-0.1121,-0.8021,-0.1498,0.0567,-1.2751,-0.3043,-6.3471,4.0469,-5.5877,-1.6868,-1.3873,8.3517,0.0007,-0.0159,-0.0038,0.9999,-0.0456,-0.0347,0.2081
1364,Right,2,0.1474,-0.1431,-0.9444,-0.2569,0.1002,0.0561,0.0189,-0.0563,-0.0012,-0.1338,-3.3539,1.9054,8.8772,0.0013,0.0007,0.0002,1.0000,-0.0837,0.0473,0.2220
1364,Pelvis,2,0.5406,-0.4407,0.6083,0.3788,0.0415,0.0556,-0.2956,-0.3674,-0.5479,-0.0643,9.7200,-0.7481,0.6551,0.0005,0.0007,-0.0037,1.0000,0.2429,-0.0196,0.0162
1365,Left,2,0.5463,-0.1045,-0.8169,-0.1527,-0.2437,-2.1149,-0.1623,-5.6710,3.8345,-5.8847,-1.2969,-1.4683,7.6466,-0.0030,-0.0264,-0.0020,0.9996,-0.0375,-0.0361,0.1903
1365,Right,2,0.1476,-0.1441,-0.9442,-0.2569,0.0834,0.0424,0.0132,0.0248,0.0516,-0.1392,-3.4056,1.8366,8.8661,0.0010,0.0005,0.0002,1.0000,-0.0850,0.0457,0.2217
1365,Pelvis,2,0.5416,-0.4378,0.6079,0.3813,0.0518,0.1147,-0.2937,-0.3287,-0.3692,-0.6119,9.1734,-0.7030,0.5042,0.0006,0.0014,-0.0037,1.0000,0.2293,-0.0184,0.0123
1366,Left,2,0.5188,-0.0942,-0.8356,-0.1540,-0.4322,-2.7462,-0.0769,-5.3723,3.7548,-4.1489,-2.5326,-1.5688,8.1359,-0.0054,-0.0343,-0.0010,0.9994,-0.0703,-0.0381,0.2013
1366,Right,2,0.1478,-0.1449,-0.9440,-0.2569,0.0719,0.0330,0.0059,-0.0506,-0.0162,-0.1393,-3.3811,1.9475,8.8517,0.0009,0.0004,0.0001,1.0000,-0.0844,0.0485,0.2214
1366,Pelvis,2,0.5420,-0.4357,0.6080,0.3829,0.0563,0.1049,-0.1831,-0.2589,-0.2701,-1.0272,8.7544,-0.6970,0.4459,0.0007,0.0013,-0.0023,1.0000,0.2188,-0.0179,0.0108
1367,Left,2,0.4836,-0.0788,-0.8578,-0.1554,-0.6956,-3.4671,-0.1898,-4.9292,3.5983,-2.3026,-3.7318,-1.7166,8.7654,-0.0087,-0.0433,-0.0024,0.9990,-0.1028,-0.0408,0.2152
1367,Right,2,0.1479,-0.1452,-0.9439,-0.2573,0.0300,0.0135,-0.0200,-0.0783,-0.0416,-0.1749,-3.3624,1.9838,8.8121,0.0004,0.0002,-0.0002,1.0000,-0.0840,0.0495,0.2203
1367,Pelvis,2,0.5426,-0.4345,0.6077,0.3841,0.0257,0.0443,-0.1382,-0.4811,-0.0691,-0.4970,9.3078,-0.5788,0.2179,0.0003,0.0006,-0.0017,1.0000,0.2327,-0.0149,0.0053
1368,Left,2,0.4426,-0.0602,-0.8809,-0.1564,-0.8747,-3.9353,-0.2418,-4.4149,2.9230,-1.0835,-4.3134,-1.4761,9.1398,-0.0109,-0.0492,-0.0030,0.9987,-0.1190,-0.0341,0.2232
1368,Right,2,0.1479,-0.1449,-0.9438,-0.2578,-0.0038,-0.0063,-0.0365,-0.1078,-0.0548,-0.1823,-3.3435,2.0063,8.8065,-0.0000,-0.0001,-0.0005,1.0000,-0.0836,0.0502,0.2202
1368,Pelvis,2,0.5430,-0.4335,0.6074,0.3850,0.0171,0.0234,-0.1106,-0.6804,0.1391,-0.4411,9.3871,-0.4371,-0.0341,0.0002,0.0003,-0.0014,1.0000,0.2347,-0.0113,-0.0009
1369,Left,2,0.3990,-0.0370,-0.9031,-0.1545,-1.2557,-4.1317,-0.1933,-3.6101,1.7160,1.1240,-5.8219,-0.9580,10.0451,-0.0157,-0.0516,-0.0024,0.9985,-0.1583,-0.0197,0.2435
1369,Right,2,0.1480,-0.1443,-0.9437,-0.2583,-0.0295,-0.0092,-0.0413,-0.0867,-0.0172,-0.1309,-3.3625,1.9644,8.8645,-0.0004,-0.0001,-0.0005,1.0000,-0.0841,0.0492,0.2216
1369,Pelvis,2,0.5436,-0.4326,0.6073,0.3855,0.0387,0.0142,-0.0882,-0.4819,0.5269,0.0335,9.8363,-0.7784,-0.3149,0.0005,0.0002,-0.0011,1.0000,0.2459,-0.0197,-0.0079
1370,Left,2,0.3554,-0.0075,-0.9227,-0.1492,-1.8153,-4.1203,-0.1760,-1.2449,0.8159,5.6391,-9.7123,-1.5527,12.0193,-0.0227,-0.0515,-0.0022,0.9984,-0.2579,-0.0316,0.2882
1370,Right,2,0.1482,-0.1437,-0.9436,-0.2587,-0.0330,0.0035,-0.0343,-0.0090,0.0070,-0.0567,-3.4430,1.9046,8.9273,-0.0004,0.0000,-0.0004,1.0000,-0.0860,0.0477,0.2232
1370,Pelvis,2,0.5441,-0.4312,0.6076,0.3858,0.0924,0.0461,-0.0849,-0.2060,0.8538,0.0693,9.8427,-1.1280,-0.5236,0.0012,0.0006,-0.0011,1.0000,0.2460,-0.0284,-0.0133
1371,Left,2,0.3083,0.0265,-0.9391,-0.1493,-1.9516,-4.3465,-0.7498,2.7380,1.2976,8.1491,-12.7044,-4.0818,12.4132,-0.0244,-0.0543,-0.0094,0.9982,-0.3348,-0.0916,0.2948
1371,Right,2,0.1486,-0.1432,-0.9435,-0.2591,-0.0264,0.0163,-0.0361,0.0375,0.0466,-0.0922,-3.4548,1.8278,8.9003,-0.0003,0.0002,-0.0005,1.0000,-0.0863,0.0458,0.2225
1371,Pelvis,2,0.5444,-0.4296,0.6084,0.3859,0.1158,0.0718,-0.0646,-0.3884,1.0170,-0.1958,9.6021,-0.9666,-0.7306,0.0014,0.0009,-0.0008,1.0000,0.2400,-0.0243,-0.0185
1372,Left,2,0.2667,0.0579,-0.9480,-0.1640,-1.4762,-3.6783,-1.8535,6.1458,-2.1311,7.0459,-14.4452,-2.5152,10.5761,-0.0184,-0.0460,-0.0232,0.9985,-0.3741,-0.0496,0.2484
1372,Right,2,0.1491,-0.1429,-0.9434,-0.2595,-0.0170,0.0309,-0.0392,0.0101,0.0280,-0.0870,-3.4493,1.8475,8.9039,-0.0002,0.0004,-0.0005,1.0000,-0.0861,0.0463,0.2226
1372,Pelvis,2,0.5447,-0.4285,0.6091,0.3855,0.1183,0.0399,-0.0149,-0.6931,0.9198,-0.7755,9.0609,-0.5818,-0.7470,0.0015,0.0005,-0.0002,1.0000,0.2265,-0.0146,-0.0188
1373,Left,2,0.2298,0.0806,-0.9517,-0.1868,-0.7213,-3.0655,-2.3296,11.5158,-7.5994,5.6553,-19.1121,0.2298,8.0397,-0.0090,-0.0383,-0.0291,0.9988,-0.4846,0.0215,0.1824
1373,Right,2,0.1498,-0.1425,-0.9432,-0.2601,-0.0242,0.0404,-0.0552,-0.0790,-0.0108,-0.1410,-3.3843,1.9050,8.8581,-0.0003,0.0005,-0.0007,1.0000,-0.0845,0.0478,0.2215
1373,Pelvis,2,0.5455,-0.4286,0.6092,0.3842,0.0840,-0.0824,0.0396,-0.8247,0.8898,-1.3123,8.5411,-0.3982,-0.7871,0.0010,-0.0010,0.0005,1.0000,0.2136,-0.0098,-0.0195
1374,Left,2,0.1909,0.0874,-0.9549,-0.2100,0.5145,-2.9673,-2.0918,13.4826,-10.1461,0.2580,-19.1372,2.1206,3.9564,0.0064,-0.0371,-0.0261,0.9989,-0.4801,0.0650,0.0815
1374,Right,2,0.1504,-0.1418,-0.9430,-0.2609,-0.0421,0.0299,-0.0762,-0.0207,0.0240,-0.1500,-3.4240,1.8276,8.8489,-0.0005,0.0004,-0.0010,1.0000,-0.0855,0.0459,0.2212
1374,Pelvis,2,0.5467,-0.4300,0.6084,0.3821,0.0422,-0.2074,0.1043,-0.8448,0.9745,-1.5823,8.2711,-0.3963,-0.9136,0.0005,-0.0026,0.0013,1.0000,0.2068,-0.0096,-0.0223
1375,Left,2,0.1539,0.0799,-0.9583,-0.2271,1.4881,-2.6300,-1.3914,12.4038,-9.4433,-7.3248,-15.4370,2.9898,-1.4421,0.0186,-0.0329,-0.0174,0.9991,-0.3831,0.0822,-0.0472
1375,Right,2,0.1512,-0.1409,-0.9427,-0.2618,-0.0566,0.0323,-0.0840,-0.1318,-0.0002,-0.1410,-3.3577,1.8880,8.8724,-0.0007,0.0004,-0.0010,1.0000,-0.0838,0.0474,0.2218
1375,Pelvis,2,0.5477,-0.4322,0.6074,0.3799,-0.0022,-0.2351,0.1359,-0.5756,0.7488,-0.6600,9.1533,-0.6957,-0.6294,-0.0000,-0.0029,0.0017,1.0000,0.2289,-0.0170,-0.0151
1376,Left,2,0.1303,0.0720,-0.9618,-0.2297,1.0937,-1.6839,-0.1889,10.1128,-9.5645,-12.0844,-12.5108,4.7161,-4.4907,0.0137,-0.0210,-0.0024,0.9997,-0.3101,0.1202,-0.1172
1376,Right,2,0.1522,-0.1400,-0.9425,-0.2627,-0.0635,0.0525,-0.0858,-0.0706,0.0138,-0.1443,-3.4134,1.8196,8.8612,-0.0008,0.0007,-0.0011,1.0000,-0.0851,0.0458,0.2216
1376,Pelvis,2,0.5478,-0.4343,0.6066,0.3785,-0.0581,-0.1499,0.1360,-0.3491,1.0068,0.2095,9.9825,-1.1212,-0.8199,-0.0007,-0.0019,0.0017,1.0000,0.2496,-0.0276,-0.0200
1377,Left,2,0.1337,0.0822,-0.9610,-0.2279,-0.8652,0.0746,0.0360,9.2908,-7.2735,-12.1339,-10.8351,3.0109,-4.2599,-0.0108,0.0009,0.0005,0.9999,-0.2710,0.0740,-0.1071
1377,Right,2,0.1536,-0.1393,-0.9422,-0.2634,-0.0666,0.0877,-0.0775,-0.2060,0.0266,-0.2370,-3.2829,1.8406,8.8075,-0.0008,0.0011,-0.0010,1.0000,-0.0818,0.0463,0.2202
1377,Pelvis,2,0.5469,-0.4361,0.6068,0.3775,-0.0555,-0.0396,0.1628,-1.2949,0.5938,0.5159,10.3967,-0.1692,-0.7670,-0.0007,-0.0005,0.0020,1.0000,0.2599,-0.0037,-0.0190
1378,Left,2,0.1509,0.0770,-0.9587,-0.2283,0.0852,1.4478,0.0964,10.3011,-4.5205,-6.2213,-11.7452,-1.0671,0.6096,0.0011,0.0181,0.0012,0.9998,-0.2933,-0.0270,0.0205
1378,Right,2,0.1559,-0.1385,-0.9417,-0.2641,-0.0820,0.1584,-0.0950,-0.2769,0.0148,-0.1534,-3.2919,1.8772,8.8892,-0.0010,0.0020,-0.0012,1.0000,-0.0818,0.0473,0.2223
1378,Pelvis,2,0.5445,-0.4390,0.6073,0.3767,-0.1504,0.0286,0.2601,-1.6807,0.9469,0.2283,10.1494,0.0558,-1.2368,-0.0019,0.0004,0.0033,1.0000,0.2537,0.0022,-0.0310
1379,Left,2,0.1709,0.0589,-0.9562,-0.2303,1.0339,1.9119,0.1405,2.1237,-0.5062,0.2288,-4.8061,-2.4848,8.7377,0.0129,0.0239,0.0018,0.9996,-0.1148,-0.0652,0.2204
1379,Right,2,0.1593,-0.1376,-0.9409,-0.2653,-0.1009,0.2354,-0.1497,-0.2850,0.0863,-0.0140,-3.3537,1.8140,9.0313,-0.0013,0.0029,-0.0019,1.0000,-0.0831,0.0458,0.2260
1379,Pelvis,2,0.5414,-0.4430,0.6072,0.3768,-0.2917,0.0310,0.2788,-1.9382,1.0456,-0.0036,9.9509,0.2327,-1.4119,-0.0036,0.0004,0.0035,1.0000,0.2487,0.0066,-0.0354
1380,Left,2,0.1772,0.0455,-0.9549,-0.2337,0.9521,0.7610,-0.0744,-9.9256,4.8702,12.6402,3.5776,-4.1516,24.4209,0.0119,0.0095,-0.0009,0.9999,0.0951,-0.1111,0.6083
1380,Right,2,0.1644,-0.1371,-0.9395,-0.2673,-0.0982,0.3646,-0.2377,-0.4094,0.1336,0.1114,-3.3555,1.8228,9.1702,-0.0012,0.0046,-0.0030,1.0000,-0.0827,0.0461,0.2296
1380,Pelvis,2,0.5392,-0.4480,0.6051,0.3774,-0.3986,-0.1125,0.2023,-1.7127,0.6583,0.0013,9.9353,0.0964,-0.9817,-0.0050,-0.0014,0.0025,1.0000,0.2484,0.0029,-0.0242
1381,Left,2,0.1927,0.0359,-0.9518,-0.2358,0.4719,1.4168,-0.0235,-5.3317,-1.4039,-9.0590,3.4783,3.4271,2.6690,0.0059,0.0177,-0.0003,0.9998,0.0882,0.0853,0.0657
1381,Right,2,0.1723,-0.1372,-0.9372,-0.2705,-0.0857,0.5995,-0.3650,-0.5635,-0.0125,0.1966,-3.4563,1.9916,9.1975,-0.0011,0.0075,-0.0046,1.0000,-0.0845,0.0504,0.2305
1381,Pelvis,2,0.5383,-0.4515,0.6016,0.3799,-0.4131,-0.1212,-0.0447,-0.5149,0.3881,1.1545,10.9235,-1.1127,-0.3655,-0.0052,-0.0015,-0.0006,1.0000,0.2731,-0.0280,-0.0086
1382,Left,2,0.2135,0.0280,-0.9481,-0.2341,0.1765,1.7897,0.2319,2.6663,-7.1297,7.5425,-11.8652,2.4627,14.5724,0.0022,0.0224,0.0029,0.9997,-0.2886,0.0599,0.3710
1382,Right,2,0.1839,-0.1382,-0.9337,-0.2744,-0.0684,0.9008,-0.4737,-0.3698,0.4443,0.3926,-3.6710,1.4853,9.4236,-0.0009,0.0113,-0.0059,0.9999,-0.0889,0.0379,0.2366
1383,Left,2,0.2233,0.0258,-0.9468,-0.2304,-0.0753,0.8063,0.3181,1.9648,-0.7022,2.9831,-7.0190,-2.1658,10.6835,-0.0009,0.0101,0.0040,0.9999,-0.1726,-0.0546,0.2689
1383,Right,2,0.2025,-0.1425,-0.9282,-0.2778,0.0385,1.5227,-0.5170,-1.4437,1.4317,0.5320,-2.7496,1.2656,10.0994,0.0005,0.0190,-0.0065,0.9998,-0.0637,0.0319,0.2537
1383,Pelvis,2,0.5402,-0.4538,0.5950,0.3850,-0.2494,-0.1313,-0.2070,0.2870,-0.2890,1.0254,10.7197,-1.5859,0.4537,-0.0062,-0.0033,-0.0052,1.0000,0.5355,-0.0819,0.0249
1384,Left,2,0.2243,0.0232,-0.9467,-0.2302,0.1768,0.1252,0.0611,2.6033,-0.5075,2.4976,-7.3719,-2.4922,9.9006,0.0022,0.0016,0.0008,1.0000,-0.1839,-0.0630,0.2477
1384,Right,2,0.2338,-0.1517,-0.9183,-0.2813,0.1668,2.6581,-0.6755,-2.2027,1.5847,0.7394,-2.7553,1.5929,10.4224,0.0021,0.0332,-0.0084,0.9994,-0.0598,0.0398,0.2627
1384,Pelvis,2,0.5416,-0.4539,0.5925,0.3867,-0.1026,-0.1102,-0.2043,0.3707,-0.5576,1.0248,10.7319,-1.5078,0.6717,-0.0013,-0.0014,-0.0026,1.0000,0.2682,-0.0384,0.0172
1385,Left,2,0.2218,0.0215,-0.9471,-0.2308,0.1869,-0.1622,-0.0138,1.0499,-0.4513,1.0296,-5.5044,-1.6182,9.2706,0.0023,-0.0020,-0.0002,1.0000,-0.1381,-0.0410,0.2314
1385,Right,2,0.2817,-0.1682,-0.9015,-0.2823,0.3668,4.1941,-0.7229,-2.7220,1.6896,0.7876,-3.2788,1.8366,10.4222,0.0046,0.0524,-0.0090,0.9986,-0.0678,0.0454,0.2646
1385,Pelvis,2,0.5419,-0.4556,0.5904,0.3877,-0.1829,-0.1178,-0.0504,-0.3606,-0.6668,1.3986,11.1964,-0.7938,0.5282,-0.0023,-0.0015,-0.0006,1.0000,0.2799,-0.0200,0.0137
1386,Left,2,0.2185,0.0208,-0.9478,-0.2314,0.1319,-0.2459,-0.0305,0.6305,-0.0230,0.5917,-4.7519,-1.7254,9.1155,0.0016,-0.0031,-0.0004,1.0000,-0.1195,-0.0435,0.2275
1386,Right,2,0.3473,-0.1909,-0.8740,-0.2813,0.5134,5.8843,-0.9151,-3.3214,1.3138,0.9381,-4.4604,2.5467,10.1091,0.0064,0.0735,-0.0114,0.9972,-0.0918,0.0631,0.2604
1387,Left,2,0.2157,0.0208,-0.9483,-0.2319,0.0706,-0.2241,-0.0391,0.1500,-0.2068,0.2958,-4.2762,-1.2952,9.0710,0.0009,-0.0028,-0.0005,1.0000,-0.1076,-0.0325,0.2264
1387,Right,2,0.4242,-0.2135,-0.8345,-0.2795,0.4187,7.0238,-1.3033,-4.2180,1.3904,1.9184,-6.3427,3.1495,10.3736,0.0052,0.0877,-0.0163,0.9960,-0.1337,0.0797,0.2722
1387,Pelvis,2,0.5382,-0.4593,0.5882,0.3917,-0.2659,0.0536,0.0186,0.0552,-1.4939,1.1237,10.9054,-0.9308,1.4300,-0.0066,0.0013,0.0005,1.0000,0.5454,-0.0458,0.0711
1388,Left,2,0.2130,0.0210,-0.9488,-0.2324,0.0516,-0.2102,-0.0376,0.1519,0.0881,0.0170,-3.9837,-1.5111,8.8601,0.0006,-0.0026,-0.0005,1.0000,-0.1002,-0.0379,0.2212
1388,Right,2,0.4971,-0.2267,-0.7892,-0.2805,0.0638,6.6917,-1.8766,-5.5019,1.3661,5.9393,-11.1207,4.1802,11.8247,0.0008,0.0835,-0.0234,0.9962,-0.2495,0.1103,0.3174
1388,Pelvis,2,0.5359,-0.4590,0.5872,0.3966,-0.2922,0.2572,-0.1921,1.3181,-1.6137,-0.1191,9.5281,-1.9565,1.9225,-0.0037,0.0032,-0.0024,1.0000,0.2382,-0.0493,0.0475
1389,Left,2,0.2100,0.0207,-0.9494,-0.2328,0.0901,-0.2279,-0.0237,0.1261,0.0303,0.0209,-3.9403,-1.4371,8.8952,0.0011,-0.0028,-0.0003,1.0000,-0.0992,-0.0361,0.2221
1389,Right,2,0.5486,-0.2303,-0.7508,-0.2869,0.0384,4.7476,-2.0476,-7.6368,0.8803,8.1358,-14.4053,5.5181,11.9922,0.0005,0.0593,-0.0256,0.9979,-0.3378,0.1466,0.3204
1389,Pelvis,2,0.5339,-0.4576,0.5860,0.4027,-0.2981,0.3136,-0.3119,1.3913,-1.1690,-1.0636,8.5702,-1.9932,1.5582,-0.0037,0.0039,-0.0039,1.0000,0.2142,-0.0505,0.0383
1390,Left,2,0.2075,0.0202,-0.9498,-0.2332,0.0986,-0.1867,-0.0227,-0.0139,-0.1283,0.1256,-3.8925,-1.2315,9.0619,0.0012,-0.0023,-0.0003,1.0000,-0.0979,-0.0310,0.2263
1390,Right,2,0.5861,-0.2228,-0.7226,-0.2911,-0.5964,3.2452,-1.9166,-9.1261,2.6143,-0.3259,-7.0159,4.3863,10.5732,-0.0075,0.0405,-0.0239,0.9989,-0.1618,0.1156,0.2702
1390,Pelvis,2,0.5321,-0.4557,0.5850,0.4086,-0.2472,0.3222,-0.3229,1.0784,-0.6764,-1.1727,8.4911,-1.7492,1.0549,-0.0031,0.0040,-0.0040,1.0000,0.2122,-0.0445,0.0257
1391,Left,2,0.2063,0.0200,-0.9500,-0.2337,0.0460,-0.0852,-0.0332,-0.1922,-0.2321,0.1377,-3.7684,-1.0502,9.1541,0.0006,-0.0011,-0.0004,1.0000,-0.0945,-0.0263,0.2287
1391,Right,2,0.5862,-0.2191,-0.7180,-0.3047,0.5154,-0.1017,-1.0589,-11.9412,7.6203,1.0891,-7.7281,2.3604,15.9441,0.0064,-0.0013,-0.0132,0.9999,-0.1929,0.0590,0.3987
1391,Pelvis,2,0.5312,-0.4548,0.5842,0.4121,-0.1587,0.1668,-0.1963,0.9664,-0.3423,0.1396,9.8112,-1.8007,0.7726,-0.0020,0.0021,-0.0025,1.0000,0.2452,-0.0456,0.0189
1392,Left,2,0.2063,0.0199,-0.9498,-0.2341,0.0173,0.0054,-0.0378,-0.1035,-0.0079,0.0426,-3.6915,-1.2725,9.0494,0.0002,0.0001,-0.0005,1.0000,-0.0923,-0.0318,0.2262
1392,Right,2,0.5704,-0.2151,-0.7248,-0.3209,0.8093,-1.6034,-0.6729,-8.8735,0.7502,-8.9503,0.5148,5.6606,6.9097,0.0101,-0.0200,-0.0084,0.9997,0.0106,0.1397,0.1744
1392,Pelvis,2,0.5296,-0.4555,0.5844,0.4129,-0.1051,0.0894,0.0599,1.2541,-0.2163,1.1907,10.8299,-2.1943,0.7700,-0.0013,0.0011,0.0007,1.0000,0.2708,-0.0546,0.0190
1393,Left,2,0.2068,0.0197,-0.9497,-0.2344,0.0208,0.0503,-0.0220,-0.0181,-0.0077,0.0129,-3.7538,-1.3054,8.9860,0.0003,0.0006,-0.0003,1.0000,-0.0937,-0.0327,0.2247
1393,Right,2,0.5529,-0.2088,-0.7358,-0.3306,0.3464,-1.8422,-0.2536,-8.0159,0.9757,-7.2191,-0.9969,4.8974,6.8529,0.0043,-0.0230,-0.0032,0.9997,-0.0285,0.1218,0.1712
1393,Pelvis,2,0.5268,-0.4569,0.5858,0.4130,-0.1051,0.1475,0.2037,0.9544,-0.1893,0.4612,10.1248,-1.8783,0.6783,-0.0013,0.0018,0.0025,1.0000,0.2533,-0.0463,0.0166
1394,Left,2,0.2075,0.0194,-0.9495,-0.2346,0.0175,0.0591,-0.0142,-0.0007,-0.0895,-0.0011,-3.8109,-1.2366,8.9568,0.0002,0.0007,-0.0002,1.0000,-0.0951,-0.0309,0.2240
1394,Right,2,0.5253,-0.2050,-0.7549,-0.3350,0.3948,-2.6370,0.5383,-7.2128,1.5775,-6.2899,-1.4643,3.9196,7.0313,0.0049,-0.0330,0.0067,0.9994,-0.0430,0.0968,0.1749
1394,Pelvis,2,0.5239,-0.4584,0.5873,0.4130,-0.1027,0.1513,0.2168,0.7559,0.0434,-0.3998,9.2783,-1.7089,0.4123,-0.0013,0.0019,0.0027,1.0000,0.2321,-0.0421,0.0099
1395,Left,2,0.2083,0.0192,-0.9493,-0.2346,0.0025,0.0661,-0.0038,-0.0097,-0.0883,-0.0043,-3.8152,-1.2328,8.9519,0.0000,0.0008,-0.0000,1.0000,-0.0952,-0.0308,0.2239
1395,Right,2,0.4868,-0.2035,-0.7803,-0.3357,0.5684,-3.4389,1.2108,-6.2354,1.9817,-5.1169,-2.0458,3.0118,7.1866,0.0071,-0.0430,0.0151,0.9989,-0.0599,0.0732,0.1777
1395,Pelvis,2,0.5217,-0.4594,0.5886,0.4127,-0.0547,0.1167,0.1814,0.6796,0.1956,-0.6259,9.0530,-1.6942,0.2662,-0.0007,0.0015,0.0023,1.0000,0.2264,-0.0418,0.0064
1396,Left,2,0.2090,0.0191,-0.9492,-0.2344,0.0001,0.0630,0.0155,-0.0124,-0.0392,-0.0518,-3.7865,-1.2689,8.9066,0.0000,0.0008,0.0002,1.0000,-0.0945,-0.0317,0.2227
1396,Right,2,0.4405,-0.2021,-0.8076,-0.3359,0.7290,-3.9871,1.4305,-4.4364,2.5863,-4.5247,-2.1981,1.4710,6.8840,0.0091,-0.0498,0.0179,0.9986,-0.0641,0.0341,0.1694
1396,Pelvis,2,0.5199,-0.4604,0.5899,0.4120,-0.0204,0.0787,0.1817,0.6273,0.2201,-0.6967,8.9805,-1.6829,0.2477,-0.0003,0.0010,0.0023,1.0000,0.2246,-0.0416,0.0060
1397,Left,2,0.2096,0.0188,-0.9492,-0.2341,0.0063,0.0490,0.0243,-0.0667,-0.0032,-0.1423,-3.7042,-1.2633,8.8432,0.0001,0.0006,0.0003,1.0000,-0.0925,-0.0316,0.2211
1397,Right,2,0.3924,-0.2028,-0.8304,-0.3396,1.1195,-3.9477,1.1742,-2.0960,2.7942,-4.1710,-2.6594,-0.1271,6.0813,0.0140,-0.0493,0.0147,0.9986,-0.0738,-0.0063,0.1484
1397,Pelvis,2,0.5184,-0.4615,0.5907,0.4114,-0.0449,0.0476,0.1557,0.5340,0.3418,-0.9129,8.7707,-1.6345,0.1122,-0.0006,0.0006,0.0019,1.0000,0.2193,-0.0404,0.0027
1398,Left,2,0.2096,0.0184,-0.9493,-0.2336,0.0265,0.0101,0.0476,-0.0321,0.0468,-0.1750,-3.7041,-1.3124,8.8003,0.0003,0.0001,0.0006,1.0000,-0.0926,-0.0329,0.2200
1398,Right,2,0.3475,-0.2075,-0.8458,-0.3476,1.5392,-3.4624,0.7693,-0.6939,2.1385,0.0134,-6.2376,-0.0652,7.9231,0.0192,-0.0433,0.0096,0.9988,-0.1643,-0.0069,0.1910
1399,Left,2,0.2090,0.0178,-0.9497,-0.2327,0.0533,-0.0420,0.0827,0.0038,-0.0672,-0.1437,-3.7947,-1.2167,8.8099,0.0007,-0.0005,0.0010,1.0000,-0.0950,-0.0307,0.2202
1399,Right,2,0.2984,-0.2119,-0.8607,-0.3539,1.6108,-3.7169,0.9274,-1.0584,0.7838,6.0058,-10.1151,2.3362,12.0169,0.0201,-0.0464,0.0116,0.9987,-0.2671,0.0495,0.2893
1399,Pelvis,2,0.5164,-0.4627,0.5915,0.4116,-0.0442,0.0480,0.0718,0.4627,0.7086,-1.0438,8.6464,-1.6689,-0.2534,-0.0011,0.0012,0.0018,1.0000,0.4325,-0.0827,-0.0131
1400,Left,2,0.2081,0.0171,-0.9502,-0.2315,0.0512,-0.0646,0.1047,-0.0643,-0.1427,-0.0638,-3.7954,-1.1106,8.9122,0.0006,-0.0008,0.0013,1.0000,-0.0950,-0.0280,0.2227
1400,Right,2,0.2480,-0.2138,-0.8787,-0.3473,1.1044,-3.7280,1.8696,1.7640,-2.0949,5.6293,-11.7556,2.8723,9.9874,0.0138,-0.0466,0.0234,0.9985,-0.3066,0.0614,0.2365
1400,Pelvis,2,0.5159,-0.4625,0.5915,0.4123,-0.0256,0.0609,-0.0239,0.4911,0.9693,-0.8198,8.8654,-1.7968,-0.4782,-0.0003,0.0008,-0.0003,1.0000,0.2216,-0.0450,-0.0121
1401,Left,2,0.2072,0.0168,-0.9507,-0.2302,0.0251,-0.0665,0.1121,-0.1513,-0.0715,-0.0992,-3.6677,-1.1142,8.9267,0.0003,-0.0008,0.0014,1.0000,-0.0918,-0.0281,0.2231
1401,Right,2,0.2059,-0.2122,-0.8968,-0.3290,0.3957,-3.0460,2.4810,8.5883,-4.5520,7.1906,-17.3454,0.9338,9.0643,0.0049,-0.0381,0.0310,0.9988,-0.4423,0.0086,0.2099
1401,Pelvis,2,0.5162,-0.4620,0.5912,0.4131,-0.0033,0.0222,-0.0829,0.4577,1.2433,-0.9804,8.7162,-1.7967,-0.7508,-0.0000,0.0003,-0.0010,1.0000,0.2179,-0.0451,-0.0188
1402,Left,2,0.2059,0.0165,-0.9513,-0.2287,0.0294,-0.1031,0.1257,-0.0673,0.2012,-0.1790,-3.5680,-1.3679,8.8459,0.0004,-0.0013,0.0016,1.0000,-0.0894,-0.0344,0.2210
1402,Right,2,0.1687,-0.2034,-0.9135,-0.3095,-0.2394,-2.8349,2.3320,16.1283,-7.1467,4.6340,-22.1092,-1.7965,5.3105,-0.0030,-0.0354,0.0291,0.9989,-0.5554,-0.0607,0.1133
1402,Pelvis,2,0.5185,-0.4616,0.5896,0.4129,0.0547,-0.1703,-0.1433,0.4398,1.5692,-1.2228,8.4848,-1.8023,-1.0969,0.0007,-0.0021,-0.0018,1.0000,0.2121,-0.0454,-0.0270
1403,Left,2,0.2041,0.0156,-0.9521,-0.2269,0.0730,-0.1345,0.1550,-0.0085,0.2924,-0.1335,-3.5712,-1.4574,8.8822,0.0009,-0.0017,0.0019,1.0000,-0.0896,-0.0368,0.2219
1403,Right,2,0.1403,-0.1877,-0.9283,-0.2887,-0.9571,-2.3252,2.1363,16.6386,-10.4082,-2.2393,-21.0202,-0.3942,-0.8701,-0.0120,-0.0291,0.0267,0.9991,-0.5241,-0.0242,-0.0368
1403,Pelvis,2,0.5219,-0.4610,0.5876,0.4121,0.1118,-0.2545,-0.1803,0.2500,1.8945,-0.6785,9.0507,-1.7250,-1.4811,0.0014,-0.0032,-0.0023,1.0000,0.2263,-0.0436,-0.0364
1404,Left,2,0.2026,0.0147,-0.9529,-0.2251,0.0740,-0.1100,0.1666,-0.1389,0.2065,-0.1533,-3.4732,-1.2928,8.9237,0.0009,-0.0014,0.0021,1.0000,-0.0871,-0.0327,0.2229
1404,Right,2,0.1261,-0.1687,-0.9417,-0.2623,-1.5683,-1.2450,2.2763,15.9374,-10.2465,-7.3888,-18.5917,-0.2999,-4.3908,-0.0196,-0.0156,0.0284,0.9993,-0.4625,-0.0229,-0.1166
1404,Pelvis,2,0.5258,-0.4596,0.5859,0.4111,0.1808,-0.2388,-0.2047,0.2985,2.0382,0.1019,9.8197,-1.8527,-1.6382,0.0023,-0.0030,-0.0026,1.0000,0.2455,-0.0469,-0.0403
1405,Left,2,0.2020,0.0139,-0.9535,-0.2232,0.0430,-0.0426,0.1664,-0.1047,0.1875,-0.1422,-3.5015,-1.2648,8.9278,0.0005,-0.0005,0.0021,1.0000,-0.0876,-0.0319,0.2231
1405,Right,2,0.1266,-0.1590,-0.9505,-0.2350,-1.1254,0.1226,2.1462,16.5030,-7.3441,-8.8572,-17.3959,-2.1712,-4.4678,-0.0141,0.0015,0.0268,0.9995,-0.4334,-0.0675,-0.1101
1405,Pelvis,2,0.5295,-0.4580,0.5849,0.4096,0.2334,-0.2122,-0.1721,0.9361,2.1353,0.2798,9.9275,-2.4718,-1.6214,0.0029,-0.0027,-0.0022,1.0000,0.2482,-0.0622,-0.0401
1406,Left,2,0.2027,0.0131,-0.9538,-0.2214,0.0322,0.0660,0.1514,-0.2162,0.2365,-0.0949,-3.4142,-1.2463,9.0182,0.0004,0.0008,0.0019,1.0000,-0.0851,-0.0314,0.2255
1406,Right,2,0.1489,-0.1505,-0.9527,-0.2181,-1.2586,1.7313,0.9605,10.4206,-0.0037,-3.5146,-11.0520,-3.4715,3.7540,-0.0157,0.0216,0.0120,0.9996,-0.2731,-0.0885,0.1012
1406,Pelvis,2,0.5338,-0.4560,0.5843,0.4071,0.3276,-0.2505,-0.1469,1.4315,1.9814,-0.1992,9.4023,-2.8345,-1.3990,0.0041,-0.0031,-0.0018,1.0000,0.2350,-0.0712,-0.0345
1407,Left,2,0.2061,0.0115,-0.9536,-0.2190,0.0211,0.2869,0.2034,-0.6015,0.6124,0.0140,-3.0254,-1.4178,9.2811,0.0003,0.0036,0.0025,1.0000,-0.0747,-0.0357,0.2323
1407,Right,2,0.1537,-0.1430,-0.9520,-0.2229,-0.5754,0.1816,-0.5221,-3.6483,12.3184,5.9427,2.1911,-5.5403,19.4369,-0.0072,0.0023,-0.0065,1.0000,0.0550,-0.1354,0.4868
1407,Pelvis,2,0.5397,-0.4543,0.5836,0.4022,0.4670,-0.4296,-0.0798,1.5149,0.3159,0.0499,9.6645,-2.4962,0.1807,0.0058,-0.0054,-0.0010,1.0000,0.2415,-0.0627,0.0055
1408,Left,2,0.2146,0.0084,-0.9527,-0.2150,0.0282,0.7132,0.3495,-1.0396,1.3215,0.1665,-2.5566,-1.8714,9.6112,0.0004,0.0089,0.0044,1.0000,-0.0616,-0.0471,0.2408
1408,Right,2,0.1612,-0.1387,-0.9499,-0.2292,-0.3497,0.4508,-0.6489,2.5055,-8.0647,3.8986,-10.2129,8.4319,9.1610,-0.0044,0.0056,-0.0081,0.9999,-0.2523,0.2139,0.2295
1408,Pelvis,2,0.5444,-0.4544,0.5845,0.3943,0.5306,-0.4699,0.2284,0.0162,-1.5359,1.6508,11.4477,-0.7361,1.4770,0.0066,-0.0059,0.0029,1.0000,0.2860,-0.0178,0.0385
1409,Right,2,0.1628,-0.1293,-0.9508,-0.2296,-0.7384,-0.0646,-0.1478,1.8528,2.7028,0.6856,-4.3777,-1.3138,10.0032,-0.0092,-0.0008,-0.0018,1.0000,-0.1097,-0.0303,0.2503
1409,Pelvis,2,0.5465,-0.4569,0.5869,0.3849,0.4562,-0.4152,0.5466,-0.4558,-1.8818,1.2057,11.0753,-0.2346,1.5614,0.0057,-0.0052,0.0068,0.9999,0.2767,-0.0042,0.0404
1410,Left,2,0.2643,-0.0146,-0.9442,-0.1962,0.2930,2.1639,0.8544,-2.0356,1.9391,0.9338,-2.5169,-1.9734,10.6443,0.0073,0.0541,0.0213,0.9983,-0.0947,-0.1048,0.5371
1410,Right,2,0.1624,-0.1234,-0.9517,-0.2293,-0.4425,-0.1486,-0.0246,1.9316,-0.2529,1.2680,-5.7965,1.1349,9.5755,-0.0055,-0.0019,-0.0003,1.0000,-0.1453,0.0297,0.2390
1410,Pelvis,2,0.5467,-0.4585,0.5903,0.3775,0.3881,-0.1774,0.5128,-0.0848,-0.9940,0.5289,10.3237,-0.8933,0.7540,0.0049,-0.0022,0.0064,1.0000,0.2582,-0.0208,0.0193
1411,Left,2,0.3226,-0.0355,-0.9288,-0.1790,0.3221,5.0815,1.4282,-3.8526,1.1963,0.9504,-2.7050,-0.3799,11.1732,0.0040,0.0635,0.0178,0.9978,-0.0495,-0.0116,0.2828
1411,Right,2,0.1601,-0.1202,-0.9526,-0.2291,-0.2038,-0.2377,0.0158,1.0916,0.2165,0.6674,-4.6376,0.9518,9.4159,-0.0025,-0.0030,0.0002,1.0000,-0.1166,0.0244,0.2350
1411,Pelvis,2,0.5486,-0.4574,0.5928,0.3719,0.4618,-0.1541,0.2262,0.7593,-1.0814,2.3598,12.0370,-1.9933,1.0258,0.0058,-0.0019,0.0028,1.0000,0.3010,-0.0491,0.0259
1412,Left,2,0.4020,-0.0617,-0.8995,-0.1594,0.3900,7.1059,1.4936,-3.7361,1.7970,0.5567,-4.0272,-0.7476,10.4055,0.0049,0.0887,0.0186,0.9959,-0.0767,-0.0216,0.2676
1412,Right,2,0.1583,-0.1204,-0.9531,-0.2283,0.0418,-0.1299,0.1000,0.4656,0.4145,0.3395,-3.8677,1.0099,9.3529,0.0005,-0.0016,0.0012,1.0000,-0.0971,0.0250,0.2337
1412,Pelvis,2,0.5510,-0.4542,0.5953,0.3683,0.4770,-0.0341,0.0122,0.2946,-1.8507,3.8448,13.6083,-1.5417,1.5733,0.0060,-0.0004,0.0002,1.0000,0.3402,-0.0387,0.0392
1413,Left,2,0.4802,-0.0945,-0.8609,-0.1390,0.9045,7.4003,1.6384,-3.7006,2.9791,5.1406,-9.3321,-1.4939,12.5539,0.0113,0.0924,0.0204,0.9955,-0.2022,-0.0454,0.3330
1413,Right,2,0.1574,-0.1218,-0.9533,-0.2274,0.1228,-0.0399,0.1063,-0.0340,-0.1444,0.0314,-3.5338,1.7075,9.0291,0.0015,-0.0005,0.0013,1.0000,-0.0885,0.0422,0.2257
1413,Pelvis,2,0.5517,-0.4503,0.5989,0.3661,0.4438,0.1574,0.0123,-0.5592,-2.0250,1.4696,11.3673,-0.3509,1.5380,0.0055,0.0020,0.0002,1.0000,0.2843,-0.0089,0.0378
1414,Left,2,0.5350,-0.1170,-0.8281,-0.1200,0.4594,5.4373,1.3976,-3.9633,3.3348,7.9686,-13.6051,-1.0172,12.5473,0.0057,0.0679,0.0175,0.9975,-0.3173,-0.0330,0.3356
1414,Right,2,0.1568,-0.1225,-0.9534,-0.2268,0.0660,-0.0254,0.0649,-0.0987,-0.2211,-0.0595,-3.4659,1.8156,8.9372,0.0008,-0.0003,0.0008,1.0000,-0.0868,0.0451,0.2234
1414,Pelvis,2,0.5515,-0.4471,0.6030,0.3638,0.4093,0.2067,0.0968,-1.1468,-1.7189,-0.7960,9.1718,0.4069,1.1331,0.0051,0.0026,0.0012,1.0000,0.2294,0.0103,0.0278
1415,Left,2,0.5716,-0.1355,-0.8025,-0.1047,0.4658,3.8461,1.2204,-5.5015,4.6155,0.3390,-7.2630,-1.7469,9.9476,0.0058,0.0481,0.0152,0.9987,-0.1686,-0.0478,0.2567
1415,Right,2,0.1564,-0.1227,-0.9535,-0.2265,0.0292,-0.0217,0.0394,0.0449,-0.0319,-0.0291,-3.5164,1.6011,8.9885,0.0004,-0.0003,0.0005,1.0000,-0.0880,0.0399,0.2247
1415,Pelvis,2,0.5507,-0.4449,0.6066,0.3617,0.3076,0.1824,0.1391,-1.2526,-1.2876,-1.3314,8.6282,0.4168,0.7353,0.0038,0.0023,0.0017,1.0000,0.2157,0.0107,0.0179
1416,Left,2,0.5828,-0.1342,-0.7969,-0.0853,-0.9970,1.1763,1.0101,-13.0701,5.7903,1.7241,-6.8441,-0.2314,17.0466,-0.0125,0.0147,0.0126,0.9997,-0.1648,-0.0026,0.4287
1416,Right,2,0.1562,-0.1232,-0.9535,-0.2262,0.0477,-0.0032,0.0363,0.0667,0.1151,-0.0431,-3.4677,1.4701,9.0154,0.0006,-0.0000,0.0005,1.0000,-0.0867,0.0366,0.2254
1416,Pelvis,2,0.5509,-0.4431,0.6084,0.3606,0.2102,0.0864,0.0200,-1.1010,-0.9062,-0.6552,9.2565,0.0363,0.4561,0.0026,0.0011,0.0003,1.0000,0.2314,0.0009,0.0112
1417,Left,2,0.5779,-0.1291,-0.8027,-0.0707,-1.0301,-0.4507,0.7887,-5.5956,5.6699,-8.5586,0.4097,-3.7000,7.1538,-0.0129,-0.0056,0.0099,0.9999,0.0101,-0.0901,0.1801
1417,Right,2,0.1563,-0.1244,-0.9535,-0.2258,0.0918,0.0318,0.0554,0.0451,0.1142,-0.0084,-3.4635,1.5034,9.0490,0.0011,0.0004,0.0007,1.0000,-0.0865,0.0373,0.2263
1418,Left,2,0.5651,-0.1187,-0.8139,-0.0641,-1.0161,-1.3236,0.1417,-5.3521,5.8528,-6.1562,-1.8238,-3.8279,7.6354,-0.0127,-0.0165,0.0018,0.9998,-0.0486,-0.0934,0.1913
1418,Right,2,0.1564,-0.1256,-0.9534,-0.2252,0.0927,0.0430,0.0647,-0.0051,0.0053,-0.1083,-3.4341,1.6277,8.9293,0.0012,0.0005,0.0008,1.0000,-0.0858,0.0404,0.2233
1418,Pelvis,2,0.5536,-0.4377,0.6092,0.3617,0.1646,0.0509,-0.1854,-0.5816,-0.6633,-0.7148,9.1178,-0.4784,0.4342,0.0041,0.0013,-0.0046,1.0000,0.4558,-0.0261,0.0210
1419,Left,2,0.5467,-0.1050,-0.8279,-0.0693,-0.6877,-1.9457,-0.7131,-4.4894,5.8707,-6.3219,-1.6508,-4.2397,6.7911,-0.0086,-0.0243,-0.0089,0.9996,-0.0463,-0.1041,0.1696
1419,Right,2,0.1565,-0.1265,-0.9535,-0.2245,0.0729,0.0295,0.0707,0.0832,-0.0271,-0.0596,-3.5443,1.6441,8.9367,0.0009,0.0004,0.0009,1.0000,-0.0886,0.0408,0.2235
1419,Pelvis,2,0.5556,-0.4343,0.6090,0.3630,0.1674,0.0401,-0.2869,-0.3293,-0.2236,-0.0620,9.7186,-0.8756,0.1361,0.0021,0.0005,-0.0036,1.0000,0.2429,-0.0228,0.0032
1420,Left,2,0.5227,-0.0878,-0.8438,-0.0837,-0.5081,-2.4906,-1.4105,-5.3865,4.4100,-4.2319,-2.7206,-2.5900,8.0953,-0.0063,-0.0311,-0.0176,0.9993,-0.0754,-0.0622,0.2005
1420,Right,2,0.1565,-0.1276,-0.9535,-0.2235,0.0823,0.0293,0.0929,0.1344,0.0273,-0.0429,-3.5759,1.5975,8.9515,0.0010,0.0004,0.0012,1.0000,-0.0894,0.0396,0.2239
1420,Pelvis,2,0.5570,-0.4309,0.6098,0.3637,0.2057,0.0883,-0.2134,0.0000,-0.0882,-0.6954,9.0512,-1.0897,0.1445,0.0026,0.0011,-0.0027,1.0000,0.2262,-0.0279,0.0033
1421,Left,2,0.4908,-0.0681,-0.8627,-0.1007,-0.5320,-3.1878,-1.6215,-5.9310,2.7011,-2.7235,-3.2434,-0.9406,9.0213,-0.0066,-0.0398,-0.0203,0.9990,-0.0904,-0.0203,0.2222
1421,Right,2,0.1565,-0.1291,-0.9536,-0.2224,0.1060,0.0359,0.1096,0.0903,0.0211,-0.0679,-3.5350,1.6461,8.9311,0.0013,0.0004,0.0014,1.0000,-0.0883,0.0407,0.2234
1421,Pelvis,2,0.5582,-0.4277,0.6108,0.3639,0.2251,0.0860,-0.1664,-0.1166,0.1543,-0.3498,9.4039,-1.0680,-0.0955,0.0028,0.0011,-0.0021,1.0000,0.2350,-0.0272,-0.0027
1422,Left,2,0.4518,-0.0474,-0.8834,-0.1146,-0.6738,-3.7410,-1.3880,-5.8140,1.2311,-1.0000,-4.1102,0.2092,9.8048,-0.0084,-0.0467,-0.0173,0.9987,-0.1139,0.0092,0.2399
1422,Right,2,0.1565,-0.1305,-0.9536,-0.2216,0.1136,0.0378,0.0938,-0.0325,-0.0109,-0.1680,-3.4109,1.7435,8.8514,0.0014,0.0005,0.0012,1.0000,-0.0852,0.0432,0.2214
1423,Left,2,0.4075,-0.0253,-0.9044,-0.1238,-0.8993,-4.1178,-1.0827,-4.6369,0.1732,1.3064,-5.8240,0.5488,10.5396,-0.0112,-0.0514,-0.0135,0.9985,-0.1587,0.0187,0.2554
1423,Right,2,0.1564,-0.1314,-0.9536,-0.2211,0.0746,0.0180,0.0496,-0.1054,-0.0716,-0.2127,-3.3589,1.8458,8.8027,0.0009,0.0002,0.0006,1.0000,-0.0840,0.0459,0.2201
1423,Pelvis,2,0.5588,-0.4227,0.6137,0.3640,0.1852,0.1246,-0.0825,-0.7816,0.1002,-0.6108,9.2249,-0.3675,-0.2512,0.0046,0.0031,-0.0021,1.0000,0.4612,-0.0193,-0.0141
1424,Left,2,0.3625,-0.0005,-0.9230,-0.1289,-1.2137,-4.1137,-0.8957,-2.6425,-0.9146,4.6971,-8.6963,0.4518,11.9475,-0.0152,-0.0514,-0.0112,0.9985,-0.2322,0.0183,0.2868
1424,Right,2,0.1562,-0.1315,-0.9536,-0.2212,0.0207,-0.0175,0.0065,-0.0457,-0.0266,-0.2014,-3.3955,1.7912,8.8115,0.0003,-0.0002,0.0001,1.0000,-0.0849,0.0447,0.2203
1424,Pelvis,2,0.5582,-0.4208,0.6151,0.3646,0.1039,0.1724,-0.0498,-1.0375,0.1427,-0.4440,9.4200,-0.1437,-0.3339,0.0013,0.0022,-0.0006,1.0000,0.2355,-0.0037,-0.0089
1425,Left,2,0.3154,0.0282,-0.9390,-0.1344,-1.4717,-4.2336,-1.0760,0.6893,-0.7709,7.7032,-11.7080,-1.4359,13.0028,-0.0184,-0.0529,-0.0134,0.9983,-0.3098,-0.0260,0.3095
1425,Right,2,0.1560,-0.1313,-0.9536,-0.2215,-0.0005,-0.0219,-0.0148,-0.0226,0.1303,-0.1955,-3.3534,1.6443,8.8633,-0.0000,-0.0003,-0.0002,1.0000,-0.0839,0.0411,0.2216
1425,Pelvis,2,0.5568,-0.4192,0.6168,0.3659,0.0385,0.2327,-0.0400,-0.9628,0.4661,-0.3720,9.4790,-0.3332,-0.5551,0.0005,0.0029,-0.0005,1.0000,0.2369,-0.0084,-0.0146
1426,Left,2,0.2744,0.0567,-0.9482,-0.1499,-1.2782,-3.5743,-1.8647,6.0295,-2.0219,7.1666,-14.5855,-2.3215,10.5316,-0.0160,-0.0447,-0.0233,0.9986,-0.3771,-0.0453,0.2474
1426,Right,2,0.1559,-0.1310,-0.9536,-0.2218,-0.0063,-0.0128,-0.0231,-0.0258,0.0797,-0.1859,-3.3703,1.6861,8.8589,-0.0001,-0.0002,-0.0003,1.0000,-0.0843,0.0422,0.2215
1426,Pelvis,2,0.5548,-0.4184,0.6183,0.3671,-0.0166,0.2294,0.0161,-0.9100,0.7130,-0.6049,9.2416,-0.4472,-0.7161,-0.0002,0.0029,0.0002,1.0000,0.2310,-0.0111,-0.0186
1427,Left,2,0.2375,0.0752,-0.9524,-0.1758,-0.3695,-2.9822,-2.4920,14.2094,-6.2378,6.6013,-21.3797,-1.4979,7.1626,-0.0046,-0.0373,-0.0311,0.9988,-0.5415,-0.0199,0.1591
1427,Right,2,0.1560,-0.1304,-0.9535,-0.2224,-0.0303,-0.0058,-0.0452,-0.1712,-0.0233,-0.2683,-3.2558,1.8183,8.7874,-0.0004,-0.0001,-0.0006,1.0000,-0.0814,0.0456,0.2197
1427,Pelvis,2,0.5529,-0.4193,0.6191,0.3676,-0.0870,0.1210,0.0995,-0.6677,1.1660,-1.4018,8.4200,-0.7652,-1.0324,-0.0011,0.0015,0.0012,1.0000,0.2105,-0.0189,-0.0261
1428,Left,2,0.1960,0.0778,-0.9563,-0.2023,0.9213,-3.1125,-2.2593,16.7494,-9.8233,-0.3439,-21.5036,1.3489,1.6773,0.0115,-0.0389,-0.0282,0.9988,-0.5375,0.0486,0.0215
1428,Right,2,0.1565,-0.1292,-0.9534,-0.2233,-0.0743,0.0091,-0.0896,-0.3239,-0.1009,-0.2849,-3.1531,1.9337,8.7871,-0.0009,0.0001,-0.0011,1.0000,-0.0787,0.0486,0.2196
1428,Pelvis,2,0.5520,-0.4217,0.6189,0.3667,-0.1030,-0.0641,0.1760,-0.5795,1.6016,-1.5766,8.2295,-1.0168,-1.4052,-0.0013,-0.0008,0.0022,1.0000,0.2058,-0.0250,-0.0349
1429,Left,2,0.1591,0.0666,-0.9599,-0.2211,1.7774,-2.5777,-1.4300,14.5578,-8.4969,-8.9425,-16.2742,1.9227,-4.0589,0.0222,-0.0322,-0.0179,0.9991,-0.4024,0.0577,-0.1133
1429,Right,2,0.1576,-0.1275,-0.9531,-0.2246,-0.1158,0.0434,-0.1283,-0.3447,-0.1172,-0.2573,-3.1625,1.9300,8.8154,-0.0014,0.0005,-0.0016,1.0000,-0.0789,0.0487,0.2204
1429,Pelvis,2,0.5516,-0.4244,0.6182,0.3652,-0.0951,-0.1357,0.1841,-0.4407,1.1928,-0.2525,9.5240,-1.1828,-0.9541,-0.0012,-0.0017,0.0023,1.0000,0.2382,-0.0290,-0.0234
1430,Left,2,0.1398,0.0622,-0.9618,-0.2269,0.7668,-1.3871,-0.4573,11.7488,-11.3872,-11.4671,-14.7394,5.6333,-4.6346,0.0096,-0.0173,-0.0057,0.9998,-0.3656,0.1441,-0.1209
1430,Right,2,0.1593,-0.1256,-0.9528,-0.2259,-0.1497,0.0883,-0.1418,-0.3783,-0.0723,-0.2156,-3.1524,1.8712,8.8777,-0.0019,0.0011,-0.0018,1.0000,-0.0785,0.0473,0.2219
1430,Pelvis,2,0.5510,-0.4271,0.6176,0.3642,-0.1192,-0.1138,0.1741,-1.0421,1.2749,0.4045,10.2414,-0.7812,-1.2673,-0.0015,-0.0014,0.0022,1.0000,0.2561,-0.0190,-0.0313
1431,Left,2,0.1420,0.0698,-0.9610,-0.2270,-0.6209,0.0417,-0.1019,11.7276,-7.5992,-11.3110,-13.1499,2.1363,-4.4771,-0.0078,0.0005,-0.0013,1.0000,-0.3287,0.0530,-0.1122
1431,Right,2,0.1619,-0.1233,-0.9523,-0.2274,-0.1881,0.1474,-0.1669,-0.3595,-0.0239,-0.1349,-3.2119,1.7810,8.9611,-0.0024,0.0018,-0.0021,1.0000,-0.0798,0.0452,0.2241
1431,Pelvis,2,0.5490,-0.4293,0.6179,0.3641,-0.1453,0.0477,0.1808,-2.0225,0.9093,0.5523,10.5182,0.1963,-1.2954,-0.0018,0.0006,0.0023,1.0000,0.2629,0.0054,-0.0326
1432,Left,2,0.1569,0.0626,-0.9592,-0.2266,0.2762,1.2954,0.1604,5.4915,-3.2690,-4.4595,-7.5456,-0.4224,3.5200,0.0035,0.0162,0.0020,0.9999,-0.1872,-0.0112,0.0910
1432,Right,2,0.1658,-0.1208,-0.9515,-0.2292,-0.2130,0.2499,-0.2161,-0.4781,0.0587,-0.1315,-3.1335,1.7030,9.0132,-0.0027,0.0031,-0.0027,1.0000,-0.0775,0.0434,0.2255
1432,Pelvis,2,0.5453,-0.4325,0.6183,0.3650,-0.2836,0.1400,0.2381,-2.1194,1.3267,-0.2087,9.7727,0.1881,-1.7167,-0.0035,0.0017,0.0030,1.0000,0.2442,0.0053,-0.0434
1433,Left,2,0.1651,0.0600,-0.9589,-0.2227,-0.0006,0.6624,0.3699,-12.6704,2.1522,10.6243,5.9548,-0.5891,23.3891,-0.0000,0.0083,0.0046,1.0000,0.1538,-0.0140,0.5835
1433,Right,2,0.1717,-0.1188,-0.9501,-0.2315,-0.2089,0.4122,-0.2828,-0.5082,0.2109,0.1105,-3.2237,1.5519,9.2722,-0.0026,0.0052,-0.0035,1.0000,-0.0793,0.0397,0.2321
1433,Pelvis,2,0.5424,-0.4373,0.6169,0.3661,-0.4134,-0.0184,0.2164,-1.7727,1.0813,-0.8139,9.1336,-0.0013,-1.3669,-0.0052,-0.0002,0.0027,1.0000,0.2283,0.0004,-0.0341
1434,Left,2,0.1875,0.0560,-0.9575,-0.2120,-0.2290,1.7594,0.9533,-1.2131,1.8314,-8.2552,1.3364,-1.4580,1.8278,-0.0029,0.0220,0.0119,0.9997,0.0348,-0.0359,0.0450
1434,Right,2,0.1817,-0.1179,-0.9475,-0.2351,-0.1671,0.7444,-0.4200,-0.8140,0.0193,0.3808,-3.2997,1.8285,9.5048,-0.0021,0.0093,-0.0052,0.9999,-0.0800,0.0466,0.2383
1435,Left,2,0.2088,0.0465,-0.9541,-0.2095,0.3145,1.8343,0.3678,6.7161,-2.6298,7.3676,-12.8438,-3.3038,13.0909,0.0039,0.0229,0.0046,0.9997,-0.3131,-0.0854,0.3342
1435,Right,2,0.1977,-0.1183,-0.9431,-0.2399,-0.1489,1.2393,-0.5822,-0.8571,0.4171,0.7351,-3.5079,1.4719,9.8844,-0.0019,0.0155,-0.0073,0.9999,-0.0836,0.0379,0.2484
1435,Pelvis,2,0.5445,-0.4443,0.6081,0.3693,-0.3602,-0.2888,-0.0942,0.1179,-0.0824,0.2129,9.9102,-1.4894,0.3251,-0.0090,-0.0072,-0.0024,0.9999,0.4952,-0.0755,0.0205
1436,Left,2,0.2173,0.0366,-0.9537,-0.2046,0.5374,0.8077,0.5603,3.4976,-1.5098,4.9564,-9.2535,-2.4175,11.8821,0.0067,0.0101,0.0070,0.9999,-0.2279,-0.0640,0.2989
1436,Right,2,0.2263,-0.1229,-0.9347,-0.2451,-0.0264,2.3342,-0.7495,-2.7419,1.9431,0.9344,-1.9500,1.0630,11.0408,-0.0003,0.0292,-0.0094,0.9995,-0.0404,0.0271,0.2773
1436,Pelvis,2,0.5476,-0.4442,0.6045,0.3706,-0.0679,-0.2558,-0.2813,1.7673,-1.6524,1.8529,11.3896,-2.6746,2.2505,-0.0008,-0.0032,-0.0035,1.0000,0.2843,-0.0678,0.0572
1437,Left,2,0.2174,0.0285,-0.9541,-0.2038,0.6048,0.1339,0.2042,0.8648,-1.6989,2.2915,-6.2563,-0.5967,10.5191,0.0076,0.0017,0.0026,1.0000,-0.1559,-0.0173,0.2631
1437,Right,2,0.2767,-0.1364,-0.9178,-0.2499,0.2849,4.2924,-0.9337,-3.2991,2.2863,1.1178,-2.4230,1.0695,11.3449,0.0036,0.0536,-0.0117,0.9985,-0.0449,0.0263,0.2864
1437,Pelvis,2,0.5511,-0.4427,0.6018,0.3715,0.0489,-0.2093,-0.3174,0.6840,-0.8724,2.7025,12.3651,-1.9441,1.0884,0.0006,-0.0026,-0.0040,1.0000,0.3089,-0.0498,0.0280
1438,Left,2,0.2143,0.0252,-0.9549,-0.2041,0.3193,-0.1967,0.0344,1.3438,-0.2690,1.1913,-5.6290,-1.7939,9.3842,0.0040,-0.0025,0.0004,1.0000,-0.1413,-0.0458,0.2341
1438,Right,2,0.3510,-0.1606,-0.8874,-0.2520,0.6773,6.6026,-1.0320,-3.7151,1.9158,1.2492,-3.9052,1.6734,11.0506,0.0085,0.0824,-0.0129,0.9965,-0.0739,0.0405,0.2834
1438,Pelvis,2,0.5521,-0.4432,0.5999,0.3727,-0.1080,-0.1058,-0.1320,-1.3560,-1.7319,2.2611,12.2111,0.3716,1.1685,-0.0014,-0.0013,-0.0017,1.0000,0.3053,0.0088,0.0296
1439,Left,2,0.2111,0.0233,-0.9555,-0.2048,0.2113,-0.2168,-0.0140,0.1845,-0.7479,0.6657,-4.6068,-0.7815,9.4105,0.0026,-0.0027,-0.0002,1.0000,-0.1158,-0.0201,0.2349
1439,Right,2,0.4396,-0.1855,-0.8416,-0.2529,0.6114,8.0805,-1.4219,-5.8276,1.3860,2.7125,-6.0186,3.4826,12.0452,0.0076,0.1008,-0.0177,0.9947,-0.1175,0.0870,0.3148
1439,Pelvis,2,0.5497,-0.4451,0.5987,0.3759,-0.3373,0.1217,-0.0198,-0.5263,-2.2110,1.3706,11.2521,-0.1275,1.8988,-0.0042,0.0015,-0.0002,1.0000,0.2814,-0.0031,0.0471
1440,Left,2,0.2094,0.0227,-0.9558,-0.2052,0.0869,-0.1229,-0.0267,0.0568,-0.2820,0.2035,-4.0920,-1.0668,9.0843,0.0011,-0.0015,-0.0003,1.0000,-0.1027,-0.0269,0.2269
1440,Right,2,0.5201,-0.1973,-0.7906,-0.2560,0.0360,7.4224,-2.0191,-6.8829,0.8730,7.1587,-11.9830,4.6058,13.1299,0.0004,0.0926,-0.0252,0.9954,-0.2645,0.1220,0.3540
1440,Pelvis,2,0.5470,-0.4454,0.5974,0.3816,-0.3845,0.2660,-0.2006,1.0893,-1.5604,0.4872,10.1624,-1.7373,1.8482,-0.0048,0.0033,-0.0025,1.0000,0.2541,-0.0439,0.0456
1441,Left,2,0.2079,0.0216,-0.9562,-0.2050,0.1116,-0.1051,0.0348,0.0631,0.2092,0.0082,-3.7977,-1.4714,8.9392,0.0014,-0.0013,0.0004,1.0000,-0.0952,-0.0371,0.2233
1441,Right,2,0.5763,-0.1926,-0.7498,-0.2621,-0.5364,5.0687,-2.2998,-10.1639,-0.3718,6.7586,-13.0824,6.8047,12.6967,-0.0067,0.0633,-0.0287,0.9976,-0.3011,0.1812,0.3359
1441,Pelvis,2,0.5450,-0.4435,0.5960,0.3887,-0.3258,0.3495,-0.3888,1.8605,-0.8381,-0.4748,9.1034,-2.5252,1.4539,-0.0041,0.0044,-0.0049,1.0000,0.2274,-0.0641,0.0356
1442,Left,2,0.2064,0.0200,-0.9567,-0.2043,0.1419,-0.0993,0.0832,-0.0552,0.0634,-0.0256,-3.7239,-1.2553,8.9639,0.0018,-0.0012,0.0010,1.0000,-0.0933,-0.0319,0.2239
1442,Right,2,0.6123,-0.1809,-0.7214,-0.2683,-0.7206,3.1313,-2.0593,-8.6603,6.2734,0.7559,-7.9193,-0.0735,12.7860,-0.0090,0.0391,-0.0257,0.9989,-0.1852,0.0060,0.3270
1442,Pelvis,2,0.5440,-0.4411,0.5954,0.3937,-0.1552,0.2705,-0.3295,1.9582,-0.0612,-0.6100,8.9577,-2.7664,0.7960,-0.0019,0.0034,-0.0041,1.0000,0.2237,-0.0700,0.0193
1443,Left,2,0.2050,0.0183,-0.9572,-0.2034,0.1384,-0.0824,0.0984,-0.1105,-0.0246,-0.0483,-3.6863,-1.1117,8.9740,0.0017,-0.0010,0.0012,1.0000,-0.0924,-0.0283,0.2242
1443,Right,2,0.5985,-0.1811,-0.7226,-0.2949,1.6081,-1.2308,-1.2920,-11.6267,5.5001,-4.2495,-3.1403,2.5683,13.4145,0.0201,-0.0154,-0.0161,0.9995,-0.0827,0.0588,0.3353
1443,Pelvis,2,0.5435,-0.4402,0.5959,0.3946,0.0129,0.1069,-0.0440,1.7056,0.1110,-0.2209,9.3770,-2.5758,0.6007,0.0002,0.0013,-0.0006,1.0000,0.2344,-0.0645,0.0147
1444,Left,2,0.2042,0.0170,-0.9576,-0.2027,0.1123,-0.0478,0.0760,-0.0680,-0.0757,0.0671,-3.7738,-1.0591,9.0695,0.0014,-0.0006,0.0009,1.0000,-0.0945,-0.0269,0.2266
1444,Right,2,0.5827,-0.1783,-0.7261,-0.3186,1.3065,-1.4834,-1.1867,-7.9933,0.0153,-9.5270,0.6408,5.2099,6.0356,0.0163,-0.0185,-0.0148,0.9996,0.0151,0.1275,0.1533
1444,Pelvis,2,0.5423,-0.4408,0.5975,0.3932,0.0553,0.0684,0.1817,1.0778,-0.2212,-0.0667,9.5903,-1.9109,0.7541,0.0007,0.0009,0.0023,1.0000,0.2399,-0.0472,0.0186
1445,Left,2,0.2039,0.0160,-0.9577,-0.2025,0.0798,-0.0085,0.0339,-0.0007,-0.1433,0.0420,-3.8419,-0.9937,9.0215,0.0010,-0.0001,0.0004,1.0000,-0.0961,-0.0251,0.2255
1445,Right,2,0.5588,-0.1754,-0.7386,-0.3339,0.9838,-2.2556,-0.3620,-8.8150,0.6020,-6.7415,-1.5615,5.2093,7.6117,0.0123,-0.0282,-0.0045,0.9995,-0.0438,0.1281,0.1907
1445,Pelvis,2,0.5401,-0.4422,0.5994,0.3917,-0.0008,0.0888,0.2707,0.4033,-0.2591,0.2016,9.9166,-1.3419,0.6133,-0.0000,0.0011,0.0034,1.0000,0.2480,-0.0327,0.0151
1446,Left,2,0.2041,0.0155,-0.9577,-0.2023,0.0376,0.0245,0.0176,-0.0117,-0.1374,0.0175,-3.8232,-0.9773,9.0045,0.0005,0.0003,0.0002,1.0000,-0.0955,-0.0246,0.2251
1446,Right,2,0.5242,-0.1754,-0.7626,-0.3361,0.7007,-3.1422,1.0013,-8.3581,0.7938,-6.2600,-1.4801,4.8744,7.5634,0.0088,-0.0393,0.0125,0.9991,-0.0459,0.1197,0.1885
1446,Pelvis,2,0.5380,-0.4432,0.6006,0.3917,-0.0592,0.1216,0.1556,0.2226,-0.1074,-0.1112,9.6160,-1.2357,0.4306,-0.0007,0.0015,0.0019,1.0000,0.2405,-0.0304,0.0104
1447,Left,2,0.2044,0.0152,-0.9577,-0.2021,0.0190,0.0254,0.0192,0.0613,-0.0625,-0.0177,-3.8469,-1.0624,8.9455,0.0002,0.0003,0.0002,1.0000,-0.0961,-0.0266,0.2237
1447,Right,2,0.4816,-0.1754,-0.7932,-0.3288,0.4231,-3.7731,1.8691,-6.0110,2.5248,-4.9818,-1.8467,2.0667,7.6303,0.0053,-0.0471,0.0234,0.9986,-0.0563,0.0494,0.1885
1447,Pelvis,2,0.5359,-0.4434,0.6016,0.3928,-0.0815,0.1743,0.0619,0.3926,0.1956,-0.7571,8.9484,-1.4423,0.2055,-0.0010,0.0022,0.0008,1.0000,0.2237,-0.0359,0.0047
1448,Left,2,0.2046,0.0151,-0.9577,-0.2018,0.0043,0.0179,0.0185,-0.0066,-0.0590,-0.0330,-3.7880,-1.0344,8.9569,0.0001,0.0002,0.0002,1.0000,-0.0946,-0.0259,0.2239
1448,Right,2,0.4317,-0.1755,-0.8242,-0.3217,0.6274,-4.2560,1.9762,-3.8687,4.0356,-3.1797,-2.7504,-0.3596,8.2237,0.0078,-0.0532,0.0247,0.9982,-0.0793,-0.0125,0.2015
1448,Pelvis,2,0.5342,-0.4435,0.6026,0.3935,-0.0543,0.1529,0.0593,0.5482,0.4234,-0.7323,8.9513,-1.6744,0.0687,-0.0007,0.0019,0.0007,1.0000,0.2238,-0.0417,0.0013
1449,Left,2,0.2046,0.0151,-0.9577,-0.2015,0.0013,0.0080,0.0222,0.0093,0.0097,-0.0913,-3.7550,-1.0953,8.8998,0.0000,0.0001,0.0003,1.0000,-0.0938,-0.0274,0.2225
1449,Right,2,0.3764,-0.1758,-0.8515,-0.3199,1.0092,-4.5515,1.6124,-1.6163,4.1424,-1.8374,-3.9115,-1.6503,8.0898,0.0126,-0.0569,0.0201,0.9981,-0.1082,-0.0459,0.1957
1449,Pelvis,2,0.5330,-0.4438,0.6032,0.3938,-0.0362,0.0776,0.0582,0.9493,0.6439,-0.9342,8.7001,-2.1101,-0.0080,-0.0005,0.0010,0.0007,1.0000,0.2175,-0.0526,-0.0004
1450,Left,2,0.2046,0.0150,-0.9578,-0.2012,0.0037,-0.0000,0.0260,-0.0391,0.0147,-0.1304,-3.6988,-1.0751,8.8832,0.0000,-0.0000,0.0003,1.0000,-0.0925,-0.0269,0.2221
1450,Right,2,0.3238,-0.1807,-0.8715,-0.3210,1.4472,-4.0648,1.3243,0.3854,2.6771,1.0101,-6.8410,-1.3186,8.7200,0.0181,-0.0508,0.0165,0.9984,-0.1812,-0.0397,0.2083
1450,Pelvis,2,0.5323,-0.4439,0.6036,0.3940,-0.0142,0.0551,0.0364,0.7363,0.7363,-0.8591,8.7983,-1.9544,-0.1432,-0.0002,0.0007,0.0005,1.0000,0.2200,-0.0488,-0.0037
1451,Left,2,0.2045,0.0149,-0.9580,-0.2007,0.0057,-0.0086,0.0397,-0.0654,-0.0187,-0.1979,-3.6635,-1.0236,8.8306,0.0001,-0.0001,0.0005,1.0000,-0.0916,-0.0257,0.2208
1451,Right,2,0.2685,-0.1855,-0.8914,-0.3143,1.2988,-4.1433,1.9057,0.4579,-0.4338,8.8016,-12.3818,2.5237,13.6973,0.0162,-0.0518,0.0238,0.9982,-0.3280,0.0500,0.3266
1451,Pelvis,2,0.5319,-0.4436,0.6039,0.3945,-0.0100,0.0655,-0.0138,0.3607,1.1237,-1.0771,8.6293,-1.6897,-0.6197,-0.0001,0.0008,-0.0002,1.0000,0.2157,-0.0423,-0.0157
1452,Left,2,0.2045,0.0149,-0.9581,-0.1999,-0.0056,-0.0025,0.0596,-0.1010,-0.0250,-0.1913,-3.6385,-1.0013,8.8510,-0.0001,-0.0000,0.0007,1.0000,-0.0910,-0.0251,0.2213
1452,Right,2,0.2174,-0.1838,-0.9124,-0.2940,0.4270,-3.8335,2.7061,6.4668,-3.1426,7.1522,-15.3058,1.3655,10.1858,0.0053,-0.0479,0.0338,0.9983,-0.3951,0.0196,0.2360
1452,Pelvis,2,0.5320,-0.4431,0.6036,0.3954,-0.0089,0.0294,-0.0776,0.6008,1.2119,-1.4130,8.2697,-1.8947,-0.6383,-0.0001,0.0004,-0.0010,1.0000,0.2067,-0.0476,-0.0160
1453,Left,2,0.2042,0.0147,-0.9585,-0.1986,0.0030,-0.0269,0.1069,0.0009,0.0389,-0.1957,-3.6959,-1.0914,8.8112,0.0000,-0.0003,0.0013,1.0000,-0.0924,-0.0274,0.2202
1453,Right,2,0.1778,-0.1752,-0.9291,-0.2731,-0.2898,-3.0702,2.3495,15.0545,-6.5157,6.6220,-22.0630,-0.2877,7.2613,-0.0036,-0.0384,0.0294,0.9988,-0.5575,-0.0229,0.1603
1453,Pelvis,2,0.5333,-0.4428,0.6024,0.3958,0.0036,-0.0844,-0.1180,0.6165,1.5158,-1.4484,8.2384,-1.9748,-0.9319,0.0000,-0.0011,-0.0015,1.0000,0.2059,-0.0497,-0.0231
1454,Left,2,0.2031,0.0143,-0.9591,-0.1968,0.0276,-0.0830,0.1476,-0.0187,0.3244,-0.2487,-3.5403,-1.3271,8.7909,0.0003,-0.0010,0.0018,1.0000,-0.0887,-0.0334,0.2197
1454,Right,2,0.1448,-0.1620,-0.9413,-0.2585,-0.6211,-2.7031,1.6291,18.9521,-9.5280,-0.2941,-23.2387,-0.6271,0.6403,-0.0078,-0.0338,0.0204,0.9992,-0.5806,-0.0275,-0.0034
1454,Pelvis,2,0.5357,-0.4426,0.6008,0.3952,0.0622,-0.2033,-0.1197,0.8413,1.4502,-1.1065,8.5542,-2.1825,-0.8194,0.0008,-0.0025,-0.0015,1.0000,0.2138,-0.0549,-0.0200
1455,Left,2,0.2015,0.0133,-0.9598,-0.1948,0.0743,-0.1237,0.1726,-0.1628,0.3097,-0.2115,-3.4212,-1.2395,8.8918,0.0009,-0.0015,0.0022,1.0000,-0.0858,-0.0314,0.2221
1455,Right,2,0.1221,-0.1499,-0.9501,-0.2449,-0.7058,-1.8784,1.3619,17.0884,-10.5827,-7.3033,-19.7460,0.4509,-4.5077,-0.0088,-0.0235,0.0170,0.9995,-0.4909,0.0018,-0.1243
1455,Pelvis,2,0.5382,-0.4414,0.6000,0.3943,0.1548,-0.1439,-0.1160,0.8124,1.3813,-0.0909,9.5694,-2.2201,-0.7609,0.0019,-0.0018,-0.0015,1.0000,0.2392,-0.0558,-0.0187
1456,Left,2,0.2006,0.0124,-0.9604,-0.1931,0.0637,-0.0681,0.1552,-0.1823,0.2417,-0.1121,-3.4517,-1.1511,8.9975,0.0008,-0.0009,0.0019,1.0000,-0.0864,-0.0291,0.2248
1456,Right,2,0.1136,-0.1464,-0.9551,-0.2311,-0.2839,-0.5931,1.2232,16.0893,-7.6859,-9.2073,-17.2159,-1.2432,-4.5173,-0.0035,-0.0074,0.0153,0.9998,-0.4290,-0.0381,-0.1160
1456,Pelvis,2,0.5404,-0.4402,0.5996,0.3934,0.1550,-0.1134,-0.1040,1.0318,1.6641,0.6355,10.2705,-2.5653,-0.9662,0.0019,-0.0014,-0.0013,1.0000,0.2567,-0.0644,-0.0239
1457,Left,2,0.2016,0.0115,-0.9605,-0.1915,0.0295,0.0892,0.1360,-0.3077,0.2638,-0.0731,-3.3586,-1.1076,9.0839,0.0004,0.0011,0.0017,1.0000,-0.0837,-0.0279,0.2272
1457,Right,2,0.1262,-0.1412,-0.9571,-0.2193,-0.7490,0.9864,0.7502,12.5308,-6.1604,-7.5488,-14.0062,-0.0469,-1.9842,-0.0094,0.0123,0.0094,0.9998,-0.3507,-0.0049,-0.0452
1457,Pelvis,2,0.5425,-0.4391,0.5992,0.3923,0.1619,-0.1217,-0.0816,1.1789,2.1791,0.4136,10.0349,-2.8190,-1.4390,0.0020,-0.0015,-0.0010,1.0000,0.2509,-0.0707,-0.0357
1458,Left,2,0.2060,0.0104,-0.9600,-0.1895,-0.0136,0.3668,0.1652,-0.6798,0.5339,-0.0117,-3.0237,-1.2159,9.2836,-0.0002,0.0046,0.0021,1.0000,-0.0745,-0.0305,0.2324
1458,Right,2,0.1424,-0.1386,-0.9574,-0.2094,-0.5779,1.3018,0.5627,1.1371,9.8997,6.3804,-2.4368,-5.7026,17.9749,-0.0072,0.0163,0.0070,0.9998,-0.0526,-0.1397,0.4513
1458,Pelvis,2,0.5464,-0.4384,0.5984,0.3887,0.2943,-0.3255,-0.0157,0.9447,2.1582,-0.2400,9.4040,-2.5215,-1.5473,0.0037,-0.0041,-0.0002,1.0000,0.2352,-0.0629,-0.0380
1459,Right,2,0.1541,-0.1455,-0.9525,-0.2188,0.5010,0.9687,-0.8479,-2.6144,4.5085,-2.2389,1.3082,-1.1585,9.0264,0.0063,0.0121,-0.0106,0.9999,0.0351,-0.0307,0.2251
1459,Pelvis,2,0.5516,-0.4396,0.5977,0.3812,0.4177,-0.5809,0.2033,0.4349,-0.0819,0.6768,10.3916,-1.4583,0.3393,0.0052,-0.0073,0.0025,1.0000,0.2598,-0.0358,0.0102
1460,Left,2,0.2319,0.0011,-0.9561,-0.1789,0.0798,1.0942,0.4612,-1.0535,1.3369,0.5870,-2.9869,-1.8296,9.9404,0.0020,0.0274,0.0115,0.9996,-0.1346,-0.0941,0.5007
1460,Right,2,0.1650,-0.1375,-0.9523,-0.2166,-0.8160,0.7195,-0.0558,3.9244,-7.3469,6.1564,-11.9045,7.7490,11.0741,-0.0102,0.0090,-0.0007,0.9999,-0.2950,0.1968,0.2775
1460,Pelvis,2,0.5543,-0.4426,0.5984,0.3725,0.3576,-0.4936,0.4780,-0.0476,-1.2083,0.9983,10.7942,-0.7591,1.1183,0.0045,-0.0062,0.0060,1.0000,0.2698,-0.0175,0.0295
1461,Left,2,0.2648,-0.0145,-0.9493,-0.1685,0.5301,2.8710,0.9880,-3.0458,2.2253,1.0758,-1.9661,-1.8724,11.2018,0.0066,0.0359,0.0123,0.9993,-0.0385,-0.0492,0.2812
1461,Right,2,0.1671,-0.1285,-0.9531,-0.2172,-0.7072,-0.0115,-0.1727,2.5428,0.9080,2.2744,-6.3504,0.2406,10.6304,-0.0088,-0.0001,-0.0022,1.0000,-0.1588,0.0087,0.2657
1461,Pelvis,2,0.5541,-0.4469,0.5995,0.3659,0.1319,-0.2982,0.5463,-0.2191,-2.2008,1.3196,11.1827,-0.4413,1.8901,0.0016,-0.0037,0.0068,1.0000,0.2795,-0.0092,0.0483
1462,Left,2,0.3231,-0.0354,-0.9333,-0.1524,0.4854,5.0738,1.3813,-4.0671,1.4908,1.1910,-2.6053,-0.6453,11.5256,0.0061,0.0634,0.0173,0.9978,-0.0464,-0.0188,0.2914
1462,Right,2,0.1650,-0.1232,-0.9544,-0.2161,-0.3852,-0.2551,0.0659,1.3852,-0.1169,1.1195,-5.2819,1.3117,9.5827,-0.0048,-0.0032,0.0008,1.0000,-0.1328,0.0338,0.2390
1463,Left,2,0.4059,-0.0614,-0.9022,-0.1322,0.5062,7.3705,1.5688,-3.9771,1.2394,0.5053,-4.0310,-0.1570,10.3875,0.0063,0.0920,0.0196,0.9955,-0.0762,-0.0073,0.2674
1463,Right,2,0.1634,-0.1207,-0.9552,-0.2152,-0.1744,-0.1709,0.0744,0.8836,0.4789,0.5758,-4.3801,0.8661,9.4338,-0.0022,-0.0021,0.0009,1.0000,-0.1100,0.0221,0.2356
1464,Left,2,0.4895,-0.0949,-0.8598,-0.1102,1.0320,7.8885,1.8133,-4.2019,3.7742,4.7283,-8.8590,-1.9987,12.7165,0.0129,0.0984,0.0226,0.9948,-0.1876,-0.0587,0.3368
1464,Right,2,0.1625,-0.1207,-0.9556,-0.2143,0.0140,-0.0633,0.0905,0.3503,0.1471,0.1886,-3.8773,1.3219,9.1318,0.0002,-0.0008,0.0011,1.0000,-0.0972,0.0329,0.2282
1464,Pelvis,2,0.5578,-0.4443,0.6055,0.3532,0.3402,-0.0964,0.1779,0.1722,-1.5003,2.2581,12.0272,-1.3000,1.2813,0.0128,-0.0036,0.0067,0.9999,0.9023,-0.0927,0.0982
1465,Right,2,0.1619,-0.1213,-0.9557,-0.2136,0.0520,-0.0255,0.0794,0.0488,-0.2144,0.0803,-3.7008,1.7699,9.0050,0.0007,-0.0003,0.0010,1.0000,-0.0926,0.0440,0.2251
1465,Pelvis,2,0.5580,-0.4419,0.6092,0.3497,0.4300,0.0981,0.1559,-1.0977,-1.8383,-0.1335,9.8415,0.2592,1.1614,0.0054,0.0012,0.0019,1.0000,0.2461,0.0068,0.0288
1466,Right,2,0.1617,-0.1216,-0.9559,-0.2129,0.0272,-0.0098,0.0642,0.0485,-0.0524,-0.0057,-3.6028,1.6261,8.9754,0.0003,-0.0001,0.0008,1.0000,-0.0901,0.0405,0.2244
1466,Pelvis,2,0.5574,-0.4405,0.6123,0.3469,0.2882,0.1129,0.1828,-1.5971,-1.4709,-1.1356,8.8919,0.7015,0.6688,0.0036,0.0014,0.0023,1.0000,0.2223,0.0180,0.0165
1467,Left,2,0.6037,-0.1541,-0.7796,-0.0632,0.6197,3.9775,1.3301,-7.9326,7.2700,4.4337,-10.1122,-3.1557,14.4646,0.0231,0.1485,0.0497,0.9874,-0.5735,-0.2951,1.1734
1467,Right,2,0.1616,-0.1219,-0.9560,-0.2122,0.0274,0.0052,0.0702,0.0519,0.0255,-0.0309,-3.5649,1.5611,8.9745,0.0003,0.0001,0.0009,1.0000,-0.0891,0.0389,0.2244
1467,Pelvis,2,0.5575,-0.4399,0.6132,0.3459,0.1126,0.0100,0.0403,-1.5705,-1.1773,-0.6513,9.3483,0.4719,0.4129,0.0014,0.0001,0.0005,1.0000,0.2337,0.0119,0.0103
1468,Left,2,0.5958,-0.1401,-0.7884,-0.0623,-0.9802,-0.9579,-0.4703,-5.1730,6.8134,-11.4688,2.4689,-5.2994,6.4617,-0.0123,-0.0120,-0.0059,0.9998,0.0590,-0.1308,0.1639
1468,Right,2,0.1618,-0.1222,-0.9561,-0.2115,0.0213,0.0248,0.0643,0.0170,-0.0529,-0.0065,-3.5733,1.6581,8.9804,0.0003,0.0003,0.0008,1.0000,-0.0893,0.0413,0.2245
1469,Left,2,0.5860,-0.1267,-0.7977,-0.0654,-0.7488,-1.1522,-0.6771,-6.2427,4.8424,-6.5359,-1.5675,-2.5671,8.0074,-0.0094,-0.0144,-0.0085,0.9998,-0.0426,-0.0620,0.2002
1469,Right,2,0.1623,-0.1226,-0.9561,-0.2108,0.0203,0.0539,0.0604,0.1196,0.0678,-0.0048,-3.6244,1.5138,8.9881,0.0003,0.0007,0.0008,1.0000,-0.0905,0.0377,0.2248
1469,Pelvis,2,0.5605,-0.4362,0.6114,0.3489,0.0394,-0.0099,-0.2328,-0.6305,-0.8010,-0.3749,9.4693,-0.5197,0.4173,0.0010,-0.0002,-0.0058,1.0000,0.4733,-0.0288,0.0210
1470,Left,2,0.5683,-0.1105,-0.8121,-0.0730,-0.7301,-1.9620,-0.9870,-6.0214,4.6591,-6.4102,-1.3845,-2.6100,7.7995,-0.0091,-0.0245,-0.0123,0.9996,-0.0402,-0.0630,0.1946
1470,Right,2,0.1630,-0.1236,-0.9561,-0.2099,0.0661,0.0810,0.0811,0.1752,0.1183,-0.0584,-3.6469,1.4489,8.9326,0.0008,0.0010,0.0010,1.0000,-0.0910,0.0359,0.2234
1470,Pelvis,2,0.5626,-0.4334,0.6109,0.3499,0.1379,-0.0119,-0.2626,-0.1043,-0.4181,-0.0689,9.6875,-1.1015,0.2592,0.0017,-0.0001,-0.0033,1.0000,0.2421,-0.0283,0.0065
1471,Left,2,0.5427,-0.0922,-0.8306,-0.0845,-0.6719,-2.7026,-1.2444,-6.5805,3.2213,-4.4377,-2.5016,-1.0978,8.6686,-0.0084,-0.0338,-0.0156,0.9993,-0.0702,-0.0246,0.2146
1471,Right,2,0.1637,-0.1253,-0.9560,-0.2088,0.1153,0.0946,0.1036,0.1040,0.0333,-0.0774,-3.6258,1.5777,8.8967,0.0014,0.0012,0.0013,1.0000,-0.0904,0.0390,0.2226
1471,Pelvis,2,0.5633,-0.4306,0.6120,0.3503,0.1814,0.1159,-0.1336,-0.0736,-0.1622,-0.7335,9.0152,-1.0891,0.0564,0.0023,0.0014,-0.0017,1.0000,0.2253,-0.0276,0.0010
1472,Left,2,0.5075,-0.0704,-0.8534,-0.0964,-0.8602,-3.5535,-1.3129,-6.4884,1.7525,-3.2422,-2.9909,0.1178,8.9133,-0.0107,-0.0444,-0.0164,0.9988,-0.0845,0.0067,0.2192
1472,Right,2,0.1644,-0.1272,-0.9558,-0.2078,0.1335,0.0983,0.0999,0.0293,0.0325,-0.1570,-3.5502,1.6313,8.8301,0.0017,0.0012,0.0012,1.0000,-0.0885,0.0403,0.2209
1472,Pelvis,2,0.5636,-0.4285,0.6132,0.3503,0.1604,0.0990,-0.0796,-0.4750,-0.0146,-0.9633,8.8301,-0.7249,-0.2065,0.0020,0.0012,-0.0010,1.0000,0.2207,-0.0183,-0.0055
1473,Left,2,0.4651,-0.0473,-0.8777,-0.1049,-1.0364,-4.0967,-1.0916,-6.1788,0.4620,-1.6112,-3.8255,1.0145,9.4916,-0.0129,-0.0512,-0.0136,0.9985,-0.1072,0.0298,0.2316
1473,Right,2,0.1650,-0.1290,-0.9557,-0.2070,0.1232,0.0851,0.0811,-0.0483,-0.0008,-0.2204,-3.4886,1.7169,8.7691,0.0015,0.0011,0.0010,1.0000,-0.0870,0.0425,0.2194
1473,Pelvis,2,0.5639,-0.4270,0.6137,0.3507,0.0872,0.0619,-0.0776,-0.8806,-0.0044,-1.1811,8.6635,-0.3138,-0.3548,0.0011,0.0008,-0.0010,1.0000,0.2166,-0.0080,-0.0090
1474,Left,2,0.4172,-0.0220,-0.9020,-0.1084,-1.3317,-4.4851,-0.8004,-5.2193,-0.4001,1.1109,-5.6658,1.1870,10.6483,-0.0166,-0.0560,-0.0100,0.9982,-0.1559,0.0355,0.2572
1474,Right,2,0.1653,-0.1299,-0.9555,-0.2068,0.0717,0.0452,0.0288,-0.0292,-0.0834,-0.2604,-3.5314,1.7973,8.6921,0.0009,0.0006,0.0004,1.0000,-0.0882,0.0447,0.2174
1474,Pelvis,2,0.5638,-0.4261,0.6140,0.3514,0.0198,0.0696,-0.0692,-0.9513,0.0202,-1.0659,8.7859,-0.2581,-0.3907,0.0002,0.0009,-0.0009,1.0000,0.2196,-0.0066,-0.0100
1475,Left,2,0.3687,0.0065,-0.9234,-0.1067,-1.7257,-4.4554,-0.5547,-2.8924,-1.4007,4.4990,-8.6387,0.9464,11.8274,-0.0216,-0.0557,-0.0069,0.9982,-0.2317,0.0314,0.2824
1475,Right,2,0.1654,-0.1300,-0.9554,-0.2071,0.0284,0.0075,-0.0154,0.0041,-0.0489,-0.2027,-3.5748,1.7713,8.7429,0.0004,0.0001,-0.0002,1.0000,-0.0893,0.0442,0.2186
1475,Pelvis,2,0.5631,-0.4253,0.6145,0.3527,-0.0171,0.1206,-0.0563,-1.0013,0.0658,-0.7802,9.0743,-0.2525,-0.4308,-0.0002,0.0015,-0.0007,1.0000,0.2268,-0.0065,-0.0111
1476,Left,2,0.3177,0.0411,-0.9412,-0.1075,-2.0833,-4.5720,-0.9466,1.9835,-0.6544,10.0418,-14.2356,-2.0680,13.8615,-0.0260,-0.0571,-0.0118,0.9980,-0.3755,-0.0387,0.3266
1476,Right,2,0.1653,-0.1298,-0.9553,-0.2077,0.0066,-0.0176,-0.0405,-0.0439,0.0410,-0.2063,-3.5008,1.7108,8.7808,0.0001,-0.0002,-0.0005,1.0000,-0.0875,0.0428,0.2195
1476,Pelvis,2,0.5617,-0.4251,0.6151,0.3541,-0.0638,0.1549,-0.0163,-1.1237,0.3249,-0.0093,9.8438,-0.3294,-0.6820,-0.0008,0.0019,-0.0002,1.0000,0.2461,-0.0083,-0.0175
1477,Left,2,0.2743,0.0739,-0.9506,-0.1249,-1.6201,-3.7261,-2.2023,8.2081,-1.8399,7.5559,-16.5242,-2.8365,9.5776,-0.0202,-0.0466,-0.0275,0.9983,-0.4253,-0.0547,0.2210
1477,Right,2,0.1652,-0.1295,-0.9552,-0.2084,-0.0064,-0.0172,-0.0566,-0.1084,0.0134,-0.1079,-3.4899,1.7740,8.8807,-0.0001,-0.0002,-0.0007,1.0000,-0.0873,0.0444,0.2220
1477,Pelvis,2,0.5591,-0.4254,0.6165,0.3554,-0.0986,0.2275,0.0817,-1.0585,0.4885,-0.1129,9.7296,-0.4458,-0.7622,-0.0012,0.0028,0.0010,1.0000,0.2432,-0.0109,-0.0197
1478,Left,2,0.2400,0.0905,-0.9539,-0.1558,-0.2128,-2.6533,-2.8804,18.0143,-6.1721,6.6392,-24.5242,-1.9794,5.3316,-0.0027,-0.0332,-0.0360,0.9988,-0.6183,-0.0270,0.1129
1478,Right,2,0.1657,-0.1287,-0.9550,-0.2096,-0.0378,0.0161,-0.0996,-0.2356,-0.0921,-0.1432,-3.4088,1.9020,8.8501,-0.0005,0.0002,-0.0012,1.0000,-0.0851,0.0478,0.2212
1478,Pelvis,2,0.5562,-0.4273,0.6178,0.3556,-0.1304,0.1505,0.2056,-0.8574,1.0151,-1.0026,8.8048,-0.7490,-1.1391,-0.0016,0.0019,0.0026,1.0000,0.2201,-0.0182,-0.0289
1479,Left,2,0.2001,0.0851,-0.9574,-0.1903,1.6066,-2.7896,-2.7699,21.0688,-10.7129,-0.9439,-25.1971,1.5789,-0.6563,0.0201,-0.0349,-0.0346,0.9986,-0.6270,0.0618,-0.0372
1479,Right,2,0.1668,-0.1272,-0.9547,-0.2113,-0.1010,0.0505,-0.1589,-0.3724,-0.2514,-0.1713,-3.3522,2.0686,8.8115,-0.0013,0.0006,-0.0020,1.0000,-0.0836,0.0522,0.2203
1479,Pelvis,2,0.5545,-0.4304,0.6179,0.3541,-0.1340,-0.0456,0.2762,-0.8366,1.2653,-1.0818,8.7110,-0.9016,-1.3549,-0.0017,-0.0006,0.0035,1.0000,0.2179,-0.0218,-0.0337
1480,Left,2,0.1589,0.0646,-0.9616,-0.2143,2.5994,-2.7539,-1.6840,18.5521,-10.3614,-11.5688,-19.5940,3.0516,-7.8540,0.0325,-0.0344,-0.0210,0.9987,-0.4809,0.0932,-0.2102
1480,Right,2,0.1688,-0.1248,-0.9541,-0.2134,-0.1685,0.0922,-0.2194,-0.3239,-0.1514,-0.1317,-3.3977,1.9173,8.8673,-0.0021,0.0012,-0.0027,1.0000,-0.0846,0.0486,0.2217
1480,Pelvis,2,0.5532,-0.4334,0.6175,0.3533,-0.1526,-0.0677,0.2082,-0.4514,0.9925,0.1904,9.9215,-1.3794,-0.9556,-0.0019,-0.0008,0.0026,1.0000,0.2481,-0.0339,-0.0236
1481,Left,2,0.1409,0.0605,-0.9623,-0.2245,0.7513,-1.2762,-0.7856,12.8029,-13.2619,-14.4204,-15.6430,7.5656,-7.6892,0.0094,-0.0160,-0.0098,0.9998,-0.3861,0.1948,-0.1966
1481,Right,2,0.1715,-0.1225,-0.9534,-0.2157,-0.1774,0.1592,-0.2373,-0.2931,-0.0231,-0.1146,-3.4220,1.7328,8.9121,-0.0022,0.0020,-0.0030,1.0000,-0.0850,0.0441,0.2229
1481,Pelvis,2,0.5525,-0.4351,0.6172,0.3529,-0.0872,-0.0405,0.1075,-1.2435,0.7586,0.2886,10.1325,-0.6168,-1.0535,-0.0011,-0.0005,0.0013,1.0000,0.2533,-0.0151,-0.0262
1482,Left,2,0.1490,0.0558,-0.9594,-0.2329,0.2927,0.7808,-0.5689,10.5099,-4.5584,-10.8630,-10.7840,-0.2096,-4.0011,0.0037,0.0098,-0.0071,0.9999,-0.2706,-0.0030,-0.0974
1482,Right,2,0.1757,-0.1205,-0.9523,-0.2183,-0.1672,0.2751,-0.2813,-0.4197,0.1127,-0.0923,-3.3326,1.6113,8.9985,-0.0021,0.0034,-0.0035,1.0000,-0.0824,0.0410,0.2252
1482,Pelvis,2,0.5501,-0.4369,0.6175,0.3539,-0.1911,0.1173,0.1257,-2.3476,0.7096,0.1291,10.1333,0.4118,-1.4142,-0.0024,0.0015,0.0016,1.0000,0.2533,0.0106,-0.0358
1483,Left,2,0.1686,0.0463,-0.9549,-0.2399,0.4086,1.7453,-0.3621,-12.7482,-1.3060,9.4167,4.6787,3.4033,22.3744,0.0051,0.0218,-0.0045,0.9997,0.1295,0.0817,0.5570
1483,Right,2,0.1824,-0.1190,-0.9504,-0.2219,-0.1473,0.4744,-0.3834,-0.4016,0.0884,0.1407,-3.5459,1.5927,9.1722,-0.0018,0.0059,-0.0048,1.0000,-0.0871,0.0407,0.2298
1484,Left,2,0.1851,0.0454,-0.9542,-0.2307,-0.3830,1.2535,0.7852,-4.1766,-1.4119,-4.8338,1.2206,2.2094,6.1529,-0.0048,0.0157,0.0098,0.9998,0.0324,0.0563,0.1531
1484,Right,2,0.1934,-0.1185,-0.9473,-0.2264,-0.1295,0.8333,-0.5047,-0.8696,-0.2000,0.5044,-3.5838,2.0404,9.4993,-0.0016,0.0104,-0.0063,0.9999,-0.0868,0.0519,0.2383
1484,Pelvis,2,0.5442,-0.4478,0.6119,0.3591,-0.5589,-0.0397,0.1344,-2.0695,0.4942,-0.3963,9.5858,0.2857,-1.1077,-0.0140,-0.0010,0.0034,0.9999,0.4793,0.0151,-0.0551
1485,Left,2,0.2110,0.0375,-0.9499,-0.2277,0.0579,2.1724,0.4040,6.2910,-0.5849,4.4206,-10.5000,-4.5394,10.5692,0.0007,0.0272,0.0050,0.9996,-0.2546,-0.1150,0.2711
1485,Right,2,0.2117,-0.1184,-0.9418,-0.2326,-0.1761,1.4118,-0.7335,-1.3209,0.9248,0.6678,-3.1512,1.2076,10.0532,-0.0022,0.0176,-0.0092,0.9998,-0.0740,0.0314,0.2526
1485,Pelvis,2,0.5449,-0.4526,0.6052,0.3633,-0.6269,-0.3117,-0.2137,0.0512,-0.2500,0.7259,10.4172,-1.5932,0.2692,-0.0078,-0.0039,-0.0027,1.0000,0.2603,-0.0405,0.0081
1486,Left,2,0.2241,0.0269,-0.9478,-0.2250,0.5156,1.2150,0.3781,4.6473,-1.6245,5.2357,-10.4472,-2.8770,11.5453,0.0064,0.0152,0.0047,0.9999,-0.2564,-0.0750,0.2921
1486,Right,2,0.2449,-0.1235,-0.9314,-0.2391,-0.0140,2.7124,-0.9061,-2.9883,1.5124,0.9114,-2.2719,1.4647,10.9073,-0.0002,0.0339,-0.0113,0.9994,-0.0471,0.0372,0.2744
1487,Left,2,0.2246,0.0176,-0.9481,-0.2245,0.6925,0.2028,0.2049,0.9918,-2.5176,3.1514,-7.2757,-0.0063,11.0661,0.0087,0.0025,0.0026,1.0000,-0.1812,-0.0030,0.2771
1487,Right,2,0.2995,-0.1376,-0.9121,-0.2439,0.2983,4.6772,-0.9848,-3.4207,2.0873,1.1171,-2.8863,1.1934,11.2215,0.0037,0.0584,-0.0123,0.9982,-0.0552,0.0295,0.2842
1487,Pelvis,2,0.5466,-0.4557,0.5976,0.3694,-0.3157,-0.1411,-0.2242,1.5188,-1.4661,2.2944,11.8509,-2.7259,1.7795,-0.0079,-0.0035,-0.0056,0.9999,0.5914,-0.1389,0.0922
1488,Left,2,0.2226,0.0142,-0.9485,-0.2249,0.3045,-0.1016,0.0367,1.2711,-0.5551,1.3259,-5.9009,-1.4890,9.4316,0.0038,-0.0013,0.0005,1.0000,-0.1478,-0.0382,0.2355
1488,Right,2,0.3768,-0.1599,-0.8783,-0.2469,0.5738,6.8599,-1.1927,-4.3233,1.3719,1.3656,-4.3280,2.3217,11.0352,0.0072,0.0856,-0.0149,0.9962,-0.0832,0.0574,0.2841
1488,Pelvis,2,0.5464,-0.4573,0.5953,0.3714,-0.2476,-0.0615,-0.0791,-0.2360,-1.4852,2.5506,12.3560,-1.0458,1.1617,-0.0031,-0.0008,-0.0010,1.0000,0.3089,-0.0264,0.0294
1489,Left,2,0.2201,0.0137,-0.9489,-0.2259,0.1064,-0.1866,-0.0684,0.2351,-0.7432,0.7310,-4.8725,-0.7628,9.3517,0.0013,-0.0023,-0.0009,1.0000,-0.1224,-0.0193,0.2335
1489,Right,2,0.4657,-0.1802,-0.8294,-0.2503,0.4109,8.0969,-1.7199,-6.2983,1.3615,3.0409,-6.7141,3.5230,12.2469,0.0051,0.1010,-0.0215,0.9946,-0.1339,0.0896,0.3213
1489,Pelvis,2,0.5439,-0.4590,0.5939,0.3752,-0.3657,0.1467,-0.0516,-0.4114,-2.1784,1.5412,11.4176,-0.5208,1.7869,-0.0046,0.0018,-0.0006,1.0000,0.2855,-0.0130,0.0442
1490,Left,2,0.2189,0.0148,-0.9488,-0.2271,-0.0370,-0.1021,-0.1143,0.0431,-0.3215,0.2090,-4.2850,-0.9974,9.0101,-0.0005,-0.0013,-0.0014,1.0000,-0.1074,-0.0247,0.2251
1490,Right,2,0.5385,-0.1902,-0.7793,-0.2579,0.2239,6.8011,-2.1832,-6.6899,0.8684,9.6686,-14.9874,4.1360,13.5806,0.0028,0.0849,-0.0273,0.9960,-0.3411,0.1120,0.3698
1490,Pelvis,2,0.5406,-0.4588,0.5927,0.3820,-0.4228,0.3562,-0.2519,0.7352,-1.7718,0.4321,10.1458,-1.5514,1.8146,-0.0053,0.0045,-0.0031,1.0000,0.2537,-0.0393,0.0444
1491,Left,2,0.2187,0.0160,-0.9487,-0.2279,-0.0642,-0.0346,-0.0903,0.0035,0.0747,0.0802,-4.0091,-1.3420,8.9443,-0.0008,-0.0004,-0.0011,1.0000,-0.1004,-0.0333,0.2236
1491,Right,2,0.5821,-0.1877,-0.7443,-0.2684,-0.0578,4.0182,-2.1475,-10.4338,0.1732,4.4617,-11.1575,6.1669,12.2666,-0.0007,0.0502,-0.0268,0.9984,-0.2588,0.1615,0.3199
1491,Pelvis,2,0.5382,-0.4562,0.5916,0.3902,-0.3431,0.4510,-0.4528,1.6714,-0.9222,-0.5738,8.9995,-2.4846,1.3558,-0.0043,0.0056,-0.0057,1.0000,0.2248,-0.0632,0.0329
1492,Left,2,0.2188,0.0167,-0.9485,-0.2283,-0.0448,0.0010,-0.0525,0.0327,0.0937,0.0099,-3.9892,-1.3822,8.8695,-0.0006,0.0000,-0.0007,1.0000,-0.0998,-0.0344,0.2218
1492,Right,2,0.6013,-0.1825,-0.7237,-0.2853,0.3844,1.7411,-1.9754,-9.7517,8.5368,2.4560,-8.8920,-1.2242,15.4266,0.0048,0.0218,-0.0247,0.9994,-0.2145,-0.0271,0.3903
1492,Pelvis,2,0.5370,-0.4535,0.5911,0.3956,-0.1526,0.3164,-0.3357,1.8641,-0.1314,-0.3957,9.1461,-2.8284,0.7223,-0.0019,0.0040,-0.0042,1.0000,0.2284,-0.0716,0.0173
1493,Left,2,0.2192,0.0172,-0.9483,-0.2287,-0.0331,0.0251,-0.0389,-0.0156,-0.0055,-0.0119,-3.9868,-1.2838,8.8608,-0.0004,0.0003,-0.0005,1.0000,-0.0996,-0.0320,0.2216
1493,Right,2,0.5852,-0.1820,-0.7246,-0.3151,1.7691,-1.4161,-1.4878,-9.7649,1.3474,-8.8835,0.5243,5.2594,8.3734,0.0221,-0.0177,-0.0186,0.9994,0.0117,0.1266,0.2124
1493,Pelvis,2,0.5353,-0.4523,0.5927,0.3970,0.0008,0.2350,-0.0071,1.7057,0.0298,-0.2083,9.3541,-2.7045,0.5838,0.0000,0.0029,-0.0001,1.0000,0.2339,-0.0676,0.0139
1494,Left,2,0.2200,0.0176,-0.9481,-0.2290,-0.0357,0.0543,-0.0408,-0.0644,-0.0695,-0.0078,-3.9851,-1.2185,8.8757,-0.0004,0.0007,-0.0005,1.0000,-0.0995,-0.0303,0.2220
1494,Right,2,0.5682,-0.1773,-0.7299,-0.3362,1.0833,-1.6501,-1.0549,-7.8008,-0.6607,-8.9118,-0.0801,5.6880,5.4539,0.0135,-0.0206,-0.0132,0.9996,-0.0030,0.1404,0.1382
1494,Pelvis,2,0.5337,-0.4530,0.5950,0.3950,0.0880,0.0855,0.2562,1.3259,0.1604,-0.1741,9.4191,-2.4106,0.3941,0.0011,0.0011,0.0032,1.0000,0.2357,-0.0595,0.0095
1495,Left,2,0.2210,0.0182,-0.9478,-0.2294,-0.0511,0.0720,-0.0446,-0.0454,-0.1414,-0.0209,-4.0394,-1.1751,8.8433,-0.0006,0.0009,-0.0006,1.0000,-0.1008,-0.0292,0.2212
1495,Right,2,0.5443,-0.1774,-0.7430,-0.3467,0.9444,-2.1338,0.0844,-7.4090,-0.4268,-8.3626,-0.3978,5.3178,5.3619,0.0118,-0.0267,0.0011,0.9996,-0.0137,0.1313,0.1353
1496,Left,2,0.2222,0.0191,-0.9474,-0.2297,-0.0857,0.0822,-0.0521,0.0142,-0.0996,0.0187,-4.1002,-1.2640,8.8463,-0.0011,0.0010,-0.0007,1.0000,-0.1023,-0.0313,0.2213
1496,Right,2,0.5144,-0.1816,-0.7641,-0.3443,0.6932,-2.5357,1.3366,-7.2869,-0.0903,-6.9068,-1.2474,4.9683,5.9446,0.0087,-0.0317,0.0167,0.9993,-0.0379,0.1223,0.1485
1496,Pelvis,2,0.5299,-0.4536,0.6000,0.3918,0.0880,0.1294,0.2355,0.6170,-0.2190,-0.3714,9.2924,-1.6894,0.6043,0.0022,0.0032,0.0059,1.0000,0.4652,-0.0818,0.0285
1497,Left,2,0.2234,0.0203,-0.9470,-0.2300,-0.0972,0.0786,-0.0495,0.0855,-0.0305,0.0139,-4.1403,-1.3816,8.8045,-0.0012,0.0010,-0.0006,1.0000,-0.1033,-0.0342,0.2203
1497,Right,2,0.4783,-0.1860,-0.7911,-0.3327,0.4028,-3.0224,2.1615,-5.9635,1.2892,-4.3432,-2.8064,3.0518,7.0710,0.0050,-0.0378,0.0270,0.9989,-0.0788,0.0734,0.1743
1497,Pelvis,2,0.5280,-0.4530,0.6017,0.3924,0.0076,0.2085,0.0738,0.3069,0.1423,-0.7792,8.9110,-1.5051,0.2163,0.0001,0.0026,0.0009,1.0000,0.2228,-0.0374,0.0048
1498,Left,2,0.2246,0.0216,-0.9466,-0.2303,-0.1120,0.0770,-0.0554,-0.0204,-0.0344,-0.0802,-4.0342,-1.3487,8.7538,-0.0014,0.0010,-0.0007,1.0000,-0.1007,-0.0333,0.2190
1498,Right,2,0.4347,-0.1890,-0.8206,-0.3192,0.4102,-3.6029,2.4035,-4.2036,2.7782,-2.2968,-3.9140,0.9764,8.1040,0.0051,-0.0450,0.0300,0.9985,-0.1075,0.0203,0.1980
1498,Pelvis,2,0.5266,-0.4522,0.6030,0.3931,0.0183,0.1678,0.0263,0.4008,0.3484,-0.9714,8.7040,-1.6383,0.0804,0.0002,0.0021,0.0003,1.0000,0.2176,-0.0409,0.0015
1499,Left,2,0.2258,0.0229,-0.9463,-0.2304,-0.1206,0.0717,-0.0390,-0.1456,0.0085,-0.2385,-3.8647,-1.3414,8.6575,-0.0015,0.0009,-0.0005,1.0000,-0.0964,-0.0332,0.2166
1499,Right,2,0.3839,-0.1907,-0.8487,-0.3097,0.6595,-4.1153,2.1721,-2.3554,3.4295,0.0604,-5.5670,-0.3080,9.1552,0.0082,-0.0514,0.0271,0.9983,-0.1504,-0.0135,0.2212
1499,Pelvis,2,0.5257,-0.4514,0.6039,0.3939,0.0127,0.1378,-0.0169,0.5072,0.4787,-1.0552,8.6059,-1.7662,0.0155,0.0002,0.0017,-0.0002,1.0000,0.2151,-0.0442,0.0000
1500,Left,2,0.2268,0.0239,-0.9461,-0.2300,-0.0967,0.0608,0.0074,-0.1513,-0.0827,-0.2849,-3.8952,-1.2763,8.6027,-0.0012,0.0008,0.0001,1.0000,-0.0972,-0.0317,0.2152
1500,Right,2,0.3295,-0.1923,-0.8720,-0.3067,1.0244,-4.3219,1.6614,0.1146,3.3936,1.1815,-6.7829,-1.3667,9.2017,0.0128,-0.0540,0.0208,0.9982,-0.1808,-0.0407,0.2200
1500,Pelvis,2,0.5250,-0.4504,0.6048,0.3947,0.0251,0.1332,-0.0288,0.5446,0.4786,-0.9098,8.7456,-1.8156,0.0618,0.0003,0.0017,-0.0004,1.0000,0.2186,-0.0455,0.0012
1501,Left,2,0.2272,0.0243,-0.9462,-0.2291,-0.0470,0.0222,0.0566,-0.0073,0.0104,-0.2688,-3.9844,-1.4358,8.5527,-0.0006,0.0003,0.0007,1.0000,-0.0995,-0.0358,0.2139
1501,Right,2,0.2751,-0.1981,-0.8885,-0.3092,1.5696,-4.1135,1.2185,2.1577,2.2073,7.1392,-11.4904,-0.3707,12.8472,0.0196,-0.0514,0.0152,0.9984,-0.3030,-0.0199,0.3055
1501,Pelvis,2,0.5239,-0.4491,0.6060,0.3958,0.0336,0.1831,-0.0259,0.5814,0.6227,-0.6188,9.0308,-1.9232,-0.0173,0.0004,0.0023,-0.0003,1.0000,0.2258,-0.0482,-0.0010
1502,Left,2,0.2264,0.0241,-0.9466,-0.2281,0.0175,-0.0658,0.0847,-0.0140,0.0660,-0.2423,-3.9633,-1.4835,8.5842,0.0002,-0.0008,0.0011,1.0000,-0.0992,-0.0372,0.2145
1502,Right,2,0.2173,-0.2006,-0.9032,-0.3110,1.4185,-4.3924,1.2127,2.9361,-0.5333,9.9405,-13.4312,2.5139,14.5890,0.0177,-0.0549,0.0151,0.9982,-0.3560,0.0513,0.3465
1502,Pelvis,2,0.5231,-0.4472,0.6074,0.3968,0.0753,0.1945,-0.0532,0.8836,0.8975,-0.4746,9.1370,-2.2980,-0.1440,0.0009,0.0024,-0.0007,1.0000,0.2284,-0.0576,-0.0042
1503,Left,2,0.2248,0.0235,-0.9472,-0.2272,0.0647,-0.1231,0.0794,0.0114,0.1329,-0.1489,-3.9756,-1.5515,8.6714,0.0008,-0.0015,0.0010,1.0000,-0.0997,-0.0391,0.2166
1503,Right,2,0.1648,-0.1984,-0.9163,-0.3064,0.8687,-3.9982,1.4636,8.2337,-5.3451,11.2441,-18.5861,3.8120,13.4277,0.0109,-0.0500,0.0183,0.9985,-0.4823,0.0831,0.3128
1503,Pelvis,2,0.5231,-0.4447,0.6084,0.3980,0.1129,0.1662,-0.1295,0.7614,1.0584,-0.7780,8.8617,-2.1691,-0.3030,0.0014,0.0021,-0.0016,1.0000,0.2214,-0.0546,-0.0081
1504,Left,2,0.2228,0.0227,-0.9479,-0.2266,0.0924,-0.1500,0.0643,-0.0208,0.2289,-0.0526,-3.9205,-1.6146,8.7940,0.0012,-0.0019,0.0008,1.0000,-0.0984,-0.0407,0.2196
1504,Right,2,0.1125,-0.1897,-0.9297,-0.2950,0.2975,-4.0308,1.8768,12.2994,-10.4759,6.7387,-21.0380,4.8531,8.3286,0.0037,-0.0504,0.0234,0.9984,-0.5382,0.1081,0.1817
1504,Pelvis,2,0.5244,-0.4425,0.6084,0.3989,0.1166,0.0393,-0.1862,-0.0671,1.0850,-0.7192,9.0406,-1.3631,-0.5317,0.0015,0.0005,-0.0023,1.0000,0.2259,-0.0346,-0.0135
1505,Left,2,0.2214,0.0215,-0.9484,-0.2261,0.1103,-0.0926,0.0685,-0.0766,0.1623,-0.0306,-3.8902,-1.5065,8.8498,0.0014,-0.0012,0.0009,1.0000,-0.0975,-0.0381,0.2211
1505,Right,2,0.0693,-0.1799,-0.9408,-0.2787,-0.0168,-3.2991,2.0470,14.0093,-9.2810,-5.0598,-17.4612,0.5234,-0.2415,-0.0002,-0.0412,0.0256,0.9988,-0.4359,0.0019,-0.0240
1505,Pelvis,2,0.5260,-0.4410,0.6077,0.3993,0.0839,-0.0448,-0.1629,-0.6842,1.0501,0.0165,9.8551,-0.8157,-0.6298,0.0010,-0.0006,-0.0020,1.0000,0.2463,-0.0209,-0.0156
1506,Left,2,0.2211,0.0201,-0.9486,-0.2255,0.1074,-0.0011,0.0667,-0.0794,0.0381,-0.0173,-3.9399,-1.3658,8.8640,0.0013,-0.0000,0.0008,1.0000,-0.0985,-0.0345,0.2216
1506,Right,2,0.0402,-0.1834,-0.9467,-0.2618,0.7447,-1.8944,1.8438,15.6612,-6.4979,-9.6482,-16.5018,-3.1320,-2.3472,0.0093,-0.0237,0.0230,0.9994,-0.4090,-0.0871,-0.0692
1506,Pelvis,2,0.5273,-0.4409,0.6066,0.3995,0.0057,-0.0998,-0.0889,-0.0746,0.7442,0.2451,9.9999,-1.3010,-0.1666,0.0001,-0.0012,-0.0011,1.0000,0.2500,-0.0328,-0.0039
1507,Left,2,0.2223,0.0187,-0.9485,-0.2250,0.0825,0.1129,0.0603,-0.1806,0.1598,-0.0390,-3.8113,-1.4031,8.8932,0.0010,0.0014,0.0008,1.0000,-0.0949,-0.0354,0.2224
1507,Right,2,0.0289,-0.1813,-0.9509,-0.2491,-0.0205,-0.7269,1.2158,14.3245,-6.8583,-12.3512,-15.2573,-2.4512,-4.4616,-0.0003,-0.0091,0.0152,0.9998,-0.3794,-0.0671,-0.1150
1507,Pelvis,2,0.5283,-0.4413,0.6056,0.3993,-0.0096,-0.1052,-0.0436,0.4477,1.1880,-0.2655,9.4385,-1.8522,-0.4943,-0.0001,-0.0013,-0.0005,1.0000,0.2360,-0.0464,-0.0120
1508,Left,2,0.2251,0.0171,-0.9481,-0.2241,0.0569,0.2486,0.0858,-0.3878,0.2297,-0.0667,-3.6465,-1.3539,8.9474,0.0007,0.0031,0.0011,1.0000,-0.0904,-0.0341,0.2239
1508,Right,2,0.0412,-0.1758,-0.9548,-0.2363,-0.7405,1.0090,0.8684,12.7809,-4.5229,-11.8765,-12.9635,-3.0363,-3.2891,-0.0093,0.0126,0.0109,0.9998,-0.3242,-0.0802,-0.0774
1508,Pelvis,2,0.5300,-0.4405,0.6053,0.3984,0.1269,-0.0985,-0.0638,0.9568,1.7685,-0.4131,9.2407,-2.4774,-0.9315,0.0016,-0.0012,-0.0008,1.0000,0.2310,-0.0621,-0.0231
1509,Left,2,0.2303,0.0152,-0.9472,-0.2227,0.0324,0.4484,0.1361,-0.4329,0.3127,-0.0934,-3.6450,-1.3868,8.9186,0.0004,0.0056,0.0017,1.0000,-0.0898,-0.0349,0.2235
1509,Right,2,0.0659,-0.1732,-0.9569,-0.2237,-0.7295,2.0084,0.6458,11.0046,-2.6520,-5.3205,-11.7160,-1.4466,2.9987,-0.0091,0.0251,0.0081,0.9996,-0.2906,-0.0378,0.0826
1509,Pelvis,2,0.5329,-0.4380,0.6057,0.3966,0.3083,-0.1127,-0.1043,1.5255,2.1564,-0.6624,8.9338,-3.0905,-1.1582,0.0039,-0.0014,-0.0013,1.0000,0.2233,-0.0774,-0.0289
1510,Left,2,0.2386,0.0125,-0.9457,-0.2205,0.0151,0.7022,0.1893,-0.2065,-0.0279,0.1468,-4.2080,-1.1850,8.9513,0.0002,0.0088,0.0024,1.0000,-0.1032,-0.0299,0.2247
1510,Right,2,0.0965,-0.1625,-0.9587,-0.2126,-1.4354,2.2895,0.4114,-6.3064,4.0054,7.6423,3.1936,4.4082,18.1931,-0.0179,0.0286,0.0051,0.9994,0.0922,0.1188,0.4502
1510,Pelvis,2,0.5372,-0.4347,0.6063,0.3935,0.4608,-0.1827,-0.1276,1.2452,2.3259,-0.9132,8.7235,-2.8360,-1.4205,0.0058,-0.0023,-0.0016,1.0000,0.2181,-0.0710,-0.0354
1511,Left,2,0.2509,0.0100,-0.9430,-0.2182,-0.0713,1.0250,0.1870,-0.4453,-0.1360,0.4195,-4.3886,-1.0115,9.1999,-0.0009,0.0128,0.0023,0.9999,-0.1067,-0.0253,0.2314
1511,Right,2,0.1046,-0.1530,-0.9603,-0.2083,-0.9118,0.5038,0.1907,-11.9847,14.4483,-1.3335,13.8580,-5.0184,14.3899,-0.0114,0.0063,0.0024,0.9999,0.3490,-0.1205,0.3589
1511,Pelvis,2,0.5434,-0.4319,0.6062,0.3884,0.5548,-0.3943,-0.0892,0.2806,1.1349,-0.2984,9.4315,-1.6049,-0.5996,0.0069,-0.0049,-0.0011,1.0000,0.2358,-0.0403,-0.0141
1512,Left,2,0.2697,0.0070,-0.9386,-0.2152,-0.1599,1.5572,0.2168,-0.9785,0.1553,0.4133,-4.1543,-1.0638,9.3368,-0.0020,0.0195,0.0027,0.9998,-0.0992,-0.0264,0.2354
1512,Right,2,0.1426,-0.1613,-0.9534,-0.2113,0.1210,3.0867,-0.7363,9.8484,0.1754,4.3190,-12.8969,-0.9662,11.3847,0.0015,0.0386,-0.0092,0.9992,-0.3113,-0.0217,0.2967
1512,Pelvis,2,0.5475,-0.4306,0.6071,0.3824,0.4885,-0.3281,0.1227,-1.1146,0.1906,0.9082,10.7780,-0.1198,-0.1932,0.0061,-0.0041,0.0015,1.0000,0.2695,-0.0026,-0.0037
1513,Left,2,0.3012,0.0029,-0.9298,-0.2113,-0.3155,2.6253,0.2465,-2.5791,0.5311,0.2706,-3.2220,-0.7834,9.8819,-0.0039,0.0328,0.0031,0.9994,-0.0723,-0.0188,0.2496
1513,Right,2,0.1599,-0.1551,-0.9511,-0.2140,-0.6977,1.2057,-0.5355,2.6829,-3.5684,5.1057,-8.8947,5.3894,11.5912,-0.0087,0.0151,-0.0067,0.9998,-0.2171,0.1387,0.2919
1513,Pelvis,2,0.5508,-0.4320,0.6064,0.3771,0.2529,-0.4105,0.1810,-0.3479,-1.7800,1.9410,11.7442,-0.3203,1.8469,0.0032,-0.0051,0.0023,1.0000,0.2934,-0.0075,0.0477
1514,Left,2,0.3521,-0.0060,-0.9131,-0.2054,-0.3416,4.3373,0.3863,-3.2772,1.8214,0.2054,-3.0532,-1.7364,10.1093,-0.0043,0.0542,0.0048,0.9985,-0.0623,-0.0426,0.2565
1514,Right,2,0.1665,-0.1455,-0.9518,-0.2125,-0.8553,0.3491,-0.0731,4.0343,0.7719,3.6229,-8.2124,0.4072,11.3922,-0.0107,0.0044,-0.0009,0.9999,-0.2041,0.0134,0.2856
1514,Pelvis,2,0.5515,-0.4352,0.6054,0.3741,-0.0289,-0.2738,0.2330,-0.2627,-1.8042,2.8220,12.6243,-0.5460,1.8133,-0.0004,-0.0034,0.0029,1.0000,0.3155,-0.0127,0.0464
1515,Left,2,0.4247,-0.0233,-0.8835,-0.1963,-0.1639,6.4374,0.6255,-3.5808,2.4374,0.2500,-4.0345,-2.2119,9.9554,-0.0020,0.0804,0.0078,0.9967,-0.0800,-0.0555,0.2560
1515,Right,2,0.1672,-0.1396,-0.9529,-0.2112,-0.4839,-0.0521,0.0436,0.8448,-0.5051,0.9588,-4.9759,2.2230,9.3431,-0.0060,-0.0007,0.0005,1.0000,-0.1246,0.0569,0.2332
1515,Pelvis,2,0.5527,-0.4361,0.6054,0.3713,0.1175,-0.1838,0.1289,1.1317,-0.5315,2.2013,11.8207,-2.2657,1.0188,0.0015,-0.0023,0.0016,1.0000,0.2955,-0.0562,0.0261
1516,Left,2,0.5058,-0.0450,-0.8419,-0.1825,-0.1239,7.5239,0.9091,-4.1660,2.2856,1.5974,-6.6031,-1.9609,10.2850,-0.0015,0.0939,0.0113,0.9955,-0.1394,-0.0503,0.2711
1516,Right,2,0.1663,-0.1352,-0.9538,-0.2104,-0.3265,-0.1424,0.0348,0.9335,-0.1094,0.5471,-4.7317,1.6653,9.1130,-0.0041,-0.0018,0.0004,1.0000,-0.1187,0.0425,0.2274
1516,Pelvis,2,0.5555,-0.4335,0.6068,0.3678,0.4238,-0.1145,-0.0004,1.4497,-0.8187,1.0775,10.6786,-2.3418,1.3609,0.0053,-0.0014,-0.0000,1.0000,0.2669,-0.0587,0.0341
1517,Left,2,0.5793,-0.0636,-0.7961,-0.1632,-0.4306,7.1602,1.1160,-4.8610,1.9688,7.0611,-13.2172,-1.8417,11.6190,-0.0054,0.0894,0.0139,0.9959,-0.3021,-0.0487,0.3186
1517,Right,2,0.1650,-0.1327,-0.9545,-0.2100,-0.1730,-0.1448,0.0240,0.4292,0.2813,0.1641,-3.9840,1.4198,9.0506,-0.0022,-0.0018,0.0003,1.0000,-0.1000,0.0360,0.2260
1517,Pelvis,2,0.5574,-0.4297,0.6102,0.3637,0.5492,0.0234,0.0655,-0.0205,-1.8265,-0.1476,9.6635,-0.4661,1.7745,0.0069,0.0003,0.0008,1.0000,0.2416,-0.0118,0.0442
1518,Left,2,0.6284,-0.0789,-0.7610,-0.1402,-0.5530,5.0801,1.4607,-6.1794,4.8270,7.1389,-14.2256,-3.7908,11.5159,-0.0069,0.0635,0.0182,0.9978,-0.3346,-0.0989,0.3103
1518,Right,2,0.1640,-0.1314,-0.9549,-0.2099,-0.0772,-0.1065,0.0152,0.2374,0.1157,0.0627,-3.8124,1.6021,8.9717,-0.0010,-0.0013,0.0002,1.0000,-0.0956,0.0403,0.2241
1519,Right,2,0.1633,-0.1311,-0.9551,-0.2096,-0.0081,-0.0593,0.0385,0.1727,0.1059,0.0307,-3.7293,1.6234,8.9660,-0.0001,-0.0007,0.0005,1.0000,-0.0934,0.0406,0.2241
1519,Pelvis,2,0.5547,-0.4288,0.6183,0.3552,0.3116,0.1151,0.3502,-1.4014,-2.0216,-0.5277,9.4533,0.8575,1.4705,0.0078,0.0029,0.0088,0.9999,0.4725,0.0464,0.0725
1520,Left,2,0.6741,-0.0895,-0.7259,-0.1032,-0.7477,2.4564,1.0511,-10.1426,7.7036,1.4202,-9.3517,-4.7941,13.3567,-0.0187,0.0614,0.0263,0.9976,-0.4190,-0.2383,0.6990
1520,Right,2,0.1632,-0.1315,-0.9552,-0.2090,0.0359,0.0077,0.0654,0.0348,0.0748,0.0076,-3.6059,1.7124,8.9728,0.0004,0.0001,0.0008,1.0000,-0.0902,0.0426,0.2243
1520,Pelvis,2,0.5532,-0.4297,0.6197,0.3540,0.0234,0.0717,0.1949,-0.7862,-1.0214,-0.2687,9.5938,-0.2153,0.8142,0.0003,0.0009,0.0024,1.0000,0.2399,-0.0048,0.0201
1521,Right,2,0.1637,-0.1317,-0.9552,-0.2084,0.0108,0.0441,0.0454,0.0737,-0.1302,0.0287,-3.7238,1.8862,8.9135,0.0001,0.0006,0.0006,1.0000,-0.0930,0.0471,0.2229
1521,Pelvis,2,0.5537,-0.4293,0.6191,0.3547,-0.0150,-0.0168,-0.0869,-0.1478,-0.6005,-0.0920,9.6654,-0.9966,0.6782,-0.0002,-0.0002,-0.0011,1.0000,0.2416,-0.0252,0.0170
1522,Left,2,0.6402,-0.0917,-0.7555,-0.1042,0.1285,-1.7714,0.2720,-6.7317,5.4801,-9.1661,0.3178,-3.4352,7.9937,0.0032,-0.0443,0.0068,0.9990,-0.0006,-0.1730,0.3993
1522,Right,2,0.1645,-0.1317,-0.9551,-0.2082,-0.0042,0.0688,0.0189,0.0846,0.0864,-0.0079,-3.6543,1.6851,8.9417,-0.0001,0.0009,0.0002,1.0000,-0.0912,0.0421,0.2236
1522,Pelvis,2,0.5551,-0.4273,0.6184,0.3561,0.0595,0.0045,-0.2236,-0.1353,-0.7351,-0.0678,9.6964,-0.9223,0.8066,0.0007,0.0001,-0.0028,1.0000,0.2423,-0.0237,0.0201
1523,Left,2,0.6157,-0.0870,-0.7759,-0.1062,-0.1195,-2.5659,-0.0021,-6.8328,5.6957,-5.0731,-3.0769,-3.5875,8.9042,-0.0015,-0.0321,-0.0000,0.9995,-0.0840,-0.0894,0.2201
1523,Right,2,0.1656,-0.1325,-0.9549,-0.2076,0.0474,0.1030,0.0430,0.1469,0.2129,-0.0721,-3.6576,1.5393,8.8993,0.0006,0.0013,0.0005,1.0000,-0.0912,0.0383,0.2226
1523,Pelvis,2,0.5566,-0.4249,0.6180,0.3573,0.0961,0.0156,-0.2325,-0.3753,-0.5888,0.1474,9.9405,-0.7300,0.5874,0.0012,0.0002,-0.0029,1.0000,0.2485,-0.0190,0.0146
1524,Left,2,0.5776,-0.0815,-0.8041,-0.1146,0.2018,-3.8437,-0.2838,-6.4933,5.3038,-3.5499,-3.9237,-3.3031,9.1263,0.0025,-0.0480,-0.0035,0.9988,-0.1092,-0.0828,0.2229
1524,Right,2,0.1669,-0.1338,-0.9547,-0.2070,0.0802,0.1254,0.0546,0.0187,-0.0096,-0.0876,-3.6438,1.8039,8.8344,0.0010,0.0016,0.0007,1.0000,-0.0908,0.0448,0.2210
1524,Pelvis,2,0.5573,-0.4228,0.6183,0.3581,0.1025,0.0702,-0.1503,-0.4594,-0.5866,-0.6619,9.1509,-0.5034,0.5489,0.0013,0.0009,-0.0019,1.0000,0.2288,-0.0130,0.0135
1525,Left,2,0.5302,-0.0731,-0.8355,-0.1243,0.1407,-4.6339,-0.4166,-6.0422,3.0256,-3.7430,-3.1380,-1.2346,8.4395,0.0018,-0.0579,-0.0052,0.9983,-0.0906,-0.0308,0.2059
1525,Right,2,0.1681,-0.1345,-0.9544,-0.2070,0.0468,0.1083,-0.0012,-0.0358,-0.1913,-0.1261,-3.6713,1.9937,8.7415,0.0006,0.0014,-0.0000,1.0000,-0.0915,0.0497,0.2187
1525,Pelvis,2,0.5578,-0.4214,0.6185,0.3588,0.0650,0.0470,-0.1120,-0.5404,-0.3803,-0.6842,9.1337,-0.4752,0.3412,0.0008,0.0006,-0.0014,1.0000,0.2283,-0.0122,0.0084
1526,Left,2,0.4801,-0.0579,-0.8656,-0.1298,-0.4567,-4.7982,-0.4149,-5.6482,2.0132,-2.2468,-3.7526,-0.4633,8.8890,-0.0057,-0.0599,-0.0052,0.9982,-0.1070,-0.0098,0.2161
1526,Right,2,0.1692,-0.1342,-0.9540,-0.2078,-0.0112,0.0790,-0.0719,-0.0524,-0.1274,-0.1230,-3.6585,1.9429,8.7607,-0.0001,0.0010,-0.0009,1.0000,-0.0912,0.0487,0.2191
1526,Pelvis,2,0.5578,-0.4201,0.6185,0.3604,-0.0038,0.0913,-0.1319,-0.5555,-0.0362,-1.0461,8.7686,-0.5235,0.0255,-0.0000,0.0011,-0.0016,1.0000,0.2192,-0.0134,0.0004
1527,Left,2,0.4277,-0.0379,-0.8935,-0.1315,-0.8986,-4.9061,-0.3520,-4.6167,1.9199,1.4198,-6.2083,-0.9684,10.5775,-0.0112,-0.0613,-0.0044,0.9980,-0.1711,-0.0206,0.2545
1527,Right,2,0.1702,-0.1336,-0.9537,-0.2089,-0.0379,0.0606,-0.0995,0.0451,-0.0336,-0.1155,-3.7316,1.8026,8.7672,-0.0005,0.0008,-0.0012,1.0000,-0.0931,0.0453,0.2192
1527,Pelvis,2,0.5577,-0.4191,0.6184,0.3619,-0.0209,0.0835,-0.1205,-0.7406,0.2655,-0.7266,9.1026,-0.4804,-0.2971,-0.0003,0.0010,-0.0015,1.0000,0.2275,-0.0124,-0.0077
1528,Left,2,0.3744,-0.0120,-0.9180,-0.1305,-1.3969,-4.9074,-0.3927,-2.5199,1.2556,5.3272,-9.2182,-1.4693,12.2604,-0.0174,-0.0613,-0.0049,0.9980,-0.2488,-0.0304,0.2922
1528,Right,2,0.1712,-0.1331,-0.9534,-0.2099,-0.0278,0.0566,-0.0906,0.0606,-0.0008,-0.1475,-3.7385,1.7420,8.7412,-0.0003,0.0007,-0.0011,1.0000,-0.0933,0.0437,0.2186
1528,Pelvis,2,0.5570,-0.4180,0.6188,0.3633,-0.0117,0.1308,-0.0832,-0.5191,0.5705,-0.3997,9.3981,-0.8148,-0.4594,-0.0001,0.0016,-0.0010,1.0000,0.2349,-0.0206,-0.0119
1529,Left,2,0.3205,0.0232,-0.9371,-0.1363,-1.8587,-4.8892,-1.2179,3.0797,1.5441,10.8495,-15.1472,-4.3722,13.8147,-0.0232,-0.0611,-0.0152,0.9977,-0.4004,-0.0956,0.3237
1529,Right,2,0.1721,-0.1325,-0.9530,-0.2110,-0.0261,0.0499,-0.1046,0.0367,-0.0559,-0.1459,-3.7546,1.7831,8.7278,-0.0003,0.0006,-0.0013,1.0000,-0.0937,0.0448,0.2182
1529,Pelvis,2,0.5557,-0.4169,0.6200,0.3647,-0.0033,0.1962,-0.0442,-0.4590,0.9086,-0.3411,9.4479,-0.9919,-0.7082,-0.0000,0.0025,-0.0006,1.0000,0.2361,-0.0249,-0.0183
1530,Left,2,0.2720,0.0572,-0.9469,-0.1613,-1.3548,-4.2039,-2.7329,8.8351,-1.9649,8.8402,-17.6995,-3.4601,10.2569,-0.0169,-0.0525,-0.0341,0.9979,-0.4577,-0.0669,0.2339
1530,Right,2,0.1730,-0.1318,-0.9526,-0.2125,-0.0348,0.0498,-0.1340,-0.0551,0.0171,-0.1190,-3.6773,1.7443,8.7981,-0.0004,0.0006,-0.0017,1.0000,-0.0917,0.0439,0.2200
1530,Pelvis,2,0.5538,-0.4163,0.6215,0.3657,-0.0167,0.2132,0.0381,-0.7584,0.7537,-0.6648,9.1666,-0.6207,-0.6447,-0.0002,0.0027,0.0005,1.0000,0.2291,-0.0154,-0.0167
1531,Left,2,0.2300,0.0769,-0.9500,-0.1969,-0.1551,-3.3293,-3.2719,18.6435,-9.0623,7.0661,-26.1341,-0.9846,5.6075,-0.0019,-0.0416,-0.0409,0.9983,-0.6587,0.0025,0.1129
1531,Right,2,0.1742,-0.1310,-0.9521,-0.2143,-0.0436,0.0637,-0.1638,-0.1088,-0.0177,-0.1109,-3.6667,1.7751,8.8057,-0.0005,0.0008,-0.0020,1.0000,-0.0914,0.0447,0.2202
1531,Pelvis,2,0.5516,-0.4178,0.6224,0.3659,-0.1151,0.1126,0.1544,-1.0572,0.7759,-1.4517,8.4227,-0.2865,-0.7758,-0.0014,0.0014,0.0019,1.0000,0.2106,-0.0068,-0.0197
1532,Left,2,0.1800,0.0707,-0.9537,-0.2301,1.9036,-3.5580,-2.6576,22.0438,-10.2452,-2.8690,-25.1627,-0.6933,-2.4833,0.0238,-0.0444,-0.0332,0.9982,-0.6255,0.0054,-0.0900
1532,Right,2,0.1759,-0.1300,-0.9515,-0.2163,-0.0581,0.0989,-0.1854,-0.3128,-0.0344,-0.0556,-3.5477,1.8619,8.9021,-0.0007,0.0012,-0.0023,1.0000,-0.0883,0.0469,0.2226
1532,Pelvis,2,0.5495,-0.4213,0.6221,0.3653,-0.2146,-0.0299,0.2485,-0.9834,1.0037,-1.3311,8.5307,-0.4944,-0.9462,-0.0027,-0.0004,0.0031,1.0000,0.2133,-0.0118,-0.0235
1533,Left,2,0.1419,0.0576,-0.9556,-0.2518,2.0300,-2.5635,-1.6487,15.4285,-13.1193,-12.6269,-18.3724,5.2634,-7.2826,0.0254,-0.0320,-0.0206,0.9990,-0.4503,0.1457,-0.1930
1533,Right,2,0.1790,-0.1293,-0.9506,-0.2184,-0.0592,0.2151,-0.2110,-0.3013,0.1477,-0.0850,-3.5234,1.6590,8.9204,-0.0007,0.0027,-0.0026,1.0000,-0.0874,0.0419,0.2232
1533,Pelvis,2,0.5478,-0.4252,0.6212,0.3649,-0.2513,-0.0812,0.2228,-0.5976,0.9615,0.1975,9.9914,-1.0696,-0.7177,-0.0031,-0.0010,0.0028,1.0000,0.2499,-0.0261,-0.0176
1534,Left,2,0.1350,0.0708,-0.9548,-0.2551,-0.8318,-0.7675,-0.4496,13.2581,-13.5613,-14.6429,-16.7344,6.4522,-7.8339,-0.0104,-0.0096,-0.0056,0.9999,-0.4155,0.1616,-0.2015
1534,Right,2,0.1843,-0.1295,-0.9491,-0.2204,-0.0212,0.4091,-0.2183,-0.3272,0.2605,-0.0413,-3.5562,1.5491,8.9783,-0.0003,0.0051,-0.0027,1.0000,-0.0876,0.0390,0.2249
1534,Pelvis,2,0.5463,-0.4283,0.6204,0.3650,-0.2257,-0.0460,0.1582,-1.3807,1.0677,0.0980,9.9908,-0.4184,-1.1308,-0.0028,-0.0006,0.0020,1.0000,0.2498,-0.0100,-0.0281
1535,Left,2,0.1450,0.0612,-0.9545,-0.2534,0.5154,0.9562,0.2875,15.0183,-3.7695,-11.9106,-13.8968,-3.3509,-6.3102,0.0064,0.0120,0.0036,0.9999,-0.3490,-0.0840,-0.1541
1535,Right,2,0.1927,-0.1310,-0.9467,-0.2224,0.0325,0.6822,-0.2495,-0.3106,0.2625,0.1438,-3.7775,1.5468,9.0905,0.0004,0.0085,-0.0031,1.0000,-0.0924,0.0389,0.2281
1535,Pelvis,2,0.5441,-0.4317,0.6194,0.3660,-0.3059,0.0012,0.1429,-2.0687,1.5516,-0.0698,9.9099,0.0331,-1.8451,-0.0038,0.0000,0.0018,1.0000,0.2477,0.0011,-0.0461
1536,Left,2,0.1677,0.0498,-0.9497,-0.2596,0.4622,2.0488,-0.3299,-9.7859,-0.4953,7.9621,2.9810,1.7341,20.0039,0.0058,0.0256,-0.0041,0.9996,0.0875,0.0401,0.4982
1536,Right,2,0.2051,-0.1343,-0.9432,-0.2242,0.1017,1.0280,-0.2753,-0.4368,0.6230,0.2215,-3.7785,1.2942,9.2367,0.0013,0.0128,-0.0034,0.9999,-0.0914,0.0324,0.2321
1536,Pelvis,2,0.5417,-0.4365,0.6176,0.3668,-0.3938,-0.0712,0.1987,-2.3026,0.9877,0.1417,10.1610,0.3941,-1.4021,-0.0049,-0.0009,0.0025,1.0000,0.2540,0.0103,-0.0349
1537,Left,2,0.1927,0.0423,-0.9461,-0.2568,0.0067,2.0977,0.3338,-7.0165,-3.3333,-4.7739,2.3355,5.2847,7.2360,0.0001,0.0262,0.0042,0.9996,0.0626,0.1324,0.1793
1537,Right,2,0.2242,-0.1402,-0.9376,-0.2259,0.1999,1.6257,-0.3277,-1.3267,0.7421,0.3387,-3.3863,1.6415,9.5507,0.0025,0.0203,-0.0041,0.9998,-0.0796,0.0408,0.2405
1537,Pelvis,2,0.5400,-0.4419,0.6139,0.3692,-0.5438,-0.1481,0.0693,-0.9377,0.6297,1.1155,10.9329,-0.9061,-0.5932,-0.0068,-0.0019,0.0009,1.0000,0.2734,-0.0225,-0.0142
1538,Left,2,0.2183,0.0344,-0.9427,-0.2498,-0.0415,2.1307,0.6648,7.2597,-4.3803,7.9103,-14.4198,-2.6832,13.0754,-0.0005,0.0266,0.0083,0.9996,-0.3510,-0.0698,0.3364
1538,Right,2,0.2529,-0.1489,-0.9285,-0.2276,0.2779,2.4531,-0.4517,-1.3386,1.1914,0.3259,-3.7100,1.2790,9.5204,0.0035,0.0307,-0.0056,0.9995,-0.0852,0.0316,0.2408
1538,Pelvis,2,0.5406,-0.4458,0.6088,0.3719,-0.4658,-0.2740,-0.1344,-0.1485,0.0270,1.5592,11.2737,-1.4886,0.1773,-0.0058,-0.0034,-0.0017,1.0000,0.2818,-0.0377,0.0056
1539,Left,2,0.2274,0.0248,-0.9421,-0.2451,0.4629,0.8722,0.5335,4.5440,-1.9981,5.8589,-10.8495,-2.9110,12.0029,0.0058,0.0109,0.0067,0.9999,-0.2674,-0.0763,0.3026
1539,Right,2,0.2946,-0.1628,-0.9137,-0.2279,0.4687,3.6490,-0.5009,-2.2925,1.2297,0.5610,-3.8510,1.8027,9.8174,0.0059,0.0456,-0.0063,0.9989,-0.0847,0.0442,0.2497
1540,Left,2,0.2264,0.0171,-0.9424,-0.2455,0.6110,0.0707,0.1089,1.2912,-0.4007,1.7987,-6.0383,-1.9824,9.8114,0.0076,0.0009,0.0014,1.0000,-0.1507,-0.0516,0.2450
1540,Right,2,0.3540,-0.1820,-0.8886,-0.2278,0.6564,5.2852,-0.7629,-3.8762,0.7797,1.0976,-4.3557,3.1576,10.2921,0.0082,0.0660,-0.0095,0.9977,-0.0908,0.0777,0.2643
1540,Pelvis,2,0.5433,-0.4509,0.6002,0.3759,-0.3182,-0.2558,-0.1635,0.9741,-1.0541,1.4654,11.0779,-2.1212,1.4283,-0.0080,-0.0064,-0.0041,0.9999,0.5530,-0.1077,0.0758
1541,Left,2,0.2210,0.0145,-0.9432,-0.2476,0.3487,-0.3646,-0.1053,1.3537,-0.6860,1.1796,-5.9294,-1.5564,9.2496,0.0044,-0.0046,-0.0013,1.0000,-0.1493,-0.0397,0.2304
1541,Right,2,0.4311,-0.2018,-0.8492,-0.2286,0.6116,6.9612,-1.3332,-4.9493,0.3795,1.0306,-5.3732,4.0832,9.8509,0.0076,0.0869,-0.0166,0.9960,-0.1105,0.1021,0.2574
1541,Pelvis,2,0.5428,-0.4544,0.5965,0.3782,-0.4102,-0.1512,-0.0495,-0.6542,-1.3583,1.1940,11.0473,-0.4227,1.0947,-0.0051,-0.0019,-0.0006,1.0000,0.2761,-0.0106,0.0279
1542,Left,2,0.2154,0.0135,-0.9441,-0.2491,0.2194,-0.4201,-0.0873,0.3344,-0.4784,0.5036,-4.6661,-1.1245,9.1505,0.0027,-0.0053,-0.0011,1.0000,-0.1179,-0.0286,0.2281
1542,Right,2,0.5145,-0.2166,-0.7967,-0.2315,0.4375,7.7116,-1.9841,-5.9918,1.1905,4.2988,-9.5004,4.3047,11.3335,0.0055,0.0962,-0.0248,0.9950,-0.2061,0.1114,0.3048
1542,Pelvis,2,0.5400,-0.4578,0.5935,0.3829,-0.5529,0.0731,-0.0655,-0.3836,-2.3060,1.5832,11.4401,-0.4479,2.0631,-0.0069,0.0009,-0.0008,1.0000,0.2860,-0.0111,0.0514
1543,Left,2,0.2123,0.0138,-0.9445,-0.2502,0.0585,-0.2478,-0.0922,-0.1820,-0.4733,0.2542,-4.0810,-0.8345,9.1787,0.0007,-0.0031,-0.0012,1.0000,-0.1028,-0.0209,0.2291
1543,Right,2,0.5812,-0.2246,-0.7447,-0.2392,0.5100,6.4197,-2.2780,-6.8205,2.3718,9.6883,-16.2963,3.8692,12.3669,0.0064,0.0801,-0.0284,0.9964,-0.3779,0.1057,0.3410
1544,Left,2,0.2106,0.0146,-0.9447,-0.2510,-0.0049,-0.1423,-0.0765,-0.0050,-0.0189,0.1145,-3.9008,-1.2990,9.0359,-0.0001,-0.0018,-0.0010,1.0000,-0.0980,-0.0324,0.2257
1544,Right,2,0.6234,-0.2204,-0.7066,-0.2519,0.2239,3.9821,-2.4365,-11.1193,1.5198,3.3086,-11.0831,6.1265,11.7510,0.0028,0.0497,-0.0304,0.9983,-0.2572,0.1604,0.3074
1544,Pelvis,2,0.5354,-0.4564,0.5883,0.3987,-0.4725,0.3063,-0.4002,1.9237,-1.5281,-0.0047,9.5588,-2.5880,2.0413,-0.0118,0.0077,-0.0100,0.9999,0.4774,-0.1330,0.1000
1545,Left,2,0.2098,0.0150,-0.9447,-0.2515,-0.0060,-0.0690,-0.0461,0.0282,-0.0264,0.0736,-3.8889,-1.3103,8.9945,-0.0001,-0.0009,-0.0006,1.0000,-0.0974,-0.0327,0.2248
1545,Right,2,0.6469,-0.2129,-0.6795,-0.2729,0.6445,2.1638,-2.5172,-11.4474,10.6133,2.7647,-10.9420,-1.2465,16.7539,0.0081,0.0270,-0.0315,0.9991,-0.2630,-0.0262,0.4258
1545,Pelvis,2,0.5348,-0.4544,0.5869,0.4037,-0.1777,0.2145,-0.3447,2.1249,-0.5310,-0.2314,9.3113,-2.9117,1.1922,-0.0022,0.0027,-0.0043,1.0000,0.2325,-0.0737,0.0293
1546,Left,2,0.2098,0.0154,-0.9446,-0.2519,-0.0193,-0.0082,-0.0395,0.0188,-0.1532,0.1045,-3.9447,-1.2071,9.0197,-0.0002,-0.0001,-0.0005,1.0000,-0.0987,-0.0301,0.2255
1546,Right,2,0.6248,-0.2105,-0.6834,-0.3136,2.4051,-2.1422,-1.8739,-12.1142,3.2991,-6.6516,-2.4715,5.4069,11.5034,0.0301,-0.0268,-0.0234,0.9989,-0.0665,0.1280,0.2898
1546,Pelvis,2,0.5340,-0.4542,0.5876,0.4040,-0.0043,0.0863,0.0311,1.6754,-0.1019,0.4205,10.0078,-2.6251,0.6993,-0.0001,0.0011,0.0004,1.0000,0.2502,-0.0655,0.0172
1547,Left,2,0.2104,0.0158,-0.9444,-0.2521,-0.0343,0.0418,-0.0320,-0.0047,-0.0526,0.0261,-3.8501,-1.2834,8.9629,-0.0004,0.0005,-0.0004,1.0000,-0.0961,-0.0320,0.2241
1547,Pelvis,2,0.5324,-0.4552,0.5898,0.4019,0.0792,0.0618,0.2706,1.1258,-0.1547,-0.1027,9.5356,-2.0657,0.6178,0.0010,0.0008,0.0034,1.0000,0.2386,-0.0509,0.0152
1548,Left,2,0.2112,0.0161,-0.9442,-0.2521,-0.0299,0.0580,-0.0109,0.0101,-0.0383,-0.0081,-3.8522,-1.3081,8.9208,-0.0004,0.0007,-0.0001,1.0000,-0.0961,-0.0326,0.2231
1548,Right,2,0.5705,-0.1953,-0.7125,-0.3589,1.1619,-2.7811,-0.7914,-8.6929,-0.4483,-9.1830,-0.2049,6.4339,5.8969,0.0290,-0.0695,-0.0198,0.9970,-0.0249,0.3134,0.3026
1548,Pelvis,2,0.5306,-0.4567,0.5921,0.3991,0.0706,0.0337,0.3388,0.5639,-0.3475,0.0109,9.6981,-1.5609,0.6732,0.0009,0.0004,0.0042,1.0000,0.2426,-0.0380,0.0167
1549,Left,2,0.2121,0.0162,-0.9441,-0.2519,-0.0299,0.0644,0.0046,0.0213,-0.0287,-0.0654,-3.8476,-1.3216,8.8577,-0.0004,0.0008,0.0001,1.0000,-0.0960,-0.0330,0.2215
1549,Right,2,0.5332,-0.1958,-0.7387,-0.3629,0.8883,-3.3481,1.1268,-7.7369,1.0623,-6.7310,-1.5698,4.6691,6.8018,0.0111,-0.0418,0.0141,0.9990,-0.0480,0.1142,0.1694
1549,Pelvis,2,0.5284,-0.4577,0.5943,0.3976,0.0306,0.1092,0.2597,0.4676,-0.3745,-0.6982,8.9932,-1.4478,0.6778,0.0004,0.0014,0.0032,1.0000,0.2250,-0.0355,0.0166
1550,Left,2,0.2129,0.0165,-0.9440,-0.2517,-0.0316,0.0532,0.0074,0.0215,-0.0642,-0.0914,-3.8682,-1.2940,8.8244,-0.0004,0.0007,0.0001,1.0000,-0.0966,-0.0323,0.2207
1550,Right,2,0.4883,-0.1975,-0.7707,-0.3585,0.7255,-3.8970,1.9685,-6.7117,2.0102,-4.6373,-2.5776,3.3074,7.6399,0.0091,-0.0487,0.0246,0.9985,-0.0756,0.0792,0.1882
1550,Pelvis,2,0.5266,-0.4581,0.5958,0.3973,-0.0075,0.1244,0.1441,0.4804,-0.1005,-0.7310,8.9469,-1.5736,0.4427,-0.0001,0.0016,0.0018,1.0000,0.2238,-0.0389,0.0107
1551,Left,2,0.2135,0.0167,-0.9439,-0.2515,-0.0315,0.0468,0.0110,-0.0041,-0.0664,-0.1118,-3.8527,-1.2840,8.8102,-0.0004,0.0006,0.0001,1.0000,-0.0962,-0.0320,0.2203
1551,Right,2,0.4364,-0.1982,-0.8039,-0.3521,0.7665,-4.3629,2.1966,-4.6458,3.2366,-2.7075,-3.4761,1.1702,8.3180,0.0096,-0.0545,0.0274,0.9981,-0.0988,0.0247,0.2030
1551,Pelvis,2,0.5252,-0.4579,0.5970,0.3976,0.0025,0.1326,0.0663,0.5320,0.1382,-1.3106,8.3580,-1.6352,0.2386,0.0000,0.0017,0.0008,1.0000,0.2090,-0.0407,0.0056
1552,Left,2,0.2139,0.0169,-0.9439,-0.2510,-0.0235,0.0269,0.0252,-0.0221,0.0307,-0.1780,-3.7745,-1.3561,8.7603,-0.0003,0.0003,0.0003,1.0000,-0.0943,-0.0339,0.2190
1552,Right,2,0.3786,-0.1988,-0.8344,-0.3478,1.0460,-4.6929,2.0732,-3.2792,3.3679,-0.1314,-5.0471,0.5284,9.4989,0.0131,-0.0586,0.0259,0.9979,-0.1400,0.0067,0.2296
1552,Pelvis,2,0.5247,-0.4578,0.5974,0.3977,-0.0023,0.0487,0.0203,0.5142,0.3304,-1.3410,8.3268,-1.6742,0.0665,-0.0000,0.0006,0.0003,1.0000,0.2082,-0.0418,0.0015
1553,Left,2,0.2140,0.0167,-0.9441,-0.2504,0.0044,0.0005,0.0542,0.0054,-0.0046,-0.1302,-3.8365,-1.3438,8.7879,0.0001,0.0000,0.0007,1.0000,-0.0959,-0.0337,0.2197
1553,Right,2,0.3174,-0.2006,-0.8598,-0.3461,1.3770,-4.7673,1.8425,-0.7240,2.7694,1.8915,-6.9172,-0.2160,9.8740,0.0172,-0.0595,0.0230,0.9978,-0.1870,-0.0137,0.2358
1553,Pelvis,2,0.5244,-0.4578,0.5975,0.3980,-0.0116,0.0321,0.0042,0.3804,0.3837,-0.9009,8.7800,-1.6200,0.0012,-0.0001,0.0004,0.0001,1.0000,0.2195,-0.0405,-0.0001
1554,Right,2,0.2578,-0.2076,-0.8789,-0.3435,1.7745,-4.3389,1.8481,1.3749,1.1414,8.5464,-12.0507,1.1200,13.9366,0.0222,-0.0542,0.0231,0.9980,-0.3200,0.0133,0.3318
1554,Pelvis,2,0.5239,-0.4576,0.5975,0.3988,-0.0379,0.0570,-0.0295,0.2966,0.8249,-0.7561,8.9335,-1.6721,-0.4333,-0.0005,0.0007,-0.0004,1.0000,0.2233,-0.0419,-0.0110
1555,Left,2,0.2143,0.0164,-0.9445,-0.2486,-0.0004,0.0108,0.0719,-0.0545,-0.0655,-0.0615,-3.8518,-1.2630,8.8691,-0.0000,0.0003,0.0018,1.0000,-0.1924,-0.0635,0.4435
1555,Right,2,0.1939,-0.2098,-0.8987,-0.3328,1.3690,-4.6533,2.4000,4.8496,-0.9886,11.8058,-15.4986,2.0308,15.7566,0.0171,-0.0581,0.0300,0.9977,-0.4107,0.0322,0.3711
1555,Pelvis,2,0.5243,-0.4573,0.5969,0.3997,-0.0257,0.0073,-0.0870,0.5460,1.1368,-0.9321,8.7280,-1.9567,-0.6692,-0.0003,0.0001,-0.0011,1.0000,0.2181,-0.0492,-0.0167
1556,Left,2,0.2149,0.0162,-0.9446,-0.2475,-0.0134,0.0493,0.0796,-0.0048,0.0059,-0.0367,-3.8785,-1.3441,8.8725,-0.0002,0.0006,0.0010,1.0000,-0.0968,-0.0337,0.2219
1556,Right,2,0.1397,-0.2060,-0.9152,-0.3170,0.6563,-3.9806,2.4321,12.2576,-5.9314,10.2834,-20.8842,1.4959,12.3115,0.0082,-0.0497,0.0304,0.9983,-0.5373,0.0188,0.2815
1556,Pelvis,2,0.5257,-0.4564,0.5958,0.4006,0.0106,-0.0527,-0.1699,0.4682,1.1181,-1.1221,8.5555,-1.8254,-0.6831,0.0001,-0.0007,-0.0021,1.0000,0.2138,-0.0461,-0.0169
1557,Left,2,0.2161,0.0159,-0.9447,-0.2463,-0.0146,0.0909,0.0950,-0.1105,0.1260,-0.0486,-3.7525,-1.3946,8.9073,-0.0002,0.0011,0.0012,1.0000,-0.0935,-0.0349,0.2228
1557,Right,2,0.0941,-0.1897,-0.9302,-0.2997,-0.4615,-3.6242,2.2175,16.0745,-12.6261,4.2550,-23.9457,3.4709,5.5538,-0.0058,-0.0453,0.0277,0.9986,-0.6062,0.0707,0.1110
1557,Pelvis,2,0.5278,-0.4551,0.5943,0.4014,0.0478,-0.0936,-0.2201,0.0634,1.0629,-1.1640,8.5716,-1.3772,-0.7516,0.0006,-0.0012,-0.0028,1.0000,0.2142,-0.0350,-0.0186
1558,Left,2,0.2184,0.0151,-0.9445,-0.2449,-0.0070,0.1921,0.1191,-0.2193,0.1718,-0.0410,-3.6840,-1.3791,8.9493,-0.0001,0.0024,0.0015,1.0000,-0.0915,-0.0346,0.2240
1558,Right,2,0.0587,-0.1726,-0.9418,-0.2824,-0.7206,-2.8633,1.9758,17.1416,-10.6199,-9.8133,-19.5377,-1.6944,-4.7207,-0.0090,-0.0358,0.0247,0.9990,-0.4826,-0.0555,-0.1349
1558,Pelvis,2,0.5304,-0.4533,0.5931,0.4016,0.1194,-0.1095,-0.2151,-0.2470,0.9643,-0.0436,9.7265,-1.1368,-0.7268,0.0015,-0.0014,-0.0027,1.0000,0.2431,-0.0290,-0.0179
1559,Left,2,0.2218,0.0147,-0.9439,-0.2442,-0.0442,0.2740,0.0519,-0.2568,-0.1454,0.0034,-3.8764,-1.0875,8.9574,-0.0006,0.0034,0.0006,1.0000,-0.0961,-0.0271,0.2243
1559,Right,2,0.0351,-0.1803,-0.9465,-0.2651,0.9728,-1.3806,1.7714,16.9497,-8.3977,-12.4783,-18.0463,-3.2499,-5.3645,0.0122,-0.0173,0.0221,0.9995,-0.4468,-0.0895,-0.1429
1559,Pelvis,2,0.5324,-0.4524,0.5920,0.4017,0.0694,-0.1069,-0.1490,0.6652,0.7050,0.5576,10.2257,-1.9644,-0.2432,0.0009,-0.0013,-0.0019,1.0000,0.2556,-0.0496,-0.0058
1560,Left,2,0.2280,0.0143,-0.9427,-0.2431,-0.1090,0.4914,0.0687,-0.1967,0.0554,0.0565,-3.9392,-1.3107,8.9560,-0.0014,0.0061,0.0009,1.0000,-0.0971,-0.0325,0.2245
1560,Right,2,0.0353,-0.1759,-0.9513,-0.2507,-0.4409,0.1157,1.1821,13.8023,-8.2924,-12.2565,-15.4999,-1.0482,-4.8904,-0.0055,0.0014,0.0148,0.9999,-0.3872,-0.0326,-0.1215
1560,Pelvis,2,0.5342,-0.4512,0.5914,0.4016,0.1004,-0.0715,-0.1332,1.0859,1.3743,-0.0301,9.5977,-2.4492,-0.8076,0.0013,-0.0009,-0.0017,1.0000,0.2399,-0.0616,-0.0201
1561,Left,2,0.2362,0.0133,-0.9411,-0.2416,-0.1068,0.6721,0.1053,-0.1877,0.2290,0.0860,-4.0113,-1.4881,8.9314,-0.0013,0.0084,0.0013,1.0000,-0.0984,-0.0370,0.2242
1561,Right,2,0.0559,-0.1686,-0.9557,-0.2346,-1.0629,1.6378,1.0150,13.2030,-5.0959,-8.2410,-14.1412,-1.6429,-0.3597,-0.0133,0.0205,0.0127,0.9996,-0.3530,-0.0456,-0.0012
1561,Pelvis,2,0.5370,-0.4484,0.5918,0.4005,0.2889,-0.0702,-0.1525,1.6902,2.0056,-0.0375,9.5298,-3.1688,-1.2557,0.0036,-0.0009,-0.0019,1.0000,0.2381,-0.0796,-0.0315
1562,Left,2,0.2477,0.0109,-0.9387,-0.2395,-0.0780,0.9511,0.1641,-0.4480,0.2398,0.2310,-4.0574,-1.4091,9.0934,-0.0010,0.0119,0.0021,0.9999,-0.0986,-0.0352,0.2286
1562,Right,2,0.0851,-0.1572,-0.9593,-0.2186,-1.5304,2.2158,0.8475,-3.2256,3.7349,7.0483,0.8760,3.0477,17.2829,-0.0191,0.0277,0.0106,0.9994,0.0330,0.0847,0.4297
1562,Pelvis,2,0.5412,-0.4449,0.5928,0.3973,0.4834,-0.1525,-0.1192,1.8955,2.3140,0.0777,9.6280,-3.4429,-1.4881,0.0060,-0.0019,-0.0015,1.0000,0.2406,-0.0862,-0.0373
1563,Left,2,0.2663,0.0072,-0.9343,-0.2368,-0.1297,1.5559,0.2062,-1.5233,0.3498,0.2891,-3.5140,-1.0447,9.5427,-0.0016,0.0194,0.0026,0.9998,-0.0831,-0.0259,0.2403
1563,Right,2,0.1002,-0.1517,-0.9598,-0.2139,-0.7207,1.1182,0.1493,-4.5891,15.4215,-4.2670,8.6834,-9.7838,10.8871,-0.0090,0.0140,0.0019,0.9999,0.2213,-0.2417,0.2713
1563,Pelvis,2,0.5471,-0.4413,0.5944,0.3906,0.7070,-0.3353,0.0020,0.6130,1.1493,0.6278,10.3133,-1.9403,-0.7569,0.0088,-0.0042,0.0000,1.0000,0.2579,-0.0483,-0.0183
1564,Left,2,0.2985,0.0002,-0.9257,-0.2323,-0.1838,2.7180,0.3389,-2.1925,1.3896,0.0819,-2.9727,-1.6629,9.6478,-0.0023,0.0340,0.0042,0.9994,-0.0659,-0.0413,0.2436
1564,Right,2,0.1338,-0.1594,-0.9529,-0.2208,0.1699,2.6866,-0.9858,9.7037,-1.2252,6.7510,-13.8170,0.7519,13.3676,0.0021,0.0336,-0.0123,0.9994,-0.3337,0.0222,0.3456
1564,Pelvis,2,0.5513,-0.4398,0.5967,0.3828,0.6344,-0.3297,0.2263,-0.9891,-0.0600,0.9604,10.8166,-0.1246,-0.1615,0.0079,-0.0041,0.0028,1.0000,0.2704,-0.0023,-0.0029
1565,Left,2,0.3485,-0.0118,-0.9098,-0.2250,-0.2115,4.3112,0.5271,-3.0375,1.7435,0.4338,-3.3096,-1.6815,10.1780,-0.0026,0.0539,0.0066,0.9985,-0.0686,-0.0418,0.2585
1565,Right,2,0.1503,-0.1516,-0.9510,-0.2238,-0.8230,1.1041,-0.5530,1.2575,-5.1903,4.0553,-7.7607,7.0700,10.5191,-0.0103,0.0138,-0.0069,0.9998,-0.1891,0.1808,0.2638
1565,Pelvis,2,0.5547,-0.4417,0.5965,0.3760,0.3084,-0.4654,0.2834,-1.0627,-2.0501,1.8938,11.8184,0.4177,1.5902,0.0039,-0.0058,0.0035,1.0000,0.2952,0.0113,0.0415
1566,Left,2,0.4228,-0.0314,-0.8802,-0.2134,-0.2019,6.6055,0.7832,-4.1042,2.8207,0.2066,-3.4809,-2.1749,10.4225,-0.0025,0.0825,0.0098,0.9965,-0.0646,-0.0544,0.2667
1566,Right,2,0.1598,-0.1413,-0.9510,-0.2238,-0.9400,0.5392,-0.2246,3.7995,0.7775,3.4075,-7.7078,0.3105,11.4157,-0.0117,0.0067,-0.0028,0.9999,-0.1907,0.0117,0.2866
1566,Pelvis,2,0.5547,-0.4460,0.5956,0.3723,-0.0604,-0.2990,0.3391,-0.9130,-1.9771,2.3490,12.2691,0.1139,1.4517,-0.0008,-0.0037,0.0042,1.0000,0.3066,0.0042,0.0374
1567,Left,2,0.5148,-0.0600,-0.8328,-0.1947,-0.0645,8.6308,1.2416,-4.2062,3.2834,0.3849,-5.4042,-2.4990,9.8760,-0.0008,0.1077,0.0155,0.9941,-0.1065,-0.0641,0.2595
1567,Right,2,0.1623,-0.1337,-0.9517,-0.2237,-0.6226,0.0413,-0.0969,1.6758,-0.1938,1.1864,-5.5435,1.4665,9.5366,-0.0078,0.0005,-0.0012,1.0000,-0.1384,0.0387,0.2382
1568,Left,2,0.6048,-0.0909,-0.7726,-0.1703,-0.0508,9.1011,1.5305,-5.9951,3.4343,6.4383,-12.5873,-2.2560,12.2346,-0.0006,0.1135,0.0191,0.9934,-0.2762,-0.0617,0.3388
1568,Right,2,0.1607,-0.1285,-0.9528,-0.2233,-0.3745,-0.2288,0.0056,1.0519,0.2224,0.5482,-4.6010,1.1558,9.2736,-0.0047,-0.0029,0.0001,1.0000,-0.1157,0.0300,0.2314
1568,Pelvis,2,0.5558,-0.4466,0.5989,0.3647,0.2323,-0.0974,0.2220,1.2088,-1.4531,1.0959,10.7688,-2.0029,1.6101,0.0058,-0.0024,0.0055,1.0000,0.5388,-0.0976,0.0812
1569,Left,2,0.6642,-0.1111,-0.7248,-0.1453,-0.4208,6.4503,1.4447,-7.8186,3.8188,10.9293,-18.8903,-1.7166,12.1367,-0.0053,0.0805,0.0180,0.9966,-0.4449,-0.0494,0.3403
1569,Right,2,0.1593,-0.1262,-0.9535,-0.2226,-0.1549,-0.1522,0.0597,0.4883,0.3375,0.3429,-3.9593,1.2219,9.2908,-0.0019,-0.0019,0.0007,1.0000,-0.0994,0.0309,0.2320
1569,Pelvis,2,0.5555,-0.4448,0.6037,0.3593,0.4984,0.0866,0.3312,-0.1284,-2.0635,-0.0977,9.7660,-0.4764,1.7476,0.0062,0.0011,0.0041,1.0000,0.2442,-0.0112,0.0434
1570,Left,2,0.6967,-0.1306,-0.6945,-0.1230,-0.1599,3.9257,1.6813,-6.4336,8.3693,-1.3545,-7.9965,-5.6334,9.3526,-0.0020,0.0490,0.0210,0.9986,-0.1851,-0.1443,0.2434
1570,Right,2,0.1589,-0.1250,-0.9538,-0.2223,-0.0822,-0.0536,0.0233,0.1099,-0.1723,0.1980,-3.7568,1.7895,9.1071,-0.0010,-0.0007,0.0003,1.0000,-0.0941,0.0449,0.2276
1570,Pelvis,2,0.5538,-0.4444,0.6086,0.3541,0.3771,0.1289,0.4298,-1.2437,-1.8547,0.2064,10.1899,0.3654,1.1846,0.0047,0.0016,0.0054,1.0000,0.2547,0.0104,0.0293
1571,Left,2,0.7172,-0.1461,-0.6725,-0.1094,0.1370,2.6712,1.1907,-16.0649,8.9605,2.1940,-12.7602,-2.3816,17.7270,0.0017,0.0334,0.0149,0.9993,-0.3030,-0.0649,0.4534
1571,Right,2,0.1593,-0.1241,-0.9538,-0.2223,-0.0626,0.0121,-0.0064,0.2163,0.0600,0.1338,-3.7306,1.5085,9.0990,-0.0008,0.0002,-0.0001,1.0000,-0.0932,0.0379,0.2275
1572,Left,2,0.6941,-0.1390,-0.6978,-0.1094,-0.4706,-2.7472,0.0798,-9.0470,8.3135,-8.1147,-2.3047,-4.5288,11.3170,-0.0059,-0.0343,0.0010,0.9994,-0.0672,-0.1116,0.2814
1572,Right,2,0.1599,-0.1241,-0.9538,-0.2220,-0.0048,0.0501,0.0221,0.2277,0.2138,0.0380,-3.6542,1.3432,9.0540,-0.0001,0.0006,0.0003,1.0000,-0.0912,0.0336,0.2264
1573,Left,2,0.6693,-0.1323,-0.7222,-0.1134,-0.2022,-2.8360,-0.1080,-4.7563,4.6527,-9.0559,-0.6640,-2.7022,6.0924,-0.0025,-0.0354,-0.0014,0.9994,-0.0221,-0.0671,0.1518
1573,Right,2,0.1608,-0.1249,-0.9537,-0.2213,0.0496,0.0907,0.0630,0.1524,0.0872,0.0114,-3.6443,1.4896,9.0025,0.0006,0.0011,0.0008,1.0000,-0.0909,0.0370,0.2252
1573,Pelvis,2,0.5549,-0.4403,0.6101,0.3550,0.0856,0.0546,-0.0725,-1.0992,-1.2268,0.3489,10.2713,-0.0308,0.6853,0.0032,0.0020,-0.0027,1.0000,0.7704,-0.0046,0.0498
1574,Left,2,0.6381,-0.1215,-0.7506,-0.1215,-0.2054,-3.4944,-0.4531,-5.3704,4.5736,-6.3023,-2.8238,-2.3624,6.9689,-0.0026,-0.0437,-0.0057,0.9990,-0.0784,-0.0582,0.1711
1574,Right,2,0.1618,-0.1260,-0.9536,-0.2205,0.0661,0.1057,0.0734,0.1212,-0.0025,-0.0580,-3.6468,1.5864,8.9080,0.0008,0.0013,0.0009,1.0000,-0.0909,0.0394,0.2229
1574,Pelvis,2,0.5560,-0.4376,0.6095,0.3577,0.0242,0.0896,-0.3090,-0.0084,-0.7964,-0.5307,9.2345,-0.9994,0.7167,0.0003,0.0011,-0.0039,1.0000,0.2308,-0.0259,0.0177
1575,Left,2,0.5964,-0.1081,-0.7840,-0.1340,-0.0762,-4.4571,-0.7032,-5.6812,3.9217,-4.1310,-4.1772,-1.6652,7.7330,-0.0010,-0.0557,-0.0088,0.9984,-0.1153,-0.0405,0.1871
1575,Right,2,0.1628,-0.1270,-0.9535,-0.2197,0.0615,0.0974,0.0665,0.0923,-0.0544,-0.1016,-3.6465,1.6550,8.8477,0.0008,0.0012,0.0008,1.0000,-0.0909,0.0411,0.2213
1575,Pelvis,2,0.5560,-0.4354,0.6100,0.3595,0.0423,0.1512,-0.1714,0.0002,-0.6466,-0.8907,8.8732,-0.9574,0.6086,0.0005,0.0019,-0.0021,1.0000,0.2218,-0.0244,0.0148
1576,Left,2,0.5452,-0.0916,-0.8202,-0.1474,-0.1579,-5.2161,-0.7913,-5.3387,2.1305,-3.2331,-4.3352,-0.1911,7.5901,-0.0020,-0.0652,-0.0099,0.9978,-0.1205,-0.0033,0.1822
1576,Right,2,0.1635,-0.1279,-0.9534,-0.2191,0.0567,0.0764,0.0588,0.0445,-0.0578,-0.1183,-3.6183,1.6927,8.8334,0.0007,0.0010,0.0007,1.0000,-0.0903,0.0421,0.2210
1576,Pelvis,2,0.5548,-0.4336,0.6113,0.3612,0.0249,0.2229,-0.0845,-0.4564,-0.5158,-1.1864,8.6308,-0.5161,0.3606,0.0003,0.0028,-0.0011,1.0000,0.2158,-0.0131,0.0084
1577,Left,2,0.4893,-0.0724,-0.8547,-0.1574,-0.4154,-5.4603,-0.6737,-4.9772,0.9380,-1.6479,-5.0501,0.6469,8.1571,-0.0052,-0.0682,-0.0084,0.9976,-0.1396,0.0183,0.1946
1577,Right,2,0.1641,-0.1288,-0.9533,-0.2186,0.0669,0.0612,0.0471,0.0000,-0.0085,-0.1640,-3.5589,1.6775,8.8101,0.0008,0.0008,0.0006,1.0000,-0.0888,0.0417,0.2204
1577,Pelvis,2,0.5536,-0.4323,0.6121,0.3634,-0.0406,0.2113,-0.0958,-0.5392,-0.1034,-1.4063,8.4068,-0.5417,-0.0094,-0.0005,0.0026,-0.0012,1.0000,0.2102,-0.0138,-0.0008
1578,Left,2,0.4309,-0.0485,-0.8864,-0.1619,-0.9041,-5.5523,-0.5045,-4.3103,0.1838,2.2610,-7.6194,0.7634,10.2966,-0.0113,-0.0693,-0.0063,0.9975,-0.2076,0.0232,0.2432
1578,Right,2,0.1644,-0.1297,-0.9532,-0.2182,0.0733,0.0472,0.0447,0.0653,0.0331,-0.1679,-3.6081,1.6270,8.7956,0.0009,0.0006,0.0006,1.0000,-0.0901,0.0404,0.2200
1579,Left,2,0.3709,-0.0186,-0.9143,-0.1617,-1.4490,-5.5895,-0.4237,-1.1970,-0.4851,5.6769,-10.7527,-0.2335,11.2398,-0.0181,-0.0698,-0.0053,0.9974,-0.2876,0.0005,0.2614
1579,Right,2,0.1646,-0.1305,-0.9530,-0.2181,0.0693,0.0306,0.0246,0.0109,0.0088,-0.1940,-3.5690,1.6842,8.7718,0.0009,0.0004,0.0003,1.0000,-0.0892,0.0419,0.2194
1580,Left,2,0.3146,0.0166,-0.9342,-0.1675,-1.7037,-5.1657,-1.1207,5.0880,-0.8875,11.6756,-17.5336,-3.1003,13.1194,-0.0213,-0.0645,-0.0140,0.9976,-0.4593,-0.0646,0.3002
1580,Right,2,0.1645,-0.1309,-0.9529,-0.2184,0.0478,-0.0023,-0.0089,0.0857,0.0261,-0.2113,-3.6232,1.6422,8.7390,0.0006,-0.0000,-0.0001,1.0000,-0.0906,0.0409,0.2185
1580,Pelvis,2,0.5496,-0.4298,0.6145,0.3682,-0.0372,0.1810,-0.0450,-0.6543,0.5355,-0.7677,9.0387,-0.7216,-0.5557,-0.0014,0.0068,-0.0017,1.0000,0.6775,-0.0553,-0.0462
1581,Left,2,0.2546,0.0463,-0.9466,-0.1923,-0.7710,-5.1471,-2.5183,13.9534,-3.5710,11.8995,-23.4693,-4.6606,10.3687,-0.0096,-0.0643,-0.0315,0.9974,-0.6050,-0.0954,0.2216
1581,Right,2,0.1641,-0.1310,-0.9529,-0.2189,0.0304,-0.0357,-0.0296,0.0081,0.0429,-0.2214,-3.5446,1.6652,8.7554,0.0004,-0.0004,-0.0004,1.0000,-0.0887,0.0416,0.2189
1581,Pelvis,2,0.5479,-0.4300,0.6152,0.3694,-0.0863,0.1501,0.0251,-1.0453,0.6891,-1.0944,8.7664,-0.3604,-0.7720,-0.0011,0.0019,0.0003,1.0000,0.2191,-0.0090,-0.0197
1582,Left,2,0.1951,0.0555,-0.9526,-0.2266,0.9496,-4.6323,-2.9121,19.8580,-10.0175,3.7236,-25.8410,-0.9628,3.2067,0.0119,-0.0579,-0.0364,0.9976,-0.6495,-0.0011,0.0425
1582,Right,2,0.1635,-0.1305,-0.9529,-0.2197,-0.0104,-0.0684,-0.0484,-0.3080,-0.1416,-0.2643,-3.3201,1.9592,8.7421,-0.0001,-0.0009,-0.0006,1.0000,-0.0832,0.0491,0.2185
1582,Pelvis,2,0.5459,-0.4322,0.6151,0.3699,-0.1925,0.0499,0.1425,-1.4579,0.8143,-1.6705,8.2473,0.0343,-1.0320,-0.0024,0.0006,0.0018,1.0000,0.2062,0.0012,-0.0259
1583,Left,2,0.1457,0.0490,-0.9546,-0.2550,1.8504,-3.5531,-2.2444,17.6991,-10.5886,-7.6958,-20.3171,1.0921,-4.0372,0.0231,-0.0444,-0.0280,0.9984,-0.5017,0.0441,-0.1224
1583,Right,2,0.1633,-0.1293,-0.9529,-0.2206,-0.0637,-0.0451,-0.0802,-0.4236,-0.1845,-0.2363,-3.2398,2.0384,8.7903,-0.0008,-0.0006,-0.0010,1.0000,-0.0811,0.0512,0.2197
1583,Pelvis,2,0.5440,-0.4364,0.6141,0.3695,-0.2753,-0.0870,0.2381,-0.7547,1.0143,-0.2513,9.5560,-0.9070,-0.9369,-0.0034,-0.0011,0.0030,1.0000,0.2390,-0.0220,-0.0231
1584,Left,2,0.1177,0.0515,-0.9557,-0.2650,0.5091,-2.1492,-0.8778,13.2051,-14.8174,-12.4117,-17.9350,6.7803,-5.7574,0.0064,-0.0269,-0.0110,0.9996,-0.4424,0.1753,-0.1548
1584,Right,2,0.1639,-0.1275,-0.9527,-0.2219,-0.1132,0.0045,-0.1187,-0.4004,-0.1015,-0.2523,-3.2235,1.9221,8.8027,-0.0014,0.0001,-0.0015,1.0000,-0.0805,0.0485,0.2200
1584,Pelvis,2,0.5423,-0.4399,0.6133,0.3690,-0.2281,-0.0733,0.2092,-0.0211,1.2248,0.9631,10.6460,-1.8743,-0.8764,-0.0029,-0.0009,0.0026,1.0000,0.2663,-0.0462,-0.0215
1585,Left,2,0.1162,0.0678,-0.9558,-0.2614,-1.2410,-0.4736,0.1118,14.2571,-10.5790,-14.9662,-16.3710,2.9678,-8.0583,-0.0155,-0.0059,0.0014,0.9999,-0.4082,0.0705,-0.2050
1585,Right,2,0.1655,-0.1253,-0.9524,-0.2234,-0.1633,0.0635,-0.1592,-0.4592,-0.1394,-0.2147,-3.2168,1.9441,8.8444,-0.0020,0.0008,-0.0020,1.0000,-0.0801,0.0492,0.2211
1585,Pelvis,2,0.5411,-0.4419,0.6133,0.3684,-0.1017,-0.0213,0.1568,-1.0029,1.1376,0.3028,10.1236,-0.8831,-1.1643,-0.0013,-0.0003,0.0020,1.0000,0.2531,-0.0216,-0.0290
1586,Left,2,0.1292,0.0581,-0.9557,-0.2582,0.4436,1.1784,0.4040,11.5326,-4.6476,-8.5533,-12.2629,-1.7979,-1.6087,0.0055,0.0147,0.0050,0.9999,-0.3069,-0.0463,-0.0360
1586,Right,2,0.1683,-0.1229,-0.9517,-0.2253,-0.1895,0.1598,-0.2086,-0.4165,0.1027,-0.0922,-3.2394,1.6767,9.0203,-0.0024,0.0020,-0.0026,1.0000,-0.0804,0.0427,0.2256
1586,Pelvis,2,0.5392,-0.4436,0.6137,0.3685,-0.1308,0.0614,0.1476,-1.8600,1.4405,-0.4220,9.5200,-0.1173,-1.7534,-0.0016,0.0008,0.0018,1.0000,0.2380,-0.0026,-0.0440
1587,Left,2,0.1429,0.0518,-0.9543,-0.2573,0.1842,1.1888,0.1667,-10.4496,2.8643,10.8644,5.3375,-1.0974,22.6999,0.0023,0.0149,0.0021,0.9999,0.1419,-0.0284,0.5654
1587,Right,2,0.1732,-0.1207,-0.9505,-0.2281,-0.1959,0.3209,-0.3051,-0.5169,0.1330,0.0554,-3.2648,1.6532,9.1801,-0.0024,0.0040,-0.0038,1.0000,-0.0805,0.0422,0.2297
1587,Pelvis,2,0.5378,-0.4474,0.6123,0.3685,-0.2697,-0.1009,0.1745,-2.4233,0.5308,-0.4820,9.5684,0.6887,-1.0893,-0.0034,-0.0013,0.0022,1.0000,0.2392,0.0176,-0.0270
1588,Left,2,0.1627,0.0482,-0.9526,-0.2527,-0.1872,1.5811,0.4319,-3.1931,-0.7399,-7.0859,1.5325,1.6715,3.6109,-0.0023,0.0198,0.0054,0.9998,0.0399,0.0422,0.0894
1588,Right,2,0.1821,-0.1189,-0.9479,-0.2326,-0.2046,0.6361,-0.4913,-0.8989,-0.1657,0.2915,-3.2843,2.0472,9.3784,-0.0026,0.0080,-0.0061,0.9999,-0.0799,0.0523,0.2350
1588,Pelvis,2,0.5368,-0.4518,0.6084,0.3709,-0.4855,-0.1595,-0.0048,-1.3322,-0.1489,0.2954,10.1932,-0.2392,-0.1040,-0.0061,-0.0020,-0.0001,1.0000,0.2548,-0.0060,-0.0021
1589,Left,2,0.1942,0.0410,-0.9474,-0.2511,-0.1255,2.6077,0.2340,2.9995,-3.0514,4.4598,-8.4576,-1.2291,12.2085,-0.0016,0.0326,0.0029,0.9995,-0.2013,-0.0308,0.3119
1589,Right,2,0.1963,-0.1175,-0.9437,-0.2391,-0.2253,1.0498,-0.7233,-0.5582,0.2031,0.6509,-3.7914,1.5059,9.6543,-0.0028,0.0131,-0.0090,0.9999,-0.0913,0.0392,0.2425
1589,Pelvis,2,0.5381,-0.4553,0.6024,0.3745,-0.4986,-0.2957,-0.2503,-0.2206,-0.3645,0.5969,10.3386,-1.2264,0.3905,-0.0062,-0.0037,-0.0031,1.0000,0.2583,-0.0314,0.0109
1590,Left,2,0.2155,0.0353,-0.9443,-0.2462,-0.0720,1.7635,0.4589,3.6238,-1.2108,3.7970,-8.4772,-2.9586,10.9198,-0.0009,0.0220,0.0057,0.9997,-0.2054,-0.0749,0.2776
1590,Right,2,0.2203,-0.1193,-0.9363,-0.2460,-0.1350,1.8959,-0.8525,-1.8039,1.6201,0.8034,-2.6745,0.8192,10.5252,-0.0017,0.0237,-0.0107,0.9997,-0.0604,0.0216,0.2646
1590,Pelvis,2,0.5402,-0.4571,0.5971,0.3777,-0.3446,-0.2690,-0.3085,1.0155,-1.2886,0.8040,10.4243,-2.0749,1.5608,-0.0043,-0.0034,-0.0039,1.0000,0.2603,-0.0527,0.0401
1591,Left,2,0.2236,0.0245,-0.9429,-0.2455,0.6384,0.8501,0.2329,4.0229,-0.8973,3.9232,-9.0675,-3.2840,10.6146,0.0080,0.0106,0.0029,0.9999,-0.2236,-0.0849,0.2671
1591,Right,2,0.2618,-0.1284,-0.9225,-0.2528,0.1288,3.4645,-1.0067,-2.7357,1.8921,1.0550,-2.7030,1.0316,10.9948,0.0016,0.0433,-0.0126,0.9990,-0.0553,0.0261,0.2775
1591,Pelvis,2,0.5422,-0.4579,0.5935,0.3795,-0.1821,-0.2072,-0.2351,1.0042,-1.0094,1.1246,10.7539,-2.1289,1.2134,-0.0023,-0.0026,-0.0029,1.0000,0.2686,-0.0539,0.0312
1592,Left,2,0.2234,0.0167,-0.9435,-0.2443,0.5789,0.1214,0.2361,1.4259,-1.5110,2.2949,-6.8081,-1.1130,10.1649,0.0072,0.0015,0.0030,1.0000,-0.1697,-0.0302,0.2542
1592,Right,2,0.3250,-0.1482,-0.8979,-0.2571,0.5415,5.5456,-1.0436,-3.2866,1.9303,1.2659,-3.6780,1.3263,11.0546,0.0068,0.0693,-0.0130,0.9975,-0.0721,0.0323,0.2820
1592,Pelvis,2,0.5437,-0.4593,0.5903,0.3807,-0.1873,-0.2052,-0.1532,0.4130,-1.2289,2.4780,12.1944,-1.6340,1.1698,-0.0023,-0.0026,-0.0019,1.0000,0.3047,-0.0414,0.0301
1593,Left,2,0.2212,0.0132,-0.9440,-0.2446,0.3162,-0.1077,0.0448,0.2337,-1.3078,1.3777,-5.4088,-0.4870,9.8741,0.0040,-0.0013,0.0006,1.0000,-0.1355,-0.0132,0.2466
1593,Right,2,0.4066,-0.1724,-0.8586,-0.2603,0.6171,7.3528,-1.3734,-4.6013,1.4352,1.7674,-5.1931,2.5444,11.1513,0.0077,0.0918,-0.0171,0.9956,-0.1024,0.0633,0.2895
1593,Pelvis,2,0.5435,-0.4601,0.5881,0.3834,-0.2414,-0.0113,-0.1442,0.2705,-2.0770,2.7994,12.5811,-1.2578,1.8939,-0.0030,-0.0001,-0.0018,1.0000,0.3145,-0.0319,0.0475
1594,Left,2,0.2200,0.0133,-0.9440,-0.2454,0.0373,-0.0891,-0.0713,0.2635,-0.4978,0.6378,-4.7252,-1.0733,9.2763,0.0005,-0.0011,-0.0009,1.0000,-0.1184,-0.0268,0.2318
1594,Right,2,0.4893,-0.1893,-0.8094,-0.2638,0.2448,7.6020,-1.8488,-6.2658,1.3173,4.7434,-9.0546,3.6968,12.5711,0.0031,0.0949,-0.0231,0.9952,-0.1930,0.0961,0.3340
1594,Pelvis,2,0.5419,-0.4599,0.5867,0.3881,-0.2912,0.1895,-0.2217,0.8480,-1.9766,1.3649,11.0888,-1.6163,1.9981,-0.0036,0.0024,-0.0028,1.0000,0.2772,-0.0410,0.0494
1595,Left,2,0.2196,0.0138,-0.9439,-0.2463,-0.0066,-0.0438,-0.0801,0.1577,0.0455,0.1115,-4.1551,-1.4378,8.8985,-0.0001,-0.0005,-0.0010,1.0000,-0.1040,-0.0358,0.2224
1595,Right,2,0.5544,-0.1962,-0.7628,-0.2688,-0.0132,6.1192,-2.0188,-6.9524,0.6652,8.2040,-14.3586,4.2563,12.2434,-0.0002,0.0764,-0.0252,0.9968,-0.3314,0.1151,0.3321
1595,Pelvis,2,0.5400,-0.4580,0.5856,0.3946,-0.2906,0.3408,-0.3470,1.4477,-1.4877,-0.2402,9.4087,-2.0744,1.7652,-0.0036,0.0043,-0.0043,1.0000,0.2352,-0.0527,0.0433
1596,Left,2,0.2193,0.0137,-0.9438,-0.2467,0.0189,-0.0183,-0.0372,0.0531,0.0748,0.0027,-4.0067,-1.4063,8.8499,0.0002,-0.0002,-0.0005,1.0000,-0.1002,-0.0352,0.2212
1596,Right,2,0.5990,-0.1894,-0.7283,-0.2737,-0.6065,4.0262,-2.0386,-10.0538,0.6379,0.6610,-8.1177,5.5500,10.7104,-0.0076,0.0503,-0.0255,0.9984,-0.1855,0.1457,0.2763
1596,Pelvis,2,0.5386,-0.4555,0.5851,0.4002,-0.1856,0.3335,-0.3349,1.7738,-0.5440,-0.6595,8.9348,-2.5247,1.0102,-0.0023,0.0042,-0.0042,1.0000,0.2232,-0.0640,0.0245
1597,Left,2,0.2192,0.0136,-0.9438,-0.2470,0.0213,-0.0040,-0.0204,-0.0207,-0.0880,0.0133,-4.0271,-1.2299,8.8785,0.0003,-0.0000,-0.0003,1.0000,-0.1007,-0.0308,0.2220
1597,Right,2,0.6078,-0.1889,-0.7142,-0.2913,0.8458,0.9201,-1.4815,-10.5946,9.4060,3.4783,-10.1162,-1.3947,16.5257,0.0106,0.0115,-0.0185,0.9997,-0.2488,-0.0346,0.4157
1597,Pelvis,2,0.5379,-0.4540,0.5855,0.4022,-0.0219,0.1678,-0.1218,1.7134,0.0611,-0.3863,9.2083,-2.6058,0.4620,-0.0003,0.0021,-0.0015,1.0000,0.2301,-0.0655,0.0111
1598,Left,2,0.2195,0.0136,-0.9437,-0.2471,0.0059,0.0203,-0.0170,-0.0549,-0.1023,0.0090,-4.0070,-1.2005,8.8872,0.0001,0.0003,-0.0002,1.0000,-0.1001,-0.0300,0.2222
1598,Right,2,0.5858,-0.1885,-0.7211,-0.3183,1.7076,-2.0090,-1.0704,-8.9891,1.1547,-10.4734,1.8030,5.1636,7.2584,0.0213,-0.0251,-0.0134,0.9994,0.0421,0.1246,0.1852
1598,Pelvis,2,0.5370,-0.4537,0.5870,0.4015,0.0764,0.0945,0.1027,1.4378,-0.0119,-0.5442,9.0788,-2.3037,0.4894,0.0010,0.0012,0.0013,1.0000,0.2271,-0.0573,0.0119
1599,Left,2,0.2200,0.0135,-0.9436,-0.2471,-0.0060,0.0427,0.0011,-0.0130,-0.0527,-0.0199,-4.0117,-1.2609,8.8441,-0.0001,0.0005,0.0000,1.0000,-0.1002,-0.0315,0.2212
1599,Right,2,0.5646,-0.1836,-0.7305,-0.3374,1.0206,-2.0649,-0.7681,-7.1787,0.3348,-8.6501,-0.1398,4.5905,5.6490,0.0128,-0.0258,-0.0096,0.9995,-0.0061,0.1130,0.1425
1599,Pelvis,2,0.5358,-0.4543,0.5889,0.3996,0.0804,0.0481,0.2191,0.8793,-0.1993,0.0566,9.7270,-1.8167,0.5488,0.0010,0.0006,0.0027,1.0000,0.2433,-0.0448,0.0135
1600,Left,2,0.2205,0.0133,-0.9436,-0.2468,0.0061,0.0339,0.0215,0.0336,0.0047,-0.0880,-4.0025,-1.3230,8.7636,0.0001,0.0004,0.0003,1.0000,-0.1000,-0.0331,0.2191
1600,Right,2,0.5371,-0.1819,-0.7471,-0.3469,0.8383,-2.5312,0.2223,-7.3616,0.3875,-8.0731,-0.3461,4.7491,5.8916,0.0105,-0.0316,0.0028,0.9994,-0.0137,0.1171,0.1481
1600,Pelvis,2,0.5338,-0.4545,0.5909,0.3992,0.0161,0.1563,0.1686,0.2746,-0.3484,-0.4266,9.3045,-1.1917,0.5500,0.0002,0.0020,0.0021,1.0000,0.2327,-0.0293,0.0133
1601,Left,2,0.2204,0.0128,-0.9437,-0.2464,0.0365,0.0002,0.0344,0.0240,0.0445,-0.1274,-3.9652,-1.3415,8.7342,0.0005,0.0000,0.0004,1.0000,-0.0991,-0.0337,0.2183
1601,Right,2,0.5038,-0.1828,-0.7707,-0.3446,0.5476,-2.9391,1.3164,-7.2472,0.9117,-6.1345,-1.4783,4.2436,6.8355,0.0068,-0.0367,0.0165,0.9992,-0.0449,0.1042,0.1701
1601,Pelvis,2,0.5317,-0.4546,0.5920,0.4003,-0.0705,0.1900,0.0639,0.2215,-0.0441,-0.9496,8.7813,-1.1911,0.2719,-0.0009,0.0024,0.0008,1.0000,0.2196,-0.0296,0.0063
1602,Left,2,0.2199,0.0122,-0.9439,-0.2461,0.0549,-0.0302,0.0343,0.0791,-0.0144,-0.0835,-4.0523,-1.3081,8.7482,0.0007,-0.0004,0.0004,1.0000,-0.1014,-0.0329,0.2186
1602,Right,2,0.4628,-0.1835,-0.7997,-0.3357,0.3988,-3.5328,1.9781,-5.8038,2.1700,-3.8223,-2.7744,2.3642,7.8137,0.0050,-0.0441,0.0247,0.9987,-0.0793,0.0563,0.1923
1602,Pelvis,2,0.5298,-0.4547,0.5926,0.4017,-0.1023,0.1629,0.0236,0.3071,0.3385,-1.1391,8.5779,-1.3633,-0.0428,-0.0013,0.0020,0.0003,1.0000,0.2145,-0.0340,-0.0015
1603,Left,2,0.2194,0.0119,-0.9441,-0.2459,0.0388,-0.0347,0.0168,0.0170,-0.1779,0.0158,-4.1152,-1.1367,8.8546,0.0005,-0.0004,0.0002,1.0000,-0.1030,-0.0285,0.2213
1603,Right,2,0.4143,-0.1838,-0.8293,-0.3267,0.5662,-4.0512,2.0963,-4.3748,3.1003,-1.8509,-3.7596,0.9295,8.7884,0.0071,-0.0506,0.0262,0.9983,-0.1055,0.0190,0.2147
1603,Pelvis,2,0.5283,-0.4551,0.5927,0.4030,-0.1204,0.1054,0.0125,0.5235,0.6171,-0.9400,8.7487,-1.6702,-0.2250,-0.0015,0.0013,0.0002,1.0000,0.2187,-0.0417,-0.0059
1604,Left,2,0.2194,0.0121,-0.9441,-0.2457,-0.0186,-0.0124,0.0141,-0.1479,-0.2771,-0.1570,-3.9578,-0.9481,8.7618,-0.0002,-0.0002,0.0002,1.0000,-0.0990,-0.0237,0.2190
1604,Right,2,0.3595,-0.1838,-0.8569,-0.3206,0.8348,-4.4561,1.9345,-2.7555,3.0444,0.7436,-5.5715,0.3296,9.8640,0.0104,-0.0557,0.0242,0.9981,-0.1528,0.0021,0.2384
1604,Pelvis,2,0.5272,-0.4555,0.5926,0.4042,-0.1036,0.0818,-0.0012,0.6736,0.6855,-0.8023,8.8679,-1.8482,-0.2327,-0.0013,0.0010,-0.0000,1.0000,0.2217,-0.0462,-0.0060
1605,Left,2,0.2193,0.0125,-0.9444,-0.2448,-0.0367,-0.0184,0.0605,-0.1955,-0.0195,-0.4306,-3.6860,-1.1201,8.5569,-0.0005,-0.0002,0.0008,1.0000,-0.0922,-0.0280,0.2139
1605,Right,2,0.3044,-0.1868,-0.8784,-0.3176,1.2318,-4.2611,1.6515,-0.1858,2.4301,2.3696,-7.3136,-0.3009,10.0471,0.0154,-0.0532,0.0206,0.9983,-0.1956,-0.0152,0.2408
1605,Pelvis,2,0.5261,-0.4553,0.5929,0.4054,-0.0697,0.1132,-0.0144,0.8936,0.5704,-0.5969,9.0470,-2.0507,-0.0416,-0.0009,0.0014,-0.0002,1.0000,0.2262,-0.0513,-0.0013
1606,Left,2,0.2181,0.0124,-0.9451,-0.2432,0.0104,-0.1016,0.1289,-0.1038,0.3067,-0.4189,-3.6009,-1.4454,8.5612,0.0001,-0.0013,0.0016,1.0000,-0.0902,-0.0363,0.2139
1606,Right,2,0.2477,-0.1924,-0.8958,-0.3148,1.5118,-4.2126,1.6265,1.5184,-0.0739,10.2947,-13.2923,2.3036,15.0035,0.0189,-0.0526,0.0203,0.9982,-0.3524,0.0437,0.3578
1606,Pelvis,2,0.5250,-0.4545,0.5937,0.4066,-0.0187,0.1541,-0.0255,0.9823,0.6562,-0.3318,9.3012,-2.1833,-0.0652,-0.0002,0.0019,-0.0003,1.0000,0.2325,-0.0547,-0.0021
1607,Left,2,0.2156,0.0117,-0.9461,-0.2415,0.0775,-0.1992,0.1555,0.0057,0.2892,-0.1367,-3.7826,-1.4941,8.7845,0.0010,-0.0025,0.0019,1.0000,-0.0950,-0.0377,0.2193
1607,Right,2,0.1958,-0.1913,-0.9125,-0.3040,0.7684,-3.9012,1.9714,3.6896,-3.1060,9.8651,-14.3345,4.0375,13.7520,0.0096,-0.0487,0.0246,0.9985,-0.3769,0.0886,0.3266
1607,Pelvis,2,0.5243,-0.4528,0.5946,0.4080,0.0379,0.1825,-0.0822,1.0437,0.7857,-0.3732,9.2570,-2.2584,-0.1369,0.0005,0.0023,-0.0010,1.0000,0.2314,-0.0567,-0.0040
1608,Left,2,0.2131,0.0111,-0.9470,-0.2403,0.0727,-0.1926,0.1147,-0.0256,0.0653,-0.0140,-3.8726,-1.2688,8.9114,0.0009,-0.0024,0.0014,1.0000,-0.0973,-0.0321,0.2225
1608,Right,2,0.1548,-0.1872,-0.9270,-0.2859,0.2052,-3.0294,2.2379,11.8168,-7.3181,9.6666,-20.9871,3.0966,11.0909,0.0026,-0.0379,0.0280,0.9989,-0.5366,0.0618,0.2573
1608,Pelvis,2,0.5244,-0.4510,0.5948,0.4096,0.0330,0.1192,-0.1471,0.4183,1.1872,-0.6710,9.0455,-1.7024,-0.6596,0.0004,0.0015,-0.0018,1.0000,0.2260,-0.0430,-0.0168
1609,Left,2,0.2112,0.0104,-0.9477,-0.2392,0.0836,-0.1443,0.0983,-0.0379,0.3796,-0.1069,-3.6478,-1.5030,8.8759,0.0010,-0.0018,0.0012,1.0000,-0.0915,-0.0379,0.2217
1609,Right,2,0.1152,-0.1752,-0.9406,-0.2670,-0.4113,-3.0928,2.1606,15.5427,-11.0544,1.8209,-21.8766,2.9233,3.5152,-0.0051,-0.0386,0.0270,0.9989,-0.5515,0.0586,0.0663
1609,Pelvis,2,0.5257,-0.4503,0.5937,0.4105,0.0023,-0.0513,-0.1586,-0.4410,1.2965,-0.7225,9.0995,-0.8655,-0.9779,0.0000,-0.0006,-0.0020,1.0000,0.2275,-0.0221,-0.0243
1610,Left,2,0.2103,0.0088,-0.9481,-0.2383,0.1241,-0.0520,0.1011,-0.1784,0.2853,-0.1325,-3.5511,-1.3220,8.9141,0.0016,-0.0007,0.0013,1.0000,-0.0889,-0.0335,0.2227
1610,Right,2,0.0817,-0.1713,-0.9496,-0.2494,0.1423,-2.4318,1.9514,17.5129,-6.4847,-8.9384,-18.0282,-3.6761,-3.3415,0.0018,-0.0304,0.0244,0.9992,-0.4455,-0.1026,-0.0973
1610,Pelvis,2,0.5268,-0.4512,0.5919,0.4106,-0.0716,-0.1547,-0.0667,-0.3932,1.1329,-0.0739,9.7368,-0.9093,-0.8062,-0.0009,-0.0019,-0.0008,1.0000,0.2434,-0.0230,-0.0197
1611,Right,2,0.0599,-0.1775,-0.9530,-0.2380,0.7922,-1.3953,1.2842,16.6648,-5.9292,-11.5354,-16.7445,-3.7881,-4.6010,0.0099,-0.0174,0.0161,0.9997,-0.4149,-0.1002,-0.1233
1611,Pelvis,2,0.5271,-0.4529,0.5902,0.4107,-0.1342,-0.1353,-0.0042,0.8343,1.2450,-0.1212,9.5568,-2.1028,-0.6451,-0.0017,-0.0017,-0.0001,1.0000,0.2389,-0.0526,-0.0156
1612,Left,2,0.2149,0.0059,-0.9475,-0.2366,0.0552,0.2079,0.0841,-0.2599,-0.0344,0.0723,-3.7582,-0.9880,9.0930,0.0014,0.0052,0.0021,1.0000,-0.1854,-0.0504,0.4556
1612,Right,2,0.0581,-0.1756,-0.9553,-0.2308,-0.1652,-0.0803,0.6124,13.8901,-5.2962,-11.2031,-14.2544,-2.5472,-3.6395,-0.0021,-0.0010,0.0077,1.0000,-0.3558,-0.0666,-0.0912
1612,Pelvis,2,0.5282,-0.4528,0.5894,0.4107,0.0122,-0.0848,-0.0648,1.5252,1.6643,-0.1351,9.4726,-2.8630,-0.9081,0.0002,-0.0011,-0.0008,1.0000,0.2368,-0.0718,-0.0225
1613,Left,2,0.2203,0.0039,-0.9467,-0.2351,0.0265,0.4571,0.1281,-0.1970,0.0928,0.0638,-3.8507,-1.0999,9.0309,0.0003,0.0057,0.0016,1.0000,-0.0949,-0.0277,0.2263
1613,Right,2,0.0770,-0.1648,-0.9574,-0.2243,-1.2271,1.3271,0.2229,6.6632,-1.9444,-5.7677,-7.5507,-0.2301,2.7354,-0.0153,0.0166,0.0028,0.9997,-0.1876,-0.0052,0.0716
1613,Pelvis,2,0.5306,-0.4504,0.5895,0.4100,0.2292,-0.0547,-0.1579,2.0418,1.8952,-0.5581,9.0064,-3.3538,-1.0221,0.0029,-0.0007,-0.0020,1.0000,0.2250,-0.0842,-0.0256
1614,Left,2,0.2287,0.0012,-0.9453,-0.2328,0.0108,0.7093,0.1909,-0.3675,0.0983,0.2535,-3.9299,-1.0312,9.2178,0.0001,0.0089,0.0024,1.0000,-0.0961,-0.0260,0.2313
1614,Right,2,0.0946,-0.1605,-0.9575,-0.2204,-0.6654,1.3161,0.0509,-7.6188,10.3378,4.9914,7.3616,-1.2633,18.1199,-0.0083,0.0164,0.0006,0.9998,0.1915,-0.0277,0.4501
1614,Pelvis,2,0.5357,-0.4474,0.5894,0.4067,0.4494,-0.2623,-0.1542,1.6176,1.5414,-0.9037,8.7119,-2.7945,-0.8097,0.0056,-0.0033,-0.0019,1.0000,0.2177,-0.0702,-0.0199
1615,Left,2,0.2426,-0.0021,-0.9425,-0.2298,-0.0545,1.1629,0.2409,-0.6220,0.3922,0.5721,-3.9650,-1.2009,9.5514,-0.0007,0.0145,0.0030,0.9999,-0.0955,-0.0302,0.2402
1615,Right,2,0.1281,-0.1675,-0.9505,-0.2283,0.1117,2.6434,-1.0951,3.9736,3.2015,-2.6320,-4.2772,-2.6630,7.2275,0.0014,0.0330,-0.0137,0.9994,-0.1018,-0.0654,0.1840
1615,Pelvis,2,0.5410,-0.4459,0.5902,0.4002,0.5642,-0.3982,0.0775,0.0235,0.3529,0.3032,10.0663,-1.0556,-0.1166,0.0071,-0.0050,0.0010,1.0000,0.2517,-0.0261,-0.0018
1616,Right,2,0.1511,-0.1642,-0.9467,-0.2323,-0.5723,1.6752,-0.7087,3.9697,-5.8507,7.1070,-11.4557,7.2290,12.3625,-0.0072,0.0209,-0.0089,0.9997,-0.2782,0.1854,0.3136
1616,Pelvis,2,0.5444,-0.4477,0.5909,0.3925,0.3846,-0.4649,0.3432,-0.3138,-1.0430,1.3077,11.1146,-0.4868,1.0393,0.0048,-0.0058,0.0043,1.0000,0.2778,-0.0111,0.0275
1617,Left,2,0.3116,-0.0204,-0.9248,-0.2174,-0.0587,2.9479,0.4725,-2.9213,1.4782,0.5880,-2.6568,-1.1613,10.5217,-0.0015,0.0736,0.0118,0.9972,-0.0930,-0.0585,0.5340
1617,Right,2,0.1623,-0.1511,-0.9473,-0.2314,-1.2030,0.6025,-0.2161,4.4127,-0.4108,4.9970,-9.3609,1.5392,12.2061,-0.0150,0.0075,-0.0027,0.9999,-0.2316,0.0437,0.3063
1617,Pelvis,2,0.5445,-0.4519,0.5906,0.3880,-0.0083,-0.3109,0.3805,-0.8740,-2.3263,2.6430,12.5415,0.1806,2.0005,-0.0001,-0.0039,0.0048,1.0000,0.3133,0.0060,0.0512
1618,Left,2,0.3817,-0.0388,-0.9004,-0.2051,-0.1193,6.1388,0.8242,-3.8611,2.4515,0.4189,-3.1330,-1.6049,10.6519,-0.0015,0.0767,0.0103,0.9970,-0.0572,-0.0404,0.2713
1618,Right,2,0.1634,-0.1420,-0.9487,-0.2305,-0.7304,-0.0910,-0.0333,2.0804,-0.1261,1.7648,-6.1563,1.4453,9.9195,-0.0091,-0.0011,-0.0004,1.0000,-0.1542,0.0385,0.2475
1618,Pelvis,2,0.5450,-0.4537,0.5903,0.3855,0.0337,-0.1814,0.1702,0.1376,-1.0110,2.6108,12.3656,-1.2454,0.9621,0.0004,-0.0023,0.0021,1.0000,0.3091,-0.0305,0.0247
1619,Left,2,0.4698,-0.0658,-0.8603,-0.1865,0.0560,8.0849,1.2293,-3.7593,2.6273,0.7918,-5.3032,-1.7392,10.1394,0.0007,0.1009,0.0153,0.9948,-0.1055,-0.0454,0.2650
1619,Right,2,0.1617,-0.1376,-0.9499,-0.2295,-0.3160,-0.2177,0.0719,1.3400,0.5301,0.6783,-4.8334,0.9027,9.3788,-0.0039,-0.0027,0.0009,1.0000,-0.1215,0.0234,0.2340
1619,Pelvis,2,0.5471,-0.4518,0.5916,0.3829,0.3154,-0.0778,0.0035,1.3526,-1.5892,2.4945,12.1420,-2.2371,1.8415,0.0039,-0.0010,0.0000,1.0000,0.3035,-0.0561,0.0461
1620,Left,2,0.5488,-0.0945,-0.8143,-0.1635,0.1781,7.7295,1.5613,-4.8265,3.5871,7.2416,-12.3008,-2.2649,13.1009,0.0022,0.0965,0.0195,0.9951,-0.2729,-0.0630,0.3549
1620,Right,2,0.1604,-0.1371,-0.9504,-0.2285,-0.0261,-0.1053,0.1015,0.4982,0.3564,0.2241,-3.9848,1.3366,9.1350,-0.0003,-0.0013,0.0013,1.0000,-0.1000,0.0334,0.2282
1620,Pelvis,2,0.5489,-0.4485,0.5948,0.3791,0.4988,0.0210,0.0671,0.5311,-2.0829,1.0829,10.8494,-1.1379,2.0810,0.0062,0.0003,0.0008,1.0000,0.2713,-0.0285,0.0518
1621,Left,2,0.5974,-0.1155,-0.7813,-0.1394,-0.0668,5.0786,1.6906,-5.5934,6.0986,9.2638,-15.6835,-3.7762,13.1455,-0.0008,0.0634,0.0211,0.9978,-0.3681,-0.1021,0.3526
1621,Right,2,0.1598,-0.1375,-0.9506,-0.2279,0.0456,-0.0381,0.0680,0.0090,-0.2459,0.0540,-3.7256,2.0625,8.9038,0.0006,-0.0005,0.0009,1.0000,-0.0933,0.0514,0.2226
1621,Pelvis,2,0.5490,-0.4467,0.5988,0.3748,0.4248,0.0720,0.2361,-0.4589,-2.2459,-0.5054,9.3846,0.0194,1.9518,0.0053,0.0009,0.0030,1.0000,0.2347,0.0009,0.0486
1622,Left,2,0.6261,-0.1331,-0.7587,-0.1208,0.1034,3.2495,1.4913,-5.9844,6.5691,-2.5128,-5.5009,-3.7986,9.3623,0.0013,0.0406,0.0186,0.9990,-0.1261,-0.0977,0.2392
1622,Right,2,0.1595,-0.1376,-0.9506,-0.2278,0.0205,-0.0244,0.0171,0.0161,-0.1288,-0.0038,-3.6567,1.9557,8.8901,0.0003,-0.0003,0.0002,1.0000,-0.0915,0.0488,0.2222
1622,Pelvis,2,0.5478,-0.4465,0.6023,0.3711,0.2610,0.0884,0.3219,-1.0841,-1.7868,-1.2951,8.6534,0.5092,1.3332,0.0033,0.0011,0.0040,1.0000,0.2163,0.0135,0.0331
1623,Left,2,0.6300,-0.1326,-0.7572,-0.1106,-0.5590,0.4181,0.5327,-13.3200,9.8313,2.1957,-9.2629,-3.9886,17.7926,-0.0070,0.0052,0.0067,0.9999,-0.2286,-0.0981,0.4467
1623,Right,2,0.1594,-0.1380,-0.9505,-0.2281,0.0459,-0.0070,-0.0058,0.1084,0.0905,-0.0143,-3.6427,1.7261,8.9319,0.0006,-0.0001,-0.0001,1.0000,-0.0911,0.0430,0.2233
1623,Pelvis,2,0.5472,-0.4470,0.6035,0.3695,0.0759,0.0110,0.1555,-1.3965,-1.3866,-0.5876,9.3782,0.5304,0.8621,0.0009,0.0001,0.0019,1.0000,0.2344,0.0137,0.0215
1624,Left,2,0.6185,-0.1288,-0.7674,-0.1091,-0.3059,-1.2191,0.1127,-4.2682,6.7217,-10.6607,1.6999,-4.9709,6.0434,-0.0038,-0.0152,0.0014,0.9999,0.0404,-0.1236,0.1522
1624,Right,2,0.1596,-0.1392,-0.9502,-0.2287,0.1139,0.0320,-0.0320,0.1006,0.1849,-0.0423,-3.5937,1.6564,8.9357,0.0014,0.0004,-0.0004,1.0000,-0.0897,0.0411,0.2235
1624,Pelvis,2,0.5478,-0.4468,0.6026,0.3703,-0.0409,-0.0355,-0.0954,-1.1649,-1.1159,-0.2859,9.6368,0.1781,0.6802,-0.0005,-0.0004,-0.0012,1.0000,0.2409,0.0042,0.0171
1625,Left,2,0.6032,-0.1237,-0.7798,-0.1128,-0.1178,-1.6256,-0.2164,-4.9586,5.4362,-7.0569,-1.4509,-3.3479,6.9591,-0.0015,-0.0203,-0.0027,0.9998,-0.0400,-0.0833,0.1733
1625,Right,2,0.1600,-0.1416,-0.9496,-0.2294,0.2051,0.0749,-0.0307,0.1022,0.2007,-0.0647,-3.5948,1.6673,8.9090,0.0026,0.0009,-0.0004,1.0000,-0.0896,0.0411,0.2229
1625,Pelvis,2,0.5491,-0.4458,0.6008,0.3725,-0.0644,-0.0370,-0.2500,-0.4046,-0.8190,-0.2079,9.6081,-0.6001,0.6410,-0.0008,-0.0005,-0.0031,1.0000,0.2401,-0.0157,0.0161
1626,Left,2,0.5808,-0.1127,-0.7968,-0.1227,-0.1677,-2.4021,-0.7662,-4.5029,5.6846,-5.8185,-2.3589,-3.7140,7.0148,-0.0021,-0.0300,-0.0096,0.9995,-0.0651,-0.0919,0.1737
1626,Right,2,0.1606,-0.1446,-0.9489,-0.2298,0.2384,0.0979,-0.0037,-0.0516,-0.0304,-0.1590,-3.5412,1.9645,8.7635,0.0030,0.0012,-0.0000,1.0000,-0.0883,0.0485,0.2193
1626,Pelvis,2,0.5507,-0.4451,0.5989,0.3740,-0.0605,-0.0812,-0.2157,0.0011,-0.5674,-0.0548,9.7064,-1.0263,0.5207,-0.0008,-0.0010,-0.0027,1.0000,0.2426,-0.0263,0.0133
1627,Left,2,0.5502,-0.0993,-0.8174,-0.1386,0.0025,-3.1732,-1.1577,-4.3547,4.8806,-4.2602,-3.3613,-3.0338,7.2907,0.0000,-0.0397,-0.0145,0.9991,-0.0923,-0.0746,0.1787
1627,Right,2,0.1613,-0.1478,-0.9483,-0.2299,0.2470,0.1160,0.0238,0.0165,-0.0318,-0.0906,-3.6485,1.9975,8.7874,0.0031,0.0015,0.0003,1.0000,-0.0909,0.0492,0.2200
1627,Pelvis,2,0.5511,-0.4444,0.5984,0.3752,-0.0175,0.0221,-0.1151,-0.0374,-0.4114,-0.6911,9.0771,-0.9248,0.3540,-0.0002,0.0003,-0.0014,1.0000,0.2269,-0.0234,0.0088
1628,Left,2,0.5129,-0.0826,-0.8401,-0.1562,-0.0807,-3.7474,-1.3329,-4.4766,3.4412,-2.7042,-4.1999,-1.7507,7.8597,-0.0010,-0.0468,-0.0167,0.9988,-0.1147,-0.0417,0.1913
1628,Right,2,0.1615,-0.1511,-0.9478,-0.2297,0.2600,0.0845,0.0594,0.0112,-0.0676,-0.0759,-3.6843,2.0898,8.7675,0.0032,0.0011,0.0007,1.0000,-0.0919,0.0515,0.2195
1629,Left,2,0.4702,-0.0619,-0.8637,-0.1706,-0.4141,-4.1851,-1.2413,-4.3118,2.4742,0.0581,-5.9989,-1.1805,9.2134,-0.0052,-0.0523,-0.0155,0.9985,-0.1622,-0.0259,0.2222
1629,Right,2,0.1616,-0.1540,-0.9474,-0.2293,0.2316,0.0708,0.0629,0.0004,-0.0737,-0.1313,-3.6715,2.1445,8.6981,0.0029,0.0009,0.0008,1.0000,-0.0916,0.0529,0.2177
1629,Pelvis,2,0.5510,-0.4437,0.5987,0.3757,0.0085,0.0286,-0.0235,0.0639,0.0485,-0.5818,9.1575,-1.1633,-0.0389,0.0002,0.0007,-0.0006,1.0000,0.4578,-0.0584,-0.0023
1630,Left,2,0.4221,-0.0378,-0.8877,-0.1800,-0.7690,-4.5891,-0.9835,-3.0111,1.1334,2.2831,-7.7510,-0.8362,9.8013,-0.0096,-0.0573,-0.0123,0.9982,-0.2076,-0.0161,0.2336
1630,Right,2,0.1619,-0.1563,-0.9470,-0.2291,0.1848,0.0671,0.0461,-0.0256,-0.0133,-0.1817,-3.6204,2.1418,8.6638,0.0023,0.0008,0.0006,1.0000,-0.0904,0.0530,0.2168
1630,Pelvis,2,0.5507,-0.4429,0.5996,0.3755,0.0713,0.0687,0.0182,-0.3209,0.2389,-0.3492,9.4245,-0.8881,-0.3291,0.0009,0.0009,0.0002,1.0000,0.2356,-0.0221,-0.0084
1631,Left,2,0.3771,-0.0092,-0.9082,-0.1814,-1.3962,-4.2941,-0.6286,-1.8786,-1.1097,4.2155,-9.3824,0.2466,10.6620,-0.0174,-0.0536,-0.0079,0.9984,-0.2483,0.0126,0.2533
1631,Right,2,0.1624,-0.1582,-0.9467,-0.2289,0.1491,0.0772,0.0367,0.0135,0.0012,-0.1478,-3.6750,2.1550,8.6753,0.0019,0.0010,0.0005,1.0000,-0.0917,0.0534,0.2171
1631,Pelvis,2,0.5499,-0.4421,0.6011,0.3753,0.0810,0.1221,0.0430,-0.7537,0.2022,-0.0294,9.7922,-0.5159,-0.4117,0.0010,0.0015,0.0005,1.0000,0.2448,-0.0128,-0.0107
1632,Left,2,0.3303,0.0248,-0.9266,-0.1782,-1.8893,-4.4305,-0.4871,1.0839,-2.0950,9.7601,-14.1101,-1.1626,13.7351,-0.0236,-0.0553,-0.0061,0.9982,-0.3712,-0.0190,0.3237
1632,Right,2,0.1631,-0.1595,-0.9463,-0.2289,0.1009,0.0815,0.0097,0.0160,-0.0525,-0.1590,-3.7102,2.2225,8.6308,0.0013,0.0010,0.0001,1.0000,-0.0925,0.0553,0.2159
1632,Pelvis,2,0.5483,-0.4413,0.6029,0.3755,0.0423,0.1874,0.0633,-0.8514,0.2814,-0.0326,9.7984,-0.4636,-0.4800,0.0005,0.0023,0.0008,1.0000,0.2449,-0.0114,-0.0126
1633,Left,2,0.2849,0.0561,-0.9406,-0.1760,-1.6998,-4.1729,-0.5489,4.8176,-3.0326,8.3291,-14.8560,-1.9888,11.7142,-0.0212,-0.0521,-0.0069,0.9984,-0.3863,-0.0411,0.2739
1633,Right,2,0.1640,-0.1601,-0.9460,-0.2291,0.0472,0.0741,-0.0193,-0.0394,-0.0724,-0.1446,-3.6947,2.2819,8.6383,0.0006,0.0009,-0.0002,1.0000,-0.0922,0.0569,0.2161
1633,Pelvis,2,0.5461,-0.4410,0.6047,0.3763,-0.0181,0.2213,0.0855,-0.7327,0.3367,-0.4553,9.3646,-0.5599,-0.4480,-0.0002,0.0028,0.0011,1.0000,0.2341,-0.0138,-0.0118
1634,Left,2,0.2459,0.0851,-0.9488,-0.1792,-1.5152,-3.5066,-0.9592,11.5562,-6.5239,7.2661,-19.7802,-1.2878,8.6730,-0.0189,-0.0438,-0.0120,0.9988,-0.5037,-0.0224,0.1954
1634,Right,2,0.1651,-0.1601,-0.9457,-0.2296,-0.0031,0.0843,-0.0487,-0.1132,-0.0482,-0.1441,-3.6437,2.2958,8.6573,-0.0000,0.0011,-0.0006,1.0000,-0.0908,0.0575,0.2165
1634,Pelvis,2,0.5436,-0.4416,0.6061,0.3769,-0.0811,0.1848,0.1261,-0.5439,0.5261,-0.9779,8.8189,-0.7582,-0.5271,-0.0010,0.0023,0.0016,1.0000,0.2205,-0.0186,-0.0137
1635,Left,2,0.2049,0.1053,-0.9547,-0.1882,-0.7189,-3.4455,-1.2767,16.1687,-8.1186,2.2478,-21.3849,-0.7259,3.9100,-0.0090,-0.0431,-0.0160,0.9989,-0.5384,-0.0088,0.0747
1635,Right,2,0.1667,-0.1594,-0.9454,-0.2303,-0.0574,0.0956,-0.0821,-0.1184,-0.0840,-0.1295,-3.6828,2.3162,8.6520,-0.0007,0.0012,-0.0010,1.0000,-0.0918,0.0582,0.2164
1635,Pelvis,2,0.5414,-0.4432,0.6070,0.3769,-0.1146,0.0981,0.1729,-0.0925,0.9282,-0.8408,8.8872,-1.3609,-0.7288,-0.0014,0.0012,0.0022,1.0000,0.2222,-0.0336,-0.0184
1636,Left,2,0.1651,0.1119,-0.9596,-0.1984,0.3067,-3.1347,-1.1461,14.6422,-8.4535,-6.4695,-17.0634,1.8532,-1.6148,0.0038,-0.0392,-0.0143,0.9991,-0.4238,0.0526,-0.0568
1636,Right,2,0.1685,-0.1581,-0.9450,-0.2313,-0.1003,0.1072,-0.1095,-0.1561,-0.0241,-0.1316,-3.6559,2.2546,8.6775,-0.0013,0.0013,-0.0014,1.0000,-0.0910,0.0568,0.2170
1636,Pelvis,2,0.5394,-0.4449,0.6078,0.3764,-0.0918,0.0602,0.1906,-0.0740,0.8747,-0.1475,9.5682,-1.4912,-0.6434,-0.0011,0.0008,0.0024,1.0000,0.2393,-0.0367,-0.0162
1637,Left,2,0.1397,0.1162,-0.9626,-0.2009,0.1423,-2.0267,-0.4267,12.3319,-9.9162,-11.8517,-14.4242,5.1330,-4.4958,0.0018,-0.0253,-0.0053,0.9997,-0.3569,0.1304,-0.1212
1637,Right,2,0.1706,-0.1566,-0.9446,-0.2324,-0.1270,0.1202,-0.1331,-0.2026,-0.0097,-0.1088,-3.6529,2.2313,8.7112,-0.0016,0.0015,-0.0017,1.0000,-0.0909,0.0563,0.2178
1637,Pelvis,2,0.5373,-0.4466,0.6086,0.3761,-0.1026,0.0779,0.1849,-0.4508,0.7586,-0.0696,9.6935,-1.1548,-0.6393,-0.0013,0.0010,0.0023,1.0000,0.2424,-0.0283,-0.0162
1638,Left,2,0.1327,0.1218,-0.9633,-0.1988,-0.3328,-0.6568,0.0399,12.5806,-6.8809,-12.9627,-13.3042,2.5940,-5.6406,-0.0042,-0.0082,0.0005,1.0000,-0.3315,0.0641,-0.1440
1638,Right,2,0.1740,-0.1548,-0.9440,-0.2338,-0.1556,0.2087,-0.1719,-0.2350,0.0314,-0.0743,-3.6689,2.1721,8.7587,-0.0019,0.0026,-0.0021,1.0000,-0.0910,0.0549,0.2191
1638,Pelvis,2,0.5348,-0.4486,0.6090,0.3765,-0.1715,0.0956,0.1716,-1.1082,0.8275,-0.0445,9.8063,-0.6044,-0.8949,-0.0021,0.0012,0.0021,1.0000,0.2452,-0.0146,-0.0226
1639,Left,2,0.1430,0.1156,-0.9620,-0.2017,0.3400,0.9326,-0.0803,11.7760,-5.2515,-9.3857,-12.6741,0.4047,-2.3766,0.0042,0.0117,-0.0010,0.9999,-0.3175,0.0107,-0.0557
1639,Right,2,0.1787,-0.1533,-0.9429,-0.2355,-0.1540,0.3230,-0.2222,-0.2709,0.0850,-0.0641,-3.6921,2.0916,8.7812,-0.0019,0.0040,-0.0028,1.0000,-0.0913,0.0530,0.2198
1639,Pelvis,2,0.5320,-0.4511,0.6090,0.3777,-0.2506,0.1039,0.1499,-1.5845,1.0090,-0.0495,9.8672,-0.2474,-1.1944,-0.0031,0.0013,0.0019,1.0000,0.2467,-0.0058,-0.0302
1640,Left,2,0.1610,0.1034,-0.9589,-0.2098,0.7194,1.6913,-0.3656,10.2059,-4.9681,-3.5993,-12.5345,-0.9615,3.0715,0.0090,0.0211,-0.0046,0.9997,-0.3118,-0.0233,0.0832
1640,Right,2,0.1853,-0.1525,-0.9413,-0.2375,-0.1252,0.4754,-0.2623,-0.2277,0.1849,-0.0102,-3.8119,1.9404,8.8250,-0.0016,0.0059,-0.0033,1.0000,-0.0938,0.0492,0.2211
1640,Pelvis,2,0.5290,-0.4542,0.6082,0.3795,-0.3484,0.0858,0.1246,-1.4761,1.2300,-0.2007,9.6991,-0.4189,-1.3549,-0.0044,0.0011,0.0016,1.0000,0.2425,-0.0102,-0.0341
1641,Left,2,0.1779,0.0710,-0.9555,-0.2244,2.3705,2.0034,-0.6216,-6.8445,6.9912,6.9110,4.1259,-7.6061,17.3410,0.0296,0.0250,-0.0078,0.9992,0.1123,-0.2037,0.4249
1641,Right,2,0.1944,-0.1538,-0.9388,-0.2390,-0.0125,0.7302,-0.2454,-0.0521,0.4812,0.0634,-4.0167,1.5743,8.8973,-0.0002,0.0091,-0.0031,1.0000,-0.0983,0.0397,0.2233
1641,Pelvis,2,0.5266,-0.4575,0.6066,0.3814,-0.3696,0.0160,0.0896,-1.3794,1.2825,-0.3485,9.5377,-0.5168,-1.3723,-0.0046,0.0002,0.0011,1.0000,0.2385,-0.0128,-0.0343
1642,Left,2,0.1733,0.0589,-0.9533,-0.2403,1.2296,-0.0131,-1.1132,-21.9659,-4.4160,-0.3065,13.2796,11.1909,17.0549,0.0154,-0.0002,-0.0139,0.9998,0.3357,0.2685,0.4306
1642,Right,2,0.2079,-0.1590,-0.9349,-0.2398,0.2016,1.1617,-0.2125,-0.4953,0.8967,0.1694,-3.7669,1.4683,9.1844,0.0025,0.0145,-0.0027,0.9999,-0.0907,0.0364,0.2310
1643,Left,2,0.2088,0.0480,-0.9474,-0.2377,0.0861,2.9818,0.4004,4.2807,-10.6916,4.6460,-13.4422,4.7616,11.7672,0.0011,0.0373,0.0050,0.9993,-0.3254,0.1171,0.3066
1643,Right,2,0.2297,-0.1685,-0.9278,-0.2409,0.4145,1.9144,-0.3295,-1.1609,1.0872,0.1521,-3.5229,1.6924,9.3044,0.0052,0.0239,-0.0041,0.9997,-0.0823,0.0414,0.2348
1643,Pelvis,2,0.5260,-0.4609,0.6013,0.3865,-0.2917,-0.0542,-0.1220,0.2182,0.4005,1.2345,10.8772,-1.9832,-0.0530,-0.0073,-0.0014,-0.0030,1.0000,0.5436,-0.1008,-0.0012
1644,Left,2,0.2207,0.0427,-0.9464,-0.2321,0.0858,1.0022,0.5381,1.9047,0.6546,1.8974,-5.7288,-3.5760,9.7767,0.0011,0.0125,0.0067,0.9999,-0.1395,-0.0906,0.2461
1644,Right,2,0.2642,-0.1851,-0.9158,-0.2393,0.7139,3.1251,-0.2647,-1.7853,1.8868,0.3410,-3.4566,1.5036,9.7824,0.0089,0.0391,-0.0033,0.9992,-0.0766,0.0357,0.2480
1644,Pelvis,2,0.5255,-0.4607,0.6005,0.3886,-0.1154,0.0718,-0.1183,0.6099,-0.5443,1.3339,10.9446,-2.0601,0.9422,-0.0014,0.0009,-0.0015,1.0000,0.2736,-0.0519,0.0234
1645,Left,2,0.2279,0.0379,-0.9451,-0.2310,0.2117,0.6484,0.1647,2.6681,-2.3206,4.1046,-8.8178,-1.5600,11.2256,0.0026,0.0081,0.0021,1.0000,-0.2181,-0.0402,0.2823
1645,Right,2,0.3193,-0.2108,-0.8941,-0.2329,1.0210,5.0806,-0.2110,-3.4312,2.4248,0.3835,-3.1262,2.1531,10.3622,0.0128,0.0635,-0.0026,0.9979,-0.0613,0.0507,0.2640
1645,Pelvis,2,0.5252,-0.4603,0.6008,0.3890,0.0037,0.0595,-0.0138,0.7096,-0.7408,1.5368,11.1358,-2.1137,1.1780,0.0000,0.0007,-0.0002,1.0000,0.2784,-0.0529,0.0292
1646,Left,2,0.2293,0.0330,-0.9449,-0.2312,0.3479,0.1997,0.0690,1.5749,0.0482,1.4333,-5.8957,-2.6455,9.3380,0.0043,0.0025,0.0009,1.0000,-0.1468,-0.0673,0.2335
1646,Right,2,0.3939,-0.2461,-0.8574,-0.2216,1.4822,7.1303,-0.2259,-4.0575,2.8850,0.7190,-4.4107,2.5113,10.5030,0.0185,0.0890,-0.0028,0.9959,-0.0861,0.0581,0.2721
1646,Pelvis,2,0.5241,-0.4607,0.6013,0.3891,-0.0332,0.0633,0.0657,-0.7212,-0.7671,0.7782,10.5927,-0.6435,0.8102,-0.0004,0.0008,0.0008,1.0000,0.2648,-0.0159,0.0201
1647,Left,2,0.2266,0.0299,-0.9455,-0.2319,0.3044,-0.1551,-0.0025,0.7303,-0.1941,0.5896,-4.9957,-1.8521,8.9662,0.0038,-0.0019,-0.0000,1.0000,-0.1253,-0.0472,0.2237
1647,Right,2,0.4758,-0.2833,-0.8057,-0.2105,1.7820,8.1437,-0.5861,-5.2487,3.4477,3.6948,-8.1460,3.8863,11.8841,0.0222,0.1016,-0.0073,0.9945,-0.1713,0.0916,0.3177
1647,Pelvis,2,0.5232,-0.4615,0.6009,0.3901,-0.1235,0.0364,0.0058,-0.9664,-1.4005,-0.1488,9.7199,-0.1140,1.3409,-0.0015,0.0005,0.0001,1.0000,0.2430,-0.0028,0.0334
1648,Left,2,0.2213,0.0280,-0.9467,-0.2325,0.2616,-0.3882,-0.0041,0.2111,-0.3140,0.5749,-4.5723,-1.4589,9.2202,0.0033,-0.0049,-0.0001,1.0000,-0.1154,-0.0372,0.2298
1648,Right,2,0.5419,-0.3075,-0.7536,-0.2094,1.5996,6.6885,-1.3826,-6.0995,3.1419,12.2624,-17.8352,6.9954,12.9896,0.0200,0.0835,-0.0173,0.9962,-0.4135,0.1752,0.3637
1648,Pelvis,2,0.5229,-0.4604,0.5998,0.3935,-0.1355,0.1302,-0.2319,0.2545,-1.6193,-1.3399,8.3637,-1.0244,1.8641,-0.0017,0.0016,-0.0029,1.0000,0.2091,-0.0261,0.0463
1649,Left,2,0.2169,0.0273,-0.9476,-0.2330,0.1489,-0.3401,-0.0167,0.0419,-0.2206,0.3574,-4.2240,-1.3901,9.1491,0.0019,-0.0043,-0.0002,1.0000,-0.1066,-0.0352,0.2282
1649,Right,2,0.5822,-0.3161,-0.7166,-0.2182,1.1429,3.9680,-1.7569,-8.9568,3.3522,4.8344,-11.7216,6.7686,11.0953,0.0143,0.0496,-0.0219,0.9984,-0.2750,0.1713,0.2938
1649,Pelvis,2,0.5247,-0.4571,0.5979,0.3978,-0.0309,0.0976,-0.4730,0.9970,-0.8558,-0.8301,8.7645,-1.9352,1.3614,-0.0004,0.0012,-0.0059,1.0000,0.2189,-0.0497,0.0338
1650,Left,2,0.2139,0.0267,-0.9482,-0.2331,0.1061,-0.2249,-0.0020,0.0468,-0.0506,0.1758,-4.0144,-1.4884,9.0246,0.0013,-0.0028,-0.0000,1.0000,-0.1010,-0.0375,0.2253
1650,Right,2,0.6084,-0.3135,-0.6912,-0.2319,0.6925,2.2982,-2.0066,-12.0740,9.3764,2.0348,-9.8695,3.8697,16.1809,0.0087,0.0287,-0.0251,0.9992,-0.2325,0.0991,0.4122
1650,Pelvis,2,0.5263,-0.4534,0.5965,0.4019,0.0088,0.1343,-0.4522,0.9791,-0.3027,0.5080,10.1113,-2.1292,0.8927,0.0001,0.0017,-0.0057,1.0000,0.2525,-0.0547,0.0219
1651,Left,2,0.2125,0.0260,-0.9486,-0.2330,0.0858,-0.1072,0.0227,-0.0629,-0.1499,0.1503,-3.9251,-1.3268,9.0620,0.0011,-0.0013,0.0003,1.0000,-0.0984,-0.0334,0.2264
1651,Right,2,0.5985,-0.2920,-0.6980,-0.2631,0.3502,-2.0552,-2.3909,-12.6850,6.6143,-5.4558,-2.5627,4.9426,13.8802,0.0044,-0.0257,-0.0299,0.9992,-0.0693,0.1241,0.3458
1651,Pelvis,2,0.5267,-0.4518,0.5964,0.4034,0.0225,0.0794,-0.1571,1.1444,-0.0263,1.3049,10.8968,-2.3758,0.7260,0.0003,0.0010,-0.0020,1.0000,0.2723,-0.0599,0.0179
1652,Left,2,0.2128,0.0251,-0.9488,-0.2323,0.0516,0.0347,0.0704,-0.1530,-0.1644,0.0931,-3.8310,-1.2470,9.0522,0.0006,0.0004,0.0009,1.0000,-0.0956,-0.0314,0.2263
1652,Right,2,0.5842,-0.2639,-0.7077,-0.2971,0.1433,-2.6426,-2.7020,-9.4046,1.0734,-8.7577,0.3762,6.1226,7.2859,0.0018,-0.0330,-0.0338,0.9989,0.0085,0.1524,0.1827
1652,Pelvis,2,0.5261,-0.4525,0.5969,0.4028,-0.0054,0.0024,0.0975,1.0903,-0.0616,1.4880,11.0859,-2.3274,0.7639,-0.0001,0.0000,0.0012,1.0000,0.2772,-0.0578,0.0191
1653,Left,2,0.2139,0.0239,-0.9488,-0.2311,0.0517,0.1007,0.1106,0.0395,-0.1502,0.0313,-3.9733,-1.3135,8.9116,0.0006,0.0013,0.0014,1.0000,-0.0990,-0.0331,0.2229
1653,Right,2,0.5610,-0.2383,-0.7238,-0.3235,0.0089,-3.2186,-1.8169,-9.6349,-0.7132,-7.7827,-0.6343,7.5481,6.3314,0.0001,-0.0402,-0.0227,0.9989,-0.0179,0.1891,0.1576
1653,Pelvis,2,0.5242,-0.4529,0.5987,0.4020,0.0135,0.1261,0.1828,1.0724,0.0265,0.1856,9.7870,-2.2181,0.6420,0.0002,0.0016,0.0023,1.0000,0.2448,-0.0549,0.0157
1654,Left,2,0.2148,0.0228,-0.9489,-0.2299,0.0572,0.0837,0.1068,0.1545,-0.1895,0.0372,-4.1100,-1.3060,8.8590,0.0007,0.0010,0.0013,1.0000,-0.1025,-0.0329,0.2216
1654,Right,2,0.5273,-0.2199,-0.7493,-0.3348,-0.1608,-3.7767,-0.1703,-8.8031,-1.6720,-7.6279,-0.7962,7.5561,5.2301,-0.0020,-0.0472,-0.0021,0.9989,-0.0256,0.1892,0.1293
1654,Pelvis,2,0.5235,-0.4529,0.6002,0.4008,0.0873,0.0605,0.1304,0.8508,-0.0203,-0.3432,9.2805,-1.9666,0.6323,0.0011,0.0008,0.0016,1.0000,0.2321,-0.0488,0.0156
1655,Left,2,0.2154,0.0221,-0.9490,-0.2292,0.0294,0.0574,0.0632,0.0744,-0.1792,-0.0017,-4.0446,-1.2577,8.8516,0.0004,0.0007,0.0008,1.0000,-0.1009,-0.0316,0.2214
1655,Right,2,0.4850,-0.2105,-0.7813,-0.3317,-0.1092,-4.0716,1.3875,-7.3782,-1.4133,-6.0713,-1.8953,6.3155,5.1967,-0.0014,-0.0509,0.0173,0.9986,-0.0566,0.1571,0.1270
1655,Pelvis,2,0.5231,-0.4517,0.6020,0.4000,0.1504,0.1040,0.0652,0.7455,-0.1235,-1.1360,8.5016,-1.7601,0.6939,0.0019,0.0013,0.0008,1.0000,0.2126,-0.0439,0.0170
1656,Left,2,0.2158,0.0217,-0.9490,-0.2286,0.0171,0.0332,0.0515,0.1321,-0.0044,-0.0569,-4.0037,-1.4204,8.7833,0.0002,0.0004,0.0006,1.0000,-0.1000,-0.0356,0.2196
1656,Right,2,0.4361,-0.2063,-0.8156,-0.3196,-0.0054,-4.2844,2.3269,-6.2376,-0.6218,-3.6164,-3.3427,5.0884,6.3809,-0.0001,-0.0535,0.0291,0.9981,-0.0956,0.1246,0.1546
1656,Pelvis,2,0.5234,-0.4502,0.6038,0.3985,0.2079,0.0488,0.0527,0.4403,-0.0812,-1.1202,8.5545,-1.4922,0.5953,0.0026,0.0006,0.0007,1.0000,0.2139,-0.0372,0.0147
1657,Left,2,0.2157,0.0211,-0.9493,-0.2278,0.0374,-0.0060,0.0699,0.0987,-0.0332,-0.0422,-4.0011,-1.3710,8.8082,0.0005,-0.0001,0.0009,1.0000,-0.1000,-0.0345,0.2202
1657,Right,2,0.3813,-0.2022,-0.8485,-0.3063,0.1420,-4.5958,2.4729,-4.7903,0.4208,0.0560,-5.5855,3.8308,8.6494,0.0018,-0.0574,0.0309,0.9979,-0.1546,0.0908,0.2078
1657,Pelvis,2,0.5236,-0.4488,0.6054,0.3974,0.1789,0.0667,0.0352,-0.0509,0.0688,-1.1346,8.6056,-1.0713,0.3348,0.0022,0.0008,0.0004,1.0000,0.2152,-0.0267,0.0081
1658,Left,2,0.2157,0.0208,-0.9495,-0.2270,0.0177,0.0010,0.0642,-0.0925,-0.1733,-0.0102,-3.9243,-1.1568,8.9100,0.0002,0.0000,0.0008,1.0000,-0.0981,-0.0290,0.2227
1658,Right,2,0.3195,-0.1996,-0.8770,-0.2983,0.6386,-4.9888,2.1665,-2.0838,0.1373,3.2112,-8.2288,3.0446,9.8626,0.0080,-0.0623,0.0271,0.9977,-0.2225,0.0683,0.2336
1658,Pelvis,2,0.5238,-0.4475,0.6063,0.3972,0.1144,0.0606,-0.0150,-0.3043,0.3174,-0.8905,8.8841,-0.9326,0.0554,0.0014,0.0008,-0.0002,1.0000,0.2221,-0.0234,0.0012
1659,Left,2,0.2164,0.0208,-0.9495,-0.2263,-0.0264,0.0498,0.0538,-0.0733,-0.1473,-0.0513,-3.9198,-1.1782,8.8634,-0.0003,0.0006,0.0007,1.0000,-0.0978,-0.0294,0.2217
1659,Right,2,0.2547,-0.2071,-0.8987,-0.2908,1.5460,-4.7865,2.2646,1.0752,-1.8109,7.1838,-12.1682,3.9298,11.4133,0.0193,-0.0598,0.0283,0.9976,-0.3231,0.0840,0.2681
1659,Pelvis,2,0.5242,-0.4464,0.6065,0.3978,0.0485,0.0457,-0.0865,-0.3981,0.7101,-1.0107,8.7841,-0.9288,-0.3399,0.0006,0.0006,-0.0011,1.0000,0.2196,-0.0235,-0.0086
1660,Right,2,0.1914,-0.2147,-0.9193,-0.2685,1.2347,-4.4147,3.2890,5.3021,-3.8926,11.7241,-16.8588,5.3249,13.9772,0.0154,-0.0551,0.0411,0.9975,-0.4448,0.1100,0.3271
1660,Pelvis,2,0.5250,-0.4455,0.6055,0.3991,-0.0178,-0.0012,-0.1587,0.0796,0.9308,-1.3000,8.4405,-1.3836,-0.4274,-0.0002,-0.0000,-0.0020,1.0000,0.2109,-0.0350,-0.0107
1661,Right,2,0.1391,-0.2040,-0.9385,-0.2414,-0.4004,-3.8953,3.1458,15.3452,-5.8981,11.2818,-23.6474,2.7203,12.2274,-0.0050,-0.0487,0.0393,0.9980,-0.6072,0.0458,0.2761
1661,Pelvis,2,0.5269,-0.4447,0.6036,0.4004,-0.0239,-0.1044,-0.2269,0.4250,1.1226,-1.9363,7.7744,-1.6509,-0.5587,-0.0003,-0.0013,-0.0028,1.0000,0.1943,-0.0418,-0.0137
1662,Left,2,0.2156,0.0199,-0.9506,-0.2225,0.0128,-0.0221,0.1038,0.1054,-0.0044,-0.0903,-3.9900,-1.3572,8.7621,0.0005,-0.0008,0.0039,1.0000,-0.2994,-0.1033,0.6569
1662,Right,2,0.0921,-0.1833,-0.9540,-0.2184,-1.1449,-3.7194,2.5606,21.2659,-6.6477,2.0428,-24.7088,-1.0417,5.0980,-0.0143,-0.0465,0.0320,0.9983,-0.6215,-0.0443,0.0991
1662,Pelvis,2,0.5294,-0.4436,0.6012,0.4018,-0.0012,-0.1340,-0.2840,0.7771,1.1293,-1.7104,7.9650,-1.9635,-0.4797,-0.0000,-0.0017,-0.0035,1.0000,0.1990,-0.0498,-0.0117
1663,Left,2,0.2144,0.0193,-0.9511,-0.2214,0.0519,-0.1046,0.0981,-0.0456,0.3182,-0.0802,-3.7227,-1.5580,8.8622,0.0006,-0.0013,0.0012,1.0000,-0.0933,-0.0392,0.2214
1663,Right,2,0.0553,-0.1588,-0.9645,-0.2038,-1.4841,-3.0880,1.6645,20.2960,-9.7414,-10.9290,-21.7362,-0.7631,-5.9481,-0.0185,-0.0386,0.0208,0.9989,-0.5365,-0.0333,-0.1690
1663,Pelvis,2,0.5321,-0.4416,0.5998,0.4027,0.0923,-0.0942,-0.2664,0.4760,0.4658,-0.0609,9.6409,-1.6059,0.1247,0.0012,-0.0012,-0.0033,1.0000,0.2409,-0.0410,0.0034
1664,Left,2,0.2139,0.0185,-0.9515,-0.2202,0.0512,-0.0364,0.1018,-0.2314,0.0889,-0.0608,-3.6668,-1.2570,8.9519,0.0006,-0.0005,0.0013,1.0000,-0.0917,-0.0317,0.2237
1664,Right,2,0.0374,-0.1567,-0.9664,-0.2005,0.0995,-1.3790,0.5081,22.3499,-3.3269,-19.3900,-20.2106,-8.8980,-10.7114,0.0012,-0.0172,0.0064,0.9998,-0.4991,-0.2253,-0.2767
1664,Pelvis,2,0.5343,-0.4402,0.5988,0.4027,0.1046,-0.1016,-0.1693,0.2916,0.3797,1.0690,10.7918,-1.4646,0.1830,0.0013,-0.0013,-0.0021,1.0000,0.2697,-0.0372,0.0049
1665,Left,2,0.2157,0.0180,-0.9514,-0.2191,-0.0108,0.1504,0.0921,-0.3934,0.2406,-0.0445,-3.4935,-1.3168,9.0383,-0.0001,0.0019,0.0012,1.0000,-0.0869,-0.0330,0.2261
1665,Right,2,0.0424,-0.1661,-0.9651,-0.1979,0.6658,0.5734,0.1555,16.5803,-9.4722,-12.2372,-18.3908,0.9189,-5.6079,0.0083,0.0072,0.0019,0.9999,-0.4608,0.0232,-0.1367
1666,Left,2,0.2208,0.0169,-0.9507,-0.2173,-0.0316,0.4133,0.1473,-0.4957,0.3766,0.0024,-3.4404,-1.3989,9.1067,-0.0004,0.0052,0.0018,1.0000,-0.0848,-0.0350,0.2281
1666,Right,2,0.0703,-0.1590,-0.9653,-0.1950,-0.9875,2.0746,-0.1675,0.9765,1.4151,2.3326,-2.4830,1.9257,11.8587,-0.0123,0.0259,-0.0021,0.9996,-0.0543,0.0519,0.2973
1666,Pelvis,2,0.5376,-0.4362,0.5994,0.4017,0.1863,-0.0206,-0.1096,0.7640,1.3864,0.7131,10.4092,-2.1218,-0.6685,0.0047,-0.0005,-0.0027,1.0000,0.5202,-0.1074,-0.0337
1667,Left,2,0.2308,0.0149,-0.9489,-0.2146,-0.0626,0.8227,0.2176,-0.9301,0.6386,0.2079,-3.2153,-1.4829,9.4420,-0.0008,0.0103,0.0027,0.9999,-0.0778,-0.0371,0.2369
1667,Right,2,0.0762,-0.1548,-0.9649,-0.1981,-0.3865,0.3470,-0.3357,-13.4914,7.8579,5.3127,12.0318,2.7139,17.9002,-0.0048,0.0043,-0.0042,1.0000,0.3030,0.0687,0.4459
1667,Pelvis,2,0.5419,-0.4334,0.6004,0.3974,0.4982,-0.2220,-0.0324,1.1139,1.0368,0.0418,9.7077,-2.2619,-0.2687,0.0062,-0.0028,-0.0004,1.0000,0.2427,-0.0566,-0.0064
1668,Left,2,0.2489,0.0099,-0.9452,-0.2109,-0.0009,1.5213,0.3293,-1.1781,0.7356,0.5313,-3.4097,-1.4985,9.7503,-0.0000,0.0190,0.0041,0.9998,-0.0804,-0.0378,0.2453
1668,Right,2,0.1084,-0.1630,-0.9606,-0.1972,0.1811,2.6563,-0.3360,6.0984,0.0781,-0.9261,-7.6304,-0.1713,7.6130,0.0023,0.0332,-0.0042,0.9994,-0.1843,-0.0039,0.1965
1668,Pelvis,2,0.5449,-0.4326,0.6028,0.3906,0.5142,-0.2494,0.2603,-0.0581,0.5724,0.6865,10.4554,-1.0998,-0.2011,0.0064,-0.0031,0.0033,1.0000,0.2615,-0.0266,-0.0044
1669,Left,2,0.2819,-0.0001,-0.9373,-0.2049,0.0790,2.8218,0.5405,-2.9036,1.7773,0.4577,-2.1702,-1.7217,10.4617,0.0010,0.0353,0.0068,0.9994,-0.0447,-0.0436,0.2632
1669,Right,2,0.1302,-0.1654,-0.9568,-0.2008,-0.0734,1.6991,-0.5915,3.6917,0.0048,3.6760,-7.2619,2.0512,11.7755,-0.0009,0.0212,-0.0074,0.9997,-0.1749,0.0529,0.2981
1669,Pelvis,2,0.5463,-0.4348,0.6044,0.3837,0.2981,-0.3046,0.4298,-0.2614,-1.0808,1.7454,11.5281,-0.5723,1.2661,0.0037,-0.0038,0.0054,1.0000,0.2882,-0.0129,0.0327
1670,Left,2,0.3374,-0.0163,-0.9209,-0.1944,0.0694,4.7925,0.8874,-3.4106,1.9547,0.7275,-2.9082,-1.6581,10.7471,0.0009,0.0599,0.0111,0.9981,-0.0560,-0.0424,0.2723
1670,Right,2,0.1481,-0.1603,-0.9551,-0.2003,-0.6422,1.3069,-0.2740,3.5715,-4.1989,5.2463,-9.5573,5.9573,11.4172,-0.0080,0.0163,-0.0034,0.9998,-0.2337,0.1520,0.2881
1670,Pelvis,2,0.5454,-0.4382,0.6052,0.3798,0.0116,-0.1594,0.3888,-0.6489,-2.0463,3.1296,12.9619,-0.1599,2.0187,0.0001,-0.0020,0.0049,1.0000,0.3240,-0.0024,0.0511
1671,Left,2,0.4177,-0.0397,-0.8900,-0.1783,0.0873,7.1469,1.2257,-3.5336,2.0814,0.1840,-4.0215,-1.5662,9.9221,0.0011,0.0892,0.0153,0.9959,-0.0773,-0.0407,0.2556
1671,Right,2,0.1566,-0.1530,-0.9549,-0.2005,-0.6815,0.5327,-0.2045,2.6059,0.8306,2.4929,-6.3524,1.0880,10.8341,-0.0085,0.0067,-0.0026,0.9999,-0.1569,0.0299,0.2717
1671,Pelvis,2,0.5443,-0.4390,0.6060,0.3792,-0.0150,0.0414,0.1315,0.5751,-1.3299,3.0668,12.7434,-1.6193,1.7214,-0.0002,0.0005,0.0016,1.0000,0.3187,-0.0400,0.0429
1672,Left,2,0.5073,-0.0722,-0.8442,-0.1572,0.4776,8.4563,1.6506,-4.3209,3.4429,1.5548,-6.3216,-2.4078,10.7052,0.0060,0.1055,0.0206,0.9942,-0.1274,-0.0647,0.2818
1672,Right,2,0.1600,-0.1490,-0.9551,-0.2001,-0.3556,0.1952,-0.0489,1.3325,0.3400,0.9014,-4.9342,1.5419,9.4848,-0.0044,0.0024,-0.0006,1.0000,-0.1228,0.0397,0.2372
1672,Pelvis,2,0.5447,-0.4363,0.6080,0.3784,0.2494,0.1283,-0.0326,0.9600,-1.0065,1.1139,10.7476,-1.8653,1.5278,0.0031,0.0016,-0.0004,1.0000,0.2687,-0.0469,0.0376
1673,Right,2,0.1609,-0.1458,-0.9555,-0.1999,-0.2548,0.0079,-0.0199,0.4435,-0.1095,0.3136,-4.1241,2.1094,9.0162,-0.0032,0.0001,-0.0002,1.0000,-0.1031,0.0535,0.2252
1673,Pelvis,2,0.5449,-0.4327,0.6119,0.3760,0.4260,0.1802,0.0715,0.2283,-1.3706,-0.5925,9.1412,-0.8482,1.6318,0.0053,0.0023,0.0009,1.0000,0.2286,-0.0212,0.0402
1674,Left,2,0.6375,-0.1173,-0.7532,-0.1123,0.0636,6.6930,1.4905,-6.2098,3.3922,7.3651,-14.0845,-1.2429,12.1907,0.0016,0.1665,0.0371,0.9853,-0.5872,-0.0866,0.7145
1674,Right,2,0.1605,-0.1432,-0.9559,-0.1999,-0.1895,-0.0786,-0.0178,0.2957,0.1063,0.1740,-3.8666,1.8982,9.0155,-0.0024,-0.0010,-0.0002,1.0000,-0.0969,0.0480,0.2252
1674,Pelvis,2,0.5437,-0.4308,0.6165,0.3724,0.3729,0.1938,0.2715,-0.4225,-1.4043,-1.5701,8.2434,-0.1339,1.4558,0.0047,0.0024,0.0034,1.0000,0.2062,-0.0028,0.0359
1675,Left,2,0.6683,-0.1308,-0.7265,-0.0920,-0.2467,3.5431,1.3767,-7.5898,5.4304,-1.5154,-7.3351,-2.3566,9.8334,-0.0031,0.0443,0.0172,0.9989,-0.1712,-0.0612,0.2538
1675,Right,2,0.1600,-0.1414,-0.9562,-0.2001,-0.1235,-0.0765,-0.0142,0.1449,0.0000,0.1327,-3.7409,2.0076,8.9948,-0.0015,-0.0010,-0.0002,1.0000,-0.0937,0.0506,0.2247
1675,Pelvis,2,0.5415,-0.4314,0.6202,0.3690,0.1873,0.1357,0.3778,-0.8212,-1.1715,-0.6926,9.1575,-0.0185,1.1676,0.0023,0.0017,0.0047,1.0000,0.2290,0.0006,0.0288
1676,Left,2,0.6682,-0.1273,-0.7290,-0.0764,-1.0507,-0.0015,0.7381,-15.3374,10.1367,2.4967,-11.3264,-4.2026,18.5356,-0.0131,-0.0000,0.0092,0.9999,-0.2822,-0.1016,0.4647
1676,Right,2,0.1597,-0.1400,-0.9564,-0.2003,-0.0857,-0.0574,-0.0180,0.1158,-0.0158,0.0823,-3.6896,1.9953,8.9627,-0.0011,-0.0007,-0.0002,1.0000,-0.0924,0.0501,0.2239
1676,Pelvis,2,0.5396,-0.4324,0.6223,0.3669,0.0595,0.0826,0.2716,-1.2317,-0.9070,0.4980,10.3887,0.0306,0.8510,0.0007,0.0010,0.0034,1.0000,0.2597,0.0016,0.0210
1677,Left,2,0.6508,-0.1248,-0.7451,-0.0761,-0.2159,-1.8748,0.1556,-4.7972,6.7271,-11.1551,1.5374,-5.2118,6.3678,-0.0027,-0.0234,0.0019,0.9997,0.0349,-0.1298,0.1604
1677,Right,2,0.1594,-0.1395,-0.9565,-0.2004,-0.0263,-0.0329,-0.0026,0.1885,0.2081,0.0888,-3.6709,1.7517,9.0318,-0.0003,-0.0004,-0.0000,1.0000,-0.0919,0.0439,0.2257
1677,Pelvis,2,0.5389,-0.4311,0.6238,0.3668,0.0991,0.1329,0.0215,-1.0288,-0.7121,0.2057,10.0655,-0.2212,0.7557,0.0012,0.0017,0.0003,1.0000,0.2517,-0.0055,0.0185
1678,Left,2,0.6345,-0.1181,-0.7594,-0.0823,-0.1164,-1.8131,-0.4676,-5.8913,5.2163,-7.2187,-1.7993,-3.1653,7.4432,-0.0015,-0.0227,-0.0058,0.9997,-0.0496,-0.0786,0.1851
1678,Right,2,0.1601,-0.1399,-0.9564,-0.2002,0.0282,0.0558,0.0174,0.0762,0.1971,-0.0889,-3.5163,1.7709,8.8936,0.0004,0.0007,0.0002,1.0000,-0.0878,0.0442,0.2224
1678,Pelvis,2,0.5403,-0.4286,0.6237,0.3680,0.1186,0.0465,-0.2177,-0.5540,-0.4089,0.5244,10.3077,-0.7863,0.6810,0.0015,0.0006,-0.0027,1.0000,0.2576,-0.0204,0.0168
1679,Left,2,0.6103,-0.1052,-0.7792,-0.0962,-0.0974,-2.6743,-1.1378,-6.2838,5.4128,-5.5052,-2.9073,-3.1937,8.2900,-0.0012,-0.0334,-0.0142,0.9993,-0.0807,-0.0785,0.2047
1679,Right,2,0.1610,-0.1403,-0.9562,-0.2000,0.0291,0.0759,0.0164,0.0324,0.0019,-0.1297,-3.5444,1.9580,8.7958,0.0004,0.0009,0.0002,1.0000,-0.0884,0.0489,0.2200
1679,Pelvis,2,0.5412,-0.4253,0.6242,0.3695,0.1417,0.1232,-0.2333,-0.5327,-0.3554,-0.4902,9.3032,-0.6290,0.6117,0.0018,0.0015,-0.0029,1.0000,0.2326,-0.0164,0.0149
1680,Left,2,0.5751,-0.0905,-0.8049,-0.1152,0.0733,-3.7120,-1.4052,-6.7415,3.3909,-3.9999,-3.5561,-1.1659,8.7636,0.0009,-0.0464,-0.0176,0.9988,-0.0994,-0.0277,0.2146
1680,Right,2,0.1618,-0.1403,-0.9561,-0.1998,-0.0059,0.0635,0.0131,0.0332,-0.1896,-0.1119,-3.6318,2.1306,8.7415,-0.0001,0.0008,0.0002,1.0000,-0.0906,0.0533,0.2186
1680,Pelvis,2,0.5416,-0.4231,0.6247,0.3707,0.0887,0.1038,-0.1531,-0.5647,-0.3307,-1.0738,8.7310,-0.4865,0.5737,0.0011,0.0013,-0.0019,1.0000,0.2183,-0.0126,0.0140
1681,Left,2,0.5303,-0.0734,-0.8342,-0.1323,-0.1099,-4.4981,-1.2957,-6.5504,1.4938,-3.0430,-3.7650,0.4783,8.7555,-0.0014,-0.0562,-0.0162,0.9983,-0.1060,0.0139,0.2131
1681,Right,2,0.1625,-0.1401,-0.9561,-0.1996,-0.0177,0.0457,0.0174,0.0605,-0.0441,-0.1324,-3.6114,1.9823,8.7603,-0.0002,0.0006,0.0002,1.0000,-0.0902,0.0496,0.2190
1681,Pelvis,2,0.5418,-0.4219,0.6246,0.3718,0.0175,0.0637,-0.1211,-0.5922,-0.2669,-1.0046,8.8041,-0.4627,0.5271,0.0002,0.0008,-0.0015,1.0000,0.2201,-0.0119,0.0130
1682,Left,2,0.4791,-0.0541,-0.8641,-0.1445,-0.3970,-4.9505,-1.0147,-5.9933,0.6474,-0.3616,-5.4615,0.8808,9.7580,-0.0050,-0.0618,-0.0127,0.9980,-0.1510,0.0251,0.2348
1682,Right,2,0.1630,-0.1400,-0.9561,-0.1993,-0.0069,0.0435,0.0211,0.0377,-0.0042,-0.1779,-3.5715,1.9436,8.7348,-0.0001,0.0005,0.0003,1.0000,-0.0892,0.0486,0.2184
1682,Pelvis,2,0.5416,-0.4209,0.6245,0.3735,-0.0327,0.0976,-0.1242,-0.5139,-0.0535,-0.8222,8.9765,-0.6087,0.3851,-0.0004,0.0012,-0.0016,1.0000,0.2244,-0.0156,0.0094
1683,Left,2,0.4211,-0.0333,-0.8935,-0.1528,-0.5708,-5.4027,-0.7727,-4.3333,0.5403,3.3518,-8.0984,0.0387,11.2734,-0.0071,-0.0675,-0.0097,0.9976,-0.2208,0.0050,0.2673
1683,Right,2,0.1636,-0.1397,-0.9560,-0.1992,-0.0239,0.0361,0.0010,-0.0856,-0.0656,-0.2158,-3.4805,2.0371,8.7091,-0.0003,0.0005,0.0000,1.0000,-0.0869,0.0510,0.2178
1683,Pelvis,2,0.5412,-0.4199,0.6245,0.3752,-0.0327,0.0980,-0.1119,-0.5559,0.1132,-0.7943,9.0126,-0.6082,0.2380,-0.0004,0.0012,-0.0014,1.0000,0.2253,-0.0155,0.0057
1684,Left,2,0.3608,-0.0100,-0.9189,-0.1591,-0.7861,-5.4534,-0.7645,-1.1794,0.3066,5.7569,-10.3138,-1.2268,11.6794,-0.0098,-0.0681,-0.0095,0.9976,-0.2772,-0.0253,0.2738
1684,Right,2,0.1642,-0.1388,-0.9560,-0.1995,-0.0599,0.0238,-0.0319,-0.1150,-0.0695,-0.2049,-3.4688,2.0417,8.7251,-0.0007,0.0003,-0.0004,1.0000,-0.0866,0.0512,0.2181
1684,Pelvis,2,0.5406,-0.4190,0.6251,0.3762,0.0011,0.1173,-0.0487,-0.5930,0.3327,-0.6413,9.1731,-0.6543,0.0539,0.0000,0.0015,-0.0006,1.0000,0.2293,-0.0165,0.0010
1685,Left,2,0.3039,0.0206,-0.9370,-0.1712,-1.1830,-5.0903,-1.4989,5.6284,-0.4369,12.7206,-18.0980,-3.9949,14.0332,-0.0148,-0.0636,-0.0187,0.9977,-0.4753,-0.0862,0.3224
1685,Right,2,0.1647,-0.1376,-0.9560,-0.2001,-0.0838,0.0122,-0.0563,-0.0799,-0.0078,-0.1998,-3.4876,1.9507,8.7433,-0.0010,0.0002,-0.0007,1.0000,-0.0871,0.0491,0.2185
1685,Pelvis,2,0.5395,-0.4185,0.6262,0.3765,0.0213,0.1336,0.0297,-0.8122,0.9986,-0.7766,9.0807,-0.6776,-0.6247,0.0003,0.0017,0.0004,1.0000,0.2270,-0.0169,-0.0160
1686,Left,2,0.2460,0.0460,-0.9475,-0.1989,-0.4118,-4.8873,-2.6403,14.6357,-3.2759,10.9425,-23.1484,-5.2207,9.6782,-0.0051,-0.0610,-0.0330,0.9976,-0.5959,-0.1099,0.2065
1686,Right,2,0.1654,-0.1363,-0.9559,-0.2007,-0.0863,0.0204,-0.0636,-0.0705,-0.0088,-0.1534,-3.5207,1.9297,8.7856,-0.0011,0.0003,-0.0008,1.0000,-0.0879,0.0485,0.2196
1686,Pelvis,2,0.5385,-0.4189,0.6272,0.3758,0.0170,0.0587,0.1183,-1.0364,1.2362,-1.4206,8.4783,-0.4980,-0.9487,0.0002,0.0007,0.0015,1.0000,0.2120,-0.0121,-0.0239
1687,Left,2,0.1868,0.0527,-0.9533,-0.2316,1.1075,-4.5724,-2.7375,20.1887,-8.5995,2.3009,-24.8782,-2.3506,2.1829,0.0138,-0.0571,-0.0342,0.9977,-0.6252,-0.0378,0.0183
1687,Right,2,0.1661,-0.1346,-0.9559,-0.2015,-0.1214,0.0207,-0.0851,-0.2338,-0.1129,-0.2007,-3.4065,2.0502,8.7550,-0.0015,0.0003,-0.0011,1.0000,-0.0851,0.0517,0.2188
1687,Pelvis,2,0.5380,-0.4208,0.6276,0.3736,-0.0021,-0.0881,0.2217,-1.1460,1.5416,-2.0818,7.8421,-0.4635,-1.3205,-0.0000,-0.0011,0.0028,1.0000,0.1961,-0.0110,-0.0328
1688,Left,2,0.1391,0.0482,-0.9553,-0.2564,1.6127,-3.4783,-1.9924,16.0315,-10.8638,-9.2444,-18.6818,2.2031,-4.6702,0.0201,-0.0435,-0.0249,0.9985,-0.4598,0.0692,-0.1356
1688,Right,2,0.1676,-0.1327,-0.9557,-0.2024,-0.1474,0.0692,-0.1095,-0.3154,-0.0713,-0.1743,-3.3476,2.0127,8.8174,-0.0018,0.0009,-0.0014,1.0000,-0.0834,0.0508,0.2204
1688,Pelvis,2,0.5388,-0.4238,0.6269,0.3703,-0.0126,-0.2725,0.2441,-0.5507,1.0858,-0.9204,8.8915,-1.0403,-0.6430,-0.0002,-0.0034,0.0031,1.0000,0.2224,-0.0253,-0.0153
1689,Left,2,0.1168,0.0627,-0.9567,-0.2591,-0.6072,-2.0006,-0.4194,12.1260,-15.0417,-13.9502,-16.8539,7.8560,-6.6884,-0.0076,-0.0250,-0.0052,0.9996,-0.4159,0.1973,-0.1792
1689,Right,2,0.1699,-0.1311,-0.9553,-0.2035,-0.1263,0.1393,-0.1264,-0.1890,0.2020,-0.1324,-3.4083,1.6813,8.9074,-0.0016,0.0017,-0.0016,1.0000,-0.0848,0.0425,0.2228
1689,Pelvis,2,0.5397,-0.4262,0.6261,0.3675,0.0094,-0.2515,0.1910,-0.8785,0.7808,-0.0626,9.7767,-0.7904,-0.4874,0.0001,-0.0031,0.0024,1.0000,0.2445,-0.0192,-0.0114
1690,Left,2,0.1182,0.0809,-0.9580,-0.2483,-1.5148,-0.3321,0.6883,15.0144,-9.0609,-15.1790,-16.2102,1.8172,-8.3839,-0.0189,-0.0042,0.0086,0.9998,-0.4047,0.0379,-0.2120
1690,Right,2,0.1732,-0.1303,-0.9545,-0.2049,-0.0792,0.2381,-0.1575,-0.2138,0.1008,-0.0005,-3.5210,1.7670,8.9897,-0.0010,0.0030,-0.0020,1.0000,-0.0873,0.0446,0.2250
1690,Pelvis,2,0.5404,-0.4285,0.6255,0.3650,-0.0059,-0.2097,0.1854,-1.8021,0.4271,0.3744,10.3403,0.0821,-0.5276,-0.0001,-0.0026,0.0023,1.0000,0.2585,0.0026,-0.0125
1691,Left,2,0.1322,0.0710,-0.9592,-0.2398,0.4104,1.2004,0.8513,11.8673,-0.9843,-8.2916,-10.8699,-4.7865,-1.7495,0.0051,0.0150,0.0106,0.9998,-0.2711,-0.1223,-0.0403
1691,Right,2,0.1781,-0.1299,-0.9532,-0.2070,-0.0590,0.3605,-0.2340,-0.2733,0.1832,0.0604,-3.5420,1.6951,9.0646,-0.0007,0.0045,-0.0029,1.0000,-0.0874,0.0428,0.2270
1691,Pelvis,2,0.5387,-0.4314,0.6255,0.3639,-0.1417,-0.0408,0.2387,-2.1137,0.9069,0.5189,10.5252,0.1192,-1.1124,-0.0018,-0.0005,0.0030,1.0000,0.2631,0.0037,-0.0277
1692,Left,2,0.1499,0.0553,-0.9573,-0.2410,0.8702,1.6903,0.1409,-9.7211,2.6321,10.8042,4.5209,-1.8949,22.4177,0.0109,0.0211,0.0018,0.9997,0.1249,-0.0532,0.5573
1692,Right,2,0.1859,-0.1307,-0.9510,-0.2097,0.0094,0.6093,-0.2960,-0.3641,0.3667,0.1795,-3.5705,1.5620,9.2154,0.0001,0.0076,-0.0037,1.0000,-0.0874,0.0393,0.2311
1692,Pelvis,2,0.5365,-0.4357,0.6247,0.3634,-0.2774,-0.0595,0.2614,-2.2912,0.4479,0.0542,10.0988,0.4581,-0.7818,-0.0035,-0.0007,0.0033,1.0000,0.2524,0.0122,-0.0194
1693,Left,2,0.1819,0.0433,-0.9527,-0.2398,0.2768,2.7294,0.2847,-4.3935,-3.6776,-7.4398,1.1985,4.7676,3.7810,0.0035,0.0341,0.0036,0.9994,0.0327,0.1190,0.0939
1693,Right,2,0.1990,-0.1335,-0.9473,-0.2127,0.0824,1.0633,-0.3781,-0.7743,0.0386,0.5115,-3.6878,2.0675,9.4511,0.0010,0.0133,-0.0047,0.9999,-0.0888,0.0519,0.2375
1693,Pelvis,2,0.5358,-0.4399,0.6215,0.3649,-0.4029,-0.1727,0.0396,-0.6853,0.3497,0.2757,10.0615,-1.0554,-0.1452,-0.0050,-0.0022,0.0005,1.0000,0.2516,-0.0263,-0.0030
1694,Left,2,0.2089,0.0310,-0.9498,-0.2309,0.2838,2.3025,0.8896,4.9832,-5.7523,8.1159,-13.0654,0.0234,14.4489,0.0035,0.0288,0.0111,0.9995,-0.3160,-0.0043,0.3704
1694,Right,2,0.2200,-0.1383,-0.9411,-0.2163,0.1451,1.7294,-0.5226,-1.3114,1.3869,0.4848,-3.1177,1.1169,9.9365,0.0018,0.0216,-0.0065,0.9997,-0.0724,0.0280,0.2501
1694,Pelvis,2,0.5387,-0.4424,0.6161,0.3667,-0.3066,-0.3862,-0.2479,-0.1464,-0.3163,1.3670,11.0714,-1.4652,0.6212,-0.0038,-0.0048,-0.0031,1.0000,0.2766,-0.0374,0.0170
1695,Left,2,0.2250,0.0211,-0.9476,-0.2258,0.3702,1.4310,0.5528,5.1316,-1.2304,6.0444,-11.0008,-3.4191,12.1087,0.0046,0.0179,0.0069,0.9998,-0.2689,-0.0888,0.3072
1695,Right,2,0.2551,-0.1485,-0.9298,-0.2196,0.3543,2.9825,-0.6426,-2.5706,1.5645,0.6825,-2.7569,1.6046,10.4445,0.0044,0.0373,-0.0080,0.9993,-0.0588,0.0394,0.2636
1695,Pelvis,2,0.5418,-0.4433,0.6119,0.3681,-0.1627,-0.3097,-0.2573,0.8643,-0.6921,1.9034,11.4784,-2.2898,1.2241,-0.0020,-0.0039,-0.0032,1.0000,0.2867,-0.0581,0.0318
1696,Left,2,0.2248,0.0119,-0.9482,-0.2241,0.6772,0.1399,0.2966,2.1649,-0.5090,2.3597,-7.0487,-2.0611,9.9591,0.0085,0.0017,0.0037,1.0000,-0.1756,-0.0543,0.2488
1696,Right,2,0.3107,-0.1665,-0.9092,-0.2213,0.6525,4.8528,-0.7778,-3.3625,1.7322,0.8185,-3.2341,1.9451,10.6418,0.0082,0.0606,-0.0097,0.9981,-0.0641,0.0471,0.2707
1697,Left,2,0.2178,0.0076,-0.9493,-0.2264,0.4953,-0.4751,-0.0820,1.6020,-1.3881,1.8226,-6.7187,-0.8051,9.6999,0.0062,-0.0059,-0.0010,1.0000,-0.1694,-0.0214,0.2414
1697,Right,2,0.3886,-0.1896,-0.8739,-0.2220,0.7977,6.9497,-1.1285,-5.0269,0.9108,0.7983,-3.9266,3.5865,10.5247,0.0100,0.0868,-0.0141,0.9961,-0.0736,0.0881,0.2711
1698,Left,2,0.2127,0.0074,-0.9499,-0.2287,0.1495,-0.4004,-0.1697,-0.0039,-0.9831,0.7914,-4.7252,-0.3065,9.5390,0.0019,-0.0050,-0.0021,1.0000,-0.1193,-0.0079,0.2379
1698,Pelvis,2,0.5416,-0.4509,0.6038,0.3726,-0.2816,-0.1342,-0.0419,-0.0057,-1.5523,1.8449,11.5918,-1.1475,1.6200,-0.0106,-0.0050,-0.0016,0.9999,0.8686,-0.0861,0.1268
1699,Left,2,0.2119,0.0099,-0.9496,-0.2308,-0.1313,-0.1032,-0.2134,-0.2720,-0.4854,0.3202,-4.0415,-0.6027,9.2891,-0.0016,-0.0013,-0.0027,1.0000,-0.1014,-0.0144,0.2321
1699,Right,2,0.5409,-0.2167,-0.7784,-0.2336,0.5139,7.0038,-1.9944,-5.9334,0.7809,7.6706,-12.3636,4.9624,12.9542,0.0128,0.1741,-0.0496,0.9834,-0.4801,0.2653,0.7435
1699,Pelvis,2,0.5404,-0.4503,0.6013,0.3788,-0.3654,0.1922,-0.3541,1.6422,-2.0940,0.6556,10.2257,-2.3199,2.5924,-0.0046,0.0024,-0.0044,1.0000,0.2555,-0.0588,0.0645
1700,Left,2,0.2128,0.0123,-0.9490,-0.2323,-0.1713,0.0342,-0.1670,0.0829,0.2622,0.0403,-3.8724,-1.4457,8.9483,-0.0021,0.0004,-0.0021,1.0000,-0.0968,-0.0355,0.2238
1700,Right,2,0.5837,-0.2152,-0.7437,-0.2447,0.2051,3.9453,-2.1367,-9.9454,1.2372,2.7378,-9.3898,5.8168,11.6715,0.0026,0.0493,-0.0267,0.9984,-0.2160,0.1506,0.3031
1700,Pelvis,2,0.5403,-0.4471,0.5995,0.3858,-0.2168,0.2741,-0.5195,2.0680,-1.4155,-0.5774,8.9421,-2.6811,2.1031,-0.0027,0.0034,-0.0065,1.0000,0.2233,-0.0683,0.0520
1701,Left,2,0.2139,0.0137,-0.9485,-0.2331,-0.1116,0.0670,-0.0937,-0.0240,0.0748,0.0432,-3.8791,-1.2773,8.9703,-0.0014,0.0008,-0.0012,1.0000,-0.0968,-0.0315,0.2244
1701,Right,2,0.6087,-0.2090,-0.7189,-0.2628,0.4200,2.2195,-2.2784,-10.4348,8.4307,2.3327,-9.2376,0.0276,15.5638,0.0052,0.0277,-0.0285,0.9992,-0.2199,0.0050,0.3953
1701,Pelvis,2,0.5400,-0.4444,0.5991,0.3898,-0.0614,0.2261,-0.3122,1.7877,-0.6323,-0.1967,9.3537,-2.6105,1.3258,-0.0008,0.0028,-0.0039,1.0000,0.2337,-0.0662,0.0325
1702,Left,2,0.2156,0.0150,-0.9480,-0.2336,-0.1123,0.1070,-0.0773,0.0442,-0.0696,0.0556,-4.0208,-1.2140,8.9303,-0.0014,0.0013,-0.0010,1.0000,-0.1002,-0.0299,0.2234
1702,Right,2,0.5981,-0.2048,-0.7151,-0.2982,1.7778,-1.0999,-2.1383,-10.5492,2.7686,-7.0277,-1.1051,4.6687,10.1835,0.0222,-0.0137,-0.0267,0.9993,-0.0281,0.1118,0.2567
1702,Pelvis,2,0.5388,-0.4437,0.6008,0.3896,0.0622,0.1472,0.0731,1.6857,0.0161,0.3445,9.8970,-2.7426,0.7334,0.0008,0.0018,0.0009,1.0000,0.2475,-0.0684,0.0178
1703,Left,2,0.2173,0.0161,-0.9475,-0.2341,-0.1040,0.1164,-0.0622,0.0441,-0.0661,-0.0068,-4.0174,-1.2406,8.8590,-0.0013,0.0015,-0.0008,1.0000,-0.1001,-0.0306,0.2217
1703,Right,2,0.5823,-0.1941,-0.7182,-0.3279,1.1502,-1.7847,-1.8758,-9.1858,-0.6498,-8.2137,-0.7060,6.6241,6.5562,0.0144,-0.0223,-0.0234,0.9994,-0.0175,0.1636,0.1659
1703,Pelvis,2,0.5366,-0.4438,0.6039,0.3879,0.1144,0.1745,0.2611,1.3926,0.0180,-0.1406,9.4359,-2.4491,0.6749,0.0014,0.0022,0.0033,1.0000,0.2361,-0.0605,0.0163
1704,Left,2,0.2188,0.0169,-0.9471,-0.2343,-0.0812,0.1004,-0.0398,0.0504,-0.0393,-0.0418,-4.0193,-1.2887,8.8124,-0.0010,0.0013,-0.0005,1.0000,-0.1002,-0.0319,0.2205
1704,Right,2,0.5594,-0.1853,-0.7301,-0.3461,0.7692,-2.3750,-0.7824,-8.2308,-0.8671,-8.5856,-0.4097,6.2747,5.5198,0.0096,-0.0297,-0.0098,0.9995,-0.0128,0.1557,0.1391
1704,Pelvis,2,0.5346,-0.4438,0.6068,0.3860,0.1224,0.1506,0.2558,0.6935,-0.2322,-0.3316,9.3180,-1.7478,0.7391,0.0015,0.0019,0.0032,1.0000,0.2331,-0.0430,0.0180
1705,Left,2,0.2199,0.0174,-0.9468,-0.2343,-0.0534,0.0799,-0.0197,0.1019,0.0187,-0.0651,-4.0441,-1.3780,8.7620,-0.0007,0.0010,-0.0002,1.0000,-0.1009,-0.0343,0.2192
1705,Right,2,0.5300,-0.1828,-0.7502,-0.3506,0.5824,-2.7441,0.6152,-8.1304,-0.8300,-7.4649,-1.1238,6.1471,5.7685,0.0073,-0.0343,0.0077,0.9994,-0.0342,0.1524,0.1442
1705,Pelvis,2,0.5324,-0.4431,0.6093,0.3860,0.0572,0.2353,0.1247,0.3117,-0.3732,-0.7886,8.9042,-1.3288,0.7879,0.0007,0.0029,0.0016,1.0000,0.2227,-0.0329,0.0190
1706,Left,2,0.2208,0.0177,-0.9466,-0.2343,-0.0394,0.0615,-0.0101,-0.0051,-0.0862,-0.0698,-4.0204,-1.2497,8.7868,-0.0005,0.0008,-0.0001,1.0000,-0.1003,-0.0311,0.2198
1706,Right,2,0.4942,-0.1825,-0.7773,-0.3438,0.3075,-3.1935,1.6795,-7.4822,0.2000,-5.1290,-2.4400,4.8766,6.9482,0.0038,-0.0399,0.0210,0.9990,-0.0704,0.1198,0.1715
1706,Pelvis,2,0.5303,-0.4422,0.6112,0.3870,0.0043,0.2535,0.0442,0.4361,0.0943,-0.9492,8.7209,-1.5880,0.4298,0.0001,0.0032,0.0006,1.0000,0.2181,-0.0396,0.0101
1707,Left,2,0.2218,0.0181,-0.9464,-0.2341,-0.0470,0.0714,-0.0004,-0.0509,-0.0112,-0.1057,-3.9506,-1.3021,8.7707,-0.0006,0.0009,-0.0000,1.0000,-0.0986,-0.0324,0.2194
1707,Right,2,0.4506,-0.1833,-0.8079,-0.3327,0.3699,-3.7323,2.2043,-5.7344,1.4762,-3.1516,-3.4203,2.8358,7.7311,0.0046,-0.0466,0.0275,0.9985,-0.0963,0.0675,0.1893
1707,Pelvis,2,0.5287,-0.4412,0.6129,0.3876,0.0374,0.2013,0.0378,0.2787,0.1871,-1.1521,8.5383,-1.4507,0.3337,0.0005,0.0025,0.0005,1.0000,0.2135,-0.0362,0.0078
1708,Left,2,0.2226,0.0181,-0.9463,-0.2336,-0.0211,0.0579,0.0320,-0.0102,0.0777,-0.1702,-3.9315,-1.3965,8.6935,-0.0003,0.0007,0.0004,1.0000,-0.0981,-0.0349,0.2174
1708,Right,2,0.3994,-0.1850,-0.8382,-0.3221,0.6531,-4.1825,2.3004,-4.2916,1.9966,-0.4712,-5.0869,1.7913,8.9838,0.0082,-0.0522,0.0287,0.9982,-0.1399,0.0391,0.2178
1708,Pelvis,2,0.5273,-0.4411,0.6142,0.3876,0.0063,0.1257,0.0846,0.2948,0.5413,-0.9825,8.7037,-1.6111,0.0466,0.0001,0.0016,0.0011,1.0000,0.2176,-0.0400,0.0008
1709,Left,2,0.2229,0.0176,-0.9464,-0.2329,0.0248,0.0305,0.0605,-0.0060,0.1537,-0.1977,-3.9011,-1.4577,8.6676,0.0003,0.0004,0.0008,1.0000,-0.0974,-0.0366,0.2167
1709,Right,2,0.3421,-0.1872,-0.8654,-0.3146,0.9929,-4.5412,2.1217,-2.0119,1.9878,1.9593,-6.9881,0.8824,9.8570,0.0124,-0.0567,0.0265,0.9980,-0.1888,0.0142,0.2362
1709,Pelvis,2,0.5259,-0.4412,0.6153,0.3875,-0.0002,0.1079,0.0899,0.3691,0.6276,-0.8788,8.7929,-1.7407,0.0185,-0.0000,0.0013,0.0011,1.0000,0.2199,-0.0433,0.0002
1710,Left,2,0.2226,0.0165,-0.9467,-0.2322,0.0834,-0.0107,0.0764,0.0139,0.0206,-0.1594,-3.9976,-1.3352,8.6847,0.0010,-0.0001,0.0010,1.0000,-0.0999,-0.0337,0.2171
1710,Right,2,0.2854,-0.1948,-0.8861,-0.3090,1.4961,-4.1999,1.9590,0.7490,1.8136,5.2606,-9.7743,0.2716,11.6501,0.0187,-0.0525,0.0245,0.9981,-0.2592,-0.0047,0.2779
1710,Pelvis,2,0.5247,-0.4408,0.6163,0.3880,-0.0045,0.1309,0.0409,0.4927,0.8476,-0.6697,8.9816,-1.9680,-0.1145,-0.0001,0.0016,0.0005,1.0000,0.2246,-0.0491,-0.0032
1711,Left,2,0.2222,0.0153,-0.9470,-0.2316,0.0872,-0.0193,0.0657,-0.0339,-0.1036,-0.0711,-4.0514,-1.1905,8.7795,0.0011,-0.0002,0.0008,1.0000,-0.1013,-0.0301,0.2194
1711,Right,2,0.2258,-0.2016,-0.9038,-0.3026,1.5462,-4.3531,1.9838,3.1216,0.6941,11.7653,-14.3257,1.7554,16.3755,0.0193,-0.0544,0.0248,0.9980,-0.3805,0.0270,0.3897
1711,Pelvis,2,0.5233,-0.4395,0.6176,0.3892,0.0196,0.2042,-0.0261,0.4880,1.0252,-0.5672,9.0869,-2.0344,-0.2404,0.0002,0.0026,-0.0003,1.0000,0.2271,-0.0509,-0.0066
1712,Left,2,0.2223,0.0146,-0.9471,-0.2312,0.0491,0.0160,0.0438,-0.0659,-0.0972,0.0556,-4.0775,-1.1791,8.9096,0.0006,0.0002,0.0005,1.0000,-0.1019,-0.0297,0.2227
1712,Right,2,0.1706,-0.2002,-0.9187,-0.2946,0.8542,-4.1556,1.8019,8.2832,-2.4321,11.9330,-17.7638,2.0299,15.1107,0.0107,-0.0519,0.0225,0.9983,-0.4638,0.0366,0.3544
1712,Pelvis,2,0.5227,-0.4373,0.6186,0.3910,0.0529,0.2094,-0.1316,0.4817,1.0461,-0.9277,8.7371,-1.9689,-0.2383,0.0007,0.0026,-0.0016,1.0000,0.2183,-0.0496,-0.0066
1713,Left,2,0.2233,0.0141,-0.9470,-0.2307,0.0144,0.0815,0.0422,-0.0312,0.0596,0.0532,-4.0471,-1.3228,8.9000,0.0002,0.0010,0.0005,1.0000,-0.1009,-0.0332,0.2226
1713,Right,2,0.1166,-0.1917,-0.9323,-0.2838,0.2933,-4.1731,1.8605,13.1196,-8.7957,8.7694,-21.6588,4.0858,10.4706,0.0037,-0.0521,0.0232,0.9984,-0.5563,0.0884,0.2333
1713,Pelvis,2,0.5229,-0.4342,0.6192,0.3933,0.0867,0.1887,-0.2324,-0.1090,0.9657,-0.9075,8.8507,-1.3512,-0.2942,0.0011,0.0024,-0.0029,1.0000,0.2211,-0.0344,-0.0079
1714,Left,2,0.2252,0.0136,-0.9466,-0.2301,-0.0012,0.1598,0.0451,-0.1129,0.0600,0.0122,-3.9939,-1.2775,8.8861,-0.0000,0.0020,0.0006,1.0000,-0.0994,-0.0320,0.2224
1714,Right,2,0.0677,-0.1798,-0.9432,-0.2710,-0.0553,-3.8076,1.8468,14.3984,-8.6776,-4.6031,-17.6031,0.3041,0.2883,-0.0007,-0.0476,0.0231,0.9986,-0.4398,-0.0026,-0.0137
1714,Pelvis,2,0.5233,-0.4306,0.6197,0.3958,0.1047,0.2022,-0.2725,-0.5474,0.8945,-0.2674,9.5530,-0.9395,-0.2645,0.0013,0.0025,-0.0034,1.0000,0.2387,-0.0243,-0.0072
1715,Right,2,0.0300,-0.1919,-0.9459,-0.2599,1.6384,-2.4379,1.5071,16.9822,-5.3154,-10.5985,-16.9313,-4.8863,-2.6231,0.0205,-0.0305,0.0188,0.9991,-0.4186,-0.1285,-0.0810
1715,Pelvis,2,0.5235,-0.4282,0.6199,0.3979,0.0472,0.1489,-0.2068,0.3311,0.4806,0.3102,9.9931,-1.6464,0.4900,0.0006,0.0019,-0.0026,1.0000,0.2497,-0.0418,0.0118
1716,Left,2,0.2332,0.0132,-0.9449,-0.2292,-0.0631,0.3193,0.0231,-0.3110,0.0334,-0.0137,-3.9287,-1.1756,8.9052,-0.0016,0.0080,0.0006,1.0000,-0.1928,-0.0582,0.4469
1716,Right,2,0.0120,-0.1953,-0.9466,-0.2562,0.6191,-1.2304,0.5840,14.2548,-7.9872,-14.2526,-15.5605,-2.3323,-6.2582,0.0077,-0.0154,0.0073,0.9998,-0.3861,-0.0599,-0.1629
1716,Pelvis,2,0.5240,-0.4262,0.6197,0.3997,0.0371,0.0933,-0.1918,0.4293,0.9081,-0.6855,9.0209,-1.7128,0.0611,0.0005,0.0012,-0.0024,1.0000,0.2254,-0.0434,0.0012
1717,Left,2,0.2407,0.0128,-0.9432,-0.2285,-0.1220,0.6047,0.0307,-0.3420,0.1763,0.0416,-4.0064,-1.3226,8.9138,-0.0015,0.0076,0.0004,1.0000,-0.0985,-0.0328,0.2236
1717,Right,2,0.0230,-0.1954,-0.9484,-0.2487,-0.2461,0.9536,0.4393,12.9219,-6.6421,-13.2357,-13.9481,-2.2186,-4.8325,-0.0031,0.0119,0.0055,0.9999,-0.3498,-0.0577,-0.1165
1717,Pelvis,2,0.5252,-0.4238,0.6198,0.4005,0.1268,0.0509,-0.1836,0.4796,1.9687,-0.5735,9.1863,-2.0677,-0.8979,0.0016,0.0006,-0.0023,1.0000,0.2295,-0.0522,-0.0227
1718,Left,2,0.2516,0.0119,-0.9406,-0.2276,-0.1457,0.8861,0.0507,-0.3863,-0.0530,0.1451,-4.2866,-1.1386,8.9242,-0.0018,0.0111,0.0006,0.9999,-0.1047,-0.0281,0.2243
1718,Right,2,0.0457,-0.1884,-0.9522,-0.2362,-1.0573,1.7675,0.6656,7.7895,-7.9353,-2.1302,-11.6253,5.4002,4.2860,-0.0132,0.0221,0.0083,0.9996,-0.2893,0.1341,0.1118
1718,Pelvis,2,0.5276,-0.4210,0.6201,0.3999,0.2595,-0.0370,-0.1550,0.8597,2.7518,-0.2835,9.4750,-2.6732,-1.4814,0.0032,-0.0005,-0.0019,1.0000,0.2368,-0.0672,-0.0371
1719,Left,2,0.2680,0.0115,-0.9363,-0.2266,-0.2825,1.3233,0.0136,-0.9272,-0.3502,0.2398,-4.2949,-0.7026,9.1162,-0.0035,0.0165,0.0002,0.9999,-0.1036,-0.0168,0.2297
1719,Right,2,0.0719,-0.1702,-0.9596,-0.2124,-2.0703,1.9753,1.5013,-9.6517,8.0472,9.9477,8.0858,3.8807,21.6383,-0.0259,0.0247,0.0188,0.9992,0.2133,0.1148,0.5330
1719,Pelvis,2,0.5323,-0.4183,0.6201,0.3965,0.4276,-0.2622,-0.1086,1.2905,2.6620,-0.3741,9.3318,-3.0202,-1.2783,0.0053,-0.0033,-0.0014,1.0000,0.2333,-0.0757,-0.0316
1720,Left,2,0.2954,0.0116,-0.9284,-0.2252,-0.5428,2.2161,-0.0160,-1.9249,0.5548,0.1322,-3.5138,-1.1788,9.4449,-0.0068,0.0277,-0.0002,0.9996,-0.0813,-0.0278,0.2386
1720,Right,2,0.1000,-0.1665,-0.9610,-0.1968,-0.8639,2.2987,0.8225,4.4451,14.0996,-8.6806,0.8595,-13.6689,5.6831,-0.0108,0.0287,0.0103,0.9995,0.0291,-0.3399,0.1450
1720,Pelvis,2,0.5383,-0.4175,0.6200,0.3894,0.5314,-0.5133,0.1155,0.2447,1.2376,1.5196,11.2645,-1.7567,-0.1994,0.0066,-0.0064,0.0014,1.0000,0.2817,-0.0435,-0.0035
1721,Left,2,0.3385,0.0074,-0.9145,-0.2216,-0.5596,3.6020,0.1525,-2.7997,1.5490,-0.0935,-3.0352,-1.8049,9.6074,-0.0070,0.0450,0.0019,0.9990,-0.0649,-0.0436,0.2436
1721,Right,2,0.1306,-0.1720,-0.9554,-0.2014,0.0610,2.4209,-0.7945,10.4680,4.1863,7.5334,-12.9310,-3.1836,15.8356,0.0008,0.0303,-0.0099,0.9995,-0.3119,-0.0768,0.4054
1721,Pelvis,2,0.5412,-0.4192,0.6211,0.3816,0.3900,-0.4126,0.3957,-0.7871,-0.8872,2.6339,12.4228,-0.2372,1.3943,0.0049,-0.0052,0.0049,1.0000,0.3104,-0.0046,0.0364
1722,Left,2,0.4028,-0.0050,-0.8897,-0.2149,-0.4223,5.5984,0.4181,-3.8539,2.7303,-0.2285,-2.9099,-2.5278,9.9745,-0.0053,0.0699,0.0052,0.9975,-0.0547,-0.0622,0.2539
1722,Right,2,0.1517,-0.1694,-0.9522,-0.2042,-0.4514,1.5644,-0.5801,2.3402,-6.9238,5.6140,-9.6219,9.0747,10.7938,-0.0056,0.0196,-0.0073,0.9998,-0.2336,0.2301,0.2732
1722,Pelvis,2,0.5410,-0.4235,0.6211,0.3771,-0.0254,-0.2710,0.4203,-0.5629,-2.1360,2.4740,12.2253,-0.1019,2.5249,-0.0003,-0.0034,0.0053,1.0000,0.3054,-0.0009,0.0642
1723,Left,2,0.4897,-0.0249,-0.8474,-0.2037,-0.4130,7.9083,0.6742,-5.2822,2.5686,0.6425,-4.5873,-2.0326,10.9136,-0.0052,0.0987,0.0084,0.9951,-0.0866,-0.0502,0.2826
1723,Right,2,0.1637,-0.1600,-0.9512,-0.2067,-0.8546,0.7383,-0.4751,1.9730,0.8236,2.3151,-5.8915,1.4344,10.7191,-0.0107,0.0092,-0.0059,0.9999,-0.1446,0.0396,0.2689
1723,Pelvis,2,0.5407,-0.4270,0.6205,0.3745,-0.0835,-0.1975,0.2718,0.2635,-0.8398,1.0626,10.7386,-1.2670,1.4571,-0.0010,-0.0025,0.0034,1.0000,0.2685,-0.0307,0.0371
1724,Left,2,0.5821,-0.0448,-0.7899,-0.1875,-0.6764,8.8930,0.7604,-5.6379,1.4580,3.3540,-9.4192,-1.3370,10.8457,-0.0084,0.1109,0.0095,0.9937,-0.2032,-0.0330,0.2952
1724,Right,2,0.1683,-0.1489,-0.9515,-0.2099,-0.8753,0.1165,-0.4351,1.0628,-0.3690,1.1313,-5.2018,2.3045,9.4166,-0.0109,0.0015,-0.0054,0.9999,-0.1294,0.0609,0.2350
1724,Pelvis,2,0.5424,-0.4263,0.6210,0.3720,0.2178,-0.1318,0.0519,0.6405,-0.7653,-0.3428,9.2960,-1.5074,1.4093,0.0027,-0.0016,0.0006,1.0000,0.2324,-0.0376,0.0355
1725,Right,2,0.1688,-0.1397,-0.9522,-0.2128,-0.6628,-0.1666,-0.3283,1.0207,0.1647,0.7395,-4.8436,1.5450,9.3044,-0.0083,-0.0021,-0.0041,1.0000,-0.1214,0.0410,0.2320
1725,Pelvis,2,0.5442,-0.4240,0.6232,0.3683,0.4063,-0.0502,0.0871,0.0090,-2.2960,-0.4978,9.2309,-0.3526,2.5893,0.0051,-0.0006,0.0011,1.0000,0.2307,-0.0089,0.0648
1726,Right,2,0.1689,-0.1349,-0.9525,-0.2144,-0.3412,-0.0986,-0.1721,0.8595,0.6061,0.4406,-4.4131,1.0261,9.2579,-0.0043,-0.0012,-0.0022,1.0000,-0.1106,0.0269,0.2312
1726,Pelvis,2,0.5438,-0.4249,0.6261,0.3631,0.2712,-0.0541,0.3944,-0.4525,-2.1175,0.5731,10.3565,-0.1709,2.2953,0.0034,-0.0007,0.0049,1.0000,0.2589,-0.0032,0.0575
1727,Left,2,0.7373,-0.0887,-0.6601,-0.1132,-0.8503,5.6420,1.4198,-8.7001,6.9377,5.2872,-13.4902,-5.4528,12.0775,-0.0316,0.2099,0.0528,0.9758,-0.7692,-0.4213,1.1000
1727,Right,2,0.1694,-0.1328,-0.9526,-0.2150,-0.1481,-0.0089,-0.0735,0.3567,0.1134,0.1959,-4.0634,1.5656,9.0194,-0.0019,-0.0001,-0.0009,1.0000,-0.1016,0.0397,0.2254
1727,Pelvis,2,0.5423,-0.4278,0.6284,0.3578,0.1215,-0.0890,0.5061,-0.6947,-1.5338,1.7529,11.5545,-0.4438,1.7016,0.0015,-0.0011,0.0063,1.0000,0.2889,-0.0093,0.0428
1728,Left,2,0.7268,-0.0946,-0.6695,-0.1205,0.7743,-1.0902,0.1242,-17.5044,13.3472,0.2745,-11.4865,-8.1843,19.6834,0.0097,-0.0136,0.0016,0.9999,-0.2935,-0.2098,0.4861
1728,Right,2,0.1707,-0.1325,-0.9524,-0.2152,-0.0335,0.0871,-0.0237,0.1708,0.1250,0.1337,-3.8895,1.6001,9.0159,-0.0004,0.0011,-0.0003,1.0000,-0.0970,0.0401,0.2255
1728,Pelvis,2,0.5415,-0.4288,0.6294,0.3560,0.0394,-0.0102,0.1940,-0.3213,-0.7462,0.8594,10.5991,-1.0449,1.0586,0.0005,-0.0001,0.0024,1.0000,0.2650,-0.0255,0.0265
1729,Left,2,0.7051,-0.1039,-0.6891,-0.1308,1.1585,-2.2767,0.3414,-6.6810,3.7354,-13.2581,3.1646,-1.2969,7.6671,0.0145,-0.0285,0.0043,0.9995,0.0738,-0.0349,0.1933
1729,Right,2,0.1724,-0.1322,-0.9520,-0.2155,-0.0284,0.1252,-0.0462,0.0633,-0.1584,0.0667,-3.9024,1.8706,8.8827,-0.0004,0.0016,-0.0006,1.0000,-0.0972,0.0469,0.2222
1729,Pelvis,2,0.5430,-0.4279,0.6287,0.3561,0.0619,-0.0725,-0.1125,-0.3314,-0.7945,0.1171,9.8687,-0.9135,1.0564,0.0008,-0.0009,-0.0014,1.0000,0.2467,-0.0232,0.0266
1730,Left,2,0.6831,-0.1048,-0.7111,-0.1290,0.0029,-2.4194,0.5660,-8.1074,3.5532,-7.8642,-1.7956,-0.7718,8.8518,0.0000,-0.0302,0.0071,0.9995,-0.0514,-0.0197,0.2198
1730,Right,2,0.1742,-0.1322,-0.9517,-0.2154,-0.0193,0.1359,-0.0024,0.1681,0.1179,-0.0021,-3.8953,1.5585,8.8706,-0.0002,0.0017,-0.0000,1.0000,-0.0970,0.0390,0.2219
1730,Pelvis,2,0.5446,-0.4257,0.6280,0.3575,0.0789,0.0034,-0.2436,-1.0514,-0.9987,-0.1012,9.7720,-0.1005,0.9556,0.0010,0.0000,-0.0030,1.0000,0.2443,-0.0033,0.0239
1731,Left,2,0.6463,-0.1000,-0.7455,-0.1286,-0.2015,-4.0077,0.4244,-6.9793,5.9904,-4.8898,-4.0148,-3.5123,8.9694,-0.0025,-0.0501,0.0053,0.9987,-0.1110,-0.0878,0.2191
1731,Right,2,0.1759,-0.1330,-0.9515,-0.2145,0.0305,0.1513,0.0610,0.1227,0.1408,-0.0537,-3.8603,1.5509,8.8298,0.0004,0.0019,0.0008,1.0000,-0.0961,0.0386,0.2209
1732,Left,2,0.5956,-0.0932,-0.7865,-0.1339,0.0673,-5.2403,0.1548,-5.8488,4.6503,-4.1406,-4.0376,-2.6082,8.0632,0.0008,-0.0655,0.0019,0.9979,-0.1137,-0.0656,0.1944
1732,Right,2,0.1775,-0.1342,-0.9513,-0.2134,0.0659,0.1600,0.0858,0.0756,-0.0096,-0.0727,-3.8999,1.7145,8.7593,0.0008,0.0020,0.0011,1.0000,-0.0971,0.0426,0.2192
1733,Left,2,0.5380,-0.0779,-0.8275,-0.1403,-0.3394,-5.7792,-0.2585,-4.7473,3.0084,-3.5607,-3.9872,-1.4467,7.2666,-0.0042,-0.0722,-0.0032,0.9974,-0.1126,-0.0351,0.1740
1733,Right,2,0.1792,-0.1353,-0.9509,-0.2128,0.0585,0.1482,0.0460,0.0463,-0.1228,-0.1214,-3.9282,1.8346,8.6684,0.0007,0.0019,0.0006,1.0000,-0.0978,0.0456,0.2169
1733,Pelvis,2,0.5442,-0.4235,0.6270,0.3625,-0.0490,0.0688,-0.1206,-0.4838,-0.6338,-0.8955,8.8966,-0.5732,0.8208,-0.0018,0.0026,-0.0045,1.0000,0.6672,-0.0459,0.0599
1734,Left,2,0.4783,-0.0567,-0.8641,-0.1459,-0.7181,-5.7812,-0.4961,-4.2177,2.5851,-0.9300,-5.5074,-1.4253,8.4375,-0.0090,-0.0722,-0.0062,0.9973,-0.1526,-0.0329,0.2006
1734,Right,2,0.1806,-0.1359,-0.9506,-0.2128,0.0383,0.1240,0.0007,0.0057,-0.0727,-0.1748,-3.8844,1.8091,8.6332,0.0005,0.0015,0.0000,1.0000,-0.0968,0.0451,0.2160
1734,Pelvis,2,0.5436,-0.4230,0.6263,0.3651,-0.1353,0.1020,-0.1521,-0.1680,-0.2032,-1.5381,8.2137,-0.8842,0.5399,-0.0017,0.0013,-0.0019,1.0000,0.2053,-0.0225,0.0133
1735,Left,2,0.4152,-0.0301,-0.8968,-0.1497,-1.0957,-5.9325,-0.6143,-3.1384,2.0192,4.2349,-9.0597,-1.7657,11.2455,-0.0137,-0.0741,-0.0077,0.9971,-0.2468,-0.0386,0.2639
1735,Right,2,0.1818,-0.1360,-0.9503,-0.2130,0.0091,0.0866,-0.0252,0.0064,-0.1314,-0.1663,-3.9337,1.8622,8.6098,0.0001,0.0011,-0.0003,1.0000,-0.0981,0.0466,0.2154
1735,Pelvis,2,0.5433,-0.4228,0.6251,0.3678,-0.1502,0.0572,-0.1678,-0.5671,-0.1729,-1.2880,8.5198,-0.5309,0.3901,-0.0019,0.0007,-0.0021,1.0000,0.2130,-0.0137,0.0096
1736,Left,2,0.3515,0.0037,-0.9233,-0.1548,-1.5565,-5.8535,-1.0105,1.2685,1.4538,8.5281,-13.3460,-3.4531,12.2758,-0.0194,-0.0731,-0.0126,0.9971,-0.3560,-0.0763,0.2829
1736,Right,2,0.1825,-0.1354,-0.9501,-0.2136,-0.0352,0.0357,-0.0560,-0.0288,-0.1828,-0.1411,-3.9487,1.9175,8.6200,-0.0004,0.0004,-0.0007,1.0000,-0.0986,0.0481,0.2155
1736,Pelvis,2,0.5426,-0.4231,0.6241,0.3703,-0.1756,0.0697,-0.1178,-0.7054,0.1907,-1.0847,8.7421,-0.5353,0.0237,-0.0022,0.0009,-0.0015,1.0000,0.2185,-0.0137,0.0004
1737,Left,2,0.2901,0.0446,-0.9397,-0.1755,-1.6659,-5.4795,-2.4936,9.7876,-1.0753,14.7516,-22.1082,-5.5642,13.4903,-0.0208,-0.0684,-0.0311,0.9970,-0.5780,-0.1148,0.3008
1737,Right,2,0.1829,-0.1340,-0.9500,-0.2148,-0.0885,-0.0038,-0.1109,-0.0889,-0.0853,-0.1660,-3.8619,1.8306,8.6492,-0.0011,-0.0000,-0.0014,1.0000,-0.0965,0.0461,0.2162
1737,Pelvis,2,0.5412,-0.4241,0.6234,0.3724,-0.2059,0.0864,-0.0374,-0.7334,0.8365,-0.8191,9.0127,-0.7620,-0.5588,-0.0026,0.0011,-0.0005,1.0000,0.2253,-0.0192,-0.0142
1738,Left,2,0.2298,0.0689,-0.9462,-0.2171,-0.1219,-4.9290,-3.6196,19.5958,-7.5758,10.1139,-27.8237,-3.9769,7.0793,-0.0015,-0.0616,-0.0452,0.9971,-0.7083,-0.0673,0.1337
1738,Right,2,0.1835,-0.1323,-0.9497,-0.2164,-0.1050,-0.0007,-0.1483,-0.0502,0.0612,-0.1376,-3.8595,1.6534,8.7169,-0.0013,-0.0000,-0.0019,1.0000,-0.0964,0.0418,0.2179
1738,Pelvis,2,0.5394,-0.4266,0.6227,0.3732,-0.2318,0.0076,0.1138,-0.8141,1.1371,-1.4650,8.3857,-0.7191,-0.8967,-0.0029,0.0001,0.0014,1.0000,0.2097,-0.0177,-0.0224
1739,Left,2,0.1718,0.0682,-0.9479,-0.2593,1.8542,-4.1614,-3.4700,22.2158,-13.7151,-1.2362,-27.4788,0.6606,-0.9163,0.0232,-0.0520,-0.0433,0.9974,-0.6830,0.0473,-0.0577
1739,Right,2,0.1849,-0.1309,-0.9493,-0.2179,-0.0881,0.0682,-0.1523,-0.1729,0.0357,-0.0549,-3.8143,1.7074,8.8194,-0.0011,0.0009,-0.0019,1.0000,-0.0951,0.0431,0.2205
1739,Pelvis,2,0.5379,-0.4306,0.6219,0.3721,-0.2218,-0.1139,0.2522,-0.9725,1.2614,-1.9389,7.9347,-0.5872,-1.1087,-0.0028,-0.0014,0.0032,1.0000,0.1985,-0.0141,-0.0274
1740,Left,2,0.1244,0.0524,-0.9489,-0.2854,2.5562,-3.1349,-2.0041,17.7547,-13.9587,-11.9078,-21.2938,3.3281,-7.0973,0.0319,-0.0392,-0.0250,0.9984,-0.5225,0.1024,-0.1950
1740,Right,2,0.1877,-0.1299,-0.9485,-0.2197,-0.0810,0.1875,-0.1804,-0.2322,0.0165,-0.0327,-3.8173,1.7175,8.8420,-0.0010,0.0023,-0.0023,1.0000,-0.0948,0.0434,0.2212
1740,Pelvis,2,0.5367,-0.4358,0.6203,0.3704,-0.2743,-0.2238,0.3028,-0.2232,0.8708,-0.1531,9.5837,-1.4417,-0.4364,-0.0034,-0.0028,0.0038,1.0000,0.2398,-0.0352,-0.0101
1741,Left,2,0.1073,0.0635,-0.9502,-0.2856,-0.4384,-1.5527,-0.1622,12.7271,-17.0391,-16.5040,-18.5289,8.5955,-8.9414,-0.0055,-0.0194,-0.0020,0.9998,-0.4583,0.2146,-0.2336
1741,Right,2,0.1920,-0.1297,-0.9473,-0.2212,-0.0463,0.3200,-0.1806,-0.2310,0.2238,-0.0372,-3.8047,1.5014,8.8845,-0.0006,0.0040,-0.0023,1.0000,-0.0941,0.0379,0.2225
1741,Pelvis,2,0.5356,-0.4398,0.6191,0.3694,-0.2258,-0.1523,0.2236,-0.7194,0.7454,0.7705,10.5612,-1.1331,-0.5037,-0.0028,-0.0019,0.0028,1.0000,0.2641,-0.0276,-0.0120
1742,Left,2,0.1193,0.0538,-0.9512,-0.2794,0.4177,1.0892,0.6295,18.6286,-6.9321,-18.2042,-17.4630,-2.5088,-12.4206,0.0052,0.0136,0.0079,0.9999,-0.4402,-0.0646,-0.3049
1742,Right,2,0.1992,-0.1306,-0.9454,-0.2226,-0.0031,0.5727,-0.1919,-0.4597,0.2097,0.1609,-3.8129,1.6262,9.0855,-0.0000,0.0072,-0.0024,1.0000,-0.0936,0.0409,0.2278
1742,Pelvis,2,0.5339,-0.4427,0.6180,0.3702,-0.2657,-0.0186,0.1168,-1.9470,0.7566,0.8676,10.8408,-0.0523,-0.9520,-0.0033,-0.0002,0.0015,1.0000,0.2710,-0.0010,-0.0237
1743,Left,2,0.1527,0.0433,-0.9466,-0.2807,0.0511,2.8268,0.0453,-8.1945,1.2784,7.8330,3.2261,0.2060,19.2318,0.0006,0.0353,0.0006,0.9994,0.0976,0.0049,0.4776
1743,Right,2,0.2110,-0.1329,-0.9421,-0.2241,0.0351,0.9628,-0.2475,-0.7463,0.6353,0.2588,-3.6499,1.3885,9.3354,0.0004,0.0120,-0.0031,0.9999,-0.0883,0.0349,0.2345
1743,Pelvis,2,0.5315,-0.4473,0.6159,0.3716,-0.4269,-0.0546,0.1447,-1.6830,0.5248,0.4048,10.3450,-0.1777,-0.6741,-0.0053,-0.0007,0.0018,1.0000,0.2586,-0.0041,-0.0167
1744,Left,2,0.1777,0.0338,-0.9447,-0.2735,0.0707,2.1012,0.7018,-0.6013,-4.8911,-0.4191,-4.8854,2.8882,8.9631,0.0009,0.0263,0.0088,0.9996,-0.1168,0.0710,0.2273
1744,Right,2,0.2315,-0.1380,-0.9362,-0.2257,0.1174,1.7209,-0.3466,-1.8656,0.8529,0.4164,-3.0720,1.7514,9.8160,0.0015,0.0215,-0.0043,0.9998,-0.0713,0.0437,0.2470
1744,Pelvis,2,0.5302,-0.4524,0.6118,0.3739,-0.5318,-0.1790,0.0273,-0.3992,-0.1190,0.8201,10.5620,-1.2528,0.3230,-0.0066,-0.0022,0.0003,1.0000,0.2640,-0.0312,0.0089
1745,Left,2,0.2008,0.0206,-0.9419,-0.2684,0.4135,2.0657,0.5708,8.0449,-3.1112,8.4627,-14.1695,-4.1921,13.7892,0.0052,0.0258,0.0071,0.9996,-0.3444,-0.1091,0.3532
1745,Right,2,0.2643,-0.1468,-0.9257,-0.2273,0.2184,2.7892,-0.5021,-1.6763,1.3658,0.5628,-3.6837,1.2432,9.8620,0.0027,0.0349,-0.0063,0.9994,-0.0832,0.0309,0.2496
1745,Pelvis,2,0.5326,-0.4562,0.6057,0.3759,-0.4189,-0.4161,-0.2022,0.5499,-0.2899,1.8042,11.3972,-2.2245,0.7048,-0.0052,-0.0052,-0.0025,1.0000,0.2847,-0.0562,0.0194
1746,Left,2,0.2119,0.0091,-0.9405,-0.2655,0.5889,1.0993,0.3822,1.4244,-1.7225,3.5682,-7.0702,-1.0788,11.5286,0.0074,0.0137,0.0048,0.9999,-0.1726,-0.0299,0.2904
1746,Right,2,0.3119,-0.1613,-0.9080,-0.2286,0.4589,4.1487,-0.6667,-2.5034,1.0943,0.9285,-4.2484,1.9672,10.0515,0.0057,0.0518,-0.0083,0.9986,-0.0926,0.0485,0.2566
1746,Pelvis,2,0.5357,-0.4580,0.6007,0.3774,-0.2386,-0.3636,-0.2632,1.0449,-0.6138,2.5492,12.0917,-2.6444,1.0412,-0.0030,-0.0045,-0.0033,1.0000,0.3019,-0.0670,0.0276
1747,Left,2,0.2111,-0.0000,-0.9409,-0.2647,0.6927,0.1184,0.2238,1.7674,-1.0786,1.6530,-6.4369,-1.3344,9.6197,0.0087,0.0015,0.0028,1.0000,-0.1605,-0.0359,0.2404
1747,Right,2,0.3766,-0.1798,-0.8789,-0.2311,0.6113,5.7369,-1.0812,-3.5763,0.6398,1.2734,-5.1676,2.9861,10.0361,0.0076,0.0716,-0.0135,0.9973,-0.1098,0.0743,0.2598
1747,Pelvis,2,0.5363,-0.4609,0.5976,0.3780,-0.2553,-0.2274,-0.0133,-0.2065,-0.7456,1.0860,10.8411,-1.1742,0.6870,-0.0032,-0.0028,-0.0002,1.0000,0.2710,-0.0293,0.0180
1748,Left,2,0.2039,-0.0044,-0.9424,-0.2652,0.4966,-0.4767,0.0640,1.7199,-1.0144,1.4886,-6.2660,-1.1828,9.5419,0.0062,-0.0060,0.0008,1.0000,-0.1580,-0.0312,0.2374
1748,Right,2,0.4542,-0.1960,-0.8364,-0.2360,0.4704,6.9738,-1.7519,-5.4955,0.0589,2.3261,-6.7361,4.5827,10.5666,0.0059,0.0871,-0.0219,0.9959,-0.1420,0.1163,0.2780
1748,Pelvis,2,0.5344,-0.4655,0.5948,0.3794,-0.4438,-0.1155,0.1113,-0.9095,-2.0649,1.3076,11.2187,-0.1848,1.6910,-0.0055,-0.0014,0.0014,1.0000,0.2804,-0.0040,0.0427
1749,Left,2,0.1979,-0.0057,-0.9433,-0.2666,0.2514,-0.4441,-0.0679,0.0115,-1.1894,0.8737,-4.6805,-0.0239,9.6802,0.0031,-0.0056,-0.0008,1.0000,-0.1184,-0.0013,0.2413
1749,Right,2,0.5304,-0.2074,-0.7850,-0.2441,0.4366,7.0614,-2.2854,-5.9151,1.5103,5.7274,-11.3077,3.6912,11.7506,0.0054,0.0881,-0.0285,0.9957,-0.2526,0.0981,0.3175
1749,Pelvis,2,0.5320,-0.4676,0.5919,0.3847,-0.5017,0.1283,-0.1588,0.4748,-2.6868,1.5682,11.3107,-1.3828,2.6693,-0.0063,0.0016,-0.0020,1.0000,0.2828,-0.0347,0.0665
1750,Left,2,0.1952,-0.0047,-0.9434,-0.2682,0.0102,-0.2257,-0.1357,-0.1794,-0.3545,0.3010,-3.8179,-0.5689,9.3566,0.0001,-0.0028,-0.0017,1.0000,-0.0961,-0.0141,0.2336
1750,Right,2,0.5904,-0.2156,-0.7345,-0.2558,0.6911,5.8877,-2.3679,-8.2135,2.5887,7.7837,-14.4964,3.7763,12.6566,0.0086,0.0735,-0.0296,0.9968,-0.3349,0.1017,0.3426
1750,Pelvis,2,0.5309,-0.4660,0.5888,0.3929,-0.4196,0.2727,-0.5135,1.8705,-2.3355,0.6514,10.2024,-2.6175,2.7410,-0.0052,0.0034,-0.0064,1.0000,0.2549,-0.0667,0.0680
1751,Left,2,0.1947,-0.0034,-0.9431,-0.2694,-0.0633,-0.0740,-0.1199,-0.1097,-0.0066,0.1018,-3.5866,-0.9017,9.1996,-0.0008,-0.0009,-0.0015,1.0000,-0.0899,-0.0222,0.2299
1751,Right,2,0.6305,-0.2130,-0.6956,-0.2707,0.4100,3.8851,-2.4755,-10.4225,2.5722,0.3787,-8.5618,4.5305,11.2033,0.0051,0.0485,-0.0309,0.9983,-0.1965,0.1181,0.2905
1751,Pelvis,2,0.5303,-0.4623,0.5864,0.4015,-0.3004,0.3645,-0.6105,2.2505,-1.4589,-0.3383,9.1656,-2.9631,2.0422,-0.0038,0.0046,-0.0076,1.0000,0.2288,-0.0756,0.0503
1752,Left,2,0.1951,-0.0024,-0.9428,-0.2702,-0.0685,0.0150,-0.0858,-0.0071,0.0388,0.0111,-3.6017,-1.0089,9.0840,-0.0009,0.0002,-0.0011,1.0000,-0.0900,-0.0249,0.2271
1752,Right,2,0.6337,-0.2129,-0.6772,-0.3073,2.1017,0.4877,-2.4902,-12.3847,11.0306,3.1414,-11.0187,-0.8770,17.9078,0.0263,0.0061,-0.0311,0.9992,-0.2735,-0.0252,0.4487
1752,Pelvis,2,0.5297,-0.4594,0.5860,0.4063,-0.0978,0.2816,-0.3404,1.9212,-0.6138,-0.1791,9.3659,-2.7757,1.2034,-0.0012,0.0035,-0.0043,1.0000,0.2340,-0.0704,0.0293
1753,Left,2,0.1959,-0.0018,-0.9425,-0.2708,-0.0488,0.0461,-0.0623,0.1200,0.0410,0.0068,-3.7037,-1.0960,9.0288,-0.0006,0.0006,-0.0008,1.0000,-0.0925,-0.0272,0.2258
1753,Right,2,0.6121,-0.2117,-0.6787,-0.3462,2.4265,-1.9363,-1.7608,-10.7752,-0.0370,-9.7217,0.0143,7.6456,7.5958,0.0303,-0.0242,-0.0220,0.9990,-0.0002,0.1853,0.1956
1753,Pelvis,2,0.5284,-0.4592,0.5874,0.4060,0.0332,0.1171,0.0979,1.5480,-0.1137,0.3016,9.8825,-2.5657,0.6798,0.0004,0.0015,0.0012,1.0000,0.2472,-0.0638,0.0166
1754,Left,2,0.1968,-0.0013,-0.9422,-0.2712,-0.0389,0.0621,-0.0518,0.0205,-0.0753,0.0030,-3.6959,-0.9614,9.0426,-0.0005,0.0008,-0.0006,1.0000,-0.0922,-0.0239,0.2261
1754,Right,2,0.5895,-0.2081,-0.6889,-0.3669,1.2808,-2.1630,-0.6348,-9.2685,-0.6703,-8.9975,-0.7295,7.1862,5.9038,0.0160,-0.0270,-0.0079,0.9995,-0.0209,0.1774,0.1499
1754,Pelvis,2,0.5262,-0.4605,0.5903,0.4033,0.0890,0.0789,0.3578,1.2822,-0.1004,-0.1103,9.4878,-2.3213,0.6202,0.0011,0.0010,0.0045,1.0000,0.2375,-0.0570,0.0152
1755,Left,2,0.1981,-0.0007,-0.9417,-0.2718,-0.0655,0.0861,-0.0695,-0.0417,-0.1077,0.0063,-3.6816,-0.9205,9.0567,-0.0008,0.0011,-0.0009,1.0000,-0.0918,-0.0227,0.2265
1755,Right,2,0.5610,-0.2092,-0.7094,-0.3718,0.7939,-2.5801,0.8612,-8.2341,0.6101,-8.3068,-0.7384,5.6421,6.1714,0.0099,-0.0322,0.0108,0.9994,-0.0250,0.1393,0.1549
1755,Pelvis,2,0.5244,-0.4620,0.5927,0.4004,0.0860,0.0331,0.3455,0.6933,-0.3066,-0.2770,9.3763,-1.7656,0.6865,0.0011,0.0004,0.0043,1.0000,0.2346,-0.0431,0.0170
1756,Left,2,0.1995,0.0001,-0.9413,-0.2723,-0.0757,0.0884,-0.0630,0.0497,-0.0110,-0.0797,-3.6896,-1.0633,8.9436,-0.0009,0.0011,-0.0008,1.0000,-0.0920,-0.0263,0.2237
1756,Right,2,0.5252,-0.2126,-0.7382,-0.3661,0.5287,-3.1171,1.9362,-7.3607,2.0005,-5.3897,-2.5456,3.9240,7.4781,0.0066,-0.0389,0.0242,0.9989,-0.0732,0.0952,0.1849
1756,Pelvis,2,0.5225,-0.4621,0.5946,0.3999,0.0200,0.1536,0.1599,0.2062,-0.3897,-0.8653,8.8452,-1.2595,0.6537,0.0003,0.0019,0.0020,1.0000,0.2212,-0.0310,0.0159
1757,Left,2,0.2004,0.0007,-0.9410,-0.2726,-0.0551,0.0563,-0.0366,0.0658,-0.0007,-0.0926,-3.7075,-1.0989,8.9180,-0.0007,0.0007,-0.0005,1.0000,-0.0925,-0.0273,0.2230
1757,Right,2,0.4806,-0.2135,-0.7721,-0.3568,0.3992,-3.8647,2.3358,-5.5992,3.2381,-3.0549,-3.8039,1.8844,8.3409,0.0050,-0.0483,0.0292,0.9984,-0.1063,0.0431,0.2038
1757,Pelvis,2,0.5213,-0.4614,0.5957,0.4007,0.0043,0.1514,0.0149,0.3214,-0.1108,-1.2190,8.4723,-1.4129,0.4367,0.0001,0.0019,0.0002,1.0000,0.2118,-0.0353,0.0105
1758,Left,2,0.2010,0.0013,-0.9409,-0.2727,-0.0560,0.0346,-0.0240,0.0198,-0.1330,-0.0158,-3.7791,-0.9872,8.9856,-0.0007,0.0004,-0.0003,1.0000,-0.0944,-0.0245,0.2247
1758,Right,2,0.4271,-0.2117,-0.8068,-0.3491,0.5345,-4.5428,2.3110,-4.0450,3.6722,-0.9134,-5.0158,0.7543,9.1353,0.0067,-0.0567,0.0289,0.9979,-0.1385,0.0135,0.2209
1758,Pelvis,2,0.5208,-0.4605,0.5962,0.4015,0.0096,0.1031,-0.0459,0.5179,0.0631,-1.3218,8.3426,-1.6285,0.3417,0.0001,0.0013,-0.0006,1.0000,0.2086,-0.0408,0.0083
1759,Left,2,0.2019,0.0022,-0.9407,-0.2726,-0.0819,0.0471,-0.0141,-0.0668,-0.0368,-0.0736,-3.6506,-1.0362,8.9696,-0.0010,0.0006,-0.0002,1.0000,-0.0911,-0.0257,0.2243
1759,Right,2,0.3668,-0.2081,-0.8390,-0.3437,0.7331,-4.9947,2.1444,-2.3896,3.4395,1.3071,-6.4459,0.2417,9.9896,0.0092,-0.0624,0.0268,0.9977,-0.1763,-0.0008,0.2391
1759,Pelvis,2,0.5206,-0.4598,0.5964,0.4022,0.0061,0.0643,-0.0482,0.4868,0.2431,-1.1740,8.4944,-1.6537,0.1826,0.0001,0.0008,-0.0006,1.0000,0.2123,-0.0415,0.0044
1760,Left,2,0.2026,0.0029,-0.9406,-0.2723,-0.0670,0.0396,0.0071,-0.0292,0.0335,-0.1421,-3.6279,-1.1252,8.8935,-0.0008,0.0005,0.0001,1.0000,-0.0906,-0.0280,0.2224
1760,Right,2,0.3044,-0.2066,-0.8651,-0.3411,1.1171,-4.9426,1.8909,0.1327,2.5275,2.4716,-7.7317,-0.2892,9.8833,0.0140,-0.0617,0.0236,0.9977,-0.2077,-0.0154,0.2344
1760,Pelvis,2,0.5207,-0.4593,0.5964,0.4028,0.0028,0.0380,-0.0552,0.4600,0.4856,-0.9020,8.7698,-1.7136,-0.0381,0.0000,0.0005,-0.0007,1.0000,0.2192,-0.0430,-0.0011
1761,Left,2,0.2031,0.0034,-0.9407,-0.2718,-0.0478,0.0201,0.0207,-0.0964,-0.0127,-0.1642,-3.5994,-1.0612,8.8894,-0.0006,0.0003,0.0003,1.0000,-0.0899,-0.0264,0.2223
1761,Right,2,0.2433,-0.2113,-0.8846,-0.3370,1.5784,-4.4925,1.9415,2.5800,0.1171,10.5964,-14.2338,1.7745,14.7660,0.0197,-0.0561,0.0243,0.9979,-0.3766,0.0284,0.3490
1761,Pelvis,2,0.5210,-0.4585,0.5963,0.4036,0.0126,0.0339,-0.0841,0.1948,0.9423,-0.8368,8.8739,-1.5682,-0.5359,0.0002,0.0004,-0.0011,1.0000,0.2218,-0.0394,-0.0135
1762,Left,2,0.2035,0.0040,-0.9407,-0.2713,-0.0573,0.0106,0.0280,-0.0872,-0.1120,-0.1350,-3.6732,-0.9949,8.8991,-0.0007,0.0001,0.0003,1.0000,-0.0918,-0.0247,0.2225
1762,Right,2,0.1810,-0.2097,-0.9042,-0.3251,1.0086,-4.6218,2.3908,5.0853,-3.4920,11.7292,-16.4690,4.0448,14.6715,0.0126,-0.0577,0.0299,0.9978,-0.4347,0.0839,0.3432
1762,Pelvis,2,0.5219,-0.4574,0.5957,0.4044,0.0246,-0.0008,-0.1365,0.2350,1.1570,-1.1772,8.5366,-1.5948,-0.7416,0.0003,-0.0000,-0.0017,1.0000,0.2133,-0.0402,-0.0186
1763,Left,2,0.2040,0.0047,-0.9408,-0.2705,-0.0736,0.0205,0.0507,-0.0482,-0.0323,-0.2014,-3.6424,-1.0865,8.8280,-0.0009,0.0003,0.0006,1.0000,-0.0910,-0.0270,0.2207
1763,Right,2,0.1298,-0.2035,-0.9209,-0.3060,0.3371,-3.7728,2.5862,13.0866,-8.1711,9.0926,-21.8749,2.7444,10.4900,0.0042,-0.0471,0.0323,0.9984,-0.5602,0.0496,0.2363
1763,Pelvis,2,0.5237,-0.4565,0.5940,0.4055,-0.0060,-0.0896,-0.2102,0.2007,1.1377,-1.7173,8.0109,-1.4552,-0.7602,-0.0001,-0.0011,-0.0026,1.0000,0.2002,-0.0369,-0.0188
1764,Left,2,0.2038,0.0049,-0.9412,-0.2693,-0.0286,-0.0313,0.0934,0.1296,0.2905,-0.2690,-3.5907,-1.4496,8.7286,-0.0004,-0.0004,0.0012,1.0000,-0.0898,-0.0363,0.2182
1764,Right,2,0.0859,-0.1874,-0.9356,-0.2867,-0.5411,-3.4576,2.3334,15.8051,-12.3334,0.0914,-22.0714,2.8209,2.3149,-0.0068,-0.0432,0.0292,0.9986,-0.5553,0.0546,0.0335
1764,Pelvis,2,0.5261,-0.4560,0.5917,0.4064,-0.0142,-0.1643,-0.2223,-0.0225,0.6769,-1.3153,8.4409,-1.1265,-0.3837,-0.0002,-0.0021,-0.0028,1.0000,0.2110,-0.0287,-0.0092
1765,Left,2,0.2020,0.0044,-0.9419,-0.2682,0.0666,-0.1374,0.0977,0.0468,0.2688,-0.1660,-3.5626,-1.3894,8.8606,0.0008,-0.0017,0.0012,1.0000,-0.0894,-0.0350,0.2213
1765,Right,2,0.0527,-0.1787,-0.9443,-0.2711,-0.1155,-2.5092,1.8117,18.1686,-7.5842,-11.3898,-18.5905,-4.5770,-4.8724,-0.0014,-0.0314,0.0226,0.9993,-0.4579,-0.1250,-0.1361
1765,Pelvis,2,0.5284,-0.4554,0.5899,0.4067,0.0260,-0.1472,-0.1845,0.1464,0.3423,0.4602,10.1898,-1.3558,0.0008,0.0003,-0.0018,-0.0023,1.0000,0.2547,-0.0345,0.0005
1766,Left,2,0.2006,0.0038,-0.9423,-0.2680,0.0801,-0.1036,0.0266,-0.1365,0.1174,-0.0068,-3.5335,-1.1649,9.0744,0.0010,-0.0013,0.0003,1.0000,-0.0886,-0.0294,0.2267
1766,Right,2,0.0317,-0.1867,-0.9467,-0.2607,0.9892,-1.2699,1.1727,16.4346,-8.4152,-13.0028,-17.5910,-2.8870,-5.7758,0.0124,-0.0159,0.0147,0.9997,-0.4363,-0.0767,-0.1523
1766,Pelvis,2,0.5297,-0.4549,0.5887,0.4074,-0.0020,-0.0726,-0.1419,1.1961,0.3840,1.4216,11.0366,-2.4356,0.2234,-0.0000,-0.0009,-0.0018,1.0000,0.2758,-0.0614,0.0058
1767,Left,2,0.2015,0.0031,-0.9421,-0.2682,0.0347,0.0841,-0.0064,-0.3532,0.3694,-0.0446,-3.2223,-1.2540,9.1499,0.0004,0.0011,-0.0001,1.0000,-0.0803,-0.0314,0.2288
1767,Right,2,0.0369,-0.1841,-0.9495,-0.2513,-0.3657,0.4691,0.6938,12.9952,-7.8111,-12.0363,-14.5985,-0.9666,-4.5599,-0.0046,0.0059,0.0087,0.9999,-0.3654,-0.0278,-0.1117
1768,Left,2,0.2046,0.0020,-0.9415,-0.2678,0.0175,0.2606,0.0271,-0.3509,0.4147,-0.0249,-3.2492,-1.2903,9.1583,0.0002,0.0033,0.0003,1.0000,-0.0805,-0.0323,0.2292
1768,Right,2,0.0581,-0.1825,-0.9518,-0.2395,-0.6054,1.7456,0.6377,13.0768,-5.1217,-6.4577,-14.3497,-1.0778,1.2055,-0.0076,0.0218,0.0080,0.9997,-0.3577,-0.0295,0.0382
1768,Pelvis,2,0.5329,-0.4507,0.5888,0.4076,0.1502,-0.0004,-0.1511,0.8284,1.6898,0.4907,10.1606,-2.2639,-1.1577,0.0038,-0.0000,-0.0038,1.0000,0.5076,-0.1149,-0.0583
1769,Left,2,0.2104,-0.0003,-0.9405,-0.2666,0.0359,0.5035,0.1071,-0.4940,0.5093,-0.0409,-3.1751,-1.2869,9.1791,0.0004,0.0063,0.0013,1.0000,-0.0779,-0.0324,0.2300
1769,Right,2,0.0815,-0.1855,-0.9518,-0.2301,-0.2573,1.9760,0.3948,9.2276,-2.9159,-1.1463,-11.2511,0.7879,6.4483,-0.0032,0.0247,0.0049,0.9997,-0.2773,0.0189,0.1680
1769,Pelvis,2,0.5362,-0.4489,0.5893,0.4046,0.3416,-0.1862,-0.0362,1.1969,2.2202,-0.4500,9.1935,-2.6344,-1.6003,0.0043,-0.0023,-0.0005,1.0000,0.2299,-0.0658,-0.0398
1770,Left,2,0.2207,-0.0044,-0.9388,-0.2644,0.0538,0.8890,0.1964,-0.6036,0.3924,0.1413,-3.3882,-1.1299,9.3192,0.0007,0.0111,0.0025,0.9999,-0.0820,-0.0286,0.2339
1770,Right,2,0.1045,-0.1755,-0.9535,-0.2217,-1.2566,1.6729,0.2710,-12.0797,9.0222,13.9308,8.0710,5.2644,26.4272,-0.0157,0.0209,0.0034,0.9997,0.2150,0.1426,0.6541
1770,Pelvis,2,0.5406,-0.4476,0.5903,0.3987,0.4937,-0.3335,0.0946,1.0519,2.2089,-0.5322,9.1135,-2.5082,-1.6632,0.0062,-0.0042,0.0012,1.0000,0.2281,-0.0622,-0.0410
1771,Left,2,0.2384,-0.0095,-0.9353,-0.2613,-0.0374,1.5005,0.2433,-0.8743,0.2087,0.6318,-3.7699,-0.8698,9.7436,-0.0005,0.0188,0.0030,0.9998,-0.0896,-0.0219,0.2453
1771,Right,2,0.1086,-0.1727,-0.9530,-0.2239,-0.2478,0.2291,-0.2420,-6.4624,17.0027,-11.8140,12.8260,-11.8689,5.4298,-0.0031,0.0029,-0.0030,1.0000,0.3201,-0.2973,0.1357
1771,Pelvis,2,0.5455,-0.4466,0.5917,0.3909,0.5956,-0.4162,0.1942,0.3488,0.7481,-0.1589,9.5568,-1.5103,-0.5152,0.0074,-0.0052,0.0024,1.0000,0.2391,-0.0371,-0.0119
1772,Left,2,0.2688,-0.0169,-0.9285,-0.2555,-0.1864,2.5545,0.4025,-2.5423,0.7509,0.3723,-2.6538,-0.4926,10.1742,-0.0023,0.0319,0.0050,0.9995,-0.0581,-0.0120,0.2563
1772,Right,2,0.1382,-0.1773,-0.9458,-0.2344,0.0254,2.2614,-1.2959,9.4044,-7.6128,10.5786,-17.5326,7.4770,14.1104,0.0003,0.0283,-0.0162,0.9995,-0.4250,0.1938,0.3650
1772,Pelvis,2,0.5487,-0.4470,0.5932,0.3837,0.4540,-0.3561,0.2902,-0.9025,-0.2043,0.5369,10.3893,-0.1764,-0.0566,0.0057,-0.0045,0.0036,1.0000,0.2597,-0.0035,-0.0003
1773,Right,2,0.1535,-0.1666,-0.9453,-0.2345,-1.0769,0.9555,-0.3434,2.0163,-1.9063,4.0368,-7.3971,4.1480,11.2962,-0.0135,0.0119,-0.0043,0.9998,-0.1811,0.1083,0.2831
1774,Left,2,0.4030,-0.0433,-0.8825,-0.2387,-0.5374,5.7820,0.3457,-3.9793,1.7268,0.2585,-2.9904,-0.7718,10.5622,-0.0134,0.1440,0.0086,0.9894,-0.0713,-0.0322,0.5427
1774,Right,2,0.1573,-0.1584,-0.9458,-0.2360,-0.6702,0.1083,-0.2452,2.2381,0.5747,1.4852,-5.8413,1.0586,9.8866,-0.0084,0.0014,-0.0031,1.0000,-0.1456,0.0290,0.2471
1774,Pelvis,2,0.5506,-0.4554,0.5902,0.3756,-0.0439,-0.3845,0.2946,-0.6756,-2.1600,2.7441,12.6441,-0.1671,1.7033,-0.0011,-0.0096,0.0074,0.9999,0.6314,-0.0036,0.0912
1775,Left,2,0.4997,-0.0691,-0.8340,-0.2235,-0.3666,8.9486,0.6566,-5.1993,3.7210,1.0136,-4.8981,-2.1831,11.4014,-0.0046,0.1116,0.0082,0.9937,-0.0892,-0.0541,0.2965
1775,Right,2,0.1579,-0.1536,-0.9466,-0.2355,-0.3798,-0.0568,-0.0112,1.0530,0.1442,0.6067,-4.7016,1.6603,9.2104,-0.0047,-0.0007,-0.0001,1.0000,-0.1177,0.0426,0.2300
1775,Pelvis,2,0.5509,-0.4566,0.5907,0.3729,0.0952,-0.1276,0.1895,1.5021,-1.3688,1.8755,11.5043,-2.4778,1.5020,0.0012,-0.0016,0.0024,1.0000,0.2877,-0.0613,0.0379
1776,Left,2,0.5935,-0.0928,-0.7736,-0.2014,-0.6604,9.2423,0.8254,-5.9482,2.8820,7.7524,-13.5506,-1.8197,12.9183,-0.0082,0.1153,0.0103,0.9932,-0.2981,-0.0458,0.3594
1776,Right,2,0.1565,-0.1507,-0.9474,-0.2350,-0.1974,-0.1712,0.0420,0.6148,-0.0499,0.3103,-4.2758,1.9082,8.9963,-0.0025,-0.0021,0.0005,1.0000,-0.1074,0.0482,0.2246
1776,Pelvis,2,0.5514,-0.4542,0.5942,0.3695,0.4061,0.0807,0.1429,1.6231,-1.9719,0.3200,9.9763,-2.2405,2.1559,0.0051,0.0010,0.0018,1.0000,0.2496,-0.0558,0.0534
1777,Left,2,0.6551,-0.1090,-0.7266,-0.1761,-0.8384,6.5061,1.1207,-6.9279,4.6447,9.9698,-17.5817,-3.0555,11.9802,-0.0105,0.0812,0.0140,0.9965,-0.4122,-0.0789,0.3346
1777,Right,2,0.1552,-0.1489,-0.9480,-0.2346,-0.1170,-0.1392,0.0491,0.3646,-0.0132,0.2294,-3.9854,1.9490,9.0163,-0.0015,-0.0017,0.0006,1.0000,-0.1001,0.0490,0.2252
1777,Pelvis,2,0.5507,-0.4518,0.5996,0.3648,0.5007,0.1671,0.2978,-0.0009,-1.8694,-0.8768,8.9654,-0.6181,1.6081,0.0063,0.0021,0.0037,1.0000,0.2243,-0.0149,0.0396
1778,Left,2,0.6890,-0.1183,-0.6989,-0.1512,-0.9960,3.7695,1.2468,-6.8797,7.0525,-1.1386,-7.7800,-4.3401,9.6484,-0.0124,0.0471,0.0156,0.9987,-0.1811,-0.1083,0.2513
1778,Right,2,0.1544,-0.1480,-0.9484,-0.2342,-0.0503,-0.0786,0.0437,0.2662,0.0001,0.2110,-3.8651,1.9644,9.0414,-0.0006,-0.0010,0.0005,1.0000,-0.0969,0.0492,0.2259
1778,Pelvis,2,0.5480,-0.4516,0.6049,0.3603,0.3256,0.2097,0.4603,-1.4711,-1.8262,-0.3846,9.6321,0.5994,1.1188,0.0041,0.0026,0.0058,1.0000,0.2408,0.0163,0.0274
1779,Right,2,0.1544,-0.1485,-0.9484,-0.2337,0.0421,0.0103,0.0514,0.1411,0.1659,0.0584,-3.6298,1.8535,8.9930,0.0005,0.0001,0.0006,1.0000,-0.0907,0.0462,0.2249
1779,Pelvis,2,0.5455,-0.4519,0.6084,0.3579,0.1408,0.1787,0.3187,-2.1817,-1.5499,-0.0777,10.0215,1.0327,0.6596,0.0018,0.0022,0.0040,1.0000,0.2505,0.0268,0.0160
1780,Left,2,0.6750,-0.1226,-0.7139,-0.1401,-0.1645,-0.7198,0.5862,-11.2209,8.8677,-3.7422,-5.3896,-4.2514,13.9387,-0.0041,-0.0180,0.0147,0.9997,-0.2788,-0.2138,0.6929
1780,Right,2,0.1550,-0.1498,-0.9483,-0.2330,0.0929,0.0715,0.0696,0.0819,0.0774,-0.0382,-3.5877,1.9543,8.8805,0.0012,0.0009,0.0009,1.0000,-0.0895,0.0485,0.2221
1780,Pelvis,2,0.5466,-0.4524,0.6068,0.3584,-0.0704,-0.1202,-0.0869,-1.2445,-0.8449,1.1143,11.0217,-0.2911,0.3152,-0.0009,-0.0015,-0.0011,1.0000,0.2755,-0.0076,0.0083
1781,Left,2,0.6518,-0.1219,-0.7353,-0.1399,-0.0042,-2.4646,0.4438,-5.1882,3.3404,-9.4104,0.1532,-1.2176,6.0615,-0.0001,-0.0308,0.0055,0.9995,-0.0007,-0.0304,0.1516
1781,Right,2,0.1559,-0.1512,-0.9481,-0.2323,0.1004,0.1062,0.0674,0.0310,-0.0367,-0.0546,-3.6013,2.0964,8.8237,0.0013,0.0013,0.0008,1.0000,-0.0898,0.0521,0.2208
1781,Pelvis,2,0.5477,-0.4498,0.6055,0.3620,-0.0480,0.0955,-0.3693,-0.4631,-0.6286,-0.4962,9.3086,-0.7819,0.3815,-0.0006,0.0012,-0.0046,1.0000,0.2326,-0.0206,0.0093
1782,Left,2,0.6224,-0.1120,-0.7618,-0.1402,-0.4902,-3.2142,0.0472,-5.1563,5.2131,-5.6500,-3.0264,-3.0296,7.2654,-0.0061,-0.0402,0.0006,0.9992,-0.0828,-0.0747,0.1789
1782,Right,2,0.1567,-0.1521,-0.9479,-0.2318,0.0583,0.0813,0.0385,0.0773,-0.0787,-0.1151,-3.6540,2.1153,8.7310,0.0007,0.0010,0.0005,1.0000,-0.0912,0.0527,0.2184
1782,Pelvis,2,0.5491,-0.4472,0.6043,0.3651,-0.0135,0.0716,-0.3461,-0.1291,-0.4647,-0.9034,8.8581,-1.0061,0.3602,-0.0002,0.0009,-0.0043,1.0000,0.2213,-0.0261,0.0088
1783,Left,2,0.5799,-0.1009,-0.7946,-0.1486,-0.0686,-4.4119,-0.3159,-4.7151,5.4210,-3.5975,-4.3799,-3.4571,7.6939,-0.0009,-0.0551,-0.0039,0.9985,-0.1202,-0.0858,0.1860
1783,Right,2,0.1573,-0.1525,-0.9479,-0.2315,0.0297,0.0481,0.0341,0.0312,-0.0324,-0.1380,-3.6022,2.1032,8.7295,0.0004,0.0006,0.0004,1.0000,-0.0899,0.0525,0.2183
1783,Pelvis,2,0.5496,-0.4452,0.6039,0.3675,-0.0056,0.0953,-0.2361,-0.0867,-0.4722,-0.9157,8.8472,-0.9770,0.3998,-0.0001,0.0012,-0.0030,1.0000,0.2211,-0.0251,0.0097
1784,Left,2,0.5273,-0.0869,-0.8298,-0.1608,0.0254,-5.2337,-0.5735,-4.8211,2.8970,-2.9303,-4.3390,-1.1218,7.6832,0.0003,-0.0654,-0.0072,0.9978,-0.1209,-0.0273,0.1844
1784,Right,2,0.1576,-0.1528,-0.9478,-0.2312,0.0201,0.0310,0.0306,0.0164,0.0224,-0.1600,-3.5683,2.0643,8.7281,0.0003,0.0004,0.0004,1.0000,-0.0891,0.0515,0.2183
1784,Pelvis,2,0.5495,-0.4435,0.6039,0.3696,-0.0165,0.1302,-0.1712,-0.1954,-0.2290,-1.1437,8.6278,-0.8817,0.1587,-0.0002,0.0016,-0.0021,1.0000,0.2157,-0.0225,0.0036
1785,Left,2,0.4704,-0.0670,-0.8633,-0.1704,-0.4171,-5.4989,-0.6547,-4.4159,1.6814,-1.7620,-4.6995,-0.2720,8.0698,-0.0052,-0.0687,-0.0082,0.9976,-0.1310,-0.0047,0.1931
1785,Right,2,0.1577,-0.1527,-0.9479,-0.2311,0.0013,0.0043,0.0141,-0.0073,-0.0470,-0.1711,-3.5754,2.1332,8.6965,0.0000,0.0001,0.0002,1.0000,-0.0894,0.0533,0.2174
1785,Pelvis,2,0.5493,-0.4423,0.6038,0.3716,-0.0311,0.1174,-0.1434,-0.4855,0.1157,-0.9037,8.8905,-0.7223,-0.2362,-0.0004,0.0015,-0.0018,1.0000,0.2222,-0.0185,-0.0062
1786,Left,2,0.4118,-0.0437,-0.8932,-0.1753,-0.7797,-5.5018,-0.4943,-3.9490,0.8445,1.9232,-6.9427,-0.0456,10.2998,-0.0097,-0.0687,-0.0062,0.9976,-0.1907,0.0024,0.2448
1786,Right,2,0.1578,-0.1521,-0.9479,-0.2313,-0.0319,-0.0157,-0.0135,-0.0763,-0.0306,-0.1680,-3.5120,2.1469,8.7226,-0.0004,-0.0002,-0.0002,1.0000,-0.0878,0.0538,0.2180
1786,Pelvis,2,0.5489,-0.4415,0.6040,0.3729,-0.0269,0.0954,-0.0812,-0.7832,0.5419,-0.3444,9.4685,-0.6304,-0.7106,-0.0003,0.0012,-0.0010,1.0000,0.2367,-0.0160,-0.0180
1787,Left,2,0.3539,-0.0148,-0.9187,-0.1748,-1.3500,-5.3672,-0.3543,-0.5972,-0.0133,6.2577,-10.9511,-1.0881,11.7433,-0.0169,-0.0670,-0.0044,0.9976,-0.2927,-0.0212,0.2747
1787,Right,2,0.1579,-0.1515,-0.9479,-0.2316,-0.0339,-0.0063,-0.0309,0.0699,0.0979,-0.1135,-3.6053,1.9662,8.7878,-0.0004,-0.0001,-0.0004,1.0000,-0.0901,0.0493,0.2197
1787,Pelvis,2,0.5481,-0.4408,0.6047,0.3736,0.0051,0.1160,-0.0137,-0.6376,1.0636,-0.2778,9.5027,-0.9367,-1.1284,0.0001,0.0015,-0.0002,1.0000,0.2375,-0.0235,-0.0286
1788,Left,2,0.2967,0.0234,-0.9366,-0.1848,-1.7394,-5.2503,-1.4949,7.5330,-1.3113,12.6317,-19.4314,-4.0768,12.9966,-0.0217,-0.0656,-0.0187,0.9974,-0.5075,-0.0859,0.2941
1788,Right,2,0.1584,-0.1513,-0.9477,-0.2319,-0.0022,0.0266,-0.0232,0.1159,0.0864,-0.1247,-3.6492,1.9414,8.7631,-0.0000,0.0003,-0.0003,1.0000,-0.0911,0.0486,0.2191
1788,Pelvis,2,0.5474,-0.4398,0.6060,0.3738,0.0665,0.1283,0.0130,-0.5369,1.5262,-0.4615,9.2979,-1.1630,-1.5031,0.0008,0.0016,0.0002,1.0000,0.2324,-0.0290,-0.0380
1789,Left,2,0.2400,0.0497,-0.9456,-0.2139,-0.4240,-4.7833,-2.7738,15.2895,-6.1123,8.4287,-23.2599,-3.0479,7.3845,-0.0053,-0.0597,-0.0346,0.9976,-0.5933,-0.0549,0.1497
1789,Right,2,0.1590,-0.1513,-0.9475,-0.2324,0.0091,0.0406,-0.0376,0.0760,0.0166,-0.2057,-3.6230,1.9973,8.6709,0.0001,0.0005,-0.0005,1.0000,-0.0904,0.0500,0.2168
1789,Pelvis,2,0.5467,-0.4392,0.6075,0.3731,0.0853,0.0921,0.0741,-0.6303,1.2648,-1.2976,8.4899,-0.8968,-1.2732,0.0011,0.0012,0.0009,1.0000,0.2122,-0.0222,-0.0321
1790,Left,2,0.1865,0.0535,-0.9501,-0.2444,1.2373,-4.0632,-2.5163,18.9435,-13.6607,-0.0039,-25.2197,2.4091,0.7517,0.0155,-0.0508,-0.0314,0.9981,-0.6281,0.0800,-0.0120
1790,Right,2,0.1595,-0.1507,-0.9473,-0.2333,-0.0300,0.0090,-0.0765,-0.2110,-0.1907,-0.2530,-3.4549,2.2923,8.6184,-0.0004,0.0001,-0.0010,1.0000,-0.0863,0.0575,0.2154
1790,Pelvis,2,0.5461,-0.4405,0.6082,0.3713,0.0326,-0.0445,0.1889,-1.1454,1.0278,-2.3136,7.5516,-0.2363,-1.2335,0.0004,-0.0006,0.0024,1.0000,0.1888,-0.0054,-0.0307
1791,Left,2,0.1447,0.0429,-0.9523,-0.2654,1.9607,-2.9070,-1.5755,17.1112,-11.6015,-10.3308,-19.6169,2.0998,-6.2204,0.0245,-0.0363,-0.0197,0.9988,-0.4832,0.0661,-0.1716
1791,Right,2,0.1598,-0.1487,-0.9472,-0.2348,-0.1241,-0.0307,-0.1365,-0.4654,-0.2246,-0.2230,-3.2709,2.4232,8.6982,-0.0016,-0.0004,-0.0017,1.0000,-0.0818,0.0611,0.2173
1791,Pelvis,2,0.5455,-0.4436,0.6077,0.3694,-0.1011,-0.1524,0.2319,-1.0539,0.4601,-0.5301,9.3211,-0.4075,-0.6632,-0.0013,-0.0019,0.0029,1.0000,0.2331,-0.0095,-0.0161
1792,Left,2,0.1273,0.0395,-0.9529,-0.2724,0.7178,-1.2335,-0.5432,13.5445,-13.8937,-12.8227,-17.6463,5.5045,-6.6252,0.0090,-0.0154,-0.0068,0.9998,-0.4376,0.1421,-0.1711
1792,Right,2,0.1606,-0.1460,-0.9471,-0.2364,-0.1902,-0.0165,-0.1598,-0.3576,-0.0170,-0.1188,-3.3223,2.1662,8.8527,-0.0024,-0.0002,-0.0020,1.0000,-0.0830,0.0548,0.2212
1792,Pelvis,2,0.5438,-0.4466,0.6073,0.3688,-0.1838,-0.0357,0.2094,-1.1740,0.6343,0.7856,10.6298,-0.5845,-0.8770,-0.0023,-0.0004,0.0026,1.0000,0.2658,-0.0140,-0.0218
1793,Left,2,0.1355,0.0473,-0.9520,-0.2704,-0.7918,0.4634,0.0760,13.8686,-10.4270,-12.2542,-16.3023,2.2139,-6.0298,-0.0099,0.0058,0.0010,0.9999,-0.4085,0.0535,-0.1489
1793,Right,2,0.1623,-0.1430,-0.9468,-0.2384,-0.2139,0.0565,-0.2065,-0.4791,0.0016,-0.1159,-3.2298,2.1480,8.9001,-0.0027,0.0007,-0.0026,1.0000,-0.0804,0.0545,0.2224
1793,Pelvis,2,0.5409,-0.4490,0.6076,0.3697,-0.2269,0.1086,0.1747,-1.8313,0.8386,0.7302,10.6567,-0.0756,-1.2800,-0.0028,0.0014,0.0022,1.0000,0.2664,-0.0014,-0.0324
1794,Left,2,0.1543,0.0365,-0.9500,-0.2689,0.3823,1.6677,0.2997,0.8718,-0.7321,-0.5868,-3.4293,-1.2694,8.5472,0.0048,0.0208,0.0037,0.9998,-0.0811,-0.0331,0.2152
1794,Right,2,0.1659,-0.1398,-0.9459,-0.2413,-0.2505,0.1868,-0.3095,-0.5621,0.0730,-0.0404,-3.2022,2.0677,9.0161,-0.0031,0.0023,-0.0039,1.0000,-0.0793,0.0527,0.2254
1795,Left,2,0.1617,0.0412,-0.9503,-0.2629,-0.5889,0.4325,0.4257,-13.0746,3.1343,3.3515,8.5130,1.6883,16.6959,-0.0074,0.0054,0.0053,0.9999,0.2148,0.0464,0.4159
1795,Right,2,0.1731,-0.1375,-0.9439,-0.2453,-0.2261,0.4744,-0.4470,-0.7398,0.2300,0.1673,-3.1663,1.9751,9.2885,-0.0028,0.0059,-0.0056,1.0000,-0.0775,0.0505,0.2325
1795,Pelvis,2,0.5356,-0.4571,0.6046,0.3724,-0.3873,-0.0063,0.1616,-1.5340,1.1170,-0.3537,9.5323,-0.3297,-1.4495,-0.0097,-0.0002,0.0040,0.9999,0.4767,-0.0153,-0.0722
1796,Left,2,0.1981,0.0334,-0.9453,-0.2570,-0.2614,2.9800,0.5648,7.1573,-1.8800,0.9647,-10.1486,-3.5819,7.4277,-0.0033,0.0372,0.0071,0.9993,-0.2459,-0.0907,0.1952
1796,Right,2,0.1862,-0.1367,-0.9399,-0.2515,-0.1815,0.9557,-0.6916,-0.8232,0.1778,0.4684,-3.4370,2.0161,9.5153,-0.0023,0.0119,-0.0086,0.9999,-0.0826,0.0517,0.2388
1796,Pelvis,2,0.5362,-0.4601,0.6000,0.3753,-0.4182,-0.2065,-0.1723,-0.1719,0.5911,0.6938,10.3855,-1.6097,-0.5623,-0.0052,-0.0026,-0.0022,1.0000,0.2596,-0.0409,-0.0132
1797,Left,2,0.2203,0.0257,-0.9410,-0.2554,0.0934,1.8979,0.2062,2.3583,-2.8280,5.0938,-8.9036,-1.0878,12.4639,0.0012,0.0237,0.0026,0.9997,-0.2150,-0.0281,0.3167
1797,Right,2,0.2072,-0.1385,-0.9335,-0.2578,-0.1085,1.6432,-0.7983,-1.1199,1.1787,0.8809,-3.3044,1.3011,10.2178,-0.0014,0.0205,-0.0100,0.9997,-0.0770,0.0337,0.2570
1798,Left,2,0.2285,0.0190,-0.9400,-0.2527,0.2980,0.7635,0.3121,4.5084,-1.5100,5.1343,-10.3495,-3.1279,11.3637,0.0037,0.0095,0.0039,0.9999,-0.2557,-0.0803,0.2862
1798,Right,2,0.2431,-0.1456,-0.9221,-0.2635,0.0238,2.9497,-0.9303,-2.5929,1.7346,0.9897,-2.6103,1.5747,10.8255,0.0003,0.0369,-0.0116,0.9993,-0.0548,0.0400,0.2728
1798,Pelvis,2,0.5419,-0.4628,0.5911,0.3779,-0.1931,-0.3218,-0.2419,0.5851,-1.4294,1.6467,11.3313,-1.7842,1.4583,-0.0048,-0.0080,-0.0060,0.9999,0.5654,-0.0923,0.0779
1799,Left,2,0.2290,0.0137,-0.9399,-0.2527,0.3874,0.1479,0.0939,0.8957,-1.4521,1.7803,-6.2791,-0.8489,9.8571,0.0048,0.0018,0.0012,1.0000,-0.1565,-0.0226,0.2466
1799,Right,2,0.2985,-0.1616,-0.9018,-0.2673,0.3318,4.7805,-1.0374,-3.1552,1.8511,1.1429,-3.3233,1.7884,10.9239,0.0041,0.0597,-0.0130,0.9981,-0.0660,0.0445,0.2776
1799,Pelvis,2,0.5442,-0.4631,0.5880,0.3790,-0.1051,-0.2056,-0.2166,0.2183,-1.0566,2.2740,12.0069,-1.5360,0.8521,-0.0013,-0.0026,-0.0027,1.0000,0.3000,-0.0392,0.0221
1800,Left,2,0.2265,0.0110,-0.9405,-0.2531,0.2689,-0.1493,0.0231,1.0156,-0.4756,1.1518,-5.6379,-1.5802,9.3378,0.0034,-0.0019,0.0003,1.0000,-0.1414,-0.0403,0.2330
1800,Pelvis,2,0.5445,-0.4648,0.5855,0.3804,-0.2286,-0.1265,-0.0813,-0.6131,-1.9929,2.0931,11.9914,-0.4173,1.4585,-0.0029,-0.0016,-0.0010,1.0000,0.2997,-0.0106,0.0370
1801,Left,2,0.2245,0.0111,-0.9407,-0.2540,0.0508,-0.1582,-0.0646,0.1043,-0.5203,0.5086,-4.6530,-0.9903,9.1749,0.0006,-0.0020,-0.0008,1.0000,-0.1168,-0.0248,0.2291
1801,Right,2,0.4609,-0.2021,-0.8198,-0.2733,0.3397,7.2739,-1.6642,-5.0844,1.3564,2.2137,-5.8547,3.3573,11.3485,0.0084,0.1808,-0.0414,0.9826,-0.1771,0.1718,0.6082
1801,Pelvis,2,0.5427,-0.4663,0.5838,0.3837,-0.3288,0.0907,-0.0709,0.4245,-2.0532,1.3233,11.1118,-1.2773,1.8172,-0.0041,0.0011,-0.0009,1.0000,0.2778,-0.0320,0.0452
1802,Left,2,0.2239,0.0118,-0.9407,-0.2547,-0.0228,-0.0641,-0.0730,0.1237,0.0023,0.0692,-4.2060,-1.4002,8.8327,-0.0003,-0.0008,-0.0009,1.0000,-0.1054,-0.0348,0.2207
1802,Right,2,0.5358,-0.2102,-0.7690,-0.2781,-0.0912,6.8903,-2.3304,-6.4054,1.3181,7.6130,-13.2808,4.0546,12.4322,-0.0011,0.0860,-0.0291,0.9959,-0.3006,0.1108,0.3375
1802,Pelvis,2,0.5405,-0.4656,0.5825,0.3896,-0.3338,0.2823,-0.2650,1.4742,-1.8188,0.1518,9.8139,-2.1654,1.9422,-0.0042,0.0035,-0.0033,1.0000,0.2453,-0.0547,0.0479
1803,Left,2,0.2228,0.0119,-0.9408,-0.2551,0.0309,-0.0879,-0.0329,0.1152,0.3150,-0.1427,-3.9423,-1.6446,8.6818,0.0004,-0.0011,-0.0004,1.0000,-0.0988,-0.0412,0.2169
1803,Right,2,0.5861,-0.2067,-0.7297,-0.2850,-0.3738,4.5910,-2.2946,-10.4943,-0.0429,5.1712,-12.1699,6.8765,11.8200,-0.0047,0.0573,-0.0287,0.9979,-0.2816,0.1816,0.3113
1803,Pelvis,2,0.5388,-0.4634,0.5813,0.3963,-0.2811,0.3504,-0.3784,1.7944,-1.0448,-1.0171,8.5858,-2.4733,1.3572,-0.0035,0.0044,-0.0047,1.0000,0.2145,-0.0627,0.0332
1804,Left,2,0.2213,0.0115,-0.9410,-0.2557,0.0727,-0.1173,-0.0405,0.0963,-0.0410,0.0523,-4.1581,-1.3456,8.8447,0.0009,-0.0015,-0.0005,1.0000,-0.1043,-0.0338,0.2209
1804,Right,2,0.6138,-0.2001,-0.7043,-0.2952,-0.1022,2.4935,-1.9327,-10.1199,8.3721,2.7238,-9.7047,-0.2889,15.3470,-0.0013,0.0312,-0.0242,0.9992,-0.2306,-0.0011,0.3910
1804,Pelvis,2,0.5379,-0.4612,0.5808,0.4008,-0.1396,0.2564,-0.2913,1.7677,-0.3557,-0.9039,8.6871,-2.5709,0.7359,-0.0017,0.0032,-0.0036,1.0000,0.2170,-0.0650,0.0178
1805,Left,2,0.2202,0.0117,-0.9410,-0.2566,0.0288,-0.0872,-0.0755,-0.0665,-0.1863,0.1249,-4.1094,-1.1471,8.9774,0.0004,-0.0011,-0.0009,1.0000,-0.1030,-0.0287,0.2243
1805,Right,2,0.5951,-0.1999,-0.7087,-0.3220,1.6826,-1.6960,-1.1098,-11.5202,3.2833,-7.1283,-1.0795,5.1753,11.0806,0.0210,-0.0212,-0.0139,0.9995,-0.0311,0.1239,0.2790
1805,Pelvis,2,0.5372,-0.4605,0.5812,0.4021,-0.0312,0.1195,-0.0486,1.4448,-0.0815,-0.0770,9.5412,-2.3802,0.4217,-0.0004,0.0015,-0.0006,1.0000,0.2385,-0.0596,0.0102
1806,Left,2,0.2204,0.0124,-0.9407,-0.2574,-0.0366,0.0036,-0.0831,-0.0885,-0.1359,0.0944,-4.0446,-1.1858,8.9672,-0.0005,0.0000,-0.0010,1.0000,-0.1011,-0.0294,0.2242
1806,Right,2,0.5770,-0.1955,-0.7153,-0.3423,1.0863,-1.7738,-0.8988,-7.9472,0.1643,-9.6387,0.6068,5.4684,5.7402,0.0136,-0.0222,-0.0112,0.9996,0.0135,0.1346,0.1457
1806,Pelvis,2,0.5359,-0.4610,0.5827,0.4009,0.0397,0.0656,0.1752,1.1929,-0.3175,0.2309,9.8747,-2.1258,0.6080,0.0005,0.0008,0.0022,1.0000,0.2470,-0.0526,0.0150
1807,Left,2,0.2213,0.0132,-0.9404,-0.2580,-0.0651,0.0562,-0.0693,-0.0490,-0.0517,-0.0341,-3.9864,-1.2798,8.8372,-0.0008,0.0007,-0.0009,1.0000,-0.0995,-0.0317,0.2210
1807,Right,2,0.5536,-0.1924,-0.7284,-0.3549,0.8487,-2.2133,-0.1425,-7.8592,0.5648,-7.8384,-0.7925,5.0705,6.2973,0.0106,-0.0277,-0.0018,0.9996,-0.0240,0.1251,0.1581
1807,Pelvis,2,0.5338,-0.4618,0.5850,0.3995,0.0452,0.1169,0.2486,0.9187,-0.3449,-0.0992,9.5641,-1.8703,0.5886,0.0006,0.0015,0.0031,1.0000,0.2393,-0.0460,0.0143
1808,Left,2,0.2224,0.0140,-0.9400,-0.2583,-0.0727,0.0726,-0.0449,-0.0492,-0.0451,-0.0642,-3.9839,-1.3028,8.8016,-0.0009,0.0009,-0.0006,1.0000,-0.0994,-0.0323,0.2202
1808,Right,2,0.5224,-0.1926,-0.7491,-0.3589,0.7665,-2.7815,0.8476,-7.8893,0.7436,-6.4522,-1.5853,4.9641,6.8530,0.0096,-0.0348,0.0106,0.9993,-0.0469,0.1220,0.1710
1808,Pelvis,2,0.5321,-0.4620,0.5869,0.3987,0.0410,0.1277,0.1701,0.6697,-0.1951,-0.4508,9.2276,-1.6781,0.4094,0.0005,0.0016,0.0021,1.0000,0.2308,-0.0415,0.0098
1809,Left,2,0.2235,0.0145,-0.9398,-0.2582,-0.0590,0.0658,-0.0107,-0.0091,0.0444,-0.1282,-3.9594,-1.4085,8.7253,-0.0007,0.0008,-0.0001,1.0000,-0.0988,-0.0350,0.2182
1809,Right,2,0.4827,-0.1941,-0.7761,-0.3564,0.7210,-3.4177,1.6018,-6.7751,1.5139,-4.5765,-2.5915,3.6667,7.4505,0.0090,-0.0427,0.0200,0.9988,-0.0745,0.0886,0.1840
1809,Pelvis,2,0.5303,-0.4613,0.5892,0.3985,0.0674,0.1939,0.1209,0.5255,0.0887,-0.9264,8.7583,-1.5887,0.1330,0.0008,0.0024,0.0015,1.0000,0.2190,-0.0394,0.0028
1810,Left,2,0.2241,0.0149,-0.9397,-0.2579,-0.0391,0.0435,0.0151,-0.0084,-0.0289,-0.1192,-4.0126,-1.3578,8.7190,-0.0005,0.0005,0.0002,1.0000,-0.1002,-0.0339,0.2180
1810,Right,2,0.4348,-0.1965,-0.8051,-0.3524,0.9229,-3.9504,1.9119,-5.3121,2.3787,-2.6662,-3.5319,2.2197,8.2241,0.0115,-0.0494,0.0239,0.9984,-0.0996,0.0509,0.2015
1810,Pelvis,2,0.5293,-0.4607,0.5910,0.3980,0.0826,0.1232,0.0939,0.5261,0.3564,-0.9104,8.7643,-1.6834,-0.0875,0.0010,0.0015,0.0012,1.0000,0.2192,-0.0418,-0.0026
1811,Left,2,0.2245,0.0151,-0.9397,-0.2574,-0.0309,0.0156,0.0275,0.0063,0.0161,-0.1053,-4.0154,-1.4119,8.7245,-0.0004,0.0002,0.0003,1.0000,-0.1003,-0.0352,0.2181
1811,Right,2,0.3795,-0.1990,-0.8331,-0.3497,1.1895,-4.4129,1.9203,-4.3301,2.5236,0.5581,-5.4967,1.8874,9.9532,0.0149,-0.0551,0.0240,0.9981,-0.1519,0.0400,0.2413
1811,Pelvis,2,0.5287,-0.4602,0.5922,0.3975,0.0756,0.0811,0.0603,0.6671,0.5199,-1.1603,8.4931,-1.8470,-0.1872,0.0009,0.0010,0.0008,1.0000,0.2124,-0.0460,-0.0049
1812,Left,2,0.2242,0.0152,-0.9400,-0.2569,-0.0020,-0.0277,0.0426,0.0248,0.0427,-0.1461,-4.0003,-1.4387,8.6817,-0.0000,-0.0003,0.0005,1.0000,-0.1001,-0.0360,0.2170
1812,Right,2,0.3167,-0.2013,-0.8588,-0.3488,1.4846,-4.8748,1.8508,-1.9687,2.0127,3.2434,-7.6101,1.3323,10.9075,0.0185,-0.0609,0.0231,0.9977,-0.2070,0.0237,0.2609
1812,Pelvis,2,0.5286,-0.4596,0.5929,0.3973,0.0553,0.0447,0.0086,0.4766,0.6789,-0.7981,8.8725,-1.7590,-0.3675,0.0007,0.0006,0.0001,1.0000,0.2218,-0.0439,-0.0093
1813,Left,2,0.2236,0.0150,-0.9403,-0.2563,0.0203,-0.0515,0.0507,-0.0283,-0.0133,-0.0908,-4.0037,-1.3668,8.7531,0.0003,-0.0006,0.0006,1.0000,-0.1002,-0.0343,0.2188
1813,Right,2,0.2535,-0.2087,-0.8782,-0.3477,1.9348,-4.6014,1.8219,0.8890,0.7935,5.6534,-10.0247,1.2662,11.7846,0.0242,-0.0575,0.0228,0.9978,-0.2675,0.0188,0.2801
1813,Pelvis,2,0.5285,-0.4588,0.5931,0.3980,0.0193,0.0637,-0.0542,0.1304,0.9064,-0.6957,9.0157,-1.4953,-0.6620,0.0002,0.0008,-0.0007,1.0000,0.2254,-0.0375,-0.0167
1814,Left,2,0.2229,0.0148,-0.9406,-0.2556,0.0240,-0.0568,0.0534,-0.0463,-0.0654,-0.0746,-4.0127,-1.3060,8.7766,0.0003,-0.0007,0.0007,1.0000,-0.1005,-0.0328,0.2193
1814,Right,2,0.1890,-0.2176,-0.8949,-0.3407,2.0130,-4.4921,2.2186,4.2686,-1.5714,11.9583,-15.4071,2.9686,15.7868,0.0251,-0.0561,0.0277,0.9977,-0.4082,0.0535,0.3737
1814,Pelvis,2,0.5285,-0.4577,0.5931,0.3994,-0.0110,0.0841,-0.1145,0.2207,1.1962,-0.8260,8.8763,-1.6229,-0.9040,-0.0001,0.0011,-0.0014,1.0000,0.2218,-0.0409,-0.0228
1815,Left,2,0.2226,0.0147,-0.9409,-0.2550,0.0024,-0.0366,0.0519,-0.0605,-0.0480,-0.0553,-3.9934,-1.3097,8.8063,0.0000,-0.0005,0.0006,1.0000,-0.0999,-0.0328,0.2201
1815,Right,2,0.1302,-0.2187,-0.9100,-0.3272,1.2204,-4.1644,2.4176,9.9239,-4.6093,10.2994,-18.4046,2.2503,13.4575,0.0152,-0.0520,0.0302,0.9981,-0.4781,0.0371,0.3125
1815,Pelvis,2,0.5293,-0.4564,0.5921,0.4011,-0.0215,0.0272,-0.1987,0.2952,1.2106,-1.3217,8.3827,-1.6043,-0.8982,-0.0003,0.0003,-0.0025,1.0000,0.2095,-0.0406,-0.0225
1816,Left,2,0.2225,0.0148,-0.9411,-0.2541,-0.0094,-0.0152,0.0649,0.0027,0.0513,-0.0876,-3.9776,-1.4170,8.7607,-0.0001,-0.0002,0.0008,1.0000,-0.0995,-0.0355,0.2190
1816,Right,2,0.0785,-0.2106,-0.9235,-0.3108,0.3644,-3.8209,2.3663,15.6903,-7.9554,5.6610,-21.5470,0.7822,9.1979,0.0046,-0.0477,0.0296,0.9984,-0.5491,0.0024,0.2039
1816,Pelvis,2,0.5311,-0.4553,0.5901,0.4030,-0.0441,-0.0678,-0.2675,0.0225,1.2997,-1.2844,8.4589,-1.3207,-1.0600,-0.0006,-0.0008,-0.0033,1.0000,0.2114,-0.0337,-0.0263
1817,Left,2,0.2224,0.0144,-0.9414,-0.2532,0.0196,-0.0072,0.0827,0.0000,0.2575,-0.1046,-3.8696,-1.5852,8.7650,0.0002,-0.0001,0.0010,1.0000,-0.0967,-0.0398,0.2191
1817,Right,2,0.0381,-0.1931,-0.9358,-0.2926,-0.6022,-3.1877,2.2265,16.4367,-9.0850,-6.0471,-19.0911,-1.6399,-0.0767,-0.0075,-0.0398,0.0278,0.9988,-0.4753,-0.0544,-0.0205
1818,Left,2,0.2229,0.0131,-0.9415,-0.2522,0.0714,0.0587,0.0907,-0.1153,0.4153,-0.1936,-3.6775,-1.6386,8.7466,0.0009,0.0007,0.0011,1.0000,-0.0917,-0.0413,0.2187
1818,Right,2,0.0169,-0.1799,-0.9418,-0.2836,-0.6007,-1.7630,1.1037,17.2916,-7.4815,-15.8051,-17.4142,-5.8176,-7.3396,-0.0075,-0.0220,0.0138,0.9996,-0.4291,-0.1528,-0.1919
1818,Pelvis,2,0.5354,-0.4529,0.5870,0.4044,0.0444,-0.1029,-0.2115,0.0615,0.7779,0.1288,9.8724,-1.2961,-0.5480,0.0011,-0.0026,-0.0053,1.0000,0.4933,-0.0674,-0.0262
1819,Left,2,0.2251,0.0119,-0.9412,-0.2517,0.0452,0.1915,0.0589,-0.2483,0.0652,0.0017,-3.8550,-1.2784,8.9383,0.0006,0.0024,0.0007,1.0000,-0.0958,-0.0322,0.2237
1819,Right,2,0.0096,-0.1926,-0.9414,-0.2768,1.1287,-0.1655,0.6316,15.3806,-7.8429,-13.7187,-16.5544,-3.4673,-5.2216,0.0141,-0.0021,0.0079,0.9999,-0.4129,-0.0881,-0.1326
1819,Pelvis,2,0.5368,-0.4513,0.5870,0.4045,0.1151,-0.0093,-0.1232,1.3023,1.0821,0.3526,9.9775,-2.5230,-0.5341,0.0014,-0.0001,-0.0015,1.0000,0.2493,-0.0634,-0.0134
1820,Left,2,0.2295,0.0108,-0.9403,-0.2511,-0.0128,0.3682,0.0431,-0.3096,0.2336,0.0088,-3.7951,-1.3900,8.9599,-0.0002,0.0046,0.0005,1.0000,-0.0938,-0.0348,0.2244
1820,Right,2,0.0274,-0.1846,-0.9453,-0.2677,-1.0597,1.2982,0.4985,12.4243,-7.3052,-8.0129,-14.5239,-0.1452,-0.1613,-0.0132,0.0162,0.0062,0.9998,-0.3631,-0.0059,0.0019
1820,Pelvis,2,0.5392,-0.4483,0.5879,0.4033,0.3051,-0.0200,-0.1332,1.1659,1.8177,-0.1420,9.4989,-2.5145,-1.2781,0.0038,-0.0002,-0.0017,1.0000,0.2374,-0.0631,-0.0321
1821,Left,2,0.2372,0.0086,-0.9388,-0.2495,-0.0147,0.6466,0.1360,-0.4880,0.3891,0.0120,-3.7031,-1.4385,9.0075,-0.0002,0.0081,0.0017,1.0000,-0.0907,-0.0361,0.2259
1821,Right,2,0.0578,-0.1743,-0.9491,-0.2559,-1.4967,2.2430,0.5138,3.8365,1.0893,-0.7028,-4.3658,0.0635,8.9367,-0.0187,0.0280,0.0064,0.9994,-0.1029,0.0051,0.2263
1821,Pelvis,2,0.5433,-0.4444,0.5894,0.4000,0.5146,-0.1186,-0.1105,1.3573,2.5172,-0.6796,8.9443,-2.8280,-1.8959,0.0064,-0.0015,-0.0014,1.0000,0.2236,-0.0707,-0.0475
1822,Left,2,0.2506,0.0050,-0.9361,-0.2466,-0.0505,1.1227,0.2377,-0.8085,0.3897,0.3362,-3.8127,-1.3247,9.3553,-0.0006,0.0140,0.0030,0.9999,-0.0919,-0.0332,0.2352
1822,Right,2,0.0712,-0.1635,-0.9517,-0.2500,-1.1492,0.8572,0.2749,-11.5437,15.7840,9.5273,13.1900,-1.4779,24.0903,-0.0144,0.0107,0.0034,0.9998,0.3363,-0.0272,0.5991
1822,Pelvis,2,0.5497,-0.4418,0.5901,0.3930,0.6603,-0.4413,0.0109,1.3195,1.6719,-0.5312,9.0997,-2.5743,-1.1187,0.0083,-0.0055,0.0001,1.0000,0.2277,-0.0641,-0.0272
1823,Left,2,0.2745,-0.0016,-0.9307,-0.2417,-0.0776,2.0304,0.3966,-1.7437,1.1075,0.5141,-3.2540,-1.5389,9.8983,-0.0010,0.0254,0.0050,0.9997,-0.0748,-0.0386,0.2494
1823,Right,2,0.1049,-0.1738,-0.9465,-0.2507,0.1910,2.7963,-0.5359,5.9520,1.9223,-4.8667,-5.5029,-3.2111,4.7969,0.0024,0.0349,-0.0067,0.9994,-0.1338,-0.0797,0.1245
1823,Pelvis,2,0.5543,-0.4417,0.5919,0.3839,0.6141,-0.4523,0.3204,-0.3594,0.4297,1.1243,10.9090,-0.8126,-0.5168,0.0077,-0.0057,0.0040,0.9999,0.2729,-0.0191,-0.0115
1824,Left,2,0.3181,-0.0132,-0.9189,-0.2330,-0.1621,3.7286,0.6706,-3.6451,1.6429,0.3176,-2.2845,-1.1280,10.5927,-0.0020,0.0466,0.0084,0.9989,-0.0445,-0.0281,0.2671
1824,Right,2,0.1269,-0.1753,-0.9423,-0.2555,-0.2211,1.6622,-0.7303,3.8543,-2.2211,5.5547,-8.9539,3.9692,12.6516,-0.0028,0.0208,-0.0091,0.9997,-0.2163,0.1021,0.3206
1824,Pelvis,2,0.5580,-0.4451,0.5918,0.3745,0.3746,-0.6140,0.4556,-0.8191,-1.1540,1.7168,11.5954,-0.0479,0.6925,0.0047,-0.0077,0.0057,0.9999,0.2897,0.0004,0.0195
1825,Left,2,0.3893,-0.0305,-0.8935,-0.2220,-0.3026,6.2164,0.6941,-4.2200,2.1236,0.3350,-3.0502,-1.3275,10.6997,-0.0038,0.0776,0.0087,0.9969,-0.0549,-0.0327,0.2724
1825,Right,2,0.1450,-0.1675,-0.9415,-0.2539,-0.9509,1.2310,-0.2182,2.6254,-4.8140,5.2538,-9.4488,6.3468,11.2927,-0.0119,0.0154,-0.0027,0.9998,-0.2314,0.1627,0.2840
1825,Pelvis,2,0.5583,-0.4503,0.5907,0.3696,-0.0553,-0.3967,0.4228,-1.0326,-2.2644,2.2078,12.1774,0.3296,1.5136,-0.0007,-0.0050,0.0053,1.0000,0.3042,0.0099,0.0393
1826,Left,2,0.4838,-0.0581,-0.8486,-0.2062,-0.0850,8.6985,0.9632,-5.3515,3.8305,0.5509,-4.0116,-2.3968,11.3788,-0.0011,0.1085,0.0120,0.9940,-0.0680,-0.0606,0.2931
1826,Right,2,0.1508,-0.1577,-0.9421,-0.2548,-0.8414,0.2136,-0.2387,3.5185,1.1433,2.3678,-6.8183,0.0253,10.7503,-0.0105,0.0027,-0.0030,0.9999,-0.1697,0.0040,0.2692
1827,Left,2,0.5851,-0.0901,-0.7854,-0.1806,-0.1882,9.9999,1.4587,-6.7748,4.2098,5.3926,-10.4157,-2.4720,13.4832,-0.0023,0.1247,0.0182,0.9920,-0.2146,-0.0652,0.3660
1827,Right,2,0.1517,-0.1515,-0.9430,-0.2545,-0.4866,-0.0722,-0.0374,1.5936,0.5866,0.8390,-4.9358,0.9628,9.5423,-0.0061,-0.0009,-0.0005,1.0000,-0.1236,0.0256,0.2383
1827,Pelvis,2,0.5578,-0.4546,0.5920,0.3630,0.0662,-0.1403,0.2790,1.0237,-1.9600,1.7742,11.5176,-1.7912,1.8126,0.0017,-0.0035,0.0070,1.0000,0.5762,-0.0857,0.0925
1828,Left,2,0.6572,-0.1144,-0.7291,-0.1530,-0.3956,7.7382,1.5450,-7.4561,3.7078,11.8058,-19.4198,-1.7252,12.5830,-0.0049,0.0966,0.0193,0.9951,-0.4512,-0.0504,0.3596
1828,Right,2,0.1506,-0.1489,-0.9437,-0.2541,-0.1771,-0.1384,0.0311,0.8924,0.3031,0.5562,-4.3543,1.4231,9.3497,-0.0022,-0.0017,0.0004,1.0000,-0.1093,0.0361,0.2335
1828,Pelvis,2,0.5564,-0.4543,0.5968,0.3577,0.3846,0.0994,0.4295,0.7521,-1.9809,0.1579,9.9330,-1.4373,1.7815,0.0048,0.0012,0.0054,1.0000,0.2486,-0.0348,0.0441
1829,Left,2,0.6976,-0.1363,-0.6915,-0.1287,-0.1446,4.8308,1.7359,-8.5295,8.7308,0.2604,-9.4487,-5.0810,11.6488,-0.0018,0.0603,0.0217,0.9979,-0.2153,-0.1313,0.3049
1829,Right,2,0.1497,-0.1480,-0.9441,-0.2538,-0.0442,-0.0911,0.0430,0.1241,-0.1577,0.2750,-3.7924,2.1237,9.1054,-0.0006,-0.0011,0.0005,1.0000,-0.0951,0.0532,0.2275
1829,Pelvis,2,0.5533,-0.4557,0.6021,0.3516,0.3093,0.1229,0.6164,-0.7330,-1.7672,-0.2011,9.7338,-0.1872,1.1231,0.0039,0.0015,0.0077,1.0000,0.2434,-0.0029,0.0277
1830,Left,2,0.7234,-0.1488,-0.6645,-0.1139,-0.1013,3.2312,0.9580,-14.7043,9.5571,2.0140,-12.7593,-3.2392,16.5649,-0.0013,0.0404,0.0120,0.9991,-0.3009,-0.0841,0.4266
1830,Right,2,0.1497,-0.1475,-0.9442,-0.2537,-0.0229,-0.0196,0.0094,-0.0290,-0.1257,0.1049,-3.5786,2.1341,9.0008,-0.0003,-0.0002,0.0001,1.0000,-0.0895,0.0534,0.2250
1830,Pelvis,2,0.5509,-0.4579,0.6050,0.3476,0.1106,0.0285,0.4611,-1.8229,-1.4526,0.4880,10.5408,0.4769,0.4509,0.0014,0.0004,0.0058,1.0000,0.2634,0.0134,0.0112
1831,Left,2,0.6978,-0.1436,-0.6911,-0.1221,0.1228,-3.0365,-0.1943,-9.2502,10.4131,-7.0973,-3.5616,-6.1908,12.2656,0.0015,-0.0379,-0.0024,0.9993,-0.1010,-0.1550,0.3027
1831,Right,2,0.1498,-0.1474,-0.9442,-0.2537,0.0040,0.0014,0.0069,0.1182,0.0251,0.0224,-3.6041,1.9106,8.9501,0.0000,0.0000,0.0001,1.0000,-0.0901,0.0477,0.2238
1831,Pelvis,2,0.5511,-0.4589,0.6035,0.3485,-0.1363,-0.0659,-0.0449,-2.0334,-0.9435,1.0145,11.0505,0.3552,-0.1187,-0.0017,-0.0008,-0.0006,1.0000,0.2763,0.0087,-0.0028
1832,Left,2,0.6719,-0.1418,-0.7144,-0.1343,0.5666,-2.8808,-0.2440,-4.3166,3.2480,-11.3602,1.6220,-1.4250,5.1893,0.0071,-0.0360,-0.0030,0.9993,0.0357,-0.0367,0.1308
1832,Right,2,0.1503,-0.1480,-0.9440,-0.2536,0.0437,0.0502,0.0201,0.1887,0.1703,-0.0057,-3.5957,1.7509,8.9581,0.0005,0.0006,0.0003,1.0000,-0.0898,0.0436,0.2240
1832,Pelvis,2,0.5528,-0.4582,0.6000,0.3528,-0.2317,-0.0608,-0.4028,-1.1111,-0.7516,-0.0745,9.8248,-0.3230,0.0340,-0.0029,-0.0008,-0.0050,1.0000,0.2456,-0.0093,0.0011
1833,Left,2,0.6429,-0.1307,-0.7411,-0.1428,-0.1608,-3.2945,-0.4662,-5.1921,4.2676,-6.4300,-2.7670,-1.9121,6.7330,-0.0020,-0.0412,-0.0058,0.9991,-0.0763,-0.0470,0.1654
1833,Right,2,0.1509,-0.1492,-0.9438,-0.2532,0.0911,0.0714,0.0391,0.1892,0.0262,-0.0317,-3.6629,1.8789,8.8745,0.0011,0.0009,0.0005,1.0000,-0.0914,0.0467,0.2220
1833,Pelvis,2,0.5543,-0.4566,0.5972,0.3572,-0.1813,0.0127,-0.4166,-0.0774,-0.6133,-0.2370,9.5162,-1.2058,0.2511,-0.0023,0.0002,-0.0052,1.0000,0.2377,-0.0314,0.0063
1834,Left,2,0.6008,-0.1182,-0.7749,-0.1570,0.1216,-4.5148,-0.6596,-3.9182,6.0679,-3.3470,-5.1940,-4.0943,7.0943,0.0015,-0.0564,-0.0082,0.9984,-0.1404,-0.1015,0.1695
1834,Right,2,0.1513,-0.1508,-0.9436,-0.2529,0.1157,0.0686,0.0442,0.1109,-0.0067,-0.0802,-3.6098,1.9602,8.8239,0.0014,0.0009,0.0006,1.0000,-0.0901,0.0486,0.2207
1835,Left,2,0.5478,-0.1061,-0.8108,-0.1767,0.5298,-5.3324,-0.8524,-3.4818,4.2258,-2.8232,-5.0745,-2.6100,6.8110,0.0066,-0.0666,-0.0106,0.9977,-0.1385,-0.0649,0.1609
1835,Right,2,0.1515,-0.1524,-0.9434,-0.2525,0.1279,0.0512,0.0461,0.1091,0.0191,-0.0720,-3.6125,1.9690,8.8298,0.0016,0.0006,0.0006,1.0000,-0.0902,0.0488,0.2209
1835,Pelvis,2,0.5535,-0.4545,0.5966,0.3621,-0.0794,0.1261,-0.1551,0.3499,-0.4961,-1.0273,8.6810,-1.4427,0.3324,-0.0020,0.0032,-0.0039,1.0000,0.4338,-0.0738,0.0154
1836,Left,2,0.4908,-0.0876,-0.8446,-0.1952,0.1300,-5.5856,-1.0464,-3.0026,3.0060,-1.5182,-5.6457,-1.7874,7.2060,0.0016,-0.0698,-0.0131,0.9975,-0.1538,-0.0430,0.1696
1836,Right,2,0.1515,-0.1541,-0.9432,-0.2523,0.1403,0.0337,0.0436,0.0954,0.0520,-0.1224,-3.5772,1.9685,8.7887,0.0018,0.0004,0.0005,1.0000,-0.0894,0.0488,0.2198
1836,Pelvis,2,0.5525,-0.4541,0.5969,0.3636,-0.0647,0.1264,-0.0521,-0.0409,-0.0978,-1.3892,8.3489,-1.1168,-0.1267,-0.0008,0.0016,-0.0007,1.0000,0.2087,-0.0281,-0.0035
1837,Left,2,0.4317,-0.0647,-0.8748,-0.2102,-0.2367,-5.6344,-1.0188,-2.5567,2.0810,1.9395,-7.8638,-1.4742,9.2316,-0.0030,-0.0704,-0.0127,0.9974,-0.2126,-0.0336,0.2163
1837,Right,2,0.1513,-0.1562,-0.9430,-0.2520,0.1735,0.0257,0.0576,0.2723,0.1457,-0.0806,-3.7039,1.8433,8.8144,0.0022,0.0003,0.0007,1.0000,-0.0926,0.0455,0.2205
1837,Pelvis,2,0.5513,-0.4533,0.5975,0.3655,-0.0576,0.1759,-0.0560,-0.3916,0.2962,-1.1036,8.6516,-0.9439,-0.5901,-0.0007,0.0022,-0.0007,1.0000,0.2162,-0.0238,-0.0152
1838,Left,2,0.3723,-0.0357,-0.9019,-0.2162,-0.9615,-5.5979,-0.6608,-2.4224,-1.0123,3.8869,-9.0209,0.8047,10.6244,-0.0120,-0.0699,-0.0083,0.9974,-0.2431,0.0251,0.2487
1838,Right,2,0.1505,-0.1587,-0.9428,-0.2517,0.2173,-0.0077,0.0647,0.2797,0.0271,-0.1490,-3.7362,1.9673,8.6970,0.0027,-0.0001,0.0008,1.0000,-0.0935,0.0485,0.2175
1838,Pelvis,2,0.5501,-0.4526,0.5987,0.3662,0.0106,0.1551,0.0034,-0.4398,0.4028,-0.7932,8.9615,-0.9702,-0.6765,0.0001,0.0019,0.0000,1.0000,0.2240,-0.0242,-0.0174
1839,Left,2,0.3202,0.0056,-0.9237,-0.2103,-2.3109,-5.0906,-0.2726,2.0734,-4.2121,11.4185,-16.5663,0.4463,14.1025,-0.0289,-0.0636,-0.0034,0.9976,-0.4354,0.0223,0.3248
1839,Right,2,0.1493,-0.1601,-0.9427,-0.2520,0.1522,-0.0671,0.0196,-0.1008,-0.1052,-0.3632,-3.3910,2.2673,8.5250,0.0019,-0.0008,0.0002,1.0000,-0.0850,0.0563,0.2132
1839,Pelvis,2,0.5488,-0.4514,0.6005,0.3666,0.0668,0.1915,0.0300,-0.4625,0.4614,-0.6829,9.0727,-0.9876,-0.7009,0.0008,0.0024,0.0004,1.0000,0.2268,-0.0246,-0.0181
1840,Left,2,0.2616,0.0503,-0.9406,-0.2104,-2.3072,-5.5062,-0.8928,11.4108,-5.0680,10.9272,-21.5726,-3.3037,10.5203,-0.0288,-0.0688,-0.0111,0.9972,-0.5566,-0.0695,0.2272
1840,Right,2,0.1482,-0.1601,-0.9427,-0.2525,0.0397,-0.0930,-0.0186,-0.2910,-0.0661,-0.3167,-3.2177,2.3624,8.6214,0.0005,-0.0012,-0.0002,1.0000,-0.0807,0.0590,0.2155
1840,Pelvis,2,0.5472,-0.4508,0.6023,0.3669,0.0289,0.1849,0.0742,-0.7972,-0.0194,-0.5852,9.2405,-0.5450,-0.3136,0.0004,0.0023,0.0009,1.0000,0.2310,-0.0134,-0.0084
1841,Left,2,0.2129,0.0763,-0.9491,-0.2192,-0.9106,-4.2247,-1.2597,18.5019,-10.5687,4.4376,-25.3383,-0.6117,3.9183,-0.0114,-0.0528,-0.0157,0.9984,-0.6376,-0.0044,0.0644
1841,Right,2,0.1474,-0.1590,-0.9429,-0.2530,-0.0593,-0.0915,-0.0252,-0.4517,-0.1020,-0.2612,-3.1026,2.4814,8.6984,-0.0007,-0.0011,-0.0003,1.0000,-0.0778,0.0622,0.2173
1841,Pelvis,2,0.5444,-0.4527,0.6034,0.3668,-0.1199,0.1265,0.2167,-0.9538,0.4475,-0.9003,8.9252,-0.5370,-0.7695,-0.0015,0.0016,0.0027,1.0000,0.2231,-0.0129,-0.0196
1842,Left,2,0.1739,0.0889,-0.9533,-0.2305,-0.0442,-3.1758,-1.2368,18.6594,-12.6553,-4.8360,-22.8496,2.5965,-2.1382,-0.0006,-0.0397,-0.0155,0.9991,-0.5674,0.0737,-0.0761
1842,Right,2,0.1476,-0.1570,-0.9430,-0.2535,-0.1345,-0.0368,-0.0553,-0.5435,-0.1857,-0.2257,-3.0652,2.5788,8.7289,-0.0017,-0.0005,-0.0007,1.0000,-0.0767,0.0649,0.2181
1842,Pelvis,2,0.5419,-0.4562,0.6036,0.3658,-0.1941,-0.0102,0.3055,-0.4148,1.0676,-0.2821,9.4256,-1.3873,-1.1737,-0.0024,-0.0001,0.0038,1.0000,0.2358,-0.0339,-0.0292
1843,Left,2,0.1456,0.0861,-0.9563,-0.2383,0.8695,-2.0935,-0.7017,17.0980,-10.2451,-11.2486,-18.8426,2.1302,-6.3155,0.0109,-0.0262,-0.0088,0.9996,-0.4662,0.0592,-0.1695
1843,Right,2,0.1487,-0.1539,-0.9431,-0.2545,-0.2321,-0.0014,-0.1190,-0.4155,-0.1486,-0.2508,-3.1488,2.4256,8.7079,-0.0029,-0.0000,-0.0015,1.0000,-0.0786,0.0614,0.2175
1843,Pelvis,2,0.5405,-0.4595,0.6030,0.3649,-0.1873,-0.0887,0.2166,0.2839,1.4904,0.9754,10.5307,-2.4275,-1.3768,-0.0023,-0.0011,0.0027,1.0000,0.2635,-0.0601,-0.0340
1844,Left,2,0.1361,0.0821,-0.9580,-0.2385,0.5069,-0.6632,-0.0032,13.8115,-10.6088,-12.7893,-16.1039,3.9541,-6.0993,0.0063,-0.0083,-0.0000,0.9999,-0.4013,0.0998,-0.1552
1844,Right,2,0.1503,-0.1500,-0.9431,-0.2560,-0.2988,0.0235,-0.1694,-0.4985,-0.1232,-0.2654,-3.0762,2.3729,8.7362,-0.0037,0.0003,-0.0021,1.0000,-0.0767,0.0603,0.2182
1844,Pelvis,2,0.5402,-0.4612,0.6015,0.3654,-0.1589,-0.0826,0.0181,-0.3853,1.5637,0.5029,10.1499,-1.7721,-1.6866,-0.0020,-0.0010,0.0002,1.0000,0.2538,-0.0443,-0.0418
1845,Left,2,0.1468,0.0853,-0.9556,-0.2408,-0.4348,0.7987,-0.1848,12.9583,-7.5679,-10.2517,-14.4999,1.0563,-3.7452,-0.0054,0.0100,-0.0023,0.9999,-0.3633,0.0267,-0.0901
1845,Right,2,0.1529,-0.1464,-0.9429,-0.2573,-0.2941,0.1034,-0.1685,-0.2843,0.0846,-0.1773,-3.2180,2.0251,8.8585,-0.0037,0.0013,-0.0021,1.0000,-0.0801,0.0516,0.2214
1845,Pelvis,2,0.5398,-0.4627,0.5998,0.3672,-0.2236,-0.0299,-0.0573,-2.0682,0.8628,0.6003,10.5356,0.0194,-1.5664,-0.0028,-0.0004,-0.0007,1.0000,0.2634,0.0002,-0.0391
1846,Left,2,0.1664,0.0746,-0.9518,-0.2466,0.4951,1.7818,-0.2589,9.7076,-5.2188,-5.0930,-11.8623,-0.8166,1.5461,0.0062,0.0223,-0.0032,0.9997,-0.2957,-0.0197,0.0451
1846,Right,2,0.1568,-0.1434,-0.9423,-0.2587,-0.2723,0.2163,-0.1934,-0.1425,0.1881,-0.0125,-3.3944,1.8156,9.0156,-0.0034,0.0027,-0.0024,1.0000,-0.0841,0.0464,0.2255
1846,Pelvis,2,0.5365,-0.4658,0.5980,0.3708,-0.4623,0.1200,0.0324,-2.7639,0.6085,0.1228,10.1839,0.8427,-1.5173,-0.0058,0.0015,0.0004,1.0000,0.2545,0.0210,-0.0384
1847,Left,2,0.1827,0.0572,-0.9478,-0.2550,1.0947,1.6826,-0.3959,-10.4385,6.2092,12.7553,4.8507,-5.4405,24.5731,0.0137,0.0210,-0.0049,0.9997,0.1334,-0.1450,0.6097
1847,Right,2,0.1619,-0.1401,-0.9412,-0.2613,-0.2996,0.2988,-0.3086,-0.2992,0.0058,0.1018,-3.4608,1.9814,9.0821,-0.0037,0.0037,-0.0039,1.0000,-0.0855,0.0507,0.2272
1847,Pelvis,2,0.5317,-0.4706,0.5956,0.3757,-0.6739,0.1711,0.0789,-2.6461,0.7440,-1.2504,8.8098,0.9201,-1.5516,-0.0084,0.0021,0.0010,1.0000,0.2201,0.0229,-0.0395
1848,Left,2,0.1782,0.0466,-0.9479,-0.2599,0.9733,-0.1100,-0.2396,-18.7950,2.3496,-6.9263,15.3597,6.2436,9.6026,0.0122,-0.0014,-0.0030,0.9999,0.3841,0.1520,0.2425
1848,Right,2,0.1695,-0.1368,-0.9393,-0.2653,-0.3215,0.4840,-0.4568,-0.5551,-0.0087,0.3172,-3.4521,2.0616,9.3144,-0.0040,0.0061,-0.0057,1.0000,-0.0846,0.0530,0.2332
1848,Pelvis,2,0.5288,-0.4757,0.5910,0.3806,-0.7103,-0.0295,-0.0453,-1.0734,0.0250,-1.2696,8.5935,-0.3572,-0.4012,-0.0089,-0.0004,-0.0006,1.0000,0.2148,-0.0091,-0.0099
1849,Left,2,0.2130,0.0366,-0.9423,-0.2558,-0.0349,2.9135,0.4606,7.6602,-5.7565,5.0748,-14.1447,-1.3122,10.5736,-0.0004,0.0364,0.0058,0.9993,-0.3435,-0.0347,0.2770
1849,Right,2,0.1813,-0.1343,-0.9357,-0.2711,-0.3036,0.8163,-0.6680,-0.3915,0.1818,0.4821,-3.7419,1.7161,9.4461,-0.0038,0.0102,-0.0084,0.9999,-0.0908,0.0446,0.2369
1849,Pelvis,2,0.5291,-0.4786,0.5848,0.3860,-0.5820,-0.1561,-0.3342,1.3728,0.2318,0.3198,9.7942,-2.9460,-0.0236,-0.0073,-0.0020,-0.0042,1.0000,0.2445,-0.0747,0.0004
1850,Left,2,0.2285,0.0268,-0.9388,-0.2563,0.4211,1.4309,0.1021,2.8163,-1.0946,3.8147,-8.1540,-2.7207,10.9984,0.0053,0.0179,0.0013,0.9998,-0.1988,-0.0697,0.2782
1850,Right,2,0.2003,-0.1350,-0.9300,-0.2770,-0.2031,1.4516,-0.7567,-1.3655,1.2631,0.7370,-2.8943,1.2901,10.2337,-0.0025,0.0181,-0.0095,0.9998,-0.0674,0.0336,0.2570
1850,Pelvis,2,0.5307,-0.4796,0.5804,0.3892,-0.3040,-0.1655,-0.3044,1.8117,-1.4955,1.0901,10.6152,-2.9862,1.6703,-0.0038,-0.0021,-0.0038,1.0000,0.2650,-0.0755,0.0426
1851,Left,2,0.2341,0.0184,-0.9377,-0.2559,0.5118,0.6089,0.1682,1.7637,-3.8457,4.5196,-9.2888,0.2024,11.7047,0.0064,0.0076,0.0021,0.9999,-0.2300,0.0027,0.2944
1851,Right,2,0.2352,-0.1427,-0.9188,-0.2829,0.0239,2.8824,-0.9331,-2.7935,2.1642,0.9722,-2.1040,1.3301,11.0753,0.0003,0.0360,-0.0117,0.9993,-0.0422,0.0337,0.2785
1851,Pelvis,2,0.5323,-0.4790,0.5778,0.3916,-0.1214,-0.0769,-0.2831,1.6996,-1.1261,1.7144,11.2533,-2.9836,1.2215,-0.0015,-0.0010,-0.0035,1.0000,0.2810,-0.0755,0.0309
1852,Left,2,0.2344,0.0150,-0.9375,-0.2568,0.2686,0.0979,-0.0104,1.1879,-0.7640,1.5897,-6.1873,-1.6250,9.5439,0.0034,0.0012,-0.0001,1.0000,-0.1544,-0.0414,0.2386
1852,Right,2,0.2927,-0.1612,-0.8980,-0.2862,0.3703,4.9971,-1.0091,-3.5799,2.2974,1.1347,-2.7009,1.7031,11.3106,0.0046,0.0624,-0.0126,0.9980,-0.0492,0.0420,0.2864
1852,Pelvis,2,0.5337,-0.4794,0.5755,0.3926,-0.1035,-0.1390,-0.1543,-0.1265,-1.2367,2.3024,12.0885,-1.2201,0.8374,-0.0013,-0.0017,-0.0019,1.0000,0.3021,-0.0311,0.0215
1853,Left,2,0.2334,0.0140,-0.9373,-0.2585,0.1339,-0.0519,-0.1129,0.4259,-0.7459,1.1407,-5.4114,-1.1736,9.4897,0.0017,-0.0006,-0.0014,1.0000,-0.1355,-0.0295,0.2371
1853,Right,2,0.3732,-0.1885,-0.8620,-0.2865,0.6046,7.2616,-1.2417,-4.2083,2.0471,1.1354,-4.1578,2.3201,10.9314,0.0075,0.0906,-0.0155,0.9957,-0.0777,0.0572,0.2816
1853,Pelvis,2,0.5330,-0.4811,0.5741,0.3935,-0.1868,-0.0437,0.0160,-0.8648,-2.1394,2.4516,12.3849,-0.3027,1.5036,-0.0023,-0.0005,0.0002,1.0000,0.3096,-0.0074,0.0378
1854,Left,2,0.2347,0.0162,-0.9364,-0.2605,-0.1482,0.0617,-0.2140,0.0117,-0.2481,0.3376,-4.5042,-1.3099,9.0048,-0.0019,0.0008,-0.0027,1.0000,-0.1125,-0.0320,0.2253
1854,Right,2,0.4611,-0.2129,-0.8121,-0.2872,0.4521,8.1119,-1.7840,-5.9831,1.9812,4.0286,-7.7766,3.7408,12.5567,0.0056,0.1012,-0.0223,0.9946,-0.1592,0.0955,0.3318
1854,Pelvis,2,0.5310,-0.4820,0.5737,0.3958,-0.2237,0.1364,-0.0018,0.1162,-1.7733,1.3862,11.1858,-1.2003,1.4182,-0.0028,0.0017,-0.0000,1.0000,0.2797,-0.0299,0.0351
1855,Left,2,0.2354,0.0184,-0.9357,-0.2623,-0.1456,0.0170,-0.1930,0.2746,0.2356,0.0166,-4.3261,-1.8605,8.6354,-0.0018,0.0002,-0.0024,1.0000,-0.1082,-0.0459,0.2160
1855,Right,2,0.5277,-0.2249,-0.7651,-0.2926,0.2671,6.2544,-2.1168,-6.7299,1.2916,10.0476,-15.4428,4.7662,13.4610,0.0033,0.0781,-0.0264,0.9966,-0.3549,0.1276,0.3655
1855,Pelvis,2,0.5294,-0.4804,0.5732,0.4006,-0.1950,0.2858,-0.2374,1.0969,-1.5894,-0.2092,9.4721,-1.9562,1.5524,-0.0024,0.0036,-0.0030,1.0000,0.2368,-0.0495,0.0381
1856,Left,2,0.2358,0.0193,-0.9352,-0.2634,-0.0500,0.0232,-0.1104,0.1395,0.1023,0.0165,-4.2895,-1.7186,8.6770,-0.0006,0.0003,-0.0014,1.0000,-0.1072,-0.0427,0.2170
1856,Right,2,0.5742,-0.2204,-0.7306,-0.2967,-0.5629,4.1262,-2.0816,-9.7084,1.6126,0.4959,-7.4207,5.5849,10.8208,-0.0070,0.0515,-0.0260,0.9983,-0.1675,0.1461,0.2785
1856,Pelvis,2,0.5289,-0.4770,0.5727,0.4059,-0.1031,0.3130,-0.3830,1.8699,-0.8572,-0.9932,8.5757,-2.7003,1.0866,-0.0013,0.0039,-0.0048,1.0000,0.2142,-0.0685,0.0264
1857,Left,2,0.2364,0.0200,-0.9349,-0.2640,-0.0509,0.0336,-0.0747,-0.0282,-0.1301,0.1130,-4.3252,-1.4747,8.8122,-0.0006,0.0004,-0.0009,1.0000,-0.1081,-0.0366,0.2204
1857,Right,2,0.5899,-0.2185,-0.7112,-0.3138,0.6526,1.4648,-1.8116,-9.0820,9.8729,2.5939,-9.0180,-1.2414,15.8445,0.0082,0.0183,-0.0226,0.9995,-0.2188,-0.0293,0.3999
1857,Pelvis,2,0.5291,-0.4740,0.5730,0.4087,0.0334,0.2086,-0.2546,1.9897,-0.1693,-0.1410,9.3982,-2.9947,0.4853,0.0004,0.0026,-0.0032,1.0000,0.2347,-0.0756,0.0115
1858,Left,2,0.2377,0.0209,-0.9344,-0.2646,-0.0798,0.0803,-0.0731,-0.0578,-0.1775,0.0727,-4.3203,-1.4361,8.7766,-0.0010,0.0010,-0.0009,1.0000,-0.1078,-0.0356,0.2196
1858,Right,2,0.5793,-0.2192,-0.7096,-0.3359,1.3869,-0.8849,-1.0794,-10.8387,-0.1264,-9.1728,0.4949,7.8221,7.5157,0.0173,-0.0111,-0.0135,0.9997,0.0129,0.1921,0.1914
1858,Pelvis,2,0.5289,-0.4719,0.5750,0.4087,0.1647,0.1643,-0.0158,1.4356,-0.0622,-0.0912,9.5109,-2.4533,0.3093,0.0021,0.0021,-0.0002,1.0000,0.2378,-0.0614,0.0071
1859,Left,2,0.2393,0.0219,-0.9338,-0.2652,-0.0916,0.1082,-0.0746,0.0556,-0.0721,-0.0134,-4.3331,-1.5947,8.6439,-0.0011,0.0014,-0.0009,1.0000,-0.1081,-0.0395,0.2163
1859,Right,2,0.5691,-0.2155,-0.7173,-0.3393,0.1005,-1.0881,0.0274,-9.9274,-1.3873,-8.2701,-0.6935,8.0821,6.0874,0.0013,-0.0136,0.0003,0.9999,-0.0195,0.2019,0.1522
1859,Pelvis,2,0.5287,-0.4711,0.5776,0.4061,0.2419,0.0449,0.1776,0.8633,-0.0963,0.0376,9.6964,-1.9237,0.2503,0.0030,0.0006,0.0022,1.0000,0.2425,-0.0476,0.0060
1860,Left,2,0.2406,0.0225,-0.9333,-0.2655,-0.0600,0.0924,-0.0473,0.0486,-0.0007,-0.0130,-4.3120,-1.6763,8.6390,-0.0008,0.0012,-0.0006,1.0000,-0.1076,-0.0417,0.2161
1860,Right,2,0.5519,-0.2179,-0.7356,-0.3269,-0.2681,-1.5310,1.6168,-7.9413,-0.3310,-7.0369,-1.5523,5.8397,5.8640,-0.0034,-0.0191,0.0202,0.9996,-0.0445,0.1456,0.1453
1860,Pelvis,2,0.5286,-0.4700,0.5806,0.4033,0.2777,0.0599,0.1842,0.9570,-0.1968,-0.4447,9.2005,-1.9768,0.3961,0.0035,0.0007,0.0023,1.0000,0.2301,-0.0489,0.0096
1861,Left,2,0.2416,0.0227,-0.9331,-0.2655,-0.0345,0.0716,-0.0088,0.0160,-0.0257,-0.0610,-4.2968,-1.6448,8.5982,-0.0004,0.0009,-0.0001,1.0000,-0.1072,-0.0410,0.2151
1861,Right,2,0.5266,-0.2230,-0.7610,-0.3064,-0.3798,-2.1072,2.5380,-6.4471,0.6879,-4.8991,-3.0879,4.0530,6.3446,-0.0047,-0.0263,0.0317,0.9991,-0.0845,0.0995,0.1560
1861,Pelvis,2,0.5288,-0.4677,0.5836,0.4012,0.3142,0.1179,0.0884,0.7353,-0.3107,-0.6095,9.0583,-1.7445,0.4888,0.0039,0.0015,0.0011,1.0000,0.2265,-0.0434,0.0117
1862,Left,2,0.2423,0.0227,-0.9330,-0.2652,-0.0152,0.0484,0.0161,0.0190,-0.0413,-0.0834,-4.3109,-1.6346,8.5676,-0.0002,0.0006,0.0002,1.0000,-0.1076,-0.0408,0.2143
1862,Right,2,0.4932,-0.2238,-0.7905,-0.2859,-0.5058,-2.8820,2.6012,-4.6349,2.0809,-2.4016,-4.9568,2.0143,7.2223,-0.0063,-0.0360,0.0325,0.9988,-0.1319,0.0473,0.1756
1862,Pelvis,2,0.5291,-0.4650,0.5865,0.4000,0.2985,0.1490,0.0239,0.4532,-0.1697,-0.7372,8.9577,-1.5008,0.3258,0.0037,0.0019,0.0003,1.0000,0.2240,-0.0375,0.0076
1863,Left,2,0.2427,0.0227,-0.9330,-0.2649,-0.0060,0.0299,0.0220,-0.0423,-0.0261,-0.1137,-4.2544,-1.6137,8.5656,-0.0001,0.0004,0.0003,1.0000,-0.1063,-0.0404,0.2142
1863,Right,2,0.4511,-0.2211,-0.8207,-0.2721,-0.2841,-3.6593,2.2148,-2.5058,3.1779,-1.6107,-5.5060,0.0698,7.3072,-0.0035,-0.0457,0.0277,0.9986,-0.1458,-0.0016,0.1761
1863,Pelvis,2,0.5297,-0.4622,0.5888,0.3988,0.2832,0.1108,-0.0152,0.3463,0.0485,-1.0221,8.6818,-1.4168,0.1250,0.0035,0.0014,-0.0002,1.0000,0.2170,-0.0355,0.0027
1864,Left,2,0.2432,0.0228,-0.9329,-0.2645,-0.0293,0.0338,0.0235,-0.1052,-0.0660,-0.0806,-4.2511,-1.5568,8.6160,-0.0004,0.0004,0.0003,1.0000,-0.1062,-0.0389,0.2155
1864,Right,2,0.4035,-0.2171,-0.8477,-0.2673,0.1282,-4.0885,1.6009,-1.2167,3.0012,-0.1405,-6.6634,-0.1891,7.7265,0.0016,-0.0511,0.0200,0.9985,-0.1760,-0.0085,0.1843
1864,Pelvis,2,0.5307,-0.4598,0.5905,0.3978,0.2488,0.0670,-0.0361,0.4091,0.3720,-0.9910,8.6995,-1.5576,-0.1423,0.0031,0.0008,-0.0005,1.0000,0.2175,-0.0390,-0.0039
1865,Left,2,0.2440,0.0232,-0.9329,-0.2640,-0.0482,0.0425,0.0293,-0.0695,-0.0257,-0.1017,-4.2579,-1.6111,8.5780,-0.0006,0.0005,0.0004,1.0000,-0.1063,-0.0402,0.2145
1865,Right,2,0.3528,-0.2123,-0.8705,-0.2696,0.4471,-4.3124,1.0591,-0.0410,2.4917,1.5583,-7.9400,0.0133,8.5208,0.0056,-0.0539,0.0132,0.9984,-0.2096,-0.0035,0.2019
1865,Pelvis,2,0.5318,-0.4576,0.5918,0.3971,0.2207,0.0512,-0.0602,0.2320,0.6166,-0.5746,9.1319,-1.4927,-0.3967,0.0028,0.0006,-0.0008,1.0000,0.2283,-0.0375,-0.0102
1866,Left,2,0.2447,0.0235,-0.9329,-0.2632,-0.0466,0.0412,0.0453,-0.0525,-0.0298,-0.0957,-4.2865,-1.6237,8.5682,-0.0006,0.0005,0.0006,1.0000,-0.1070,-0.0405,0.2143
1866,Right,2,0.3010,-0.2098,-0.8875,-0.2788,0.9293,-4.2787,0.5363,1.6686,2.2175,3.8235,-9.7225,-0.1024,9.9653,0.0116,-0.0535,0.0067,0.9985,-0.2559,-0.0070,0.2356
1866,Pelvis,2,0.5325,-0.4552,0.5930,0.3969,0.1925,0.0818,-0.0773,0.1186,0.8447,-0.5635,9.1560,-1.4332,-0.6238,0.0024,0.0010,-0.0010,1.0000,0.2288,-0.0360,-0.0159
1867,Left,2,0.2452,0.0237,-0.9330,-0.2623,-0.0352,0.0350,0.0646,-0.0272,0.0030,-0.1221,-4.2882,-1.6630,8.5296,-0.0004,0.0004,0.0008,1.0000,-0.1071,-0.0416,0.2133
1867,Right,2,0.2449,-0.2104,-0.8990,-0.2960,1.5254,-4.5221,-0.0051,3.7856,0.6762,7.7113,-13.0021,0.9488,12.3400,0.0191,-0.0565,-0.0001,0.9982,-0.3418,0.0181,0.2899
1868,Left,2,0.2454,0.0233,-0.9333,-0.2611,0.0012,0.0088,0.1017,-0.0144,0.0577,-0.1915,-4.2484,-1.6996,8.4637,0.0000,0.0001,0.0013,1.0000,-0.1061,-0.0426,0.2116
1868,Right,2,0.1841,-0.2119,-0.9069,-0.3142,1.7766,-4.7922,-0.0681,6.3266,-3.5594,7.9474,-15.3900,2.9676,11.0845,0.0222,-0.0599,-0.0009,0.9980,-0.4004,0.0687,0.2550
1869,Left,2,0.2443,0.0222,-0.9342,-0.2592,0.0749,-0.0881,0.1791,-0.0028,0.1924,-0.2996,-4.1401,-1.7808,8.3800,0.0009,-0.0011,0.0022,1.0000,-0.1036,-0.0449,0.2093
1869,Right,2,0.1267,-0.2100,-0.9145,-0.3218,1.2994,-4.4443,0.5853,9.8708,-8.6547,6.1517,-18.5192,4.3225,8.1215,0.0162,-0.0555,0.0073,0.9983,-0.4741,0.1016,0.1786
1869,Pelvis,2,0.5353,-0.4480,0.5954,0.3978,0.1632,0.0771,-0.1254,0.1765,1.2190,-0.8356,8.8857,-1.5146,-0.9255,0.0061,0.0029,-0.0047,1.0000,0.6657,-0.1163,-0.0720
1870,Left,2,0.2411,0.0204,-0.9357,-0.2569,0.1687,-0.2361,0.2254,0.1050,0.3504,-0.3039,-4.1168,-1.9220,8.3612,0.0021,-0.0030,0.0028,1.0000,-0.1034,-0.0488,0.2086
1870,Right,2,0.0782,-0.2013,-0.9242,-0.3150,0.3965,-3.7489,1.4757,12.0859,-10.6851,-0.8144,-18.0715,2.8419,2.6144,0.0050,-0.0468,0.0184,0.9987,-0.4554,0.0624,0.0444
1870,Pelvis,2,0.5381,-0.4454,0.5951,0.3975,0.2118,-0.0704,-0.2048,0.2911,1.2066,-1.0145,8.7081,-1.5449,-0.8549,0.0026,-0.0009,-0.0026,1.0000,0.2176,-0.0391,-0.0213
1871,Left,2,0.2375,0.0184,-0.9370,-0.2557,0.2073,-0.2562,0.1500,-0.0376,0.2097,-0.0970,-4.1268,-1.7077,8.6310,0.0026,-0.0032,0.0019,1.0000,-0.1038,-0.0434,0.2153
1871,Right,2,0.0484,-0.1904,-0.9342,-0.2977,-0.3183,-2.2540,1.9546,12.7941,-10.6699,-8.7495,-16.3577,0.5905,-3.2973,-0.0040,-0.0282,0.0244,0.9993,-0.4066,0.0045,-0.0939
1871,Pelvis,2,0.5415,-0.4424,0.5949,0.3965,0.2837,-0.1158,-0.2102,0.2355,1.0275,-0.2132,9.5180,-1.4800,-0.6921,0.0035,-0.0014,-0.0026,1.0000,0.2379,-0.0376,-0.0171
1872,Left,2,0.2343,0.0169,-0.9379,-0.2552,0.1696,-0.2294,0.0766,-0.2245,0.2182,-0.0698,-3.9456,-1.5797,8.7727,0.0021,-0.0029,0.0010,1.0000,-0.0992,-0.0401,0.2189
1872,Right,2,0.0409,-0.1845,-0.9426,-0.2754,-0.4672,-0.3923,1.9577,15.2358,-8.8566,-12.6439,-16.7481,-2.5940,-5.6058,-0.0058,-0.0049,0.0245,0.9997,-0.4162,-0.0759,-0.1418
1872,Pelvis,2,0.5449,-0.4397,0.5946,0.3951,0.2895,-0.1363,-0.1832,0.3850,0.9525,0.2844,10.0044,-1.6050,-0.5854,0.0036,-0.0017,-0.0023,1.0000,0.2500,-0.0406,-0.0144
1873,Left,2,0.2341,0.0150,-0.9381,-0.2548,0.1493,0.0161,0.0677,-0.3937,0.2666,-0.0074,-3.8004,-1.5100,8.9244,0.0019,0.0002,0.0008,1.0000,-0.0949,-0.0382,0.2231
1873,Right,2,0.0519,-0.1791,-0.9494,-0.2527,-0.8209,1.0211,1.6914,15.9669,-7.8310,-10.8806,-17.2573,-2.3675,-3.7499,-0.0103,0.0128,0.0211,0.9996,-0.4312,-0.0692,-0.0876
1873,Pelvis,2,0.5477,-0.4372,0.5949,0.3937,0.2865,-0.0929,-0.1317,0.2845,1.3677,0.0923,9.8227,-1.5837,-1.0324,0.0036,-0.0012,-0.0016,1.0000,0.2455,-0.0399,-0.0257
1874,Left,2,0.2377,0.0125,-0.9375,-0.2539,0.0952,0.3314,0.1013,-0.6043,0.2634,0.0828,-3.7239,-1.3868,9.0865,0.0012,0.0041,0.0013,1.0000,-0.0921,-0.0351,0.2275
1874,Right,2,0.0780,-0.1707,-0.9548,-0.2303,-1.3244,2.1053,1.4069,10.2436,-2.2506,-5.2007,-10.9086,-1.7034,3.0677,-0.0166,0.0263,0.0176,0.9994,-0.2698,-0.0460,0.0846
1874,Pelvis,2,0.5507,-0.4344,0.5955,0.3917,0.3375,-0.0953,-0.1140,0.7644,1.8833,-0.0644,9.6208,-2.1628,-1.3864,0.0042,-0.0012,-0.0014,1.0000,0.2405,-0.0543,-0.0346
1875,Left,2,0.2460,0.0097,-0.9359,-0.2520,0.0117,0.7082,0.1683,-0.7336,0.1266,0.2212,-3.8769,-1.2027,9.2065,0.0001,0.0089,0.0021,1.0000,-0.0948,-0.0303,0.2310
1875,Right,2,0.0983,-0.1598,-0.9585,-0.2147,-1.3498,1.5318,0.9223,-11.5135,16.5116,14.3127,10.8992,-2.0500,29.4022,-0.0169,0.0191,0.0115,0.9996,0.2870,-0.0356,0.7303
1875,Pelvis,2,0.5549,-0.4314,0.5959,0.3884,0.4301,-0.2015,-0.1097,1.4362,1.5203,-0.2015,9.4333,-2.6549,-0.8442,0.0054,-0.0025,-0.0014,1.0000,0.2358,-0.0666,-0.0209
1876,Left,2,0.2619,0.0057,-0.9324,-0.2491,-0.0735,1.3353,0.2318,-0.7802,0.6894,0.4344,-3.9174,-1.6913,9.3750,-0.0009,0.0167,0.0029,0.9999,-0.0939,-0.0423,0.2360
1876,Right,2,0.1179,-0.1687,-0.9537,-0.2193,0.4568,1.6398,-0.6046,3.5042,5.8038,-7.5566,-1.5176,-5.9194,3.7030,0.0057,0.0205,-0.0076,0.9997,-0.0372,-0.1482,0.0925
1876,Pelvis,2,0.5590,-0.4297,0.5970,0.3827,0.5038,-0.2906,0.0881,0.2133,0.6137,0.9718,10.7163,-1.3111,-0.4127,0.0063,-0.0036,0.0011,1.0000,0.2680,-0.0324,-0.0095
1877,Left,2,0.2902,-0.0009,-0.9253,-0.2441,-0.1791,2.3862,0.3783,-2.2649,0.5751,0.5237,-3.3832,-0.9237,10.0018,-0.0022,0.0298,0.0047,0.9995,-0.0770,-0.0229,0.2525
1877,Right,2,0.1374,-0.1716,-0.9500,-0.2216,-0.0382,1.5349,-0.4669,3.9506,-3.7955,5.9067,-9.8673,5.5870,12.1890,-0.0005,0.0192,-0.0058,0.9998,-0.2400,0.1412,0.3093
1877,Pelvis,2,0.5629,-0.4308,0.5976,0.3746,0.4578,-0.4689,0.3199,-0.2072,-0.3479,1.3465,11.1428,-0.6817,0.2596,0.0057,-0.0059,0.0040,1.0000,0.2786,-0.0160,0.0080
1878,Left,2,0.3415,-0.0114,-0.9096,-0.2364,-0.3934,4.3649,0.5021,-3.8534,1.8132,0.1239,-2.3630,-1.2856,10.4764,-0.0049,0.0545,0.0063,0.9985,-0.0445,-0.0312,0.2648
1878,Right,2,0.1520,-0.1654,-0.9493,-0.2198,-0.7275,1.0324,-0.1398,2.6632,-3.8485,4.2694,-8.6368,5.6181,10.6800,-0.0091,0.0129,-0.0017,0.9999,-0.2122,0.1433,0.2685
1878,Pelvis,2,0.5650,-0.4338,0.5976,0.3680,0.2221,-0.4199,0.3792,-0.0681,-1.4570,1.8545,11.6805,-0.5679,1.2234,0.0028,-0.0052,0.0047,1.0000,0.2919,-0.0129,0.0321
1879,Left,2,0.4183,-0.0294,-0.8789,-0.2271,-0.3632,6.7879,0.5148,-3.9366,2.2126,0.0606,-3.5607,-1.6575,10.1357,-0.0045,0.0847,0.0064,0.9964,-0.0669,-0.0407,0.2599
1879,Right,2,0.1562,-0.1579,-0.9500,-0.2196,-0.6451,0.1783,-0.1132,3.2491,0.9175,2.2351,-6.8275,0.5858,10.4686,-0.0081,0.0022,-0.0014,1.0000,-0.1701,0.0170,0.2620
1879,Pelvis,2,0.5671,-0.4358,0.5976,0.3625,0.2123,-0.3496,0.2852,0.6477,-1.0452,2.2318,11.9726,-1.5100,0.9799,0.0027,-0.0044,0.0036,1.0000,0.2993,-0.0367,0.0257
1880,Left,2,0.5095,-0.0536,-0.8317,-0.2143,-0.2714,8.4783,0.6396,-5.1207,2.8057,1.2710,-5.6718,-1.8729,11.0388,-0.0034,0.1058,0.0080,0.9944,-0.1112,-0.0468,0.2890
1880,Right,2,0.1566,-0.1547,-0.9507,-0.2185,-0.2590,-0.0264,0.0598,1.4973,0.8695,0.8719,-4.8700,1.0031,9.6144,-0.0032,-0.0003,0.0007,1.0000,-0.1218,0.0258,0.2402
1880,Pelvis,2,0.5693,-0.4355,0.5991,0.3569,0.3877,-0.2200,0.2113,1.2783,-1.8304,2.0459,11.7755,-1.8562,1.8722,0.0048,-0.0028,0.0026,1.0000,0.2944,-0.0459,0.0474
1881,Left,2,0.5938,-0.0744,-0.7776,-0.1929,-0.6962,8.2766,0.9788,-5.7085,2.0481,8.3306,-14.3730,-1.7975,12.5491,-0.0087,0.1033,0.0122,0.9945,-0.3238,-0.0461,0.3489
1881,Right,2,0.1559,-0.1550,-0.9510,-0.2173,0.0284,-0.0401,0.1209,0.3666,0.3281,0.1915,-3.8430,1.8157,9.0698,0.0004,-0.0005,0.0015,1.0000,-0.0963,0.0452,0.2267
1881,Pelvis,2,0.5697,-0.4336,0.6032,0.3515,0.4931,0.0311,0.2827,0.4043,-2.3234,0.8061,10.6595,-0.7732,2.0246,0.0062,0.0004,0.0035,1.0000,0.2666,-0.0187,0.0504
1882,Left,2,0.6466,-0.0873,-0.7391,-0.1673,-0.9936,5.4768,1.2920,-7.0392,4.7588,9.1351,-16.4296,-3.6710,12.1875,-0.0124,0.0684,0.0161,0.9975,-0.3871,-0.0941,0.3329
1882,Right,2,0.1552,-0.1556,-0.9512,-0.2168,0.0596,-0.0478,0.0698,0.0259,-0.2337,0.1248,-3.7184,2.4550,8.8858,0.0007,-0.0006,0.0009,1.0000,-0.0931,0.0611,0.2221
1882,Pelvis,2,0.5680,-0.4329,0.6086,0.3457,0.4403,0.1495,0.4535,-0.7139,-2.1865,-0.7276,9.2399,0.3207,1.5334,0.0055,0.0019,0.0057,1.0000,0.2310,0.0091,0.0380
1883,Left,2,0.6774,-0.0882,-0.7164,-0.1415,-1.5320,3.1931,1.0570,-6.5999,4.8074,-1.8133,-6.9130,-2.8674,8.6450,-0.0191,0.0399,0.0132,0.9989,-0.1631,-0.0696,0.2241
1883,Right,2,0.1543,-0.1562,-0.9512,-0.2170,0.0749,-0.0578,0.0089,0.1090,-0.0553,0.1012,-3.7035,2.2736,8.9116,0.0009,-0.0007,0.0001,1.0000,-0.0928,0.0566,0.2228
1883,Pelvis,2,0.5649,-0.4335,0.6136,0.3412,0.2628,0.2025,0.4937,-1.1103,-1.6777,-1.3135,8.6687,0.4701,0.9576,0.0033,0.0025,0.0062,1.0000,0.2167,0.0130,0.0234
1884,Left,2,0.6860,-0.0884,-0.7106,-0.1294,-0.6929,0.9001,0.5726,-13.2076,10.7924,3.0159,-11.5546,-6.8356,16.5917,-0.0087,0.0113,0.0072,0.9999,-0.2829,-0.1693,0.4195
1884,Right,2,0.1539,-0.1579,-0.9509,-0.2172,0.1532,-0.0054,0.0165,0.1809,0.1182,0.0842,-3.6895,2.1111,8.9401,0.0019,-0.0001,0.0002,1.0000,-0.0923,0.0523,0.2236
1884,Pelvis,2,0.5634,-0.4345,0.6154,0.3392,0.0698,0.0615,0.2432,-1.4908,-1.3004,-0.4949,9.5020,0.4694,0.4761,0.0009,0.0008,0.0030,1.0000,0.2375,0.0124,0.0117
1885,Left,2,0.6647,-0.0944,-0.7290,-0.1336,0.6605,-2.1846,0.4299,-4.7021,6.1904,-11.4797,2.3193,-4.3244,6.2560,0.0083,-0.0273,0.0054,0.9996,0.0543,-0.1091,0.1570
1885,Right,2,0.1539,-0.1608,-0.9505,-0.2168,0.2310,0.0503,0.0655,0.1931,0.1272,0.0894,-3.7028,2.1423,8.9333,0.0029,0.0006,0.0008,1.0000,-0.0925,0.0528,0.2235
1885,Pelvis,2,0.5641,-0.4352,0.6140,0.3396,-0.0859,-0.1030,-0.0489,-1.2731,-0.8203,0.3717,10.2956,-0.0710,0.1056,-0.0011,-0.0013,-0.0006,1.0000,0.2574,-0.0019,0.0030
1886,Left,2,0.6445,-0.0978,-0.7459,-0.1363,0.4413,-2.0457,0.3577,-4.9293,3.3393,-8.5965,-0.4363,-1.5963,5.8478,0.0055,-0.0256,0.0045,0.9996,-0.0145,-0.0408,0.1456
1886,Right,2,0.1537,-0.1646,-0.9501,-0.2158,0.2980,0.0677,0.1240,0.1927,0.0126,0.1113,-3.7612,2.3101,8.8904,0.0037,0.0008,0.0016,1.0000,-0.0939,0.0568,0.2226
1886,Pelvis,2,0.5650,-0.4345,0.6123,0.3421,-0.1147,-0.0154,-0.2329,-0.6584,-0.7052,0.0439,9.8834,-0.5899,0.2330,-0.0014,-0.0002,-0.0029,1.0000,0.2470,-0.0155,0.0059
1887,Left,2,0.6184,-0.0926,-0.7676,-0.1406,0.0273,-2.7577,-0.0792,-4.2969,5.3065,-5.5301,-3.0288,-3.7204,6.4783,0.0003,-0.0345,-0.0010,0.9994,-0.0813,-0.0930,0.1592
1887,Right,2,0.1530,-0.1692,-0.9497,-0.2147,0.3642,0.0364,0.1531,0.2050,0.1030,-0.0289,-3.6934,2.2753,8.7726,0.0046,0.0005,0.0019,1.0000,-0.0923,0.0557,0.2196
1887,Pelvis,2,0.5658,-0.4335,0.6107,0.3449,-0.1052,0.0106,-0.2563,-0.1158,-0.6372,-0.3013,9.4727,-1.0015,0.3873,-0.0013,0.0001,-0.0032,1.0000,0.2367,-0.0258,0.0097
1888,Left,2,0.5810,-0.0862,-0.7949,-0.1519,0.3895,-3.7858,-0.4284,-3.7162,5.4957,-3.3086,-4.7205,-4.1566,6.8421,0.0049,-0.0473,-0.0054,0.9989,-0.1265,-0.1041,0.1647
1888,Right,2,0.1517,-0.1732,-0.9494,-0.2138,0.3359,-0.0159,0.1386,-0.0496,-0.0703,-0.2876,-3.4368,2.5590,8.5074,0.0042,-0.0002,0.0017,1.0000,-0.0861,0.0629,0.2129
1889,Left,2,0.5355,-0.0774,-0.8243,-0.1665,0.4777,-4.4616,-0.6692,-3.4214,3.9284,-3.0104,-4.5651,-2.7900,6.6978,0.0060,-0.0557,-0.0084,0.9984,-0.1238,-0.0697,0.1603
1889,Right,2,0.1509,-0.1751,-0.9492,-0.2138,0.1653,-0.0282,0.0423,-0.3404,-0.2221,-0.4893,-3.1574,2.8251,8.3151,0.0021,-0.0004,0.0005,1.0000,-0.0790,0.0702,0.2080
1890,Left,2,0.4869,-0.0636,-0.8526,-0.1787,0.0869,-4.6598,-0.7172,-3.3614,2.8359,-1.2001,-5.5821,-1.9256,7.6654,0.0011,-0.0582,-0.0090,0.9983,-0.1508,-0.0470,0.1830
1890,Right,2,0.1511,-0.1747,-0.9490,-0.2144,-0.0093,0.0011,-0.0511,-0.2235,-0.1176,-0.4070,-3.2500,2.7178,8.4013,-0.0001,0.0000,-0.0006,1.0000,-0.0812,0.0680,0.2100
1890,Pelvis,2,0.5647,-0.4315,0.6094,0.3516,-0.0920,0.0952,-0.1395,-0.3059,-0.7034,-0.9618,8.8517,-0.6359,0.4135,-0.0034,0.0036,-0.0052,1.0000,0.6637,-0.0511,0.0288
1891,Left,2,0.4361,-0.0456,-0.8792,-0.1862,-0.3324,-4.7875,-0.5698,-2.8296,2.1099,2.0481,-7.7331,-1.7965,9.5023,-0.0042,-0.0598,-0.0071,0.9982,-0.2074,-0.0425,0.2256
1891,Right,2,0.1521,-0.1733,-0.9489,-0.2153,-0.1004,0.0309,-0.0901,-0.0926,-0.0132,-0.1808,-3.4173,2.6088,8.6197,-0.0013,0.0004,-0.0011,1.0000,-0.0853,0.0656,0.2154
1892,Left,2,0.3827,-0.0236,-0.9043,-0.1875,-0.7943,-4.9508,-0.2861,-2.0936,0.5114,4.7966,-9.4711,-1.0508,11.2939,-0.0099,-0.0618,-0.0036,0.9980,-0.2537,-0.0227,0.2672
1892,Right,2,0.1534,-0.1714,-0.9489,-0.2162,-0.1460,0.0565,-0.0991,-0.0790,-0.0038,-0.1433,-3.4562,2.5664,8.6586,-0.0018,0.0007,-0.0012,1.0000,-0.0862,0.0647,0.2164
1893,Left,2,0.3307,0.0059,-0.9259,-0.1827,-1.5372,-4.8464,-0.1293,0.3456,-1.0123,8.4438,-12.5663,-1.2917,13.2395,-0.0192,-0.0605,-0.0016,0.9980,-0.3335,-0.0256,0.3117
1893,Right,2,0.1551,-0.1690,-0.9488,-0.2171,-0.1853,0.0691,-0.1191,-0.0999,-0.0446,-0.1157,-3.4849,2.5692,8.6775,-0.0023,0.0009,-0.0015,1.0000,-0.0868,0.0649,0.2169
1894,Left,2,0.2759,0.0398,-0.9430,-0.1816,-1.7271,-4.9913,-0.5896,5.0726,-1.4763,12.2994,-16.6966,-3.6713,15.0096,-0.0216,-0.0623,-0.0074,0.9978,-0.4404,-0.0808,0.3501
1894,Right,2,0.1569,-0.1662,-0.9487,-0.2183,-0.2211,0.0712,-0.1414,-0.0654,0.0020,-0.1471,-3.5108,2.4470,8.6668,-0.0028,0.0009,-0.0018,1.0000,-0.0875,0.0619,0.2166
1895,Left,2,0.2179,0.0644,-0.9551,-0.1898,-0.7881,-4.9624,-1.1727,9.9330,-2.7700,10.5055,-18.2334,-4.5654,12.9058,-0.0098,-0.0620,-0.0146,0.9979,-0.4763,-0.1043,0.2946
1895,Right,2,0.1587,-0.1634,-0.9487,-0.2193,-0.2131,0.0674,-0.1240,0.0493,0.0649,-0.0404,-3.6499,2.3041,8.7678,-0.0027,0.0008,-0.0015,1.0000,-0.0910,0.0583,0.2191
1895,Pelvis,2,0.5605,-0.4295,0.6107,0.3582,-0.0534,0.1095,-0.0449,-0.2625,0.6363,-0.0963,9.6367,-1.2225,-0.7234,-0.0033,0.0068,-0.0028,1.0000,1.2035,-0.1565,-0.0982
1896,Left,2,0.1599,0.0825,-0.9619,-0.2058,-0.1731,-4.7339,-1.7316,13.3489,-5.3290,3.7604,-18.0572,-2.7748,7.5879,-0.0022,-0.0591,-0.0216,0.9980,-0.4629,-0.0591,0.1627
1896,Right,2,0.1599,-0.1612,-0.9487,-0.2200,-0.1677,0.0416,-0.0923,0.0444,0.0415,-0.0607,-3.6661,2.2665,8.7480,-0.0021,0.0005,-0.0012,1.0000,-0.0915,0.0572,0.2186
1896,Pelvis,2,0.5587,-0.4295,0.6123,0.3585,-0.0157,0.1671,0.0911,-0.3869,0.6458,-1.0249,8.7374,-0.9778,-0.7019,-0.0002,0.0021,0.0011,1.0000,0.2184,-0.0242,-0.0180
1897,Left,2,0.1117,0.0951,-0.9634,-0.2245,0.0777,-3.8050,-1.8930,12.7310,-6.7116,-5.1482,-15.0748,-0.0591,1.3575,0.0010,-0.0475,-0.0237,0.9986,-0.3778,0.0074,0.0160
1897,Right,2,0.1605,-0.1589,-0.9488,-0.2209,-0.1697,-0.0101,-0.0963,-0.1213,-0.0535,-0.1950,-3.5196,2.3451,8.6390,-0.0021,-0.0001,-0.0012,1.0000,-0.0879,0.0592,0.2158
1897,Pelvis,2,0.5567,-0.4308,0.6133,0.3582,-0.0720,0.0961,0.1745,-0.3742,0.3149,-1.0929,8.6809,-0.8855,-0.3634,-0.0009,0.0012,0.0022,1.0000,0.2171,-0.0217,-0.0093
1898,Left,2,0.0821,0.1104,-0.9613,-0.2388,-0.5239,-2.4187,-1.5003,10.8867,-11.5228,-12.0773,-14.5709,5.9532,-2.9634,-0.0065,-0.0302,-0.0187,0.9993,-0.3589,0.1551,-0.0860
1898,Right,2,0.1612,-0.1557,-0.9490,-0.2218,-0.2312,-0.0189,-0.1017,-0.0382,-0.1179,-0.0475,-3.6731,2.3391,8.7413,-0.0029,-0.0002,-0.0013,1.0000,-0.0918,0.0592,0.2183
1898,Pelvis,2,0.5546,-0.4328,0.6141,0.3577,-0.1032,0.0627,0.2049,-0.5473,-0.1273,-0.2674,9.5353,-0.7119,0.0055,-0.0013,0.0008,0.0026,1.0000,0.2384,-0.0172,-0.0000
1899,Left,2,0.0712,0.1166,-0.9604,-0.2427,-0.2484,-0.9152,-0.4500,11.8188,-8.3664,-17.6661,-13.5983,3.9209,-8.4312,-0.0031,-0.0114,-0.0056,0.9999,-0.3370,0.0993,-0.2150
1899,Right,2,0.1624,-0.1527,-0.9491,-0.2225,-0.2335,0.0196,-0.0989,-0.1036,-0.0600,-0.0368,-3.6071,2.2596,8.8015,-0.0029,0.0002,-0.0012,1.0000,-0.0901,0.0572,0.2199
1899,Pelvis,2,0.5525,-0.4348,0.6146,0.3577,-0.1433,0.0660,0.1762,-0.8847,0.2605,-0.0585,9.7672,-0.6183,-0.4644,-0.0018,0.0008,0.0022,1.0000,0.2442,-0.0149,-0.0118
1900,Left,2,0.0820,0.1053,-0.9597,-0.2474,0.6900,1.0963,-0.2190,11.2209,-6.5728,-12.7715,-12.6720,1.2733,-3.9595,0.0086,0.0137,-0.0027,0.9999,-0.3180,0.0335,-0.0943
1900,Right,2,0.1644,-0.1500,-0.9490,-0.2233,-0.2123,0.0950,-0.1164,-0.2730,0.0230,-0.0399,-3.4512,2.2060,8.8772,-0.0027,0.0012,-0.0015,1.0000,-0.0859,0.0559,0.2219
1900,Pelvis,2,0.5501,-0.4368,0.6147,0.3587,-0.2061,0.1033,0.1294,-1.1091,0.9663,0.3789,10.2007,-0.7651,-1.1801,-0.0026,0.0013,0.0016,1.0000,0.2550,-0.0188,-0.0298
1901,Left,2,0.1048,0.0884,-0.9571,-0.2554,0.8786,2.1660,-0.3597,9.4101,-6.1357,-6.0947,-11.6107,0.0151,2.2909,0.0110,0.0271,-0.0045,0.9996,-0.2886,0.0010,0.0651
1901,Right,2,0.1675,-0.1479,-0.9485,-0.2243,-0.1843,0.1917,-0.1368,-0.2101,0.1363,0.0303,-3.5285,2.0357,8.9640,-0.0023,0.0024,-0.0017,1.0000,-0.0876,0.0516,0.2242
1901,Pelvis,2,0.5466,-0.4392,0.6150,0.3607,-0.2962,0.1842,0.1321,-1.3312,1.2819,0.4640,10.3056,-0.7113,-1.5214,-0.0037,0.0023,0.0017,1.0000,0.2576,-0.0175,-0.0386
1902,Left,2,0.1312,0.0680,-0.9538,-0.2616,1.0606,2.5092,-0.1910,6.0172,-1.9856,-0.1921,-7.8453,-3.1907,7.8110,0.0133,0.0314,-0.0024,0.9994,-0.1901,-0.0819,0.2002
1902,Right,2,0.1721,-0.1468,-0.9476,-0.2254,-0.1303,0.3184,-0.1614,-0.2093,0.2104,0.0355,-3.5690,1.9212,8.9804,-0.0016,0.0040,-0.0020,1.0000,-0.0882,0.0486,0.2248
1902,Pelvis,2,0.5422,-0.4427,0.6147,0.3636,-0.4363,0.2076,0.1550,-1.6815,1.4019,-0.1097,9.7896,-0.3674,-1.7233,-0.0055,0.0026,0.0019,1.0000,0.2446,-0.0089,-0.0437
1903,Left,2,0.1451,0.0417,-0.9509,-0.2702,1.7971,1.6841,-0.3662,-11.5963,5.3588,14.6930,6.5726,-3.2308,26.6520,0.0225,0.0210,-0.0046,0.9995,0.1778,-0.0964,0.6606
1903,Right,2,0.1784,-0.1467,-0.9462,-0.2266,-0.0783,0.4782,-0.1877,-0.2708,0.2470,0.0816,-3.6208,1.8861,9.0203,-0.0010,0.0060,-0.0023,1.0000,-0.0891,0.0476,0.2260
1903,Pelvis,2,0.5383,-0.4475,0.6128,0.3668,-0.5522,0.0826,0.1412,-1.6710,1.0135,-0.4510,9.4682,-0.2095,-1.3304,-0.0069,0.0010,0.0018,1.0000,0.2367,-0.0051,-0.0335
1904,Left,2,0.1634,0.0314,-0.9461,-0.2777,0.4699,1.6949,-0.4933,-11.4389,-2.6868,-9.5304,7.6735,8.0498,3.8049,0.0059,0.0212,-0.0062,0.9997,0.1950,0.1995,0.0922
1904,Right,2,0.1879,-0.1480,-0.9438,-0.2279,-0.0150,0.7639,-0.2229,-0.4609,0.0630,0.2844,-3.7663,2.1419,9.1322,-0.0002,0.0095,-0.0028,1.0000,-0.0918,0.0538,0.2292
1904,Pelvis,2,0.5360,-0.4516,0.6092,0.3710,-0.5743,-0.0108,-0.0586,-0.1759,0.7345,0.4610,10.1538,-1.6457,-0.5584,-0.0072,-0.0001,-0.0007,1.0000,0.2538,-0.0414,-0.0136
1905,Left,2,0.1931,0.0225,-0.9416,-0.2751,-0.0260,2.4965,0.2845,2.8111,-9.2227,6.4370,-12.3347,3.9331,13.7661,-0.0003,0.0312,0.0036,0.9995,-0.2978,0.0974,0.3535
1905,Right,2,0.2017,-0.1508,-0.9402,-0.2295,0.0389,1.1266,-0.3025,-0.3375,0.8291,0.1744,-3.7638,1.3825,9.1909,0.0005,0.0141,-0.0038,0.9999,-0.0907,0.0348,0.2311
1905,Pelvis,2,0.5366,-0.4534,0.6047,0.3752,-0.4113,-0.1235,-0.2782,0.5324,0.5637,0.7396,10.3370,-2.2486,-0.2074,-0.0051,-0.0015,-0.0035,1.0000,0.2582,-0.0571,-0.0045
1906,Left,2,0.2165,0.0157,-0.9380,-0.2703,-0.0786,1.9596,0.4263,3.8915,-0.3459,4.3469,-8.4720,-3.7587,11.3974,-0.0010,0.0245,0.0053,0.9997,-0.2042,-0.0948,0.2901
1906,Right,2,0.2227,-0.1584,-0.9338,-0.2309,0.2979,1.8036,-0.3463,-1.3918,1.3642,0.2807,-3.1165,1.4775,9.6849,0.0037,0.0225,-0.0043,0.9997,-0.0723,0.0364,0.2439
1906,Pelvis,2,0.5381,-0.4530,0.6015,0.3787,-0.1973,-0.0750,-0.3378,1.1173,-0.5612,1.3210,10.8845,-2.4571,1.0066,-0.0025,-0.0009,-0.0042,1.0000,0.2718,-0.0625,0.0256
1907,Left,2,0.2273,0.0096,-0.9359,-0.2691,0.2037,0.9717,0.1590,2.8503,-1.5642,3.7943,-8.5206,-2.0380,10.9077,0.0025,0.0121,0.0020,0.9999,-0.2096,-0.0521,0.2751
1907,Right,2,0.2577,-0.1714,-0.9221,-0.2321,0.5012,3.0403,-0.5086,-2.4065,1.6328,0.3841,-2.8848,1.8453,10.0380,0.0063,0.0380,-0.0064,0.9992,-0.0622,0.0450,0.2537
1907,Pelvis,2,0.5412,-0.4513,0.5990,0.3804,0.0153,-0.1403,-0.3445,0.6972,-0.6066,1.3067,10.9495,-1.9544,0.8866,0.0002,-0.0018,-0.0043,1.0000,0.2735,-0.0500,0.0226
1908,Left,2,0.2283,0.0030,-0.9358,-0.2686,0.4645,0.2131,0.1563,1.1332,-0.1186,1.3143,-5.6186,-1.9588,9.4713,0.0058,0.0027,0.0020,1.0000,-0.1397,-0.0506,0.2369
1908,Right,2,0.3124,-0.1915,-0.9012,-0.2313,0.7547,4.8582,-0.6574,-3.2282,1.6432,0.5376,-3.3781,2.4028,10.1597,0.0094,0.0607,-0.0082,0.9981,-0.0683,0.0582,0.2590
1908,Pelvis,2,0.5417,-0.4520,0.5972,0.3816,-0.1390,-0.0798,-0.0946,-0.8388,-0.6012,0.6408,10.4913,-0.3610,0.3781,-0.0017,-0.0010,-0.0012,1.0000,0.2623,-0.0093,0.0097
1909,Left,2,0.2236,-0.0020,-0.9369,-0.2686,0.4845,-0.2650,0.1074,1.4245,-0.2873,1.0527,-5.8133,-1.7987,9.1182,0.0061,-0.0033,0.0013,1.0000,-0.1460,-0.0465,0.2272
1909,Right,2,0.3865,-0.2172,-0.8670,-0.2273,0.9106,6.7407,-0.8296,-4.1582,1.4276,0.7285,-4.4441,3.2534,10.0212,0.0114,0.0842,-0.0104,0.9963,-0.0886,0.0794,0.2595
1909,Pelvis,2,0.5400,-0.4556,0.5952,0.3829,-0.3493,-0.0630,0.0897,-1.1276,-1.1193,0.9081,10.8107,0.0300,0.7664,-0.0044,-0.0008,0.0011,1.0000,0.2703,0.0011,0.0194
1910,Left,2,0.2188,-0.0053,-0.9380,-0.2687,0.3555,-0.3099,0.0775,0.0714,-1.2048,0.9376,-5.1398,-0.2082,9.5166,0.0044,-0.0039,0.0010,1.0000,-0.1294,-0.0064,0.2374
1910,Pelvis,2,0.5376,-0.4581,0.5937,0.3857,-0.3631,0.0684,0.0171,0.5234,-1.6233,0.9415,10.6568,-1.4176,1.7276,-0.0045,0.0009,0.0002,1.0000,0.2665,-0.0352,0.0431
1911,Left,2,0.2158,-0.0066,-0.9388,-0.2685,0.1639,-0.2120,0.0524,0.0559,-0.3309,0.2088,-4.3290,-0.8018,9.0088,0.0020,-0.0027,0.0007,1.0000,-0.1088,-0.0206,0.2249
1911,Right,2,0.5444,-0.2607,-0.7652,-0.2239,0.9236,7.5228,-1.5066,-4.9398,2.1105,5.1135,-10.5549,4.0332,11.2751,0.0229,0.1869,-0.0374,0.9814,-0.4024,0.2040,0.6523
1911,Pelvis,2,0.5366,-0.4577,0.5918,0.3904,-0.2841,0.1554,-0.2624,1.6536,-1.4355,0.4422,10.0172,-2.4643,1.8817,-0.0036,0.0019,-0.0033,1.0000,0.2503,-0.0623,0.0468
1912,Left,2,0.2129,-0.0088,-0.9397,-0.2674,0.2125,-0.1900,0.1323,0.3112,0.2876,0.0192,-4.0950,-1.3901,8.8399,0.0027,-0.0024,0.0017,1.0000,-0.1028,-0.0355,0.2207
1912,Right,2,0.5966,-0.2655,-0.7210,-0.2317,0.6335,5.0513,-2.1455,-9.8919,1.9225,7.2105,-14.0142,7.1126,12.0403,0.0079,0.0631,-0.0268,0.9976,-0.3255,0.1843,0.3235
1912,Pelvis,2,0.5363,-0.4552,0.5897,0.3968,-0.2406,0.2322,-0.4676,1.0808,-1.6012,-0.6387,9.0265,-1.6667,1.9079,-0.0030,0.0029,-0.0058,1.0000,0.2256,-0.0428,0.0472
1913,Left,2,0.2102,-0.0115,-0.9407,-0.2660,0.2384,-0.1669,0.1780,0.0636,0.0974,0.1032,-3.9999,-1.0447,9.0138,0.0030,-0.0021,0.0022,1.0000,-0.1004,-0.0270,0.2251
1913,Right,2,0.6335,-0.2637,-0.6855,-0.2435,0.5436,3.5407,-2.2033,-8.7021,4.8555,-1.2217,-7.3478,2.8098,10.5530,0.0068,0.0442,-0.0275,0.9986,-0.1698,0.0732,0.2720
1913,Pelvis,2,0.5360,-0.4530,0.5876,0.4028,-0.2340,0.2179,-0.4275,0.9317,-1.1154,-0.4873,9.1921,-1.5806,1.4429,-0.0029,0.0027,-0.0053,1.0000,0.2297,-0.0406,0.0356
1914,Left,2,0.2085,-0.0136,-0.9415,-0.2645,0.1710,-0.0951,0.1562,-0.1483,-0.2480,0.1393,-3.9970,-0.5822,9.1000,0.0021,-0.0012,0.0020,1.0000,-0.1002,-0.0152,0.2273
1914,Pelvis,2,0.5352,-0.4526,0.5860,0.4066,-0.2297,0.1133,-0.2215,1.2903,-0.4532,0.5149,10.1538,-2.1307,0.9434,-0.0029,0.0014,-0.0028,1.0000,0.2537,-0.0539,0.0234
1915,Left,2,0.2082,-0.0148,-0.9419,-0.2633,0.0828,-0.0117,0.1194,-0.1824,-0.2147,0.1016,-3.9298,-0.5487,9.0900,0.0010,-0.0001,0.0015,1.0000,-0.0983,-0.0141,0.2272
1915,Right,2,0.6144,-0.2517,-0.6867,-0.2960,1.1837,-1.2181,-1.5252,-11.9727,4.3797,-4.3391,-4.3376,5.2248,12.0994,0.0296,-0.0304,-0.0381,0.9984,-0.2256,0.2518,0.6057
1915,Pelvis,2,0.5335,-0.4536,0.5859,0.4079,-0.1649,0.0913,0.0426,1.6051,0.1649,0.7295,10.3348,-2.5952,0.4466,-0.0021,0.0011,0.0005,1.0000,0.2584,-0.0647,0.0110
1916,Left,2,0.2084,-0.0156,-0.9421,-0.2621,0.0444,0.0279,0.1064,0.0332,-0.0137,-0.0124,-3.9572,-0.7959,8.9305,0.0006,0.0003,0.0013,1.0000,-0.0988,-0.0202,0.2233
1916,Right,2,0.5984,-0.2419,-0.6968,-0.3128,0.4748,-1.9307,-0.8484,-8.2558,0.0485,-7.2045,-1.9207,5.8437,6.0933,0.0059,-0.0241,-0.0106,0.9996,-0.0501,0.1457,0.1520
1916,Pelvis,2,0.5316,-0.4553,0.5870,0.4069,-0.0570,0.0474,0.2241,1.1470,0.2454,0.4299,10.0729,-2.1812,0.2570,-0.0007,0.0006,0.0028,1.0000,0.2520,-0.0538,0.0063
1917,Left,2,0.2087,-0.0164,-0.9424,-0.2608,0.0370,0.0330,0.1107,0.0443,-0.0867,0.0312,-4.0284,-0.7228,8.9533,0.0005,0.0004,0.0014,1.0000,-0.1006,-0.0183,0.2239
1917,Right,2,0.5694,-0.2343,-0.7197,-0.3209,0.2591,-3.0475,0.3279,-7.9948,0.4736,-5.3758,-3.3242,5.3444,6.6515,0.0032,-0.0381,0.0041,0.9993,-0.0899,0.1327,0.1634
1917,Pelvis,2,0.5300,-0.4566,0.5884,0.4054,0.0074,0.0375,0.2302,0.8139,0.1125,-0.2278,9.4425,-1.8155,0.2967,0.0001,0.0005,0.0029,1.0000,0.2362,-0.0447,0.0073
1918,Left,2,0.2090,-0.0170,-0.9427,-0.2597,0.0194,0.0282,0.0969,0.0636,-0.0743,0.0095,-4.0381,-0.7254,8.9248,0.0002,0.0004,0.0012,1.0000,-0.1009,-0.0183,0.2232
1918,Right,2,0.5272,-0.2300,-0.7517,-0.3227,0.3286,-4.0263,1.3169,-5.3227,1.0292,-5.1996,-3.1716,3.1233,5.5590,0.0041,-0.0503,0.0165,0.9986,-0.0874,0.0761,0.1350
1918,Pelvis,2,0.5296,-0.4572,0.5895,0.4038,0.0599,-0.0120,0.1476,0.6743,0.0683,-0.4550,9.2238,-1.6896,0.3035,0.0007,-0.0001,0.0018,1.0000,0.2307,-0.0418,0.0076
1919,Left,2,0.2093,-0.0172,-0.9428,-0.2589,0.0012,0.0245,0.0648,0.0142,-0.1345,-0.0093,-4.0291,-0.6376,8.9153,0.0000,0.0003,0.0008,1.0000,-0.1006,-0.0160,0.2229
1919,Right,2,0.4774,-0.2298,-0.7841,-0.3232,0.7034,-4.3645,1.7125,-3.3145,1.9260,-4.2579,-3.6561,1.2530,5.5378,0.0088,-0.0545,0.0214,0.9982,-0.0994,0.0281,0.1334
1919,Pelvis,2,0.5292,-0.4569,0.5904,0.4032,0.0677,0.0406,0.0637,0.4891,-0.0066,-1.1436,8.5568,-1.4394,0.3196,0.0008,0.0005,0.0008,1.0000,0.2140,-0.0358,0.0079
1920,Left,2,0.2097,-0.0172,-0.9428,-0.2584,-0.0156,0.0308,0.0350,-0.0552,-0.1107,-0.0726,-3.9458,-0.6163,8.8846,-0.0002,0.0004,0.0004,1.0000,-0.0986,-0.0154,0.2222
1920,Right,2,0.4231,-0.2301,-0.8134,-0.3263,1.0183,-4.5628,1.5727,-1.8191,2.4413,-1.9176,-5.4084,0.2485,6.5100,0.0127,-0.0570,0.0196,0.9981,-0.1443,0.0014,0.1547
1921,Left,2,0.2103,-0.0171,-0.9428,-0.2580,-0.0208,0.0411,0.0250,-0.0478,-0.0232,-0.1057,-3.9053,-0.6951,8.8596,-0.0003,0.0005,0.0003,1.0000,-0.0975,-0.0174,0.2215
1921,Right,2,0.3679,-0.2330,-0.8357,-0.3347,1.5119,-4.4162,1.1487,1.1147,2.5878,-1.0143,-6.6792,-1.4946,6.2134,0.0189,-0.0552,0.0144,0.9982,-0.1746,-0.0426,0.1451
1921,Pelvis,2,0.5286,-0.4564,0.5910,0.4036,0.0049,0.0439,-0.0006,0.2580,0.0333,-1.1497,8.5754,-1.2335,0.2367,0.0001,0.0011,-0.0000,1.0000,0.4288,-0.0617,0.0114
1922,Left,2,0.2111,-0.0171,-0.9428,-0.2575,-0.0205,0.0584,0.0281,-0.1202,0.0254,-0.1442,-3.8222,-0.7013,8.8540,-0.0003,0.0007,0.0004,1.0000,-0.0954,-0.0175,0.2214
1922,Right,2,0.3154,-0.2407,-0.8497,-0.3473,2.0405,-3.9388,0.7390,2.4652,3.0885,2.6570,-9.2440,-1.7651,9.0951,0.0255,-0.0492,0.0092,0.9984,-0.2414,-0.0519,0.2144
1922,Pelvis,2,0.5283,-0.4563,0.5908,0.4046,-0.0581,0.0437,-0.0468,0.2906,0.5370,-0.9656,8.7525,-1.4101,-0.2238,-0.0007,0.0005,-0.0006,1.0000,0.2188,-0.0354,-0.0057
1923,Left,2,0.2120,-0.0171,-0.9428,-0.2567,-0.0230,0.0679,0.0572,-0.1227,-0.0568,-0.0969,-3.8943,-0.6338,8.8797,-0.0003,0.0008,0.0007,1.0000,-0.0972,-0.0159,0.2221
1923,Right,2,0.2575,-0.2500,-0.8591,-0.3648,2.5099,-4.2379,0.4256,5.1669,3.5019,7.5719,-12.9307,-2.3182,13.0010,0.0314,-0.0529,0.0053,0.9981,-0.3394,-0.0695,0.3053
1923,Pelvis,2,0.5283,-0.4561,0.5901,0.4057,-0.0585,0.0145,-0.0879,0.3329,0.7700,-1.1283,8.5877,-1.4772,-0.4382,-0.0007,0.0002,-0.0011,1.0000,0.2146,-0.0372,-0.0110
1924,Left,2,0.2128,-0.0171,-0.9429,-0.2557,-0.0267,0.0517,0.0793,-0.0044,-0.0264,-0.1206,-3.9772,-0.7159,8.8094,-0.0003,0.0006,0.0010,1.0000,-0.0993,-0.0179,0.2203
1924,Right,2,0.1960,-0.2561,-0.8637,-0.3874,2.6028,-4.5886,-0.0693,8.1307,0.8980,6.4666,-13.9874,-2.4127,11.4414,0.0325,-0.0573,-0.0009,0.9978,-0.3653,-0.0688,0.2632
1924,Pelvis,2,0.5291,-0.4556,0.5889,0.4070,-0.0467,-0.0189,-0.1458,0.4236,0.8469,-1.1205,8.5894,-1.5591,-0.4919,-0.0006,-0.0002,-0.0018,1.0000,0.2147,-0.0394,-0.0122
1925,Left,2,0.2131,-0.0172,-0.9433,-0.2541,-0.0254,0.0186,0.1260,0.0080,0.0988,-0.1447,-3.9279,-0.8252,8.7960,-0.0003,0.0002,0.0016,1.0000,-0.0981,-0.0207,0.2199
1925,Right,2,0.1359,-0.2596,-0.8637,-0.4100,2.4694,-4.4933,-0.2712,10.5994,-1.9401,5.5637,-15.3983,-2.3342,10.5084,0.0308,-0.0561,-0.0034,0.9979,-0.3990,-0.0646,0.2386
1925,Pelvis,2,0.5299,-0.4545,0.5877,0.4090,-0.0491,0.0132,-0.2096,0.4218,0.9620,-1.0515,8.6648,-1.5550,-0.6045,-0.0006,0.0002,-0.0026,1.0000,0.2165,-0.0395,-0.0151
1926,Left,2,0.2128,-0.0174,-0.9437,-0.2527,-0.0034,-0.0259,0.1147,0.0057,0.0649,-0.1304,-3.9502,-0.7877,8.8049,-0.0000,-0.0003,0.0014,1.0000,-0.0988,-0.0198,0.2201
1926,Right,2,0.0842,-0.2597,-0.8613,-0.4286,1.9659,-3.9281,-0.2840,12.5335,-5.0193,1.8420,-15.9259,-3.0661,7.4414,0.0246,-0.0491,-0.0035,0.9985,-0.4069,-0.0794,0.1643
1926,Pelvis,2,0.5309,-0.4532,0.5861,0.4114,-0.0596,0.0205,-0.2594,0.3704,0.8511,-0.8414,8.8882,-1.4465,-0.5032,-0.0007,0.0003,-0.0032,1.0000,0.2221,-0.0369,-0.0126
1927,Left,2,0.2121,-0.0173,-0.9443,-0.2511,-0.0148,-0.0627,0.1228,-0.0174,0.1104,-0.0982,-3.9172,-0.8096,8.8534,-0.0002,-0.0008,0.0015,1.0000,-0.0981,-0.0204,0.2213
1927,Right,2,0.0473,-0.2531,-0.8592,-0.4422,0.9545,-3.0233,-0.2860,10.9292,-9.5544,-1.6051,-16.2927,-0.7315,3.4997,0.0119,-0.0378,-0.0036,0.9992,-0.4103,-0.0177,0.0718
1927,Pelvis,2,0.5324,-0.4514,0.5844,0.4139,-0.0364,0.0117,-0.3058,0.3107,0.8930,-0.4775,9.2664,-1.3690,-0.5476,-0.0005,0.0001,-0.0038,1.0000,0.2315,-0.0351,-0.0137
1928,Left,2,0.2113,-0.0175,-0.9448,-0.2498,0.0146,-0.0689,0.1103,-0.0597,0.3414,-0.1120,-3.7591,-0.9795,8.8957,0.0002,-0.0009,0.0014,1.0000,-0.0941,-0.0247,0.2223
1928,Right,2,0.0250,-0.2451,-0.8609,-0.4451,0.2291,-1.8761,0.2878,9.4750,-11.6238,-7.1508,-15.1375,-0.7411,-1.5252,0.0029,-0.0234,0.0036,0.9997,-0.3773,-0.0198,-0.0470
1928,Pelvis,2,0.5347,-0.4491,0.5828,0.4157,0.0493,-0.0414,-0.3161,0.0336,1.0754,0.3752,10.1507,-1.1461,-0.7750,0.0006,-0.0005,-0.0040,1.0000,0.2537,-0.0296,-0.0193
1929,Left,2,0.2111,-0.0179,-0.9452,-0.2485,0.0147,-0.0109,0.1139,-0.1563,0.3006,-0.1025,-3.7004,-0.8852,8.9401,0.0002,-0.0001,0.0014,1.0000,-0.0925,-0.0223,0.2235
1929,Right,2,0.0177,-0.2401,-0.8672,-0.4358,-0.2128,-0.5137,1.0053,8.5492,-10.9845,-7.7707,-13.9842,-0.3484,-1.5011,-0.0027,-0.0064,0.0126,0.9999,-0.3492,-0.0132,-0.0397
1929,Pelvis,2,0.5364,-0.4476,0.5818,0.4165,0.0595,-0.0423,-0.1951,0.6436,1.2540,0.6864,10.4190,-1.7397,-0.7966,0.0007,-0.0005,-0.0024,1.0000,0.2604,-0.0441,-0.0198
1930,Left,2,0.2128,-0.0182,-0.9451,-0.2475,-0.0197,0.1322,0.0744,-0.3174,0.2901,-0.1007,-3.5953,-0.7921,8.9974,-0.0002,0.0017,0.0009,1.0000,-0.0895,-0.0198,0.2251
1930,Right,2,0.0343,-0.2263,-0.8765,-0.4235,-1.7227,0.8940,0.8451,9.6429,-9.0906,-8.3505,-13.1309,-2.0359,-1.1039,-0.0215,0.0112,0.0106,0.9996,-0.3280,-0.0549,-0.0228
1930,Pelvis,2,0.5377,-0.4463,0.5814,0.4167,0.0858,-0.0315,-0.1261,0.8636,1.7046,0.0068,9.7328,-1.9765,-1.1997,0.0011,-0.0004,-0.0016,1.0000,0.2433,-0.0498,-0.0299
1931,Left,2,0.2184,-0.0184,-0.9439,-0.2468,-0.1036,0.4493,0.0215,-0.5663,0.2496,-0.1376,-3.4700,-0.6460,9.0296,-0.0013,0.0056,0.0003,1.0000,-0.0855,-0.0159,0.2262
1931,Right,2,0.0619,-0.2164,-0.8803,-0.4176,-1.7031,1.6938,0.0281,0.2992,0.8253,1.8830,-2.7659,3.3980,10.8811,-0.0213,0.0212,0.0004,0.9995,-0.0634,0.0907,0.2715
1931,Pelvis,2,0.5391,-0.4449,0.5817,0.4160,0.1578,-0.0259,-0.0674,1.0646,1.3751,-0.3883,9.3264,-2.0384,-0.8402,0.0020,-0.0003,-0.0008,1.0000,0.2331,-0.0511,-0.0210
1932,Left,2,0.2293,-0.0187,-0.9417,-0.2454,-0.2062,0.8685,0.0488,-0.6857,0.4505,0.3118,-3.6287,-0.8323,9.4511,-0.0026,0.0109,0.0006,0.9999,-0.0881,-0.0203,0.2373
1932,Right,2,0.0905,-0.2048,-0.8806,-0.4177,-1.7665,1.6238,-0.5455,-2.3085,9.1365,-1.6760,5.3795,-0.8639,11.1963,-0.0221,0.0203,-0.0068,0.9995,0.1400,-0.0164,0.2775
1933,Left,2,0.2448,-0.0226,-0.9388,-0.2414,-0.0789,1.2993,0.2925,-0.6618,1.0303,0.5378,-3.7492,-1.3897,9.6257,-0.0010,0.0162,0.0037,0.9999,-0.0897,-0.0348,0.2422
1933,Right,2,0.1190,-0.2002,-0.8792,-0.4156,-1.2557,1.8963,-0.3862,7.9819,-4.9485,7.1242,-14.4369,1.1929,12.8569,-0.0157,0.0237,-0.0048,0.9996,-0.3530,0.0367,0.3293
1934,Left,2,0.2734,-0.0330,-0.9324,-0.2342,0.1047,2.4900,0.5634,-2.5263,2.0745,0.5166,-2.3528,-1.4116,10.4829,0.0013,0.0311,0.0070,0.9995,-0.0504,-0.0360,0.2637
1934,Right,2,0.1321,-0.1873,-0.8813,-0.4133,-1.3850,0.5129,-0.1015,3.8979,-0.5827,4.2100,-8.1857,0.6311,12.0326,-0.0173,0.0064,-0.0013,0.9998,-0.2027,0.0213,0.3018
1934,Pelvis,2,0.5424,-0.4559,0.5809,0.4007,0.0793,-0.3658,0.3469,0.2148,-1.0471,1.2212,10.9923,-0.8385,1.1704,0.0030,-0.0137,0.0130,0.9998,0.8238,-0.0525,0.0989
1935,Left,2,0.3234,-0.0502,-0.9185,-0.2221,0.1272,4.3851,0.8861,-3.1615,1.7971,0.7030,-3.0314,-0.8117,10.6810,0.0016,0.0548,0.0111,0.9984,-0.0608,-0.0215,0.2706
1935,Right,2,0.1351,-0.1783,-0.8837,-0.4112,-0.7842,-0.0847,0.0992,2.3793,0.4415,0.9712,-5.3555,0.1829,9.6663,-0.0098,-0.0011,0.0012,1.0000,-0.1342,0.0068,0.2415
1935,Pelvis,2,0.5376,-0.4635,0.5812,0.3980,-0.3795,-0.1036,0.6411,-0.5435,-0.4318,2.0935,11.9100,-0.5924,0.2064,-0.0047,-0.0013,0.0080,1.0000,0.2978,-0.0124,0.0056
1936,Left,2,0.3937,-0.0723,-0.8929,-0.2062,0.0688,6.2912,1.0010,-2.9435,1.6709,0.3477,-4.3908,-0.6658,9.7575,0.0009,0.0786,0.0125,0.9968,-0.0900,-0.0181,0.2515
1936,Right,2,0.1352,-0.1737,-0.8856,-0.4090,-0.3625,-0.1412,0.1761,1.3266,-0.1578,0.5004,-4.8941,1.1383,9.1048,-0.0045,-0.0018,0.0022,1.0000,-0.1228,0.0292,0.2273
1936,Pelvis,2,0.5359,-0.4672,0.5803,0.3972,-0.2208,-0.1065,0.2276,1.5326,-0.5904,1.9169,11.5102,-2.6593,0.8513,-0.0028,-0.0013,0.0028,1.0000,0.2879,-0.0656,0.0218
1937,Left,2,0.4719,-0.1028,-0.8559,-0.1851,0.4441,7.3875,1.4021,-3.2756,2.9846,1.3755,-6.2894,-1.5214,10.1671,0.0055,0.0922,0.0175,0.9956,-0.1322,-0.0420,0.2669
1937,Right,2,0.1350,-0.1717,-0.8866,-0.4078,-0.1497,-0.0733,0.1092,0.7413,-0.2339,0.3878,-4.5067,1.5682,9.0491,-0.0019,-0.0009,0.0014,1.0000,-0.1129,0.0395,0.2261
1937,Pelvis,2,0.5341,-0.4688,0.5800,0.3981,-0.1821,0.0534,0.0859,0.6676,-1.7937,1.5062,11.2359,-1.5325,1.7846,-0.0023,0.0007,0.0011,1.0000,0.2810,-0.0379,0.0445
1938,Left,2,0.5379,-0.1335,-0.8163,-0.1626,0.6086,6.6589,1.5707,-3.7330,3.6005,6.9900,-12.7011,-1.3789,12.1150,0.0076,0.0831,0.0196,0.9963,-0.2901,-0.0428,0.3275
1938,Right,2,0.1346,-0.1710,-0.8872,-0.4068,-0.0414,-0.0522,0.0947,0.2839,-0.1157,0.1118,-4.0160,1.7799,8.9047,-0.0005,-0.0007,0.0012,1.0000,-0.1006,0.0445,0.2225
1938,Pelvis,2,0.5301,-0.4715,0.5807,0.3993,-0.2746,0.1687,0.2292,-1.0127,-2.5841,0.0731,10.0267,0.3950,2.1776,-0.0034,0.0021,0.0029,1.0000,0.2508,0.0108,0.0539
1939,Left,2,0.5809,-0.1581,-0.7854,-0.1437,0.5682,4.6723,1.4321,-4.4677,4.5053,5.7978,-12.8773,-1.3038,10.8064,0.0071,0.0584,0.0179,0.9981,-0.3048,-0.0402,0.2880
1939,Right,2,0.1341,-0.1704,-0.8876,-0.4064,-0.0242,-0.0515,0.0545,0.0838,-0.2513,0.1240,-3.9719,2.0149,8.8867,-0.0003,-0.0006,0.0007,1.0000,-0.0995,0.0504,0.2221
1939,Pelvis,2,0.5239,-0.4759,0.5815,0.4012,-0.4542,0.2605,0.3548,-1.8452,-2.3596,-1.0446,9.0047,1.1963,1.8267,-0.0057,0.0033,0.0044,1.0000,0.2251,0.0312,0.0448
1940,Left,2,0.6077,-0.1791,-0.7626,-0.1311,0.7210,3.1461,1.1639,-7.0606,5.1906,-1.0885,-6.5683,-0.9285,10.4401,0.0090,0.0393,0.0145,0.9991,-0.1534,-0.0279,0.2669
1940,Right,2,0.1338,-0.1700,-0.8878,-0.4061,-0.0083,-0.0384,0.0353,0.1098,0.0007,-0.0001,-3.7603,1.8137,8.8809,-0.0001,-0.0005,0.0004,1.0000,-0.0941,0.0453,0.2220
1940,Pelvis,2,0.5167,-0.4809,0.5811,0.4052,-0.6432,0.3067,0.2891,-1.7979,-1.8204,-1.1045,8.9194,0.9435,1.3904,-0.0080,0.0038,0.0036,1.0000,0.2230,0.0247,0.0337
1941,Left,2,0.6072,-0.1793,-0.7651,-0.1175,-0.6767,0.0467,0.8698,-13.4236,7.5445,-0.9276,-5.7470,-0.2639,16.8214,-0.0085,0.0006,0.0109,0.9999,-0.1434,-0.0046,0.4207
1941,Right,2,0.1337,-0.1700,-0.8879,-0.4061,0.0153,-0.0057,0.0114,0.0459,0.0305,-0.0069,-3.6922,1.8423,8.8956,0.0002,-0.0001,0.0001,1.0000,-0.0923,0.0460,0.2224
1941,Pelvis,2,0.5106,-0.4866,0.5776,0.4110,-0.8382,0.1777,0.0802,-1.2139,-1.2048,-0.0517,9.8611,0.0382,0.9796,-0.0105,0.0022,0.0010,0.9999,0.2466,0.0015,0.0239
1942,Left,2,0.5939,-0.1803,-0.7756,-0.1146,-0.0960,-1.2593,0.5170,-4.4509,6.7172,-8.6086,-0.2932,-4.1784,6.9885,-0.0012,-0.0157,0.0065,0.9999,-0.0094,-0.1043,0.1747
1942,Right,2,0.1339,-0.1699,-0.8876,-0.4066,0.0071,-0.0033,-0.0367,-0.0021,-0.0615,0.0238,-3.7362,1.9388,8.8906,0.0001,-0.0000,-0.0005,1.0000,-0.0934,0.0485,0.2223
1942,Pelvis,2,0.5054,-0.4919,0.5717,0.4191,-0.9744,0.1421,-0.1450,-1.1352,-0.9113,-0.0351,9.8566,-0.1075,0.7449,-0.0122,0.0018,-0.0018,0.9999,0.2464,-0.0029,0.0182
1943,Left,2,0.5723,-0.1770,-0.7907,-0.1258,0.3113,-2.2401,-0.3974,-4.6531,5.9727,-6.3252,-2.1025,-3.0851,7.4543,0.0039,-0.0280,-0.0050,0.9996,-0.0581,-0.0776,0.1845
1943,Right,2,0.1341,-0.1699,-0.8874,-0.4070,0.0165,0.0122,-0.0341,0.0879,0.0114,-0.0379,-3.7244,1.8089,8.8550,0.0002,0.0002,-0.0004,1.0000,-0.0931,0.0452,0.2214
1943,Pelvis,2,0.5007,-0.4972,0.5643,0.4286,-1.0753,0.1053,-0.2832,-1.1143,-0.7622,-0.1343,9.7513,-0.1040,0.6282,-0.0134,0.0013,-0.0035,0.9999,0.2438,-0.0033,0.0154
1944,Left,2,0.5436,-0.1675,-0.8092,-0.1468,0.3961,-3.0479,-1.1743,-3.9684,4.3570,-4.4717,-3.5601,-1.6478,6.9211,0.0050,-0.0381,-0.0147,0.9992,-0.0961,-0.0407,0.1693
1944,Right,2,0.1344,-0.1704,-0.8872,-0.4072,0.0407,0.0291,-0.0078,0.0956,0.0147,-0.0441,-3.7313,1.8003,8.8471,0.0005,0.0004,-0.0001,1.0000,-0.0932,0.0449,0.2212
1944,Pelvis,2,0.4952,-0.5030,0.5566,0.4382,-1.1395,0.1291,-0.2500,-0.8628,-0.6653,-0.1519,9.6991,-0.3139,0.5898,-0.0142,0.0016,-0.0031,0.9999,0.2425,-0.0084,0.0145
1945,Left,2,0.5078,-0.1563,-0.8302,-0.1691,0.3889,-3.6494,-1.2078,-3.5592,2.5178,-2.9346,-4.6475,-0.0488,6.6903,0.0049,-0.0456,-0.0151,0.9988,-0.1237,-0.0002,0.1617
1945,Right,2,0.1344,-0.1707,-0.8871,-0.4072,0.0375,0.0142,0.0055,-0.0054,-0.1172,-0.0650,-3.7547,1.9592,8.7804,0.0005,0.0002,0.0001,1.0000,-0.0938,0.0489,0.2195
1945,Pelvis,2,0.4883,-0.5094,0.5494,0.4474,-1.1838,0.1618,-0.1303,-0.5564,-0.6510,-0.1532,9.6588,-0.5892,0.6316,-0.0148,0.0020,-0.0016,0.9999,0.2415,-0.0149,0.0155
1946,Left,2,0.4682,-0.1448,-0.8515,-0.1865,0.2220,-3.8540,-0.8372,-1.9078,2.0225,-1.6726,-5.9362,-0.3036,6.2225,0.0028,-0.0482,-0.0105,0.9988,-0.1557,-0.0064,0.1482
1946,Right,2,0.1343,-0.1705,-0.8871,-0.4075,0.0072,-0.0229,-0.0095,-0.0149,-0.1389,-0.0767,-3.7592,1.9784,8.7615,0.0001,-0.0003,-0.0001,1.0000,-0.0940,0.0495,0.2190
1946,Pelvis,2,0.4803,-0.5160,0.5426,0.4568,-1.2188,0.2316,-0.0711,-0.4083,-0.6302,-0.1609,9.6314,-0.7313,0.6505,-0.0152,0.0029,-0.0009,0.9999,0.2408,-0.0183,0.0158
1947,Left,2,0.4284,-0.1322,-0.8705,-0.2031,0.1423,-3.7913,-0.8545,1.0924,2.5462,1.4090,-9.3089,-2.0410,6.5488,0.0018,-0.0474,-0.0107,0.9988,-0.2407,-0.0488,0.1523
1947,Right,2,0.1339,-0.1699,-0.8871,-0.4078,-0.0124,-0.0557,-0.0175,0.0225,-0.0567,-0.1189,-3.7044,1.8859,8.7575,-0.0002,-0.0007,-0.0002,1.0000,-0.0928,0.0472,0.2189
1947,Pelvis,2,0.4714,-0.5227,0.5359,0.4662,-1.2553,0.2744,-0.0304,-0.7752,-0.6453,-0.6062,9.2304,-0.3214,0.6879,-0.0157,0.0034,-0.0004,0.9999,0.2308,-0.0079,0.0165
1948,Left,2,0.3885,-0.1188,-0.8849,-0.2279,0.4195,-3.7384,-1.5303,4.8682,3.1875,2.5767,-11.4750,-4.5852,5.9006,0.0052,-0.0467,-0.0191,0.9987,-0.2955,-0.1098,0.1333
1948,Right,2,0.1334,-0.1695,-0.8871,-0.4082,-0.0004,-0.0543,-0.0147,0.0093,-0.0006,-0.0742,-3.6646,1.8637,8.8281,-0.0000,-0.0007,-0.0002,1.0000,-0.0918,0.0466,0.2206
1948,Pelvis,2,0.4617,-0.5300,0.5286,0.4758,-1.3424,0.2734,-0.0021,-0.9500,-0.5341,-0.2471,9.6044,-0.2110,0.6329,-0.0168,0.0034,-0.0000,0.9999,0.2402,-0.0050,0.0151
1949,Left,2,0.3531,-0.1094,-0.8902,-0.2662,1.1232,-3.1990,-2.5720,6.1638,3.1466,2.6368,-11.5076,-5.6700,6.2044,0.0140,-0.0400,-0.0321,0.9986,-0.2979,-0.1343,0.1414
1949,Right,2,0.1331,-0.1691,-0.8870,-0.4086,0.0062,-0.0400,-0.0214,0.0032,0.0472,-0.1005,-3.6098,1.8296,8.8290,0.0001,-0.0005,-0.0003,1.0000,-0.0903,0.0457,0.2207
1949,Pelvis,2,0.4512,-0.5377,0.5206,0.4861,-1.4508,0.2923,-0.0085,-0.9569,-0.2678,-0.0434,9.8074,-0.2420,0.4299,-0.0181,0.0037,-0.0001,0.9998,0.2452,-0.0059,0.0100
1950,Left,2,0.3188,-0.1027,-0.8880,-0.3151,1.6652,-2.9419,-3.4234,6.7712,1.8942,3.3817,-11.9598,-5.6122,7.0162,0.0208,-0.0368,-0.0428,0.9982,-0.3108,-0.1306,0.1613
1950,Right,2,0.1330,-0.1689,-0.8868,-0.4090,0.0103,-0.0262,-0.0282,0.0295,0.0404,-0.0660,-3.6388,1.8160,8.8579,0.0001,-0.0003,-0.0004,1.0000,-0.0910,0.0454,0.2214
1950,Pelvis,2,0.4397,-0.5459,0.5113,0.4972,-1.5893,0.2973,-0.0353,-1.0852,0.0094,0.1695,10.0376,-0.1332,0.2290,-0.0199,0.0037,-0.0004,0.9998,0.2510,-0.0033,0.0049
1951,Left,2,0.2828,-0.0996,-0.8784,-0.3721,2.2303,-2.8442,-4.0718,7.5372,0.6338,2.6906,-11.5706,-5.8693,6.7436,0.0279,-0.0355,-0.0509,0.9977,-0.3020,-0.1360,0.1541
1951,Right,2,0.1329,-0.1689,-0.8866,-0.4095,0.0195,-0.0109,-0.0350,0.0572,0.0472,-0.0639,-3.6507,1.7876,8.8612,0.0002,-0.0001,-0.0004,1.0000,-0.0913,0.0447,0.2215
1951,Pelvis,2,0.4273,-0.5546,0.5005,0.5092,-1.7454,0.3093,-0.0733,-0.9084,0.2769,0.1447,9.9989,-0.2722,0.0130,-0.0218,0.0039,-0.0009,0.9998,0.2500,-0.0070,-0.0005
1952,Left,2,0.2462,-0.0989,-0.8595,-0.4370,2.6695,-2.6792,-4.8525,7.8626,-1.0500,1.8907,-11.2036,-5.7602,6.4403,0.0333,-0.0335,-0.0606,0.9970,-0.2934,-0.1315,0.1468
1952,Right,2,0.1329,-0.1690,-0.8863,-0.4101,0.0303,-0.0067,-0.0424,0.0418,-0.0226,-0.0638,-3.6894,1.8401,8.8343,0.0004,-0.0001,-0.0005,1.0000,-0.0922,0.0460,0.2209
1952,Pelvis,2,0.4139,-0.5636,0.4885,0.5219,-1.8691,0.3209,-0.0956,-0.6243,0.4704,-0.0151,9.8156,-0.4822,-0.1599,-0.0234,0.0040,-0.0012,0.9997,0.2454,-0.0125,-0.0047
1953,Left,2,0.2107,-0.1018,-0.8300,-0.5063,3.0527,-2.2964,-5.4668,8.6634,-3.1285,0.9250,-11.4275,-6.1473,5.6645,0.0381,-0.0287,-0.0683,0.9965,-0.2993,-0.1386,0.1277
1953,Right,2,0.1329,-0.1688,-0.8860,-0.4109,0.0181,-0.0175,-0.0587,0.0386,-0.0314,-0.0845,-3.6863,1.8409,8.8127,0.0002,-0.0002,-0.0007,1.0000,-0.0922,0.0460,0.2203
1954,Left,2,0.1810,-0.1067,-0.7894,-0.5768,3.0545,-1.6542,-6.0018,8.3839,-6.2302,-0.3035,-12.1394,-5.6991,4.4755,0.0381,-0.0207,-0.0749,0.9962,-0.3154,-0.1231,0.1005
1954,Right,2,0.1328,-0.1682,-0.8856,-0.4120,-0.0128,-0.0336,-0.0860,-0.0796,0.0081,-0.1371,-3.5643,1.8888,8.7950,-0.0002,-0.0004,-0.0011,1.0000,-0.0891,0.0474,0.2198
1954,Pelvis,2,0.3845,-0.5827,0.4621,0.5468,-1.9960,0.3022,-0.0576,-0.5139,0.7898,-0.4476,9.3929,-0.4299,-0.4270,-0.0499,0.0076,-0.0014,0.9987,0.4694,-0.0233,-0.0238
1955,Left,2,0.1629,-0.1120,-0.7398,-0.6432,2.5685,-0.7435,-6.2570,6.5847,-8.4606,-2.3191,-11.8594,-4.7769,2.8175,0.0321,-0.0093,-0.0781,0.9964,-0.3053,-0.0979,0.0642
1955,Right,2,0.1330,-0.1670,-0.8851,-0.4136,-0.0545,-0.0487,-0.1378,-0.0708,0.0393,-0.1343,-3.5465,1.8426,8.8150,-0.0007,-0.0006,-0.0017,1.0000,-0.0887,0.0464,0.2203
1955,Pelvis,2,0.3689,-0.5925,0.4477,0.5589,-2.0931,0.2627,-0.0483,-0.6063,1.1027,-0.3959,9.4778,-0.2057,-0.6239,-0.0262,0.0033,-0.0006,0.9997,0.2369,-0.0057,-0.0162
1956,Left,2,0.1591,-0.1182,-0.6841,-0.7019,1.8383,0.3047,-6.2356,4.9078,-10.0641,-2.5999,-12.2718,-4.5979,2.4433,0.0230,0.0038,-0.0779,0.9967,-0.3143,-0.0920,0.0600
1956,Right,2,0.1332,-0.1652,-0.8844,-0.4158,-0.0866,-0.0629,-0.1901,0.0148,-0.0271,-0.1017,-3.6537,1.7882,8.8180,-0.0011,-0.0008,-0.0024,1.0000,-0.0914,0.0452,0.2203
1956,Pelvis,2,0.3529,-0.6024,0.4322,0.5707,-2.1604,0.2364,-0.0657,-0.5471,1.1627,-0.0440,9.8290,-0.2359,-0.6430,-0.0270,0.0030,-0.0008,0.9996,0.2457,-0.0065,-0.0166
1957,Left,2,0.1650,-0.1258,-0.6258,-0.7519,1.2838,1.0294,-5.9705,2.7989,-10.7771,-2.4433,-12.4266,-4.2933,2.3936,0.0160,0.0129,-0.0746,0.9970,-0.3168,-0.0848,0.0624
1957,Right,2,0.1337,-0.1634,-0.8835,-0.4181,-0.0965,-0.0539,-0.2151,-0.0287,-0.0288,-0.0977,-3.6266,1.7815,8.8350,-0.0012,-0.0007,-0.0027,1.0000,-0.0907,0.0450,0.2208
1957,Pelvis,2,0.3363,-0.6119,0.4163,0.5824,-2.1876,0.2581,-0.0616,-0.4808,1.0861,0.0232,9.8880,-0.2857,-0.5492,-0.0273,0.0032,-0.0008,0.9996,0.2471,-0.0077,-0.0143
1958,Left,2,0.1787,-0.1366,-0.5671,-0.7923,0.8472,1.7084,-5.5559,0.4751,-9.7111,-2.9925,-11.1910,-3.4231,2.0754,0.0106,0.0213,-0.0694,0.9973,-0.2837,-0.0665,0.0571
1958,Right,2,0.1344,-0.1616,-0.8827,-0.4204,-0.0999,-0.0292,-0.2044,-0.0540,0.0224,-0.0792,-3.5832,1.7297,8.8833,-0.0012,-0.0004,-0.0026,1.0000,-0.0896,0.0437,0.2220
1958,Pelvis,2,0.3187,-0.6205,0.4006,0.5941,-2.1872,0.3358,-0.0331,-0.3441,1.0236,-0.1180,9.7345,-0.3779,-0.5009,-0.0273,0.0042,-0.0004,0.9996,0.2433,-0.0099,-0.0133
1959,Left,2,0.2000,-0.1477,-0.5105,-0.8232,0.2227,2.1449,-5.0668,-0.3027,-9.1910,-1.2724,-11.3455,-4.2168,3.3478,0.0028,0.0268,-0.0633,0.9976,-0.2872,-0.0875,0.0911
1959,Right,2,0.1354,-0.1600,-0.8817,-0.4226,-0.0988,-0.0131,-0.2136,-0.0805,-0.0243,-0.0965,-3.5984,1.7309,8.8582,-0.0012,-0.0002,-0.0027,1.0000,-0.0899,0.0438,0.2214
1959,Pelvis,2,0.3001,-0.6284,0.3849,0.6058,-2.2136,0.4028,0.0110,-0.0998,1.0504,-0.2397,9.5987,-0.5311,-0.5812,-0.0277,0.0050,0.0001,0.9996,0.2399,-0.0137,-0.0154
1960,Left,2,0.2211,-0.1578,-0.4585,-0.8461,0.0169,2.0969,-4.4493,0.5202,-8.9220,-0.8062,-10.5414,-6.2296,3.3500,0.0002,0.0262,-0.0556,0.9981,-0.2693,-0.1409,0.0907
1960,Right,2,0.1362,-0.1584,-0.8807,-0.4250,-0.0874,-0.0109,-0.2223,-0.0114,0.0033,-0.1100,-3.6231,1.6138,8.8550,-0.0011,-0.0001,-0.0028,1.0000,-0.0905,0.0408,0.2213
1960,Pelvis,2,0.2805,-0.6358,0.3697,0.6168,-2.2035,0.4290,0.0824,0.0152,1.0924,-0.3042,9.5341,-0.5767,-0.6108,-0.0275,0.0054,0.0010,0.9996,0.2383,-0.0146,-0.0161
1961,Left,2,0.2263,-0.1714,-0.4262,-0.8589,0.7953,1.5159,-2.4827,-4.9700,-3.7405,1.2704,-10.6100,-0.3998,6.9882,0.0099,0.0189,-0.0310,0.9993,-0.2621,-0.0036,0.1796
1961,Right,2,0.1371,-0.1572,-0.8797,-0.4273,-0.0619,0.0006,-0.2105,-0.0259,0.0104,-0.0302,-3.6476,1.5942,8.9360,-0.0008,0.0000,-0.0026,1.0000,-0.0911,0.0403,0.2234
1961,Pelvis,2,0.2606,-0.6428,0.3551,0.6268,-2.1563,0.4279,0.1578,0.0378,0.9194,-0.4740,9.3504,-0.6726,-0.4211,-0.0270,0.0053,0.0020,0.9996,0.2337,-0.0167,-0.0113
1962,Left,2,0.2171,-0.1718,-0.4199,-0.8643,0.8408,-0.2461,-0.4860,2.6289,1.6200,0.3559,-2.3231,-3.6447,9.7087,0.0105,-0.0031,-0.0061,0.9999,-0.0594,-0.0933,0.2416
1962,Pelvis,2,0.2407,-0.6491,0.3412,0.6359,-2.0811,0.4264,0.1942,0.1730,0.5118,-0.3267,9.4397,-1.0735,-0.1257,-0.0260,0.0053,0.0024,0.9996,0.2360,-0.0264,-0.0037
1963,Left,2,0.2075,-0.1739,-0.4186,-0.8669,0.8091,-0.1876,-0.0028,-0.5696,1.4521,0.2111,-4.1717,-0.9658,9.1965,0.0101,-0.0023,-0.0000,0.9999,-0.1048,-0.0265,0.2294
1963,Right,2,0.1404,-0.1562,-0.8773,-0.4315,-0.0431,0.0860,-0.2101,-0.2362,0.0626,-0.0173,-3.5232,1.6847,8.9866,-0.0011,0.0021,-0.0053,1.0000,-0.1747,0.0856,0.4496
1963,Pelvis,2,0.2219,-0.6545,0.3271,0.6445,-2.0001,0.4114,0.1313,0.0203,0.1289,0.3876,10.1057,-1.3513,0.3323,-0.0250,0.0051,0.0016,0.9997,0.2527,-0.0332,0.0078
1964,Left,2,0.1992,-0.1697,-0.4242,-0.8669,0.3673,-0.6637,0.4337,-2.7564,0.4394,3.1813,-7.4219,-0.2469,11.0225,0.0046,-0.0083,0.0054,0.9999,-0.1878,-0.0084,0.2740
1964,Right,2,0.1442,-0.1567,-0.8754,-0.4339,-0.0255,0.2649,-0.2613,-0.5427,0.1362,0.0919,-3.3981,1.8547,9.1339,-0.0003,0.0033,-0.0033,1.0000,-0.0840,0.0467,0.2286
1964,Pelvis,2,0.2042,-0.6592,0.3121,0.6529,-1.9700,0.3983,0.0146,-0.5972,-1.2225,1.0427,10.6068,-2.0047,1.7798,-0.0246,0.0050,0.0002,0.9997,0.2654,-0.0490,0.0444
1965,Left,2,0.1929,-0.1611,-0.4343,-0.8650,-0.0137,-0.9366,0.7195,-0.6516,1.4604,0.3522,-4.0083,-0.6717,9.4535,-0.0002,-0.0117,0.0090,0.9999,-0.1028,-0.0177,0.2351
1965,Right,2,0.1506,-0.1580,-0.8724,-0.4373,-0.0471,0.4793,-0.4002,-0.8964,0.0977,0.2089,-3.3685,2.1392,9.2371,-0.0006,0.0060,-0.0050,1.0000,-0.0826,0.0540,0.2314
1965,Pelvis,2,0.1882,-0.6620,0.2959,0.6624,-1.9147,0.4857,-0.1952,-0.1604,-1.8729,2.5413,11.9562,-3.0510,1.9741,-0.0239,0.0061,-0.0024,0.9997,0.2990,-0.0758,0.0494
1966,Left,2,0.1831,-0.1547,-0.4440,-0.8634,0.3186,-0.9173,0.7550,0.6187,-0.7447,0.1092,-4.5191,-2.7591,8.4470,0.0040,-0.0115,0.0094,0.9999,-0.1147,-0.0709,0.2096
1966,Right,2,0.1605,-0.1595,-0.8678,-0.4423,-0.1084,0.7372,-0.6082,-0.6011,0.0712,0.3192,-3.7671,1.8639,9.2391,-0.0014,0.0092,-0.0076,0.9999,-0.0917,0.0476,0.2318
1966,Pelvis,2,0.1731,-0.6630,0.2790,0.6728,-1.8699,0.6076,-0.3250,-0.4478,-0.5049,2.2745,11.8954,-1.7978,1.3503,-0.0234,0.0076,-0.0041,0.9997,0.2975,-0.0454,0.0326
1967,Left,2,0.1721,-0.1524,-0.4513,-0.8623,0.5819,-0.6421,0.6444,0.4518,-0.5201,-0.7672,-3.9593,-2.1811,7.8655,0.0073,-0.0080,0.0081,0.9999,-0.1001,-0.0568,0.1954
1967,Pelvis,2,0.1555,-0.6639,0.2614,0.6832,-2.0426,0.6507,-0.2339,-0.5377,0.6689,0.5177,10.3258,-0.5532,0.7250,-0.0255,0.0081,-0.0029,0.9996,0.2582,-0.0142,0.0164
1968,Left,2,0.1600,-0.1547,-0.4561,-0.8617,0.8613,-0.3324,0.5280,0.1333,-0.3587,0.2801,-4.3829,-1.7856,8.9229,0.0108,-0.0042,0.0066,0.9999,-0.1102,-0.0478,0.2221
1968,Pelvis,2,0.1356,-0.6645,0.2425,0.6937,-2.2345,0.7056,-0.1915,-0.1332,0.8242,-0.0164,9.8075,-0.5591,0.4071,-0.0279,0.0088,-0.0024,0.9996,0.2452,-0.0143,0.0084
1969,Left,2,0.1500,-0.1549,-0.4594,-0.8616,0.6685,-0.3905,0.3574,-0.4530,-0.0852,0.8779,-4.6746,-1.0070,9.5729,0.0084,-0.0049,0.0045,0.9999,-0.1179,-0.0277,0.2385
1969,Pelvis,2,0.1150,-0.6646,0.2222,0.7040,-2.3388,0.7217,-0.2311,1.0243,-0.0911,-0.3340,9.3533,-1.8490,-0.0413,-0.0292,0.0090,-0.0029,0.9995,0.2337,-0.0469,-0.0018
1970,Left,2,0.1440,-0.1537,-0.4614,-0.8618,0.3537,-0.3311,0.1867,-0.5263,0.1346,0.5972,-4.3556,-0.6455,9.4484,0.0044,-0.0041,0.0023,1.0000,-0.1098,-0.0174,0.2357
1970,Pelvis,2,0.0944,-0.6646,0.2015,0.7133,-2.3412,0.6649,-0.2330,1.8895,-1.1738,-0.3264,9.2199,-3.1374,-0.2963,-0.0293,0.0083,-0.0029,0.9995,0.2302,-0.0793,-0.0070
1971,Left,2,0.1414,-0.1517,-0.4623,-0.8621,0.1087,-0.2454,0.0676,-0.4742,0.1355,0.2780,-4.1350,-0.5893,9.1989,0.0014,-0.0031,0.0008,1.0000,-0.1041,-0.0151,0.2296
1971,Right,2,0.1845,-0.2362,-0.7494,-0.5904,1.5996,0.8093,-2.7718,0.1360,-1.8851,0.2032,-6.4232,2.0690,7.6596,0.0993,0.0502,-0.1720,0.9788,-0.7038,0.2863,1.0227
1971,Pelvis,2,0.0743,-0.6645,0.1819,0.7210,-2.2466,0.5947,-0.1757,2.1288,-1.6787,-0.5408,8.9573,-3.5971,-0.3816,-0.0281,0.0074,-0.0022,0.9996,0.2237,-0.0907,-0.0087
1972,Left,2,0.1403,-0.1500,-0.4626,-0.8625,0.0255,-0.1691,-0.0043,-0.0546,-0.0113,-0.0382,-3.8539,-0.9709,8.9302,0.0003,-0.0021,-0.0001,1.0000,-0.0968,-0.0243,0.2230
1972,Right,2,0.1638,-0.2583,-0.6862,-0.6600,4.5564,-0.5940,-6.4367,-1.6492,-5.8775,0.9464,-10.5640,3.6598,5.3063,0.0569,-0.0074,-0.0803,0.9951,-0.2570,0.1047,0.1364
1972,Pelvis,2,0.0547,-0.6641,0.1637,0.7274,-2.1271,0.5451,-0.1061,1.9425,-1.6908,-0.8081,8.6998,-3.4553,-0.2991,-0.0266,0.0068,-0.0013,0.9996,0.2173,-0.0869,-0.0067
1973,Left,2,0.1397,-0.1482,-0.4627,-0.8628,-0.0129,-0.1469,-0.0167,-0.1179,-0.0994,0.0274,-3.9435,-0.9734,8.9640,-0.0002,-0.0018,-0.0002,1.0000,-0.0990,-0.0243,0.2239
1973,Right,2,0.1392,-0.2689,-0.6120,-0.7306,4.3613,-1.2831,-7.1406,-1.2898,-5.1216,1.1353,-10.4389,2.1586,5.8525,0.0544,-0.0160,-0.0891,0.9944,-0.2576,0.0691,0.1457
1973,Pelvis,2,0.0356,-0.6636,0.1468,0.7327,-2.0279,0.4854,-0.0384,1.6644,-1.3407,-0.6357,8.9186,-3.0352,-0.1755,-0.0253,0.0061,-0.0005,0.9997,0.2229,-0.0761,-0.0038
1974,Left,2,0.1395,-0.1466,-0.4628,-0.8631,-0.0348,-0.1216,-0.0197,-0.1096,-0.0907,0.0327,-3.9039,-0.9857,8.9856,-0.0004,-0.0015,-0.0002,1.0000,-0.0979,-0.0245,0.2245
1974,Right,2,0.1096,-0.2716,-0.5286,-0.7968,4.4181,-1.7944,-7.4602,-0.1696,-5.0834,0.1406,-9.6803,-0.2720,5.5944,0.0551,-0.0224,-0.0931,0.9939,-0.2448,0.0084,0.1346
1974,Pelvis,2,0.0163,-0.6629,0.1302,0.7371,-2.0134,0.4558,-0.0038,1.4061,-1.0447,-0.6242,8.9628,-2.6765,-0.0381,-0.0252,0.0057,-0.0000,0.9997,0.2241,-0.0669,-0.0005
1975,Left,2,0.1399,-0.1448,-0.4627,-0.8633,-0.0815,-0.1126,-0.0376,-0.0517,-0.1112,-0.0339,-3.8362,-1.0563,8.9335,-0.0010,-0.0014,-0.0005,1.0000,-0.0962,-0.0261,0.2232
1975,Right,2,0.0783,-0.2721,-0.4416,-0.8514,4.4125,-1.7169,-7.1739,-3.1707,-4.1146,-1.0338,-9.0484,1.5640,4.4544,0.0550,-0.0214,-0.0895,0.9942,-0.2242,0.0532,0.1092
1975,Pelvis,2,-0.0029,-0.6619,0.1132,0.7410,-2.0307,0.4401,-0.0269,1.1477,-0.7949,-0.7774,8.8328,-2.3562,0.1180,-0.0254,0.0055,-0.0003,0.9997,0.2208,-0.0589,0.0032
1976,Left,2,0.1404,-0.1432,-0.4625,-0.8637,-0.0729,-0.0956,-0.0549,0.0095,-0.1565,-0.1253,-3.7789,-1.1457,8.8475,-0.0009,-0.0012,-0.0007,1.0000,-0.0948,-0.0284,0.2211
1976,Right,2,0.0498,-0.2719,-0.3686,-0.8875,3.7624,-1.3538,-5.6229,-5.5345,0.8264,-1.0916,-6.9282,5.6047,5.2928,0.0470,-0.0169,-0.0702,0.9963,-0.1654,0.1456,0.1362
1976,Pelvis,2,-0.0218,-0.6612,0.0949,0.7439,-2.0824,0.3743,-0.1157,1.1894,-0.6941,-0.7894,8.8457,-2.2514,0.0320,-0.0260,0.0047,-0.0014,0.9996,0.2211,-0.0566,0.0012
1977,Left,2,0.1404,-0.1421,-0.4620,-0.8641,-0.0235,-0.0706,-0.0597,0.0980,-0.2073,-0.2074,-3.7193,-1.2563,8.7694,-0.0003,-0.0009,-0.0007,1.0000,-0.0932,-0.0313,0.2192
1977,Right,2,0.0290,-0.2738,-0.3167,-0.9077,2.7659,-0.7155,-3.8178,-2.6799,1.5745,-1.1740,-5.1837,3.9144,6.4886,0.0346,-0.0089,-0.0477,0.9982,-0.1264,0.0983,0.1645
1977,Pelvis,2,-0.0405,-0.6603,0.0755,0.7461,-2.1291,0.3440,-0.1819,1.2768,-0.7203,-0.6338,9.0116,-2.2776,-0.0721,-0.0266,0.0043,-0.0023,0.9996,0.2252,-0.0575,-0.0012
1978,Left,2,0.1402,-0.1416,-0.4614,-0.8645,0.0204,-0.0427,-0.0600,0.0644,-0.1853,-0.1940,-3.7110,-1.2259,8.7911,0.0003,-0.0005,-0.0007,1.0000,-0.0929,-0.0306,0.2197
1978,Right,2,0.0133,-0.2767,-0.2749,-0.9207,2.1688,-0.3702,-3.0023,-0.2574,0.8599,0.0222,-4.7931,2.0737,8.3821,0.0271,-0.0046,-0.0375,0.9989,-0.1189,0.0506,0.2104
1978,Pelvis,2,-0.0590,-0.6594,0.0558,0.7474,-2.1333,0.3042,-0.2042,1.4056,-1.0441,-0.4350,9.1803,-2.5849,-0.2186,-0.0267,0.0038,-0.0026,0.9996,0.2293,-0.0653,-0.0046
1979,Left,2,0.1395,-0.1416,-0.4608,-0.8650,0.0691,-0.0148,-0.0567,0.0082,-0.0715,-0.2137,-3.6392,-1.1135,8.8126,0.0009,-0.0002,-0.0007,1.0000,-0.0910,-0.0280,0.2203
1979,Right,2,0.0021,-0.2776,-0.2343,-0.9317,1.7712,-0.3815,-2.9749,1.4646,0.0486,-0.1512,-3.9283,0.5710,8.9295,0.0221,-0.0048,-0.0372,0.9991,-0.0988,0.0130,0.2231
1979,Pelvis,2,-0.0767,-0.6585,0.0366,0.7478,-2.0641,0.2462,-0.2072,1.3141,-1.5683,-0.2939,9.2384,-3.0667,-0.2031,-0.0258,0.0031,-0.0026,0.9997,0.2307,-0.0774,-0.0038
1980,Left,2,0.1388,-0.1423,-0.4600,-0.8654,0.0994,0.0197,-0.0518,-0.1001,0.0020,-0.1654,-3.6586,-0.9773,8.8735,0.0012,0.0002,-0.0006,1.0000,-0.0914,-0.0247,0.2218
1980,Right,2,-0.0092,-0.2782,-0.1907,-0.9414,1.8448,-0.3760,-3.1711,2.4114,0.1674,-0.8749,-2.7528,0.3125,8.8349,0.0231,-0.0047,-0.0396,0.9989,-0.0696,0.0055,0.2207
1980,Pelvis,2,-0.0934,-0.6573,0.0184,0.7476,-1.9601,0.2203,-0.2079,0.9779,-1.7576,-0.2520,9.2230,-3.2233,0.0178,-0.0245,0.0028,-0.0026,0.9997,0.2304,-0.0811,0.0018
1981,Left,2,0.1382,-0.1432,-0.4593,-0.8657,0.0945,0.0438,-0.0408,-0.1585,0.0070,-0.0268,-3.7438,-0.9259,8.9953,0.0012,0.0005,-0.0005,1.0000,-0.0935,-0.0234,0.2249
1981,Right,2,-0.0212,-0.2768,-0.1450,-0.9497,1.9121,-0.5023,-3.2933,2.6500,1.0605,-0.3651,-2.4736,1.3345,9.4610,0.0239,-0.0063,-0.0412,0.9988,-0.0620,0.0303,0.2369
1981,Pelvis,2,-0.1092,-0.6557,0.0009,0.7471,-1.8634,0.2262,-0.2076,0.7370,-1.6253,-0.1239,9.3515,-3.0941,0.1864,-0.0233,0.0028,-0.0026,0.9997,0.2336,-0.0778,0.0058
1982,Left,2,0.1376,-0.1437,-0.4586,-0.8661,0.0815,0.0208,-0.0509,-0.2194,-0.0381,0.0268,-3.8367,-0.8919,9.0194,0.0010,0.0003,-0.0006,1.0000,-0.0959,-0.0225,0.2255
1982,Right,2,-0.0332,-0.2707,-0.0988,-0.9570,1.8643,-0.8411,-3.3079,2.5187,1.8373,-0.2031,-2.4336,2.3732,9.5140,0.0233,-0.0105,-0.0413,0.9988,-0.0610,0.0563,0.2385
1982,Pelvis,2,-0.1242,-0.6536,-0.0165,0.7464,-1.8147,0.2484,-0.2288,0.6640,-1.5819,-0.1294,9.3575,-3.0189,0.1788,-0.0227,0.0031,-0.0029,0.9997,0.2337,-0.0760,0.0055
1983,Left,2,0.1373,-0.1440,-0.4580,-0.8664,0.0504,0.0120,-0.0515,-0.2269,-0.0287,0.0793,-3.8557,-0.8784,9.0700,0.0006,0.0002,-0.0006,1.0000,-0.0964,-0.0220,0.2268
1983,Right,2,-0.0453,-0.2601,-0.0532,-0.9630,1.8356,-1.1542,-3.2473,1.8406,2.3954,-0.4274,-2.7694,3.2176,8.8989,0.0229,-0.0144,-0.0406,0.9988,-0.0692,0.0781,0.2233
1983,Pelvis,2,-0.1389,-0.6510,-0.0336,0.7455,-1.7827,0.2608,-0.2388,0.6373,-1.6071,-0.0717,9.4233,-3.0102,0.1298,-0.0223,0.0033,-0.0030,0.9997,0.2354,-0.0759,0.0042
1984,Left,2,0.1372,-0.1440,-0.4573,-0.8668,0.0328,0.0028,-0.0639,-0.1870,-0.1181,0.0562,-3.8932,-0.9562,9.0206,0.0004,0.0000,-0.0008,1.0000,-0.0973,-0.0239,0.2255
1984,Right,2,-0.0577,-0.2473,-0.0100,-0.9672,1.7952,-1.2807,-3.0351,1.4882,2.9874,-1.0999,-2.6863,3.9209,8.0290,0.0224,-0.0160,-0.0379,0.9989,-0.0667,0.0960,0.2018
1984,Pelvis,2,-0.1532,-0.6480,-0.0508,0.7444,-1.7743,0.2733,-0.2478,0.6373,-1.5820,-0.0241,9.4905,-2.9412,0.0719,-0.0222,0.0034,-0.0031,0.9997,0.2370,-0.0742,0.0026
1985,Left,2,0.1371,-0.1440,-0.4565,-0.8672,0.0336,-0.0020,-0.0661,-0.1016,-0.0037,-0.1647,-3.6764,-0.9423,8.8707,0.0004,-0.0000,-0.0008,1.0000,-0.0919,-0.0236,0.2218
1985,Right,2,-0.0698,-0.2347,0.0283,-0.9692,1.6938,-1.1973,-2.6561,1.1909,3.4989,-1.2501,-2.9085,4.5482,7.6050,0.0212,-0.0150,-0.0332,0.9991,-0.0718,0.1121,0.1914
1985,Pelvis,2,-0.1673,-0.6448,-0.0680,0.7427,-1.7637,0.2582,-0.2604,0.6242,-1.5899,-0.1941,9.3390,-2.8669,-0.0037,-0.0220,0.0032,-0.0033,0.9997,0.2332,-0.0724,0.0007
1986,Left,2,0.1369,-0.1443,-0.4561,-0.8674,0.0433,0.0196,-0.0338,-0.1386,0.1618,-0.2415,-3.5438,-0.8114,8.8564,0.0005,0.0002,-0.0004,1.0000,-0.0885,-0.0204,0.2214
1986,Right,2,-0.0817,-0.2231,0.0589,-0.9696,1.5364,-1.0436,-2.0803,0.7803,4.2547,-0.9563,-3.5056,5.4085,7.4571,0.0192,-0.0130,-0.0260,0.9994,-0.0866,0.1339,0.1879
1986,Pelvis,2,-0.1808,-0.6416,-0.0850,0.7406,-1.7269,0.2418,-0.2881,0.5401,-1.7626,-0.3809,9.1427,-2.9605,-0.0740,-0.0216,0.0030,-0.0036,0.9998,0.2283,-0.0749,-0.0009
1987,Left,2,0.1365,-0.1450,-0.4559,-0.8675,0.0645,0.0376,0.0010,-0.0916,0.0586,-0.1691,-3.6289,-0.9060,8.8893,0.0008,0.0005,0.0000,1.0000,-0.0906,-0.0228,0.2223
1987,Right,2,-0.0915,-0.2146,0.0784,-0.9692,1.1585,-0.7279,-1.2709,-0.6428,5.3779,-1.1832,-4.8511,6.3276,6.3429,0.0145,-0.0091,-0.0159,0.9997,-0.1202,0.1578,0.1598
1987,Pelvis,2,-0.1930,-0.6382,-0.1019,0.7383,-1.6445,0.2454,-0.3420,0.4217,-1.9999,-0.4979,9.0080,-3.1272,-0.1411,-0.0206,0.0031,-0.0043,0.9998,0.2249,-0.0792,-0.0026
1988,Left,2,0.1360,-0.1459,-0.4559,-0.8674,0.0734,0.0416,0.0143,-0.1297,-0.0009,-0.0673,-3.7414,-0.9036,8.9540,0.0009,0.0005,0.0002,1.0000,-0.0934,-0.0228,0.2239
1988,Right,2,-0.0989,-0.2134,0.0807,-0.9686,0.6426,-0.0448,-0.0400,-1.6972,3.2190,0.0717,-6.1335,4.2781,7.4178,0.0080,-0.0006,-0.0005,1.0000,-0.1534,0.1055,0.1862
1988,Pelvis,2,-0.2038,-0.6354,-0.1181,0.7354,-1.5365,0.1777,-0.3869,0.4239,-2.0871,-0.5888,8.9401,-3.1018,-0.2663,-0.0192,0.0022,-0.0048,0.9998,0.2231,-0.0787,-0.0056
1989,Left,2,0.1353,-0.1469,-0.4559,-0.8673,0.0926,0.0510,0.0212,-0.0432,-0.1167,-0.0884,-3.7842,-1.0186,8.9005,0.0012,0.0006,0.0003,1.0000,-0.0945,-0.0257,0.2225
1989,Right,2,-0.1030,-0.2091,0.0757,-0.9695,0.2616,-0.2810,0.4983,1.2845,-0.5907,0.6770,-3.2418,1.3859,9.9802,0.0033,-0.0035,0.0062,1.0000,-0.0821,0.0333,0.2493
1989,Pelvis,2,-0.2136,-0.6334,-0.1333,0.7318,-1.4293,0.0996,-0.4052,0.5681,-1.7577,-0.3760,9.2304,-2.6786,-0.2994,-0.0179,0.0012,-0.0051,0.9998,0.2304,-0.0683,-0.0066
1990,Left,2,0.1341,-0.1480,-0.4559,-0.8673,0.1352,0.0331,0.0264,-0.0132,-0.1342,-0.0694,-3.7981,-1.0295,8.9143,0.0017,0.0004,0.0003,1.0000,-0.0949,-0.0261,0.2229
1990,Right,2,-0.1071,-0.2066,0.0728,-0.9698,0.2958,-0.1398,0.3210,0.9342,-0.1402,0.4867,-3.4552,1.8218,9.5768,0.0037,-0.0017,0.0040,1.0000,-0.0870,0.0443,0.2394
1990,Pelvis,2,-0.2225,-0.6315,-0.1478,0.7279,-1.3429,0.0647,-0.4039,0.5435,-1.6138,0.2729,9.9026,-2.5524,-0.2114,-0.0168,0.0008,-0.0050,0.9998,0.2472,-0.0651,-0.0044
1991,Left,2,0.1325,-0.1492,-0.4560,-0.8673,0.1609,0.0211,0.0398,-0.0342,-0.0303,0.0176,-3.7711,-0.9294,9.0306,0.0020,0.0003,0.0005,1.0000,-0.0942,-0.0237,0.2257
1991,Right,2,-0.1080,-0.2031,0.0699,-0.9707,0.0420,-0.2511,0.2795,-0.1796,1.5463,0.6406,-4.6250,3.3392,8.8968,0.0005,-0.0031,0.0035,1.0000,-0.1166,0.0830,0.2221
1991,Pelvis,2,-0.2307,-0.6298,-0.1610,0.7241,-1.2340,0.0516,-0.3763,0.0182,-2.0416,1.1100,10.6435,-3.1921,0.0272,-0.0154,0.0006,-0.0047,0.9999,0.2657,-0.0810,0.0018
1992,Left,2,0.1312,-0.1505,-0.4562,-0.8672,0.1469,0.0379,0.0469,-0.0780,-0.0112,0.0901,-3.8154,-0.8524,9.0988,0.0018,0.0005,0.0006,1.0000,-0.0953,-0.0218,0.2275
1992,Right,2,-0.1073,-0.1998,0.0679,-0.9716,-0.0609,-0.2586,0.1885,-0.1943,0.5561,0.4246,-4.3840,2.3612,8.9641,-0.0008,-0.0032,0.0024,1.0000,-0.1105,0.0589,0.2237
1992,Pelvis,2,-0.2379,-0.6284,-0.1725,0.7202,-1.0918,0.0085,-0.3249,-0.6040,-2.0428,1.4759,10.9368,-3.4803,0.4953,-0.0136,0.0001,-0.0041,0.9999,0.2731,-0.0879,0.0135
1993,Left,2,0.1304,-0.1521,-0.4565,-0.8669,0.1186,0.0903,0.0549,-0.1093,0.0733,0.0102,-3.7537,-0.7400,9.0481,0.0015,0.0011,0.0007,1.0000,-0.0936,-0.0189,0.2263
1993,Right,2,-0.1062,-0.1965,0.0661,-0.9725,-0.0971,-0.2503,0.1625,-0.6758,0.7637,0.4946,-4.8013,2.4900,8.8334,-0.0012,-0.0031,0.0020,1.0000,-0.1208,0.0623,0.2204
1993,Pelvis,2,-0.2444,-0.6268,-0.1829,0.7169,-0.9810,0.0395,-0.2903,-0.6483,-1.6321,0.6078,10.1183,-2.9888,0.5987,-0.0123,0.0005,-0.0036,0.9999,0.2527,-0.0754,0.0158
1994,Left,2,0.1301,-0.1543,-0.4569,-0.8663,0.0986,0.1395,0.0752,-0.2326,-0.0704,0.1270,-3.9998,-0.6977,9.0759,0.0012,0.0017,0.0009,1.0000,-0.0996,-0.0178,0.2271
1994,Right,2,-0.1051,-0.1934,0.0651,-0.9733,-0.0760,-0.2458,0.0960,-0.5310,0.3551,0.2709,-4.4818,2.0713,8.8154,-0.0009,-0.0031,0.0012,1.0000,-0.1128,0.0519,0.2200
1995,Left,2,0.1297,-0.1568,-0.4575,-0.8656,0.1080,0.1629,0.0985,-0.0210,-0.0303,0.1094,-3.8854,-0.8203,9.0929,0.0014,0.0020,0.0012,1.0000,-0.0966,-0.0209,0.2275
1995,Right,2,-0.1055,-0.1903,0.0639,-0.9739,0.0338,-0.2352,0.1329,-0.3443,0.0651,0.0350,-4.1345,1.7836,8.7650,0.0004,-0.0029,0.0017,1.0000,-0.1041,0.0443,0.2188
1995,Pelvis,2,-0.2547,-0.6242,-0.2000,0.7110,-0.8021,0.0192,-0.2523,-0.4971,-1.0893,-0.4192,9.1743,-2.2628,0.6198,-0.0201,0.0005,-0.0063,0.9998,0.4580,-0.1154,0.0331
1996,Left,2,0.1290,-0.1607,-0.4589,-0.8642,0.1726,0.2464,0.2004,0.7118,0.0185,0.0472,-3.4855,-1.3553,9.1509,0.0022,0.0031,0.0025,1.0000,-0.0863,-0.0346,0.2290
1996,Right,2,-0.1064,-0.1874,0.0620,-0.9745,0.0629,-0.2134,0.1954,-0.1163,-0.2251,-0.1396,-3.7767,1.5319,8.7763,0.0008,-0.0027,0.0024,1.0000,-0.0951,0.0379,0.2192
1996,Pelvis,2,-0.2591,-0.6235,-0.2069,0.7080,-0.6766,-0.0279,-0.2107,-0.2972,-0.3189,-0.4256,9.2399,-1.4710,0.8757,-0.0085,-0.0003,-0.0026,1.0000,0.2309,-0.0372,0.0223
1997,Left,2,0.1252,-0.1690,-0.4623,-0.8614,0.5030,0.4383,0.4661,2.1559,-0.5283,0.2568,-3.3174,-2.7706,9.3619,0.0063,0.0055,0.0058,0.9999,-0.0812,-0.0712,0.2341
1997,Right,2,-0.1072,-0.1842,0.0600,-0.9752,0.0476,-0.2273,0.2028,-0.1788,-0.0357,-0.1180,-3.8005,1.7375,8.7497,0.0006,-0.0028,0.0025,1.0000,-0.0957,0.0431,0.2185
1997,Pelvis,2,-0.2637,-0.6223,-0.2130,0.7055,-0.6418,-0.0074,-0.1344,0.0192,0.3053,-0.5492,9.1852,-0.7517,0.9860,-0.0080,-0.0001,-0.0017,1.0000,0.2296,-0.0190,0.0248
1998,Right,2,-0.1074,-0.1811,0.0583,-0.9758,0.0128,-0.2363,0.1780,-0.1494,0.0327,-0.0244,-3.7532,1.8476,8.8507,0.0002,-0.0030,0.0022,1.0000,-0.0946,0.0459,0.2210
1998,Pelvis,2,-0.2699,-0.6205,-0.2183,0.7032,-0.6938,-0.0001,0.0033,0.4173,0.6993,-0.8673,8.9361,-0.1649,0.8956,-0.0087,-0.0000,0.0000,1.0000,0.2234,-0.0039,0.0224
1999,Right,2,-0.1075,-0.1785,0.0569,-0.9764,0.0079,-0.1898,0.1396,-0.1052,0.1126,0.0749,-3.6987,1.9646,8.9581,0.0001,-0.0024,0.0017,1.0000,-0.0931,0.0489,0.2237
1999,Pelvis,2,-0.2775,-0.6185,-0.2235,0.7004,-0.7842,-0.0427,0.0759,0.7607,0.7102,-0.4645,9.3820,-0.0041,0.6701,-0.0098,-0.0005,0.0009,1.0000,0.2345,0.0003,0.0169
2000,Left,2,0.0434,-0.2594,-0.4574,-0.8495,2.9908,1.1430,0.7073,4.4227,-4.0315,1.4384,-5.9173,-5.3274,9.9846,0.1119,0.0428,0.0265,0.9924,-0.4004,-0.4922,0.7148
2000,Right,2,-0.1076,-0.1770,0.0560,-0.9767,0.0046,-0.1081,0.0910,-0.0676,0.1929,0.0210,-3.6104,2.0469,8.9174,0.0001,-0.0014,0.0011,1.0000,-0.0906,0.0511,0.2228
2000,Pelvis,2,-0.2849,-0.6171,-0.2296,0.6967,-0.8289,-0.0989,-0.0074,0.8305,0.4366,0.9227,10.7581,-0.3387,0.5257,-0.0104,-0.0012,-0.0001,0.9999,0.2689,-0.0084,0.0136
2001,Left,2,0.0171,-0.2908,-0.4372,-0.8509,3.3897,1.2111,-0.7583,0.2184,-0.1652,5.0630,-7.3905,2.6278,12.6467,0.0424,0.0151,-0.0095,0.9989,-0.1794,0.0539,0.3214
2001,Right,2,-0.1079,-0.1766,0.0553,-0.9768,0.0271,-0.0268,0.0645,-0.0709,0.0493,0.0213,-3.5836,1.9146,8.9558,0.0003,-0.0003,0.0008,1.0000,-0.0897,0.0477,0.2239
2002,Left,2,0.0301,-0.2987,-0.3898,-0.8706,0.5298,0.6023,-4.2062,11.9691,-16.8887,-5.1070,-8.4881,-18.8352,4.9176,0.0066,0.0075,-0.0526,0.9986,-0.2357,-0.4597,0.1216
2002,Right,2,-0.1089,-0.1769,0.0547,-0.9766,0.0819,0.0467,0.0669,-0.1240,-0.0433,0.0489,-3.6348,1.8374,8.9822,0.0010,0.0006,0.0008,1.0000,-0.0908,0.0456,0.2247
2002,Pelvis,2,-0.2956,-0.6155,-0.2437,0.6888,-0.7527,-0.0854,-0.1856,0.4812,0.0471,1.3679,11.1463,-0.8720,0.4906,-0.0188,-0.0021,-0.0046,0.9998,0.5570,-0.0457,0.0266
2003,Right,2,-0.1111,-0.1781,0.0539,-0.9762,0.1663,0.1194,0.0891,-0.2855,-0.0325,0.0840,-3.8127,1.8633,8.9453,0.0021,0.0015,0.0011,1.0000,-0.0950,0.0460,0.2239
2003,Pelvis,2,-0.2987,-0.6149,-0.2500,0.6857,-0.5689,-0.0217,-0.2467,0.2860,0.3628,0.5031,10.2804,-0.6243,0.7436,-0.0071,-0.0003,-0.0031,1.0000,0.2570,-0.0163,0.0188
2004,Left,2,0.0377,-0.3332,-0.2415,-0.9106,2.1125,1.0271,-5.8629,2.8747,-1.6667,-0.3501,-4.7548,-1.6942,8.6673,0.0526,0.0256,-0.1460,0.9876,-0.2378,-0.0728,0.4354
2004,Right,2,-0.1136,-0.1795,0.0531,-0.9757,0.2014,0.1354,0.0861,-0.2512,0.0969,-0.0613,-3.7603,2.0110,8.7737,0.0025,0.0017,0.0011,1.0000,-0.0937,0.0496,0.2196
2004,Pelvis,2,-0.3010,-0.6140,-0.2559,0.6833,-0.4993,0.0285,-0.2360,0.4344,0.6026,-0.1598,9.6485,-0.2344,0.7629,-0.0062,0.0004,-0.0030,1.0000,0.2412,-0.0065,0.0190
2005,Left,2,0.0447,-0.3370,-0.1952,-0.9200,0.8536,0.3121,-3.7140,3.3215,3.9063,-1.0134,-1.8461,2.7227,9.6388,0.0107,0.0039,-0.0464,0.9989,-0.0421,0.0675,0.2419
2005,Right,2,-0.1156,-0.1802,0.0528,-0.9754,0.1551,0.0748,0.0540,-0.1499,0.1095,-0.1455,-3.6551,2.0633,8.7104,0.0019,0.0009,0.0007,1.0000,-0.0912,0.0511,0.2179
2005,Pelvis,2,-0.3036,-0.6123,-0.2617,0.6815,-0.5095,0.0947,-0.1899,0.5964,0.6653,-0.7350,9.0968,0.0219,0.6721,-0.0064,0.0012,-0.0024,1.0000,0.2274,0.0001,0.0165
2006,Left,2,0.0481,-0.3357,-0.1668,-0.9258,0.5339,-0.0880,-2.2750,4.1165,3.7323,-2.1548,-0.8376,2.2433,9.1535,0.0067,-0.0011,-0.0284,0.9996,-0.0196,0.0551,0.2292
2006,Right,2,-0.1167,-0.1800,0.0526,-0.9753,0.1010,0.0024,0.0384,-0.0596,0.1449,-0.2473,-3.5417,2.1187,8.6307,0.0013,0.0000,0.0005,1.0000,-0.0886,0.0527,0.2158
2006,Pelvis,2,-0.3073,-0.6105,-0.2681,0.6789,-0.6141,0.0531,-0.1753,0.7025,0.4880,-0.5424,9.2963,-0.0056,0.4989,-0.0077,0.0007,-0.0022,1.0000,0.2324,-0.0006,0.0123
2007,Left,2,0.0485,-0.3308,-0.1501,-0.9304,0.3860,-0.4036,-1.3230,4.5980,2.2730,-1.1767,-1.5335,0.7844,9.8956,0.0048,-0.0050,-0.0165,0.9998,-0.0393,0.0191,0.2473
2007,Right,2,-0.1171,-0.1796,0.0527,-0.9753,0.0454,-0.0279,0.0078,-0.0622,0.1696,-0.2180,-3.5516,2.1633,8.6486,0.0006,-0.0003,0.0001,1.0000,-0.0889,0.0540,0.2162
2007,Pelvis,2,-0.3119,-0.6087,-0.2750,0.6757,-0.7036,0.0177,-0.1797,0.7755,0.0852,-0.3150,9.5260,-0.2049,0.1708,-0.0088,0.0002,-0.0022,1.0000,0.2381,-0.0056,0.0043
2008,Left,2,0.0477,-0.3196,-0.1421,-0.9356,0.1719,-0.9422,-0.6752,4.5253,0.3210,-0.7380,-2.1815,-1.0229,9.8555,0.0021,-0.0118,-0.0084,0.9999,-0.0577,-0.0256,0.2457
2008,Right,2,-0.1170,-0.1792,0.0530,-0.9754,0.0080,-0.0346,-0.0127,-0.0955,0.1230,-0.1319,-3.6037,2.1341,8.7294,0.0001,-0.0004,-0.0002,1.0000,-0.0902,0.0533,0.2182
2008,Pelvis,2,-0.3168,-0.6067,-0.2818,0.6724,-0.7262,0.0147,-0.1471,0.8007,-0.1497,-0.1403,9.7015,-0.3173,-0.0138,-0.0091,0.0002,-0.0018,1.0000,0.2425,-0.0084,-0.0003
2009,Left,2,0.0479,-0.3038,-0.1372,-0.9416,-0.0349,-1.3011,-0.4931,3.9811,-2.6278,0.3070,-3.6138,-3.7045,9.9193,-0.0004,-0.0163,-0.0062,0.9998,-0.0949,-0.0919,0.2465
2009,Right,2,-0.1170,-0.1788,0.0533,-0.9754,0.0134,-0.0266,-0.0154,-0.1644,0.0335,-0.0685,-3.6785,2.0489,8.7890,0.0002,-0.0003,-0.0002,1.0000,-0.0920,0.0512,0.2197
2009,Pelvis,2,-0.3218,-0.6043,-0.2881,0.6695,-0.7063,0.0376,-0.1103,0.5965,-0.4940,-0.0825,9.7370,-0.6662,-0.1479,-0.0088,0.0005,-0.0014,1.0000,0.2434,-0.0170,-0.0037
2010,Left,2,0.0499,-0.2831,-0.1267,-0.9494,-0.0725,-1.6698,-1.0007,2.6340,-6.1764,1.4720,-5.6826,-6.8366,9.6661,-0.0009,-0.0209,-0.0125,0.9997,-0.1492,-0.1689,0.2387
2010,Right,2,-0.1171,-0.1786,0.0536,-0.9755,0.0222,-0.0123,-0.0133,-0.1318,0.0586,-0.0986,-3.6347,2.0713,8.7682,0.0003,-0.0002,-0.0002,1.0000,-0.0909,0.0517,0.2192
2010,Pelvis,2,-0.3265,-0.6019,-0.2939,0.6669,-0.6555,0.0484,-0.0836,0.3782,-0.7196,-0.0081,9.7899,-0.9567,-0.1871,-0.0082,0.0006,-0.0010,1.0000,0.2447,-0.0242,-0.0046
2011,Left,2,0.0537,-0.2615,-0.1015,-0.9584,0.1161,-1.6945,-2.1722,0.9880,-7.1320,1.1382,-6.3549,-7.5561,8.6226,0.0015,-0.0212,-0.0271,0.9994,-0.1684,-0.1847,0.2118
2011,Right,2,-0.1170,-0.1786,0.0539,-0.9754,0.0118,-0.0029,-0.0243,-0.1111,0.0859,-0.1021,-3.6146,2.0991,8.7661,0.0001,-0.0000,-0.0003,1.0000,-0.0904,0.0525,0.2192
2011,Pelvis,2,-0.3309,-0.5998,-0.2994,0.6641,-0.6274,0.0231,-0.0883,0.2589,-1.0017,0.2964,10.0827,-1.2233,-0.3276,-0.0078,0.0003,-0.0011,1.0000,0.2520,-0.0309,-0.0080
2012,Left,2,0.0599,-0.2420,-0.0620,-0.9664,0.2455,-1.4284,-3.3024,-0.6591,-5.4120,2.3459,-7.2717,-6.0158,9.4114,0.0031,-0.0178,-0.0413,0.9990,-0.1920,-0.1433,0.2315
2012,Right,2,-0.1167,-0.1787,0.0545,-0.9754,-0.0078,0.0065,-0.0432,-0.0825,0.1117,-0.1233,-3.5835,2.1184,8.7507,-0.0001,0.0001,-0.0005,1.0000,-0.0895,0.0530,0.2188
2012,Pelvis,2,-0.3349,-0.5976,-0.3047,0.6617,-0.5841,0.0560,-0.0926,0.5756,-0.9857,0.0988,9.9209,-0.9174,-0.5241,-0.0073,0.0007,-0.0012,1.0000,0.2480,-0.0233,-0.0131
2013,Left,2,0.0662,-0.2211,-0.0133,-0.9729,0.4004,-1.4666,-4.0137,-2.6306,-3.4742,3.6060,-8.5887,-4.5807,10.2186,0.0050,-0.0183,-0.0501,0.9986,-0.2248,-0.1047,0.2509
2013,Right,2,-0.1161,-0.1789,0.0552,-0.9754,-0.0274,0.0137,-0.0609,-0.0900,0.1369,-0.1499,-3.5869,2.1246,8.7188,-0.0003,0.0002,-0.0008,1.0000,-0.0896,0.0533,0.2180
2013,Pelvis,2,-0.3388,-0.5952,-0.3101,0.6594,-0.5847,0.0696,-0.0914,0.8793,-0.9750,-0.1403,9.7160,-0.6169,-0.7055,-0.0073,0.0009,-0.0011,1.0000,0.2429,-0.0158,-0.0177
2014,Left,2,0.0682,-0.1972,0.0405,-0.9771,0.8048,-1.6279,-4.3511,-4.9701,-1.8866,3.9636,-10.0315,-3.7524,10.1723,0.0101,-0.0203,-0.0544,0.9983,-0.2606,-0.0823,0.2482
2014,Right,2,-0.1153,-0.1791,0.0561,-0.9754,-0.0404,0.0033,-0.0735,-0.1509,0.1438,-0.1343,-3.6544,2.1091,8.7128,-0.0005,0.0000,-0.0009,1.0000,-0.0913,0.0529,0.2178
2014,Pelvis,2,-0.3429,-0.5925,-0.3155,0.6571,-0.6056,0.0812,-0.0801,0.8828,-1.1554,-0.3713,9.4903,-0.6685,-0.8616,-0.0076,0.0010,-0.0010,1.0000,0.2372,-0.0171,-0.0217
2015,Left,2,0.0655,-0.1705,0.0971,-0.9784,1.2140,-1.7803,-4.5209,-6.3892,2.1430,2.1929,-10.4514,-0.4796,8.9549,0.0152,-0.0222,-0.0565,0.9980,-0.2664,-0.0004,0.2179
2015,Right,2,-0.1144,-0.1791,0.0569,-0.9755,-0.0429,-0.0094,-0.0718,-0.1224,0.1067,-0.1286,-3.6300,2.0601,8.7399,-0.0005,-0.0001,-0.0009,1.0000,-0.0907,0.0517,0.2185
2015,Pelvis,2,-0.3470,-0.5900,-0.3205,0.6548,-0.5826,0.0639,-0.0480,0.6290,-1.2694,-0.5213,9.3195,-0.9026,-0.8180,-0.0073,0.0008,-0.0006,1.0000,0.2330,-0.0229,-0.0205
2016,Left,2,0.0619,-0.1457,0.1459,-0.9765,1.1465,-1.6111,-3.9208,-6.3902,5.2910,-0.7958,-9.8983,2.2285,6.8739,0.0143,-0.0201,-0.0490,0.9985,-0.2478,0.0654,0.1677
2016,Right,2,-0.1136,-0.1791,0.0578,-0.9755,-0.0430,-0.0053,-0.0788,-0.0644,0.0774,-0.2177,-3.5433,2.0035,8.6893,-0.0005,-0.0001,-0.0010,1.0000,-0.0885,0.0503,0.2172
2016,Pelvis,2,-0.3516,-0.5877,-0.3243,0.6525,-0.5468,0.0061,0.0158,0.6426,-1.4894,-0.8563,8.9907,-0.9711,-1.0360,-0.0068,0.0001,0.0002,1.0000,0.2248,-0.0244,-0.0258
2017,Left,2,0.0553,-0.1253,0.1791,-0.9742,1.1460,-1.3150,-2.6420,-6.6263,6.1592,-3.2566,-9.6942,2.7547,4.8254,0.0143,-0.0164,-0.0330,0.9992,-0.2419,0.0752,0.1177
2017,Right,2,-0.1127,-0.1791,0.0589,-0.9756,-0.0431,-0.0094,-0.0928,-0.0023,0.1527,-0.2929,-3.4660,2.0512,8.6273,-0.0005,-0.0001,-0.0012,1.0000,-0.0866,0.0515,0.2156
2017,Pelvis,2,-0.3566,-0.5858,-0.3270,0.6502,-0.5067,-0.0629,0.0847,0.8379,-1.4379,-0.9975,8.8670,-0.7660,-1.1257,-0.0063,-0.0008,0.0011,1.0000,0.2217,-0.0191,-0.0278
2018,Left,2,0.0548,-0.1118,0.1991,-0.9720,0.4369,-0.9193,-1.6423,-7.3179,6.3621,-4.4249,-10.1454,2.4505,3.7600,0.0055,-0.0115,-0.0205,0.9997,-0.2534,0.0660,0.0914
2018,Right,2,-0.1117,-0.1791,0.0602,-0.9756,-0.0496,-0.0153,-0.1042,-0.0994,0.1113,-0.1497,-3.6068,2.0028,8.7393,-0.0006,-0.0002,-0.0013,1.0000,-0.0901,0.0503,0.2184
2018,Pelvis,2,-0.3617,-0.5843,-0.3289,0.6477,-0.4642,-0.1090,0.1198,0.9028,-1.4008,-0.8010,9.0642,-0.7169,-1.1466,-0.0058,-0.0014,0.0015,1.0000,0.2267,-0.0177,-0.0283
2019,Left,2,0.0605,-0.1044,0.2103,-0.9702,-0.2260,-0.5861,-0.9839,-7.8902,5.6111,-6.1095,-10.0358,1.4859,2.1294,-0.0028,-0.0073,-0.0123,0.9999,-0.2508,0.0404,0.0513
2019,Right,2,-0.1108,-0.1791,0.0614,-0.9756,-0.0394,-0.0087,-0.1032,-0.1033,0.1153,-0.1085,-3.6276,1.9923,8.7788,-0.0005,-0.0001,-0.0013,1.0000,-0.0906,0.0500,0.2194
2019,Pelvis,2,-0.3666,-0.5832,-0.3303,0.6453,-0.4214,-0.1378,0.1218,0.9086,-1.5099,-0.4517,9.4064,-0.8132,-1.2617,-0.0053,-0.0017,0.0015,1.0000,0.2352,-0.0201,-0.0310
2020,Left,2,0.0659,-0.1056,0.2176,-0.9681,-0.3757,0.0643,-0.6437,-7.2943,5.0107,-7.1638,-9.0777,1.1398,1.2760,-0.0047,0.0008,-0.0080,1.0000,-0.2267,0.0305,0.0319
2020,Right,2,-0.1097,-0.1794,0.0628,-0.9756,-0.0573,0.0036,-0.1216,0.1766,0.3401,-0.2826,-3.3273,2.1976,8.6642,-0.0007,0.0000,-0.0015,1.0000,-0.0831,0.0552,0.2166
2020,Pelvis,2,-0.3713,-0.5820,-0.3317,0.6429,-0.4158,-0.1236,0.1193,1.0293,-1.5646,-0.2375,9.6248,-0.7721,-1.4003,-0.0052,-0.0015,0.0015,1.0000,0.2407,-0.0191,-0.0345
2021,Left,2,0.0671,-0.1142,0.2228,-0.9658,-0.2029,0.6944,-0.4089,-6.9123,4.5977,-5.7555,-8.8439,0.5495,2.6204,-0.0025,0.0087,-0.0051,0.9999,-0.2204,0.0150,0.0674
2021,Right,2,-0.1079,-0.1799,0.0643,-0.9756,-0.1122,0.0260,-0.1432,0.2545,0.3294,-0.2574,-3.2733,2.1725,8.7203,-0.0014,0.0003,-0.0018,1.0000,-0.0817,0.0548,0.2180
2021,Pelvis,2,-0.3761,-0.5798,-0.3337,0.6411,-0.4547,-0.0409,0.1401,1.3411,-1.6771,-0.0659,9.8211,-0.5918,-1.6748,-0.0057,-0.0005,0.0018,1.0000,0.2456,-0.0146,-0.0417
2022,Left,2,0.0668,-0.1274,0.2249,-0.9637,-0.1889,1.0625,-0.1248,-5.9716,4.3504,-3.6847,-8.3933,0.2689,4.6501,-0.0024,0.0133,-0.0016,0.9999,-0.2083,0.0073,0.1190
2022,Right,2,-0.1062,-0.1817,0.0658,-0.9754,-0.1046,0.1263,-0.1520,0.0857,0.0137,-0.0782,-3.4915,1.8335,8.9003,-0.0013,0.0016,-0.0019,1.0000,-0.0868,0.0463,0.2226
2022,Pelvis,2,-0.3813,-0.5764,-0.3361,0.6399,-0.5074,0.0615,0.1855,1.5613,-1.6784,-0.0787,9.8298,-0.4203,-1.7902,-0.0063,0.0008,0.0023,1.0000,0.2457,-0.0102,-0.0449
2023,Left,2,0.0647,-0.1423,0.2240,-0.9620,-0.1171,1.2017,0.1363,-6.6579,0.1764,-1.7898,-7.6710,-4.1044,5.7483,-0.0015,0.0150,0.0017,0.9999,-0.1894,-0.1027,0.1467
2023,Right,2,-0.1056,-0.1853,0.0673,-0.9747,-0.0314,0.2808,-0.1544,0.0494,-0.0388,0.0289,-3.6116,1.7647,8.9835,-0.0004,0.0035,-0.0019,1.0000,-0.0894,0.0444,0.2249
2023,Pelvis,2,-0.3869,-0.5724,-0.3388,0.6386,-0.5635,0.0857,0.2091,1.6444,-1.8304,-0.1993,9.7185,-0.4328,-1.9582,-0.0070,0.0011,0.0026,1.0000,0.2429,-0.0105,-0.0491
2024,Left,2,0.0460,-0.1521,0.2317,-0.9597,1.3492,1.1564,-0.3692,5.2383,-4.2155,6.2215,2.2509,-4.3239,16.6910,0.0169,0.0145,-0.0046,0.9997,0.0618,-0.1154,0.4145
2024,Right,2,-0.1054,-0.1910,0.0694,-0.9735,0.0058,0.4429,-0.2121,0.2169,0.0901,0.1458,-3.6026,1.9170,9.0870,0.0001,0.0055,-0.0027,1.0000,-0.0887,0.0481,0.2277
2024,Pelvis,2,-0.3930,-0.5694,-0.3410,0.6365,-0.5608,-0.0267,0.2016,1.4332,-1.5389,-0.3698,9.5268,-0.4869,-1.6109,-0.0070,-0.0003,0.0025,1.0000,0.2382,-0.0119,-0.0401
2025,Left,2,0.0352,-0.1702,0.2359,-0.9561,0.5433,1.6564,-0.1865,13.2156,3.4451,-6.8821,8.6467,8.3559,7.1090,0.0068,0.0207,-0.0023,0.9998,0.2203,0.2072,0.1746
2025,Right,2,-0.1063,-0.2000,0.0720,-0.9713,0.0836,0.7246,-0.2722,0.3949,0.0707,0.3346,-3.6559,1.9488,9.2719,0.0010,0.0091,-0.0034,1.0000,-0.0891,0.0488,0.2327
2025,Pelvis,2,-0.3981,-0.5682,-0.3432,0.6331,-0.5073,-0.1602,0.0663,0.1581,-0.5387,0.7391,10.4860,-1.2969,-0.1300,-0.0063,-0.0020,0.0008,1.0000,0.2622,-0.0322,-0.0025
2026,Left,2,0.0259,-0.1939,0.2276,-0.9539,0.1537,1.9994,0.7828,-8.4639,6.6954,9.3059,-16.4127,-0.4172,14.5790,0.0019,0.0250,0.0098,0.9996,-0.4009,-0.0151,0.3745
2026,Right,2,-0.1085,-0.2145,0.0753,-0.9678,0.1815,1.1742,-0.3575,0.5286,-0.4277,0.2904,-3.7015,1.4826,9.3083,0.0023,0.0147,-0.0045,0.9999,-0.0889,0.0369,0.2341
2026,Pelvis,2,-0.4008,-0.5687,-0.3460,0.6295,-0.3639,-0.1668,-0.1367,-0.4647,-0.5754,1.5049,11.1739,-1.9423,0.0800,-0.0045,-0.0021,-0.0017,1.0000,0.2793,-0.0490,0.0028
2027,Left,2,0.0151,-0.2091,0.2282,-0.9508,0.5570,1.4075,0.0982,-2.1409,-0.2472,2.6520,-6.3033,-2.7632,10.6142,0.0070,0.0176,0.0012,0.9998,-0.1528,-0.0711,0.2676
2027,Right,2,-0.1153,-0.2389,0.0791,-0.9609,0.5207,2.0131,-0.4291,1.6295,-1.2745,0.2057,-2.9869,0.9115,9.7426,0.0065,0.0252,-0.0054,0.9996,-0.0684,0.0216,0.2455
2027,Pelvis,2,-0.4025,-0.5697,-0.3486,0.6261,-0.2914,-0.1548,-0.1754,-0.2123,0.1405,1.7188,11.4373,-1.3846,0.5573,-0.0036,-0.0019,-0.0022,1.0000,0.2858,-0.0352,0.0146
2028,Left,2,0.0079,-0.2110,0.2264,-0.9509,0.4838,0.2766,0.2593,-1.4351,1.6418,2.3845,-6.6860,-0.5727,10.4162,0.0060,0.0035,0.0032,1.0000,-0.1662,-0.0164,0.2609
2028,Right,2,-0.1269,-0.2790,0.0834,-0.9482,0.8463,3.3672,-0.5504,2.2202,-1.0013,0.4768,-3.3068,1.4747,9.9382,0.0106,0.0421,-0.0069,0.9990,-0.0719,0.0347,0.2520
2028,Pelvis,2,-0.4049,-0.5692,-0.3513,0.6234,-0.3486,-0.0733,-0.0884,0.3922,-0.1943,1.2340,11.0184,-0.9012,-0.0626,-0.0044,-0.0009,-0.0011,1.0000,0.2754,-0.0228,-0.0012
2029,Left,2,0.0029,-0.2046,0.2278,-0.9520,0.5314,-0.4139,-0.0111,-2.0352,0.9338,1.4776,-6.4916,-1.2196,9.4266,0.0066,-0.0052,-0.0001,1.0000,-0.1635,-0.0320,0.2346
2029,Right,2,-0.1416,-0.3378,0.0874,-0.9264,1.0434,5.0103,-0.7140,3.2824,-0.2651,0.7326,-3.7167,2.6502,10.0687,0.0130,0.0626,-0.0089,0.9979,-0.0763,0.0636,0.2577
2029,Pelvis,2,-0.4098,-0.5667,-0.3546,0.6206,-0.5628,-0.0211,0.0641,0.6690,0.5113,1.4230,11.2524,-0.3715,0.4407,-0.0070,-0.0003,0.0008,1.0000,0.2813,-0.0090,0.0112
2030,Left,2,0.0013,-0.1976,0.2296,-0.9530,0.2881,-0.5171,-0.0915,-0.4522,0.7977,0.9374,-4.8242,-0.5141,9.6369,0.0036,-0.0065,-0.0011,1.0000,-0.1222,-0.0136,0.2401
2030,Right,2,-0.1593,-0.4132,0.0924,-0.8918,1.3259,6.6049,-0.9806,3.8604,-0.1221,1.0317,-5.0026,3.1978,9.8785,0.0166,0.0825,-0.0122,0.9964,-0.1031,0.0771,0.2574
2030,Pelvis,2,-0.4150,-0.5633,-0.3589,0.6178,-0.6476,0.0434,0.0520,-0.6956,1.1531,2.5589,12.2505,-1.4951,1.5997,-0.0081,0.0005,0.0007,1.0000,0.3063,-0.0369,0.0401
2031,Left,2,0.0027,-0.1953,0.2315,-0.9530,-0.0255,-0.1936,-0.1694,-0.0607,0.6468,0.4862,-4.1817,-0.4202,9.4248,-0.0003,-0.0024,-0.0021,1.0000,-0.1051,-0.0102,0.2354
2031,Right,2,-0.1774,-0.4942,0.0997,-0.8452,1.5388,7.3852,-1.2973,4.7717,-0.5801,3.6505,-8.3603,3.7702,10.9945,0.0192,0.0922,-0.0162,0.9954,-0.1809,0.0918,0.2942
2031,Pelvis,2,-0.4175,-0.5594,-0.3646,0.6163,-0.5432,0.2466,-0.0855,-1.8103,1.6070,2.2126,11.7907,-2.3170,2.4652,-0.0068,0.0031,-0.0011,1.0000,0.2949,-0.0578,0.0611
2032,Left,2,0.0043,-0.1947,0.2331,-0.9527,-0.0804,-0.0748,-0.1582,-0.5149,-0.1113,0.1584,-4.0604,-1.2962,9.0296,-0.0010,-0.0009,-0.0020,1.0000,-0.1018,-0.0320,0.2257
2032,Right,2,-0.1916,-0.5624,0.1124,-0.7965,1.6255,6.4822,-1.6560,5.9081,-1.4621,8.6866,-14.3755,4.4025,12.4159,0.0203,0.0809,-0.0207,0.9963,-0.3303,0.1104,0.3402
2033,Left,2,0.0051,-0.1941,0.2343,-0.9526,-0.0228,-0.0535,-0.1076,-0.3885,0.0001,0.1001,-3.9665,-1.1617,9.0184,-0.0003,-0.0007,-0.0013,1.0000,-0.0994,-0.0288,0.2254
2033,Right,2,-0.1990,-0.6080,0.1322,-0.7571,1.5649,4.4512,-1.9737,9.2971,-1.1698,5.3236,-11.9061,5.2871,12.1498,0.0195,0.0556,-0.0247,0.9980,-0.2768,0.1330,0.3221
2033,Pelvis,2,-0.4172,-0.5522,-0.3785,0.6146,-0.4349,0.3818,-0.2499,-1.6999,1.2145,-0.2524,9.3345,-2.0721,2.0831,-0.0109,0.0095,-0.0062,0.9999,0.4670,-0.1054,0.1008
2034,Left,2,0.0056,-0.1939,0.2352,-0.9524,-0.0124,-0.0186,-0.0812,-0.2349,0.2252,0.1477,-3.9488,-0.9127,9.1044,-0.0002,-0.0002,-0.0010,1.0000,-0.0988,-0.0227,0.2276
2034,Right,2,-0.2082,-0.6388,0.1607,-0.7230,2.1752,3.1805,-2.1269,9.9539,-5.3218,1.6018,-9.6361,1.4005,12.7686,0.0272,0.0397,-0.0266,0.9985,-0.2271,0.0323,0.3293
2034,Pelvis,2,-0.4169,-0.5494,-0.3827,0.6148,-0.2640,0.3084,-0.1178,-1.2507,0.2114,-1.0626,8.5715,-1.9013,1.0426,-0.0033,0.0039,-0.0015,1.0000,0.2143,-0.0478,0.0254
2035,Left,2,0.0064,-0.1945,0.2359,-0.9521,-0.0529,0.0379,-0.0661,-0.1228,0.2165,0.0933,-3.8338,-0.8811,9.0948,-0.0007,0.0005,-0.0008,1.0000,-0.0958,-0.0218,0.2274
2035,Right,2,-0.2085,-0.6246,0.2020,-0.7250,2.2846,-1.5969,-2.1138,14.2220,-4.0959,-1.0774,-6.7220,4.6473,15.1194,0.0285,-0.0200,-0.0264,0.9990,-0.1726,0.1099,0.3778
2035,Pelvis,2,-0.4173,-0.5473,-0.3842,0.6154,-0.1305,0.1769,0.0210,-1.4752,-0.3128,-0.3742,9.2361,-2.3561,0.7088,-0.0016,0.0022,0.0003,1.0000,0.2310,-0.0588,0.0173
2036,Left,2,0.0072,-0.1957,0.2363,-0.9517,-0.0702,0.0836,-0.0559,-0.2512,0.0300,-0.0339,-3.8191,-1.1122,8.9368,-0.0009,0.0010,-0.0007,1.0000,-0.0953,-0.0275,0.2235
2036,Right,2,-0.2031,-0.6055,0.2361,-0.7323,1.5923,-2.1061,-1.8110,6.8288,1.1694,-10.5395,1.6472,4.8469,4.7259,0.0199,-0.0263,-0.0226,0.9992,0.0407,0.1178,0.1216
2036,Pelvis,2,-0.4178,-0.5447,-0.3843,0.6173,-0.0465,0.2030,0.1697,-1.4717,-0.3340,-0.1327,9.4679,-2.4068,0.7380,-0.0006,0.0025,0.0021,1.0000,0.2369,-0.0597,0.0179
2037,Left,2,0.0077,-0.1968,0.2367,-0.9514,-0.0492,0.0814,-0.0426,-0.2632,0.0797,-0.0616,-3.8578,-1.0901,8.8931,-0.0006,0.0010,-0.0005,1.0000,-0.0962,-0.0271,0.2224
2037,Right,2,-0.2023,-0.5865,0.2563,-0.7412,1.1523,-1.8715,-0.7489,7.0973,0.4848,-8.7618,0.1083,4.6833,5.4564,0.0144,-0.0234,-0.0094,0.9996,0.0006,0.1151,0.1381
2037,Pelvis,2,-0.4183,-0.5417,-0.3840,0.6198,-0.0220,0.2433,0.2119,-1.0094,-0.2799,-0.4586,9.1805,-1.9712,0.6557,-0.0003,0.0030,0.0026,1.0000,0.2297,-0.0487,0.0157
2038,Left,2,0.0083,-0.1979,0.2371,-0.9511,-0.0539,0.0785,-0.0502,-0.2619,0.1173,-0.0440,-3.8966,-1.0755,8.8978,-0.0007,0.0010,-0.0006,1.0000,-0.0972,-0.0267,0.2226
2038,Right,2,-0.2053,-0.5609,0.2606,-0.7585,0.6332,-2.3206,0.6538,7.7156,-0.8006,-6.5322,-1.4392,4.2004,7.1581,0.0079,-0.0290,0.0082,0.9995,-0.0420,0.1033,0.1786
2038,Pelvis,2,-0.4191,-0.5393,-0.3836,0.6216,-0.0404,0.1720,0.1928,-0.4156,-0.2649,-0.5202,9.1774,-1.4547,0.5025,-0.0005,0.0021,0.0024,1.0000,0.2295,-0.0358,0.0121
2039,Left,2,0.0088,-0.1986,0.2375,-0.9508,-0.0387,0.0522,-0.0392,-0.2893,0.0372,-0.0699,-3.8856,-1.1722,8.8620,-0.0005,0.0007,-0.0005,1.0000,-0.0970,-0.0291,0.2216
2039,Right,2,-0.2074,-0.5244,0.2546,-0.7856,0.1820,-3.2677,1.6173,6.7957,-2.5442,-3.5505,-3.5835,2.4858,8.5388,0.0023,-0.0408,0.0202,0.9990,-0.0994,0.0597,0.2097
2039,Pelvis,2,-0.4193,-0.5364,-0.3845,0.6234,-0.0754,0.2501,0.1147,-0.0921,-0.2597,-1.6399,8.0995,-1.0666,0.3610,-0.0009,0.0031,0.0014,1.0000,0.2026,-0.0264,0.0084
2040,Left,2,0.0091,-0.1991,0.2376,-0.9507,-0.0170,0.0328,-0.0152,-0.2795,0.0102,-0.0822,-3.8692,-1.2007,8.8515,-0.0002,0.0004,-0.0002,1.0000,-0.0966,-0.0300,0.2213
2040,Right,2,-0.2054,-0.4773,0.2466,-0.8180,-0.0333,-4.2054,1.8589,4.5006,-3.8774,-2.8158,-3.9171,0.2459,8.3020,-0.0004,-0.0525,0.0232,0.9983,-0.1088,0.0038,0.2020
2040,Pelvis,2,-0.4198,-0.5345,-0.3856,0.6240,-0.1237,0.1512,0.0470,-0.1528,-0.5498,-1.1945,8.5380,-1.2918,0.1801,-0.0015,0.0019,0.0006,1.0000,0.2135,-0.0322,0.0041
2041,Left,2,0.0091,-0.1992,0.2374,-0.9507,-0.0011,0.0119,0.0111,-0.2258,0.0664,-0.0834,-3.8556,-1.1304,8.8640,-0.0000,0.0001,0.0001,1.0000,-0.0964,-0.0283,0.2216
2041,Right,2,-0.2015,-0.4236,0.2435,-0.8489,0.1834,-4.7030,1.5454,2.6767,-4.5849,-1.1987,-5.0344,-1.0438,8.7217,0.0023,-0.0588,0.0193,0.9981,-0.1378,-0.0292,0.2101
2041,Pelvis,2,-0.4208,-0.5330,-0.3868,0.6239,-0.1493,0.0863,0.0308,-0.3696,-0.8456,-0.9534,8.7562,-1.6327,0.0148,-0.0019,0.0011,0.0004,1.0000,0.2189,-0.0407,0.0002
2042,Left,2,0.0089,-0.1991,0.2369,-0.9509,0.0135,-0.0096,0.0468,-0.2486,0.0453,-0.1496,-3.8404,-1.1493,8.7960,0.0002,-0.0001,0.0006,1.0000,-0.0960,-0.0288,0.2199
2042,Right,2,-0.1970,-0.3639,0.2468,-0.8763,0.5380,-5.1035,1.1154,1.5333,-3.8775,1.5458,-6.9313,-0.4953,9.9156,0.0067,-0.0637,0.0139,0.9978,-0.1884,-0.0166,0.2361
2042,Pelvis,2,-0.4222,-0.5321,-0.3878,0.6231,-0.1741,0.0094,0.0137,-0.3537,-1.0862,-0.8379,8.8800,-1.7190,-0.2052,-0.0022,0.0001,0.0002,1.0000,0.2220,-0.0429,-0.0051
2043,Left,2,0.0086,-0.1985,0.2358,-0.9513,0.0284,-0.0463,0.0894,-0.2092,0.0292,-0.1803,-3.7853,-1.1329,8.7872,0.0004,-0.0006,0.0011,1.0000,-0.0947,-0.0285,0.2196
2043,Right,2,-0.1936,-0.3020,0.2550,-0.8980,0.8880,-5.1416,0.7290,-0.7102,-2.9500,2.4595,-7.9963,-0.5542,9.7876,0.0111,-0.0642,0.0091,0.9978,-0.2149,-0.0184,0.2310
2043,Pelvis,2,-0.4236,-0.5312,-0.3889,0.6222,-0.1713,0.0070,0.0075,-0.2607,-1.0403,-0.9556,8.7737,-1.6047,-0.2095,-0.0021,0.0001,0.0001,1.0000,0.2193,-0.0401,-0.0052
2044,Left,2,0.0083,-0.1974,0.2344,-0.9519,0.0321,-0.0875,0.1231,-0.1881,0.0193,-0.1851,-3.7500,-1.1167,8.7986,0.0004,-0.0011,0.0015,1.0000,-0.0939,-0.0281,0.2199
2044,Right,2,-0.1978,-0.2429,0.2653,-0.9119,1.5468,-4.6304,0.5552,-3.7486,-1.4964,8.8565,-13.2586,0.6264,13.7512,0.0193,-0.0578,0.0069,0.9981,-0.3507,0.0069,0.3240
2044,Pelvis,2,-0.4245,-0.5301,-0.3903,0.6217,-0.1594,0.0614,-0.0133,-0.5151,-1.2952,-0.9433,8.7611,-1.9285,-0.3654,-0.0020,0.0008,-0.0002,1.0000,0.2190,-0.0483,-0.0092
2045,Left,2,0.0080,-0.1960,0.2331,-0.9524,0.0292,-0.1064,0.1099,-0.1412,0.0215,-0.1671,-3.7012,-1.0798,8.8427,0.0004,-0.0013,0.0014,1.0000,-0.0928,-0.0272,0.2209
2045,Right,2,-0.1975,-0.1800,0.2708,-0.9248,1.2257,-4.9133,0.8688,-6.3074,2.4078,10.9136,-16.0822,3.4214,14.3331,0.0153,-0.0614,0.0109,0.9979,-0.4239,0.0758,0.3339
2045,Pelvis,2,-0.4248,-0.5295,-0.3919,0.6210,-0.1313,0.0553,-0.0671,-0.8496,-1.4640,-0.9824,8.6864,-2.2836,-0.4143,-0.0016,0.0007,-0.0008,1.0000,0.2171,-0.0573,-0.0104
2046,Left,2,0.0081,-0.1953,0.2321,-0.9529,0.0058,-0.0639,0.0820,-0.1099,-0.0767,-0.0993,-3.6405,-1.1496,8.9327,0.0001,-0.0008,0.0010,1.0000,-0.0912,-0.0288,0.2232
2046,Right,2,-0.1900,-0.1288,0.2695,-0.9353,0.3750,-4.0608,1.0223,-12.3969,6.9925,7.3358,-19.8221,3.2300,9.6826,0.0047,-0.0507,0.0128,0.9986,-0.5080,0.0733,0.2168
2047,Left,2,0.0078,-0.1955,0.2314,-0.9530,0.0081,0.0157,0.0611,-0.0876,-0.2682,-0.1477,-3.5157,-1.2991,8.9131,0.0001,0.0002,0.0008,1.0000,-0.0878,-0.0326,0.2228
2047,Right,2,-0.1755,-0.0855,0.2617,-0.9452,-0.3744,-3.5128,1.3056,-14.4501,12.2930,-0.7249,-20.4607,4.5622,1.8397,-0.0047,-0.0439,0.0163,0.9989,-0.5146,0.1058,0.0229
2048,Left,2,0.0072,-0.1970,0.2310,-0.9528,0.0214,0.1346,0.0377,0.1092,-0.2376,-0.1517,-3.3853,-1.1791,8.9752,0.0003,0.0017,0.0005,1.0000,-0.0842,-0.0296,0.2245
2048,Right,2,-0.1725,-0.0542,0.2464,-0.9522,0.2309,-2.2481,1.7243,-17.1010,7.8638,-11.2079,-18.0228,-2.6988,-4.9268,0.0029,-0.0281,0.0215,0.9994,-0.4453,-0.0767,-0.1359
2049,Left,2,0.0064,-0.2012,0.2310,-0.9519,-0.0120,0.3488,-0.0028,0.1790,-0.0189,0.0106,-3.5408,-0.9693,9.1133,-0.0001,0.0044,-0.0000,1.0000,-0.0875,-0.0242,0.2282
2049,Right,2,-0.1721,-0.0419,0.2357,-0.9555,0.1293,-0.8000,1.0501,-16.1582,8.3853,-13.4205,-17.2937,-1.8869,-6.4663,0.0016,-0.0100,0.0131,0.9999,-0.4300,-0.0526,-0.1660
2049,Pelvis,2,-0.4249,-0.5336,-0.3973,0.6139,-0.0848,-0.0779,-0.1573,-0.1888,-1.2468,-0.3183,9.4369,-1.5838,-0.4155,-0.0042,-0.0039,-0.0079,1.0000,0.9426,-0.1660,-0.0372
2050,Left,2,0.0052,-0.2086,0.2307,-0.9504,-0.0378,0.6102,0.0171,0.1319,-0.1207,0.0900,-3.6737,-1.0958,9.1324,-0.0005,0.0076,0.0002,1.0000,-0.0901,-0.0273,0.2290
2050,Right,2,-0.1668,-0.0529,0.2285,-0.9577,-0.6652,0.8366,0.4239,-13.7492,6.1779,-11.3861,-14.5840,-1.6447,-3.7812,-0.0083,0.0105,0.0053,0.9999,-0.3653,-0.0438,-0.0904
2050,Pelvis,2,-0.4242,-0.5349,-0.3979,0.6129,-0.0054,-0.0260,-0.1355,-0.6200,-1.8488,0.0808,9.8169,-2.1320,-0.8757,-0.0001,-0.0003,-0.0017,1.0000,0.2453,-0.0537,-0.0218
2051,Left,2,0.0027,-0.2194,0.2298,-0.9482,-0.0225,0.9038,0.0702,0.0522,-0.1002,0.1794,-3.9559,-1.1260,9.1073,-0.0003,0.0113,0.0009,0.9999,-0.0963,-0.0282,0.2288
2051,Right,2,-0.1571,-0.0788,0.2198,-0.9596,-1.2706,1.9102,0.3256,-4.1143,2.5747,-2.2891,-6.2137,2.4397,5.9675,-0.0159,0.0239,0.0041,0.9996,-0.1520,0.0628,0.1519
2051,Pelvis,2,-0.4221,-0.5373,-0.3975,0.6125,0.1792,-0.0662,-0.1668,-1.6814,-2.7567,-0.2859,9.3741,-3.3580,-1.4270,0.0022,-0.0008,-0.0021,1.0000,0.2342,-0.0844,-0.0357
2052,Left,2,-0.0009,-0.2354,0.2289,-0.9446,-0.0319,1.3443,0.0698,0.4056,0.1493,0.5094,-4.1827,-0.7851,9.4144,-0.0004,0.0168,0.0009,0.9999,-0.1006,-0.0196,0.2371
2052,Right,2,-0.1523,-0.0996,0.2104,-0.9605,-0.7940,1.6299,0.4495,4.6969,-13.2319,4.7933,5.8131,-5.5229,18.6079,-0.0099,0.0204,0.0056,0.9997,0.1555,-0.1326,0.4634
2053,Left,2,-0.0055,-0.2615,0.2269,-0.9381,-0.1566,2.1815,0.1106,1.8415,-0.4768,0.2988,-3.1190,-0.7187,9.7797,-0.0020,0.0273,0.0014,0.9996,-0.0712,-0.0176,0.2465
2053,Right,2,-0.1592,-0.1329,0.2188,-0.9535,0.1281,2.6269,-1.1064,-7.1607,-1.4267,1.1569,-8.9499,-1.7009,9.5241,0.0016,0.0328,-0.0138,0.9994,-0.2163,-0.0399,0.2452
2053,Pelvis,2,-0.4210,-0.5465,-0.3877,0.6113,0.3601,-0.3958,0.0414,-1.1006,-1.6426,0.7924,10.4681,-2.5433,-0.5745,0.0090,-0.0099,0.0010,0.9999,0.5238,-0.1264,-0.0247
2054,Left,2,-0.0129,-0.3040,0.2227,-0.9262,-0.2937,3.5783,0.2395,2.5015,-0.8238,0.2657,-3.1687,-0.7877,9.8955,-0.0037,0.0447,0.0030,0.9990,-0.0680,-0.0190,0.2507
2054,Right,2,-0.1503,-0.1470,0.2253,-0.9513,-0.8133,0.8618,-0.8032,-5.4593,5.4934,7.9286,-12.7416,6.2734,13.1556,-0.0102,0.0108,-0.0100,0.9998,-0.3134,0.1634,0.3306
2054,Pelvis,2,-0.4257,-0.5498,-0.3796,0.6103,0.1850,-0.6000,0.4528,0.6179,0.9337,2.3950,12.2013,-0.2791,1.1550,0.0023,-0.0075,0.0057,1.0000,0.3048,-0.0053,0.0311
2055,Left,2,-0.0263,-0.3670,0.2154,-0.9046,-0.2768,5.4482,0.4151,3.0971,-2.2716,0.1440,-3.2273,-1.8756,10.0065,-0.0035,0.0680,0.0052,0.9977,-0.0632,-0.0464,0.2550
2055,Right,2,-0.1414,-0.1522,0.2281,-0.9512,-0.7289,0.2020,-0.3708,-1.8386,0.1486,2.1417,-5.8180,1.7629,10.4574,-0.0091,0.0025,-0.0046,0.9999,-0.1446,0.0471,0.2614
2055,Pelvis,2,-0.4320,-0.5494,-0.3751,0.6090,-0.1674,-0.3738,0.4675,1.0988,1.2535,2.4740,12.3463,0.1308,1.1384,-0.0021,-0.0047,0.0058,1.0000,0.3085,0.0051,0.0299
2056,Left,2,-0.0485,-0.4504,0.2017,-0.8684,-0.1465,7.5203,0.8502,3.5718,-3.0093,0.8177,-4.8058,-2.4163,10.3094,-0.0018,0.0939,0.0106,0.9955,-0.0946,-0.0610,0.2676
2056,Right,2,-0.1333,-0.1522,0.2294,-0.9521,-0.5987,-0.1748,-0.1827,-1.4286,0.9487,0.8030,-5.3285,2.1700,9.0849,-0.0075,-0.0022,-0.0023,1.0000,-0.1336,0.0563,0.2264
2056,Pelvis,2,-0.4346,-0.5496,-0.3733,0.6080,-0.0812,-0.1833,0.1689,-0.6249,-0.0479,0.7024,10.3682,-1.8198,0.3857,-0.0010,-0.0023,0.0021,1.0000,0.2593,-0.0449,0.0103
2057,Left,2,-0.0771,-0.5404,0.1813,-0.8180,0.0004,8.6344,1.2804,4.2706,-3.7597,2.1063,-7.4522,-2.8082,10.5689,0.0000,0.1077,0.0160,0.9941,-0.1553,-0.0729,0.2821
2057,Right,2,-0.1272,-0.1498,0.2303,-0.9531,-0.4103,-0.3133,-0.0861,-1.3638,0.2979,0.6180,-4.9021,1.4718,9.1953,-0.0051,-0.0039,-0.0011,1.0000,-0.1234,0.0381,0.2292
2057,Pelvis,2,-0.4338,-0.5517,-0.3704,0.6084,0.2391,-0.1470,0.0342,-1.3183,1.4610,1.4619,11.0772,-2.0584,2.0118,0.0030,-0.0018,0.0004,1.0000,0.2769,-0.0515,0.0507
2058,Right,2,-0.1244,-0.1473,0.2300,-0.9539,-0.1736,-0.2513,0.0354,-0.8562,-0.5197,0.2525,-3.9543,0.8721,9.2690,-0.0022,-0.0031,0.0004,1.0000,-0.0996,0.0223,0.2314
2058,Pelvis,2,-0.4326,-0.5516,-0.3665,0.6118,0.3400,0.0623,0.2453,0.2298,2.5162,1.2186,11.0466,-0.2446,2.4469,0.0043,0.0008,0.0031,1.0000,0.2762,-0.0055,0.0609
2059,Left,2,-0.1293,-0.6666,0.1340,-0.7218,0.0750,6.7698,1.5977,6.2540,-5.3004,8.2616,-15.6122,-3.1908,11.9982,0.0019,0.1684,0.0397,0.9849,-0.6582,-0.1888,0.7183
2059,Right,2,-0.1241,-0.1460,0.2292,-0.9543,-0.0013,-0.1107,0.0833,-0.3079,0.0852,0.1583,-3.6561,1.6212,9.1394,-0.0000,-0.0014,0.0010,1.0000,-0.0918,0.0404,0.2284
2060,Left,2,-0.1520,-0.6965,0.1157,-0.6917,0.3276,3.7847,1.6470,8.5645,-7.8143,-1.9562,-7.6334,-3.8821,11.0893,0.0041,0.0473,0.0206,0.9987,-0.1754,-0.1019,0.2854
2060,Right,2,-0.1239,-0.1455,0.2286,-0.9546,-0.0015,-0.0365,0.0604,-0.1493,0.2821,0.0585,-3.5474,1.8525,9.0292,-0.0000,-0.0005,0.0008,1.0000,-0.0888,0.0463,0.2257
2060,Pelvis,2,-0.4346,-0.5453,-0.3593,0.6202,0.1636,0.1921,0.4484,0.9820,2.1317,0.1938,10.1046,0.3128,1.8552,0.0041,0.0048,0.0112,0.9999,0.5055,0.0209,0.0904
2061,Left,2,-0.1541,-0.6969,0.1098,-0.6918,-0.2103,0.1240,0.4401,17.9092,-12.5848,3.5267,-13.9666,-4.3331,21.0527,-0.0026,0.0015,0.0055,1.0000,-0.3478,-0.1089,0.5271
2061,Right,2,-0.1243,-0.1456,0.2277,-0.9547,0.0220,0.0197,0.0822,-0.3701,-0.0059,0.0521,-3.6144,1.5038,9.0624,0.0003,0.0002,0.0010,1.0000,-0.0903,0.0374,0.2266
2061,Pelvis,2,-0.4349,-0.5441,-0.3597,0.6208,-0.0534,0.1094,0.0539,0.8077,0.7549,0.4064,10.2430,-0.4938,0.6992,-0.0007,0.0014,0.0007,1.0000,0.2561,-0.0122,0.0171
2062,Left,2,-0.1507,-0.6733,0.1143,-0.7148,-0.0056,-2.6549,0.0612,5.6904,-5.9563,-12.3250,2.4087,-3.5966,7.4468,-0.0001,-0.0332,0.0008,0.9994,0.0541,-0.0899,0.1880
2062,Right,2,-0.1252,-0.1460,0.2265,-0.9548,0.0638,0.0585,0.1030,-0.3334,-0.0322,-0.0153,-3.5561,1.5017,9.0111,0.0008,0.0007,0.0013,1.0000,-0.0888,0.0372,0.2254
2062,Pelvis,2,-0.4335,-0.5443,-0.3625,0.6200,-0.0788,0.0977,-0.2292,0.8186,0.7797,-0.4398,9.4079,-0.3304,0.7159,-0.0010,0.0012,-0.0029,1.0000,0.2352,-0.0089,0.0176
2063,Right,2,-0.1267,-0.1468,0.2254,-0.9548,0.0955,0.0949,0.1008,-0.2071,0.1361,-0.0731,-3.5093,1.7206,8.9244,0.0012,0.0012,0.0013,1.0000,-0.0875,0.0426,0.2233
2063,Pelvis,2,-0.4318,-0.5456,-0.3660,0.6180,-0.1007,0.0300,-0.3583,0.6256,0.6149,-0.1172,9.6979,-0.5453,0.6538,-0.0013,0.0004,-0.0045,1.0000,0.2424,-0.0147,0.0163
2064,Left,2,-0.1314,-0.6238,0.1202,-0.7610,-0.4392,-2.7754,-0.1803,5.8206,-5.0608,-6.7878,-2.2913,-2.4749,7.5744,-0.0110,-0.0693,-0.0045,0.9975,-0.1410,-0.1190,0.3709
2064,Right,2,-0.1277,-0.1475,0.2247,-0.9547,0.0683,0.0795,0.0651,-0.1686,0.2633,-0.1557,-3.5151,1.8567,8.8063,0.0009,0.0010,0.0008,1.0000,-0.0877,0.0462,0.2203
2064,Pelvis,2,-0.4298,-0.5457,-0.3695,0.6172,-0.0827,0.1553,-0.2853,0.4597,0.4702,-0.9263,8.8742,-0.5685,0.5702,-0.0010,0.0019,-0.0036,1.0000,0.2218,-0.0150,0.0138
2065,Left,2,-0.1159,-0.5818,0.1344,-0.7937,-0.1669,-4.4387,-0.8601,5.4644,-5.5502,-3.4145,-4.6164,-3.0568,8.4292,-0.0021,-0.0555,-0.0107,0.9984,-0.1277,-0.0747,0.2040
2065,Right,2,-0.1284,-0.1480,0.2243,-0.9546,0.0470,0.0520,0.0399,-0.1588,0.2013,-0.1456,-3.4989,1.8237,8.8289,0.0006,0.0007,0.0005,1.0000,-0.0874,0.0454,0.2208
2065,Pelvis,2,-0.4289,-0.5450,-0.3723,0.6168,-0.1085,0.1435,-0.1639,0.4868,0.3523,-0.9594,8.8446,-0.5330,0.4791,-0.0014,0.0018,-0.0020,1.0000,0.2211,-0.0138,0.0116
2066,Right,2,-0.1289,-0.1484,0.2240,-0.9546,0.0408,0.0382,0.0346,-0.2415,0.1067,-0.1307,-3.5470,1.7159,8.8478,0.0005,0.0005,0.0004,1.0000,-0.0886,0.0427,0.2213
2066,Pelvis,2,-0.4283,-0.5438,-0.3749,0.6167,-0.1268,0.1756,-0.1216,0.2083,-0.1161,-1.4066,8.3628,-0.8724,0.1527,-0.0016,0.0022,-0.0015,1.0000,0.2090,-0.0221,0.0034
2067,Left,2,-0.0743,-0.4747,0.1670,-0.8610,-0.2898,-5.3444,-1.1486,5.1037,-2.6494,-1.3820,-5.2561,-0.7076,8.7557,-0.0072,-0.1332,-0.0286,0.9907,-0.3186,-0.0238,0.3978
2067,Right,2,-0.1294,-0.1487,0.2237,-0.9545,0.0404,0.0315,0.0253,-0.2165,0.0837,-0.1393,-3.5211,1.7148,8.8482,0.0005,0.0004,0.0003,1.0000,-0.0880,0.0427,0.2213
2067,Pelvis,2,-0.4277,-0.5432,-0.3767,0.6165,-0.0757,0.1045,-0.0990,0.0196,-0.5191,-1.2678,8.4775,-1.1832,-0.1276,-0.0009,0.0013,-0.0012,1.0000,0.2119,-0.0298,-0.0034
2068,Left,2,-0.0486,-0.4121,0.1787,-0.8921,-0.6596,-5.8601,-0.9732,3.8647,-1.3158,3.9492,-8.5661,-0.4753,11.5255,-0.0082,-0.0732,-0.0122,0.9972,-0.2346,-0.0068,0.2715
2068,Right,2,-0.1299,-0.1490,0.2237,-0.9544,0.0434,0.0338,0.0078,-0.2147,0.0852,-0.1716,-3.5166,1.7188,8.8138,0.0005,0.0004,0.0001,1.0000,-0.0878,0.0428,0.2204
2068,Pelvis,2,-0.4268,-0.5430,-0.3778,0.6166,-0.0082,0.0892,-0.0813,0.2608,-0.7839,-1.1104,8.6670,-1.0511,-0.4351,-0.0001,0.0011,-0.0010,1.0000,0.2166,-0.0265,-0.0111
2069,Left,2,-0.0185,-0.3460,0.1852,-0.9196,-1.0857,-6.0496,-0.7992,1.1918,0.5669,6.6939,-10.9641,-0.3242,12.4274,-0.0136,-0.0755,-0.0100,0.9970,-0.2965,-0.0012,0.2889
2069,Right,2,-0.1305,-0.1497,0.2240,-0.9541,0.0512,0.0546,-0.0196,-0.2267,0.0333,-0.1938,-3.5099,1.6712,8.8013,0.0006,0.0007,-0.0002,1.0000,-0.0876,0.0417,0.2201
2069,Pelvis,2,-0.4260,-0.5428,-0.3781,0.6173,0.0426,0.0888,-0.0252,0.6055,-0.9610,-0.7851,9.0356,-0.8194,-0.6877,0.0005,0.0011,-0.0003,1.0000,0.2259,-0.0205,-0.0175
2070,Left,2,0.0205,-0.2868,0.1923,-0.9383,-1.8165,-5.4338,-1.2366,-4.9781,2.6541,12.3681,-17.6170,-1.9750,14.5073,-0.0227,-0.0679,-0.0154,0.9973,-0.4643,-0.0345,0.3326
2070,Right,2,-0.1311,-0.1504,0.2248,-0.9538,0.0557,0.0599,-0.0586,-0.2502,0.1440,-0.2489,-3.5692,1.7513,8.7031,0.0007,0.0007,-0.0007,1.0000,-0.0890,0.0437,0.2177
2070,Pelvis,2,-0.4250,-0.5420,-0.3783,0.6184,0.0554,0.1315,0.0075,0.7026,-1.1557,-0.7683,9.0675,-0.7987,-0.8793,0.0007,0.0016,0.0001,1.0000,0.2267,-0.0199,-0.0224
2071,Left,2,0.0552,-0.2254,0.2134,-0.9490,-1.1413,-5.3322,-2.3106,-14.4931,4.7156,11.5358,-23.3160,-4.7134,11.1091,-0.0143,-0.0666,-0.0289,0.9973,-0.6027,-0.0970,0.2395
2071,Right,2,-0.1311,-0.1509,0.2261,-0.9534,0.0254,0.0316,-0.1078,-0.0791,0.2150,-0.2232,-3.4744,1.8962,8.7375,0.0003,0.0004,-0.0013,1.0000,-0.0867,0.0475,0.2185
2071,Pelvis,2,-0.4248,-0.5408,-0.3784,0.6196,0.0060,0.1323,0.0618,1.0209,-0.7528,-1.2926,8.5867,-0.3088,-0.6127,0.0001,0.0017,0.0008,1.0000,0.2146,-0.0076,-0.0157
2072,Left,2,0.0685,-0.1667,0.2438,-0.9529,0.5659,-4.6026,-2.7362,-20.7981,11.4794,3.5186,-26.9149,-1.1302,4.1800,0.0071,-0.0575,-0.0342,0.9977,-0.6778,-0.0057,0.0655
2072,Right,2,-0.1302,-0.1513,0.2278,-0.9530,-0.0404,-0.0061,-0.1414,0.1861,0.3040,-0.2111,-3.2975,2.0849,8.7806,-0.0005,-0.0001,-0.0018,1.0000,-0.0824,0.0524,0.2195
2072,Pelvis,2,-0.4267,-0.5390,-0.3779,0.6201,-0.1104,0.0473,0.1840,1.5042,-0.7114,-1.9911,7.9573,0.2122,-0.7631,-0.0014,0.0006,0.0023,1.0000,0.1989,0.0057,-0.0192
2073,Left,2,0.0654,-0.1141,0.2697,-0.9539,1.6287,-3.7996,-2.1996,-19.2278,12.6120,-9.7382,-22.3786,1.7565,-5.0437,0.0203,-0.0475,-0.0275,0.9983,-0.5511,0.0621,-0.1513
2073,Right,2,-0.1284,-0.1520,0.2297,-0.9527,-0.1141,0.0058,-0.1739,0.3819,0.2735,-0.1423,-3.1522,2.1310,8.9028,-0.0014,0.0001,-0.0022,1.0000,-0.0787,0.0538,0.2225
2073,Pelvis,2,-0.4306,-0.5374,-0.3764,0.6198,-0.1928,-0.0944,0.2851,1.0022,-0.4868,-0.4757,9.3893,-0.4099,-0.3054,-0.0024,-0.0012,0.0036,1.0000,0.2348,-0.0094,-0.0073
2074,Left,2,0.0628,-0.0831,0.2737,-0.9562,0.9251,-2.3021,-0.3974,-14.6793,15.6416,-17.2151,-19.4095,7.0703,-9.3990,0.0116,-0.0288,-0.0050,0.9995,-0.4774,0.1820,-0.2467
2074,Right,2,-0.1266,-0.1541,0.2319,-0.9521,-0.1360,0.1066,-0.2187,0.2519,-0.0290,-0.0834,-3.1855,1.7723,9.0242,-0.0017,0.0013,-0.0027,1.0000,-0.0792,0.0449,0.2256
2074,Pelvis,2,-0.4342,-0.5353,-0.3756,0.6195,-0.2142,-0.0347,0.2644,-0.0330,-1.4439,0.8619,10.5649,-1.9413,-0.8049,-0.0027,-0.0004,0.0033,1.0000,0.2643,-0.0477,-0.0199
2075,Left,2,0.0820,-0.0876,0.2668,-0.9563,-1.6043,-0.1102,0.4225,-15.7404,10.6961,-18.7763,-17.7609,2.7336,-10.9374,-0.0201,-0.0014,0.0053,0.9998,-0.4440,0.0605,-0.2753
2075,Right,2,-0.1257,-0.1584,0.2344,-0.9509,-0.0899,0.3005,-0.2598,0.2598,-0.2712,-0.0010,-3.1675,1.5342,9.1664,-0.0011,0.0038,-0.0032,1.0000,-0.0782,0.0389,0.2294
2075,Pelvis,2,-0.4361,-0.5345,-0.3752,0.6192,-0.1182,-0.0319,0.1182,0.9806,-1.2819,0.8779,10.7184,-0.9925,-1.0121,-0.0015,-0.0004,0.0015,1.0000,0.2680,-0.0245,-0.0252
2076,Left,2,0.0643,-0.1095,0.2653,-0.9558,0.8839,2.0540,0.3748,-13.0793,1.7764,-8.4518,-12.1072,-5.2217,-1.4995,0.0110,0.0257,0.0047,0.9996,-0.3029,-0.1316,-0.0312
2076,Right,2,-0.1266,-0.1661,0.2376,-0.9487,-0.0094,0.5919,-0.3402,0.1586,-0.2263,0.1202,-3.4293,1.5045,9.2042,-0.0001,0.0074,-0.0043,1.0000,-0.0839,0.0380,0.2307
2076,Pelvis,2,-0.4381,-0.5334,-0.3755,0.6186,-0.1672,-0.0094,0.0875,2.1399,-2.0847,0.0526,10.0686,-0.0909,-2.2054,-0.0021,-0.0001,0.0011,1.0000,0.2517,-0.0021,-0.0551
2077,Left,2,0.0480,-0.1246,0.2729,-0.9527,0.9831,1.5602,-0.4275,9.9542,-5.8053,12.7767,6.9303,-3.7905,24.0995,0.0123,0.0195,-0.0053,0.9997,0.1844,-0.1031,0.5977
2077,Right,2,-0.1292,-0.1781,0.2414,-0.9451,0.0661,0.9682,-0.4405,0.2302,-0.2023,0.3425,-3.6602,1.5653,9.3478,0.0008,0.0121,-0.0055,0.9999,-0.0885,0.0394,0.2348
2077,Pelvis,2,-0.4418,-0.5320,-0.3758,0.6169,-0.2959,-0.0916,0.1409,2.8613,-0.5435,0.1757,10.3022,1.0581,-0.9980,-0.0037,-0.0011,0.0018,1.0000,0.2575,0.0268,-0.0248
2078,Left,2,0.0330,-0.1552,0.2768,-0.9477,0.5084,2.7205,-0.1416,2.1321,7.2955,-6.0312,-3.0905,6.6769,4.2370,0.0064,0.0340,-0.0018,0.9994,-0.0733,0.1664,0.1095
2078,Right,2,-0.1336,-0.1969,0.2462,-0.9396,0.1125,1.5310,-0.5861,1.0415,-0.3862,0.6063,-3.3481,1.8326,9.7589,0.0014,0.0191,-0.0073,0.9998,-0.0787,0.0461,0.2456
2078,Pelvis,2,-0.4458,-0.5318,-0.3786,0.6125,-0.4831,-0.1880,-0.0879,1.4718,-0.2865,1.4281,11.3316,-0.3371,-0.2898,-0.0060,-0.0024,-0.0011,1.0000,0.2833,-0.0088,-0.0065
2079,Left,2,0.0210,-0.1805,0.2745,-0.9443,0.3165,2.2245,0.3102,-3.4052,6.2794,7.2653,-11.2005,1.1168,14.6995,0.0040,0.0278,0.0039,0.9996,-0.2698,0.0254,0.3752
2079,Right,2,-0.1415,-0.2256,0.2514,-0.9305,0.2158,2.3996,-0.7463,1.1475,-1.4210,0.5598,-3.3282,0.9905,9.9449,0.0027,0.0300,-0.0093,0.9995,-0.0755,0.0248,0.2510
2079,Pelvis,2,-0.4480,-0.5341,-0.3821,0.6066,-0.3994,-0.2966,-0.3420,0.1571,0.5559,2.0644,11.7845,-1.3347,0.8630,-0.0050,-0.0037,-0.0043,1.0000,0.2944,-0.0345,0.0228
2080,Left,2,0.0118,-0.1992,0.2731,-0.9410,0.2720,1.6587,0.1962,-4.1494,1.7182,4.5953,-9.1561,-2.6004,11.7130,0.0034,0.0207,0.0025,0.9998,-0.2226,-0.0666,0.2973
2080,Right,2,-0.1556,-0.2688,0.2548,-0.9158,0.4193,3.7221,-0.7835,2.3170,-1.2772,0.7657,-3.3880,1.7776,10.2154,0.0052,0.0465,-0.0098,0.9989,-0.0723,0.0438,0.2592
2080,Pelvis,2,-0.4486,-0.5366,-0.3850,0.6022,-0.2284,-0.2085,-0.3349,-1.8711,0.7960,1.8950,11.3683,-3.0594,1.6147,-0.0029,-0.0026,-0.0042,1.0000,0.2838,-0.0776,0.0413
2081,Left,2,0.0025,-0.2023,0.2732,-0.9404,0.6389,0.4432,0.1274,-2.2475,2.2072,3.1287,-7.7113,-0.8643,10.8257,0.0080,0.0055,0.0016,1.0000,-0.1912,-0.0241,0.2715
2081,Right,2,-0.1760,-0.3308,0.2578,-0.8906,0.6221,5.4682,-1.0580,3.4172,-0.9009,1.3021,-4.2947,2.8178,10.4818,0.0078,0.0683,-0.0132,0.9975,-0.0882,0.0696,0.2691
2082,Left,2,-0.0014,-0.1980,0.2744,-0.9410,0.4135,-0.2566,-0.0170,-1.7031,1.3912,1.9533,-6.4569,-0.9963,10.0296,0.0052,-0.0032,-0.0002,1.0000,-0.1622,-0.0262,0.2501
2082,Right,2,-0.1987,-0.4109,0.2617,-0.8504,0.6411,7.1986,-1.6281,4.6471,-0.5225,1.4767,-5.5119,3.8545,10.2227,0.0080,0.0899,-0.0203,0.9957,-0.1121,0.0967,0.2672
2082,Pelvis,2,-0.4521,-0.5375,-0.3880,0.5969,-0.2320,-0.1287,-0.0951,-0.5998,1.1941,1.2528,10.9270,-1.5960,1.5117,-0.0058,-0.0032,-0.0024,1.0000,0.5459,-0.0807,0.0778
2083,Left,2,-0.0021,-0.1941,0.2762,-0.9413,0.1707,-0.2851,-0.1152,-0.2510,0.9711,0.6813,-4.5800,-0.4048,9.4863,0.0021,-0.0036,-0.0014,1.0000,-0.1154,-0.0105,0.2367
2083,Right,2,-0.2161,-0.4950,0.2686,-0.7976,0.5015,7.7281,-2.3411,6.0247,-1.7789,5.0108,-9.6037,3.9182,12.3491,0.0063,0.0964,-0.0292,0.9949,-0.2059,0.1023,0.3304
2083,Pelvis,2,-0.4533,-0.5361,-0.3915,0.5948,-0.3315,0.0873,-0.1242,-0.8342,2.2016,2.1631,11.8347,-1.6111,2.5115,-0.0041,0.0011,-0.0016,1.0000,0.2959,-0.0405,0.0626
2084,Left,2,-0.0011,-0.1928,0.2776,-0.9412,-0.0174,-0.1234,-0.1267,-0.3390,0.1582,0.2159,-4.0063,-1.0875,9.1367,-0.0002,-0.0015,-0.0016,1.0000,-0.1006,-0.0270,0.2283
2084,Right,2,-0.2248,-0.5634,0.2794,-0.7443,0.4484,6.4794,-2.6691,8.5950,-1.1437,9.3998,-15.3560,5.7588,13.2843,0.0056,0.0809,-0.0333,0.9962,-0.3503,0.1541,0.3623
2084,Pelvis,2,-0.4521,-0.5341,-0.3970,0.5940,-0.2688,0.3045,-0.2646,-1.6625,1.9876,0.8794,10.4561,-2.2721,2.5580,-0.0034,0.0038,-0.0033,1.0000,0.2615,-0.0575,0.0631
2085,Left,2,-0.0005,-0.1918,0.2784,-0.9411,0.0017,-0.0935,-0.0751,-0.4137,-0.1220,0.0197,-3.8201,-1.3561,8.9683,0.0000,-0.0012,-0.0009,1.0000,-0.0958,-0.0338,0.2241
2085,Right,2,-0.2181,-0.6103,0.2930,-0.7030,-0.0818,4.2756,-2.8738,13.1330,-1.1576,1.9924,-9.4358,7.8353,12.7743,-0.0010,0.0534,-0.0359,0.9979,-0.2112,0.2041,0.3309
2085,Pelvis,2,-0.4489,-0.5326,-0.4029,0.5937,-0.1616,0.3860,-0.3757,-1.5517,1.2854,-0.7907,8.8010,-2.1077,1.8862,-0.0020,0.0048,-0.0047,1.0000,0.2200,-0.0536,0.0462
2086,Left,2,-0.0007,-0.1907,0.2789,-0.9412,0.0505,-0.0850,-0.0332,-0.3432,0.0728,0.0170,-3.8462,-1.1550,8.9788,0.0006,-0.0011,-0.0004,1.0000,-0.0964,-0.0290,0.2243
2086,Right,2,-0.2129,-0.6260,0.3098,-0.6833,0.5116,1.4348,-1.9372,14.2474,-8.9216,4.8525,-12.3552,2.2021,18.4454,0.0064,0.0179,-0.0242,0.9995,-0.2991,0.0594,0.4669
2086,Pelvis,2,-0.4464,-0.5315,-0.4069,0.5939,-0.0774,0.2927,-0.2455,-1.3639,0.5436,-0.7900,8.8252,-2.0664,1.1882,-0.0010,0.0037,-0.0031,1.0000,0.2206,-0.0523,0.0289
2087,Left,2,-0.0009,-0.1899,0.2794,-0.9412,0.0494,-0.0644,-0.0369,-0.2313,0.2606,0.0716,-3.8616,-0.9369,9.0572,0.0006,-0.0008,-0.0005,1.0000,-0.0967,-0.0235,0.2263
2087,Right,2,-0.2136,-0.6033,0.3338,-0.6921,1.6605,-2.0567,-0.6769,10.9816,-1.7699,-9.6986,0.6168,6.4889,9.0159,0.0208,-0.0257,-0.0085,0.9994,0.0109,0.1574,0.2290
2087,Pelvis,2,-0.4457,-0.5302,-0.4074,0.5952,0.0133,0.1689,0.0428,-1.3620,0.0050,-0.4437,9.1739,-2.2227,0.7299,0.0002,0.0021,0.0005,1.0000,0.2294,-0.0554,0.0178
2088,Left,2,-0.0008,-0.1899,0.2801,-0.9410,0.0083,-0.0006,-0.0604,-0.1104,0.2539,-0.0002,-3.7318,-0.8709,9.0376,0.0001,-0.0000,-0.0008,1.0000,-0.0933,-0.0217,0.2259
2088,Right,2,-0.2124,-0.5825,0.3490,-0.7027,1.0545,-1.9388,-0.2602,7.9027,-0.4534,-9.5818,0.3814,5.4301,5.7523,0.0132,-0.0242,-0.0033,0.9996,0.0065,0.1338,0.1458
2088,Pelvis,2,-0.4461,-0.5282,-0.4060,0.5976,0.0654,0.1432,0.2268,-1.2421,0.1168,-0.2755,9.3424,-2.1247,0.8483,0.0008,0.0018,0.0028,1.0000,0.2337,-0.0525,0.0207
2089,Left,2,-0.0004,-0.1907,0.2808,-0.9406,-0.0299,0.0524,-0.0713,-0.1494,0.2106,-0.0556,-3.7248,-0.9322,8.9735,-0.0004,0.0007,-0.0009,1.0000,-0.0930,-0.0231,0.2244
2089,Right,2,-0.2117,-0.5559,0.3565,-0.7205,0.7492,-2.4594,0.4948,8.0723,-1.5236,-7.5903,-0.9030,4.7755,6.9873,0.0094,-0.0307,0.0062,0.9995,-0.0287,0.1176,0.1750
2089,Pelvis,2,-0.4465,-0.5265,-0.4043,0.6000,0.0770,0.1162,0.2391,-0.8996,0.0566,-0.1408,9.5015,-1.8810,0.7361,0.0010,0.0015,0.0030,1.0000,0.2377,-0.0463,0.0180
2090,Left,2,-0.0000,-0.1916,0.2812,-0.9403,-0.0330,0.0524,-0.0441,-0.3021,0.0445,-0.0919,-3.7530,-1.1627,8.8967,-0.0004,0.0007,-0.0006,1.0000,-0.0937,-0.0289,0.2225
2090,Right,2,-0.2124,-0.5199,0.3571,-0.7464,0.6656,-3.1976,1.3400,7.4256,-2.2788,-6.0191,-1.6584,3.8164,7.5801,0.0083,-0.0400,0.0167,0.9990,-0.0506,0.0930,0.1884
2090,Pelvis,2,-0.4459,-0.5245,-0.4040,0.6025,0.0668,0.2184,0.1407,-0.6600,0.0982,-0.8014,8.8622,-1.6106,0.7195,0.0008,0.0027,0.0018,1.0000,0.2217,-0.0399,0.0173
2091,Left,2,0.0000,-0.1919,0.2813,-0.9402,-0.0012,0.0231,-0.0147,-0.3997,0.0157,-0.0931,-3.8211,-1.2464,8.8586,-0.0000,0.0003,-0.0002,1.0000,-0.0955,-0.0311,0.2215
2091,Right,2,-0.2134,-0.4751,0.3539,-0.7769,0.6914,-3.8438,1.8564,5.8568,-3.1235,-4.4530,-2.3704,2.2118,7.8958,0.0086,-0.0480,0.0232,0.9985,-0.0699,0.0521,0.1947
2091,Pelvis,2,-0.4449,-0.5230,-0.4040,0.6044,0.0696,0.1967,0.0717,-0.4167,-0.0860,-1.2081,8.4849,-1.4053,0.5009,0.0009,0.0025,0.0009,1.0000,0.2122,-0.0350,0.0120
2092,Left,2,-0.0001,-0.1919,0.2814,-0.9402,0.0171,-0.0073,-0.0032,-0.2995,0.1499,-0.0633,-3.8287,-1.0842,8.9067,0.0002,-0.0001,-0.0000,1.0000,-0.0957,-0.0271,0.2227
2092,Right,2,-0.2142,-0.4230,0.3502,-0.8078,0.8586,-4.3006,2.0228,4.6145,-3.6621,-2.2464,-3.5811,1.2213,8.8173,0.0107,-0.0537,0.0253,0.9982,-0.1019,0.0257,0.2155
2092,Pelvis,2,-0.4441,-0.5220,-0.4040,0.6059,0.0555,0.1470,0.0509,-0.4477,-0.3636,-1.4525,8.2412,-1.4961,0.2653,0.0007,0.0018,0.0006,1.0000,0.2061,-0.0373,0.0062
2093,Left,2,0.0000,-0.1918,0.2814,-0.9402,-0.0008,-0.0092,-0.0025,-0.1669,0.1731,-0.0935,-3.7276,-0.9911,8.9243,-0.0000,-0.0001,-0.0000,1.0000,-0.0932,-0.0248,0.2231
2093,Right,2,-0.2139,-0.3642,0.3471,-0.8373,1.0191,-4.7347,2.0166,3.5271,-3.6981,1.1806,-5.6968,1.0220,10.6619,0.0127,-0.0591,0.0252,0.9979,-0.1584,0.0184,0.2577
2093,Pelvis,2,-0.4439,-0.5215,-0.4037,0.6066,0.0307,0.0495,0.0485,-0.4894,-0.5206,-1.0241,8.6621,-1.6398,0.1723,0.0004,0.0006,0.0006,1.0000,0.2166,-0.0409,0.0042
2094,Left,2,0.0001,-0.1919,0.2811,-0.9403,-0.0052,-0.0062,0.0133,-0.1668,0.0883,-0.1623,-3.6574,-1.0566,8.8698,-0.0001,-0.0001,0.0002,1.0000,-0.0914,-0.0264,0.2217
2094,Right,2,-0.2123,-0.2992,0.3453,-0.8638,1.1997,-5.1195,1.9238,1.2581,-2.9446,4.0534,-7.8877,0.8008,11.8317,0.0150,-0.0639,0.0240,0.9976,-0.2159,0.0107,0.2826
2094,Pelvis,2,-0.4442,-0.5213,-0.4035,0.6068,-0.0088,0.0152,0.0300,-0.3322,-0.8089,-1.0058,8.7066,-1.5815,-0.1407,-0.0001,0.0002,0.0004,1.0000,0.2177,-0.0395,-0.0036
2095,Left,2,0.0001,-0.1919,0.2806,-0.9405,0.0040,-0.0060,0.0456,-0.1905,0.0525,-0.1680,-3.6554,-1.0975,8.8597,0.0000,-0.0001,0.0006,1.0000,-0.0914,-0.0275,0.2215
2095,Right,2,-0.2151,-0.2331,0.3427,-0.8843,1.6085,-4.9145,1.9292,-1.9638,-1.5891,7.4942,-11.0587,0.8345,13.5427,0.0201,-0.0614,0.0241,0.9976,-0.2968,0.0073,0.3210
2095,Pelvis,2,-0.4442,-0.5212,-0.4040,0.6065,-0.0367,0.0166,-0.0280,-0.1216,-0.9656,-1.1618,8.5837,-1.4065,-0.3577,-0.0005,0.0002,-0.0004,1.0000,0.2146,-0.0352,-0.0090
2096,Left,2,-0.0003,-0.1916,0.2795,-0.9408,0.0272,-0.0252,0.0938,-0.2509,0.1135,-0.1389,-3.7441,-1.0725,8.8595,0.0003,-0.0003,0.0012,1.0000,-0.0936,-0.0270,0.2214
2096,Right,2,-0.2175,-0.1643,0.3346,-0.9021,1.6042,-4.9698,2.2847,-5.3840,1.9192,12.7891,-16.0760,3.2817,16.5898,0.0200,-0.0621,0.0285,0.9975,-0.4286,0.0621,0.3900
2096,Pelvis,2,-0.4439,-0.5214,-0.4050,0.6059,-0.0330,0.0191,-0.0894,-0.3465,-1.1927,-1.0956,8.6285,-1.6791,-0.5095,-0.0004,0.0002,-0.0011,1.0000,0.2157,-0.0422,-0.0128
2097,Left,2,-0.0007,-0.1912,0.2783,-0.9413,0.0256,-0.0336,0.1060,-0.2455,0.1581,-0.0661,-3.7870,-1.0259,8.9268,0.0003,-0.0004,0.0013,1.0000,-0.0947,-0.0258,0.2231
2097,Right,2,-0.2112,-0.1025,0.3172,-0.9189,0.6820,-4.5287,2.6938,-11.4457,6.5318,12.1281,-20.5259,3.7604,14.8517,0.0085,-0.0566,0.0336,0.9978,-0.5358,0.0732,0.3421
2098,Left,2,-0.0011,-0.1912,0.2771,-0.9416,0.0184,0.0017,0.0978,-0.2491,-0.0600,-0.0748,-3.6729,-1.1982,8.9424,0.0002,0.0000,0.0012,1.0000,-0.0918,-0.0301,0.2236
2098,Right,2,-0.1910,-0.0478,0.2933,-0.9355,-0.5650,-4.2497,2.9382,-17.4439,10.9524,4.2565,-23.5731,2.2257,7.8982,-0.0071,-0.0531,0.0367,0.9979,-0.6002,0.0350,0.1655
2098,Pelvis,2,-0.4408,-0.5253,-0.4075,0.6031,0.0346,-0.0542,-0.2372,-0.5750,-1.2046,-1.5264,8.1845,-1.7927,-0.4955,0.0009,-0.0014,-0.0059,1.0000,0.4087,-0.0920,-0.0243
2099,Left,2,-0.0021,-0.1921,0.2760,-0.9418,0.0428,0.0757,0.1027,-0.1158,-0.3963,-0.1153,-3.3932,-1.3947,8.9862,0.0005,0.0009,0.0013,1.0000,-0.0846,-0.0351,0.2247
2099,Right,2,-0.1612,-0.0097,0.2727,-0.9484,-1.6061,-3.2694,2.3138,-16.5694,11.9253,-12.3081,-19.7533,-0.5213,-5.7366,-0.0201,-0.0408,0.0289,0.9985,-0.4867,-0.0303,-0.1629
2100,Left,2,-0.0034,-0.1945,0.2754,-0.9415,0.0490,0.2135,0.0568,0.2275,-0.0864,-0.0882,-3.3346,-0.9404,9.0896,0.0006,0.0027,0.0007,1.0000,-0.0827,-0.0237,0.2274
2100,Right,2,-0.1676,0.0132,0.2579,-0.9514,0.9403,-1.4033,1.4923,-21.4167,5.5252,-19.5606,-20.3747,-9.3942,-8.9989,0.0118,-0.0175,0.0187,0.9996,-0.5008,-0.2415,-0.2366
2100,Pelvis,2,-0.4379,-0.5318,-0.4067,0.6000,0.1372,-0.1768,-0.2108,-0.0707,-0.5836,0.1925,9.9484,-1.2160,0.0104,0.0034,-0.0044,-0.0053,1.0000,0.4971,-0.0634,0.0025
2101,Left,2,-0.0047,-0.2010,0.2748,-0.9403,-0.0485,0.5299,0.0323,0.3690,-0.1537,0.0172,-3.3169,-0.9324,9.2150,-0.0006,0.0066,0.0004,1.0000,-0.0814,-0.0232,0.2309
2101,Right,2,-0.1680,0.0079,0.2488,-0.9538,-0.0996,0.5422,0.6784,-14.5195,10.0502,-14.4486,-17.2385,-0.2709,-6.0074,-0.0012,0.0068,0.0085,0.9999,-0.4319,-0.0106,-0.1472
2101,Pelvis,2,-0.4375,-0.5336,-0.4065,0.5989,0.0452,-0.1145,-0.1057,-0.6599,-1.7133,-0.2130,9.5163,-1.9994,-0.9833,0.0006,-0.0014,-0.0013,1.0000,0.2379,-0.0503,-0.0243
2102,Left,2,-0.0071,-0.2124,0.2738,-0.9380,-0.0805,0.9448,0.0618,0.2171,-0.1589,0.2115,-3.6779,-1.0475,9.2702,-0.0010,0.0118,0.0008,0.9999,-0.0892,-0.0260,0.2328
2102,Right,2,-0.1559,-0.0191,0.2385,-0.9584,-1.5043,1.9548,0.5331,-12.9587,4.4919,-7.1805,-13.7419,-1.5316,1.9734,-0.0188,0.0244,0.0067,0.9995,-0.3419,-0.0395,0.0584
2102,Pelvis,2,-0.4364,-0.5362,-0.4052,0.5983,0.1726,-0.1442,-0.0999,-0.9867,-2.8683,-0.3117,9.4086,-2.6144,-2.0278,0.0022,-0.0018,-0.0012,1.0000,0.2352,-0.0655,-0.0504
2103,Left,2,-0.0111,-0.2291,0.2721,-0.9345,-0.0837,1.3973,0.0999,0.3511,0.0382,0.4453,-4.0479,-0.8477,9.3946,-0.0010,0.0175,0.0012,0.9998,-0.0970,-0.0211,0.2366
2103,Right,2,-0.1489,-0.0442,0.2298,-0.9608,-1.0482,1.8881,0.3921,7.0605,-8.8981,9.8791,7.5828,1.2053,21.4003,-0.0131,0.0236,0.0049,0.9996,0.2019,0.0381,0.5299
2103,Pelvis,2,-0.4348,-0.5415,-0.4009,0.5975,0.4024,-0.3771,-0.0728,-1.8007,-2.8611,-0.0125,9.6211,-3.4076,-1.8152,0.0050,-0.0047,-0.0009,1.0000,0.2407,-0.0852,-0.0447
2104,Left,2,-0.0174,-0.2556,0.2687,-0.9285,-0.1598,2.2256,0.2140,1.6871,-1.0036,0.3826,-2.9435,-1.0606,9.9013,-0.0020,0.0278,0.0027,0.9996,-0.0666,-0.0262,0.2495
2104,Right,2,-0.1575,-0.0691,0.2310,-0.9576,0.2490,2.0709,-0.4079,-1.1985,-8.3262,-6.2800,1.8390,-6.6545,5.9653,0.0031,0.0259,-0.0051,0.9996,0.0490,-0.1671,0.1474
2104,Pelvis,2,-0.4344,-0.5477,-0.3929,0.5975,0.5638,-0.5547,0.1408,-1.2041,-0.8846,1.7676,11.4217,-2.4212,-0.1385,0.0070,-0.0069,0.0018,0.9999,0.2857,-0.0600,-0.0019
2105,Left,2,-0.0297,-0.2987,0.2612,-0.9174,-0.1381,3.6993,0.5124,2.3544,-1.6346,0.2832,-2.8555,-1.2648,10.0234,-0.0017,0.0462,0.0064,0.9989,-0.0595,-0.0316,0.2536
2105,Right,2,-0.1665,-0.1011,0.2387,-0.9514,0.2315,2.5530,-1.0499,-8.8179,2.2162,7.2073,-12.7157,2.2452,14.3443,0.0029,0.0319,-0.0131,0.9994,-0.3055,0.0591,0.3687
2105,Pelvis,2,-0.4366,-0.5519,-0.3830,0.5984,0.4903,-0.5629,0.4485,0.4475,0.6817,2.1980,12.0084,-0.4914,0.6942,0.0061,-0.0070,0.0056,0.9999,0.3001,-0.0107,0.0194
2106,Left,2,-0.0498,-0.3639,0.2500,-0.8959,-0.0997,5.7508,0.6932,3.2469,-2.6792,0.3141,-3.0199,-1.7144,10.4127,-0.0012,0.0718,0.0087,0.9974,-0.0562,-0.0431,0.2649
2106,Right,2,-0.1641,-0.1254,0.2441,-0.9475,-0.5404,1.7514,-0.8163,-1.7502,9.0132,5.6655,-9.8614,10.6167,10.6757,-0.0068,0.0219,-0.0102,0.9997,-0.2379,0.2697,0.2704
2106,Pelvis,2,-0.4416,-0.5532,-0.3757,0.5982,0.1192,-0.4674,0.5183,1.1147,2.7797,2.2011,12.1465,0.6790,2.3033,0.0015,-0.0058,0.0065,1.0000,0.3032,0.0189,0.0594
2107,Left,2,-0.0807,-0.4527,0.2314,-0.8573,0.0595,8.1886,1.1079,3.6114,-3.2657,0.5302,-4.5659,-1.9912,10.3119,0.0007,0.1022,0.0138,0.9947,-0.0864,-0.0513,0.2676
2107,Right,2,-0.1536,-0.1377,0.2460,-0.9471,-0.9962,0.7026,-0.4110,-4.9723,-1.2603,3.4493,-8.0097,-0.4227,11.7421,-0.0125,0.0088,-0.0051,0.9999,-0.1977,-0.0059,0.2954
2107,Pelvis,2,-0.4463,-0.5530,-0.3712,0.5976,-0.0586,-0.3041,0.4114,0.0281,1.5870,1.4685,11.2764,-0.7838,1.4196,-0.0007,-0.0038,0.0051,1.0000,0.2819,-0.0181,0.0366
2108,Left,2,-0.1192,-0.5483,0.2039,-0.8022,0.2331,9.4697,1.6451,5.2889,-5.2637,3.2393,-7.9633,-2.8951,12.4629,0.0029,0.1181,0.0205,0.9928,-0.1590,-0.0769,0.3318
2108,Right,2,-0.1448,-0.1410,0.2473,-0.9476,-0.7200,0.0477,-0.2160,-1.7913,0.6049,1.3944,-5.5462,1.9924,9.7184,-0.0090,0.0006,-0.0027,1.0000,-0.1384,0.0524,0.2426
2109,Left,2,-0.1484,-0.6281,0.1735,-0.7439,-0.1988,8.4656,1.5306,6.6596,-2.9522,12.0904,-19.1638,0.0271,12.9456,-0.0025,0.1056,0.0191,0.9942,-0.4413,-0.0071,0.3717
2109,Right,2,-0.1402,-0.1408,0.2476,-0.9483,-0.3373,-0.1239,-0.0556,-1.4378,-0.4475,0.7152,-4.5690,1.0041,9.5509,-0.0042,-0.0015,-0.0007,1.0000,-0.1146,0.0262,0.2385
2109,Pelvis,2,-0.4476,-0.5526,-0.3596,0.6041,0.3358,-0.0676,0.4091,-1.3649,2.2395,1.5262,11.1946,-2.0376,2.4457,0.0084,-0.0017,0.0102,0.9999,0.5605,-0.0972,0.1224
2110,Left,2,-0.1669,-0.6791,0.1459,-0.6998,-0.4683,5.8441,1.3506,7.9950,-6.6834,2.2801,-11.1371,-2.2887,11.2262,-0.0058,0.0730,0.0169,0.9972,-0.2560,-0.0599,0.3003
2110,Right,2,-0.1389,-0.1402,0.2474,-0.9486,-0.0751,-0.0851,0.0226,-0.6058,0.1555,0.4375,-4.0157,1.8238,9.2739,-0.0009,-0.0011,0.0003,1.0000,-0.1007,0.0458,0.2317
2110,Pelvis,2,-0.4477,-0.5503,-0.3521,0.6105,0.4931,0.1364,0.6272,0.3132,2.1097,0.5721,10.4383,-0.5521,1.7698,0.0062,0.0017,0.0078,0.9999,0.2611,-0.0120,0.0437
2111,Left,2,-0.1781,-0.7158,0.1187,-0.6647,-0.8024,4.4631,1.2327,9.4004,-7.2037,-1.2344,-9.0823,-2.1271,11.2727,-0.0100,0.0558,0.0154,0.9983,-0.2100,-0.0536,0.2944
2111,Right,2,-0.1387,-0.1400,0.2473,-0.9487,-0.0088,-0.0240,0.0202,-0.2524,0.2546,0.1851,-3.6664,2.0265,9.0849,-0.0001,-0.0003,0.0003,1.0000,-0.0917,0.0507,0.2271
2111,Pelvis,2,-0.4481,-0.5476,-0.3471,0.6156,0.3071,0.1696,0.4962,1.5839,1.6459,0.8415,10.8536,0.2791,0.9226,0.0038,0.0021,0.0062,1.0000,0.2713,0.0086,0.0225
2112,Left,2,-0.1691,-0.7065,0.1090,-0.6785,-1.1350,-1.2208,0.2681,17.7275,-15.5496,2.6768,-14.5499,-6.2299,21.4847,-0.0142,-0.0153,0.0034,0.9998,-0.3714,-0.1494,0.5336
2112,Right,2,-0.1389,-0.1404,0.2471,-0.9487,0.0179,0.0292,0.0206,-0.2824,0.1092,0.0256,-3.5776,1.8578,8.9796,0.0002,0.0004,0.0003,1.0000,-0.0894,0.0464,0.2245
2112,Pelvis,2,-0.4470,-0.5460,-0.3471,0.6177,0.0832,0.2087,0.0675,2.1958,1.3156,0.2854,10.3815,0.7455,0.4399,0.0010,0.0026,0.0008,1.0000,0.2595,0.0188,0.0103
2113,Left,2,-0.1578,-0.6768,0.1160,-0.7096,-0.3738,-3.5465,-0.3439,4.6399,-5.2172,-12.0919,1.9911,-3.1935,6.3097,-0.0047,-0.0443,-0.0043,0.9990,0.0424,-0.0793,0.1601
2113,Right,2,-0.1395,-0.1411,0.2467,-0.9486,0.0441,0.0571,0.0338,-0.3819,0.0658,0.0169,-3.6503,1.7752,8.9607,0.0006,0.0007,0.0004,1.0000,-0.0911,0.0442,0.2241
2113,Pelvis,2,-0.4457,-0.5478,-0.3501,0.6154,-0.0966,-0.0339,-0.3390,1.7614,1.0757,-0.0712,9.9436,0.3557,0.3939,-0.0012,-0.0004,-0.0042,1.0000,0.2486,0.0079,0.0099
2114,Left,2,-0.1414,-0.6485,0.1221,-0.7379,-0.6902,-3.3507,-0.6011,4.6014,-3.3710,-8.8007,-0.6661,-1.3589,5.5939,-0.0086,-0.0419,-0.0075,0.9991,-0.0227,-0.0326,0.1393
2114,Right,2,-0.1407,-0.1417,0.2462,-0.9484,0.0814,0.0719,0.0544,-0.3459,0.0514,-0.0743,-3.5980,1.7782,8.8798,0.0010,0.0009,0.0007,1.0000,-0.0898,0.0442,0.2221
2114,Pelvis,2,-0.4433,-0.5493,-0.3548,0.6131,-0.1248,0.0652,-0.4541,0.6743,0.7230,-0.9359,8.9039,-0.5358,0.4577,-0.0016,0.0008,-0.0057,1.0000,0.2225,-0.0146,0.0113
2115,Left,2,-0.1227,-0.6135,0.1333,-0.7686,-0.5239,-3.9472,-0.9357,4.8646,-5.0147,-5.1554,-3.6292,-2.7532,7.0576,-0.0065,-0.0493,-0.0117,0.9987,-0.1001,-0.0666,0.1721
2115,Right,2,-0.1418,-0.1423,0.2455,-0.9484,0.0809,0.0669,0.0662,-0.2519,0.1252,-0.1605,-3.5364,1.8907,8.7843,0.0010,0.0008,0.0008,1.0000,-0.0883,0.0470,0.2197
2115,Pelvis,2,-0.4414,-0.5501,-0.3577,0.6121,-0.0508,0.0832,-0.2817,-0.2853,0.5330,-0.8399,8.8569,-1.4224,0.6386,-0.0006,0.0010,-0.0035,1.0000,0.2213,-0.0363,0.0158
2116,Left,2,-0.1057,-0.5670,0.1529,-0.8025,0.0899,-4.8826,-1.2170,5.3002,-4.0779,-3.1224,-4.6767,-1.8285,8.0240,0.0011,-0.0610,-0.0152,0.9980,-0.1295,-0.0440,0.1929
2116,Right,2,-0.1427,-0.1427,0.2448,-0.9483,0.0614,0.0459,0.0647,-0.2667,0.1524,-0.1286,-3.5828,1.9306,8.7928,0.0008,0.0006,0.0008,1.0000,-0.0895,0.0480,0.2199
2116,Pelvis,2,-0.4399,-0.5495,-0.3595,0.6126,0.0018,0.1625,-0.1207,-0.2050,0.2492,-0.9637,8.7378,-1.3870,0.3688,0.0000,0.0020,-0.0015,1.0000,0.2184,-0.0350,0.0088
2117,Left,2,-0.0863,-0.5118,0.1738,-0.8369,0.0998,-5.4991,-1.3213,5.4207,-1.9158,-1.8670,-4.9981,0.0856,8.4470,0.0012,-0.0687,-0.0165,0.9975,-0.1390,0.0041,0.2019
2117,Right,2,-0.1435,-0.1429,0.2442,-0.9483,0.0672,0.0275,0.0617,-0.2919,0.0970,-0.1025,-3.5968,1.8931,8.8239,0.0008,0.0003,0.0008,1.0000,-0.0899,0.0471,0.2207
2117,Pelvis,2,-0.4388,-0.5487,-0.3607,0.6135,0.0065,0.1585,-0.0511,0.0511,0.0217,-1.5420,8.1929,-1.1296,0.0924,0.0001,0.0020,-0.0006,1.0000,0.2048,-0.0284,0.0019
2118,Left,2,-0.0637,-0.4518,0.1902,-0.8693,-0.2228,-5.7478,-1.1574,4.9994,-0.9167,0.4924,-6.2047,0.5805,9.6655,-0.0028,-0.0718,-0.0145,0.9973,-0.1717,0.0176,0.2296
2118,Right,2,-0.1450,-0.1429,0.2437,-0.9482,0.1139,0.0287,0.0595,-0.3155,0.0981,-0.0607,-3.6370,1.9128,8.8501,0.0014,0.0004,0.0007,1.0000,-0.0909,0.0474,0.2214
2118,Pelvis,2,-0.4377,-0.5480,-0.3617,0.6142,0.0162,0.1381,-0.0537,0.2997,-0.3914,-1.3230,8.4296,-1.0670,-0.3497,0.0002,0.0017,-0.0007,1.0000,0.2107,-0.0268,-0.0091
2119,Left,2,-0.0383,-0.3880,0.2003,-0.8988,-0.5781,-5.9216,-0.8391,3.8287,0.2405,4.5509,-8.8587,0.6458,11.9394,-0.0072,-0.0739,-0.0105,0.9972,-0.2425,0.0207,0.2809
2119,Right,2,-0.1470,-0.1429,0.2432,-0.9481,0.1639,0.0409,0.0693,-0.3527,0.0189,-0.1661,-3.6059,1.8390,8.7634,0.0020,0.0005,0.0009,1.0000,-0.0901,0.0454,0.2192
2119,Pelvis,2,-0.4367,-0.5472,-0.3623,0.6153,0.0400,0.1444,-0.0154,0.5851,-0.6084,-1.2193,8.5663,-0.8882,-0.6233,0.0005,0.0018,-0.0002,1.0000,0.2141,-0.0222,-0.0160
2120,Left,2,-0.0060,-0.3264,0.2019,-0.9234,-1.3544,-5.6919,-0.5290,0.6851,2.4149,7.9124,-12.1105,0.6456,13.1899,-0.0169,-0.0711,-0.0066,0.9973,-0.3250,0.0236,0.3068
2120,Right,2,-0.1491,-0.1429,0.2429,-0.9478,0.1704,0.0331,0.0517,-0.2738,0.0720,-0.3105,-3.5197,1.9314,8.6170,0.0021,0.0004,0.0006,1.0000,-0.0879,0.0478,0.2156
2120,Pelvis,2,-0.4360,-0.5463,-0.3623,0.6166,0.0536,0.1300,0.0339,0.5523,-0.8095,-1.0025,8.7719,-1.0237,-0.7657,0.0007,0.0016,0.0004,1.0000,0.2193,-0.0255,-0.0195
2121,Left,2,0.0347,-0.2648,0.2070,-0.9412,-1.8765,-5.6472,-1.1222,-8.8898,3.4709,14.4130,-21.1877,-3.7200,14.7104,-0.0234,-0.0705,-0.0140,0.9971,-0.5551,-0.0773,0.3311
2121,Right,2,-0.1501,-0.1426,0.2432,-0.9476,0.0992,-0.0097,-0.0041,-0.1788,0.0689,-0.3767,-3.4194,1.9904,8.5686,0.0012,-0.0001,-0.0001,1.0000,-0.0855,0.0495,0.2143
2121,Pelvis,2,-0.4351,-0.5451,-0.3623,0.6182,0.0690,0.1571,0.0557,0.8401,-0.6952,-1.0154,8.8045,-0.7265,-0.7310,0.0009,0.0020,0.0007,1.0000,0.2201,-0.0180,-0.0187
2122,Left,2,0.0621,-0.2066,0.2268,-0.9497,-0.6483,-4.9428,-2.0865,-17.4377,6.8957,7.5545,-24.2452,-3.9202,7.1428,-0.0081,-0.0617,-0.0261,0.9977,-0.6179,-0.0807,0.1413
2122,Right,2,-0.1496,-0.1424,0.2443,-0.9475,-0.0075,-0.0458,-0.0791,0.1591,0.1658,-0.3682,-3.1773,2.2468,8.6086,-0.0001,-0.0006,-0.0010,1.0000,-0.0795,0.0563,0.2152
2122,Pelvis,2,-0.4358,-0.5435,-0.3620,0.6194,-0.0294,0.1087,0.1291,1.2893,-0.0918,-1.5643,8.3429,-0.0372,-0.3162,-0.0004,0.0014,0.0016,1.0000,0.2086,-0.0006,-0.0082
2123,Left,2,0.0712,-0.1569,0.2493,-0.9530,0.6094,-3.8674,-2.0504,-21.4103,12.0210,-2.6291,-25.5777,-0.1739,-0.9588,0.0076,-0.0483,-0.0256,0.9985,-0.6371,0.0123,-0.0548
2123,Right,2,-0.1474,-0.1420,0.2459,-0.9474,-0.1348,-0.1012,-0.1396,0.4341,0.2974,-0.2953,-3.0195,2.4844,8.6930,-0.0017,-0.0013,-0.0017,1.0000,-0.0757,0.0626,0.2171
2123,Pelvis,2,-0.4394,-0.5414,-0.3609,0.6193,-0.1952,-0.0333,0.2866,1.7124,-0.4786,-1.6468,8.3144,0.1853,-0.8241,-0.0024,-0.0004,0.0036,1.0000,0.2079,0.0053,-0.0205
2124,Left,2,0.0659,-0.1183,0.2644,-0.9549,1.3846,-2.7684,-1.2614,-19.7619,10.6472,-11.9292,-21.3500,0.2496,-7.2639,0.0173,-0.0346,-0.0158,0.9991,-0.5268,0.0179,-0.1997
2124,Right,2,-0.1436,-0.1423,0.2480,-0.9474,-0.2551,-0.0847,-0.1932,0.4965,0.1683,-0.3185,-2.8966,2.3455,8.7478,-0.0032,-0.0011,-0.0024,1.0000,-0.0725,0.0595,0.2184
2124,Pelvis,2,-0.4446,-0.5391,-0.3602,0.6180,-0.3369,-0.1135,0.3012,0.6186,-1.1579,0.8051,10.5421,-1.5035,-1.0312,-0.0042,-0.0014,0.0038,1.0000,0.2637,-0.0367,-0.0253
2125,Left,2,0.0715,-0.1031,0.2678,-0.9553,-0.0608,-1.2632,-0.3872,-14.9106,13.5544,-16.0906,-18.4330,5.3474,-8.7823,-0.0008,-0.0158,-0.0048,0.9999,-0.4566,0.1357,-0.2269
2125,Right,2,-0.1395,-0.1439,0.2503,-0.9472,-0.3058,0.0089,-0.2324,0.4017,0.1262,-0.2711,-2.9800,2.1911,8.8056,-0.0038,0.0001,-0.0029,1.0000,-0.0743,0.0558,0.2199
2125,Pelvis,2,-0.4479,-0.5379,-0.3601,0.6167,-0.2333,-0.0864,0.1564,0.2994,-1.8762,1.1116,10.7557,-2.1474,-1.6287,-0.0029,-0.0011,0.0020,1.0000,0.2690,-0.0533,-0.0403
2126,Left,2,0.0670,-0.1115,0.2680,-0.9546,0.1700,0.7463,0.0514,-17.4731,5.5661,-14.7928,-16.6572,-3.0233,-8.6313,0.0021,0.0093,0.0006,1.0000,-0.4184,-0.0754,-0.2120
2126,Right,2,-0.1364,-0.1478,0.2524,-0.9465,-0.2659,0.2090,-0.2426,0.2311,-0.1272,-0.0495,-3.1268,1.8492,9.0661,-0.0033,0.0026,-0.0030,1.0000,-0.0774,0.0472,0.2267
2126,Pelvis,2,-0.4493,-0.5376,-0.3610,0.6155,-0.1624,-0.0354,-0.0161,1.4775,-1.8088,0.3503,10.1914,-0.9179,-2.0086,-0.0020,-0.0004,-0.0002,1.0000,0.2548,-0.0231,-0.0501
2127,Left,2,0.0501,-0.1349,0.2736,-0.9510,0.8326,2.2040,-0.2322,1.5930,3.2900,2.9248,-3.0240,1.3130,12.8370,0.0104,0.0275,-0.0029,0.9996,-0.0666,0.0297,0.3232
2127,Right,2,-0.1346,-0.1541,0.2552,-0.9450,-0.2073,0.4242,-0.3317,0.1182,-0.2496,0.1929,-3.3390,1.6523,9.2904,-0.0026,0.0053,-0.0041,1.0000,-0.0821,0.0423,0.2326
2127,Pelvis,2,-0.4515,-0.5368,-0.3625,0.6136,-0.2626,-0.0471,-0.0013,2.8711,-1.1192,-0.2551,9.8435,0.7184,-1.8527,-0.0033,-0.0006,-0.0000,1.0000,0.2461,0.0178,-0.0462
2128,Left,2,0.0408,-0.1522,0.2776,-0.9477,0.3699,1.5637,-0.2082,10.7623,2.5178,0.5295,4.7712,5.9076,13.0955,0.0046,0.0195,-0.0026,0.9998,0.1260,0.1459,0.3256
2128,Right,2,-0.1338,-0.1640,0.2599,-0.9422,-0.1584,0.7127,-0.5157,0.5428,0.0355,0.3776,-3.3376,2.0637,9.4204,-0.0020,0.0089,-0.0064,0.9999,-0.0810,0.0526,0.2361
2129,Left,2,0.0302,-0.1858,0.2740,-0.9431,-0.0015,2.8198,0.4079,-6.2814,4.3675,4.2586,-11.5226,-1.7665,10.9887,-0.0000,0.0352,0.0051,0.9994,-0.2779,-0.0456,0.2846
2129,Right,2,-0.1337,-0.1797,0.2674,-0.9372,-0.1695,1.1581,-0.8335,0.5500,0.0695,0.8477,-3.7878,2.0712,9.7634,-0.0021,0.0145,-0.0104,0.9998,-0.0906,0.0533,0.2453
2129,Pelvis,2,-0.4596,-0.5362,-0.3707,0.6032,-0.5682,-0.1717,-0.1672,1.5614,0.4803,0.6484,10.5876,-0.0716,0.0520,-0.0142,-0.0043,-0.0042,0.9999,0.5293,-0.0057,0.0049
2130,Left,2,0.0196,-0.2041,0.2723,-0.9401,0.3778,1.6514,0.2611,-3.6764,1.6641,4.0228,-8.6142,-2.5644,11.2675,0.0047,0.0206,0.0033,0.9998,-0.2093,-0.0661,0.2857
2130,Right,2,-0.1361,-0.2067,0.2756,-0.9289,-0.1826,2.0939,-1.0375,2.1371,-1.2402,1.0899,-2.5058,1.7857,10.7489,-0.0023,0.0262,-0.0130,0.9996,-0.0550,0.0460,0.2701
2130,Pelvis,2,-0.4616,-0.5390,-0.3757,0.5960,-0.4935,-0.3040,-0.4697,-0.8425,1.1481,0.8110,10.4363,-2.0569,1.3209,-0.0062,-0.0038,-0.0059,1.0000,0.2605,-0.0527,0.0343
2131,Left,2,0.0079,-0.2058,0.2713,-0.9402,0.8320,0.3676,0.2679,-3.0256,3.6842,4.4506,-9.6199,-0.3482,11.5548,0.0104,0.0046,0.0033,0.9999,-0.2391,-0.0125,0.2899
2131,Right,2,-0.1464,-0.2527,0.2826,-0.9137,0.0437,3.8216,-1.1832,2.5759,-2.1164,1.2572,-2.7098,1.2561,11.1733,0.0005,0.0477,-0.0148,0.9987,-0.0538,0.0321,0.2821
2131,Pelvis,2,-0.4628,-0.5411,-0.3795,0.5908,-0.3493,-0.2090,-0.3583,-1.2347,0.9324,1.2269,10.8148,-2.4538,1.1343,-0.0044,-0.0026,-0.0045,1.0000,0.2700,-0.0624,0.0293
2132,Left,2,0.0014,-0.2005,0.2706,-0.9416,0.6002,-0.2880,0.1847,-1.8636,1.0730,1.8555,-6.4179,-1.4174,9.8781,0.0075,-0.0036,0.0023,1.0000,-0.1612,-0.0377,0.2461
2132,Right,2,-0.1680,-0.3229,0.2865,-0.8863,0.4038,6.1248,-1.2780,3.4539,-1.8009,1.4006,-3.7459,2.0073,11.0967,0.0050,0.0765,-0.0160,0.9969,-0.0713,0.0500,0.2837
2132,Pelvis,2,-0.4644,-0.5419,-0.3827,0.5867,-0.3386,-0.1353,-0.2320,-0.8929,1.4431,2.7733,12.4394,-2.1208,1.4319,-0.0042,-0.0017,-0.0029,1.0000,0.3108,-0.0538,0.0366
2133,Left,2,-0.0001,-0.1958,0.2714,-0.9423,0.2359,-0.3407,-0.0216,-0.1420,1.5991,1.1903,-5.0324,0.0976,9.9152,0.0029,-0.0043,-0.0003,1.0000,-0.1269,0.0017,0.2473
2133,Right,2,-0.1947,-0.4135,0.2892,-0.8411,0.5011,8.1813,-1.7494,5.1124,-1.9230,2.1325,-5.3046,2.9765,11.6686,0.0063,0.1021,-0.0218,0.9945,-0.1003,0.0750,0.3036
2133,Pelvis,2,-0.4653,-0.5412,-0.3865,0.5841,-0.3205,0.0382,-0.1894,-0.8104,2.3387,3.5024,13.2329,-1.8371,2.2213,-0.0040,0.0005,-0.0024,1.0000,0.3307,-0.0465,0.0556
2134,Left,2,0.0007,-0.1951,0.2725,-0.9422,-0.0286,-0.0775,-0.1041,-0.2111,0.4295,0.2521,-4.0917,-0.8174,9.1716,-0.0004,-0.0010,-0.0013,1.0000,-0.1025,-0.0202,0.2292
2134,Right,2,-0.2130,-0.5023,0.2940,-0.7848,0.2317,8.2050,-2.4003,7.2811,-1.6356,5.7758,-10.0692,4.6216,13.3072,0.0029,0.1024,-0.0299,0.9943,-0.2124,0.1213,0.3562
2134,Pelvis,2,-0.4646,-0.5390,-0.3921,0.5830,-0.3195,0.2848,-0.2432,-1.2003,2.1304,1.8530,11.5430,-2.0095,2.1883,-0.0040,0.0036,-0.0030,1.0000,0.2886,-0.0509,0.0539
2135,Left,2,0.0018,-0.1951,0.2733,-0.9419,-0.0564,-0.0292,-0.0862,-0.4201,-0.0970,-0.0046,-3.8766,-1.3655,8.9158,-0.0007,-0.0004,-0.0011,1.0000,-0.0970,-0.0339,0.2229
2135,Right,2,-0.2172,-0.5676,0.3038,-0.7337,-0.0014,6.0848,-2.7596,9.7429,-0.4273,9.8019,-15.9984,6.5096,13.5142,-0.0000,0.0760,-0.0345,0.9965,-0.3669,0.1758,0.3666
2135,Pelvis,2,-0.4624,-0.5365,-0.3993,0.5822,-0.3126,0.4277,-0.3616,-1.1593,1.7363,-0.3687,9.3211,-1.7471,1.9006,-0.0039,0.0053,-0.0045,1.0000,0.2331,-0.0445,0.0464
2136,Left,2,0.0017,-0.1946,0.2736,-0.9419,0.0285,-0.0477,-0.0238,-0.3831,-0.1787,-0.1112,-3.7587,-1.4138,8.8414,0.0004,-0.0006,-0.0003,1.0000,-0.0941,-0.0354,0.2210
2136,Right,2,-0.2079,-0.6111,0.3116,-0.6974,-0.6053,3.8478,-2.5152,11.0892,-2.7300,-0.7272,-7.0647,5.1749,11.6840,-0.0076,0.0481,-0.0314,0.9983,-0.1581,0.1368,0.2990
2136,Pelvis,2,-0.4598,-0.5345,-0.4057,0.5816,-0.2358,0.3993,-0.3566,-1.4205,0.6692,-1.1784,8.4577,-2.1100,1.0162,-0.0029,0.0050,-0.0045,1.0000,0.2113,-0.0536,0.0245
2137,Left,2,0.0009,-0.1930,0.2739,-0.9422,0.1062,-0.1189,-0.0080,-0.2671,0.1279,-0.0997,-3.8146,-1.0823,8.8717,0.0013,-0.0015,-0.0001,1.0000,-0.0957,-0.0273,0.2216
2137,Right,2,-0.2096,-0.6063,0.3291,-0.6930,1.1525,-0.2954,-0.9217,14.0267,-7.6083,2.2453,-9.6076,3.2290,17.2425,0.0144,-0.0037,-0.0115,0.9998,-0.2409,0.0773,0.4313
2137,Pelvis,2,-0.4585,-0.5325,-0.4091,0.5821,-0.1313,0.2834,-0.1211,-2.0386,-0.0510,-0.6834,8.8815,-2.8867,0.5369,-0.0016,0.0035,-0.0015,1.0000,0.2220,-0.0725,0.0128
2138,Left,2,0.0002,-0.1913,0.2747,-0.9423,0.1073,-0.1271,-0.0501,-0.1179,0.2952,-0.0144,-3.7905,-0.8523,9.0007,0.0013,-0.0016,-0.0006,1.0000,-0.0951,-0.0215,0.2248
2138,Right,2,-0.2134,-0.5869,0.3460,-0.7002,1.4299,-1.5965,-0.2366,7.8267,-0.5065,-12.1918,2.9000,5.5690,5.2693,0.0179,-0.0200,-0.0030,0.9996,0.0702,0.1366,0.1356
2138,Pelvis,2,-0.4590,-0.5308,-0.4087,0.5835,-0.0108,0.1107,0.1483,-1.7871,-0.0812,-0.1873,9.3964,-2.7049,0.4903,-0.0001,0.0014,0.0019,1.0000,0.2351,-0.0672,0.0119
2139,Left,2,-0.0001,-0.1906,0.2757,-0.9421,0.0589,-0.0516,-0.0815,-0.0669,0.3154,0.0077,-3.7502,-0.7997,9.0466,0.0007,-0.0006,-0.0010,1.0000,-0.0939,-0.0201,0.2261
2139,Right,2,-0.2154,-0.5679,0.3566,-0.7098,0.9811,-1.6294,0.0915,7.8273,-1.2474,-7.6789,-1.0739,4.7723,6.5922,0.0123,-0.0204,0.0011,0.9997,-0.0304,0.1172,0.1657
2139,Pelvis,2,-0.4599,-0.5285,-0.4072,0.5860,0.0356,0.1365,0.2755,-1.0610,0.2782,-0.4321,9.2175,-1.9409,0.6857,0.0004,0.0017,0.0034,1.0000,0.2306,-0.0477,0.0167
2140,Left,2,0.0002,-0.1907,0.2767,-0.9418,-0.0047,-0.0021,-0.0849,-0.2814,0.2576,0.1475,-3.9310,-0.9778,9.1072,-0.0001,-0.0000,-0.0011,1.0000,-0.0983,-0.0243,0.2277
2140,Right,2,-0.2167,-0.5398,0.3604,-0.7292,0.7189,-2.4955,0.8791,8.2315,-1.7299,-6.6676,-1.4517,4.8260,7.4346,0.0090,-0.0312,0.0110,0.9994,-0.0434,0.1185,0.1857
2140,Pelvis,2,-0.4611,-0.5267,-0.4058,0.5877,0.0145,0.0671,0.2386,-0.5730,0.3117,-0.2116,9.4776,-1.5461,0.6266,0.0002,0.0008,0.0030,1.0000,0.2371,-0.0379,0.0155
2141,Left,2,0.0006,-0.1910,0.2773,-0.9416,-0.0207,0.0097,-0.0577,-0.2293,0.1055,-0.1562,-3.7036,-1.0580,8.8587,-0.0003,0.0001,-0.0007,1.0000,-0.0926,-0.0263,0.2215
2141,Right,2,-0.2177,-0.5018,0.3583,-0.7566,0.5946,-3.3240,1.6102,6.8550,-2.3409,-5.2002,-2.2064,3.4636,7.5456,0.0074,-0.0415,0.0201,0.9989,-0.0647,0.0840,0.1867
2142,Left,2,0.0008,-0.1914,0.2775,-0.9415,-0.0157,0.0165,-0.0258,-0.2872,0.0803,-0.0565,-3.7751,-1.1293,8.9300,-0.0002,0.0002,-0.0003,1.0000,-0.0943,-0.0282,0.2233
2142,Right,2,-0.2190,-0.4554,0.3544,-0.7868,0.7370,-3.8972,1.9606,5.1292,-3.0486,-3.9929,-2.6934,1.8931,7.6618,0.0092,-0.0487,0.0245,0.9985,-0.0777,0.0438,0.1883
2142,Pelvis,2,-0.4598,-0.5231,-0.4067,0.5912,0.0206,0.1985,0.0764,-0.4950,-0.0340,-1.3598,8.3338,-1.4684,0.2987,0.0005,0.0050,0.0019,1.0000,0.4169,-0.0726,0.0128
2143,Right,2,-0.2206,-0.4022,0.3515,-0.8161,0.9882,-4.3045,2.0022,4.2223,-3.4434,-1.1412,-4.3973,1.3713,9.1536,0.0123,-0.0538,0.0250,0.9982,-0.1228,0.0285,0.2228
2143,Pelvis,2,-0.4593,-0.5222,-0.4072,0.5921,0.0045,0.1218,0.0187,-0.4083,-0.4853,-1.0675,8.6298,-1.5487,-0.0978,0.0001,0.0015,0.0002,1.0000,0.2157,-0.0387,-0.0028
2144,Left,2,0.0014,-0.1918,0.2776,-0.9414,-0.0195,0.0035,-0.0118,-0.1890,0.1240,-0.0970,-3.7116,-1.0462,8.9205,-0.0005,0.0001,-0.0003,1.0000,-0.1856,-0.0520,0.4461
2144,Right,2,-0.2201,-0.3408,0.3500,-0.8444,1.1559,-4.8891,1.9572,2.9752,-3.2229,2.8186,-6.9863,1.4435,11.3210,0.0144,-0.0611,0.0244,0.9977,-0.1923,0.0275,0.2721
2144,Pelvis,2,-0.4591,-0.5213,-0.4076,0.5927,-0.0090,0.0965,0.0208,-0.3818,-0.6944,-1.0284,8.6720,-1.5837,-0.2831,-0.0001,0.0012,0.0003,1.0000,0.2168,-0.0395,-0.0073
2145,Left,2,0.0018,-0.1921,0.2775,-0.9413,-0.0277,-0.0072,-0.0024,-0.1417,0.1659,-0.1052,-3.6982,-0.9960,8.9227,-0.0003,-0.0001,-0.0000,1.0000,-0.0925,-0.0248,0.2231
2145,Right,2,-0.2189,-0.2717,0.3500,-0.8693,1.4231,-5.3625,1.8793,0.3775,-2.2033,4.9562,-8.7979,1.2265,12.0253,0.0178,-0.0670,0.0235,0.9973,-0.2400,0.0200,0.2854
2145,Pelvis,2,-0.4590,-0.5207,-0.4085,0.5927,-0.0503,0.0664,-0.0238,-0.1911,-0.9997,-1.0791,8.6475,-1.4688,-0.6117,-0.0006,0.0008,-0.0003,1.0000,0.2162,-0.0368,-0.0154
2146,Left,2,0.0023,-0.1927,0.2772,-0.9413,-0.0532,0.0277,0.0050,-0.0421,0.2239,-0.1428,-3.6425,-0.9009,8.9151,-0.0007,0.0003,0.0001,1.0000,-0.0910,-0.0224,0.2229
2146,Right,2,-0.2233,-0.2039,0.3490,-0.8870,1.8752,-4.9446,1.8426,-2.8596,-0.7375,7.1412,-11.1793,1.2324,13.0439,0.0234,-0.0618,0.0230,0.9976,-0.2994,0.0167,0.3085
2146,Pelvis,2,-0.4587,-0.5200,-0.4102,0.5923,-0.0950,0.0929,-0.0811,-0.0605,-1.2038,-1.0722,8.6750,-1.3813,-0.8274,-0.0012,0.0012,-0.0010,1.0000,0.2168,-0.0348,-0.0209
2147,Left,2,0.0028,-0.1932,0.2766,-0.9414,-0.0495,0.0179,0.0370,-0.2947,0.0909,-0.1996,-3.7552,-1.1492,8.7798,-0.0006,0.0002,0.0005,1.0000,-0.0938,-0.0286,0.2195
2147,Right,2,-0.2283,-0.1361,0.3422,-0.9013,1.8909,-4.7609,2.1770,-7.5753,3.2988,12.2866,-17.3016,3.2454,15.7371,0.0236,-0.0595,0.0272,0.9976,-0.4568,0.0600,0.3683
2148,Left,2,0.0027,-0.1928,0.2756,-0.9418,0.0075,-0.0450,0.0868,-0.3441,-0.0121,-0.1629,-3.7539,-1.2661,8.8058,0.0001,-0.0006,0.0011,1.0000,-0.0939,-0.0318,0.2201
2148,Right,2,-0.2226,-0.0763,0.3269,-0.9153,0.8090,-4.3247,2.5142,-14.0039,8.3045,10.3560,-22.1566,3.2519,13.0867,0.0101,-0.0540,0.0314,0.9980,-0.5726,0.0604,0.2972
2149,Left,2,0.0019,-0.1922,0.2745,-0.9422,0.0586,-0.0481,0.0966,-0.2039,-0.1946,-0.0781,-3.5760,-1.3430,8.9583,0.0007,-0.0006,0.0012,1.0000,-0.0895,-0.0338,0.2239
2149,Right,2,-0.2017,-0.0265,0.3044,-0.9306,-0.6351,-3.8793,2.8069,-18.3308,11.9565,-1.1462,-23.2876,0.5259,3.4844,-0.0079,-0.0485,0.0351,0.9982,-0.5855,-0.0068,0.0588
2149,Pelvis,2,-0.4533,-0.5217,-0.4168,0.5905,-0.0087,0.0916,-0.2217,-1.0983,-0.9884,-1.0545,8.5861,-2.2495,-0.3329,-0.0003,0.0034,-0.0083,1.0000,0.6424,-0.1741,-0.0271
2150,Left,2,0.0007,-0.1928,0.2736,-0.9423,0.0679,0.0657,0.0864,-0.0204,-0.2566,0.0332,-3.4490,-1.2918,9.1348,0.0008,0.0008,0.0011,1.0000,-0.0860,-0.0326,0.2284
2150,Right,2,-0.1718,0.0005,0.2860,-0.9427,-1.7913,-2.4559,2.0433,-16.7822,14.0344,-15.8477,-20.7408,-0.8237,-9.1929,-0.0224,-0.0307,0.0255,0.9990,-0.5103,-0.0391,-0.2448
2150,Pelvis,2,-0.4493,-0.5245,-0.4169,0.5909,0.2958,0.0338,-0.2610,-0.4229,-0.5547,0.7455,10.4642,-1.5689,0.0425,0.0037,0.0004,-0.0033,1.0000,0.2615,-0.0401,0.0008
2151,Left,2,-0.0006,-0.1959,0.2728,-0.9419,0.0263,0.2583,0.0666,0.3000,-0.0436,0.0111,-3.3438,-0.9271,9.1956,0.0003,0.0032,0.0008,1.0000,-0.0828,-0.0233,0.2302
2151,Right,2,-0.1828,0.0103,0.2721,-0.9447,1.0283,-0.2958,1.2325,-21.2208,6.5125,-20.6675,-20.3938,-9.7155,-10.0150,0.0129,-0.0037,0.0154,0.9998,-0.5051,-0.2474,-0.2554
2151,Pelvis,2,-0.4469,-0.5263,-0.4163,0.5916,0.2220,0.0042,-0.1173,-0.1576,-0.9676,0.8004,10.5617,-1.3727,-0.4068,0.0028,0.0001,-0.0015,1.0000,0.2640,-0.0347,-0.0103
2152,Left,2,-0.0019,-0.2033,0.2719,-0.9406,-0.0738,0.5977,0.0597,0.4883,-0.1816,0.1004,-3.2631,-0.9588,9.3260,-0.0009,0.0075,0.0007,1.0000,-0.0798,-0.0238,0.2338
2152,Right,2,-0.1790,-0.0097,0.2599,-0.9488,-0.7616,1.6076,0.7347,-11.1609,12.7923,-8.5115,-16.1520,4.9692,-2.0880,-0.0095,0.0201,0.0092,0.9997,-0.4059,0.1201,-0.0452
2152,Pelvis,2,-0.4460,-0.5273,-0.4150,0.5923,0.1588,-0.0211,0.0103,-0.6551,-2.2860,-0.4675,9.2811,-2.0622,-1.6112,0.0020,-0.0003,0.0001,1.0000,0.2320,-0.0514,-0.0403
2153,Left,2,-0.0044,-0.2160,0.2703,-0.9382,-0.1022,1.0425,0.1081,0.4123,-0.2616,0.3741,-3.5835,-1.1099,9.4838,-0.0013,0.0130,0.0014,0.9999,-0.0865,-0.0276,0.2383
2153,Right,2,-0.1638,-0.0437,0.2437,-0.9549,-1.9539,2.4830,0.8637,4.4949,-6.8835,9.1991,4.5450,2.5463,20.0530,-0.0244,0.0310,0.0108,0.9992,0.1283,0.0771,0.4957
2153,Pelvis,2,-0.4450,-0.5305,-0.4112,0.5928,0.3360,-0.2300,0.0367,-1.5471,-2.4571,-0.4320,9.2244,-2.9832,-1.5616,0.0042,-0.0029,0.0005,1.0000,0.2308,-0.0743,-0.0387
2154,Left,2,-0.0093,-0.2370,0.2676,-0.9339,-0.1236,1.7517,0.1757,1.1769,-0.5582,0.6551,-3.3148,-1.0213,9.9628,-0.0015,0.0219,0.0022,0.9998,-0.0773,-0.0253,0.2508
2154,Right,2,-0.1607,-0.0710,0.2400,-0.9547,-0.7776,2.0616,-0.0821,-3.1707,-13.9926,-7.5619,3.0003,-12.5059,6.7472,-0.0097,0.0258,-0.0010,0.9996,0.0791,-0.3111,0.1697
2154,Pelvis,2,-0.4446,-0.5357,-0.4037,0.5936,0.5340,-0.4594,0.1794,-1.2387,-1.2119,1.2014,10.8468,-2.5438,-0.4366,0.0067,-0.0057,0.0022,1.0000,0.2714,-0.0629,-0.0098
2155,Left,2,-0.0187,-0.2744,0.2611,-0.9253,-0.2098,3.1570,0.4505,2.7638,-1.7166,0.2531,-2.0168,-1.1957,10.3183,-0.0026,0.0395,0.0056,0.9992,-0.0400,-0.0295,0.2598
2155,Right,2,-0.1698,-0.1037,0.2458,-0.9487,0.1917,2.6332,-0.9191,-9.6778,-1.3727,6.3049,-11.7717,-1.5014,14.6499,0.0024,0.0329,-0.0115,0.9994,-0.2824,-0.0351,0.3756
2155,Pelvis,2,-0.4458,-0.5393,-0.3947,0.5956,0.5213,-0.4440,0.4102,0.1965,0.2750,1.9735,11.7443,-0.9165,0.5111,0.0065,-0.0055,0.0051,1.0000,0.2936,-0.0215,0.0143
2156,Left,2,-0.0353,-0.3350,0.2510,-0.9075,-0.2319,5.2334,0.6514,3.2779,-2.0550,0.5684,-2.7813,-1.2961,10.6536,-0.0029,0.0654,0.0081,0.9978,-0.0517,-0.0321,0.2702
2156,Right,2,-0.1684,-0.1280,0.2501,-0.9448,-0.4794,1.7772,-0.7335,-1.3628,9.4447,5.5443,-9.8835,11.0873,10.3120,-0.0060,0.0222,-0.0092,0.9997,-0.2387,0.2810,0.2615
2156,Pelvis,2,-0.4496,-0.5404,-0.3879,0.5960,0.1585,-0.3872,0.4592,0.9026,2.2841,2.0977,11.9747,0.2043,2.1112,0.0020,-0.0048,0.0057,1.0000,0.2991,0.0067,0.0542
2157,Left,2,-0.0617,-0.4213,0.2359,-0.8735,-0.1198,7.7565,0.8771,3.5657,-2.6313,0.1221,-3.7828,-1.6007,10.0917,-0.0015,0.0968,0.0109,0.9952,-0.0691,-0.0405,0.2599
2157,Right,2,-0.1561,-0.1405,0.2506,-0.9450,-1.1729,0.6788,-0.3184,-4.8550,-1.0829,3.7155,-8.1393,-0.1577,11.8954,-0.0147,0.0085,-0.0040,0.9998,-0.2010,0.0012,0.2991
2157,Pelvis,2,-0.4539,-0.5400,-0.3842,0.5956,-0.0727,-0.2619,0.3596,0.4658,2.2319,1.7585,11.6034,-0.3054,2.0883,-0.0009,-0.0033,0.0045,1.0000,0.2899,-0.0063,0.0532
2158,Left,2,-0.0960,-0.5151,0.2141,-0.8244,0.1475,8.9843,1.2875,4.1455,-4.0353,2.0878,-6.7821,-2.5989,11.0945,0.0018,0.1121,0.0161,0.9936,-0.1360,-0.0679,0.2938
2158,Right,2,-0.1475,-0.1440,0.2509,-0.9458,-0.7175,0.0703,-0.1336,-2.3639,-0.3223,1.4417,-5.7172,0.9387,9.9392,-0.0090,0.0009,-0.0017,1.0000,-0.1427,0.0259,0.2484
2158,Pelvis,2,-0.4547,-0.5406,-0.3813,0.5964,0.1390,-0.1191,0.1747,-0.7580,1.8345,1.7230,11.4113,-1.6535,2.0148,0.0017,-0.0015,0.0022,1.0000,0.2853,-0.0408,0.0507
2159,Left,2,-0.1272,-0.5952,0.1884,-0.7707,0.0410,8.2365,1.4485,5.4467,-3.1779,9.6890,-15.9603,-1.3018,12.8525,0.0005,0.1028,0.0181,0.9945,-0.3626,-0.0395,0.3599
2159,Right,2,-0.1434,-0.1439,0.2507,-0.9465,-0.3026,-0.1038,-0.0088,-1.1010,0.0280,0.6103,-4.5301,1.5721,9.3198,-0.0038,-0.0013,-0.0001,1.0000,-0.1136,0.0402,0.2327
2159,Pelvis,2,-0.4531,-0.5408,-0.3774,0.5998,0.3804,0.0533,0.2110,-0.9941,2.2335,1.3751,11.0449,-1.7533,2.4656,0.0048,0.0007,0.0026,1.0000,0.2763,-0.0434,0.0612
2160,Left,2,-0.1510,-0.6457,0.1638,-0.7304,-0.0493,5.6473,1.5239,7.0274,-7.5837,7.0529,-14.7003,-3.9118,12.6744,-0.0006,0.0705,0.0190,0.9973,-0.3420,-0.1043,0.3417
2160,Right,2,-0.1418,-0.1429,0.2503,-0.9470,-0.0987,-0.1224,0.0408,-0.4666,0.1616,0.2697,-3.9184,1.8940,9.1081,-0.0012,-0.0015,0.0005,1.0000,-0.0983,0.0476,0.2275
2160,Pelvis,2,-0.4516,-0.5395,-0.3725,0.6052,0.4336,0.1649,0.3823,-0.0872,1.9592,0.1278,9.9028,-0.8679,1.9602,0.0054,0.0021,0.0048,1.0000,0.2478,-0.0208,0.0484
2161,Right,2,-0.1413,-0.1425,0.2501,-0.9472,-0.0266,-0.0522,0.0247,-0.3898,0.1030,0.1589,-3.7728,1.8479,9.0524,-0.0003,-0.0007,0.0003,1.0000,-0.0945,0.0462,0.2262
2161,Pelvis,2,-0.4515,-0.5370,-0.3681,0.6101,0.3066,0.1818,0.4395,0.9186,1.6761,0.0064,9.9019,-0.0821,1.4193,0.0038,0.0023,0.0055,1.0000,0.2476,-0.0008,0.0349
2162,Left,2,-0.1671,-0.6764,0.1369,-0.7042,-0.2615,1.8441,0.8441,11.7119,-10.2400,0.3476,-9.1352,-3.9705,15.6948,-0.0065,0.0461,0.0211,0.9987,-0.4157,-0.2024,0.8059
2162,Right,2,-0.1416,-0.1427,0.2501,-0.9471,0.0364,0.0149,0.0095,-0.3355,0.0268,0.0404,-3.6520,1.7881,8.9812,0.0005,0.0002,0.0001,1.0000,-0.0913,0.0446,0.2246
2162,Pelvis,2,-0.4513,-0.5350,-0.3668,0.6128,0.1047,0.1732,0.2094,1.7353,1.4096,0.0598,10.0651,0.5123,0.9475,0.0013,0.0022,0.0026,1.0000,0.2516,0.0134,0.0232
2163,Left,2,-0.1626,-0.6582,0.1409,-0.7215,-0.0647,-2.0413,-0.0253,4.1028,-5.8575,-12.7546,3.0979,-3.7432,6.0166,-0.0008,-0.0255,-0.0003,0.9997,0.0735,-0.0935,0.1524
2163,Right,2,-0.1426,-0.1433,0.2501,-0.9469,0.0790,0.0545,0.0103,-0.2971,0.0693,-0.0033,-3.6336,1.8450,8.9280,0.0010,0.0007,0.0001,1.0000,-0.0907,0.0459,0.2233
2164,Left,2,-0.1552,-0.6403,0.1441,-0.7383,-0.2669,-2.0284,-0.1507,5.6488,-4.8132,-7.4252,-1.7058,-1.9216,7.3612,-0.0033,-0.0254,-0.0019,0.9997,-0.0474,-0.0473,0.1830
2164,Right,2,-0.1440,-0.1440,0.2501,-0.9466,0.1028,0.0728,0.0147,-0.3503,0.0015,-0.0518,-3.6485,1.7692,8.8857,0.0013,0.0009,0.0002,1.0000,-0.0910,0.0439,0.2223
2165,Left,2,-0.1421,-0.6109,0.1525,-0.7638,-0.3153,-3.2829,-0.5037,5.2487,-6.7972,-4.3596,-4.2091,-3.8458,8.4283,-0.0039,-0.0410,-0.0063,0.9991,-0.1144,-0.0946,0.2065
2165,Right,2,-0.1456,-0.1445,0.2500,-0.9463,0.1290,0.0684,0.0221,-0.3993,0.0833,-0.0421,-3.7456,1.8379,8.8444,0.0016,0.0009,0.0003,1.0000,-0.0935,0.0456,0.2213
2165,Pelvis,2,-0.4471,-0.5364,-0.3748,0.6098,-0.0668,0.0731,-0.2381,0.8231,0.8694,-0.4996,9.3513,-0.3670,0.7667,-0.0025,0.0027,-0.0089,1.0000,0.7012,-0.0336,0.0557
2166,Left,2,-0.1284,-0.5680,0.1688,-0.7952,0.1368,-4.4939,-0.7858,4.6612,-5.5966,-4.2463,-3.6734,-3.0714,7.8227,0.0017,-0.0561,-0.0098,0.9984,-0.1034,-0.0761,0.1898
2166,Right,2,-0.1477,-0.1448,0.2498,-0.9459,0.1637,0.0562,0.0381,-0.3644,0.0571,-0.0680,-3.7115,1.8604,8.8237,0.0020,0.0007,0.0005,1.0000,-0.0927,0.0460,0.2208
2166,Pelvis,2,-0.4457,-0.5362,-0.3768,0.6098,-0.0225,0.1292,-0.1500,-0.0394,0.4043,-1.2754,8.4512,-1.1158,0.6188,-0.0003,0.0016,-0.0019,1.0000,0.2113,-0.0283,0.0151
2167,Left,2,-0.1097,-0.5191,0.1855,-0.8271,-0.0932,-4.9640,-0.9736,4.8330,-3.3363,-3.5679,-3.5789,-1.0126,7.7298,-0.0012,-0.0620,-0.0122,0.9980,-0.1015,-0.0239,0.1872
2167,Right,2,-0.1495,-0.1448,0.2498,-0.9457,0.1496,0.0278,0.0255,-0.1005,0.1749,-0.1946,-3.5086,2.1018,8.7075,0.0019,0.0003,0.0003,1.0000,-0.0877,0.0521,0.2178
2168,Left,2,-0.0854,-0.4677,0.1986,-0.8571,-0.5582,-5.1092,-0.9752,4.5773,-2.8576,-0.4367,-5.4948,-0.9068,9.2832,-0.0070,-0.0638,-0.0122,0.9979,-0.1521,-0.0193,0.2228
2168,Right,2,-0.1503,-0.1446,0.2500,-0.9455,0.0837,-0.0049,0.0032,-0.0991,0.1184,-0.2421,-3.4712,2.0688,8.6771,0.0010,-0.0001,0.0000,1.0000,-0.0868,0.0515,0.2170
2168,Pelvis,2,-0.4443,-0.5350,-0.3799,0.6099,-0.0439,0.1100,-0.0865,0.1266,-0.0126,-1.2516,8.4933,-1.0626,0.2065,-0.0011,0.0028,-0.0022,1.0000,0.4246,-0.0540,0.0092
2169,Left,2,-0.0577,-0.4102,0.2092,-0.8858,-0.7751,-5.5039,-0.9105,3.6192,-1.9570,4.2873,-8.7221,-1.0264,11.7884,-0.0097,-0.0687,-0.0114,0.9975,-0.2379,-0.0203,0.2790
2169,Right,2,-0.1503,-0.1445,0.2505,-0.9454,0.0220,-0.0261,-0.0291,-0.1465,0.0887,-0.2069,-3.5102,2.0341,8.7087,0.0003,-0.0003,-0.0004,1.0000,-0.0878,0.0508,0.2177
2169,Pelvis,2,-0.4437,-0.5351,-0.3810,0.6096,-0.0259,0.0411,-0.0949,0.3719,-0.4253,-1.1047,8.6708,-0.9546,-0.2321,-0.0003,0.0005,-0.0012,1.0000,0.2167,-0.0241,-0.0059
2170,Left,2,-0.0257,-0.3487,0.2158,-0.9117,-1.1350,-5.7635,-0.7977,1.4683,0.2666,6.5988,-10.6885,-0.5697,12.5495,-0.0142,-0.0720,-0.0100,0.9973,-0.2890,-0.0072,0.2936
2170,Right,2,-0.1498,-0.1444,0.2514,-0.9453,-0.0139,-0.0379,-0.0672,-0.2463,0.0613,-0.1732,-3.5915,1.9600,8.7317,-0.0002,-0.0005,-0.0008,1.0000,-0.0898,0.0491,0.2182
2170,Pelvis,2,-0.4429,-0.5352,-0.3816,0.6097,0.0175,0.0441,-0.0653,0.4307,-0.7003,-0.9118,8.8694,-0.9946,-0.4962,0.0002,0.0006,-0.0008,1.0000,0.2217,-0.0250,-0.0125
2171,Left,2,0.0138,-0.2927,0.2218,-0.9300,-1.7775,-5.2652,-1.1063,-3.5717,2.7211,12.6996,-16.9624,-1.9133,15.3765,-0.0222,-0.0658,-0.0138,0.9975,-0.4487,-0.0336,0.3563
2171,Right,2,-0.1491,-0.1443,0.2527,-0.9450,-0.0232,-0.0427,-0.0986,-0.2296,0.0003,-0.2562,-3.5202,1.8858,8.6852,-0.0003,-0.0005,-0.0012,1.0000,-0.0881,0.0473,0.2171
2171,Pelvis,2,-0.4422,-0.5353,-0.3816,0.6102,0.0624,0.0450,-0.0142,0.3875,-1.1703,-0.6333,9.1371,-1.2125,-0.9082,0.0008,0.0006,-0.0002,1.0000,0.2284,-0.0303,-0.0229
2172,Left,2,0.0513,-0.2351,0.2392,-0.9407,-1.3341,-5.1688,-2.0402,-11.5743,5.0272,10.6579,-20.8107,-4.0616,11.3865,-0.0167,-0.0646,-0.0255,0.9974,-0.5395,-0.0836,0.2517
2172,Right,2,-0.1482,-0.1443,0.2542,-0.9448,-0.0336,-0.0470,-0.1158,0.0054,0.0263,-0.3520,-3.3010,1.9909,8.6398,-0.0004,-0.0006,-0.0014,1.0000,-0.0826,0.0500,0.2159
2172,Pelvis,2,-0.4419,-0.5350,-0.3805,0.6113,0.0975,0.0332,0.0856,0.4313,-1.0538,-1.0486,8.7323,-1.0893,-0.8161,0.0012,0.0004,0.0011,1.0000,0.2183,-0.0270,-0.0205
2173,Left,2,0.0692,-0.1849,0.2648,-0.9439,0.1130,-4.0563,-2.4094,-17.9210,11.2543,4.0937,-24.7943,-1.3819,5.0280,0.0014,-0.0507,-0.0301,0.9983,-0.6258,-0.0159,0.0940
2173,Right,2,-0.1467,-0.1443,0.2558,-0.9446,-0.0814,-0.0536,-0.1377,0.2379,0.2404,-0.3445,-3.2031,2.2651,8.6239,-0.0010,-0.0007,-0.0017,1.0000,-0.0801,0.0570,0.2155
2173,Pelvis,2,-0.4428,-0.5345,-0.3783,0.6125,0.0726,-0.0319,0.2003,0.5114,-0.9931,-1.9002,7.8969,-0.9123,-0.8135,0.0009,-0.0004,0.0025,1.0000,0.1975,-0.0223,-0.0203
2174,Left,2,0.0721,-0.1367,0.2889,-0.9448,1.1800,-3.5684,-2.1053,-18.1604,13.0973,-7.1704,-22.2957,1.2747,-3.1714,0.0147,-0.0446,-0.0263,0.9986,-0.5520,0.0479,-0.1034
2174,Right,2,-0.1438,-0.1447,0.2576,-0.9445,-0.1878,-0.0596,-0.1616,0.4039,0.3312,-0.2324,-3.1438,2.4056,8.7398,-0.0023,-0.0007,-0.0020,1.0000,-0.0786,0.0608,0.2183
2174,Pelvis,2,-0.4456,-0.5346,-0.3749,0.6125,0.0120,-0.1981,0.2787,0.4849,-0.7272,-0.7987,8.9784,-1.0556,-0.5383,0.0001,-0.0025,0.0035,1.0000,0.2246,-0.0256,-0.0129
2175,Left,2,0.0750,-0.1063,0.2970,-0.9460,0.5837,-2.3319,-0.7898,-13.0500,16.5504,-15.6325,-18.8061,7.7563,-8.0245,0.0073,-0.0291,-0.0099,0.9995,-0.4621,0.2000,-0.2127
2175,Right,2,-0.1402,-0.1457,0.2591,-0.9445,-0.2666,-0.0264,-0.1606,0.2608,0.1656,-0.1676,-3.2132,2.1399,8.8442,-0.0033,-0.0003,-0.0020,1.0000,-0.0803,0.0544,0.2209
2175,Pelvis,2,-0.4484,-0.5341,-0.3723,0.6124,-0.0402,-0.1584,0.2585,0.3946,-0.6899,0.9180,10.6528,-1.4425,-0.4650,-0.0005,-0.0020,0.0032,1.0000,0.2665,-0.0352,-0.0111
2176,Left,2,0.0853,-0.1041,0.2916,-0.9470,-0.7581,-0.4530,0.3248,-14.3208,12.5390,-17.3545,-17.5746,4.0798,-9.6797,-0.0095,-0.0057,0.0041,0.9999,-0.4384,0.0979,-0.2454
2176,Right,2,-0.1373,-0.1481,0.2599,-0.9443,-0.2483,0.1090,-0.1171,0.2187,-0.0300,-0.0659,-3.2144,1.9032,9.0053,-0.0031,0.0014,-0.0015,1.0000,-0.0800,0.0484,0.2251
2176,Pelvis,2,-0.4504,-0.5334,-0.3709,0.6124,-0.0550,-0.0668,0.1826,1.1350,-0.8921,0.8413,10.6765,-0.8614,-0.9279,-0.0007,-0.0008,0.0023,1.0000,0.2670,-0.0209,-0.0230
2177,Left,2,0.0772,-0.1169,0.2877,-0.9474,0.2971,1.1247,0.4624,-14.6965,9.0391,-10.4292,-16.8944,-0.2638,-3.5506,0.0037,0.0141,0.0058,0.9999,-0.4235,-0.0087,-0.0828
2177,Right,2,-0.1356,-0.1530,0.2609,-0.9435,-0.1944,0.3227,-0.1589,0.2858,-0.2662,0.0346,-3.1463,1.6972,9.1838,-0.0024,0.0040,-0.0020,1.0000,-0.0776,0.0431,0.2298
2178,Left,2,0.0645,-0.1389,0.2846,-0.9463,0.4244,1.9436,0.4605,1.9943,-2.3175,3.3568,0.2411,-3.6011,13.0306,0.0053,0.0243,0.0058,0.9997,0.0145,-0.0917,0.3250
2178,Right,2,-0.1348,-0.1609,0.2633,-0.9416,-0.1673,0.5675,-0.3090,0.2443,-0.2680,0.2189,-3.3610,1.6417,9.3153,-0.0021,0.0071,-0.0039,1.0000,-0.0822,0.0419,0.2334
2178,Pelvis,2,-0.4563,-0.5287,-0.3734,0.6106,-0.2984,0.0349,0.1246,2.2794,-1.5399,-0.1196,9.8882,0.1114,-1.9322,-0.0075,0.0009,0.0031,1.0000,0.4943,0.0064,-0.0971
2179,Left,2,0.0595,-0.1443,0.2849,-0.9458,0.2634,0.5200,0.0394,12.5743,-5.0293,1.9898,10.0800,0.0421,14.8695,0.0033,0.0065,0.0005,1.0000,0.2544,-0.0000,0.3701
2179,Right,2,-0.1360,-0.1734,0.2670,-0.9382,-0.0767,0.9630,-0.4568,0.2256,-0.1995,0.4789,-3.7029,1.6661,9.4618,-0.0010,0.0120,-0.0057,0.9999,-0.0895,0.0424,0.2376
2179,Pelvis,2,-0.4616,-0.5271,-0.3761,0.6063,-0.5736,-0.1533,0.0216,1.9150,-0.3492,-0.0560,9.9240,0.1083,-0.6970,-0.0072,-0.0019,0.0003,1.0000,0.2481,0.0027,-0.0170
2180,Left,2,0.0442,-0.1881,0.2857,-0.9386,0.1418,3.7426,0.1637,-6.2195,6.8249,2.5776,-12.1734,0.0515,9.5269,0.0018,0.0468,0.0020,0.9989,-0.2928,0.0002,0.2521
2180,Right,2,-0.1395,-0.1940,0.2720,-0.9322,-0.0260,1.6400,-0.6726,0.9837,-0.7325,0.7432,-3.3062,1.6232,9.9691,-0.0003,0.0205,-0.0084,0.9998,-0.0772,0.0413,0.2508
2181,Left,2,0.0323,-0.2081,0.2827,-0.9358,0.3902,1.7980,0.4049,-3.3491,2.9316,4.9134,-9.3033,-1.9977,12.0901,0.0049,0.0225,0.0051,0.9997,-0.2255,-0.0526,0.3071
2181,Right,2,-0.1492,-0.2285,0.2772,-0.9212,0.1889,2.8894,-0.8523,1.9253,-2.1938,0.6707,-2.4935,0.9177,10.5553,0.0024,0.0361,-0.0107,0.9993,-0.0525,0.0229,0.2660
2181,Pelvis,2,-0.4662,-0.5314,-0.3831,0.5945,-0.4107,-0.2943,-0.3288,-0.4862,0.2449,1.1129,10.7279,-2.0880,0.4731,-0.0103,-0.0074,-0.0082,0.9999,0.5353,-0.1085,0.0287
2182,Left,2,0.0182,-0.2146,0.2824,-0.9348,0.9081,0.8082,0.2418,-3.4969,3.6583,5.7831,-10.5445,-1.3402,12.4850,0.0114,0.0101,0.0030,0.9999,-0.2603,-0.0379,0.3144
2182,Right,2,-0.1690,-0.2838,0.2788,-0.9017,0.5048,4.8508,-0.8415,2.9543,-2.3434,0.9905,-2.9031,1.4768,10.9766,0.0063,0.0606,-0.0105,0.9981,-0.0554,0.0358,0.2784
2183,Left,2,0.0109,-0.2118,0.2824,-0.9356,0.6191,-0.0628,0.1369,-1.5214,1.8085,2.0986,-6.7606,-1.0326,10.0347,0.0077,-0.0008,0.0017,1.0000,-0.1692,-0.0280,0.2505
2183,Right,2,-0.1978,-0.3641,0.2773,-0.8668,0.7387,7.2515,-1.0887,4.7476,-1.7096,1.2896,-3.8644,3.1845,11.1385,0.0092,0.0905,-0.0136,0.9958,-0.0698,0.0781,0.2863
2184,Left,2,0.0082,-0.2061,0.2843,-0.9363,0.3700,-0.3914,-0.0886,-0.5833,1.1645,1.1303,-5.2838,-0.8197,9.6362,0.0046,-0.0049,-0.0011,1.0000,-0.1333,-0.0215,0.2402
2184,Right,2,-0.2265,-0.4600,0.2769,-0.8127,0.7202,8.8854,-1.8570,6.7781,-1.9543,3.2794,-6.6556,4.5662,12.5287,0.0090,0.1108,-0.0232,0.9935,-0.1277,0.1145,0.3299
2184,Pelvis,2,-0.4670,-0.5378,-0.3872,0.5854,-0.1166,-0.1825,-0.2254,-0.2336,1.7870,2.3315,12.0755,-1.4292,1.6952,-0.0044,-0.0068,-0.0085,0.9999,0.9038,-0.1143,0.1338
2185,Left,2,0.0087,-0.2036,0.2861,-0.9363,0.0520,-0.2082,-0.1506,-0.0393,0.6411,0.4443,-4.2608,-0.8439,9.3141,0.0006,-0.0026,-0.0019,1.0000,-0.1072,-0.0210,0.2326
2185,Right,2,-0.2439,-0.5461,0.2817,-0.7503,0.5422,8.2054,-2.6112,6.8754,-2.5869,9.6586,-15.1216,4.4491,13.6499,0.0068,0.1024,-0.0326,0.9942,-0.3366,0.1202,0.3780
2185,Pelvis,2,-0.4672,-0.5358,-0.3924,0.5836,-0.3532,0.2116,-0.2155,-0.2870,2.5734,1.1955,11.0011,-1.0099,2.4168,-0.0044,0.0026,-0.0027,1.0000,0.2751,-0.0257,0.0598
2186,Left,2,0.0099,-0.2026,0.2876,-0.9360,-0.0393,-0.1057,-0.1425,-0.4146,0.0317,0.1241,-4.0566,-1.5250,8.9516,-0.0005,-0.0013,-0.0018,1.0000,-0.1018,-0.0378,0.2237
2186,Right,2,-0.2485,-0.5983,0.2948,-0.7024,0.6191,5.0811,-2.6776,12.2160,-2.7521,8.5819,-15.3880,7.1292,14.4362,0.0077,0.0635,-0.0334,0.9974,-0.3545,0.1875,0.3855
2186,Pelvis,2,-0.4644,-0.5341,-0.4004,0.5820,-0.3279,0.4016,-0.4784,-1.4338,1.8314,-0.3314,9.3181,-2.0421,2.0757,-0.0041,0.0050,-0.0060,1.0000,0.2329,-0.0522,0.0509
2187,Left,2,0.0102,-0.2019,0.2886,-0.9359,0.0175,-0.0635,-0.0841,-0.3214,-0.0173,0.0234,-3.9018,-1.5172,8.9066,0.0002,-0.0008,-0.0011,1.0000,-0.0978,-0.0379,0.2226
2187,Right,2,-0.2469,-0.6299,0.3110,-0.6675,0.6454,3.0890,-2.4304,11.4505,-8.5736,2.0694,-10.1344,1.9115,15.4808,0.0081,0.0386,-0.0304,0.9988,-0.2366,0.0520,0.3968
2187,Pelvis,2,-0.4605,-0.5336,-0.4077,0.5806,-0.1912,0.3620,-0.5275,-2.0787,0.7058,-0.6364,8.9261,-2.8041,1.2190,-0.0024,0.0045,-0.0066,1.0000,0.2228,-0.0715,0.0296
2188,Left,2,0.0104,-0.2022,0.2896,-0.9355,-0.0053,0.0100,-0.0919,-0.0907,0.3507,0.1193,-3.9580,-1.1080,9.0489,-0.0001,0.0001,-0.0011,1.0000,-0.0990,-0.0276,0.2262
2188,Right,2,-0.2407,-0.6123,0.3411,-0.6714,1.5566,-1.8777,-1.4680,13.4485,-5.1797,-6.8648,-2.0176,6.2554,13.1610,0.0195,-0.0235,-0.0183,0.9994,-0.0554,0.1509,0.3307
2188,Pelvis,2,-0.4581,-0.5327,-0.4108,0.5810,-0.0360,0.2532,-0.2050,-2.3591,0.0110,0.0281,9.5662,-3.2299,0.6802,-0.0004,0.0032,-0.0026,1.0000,0.2390,-0.0814,0.0163
2189,Left,2,0.0110,-0.2035,0.2906,-0.9349,-0.0516,0.0828,-0.1003,-0.0874,0.2463,0.0385,-3.8788,-1.1988,8.9796,-0.0006,0.0010,-0.0013,1.0000,-0.0968,-0.0297,0.2246
2189,Right,2,-0.2339,-0.5953,0.3634,-0.6774,1.0806,-1.8101,-1.0401,7.4228,-0.4715,-11.3687,1.7850,5.5181,4.9105,0.0135,-0.0226,-0.0130,0.9996,0.0436,0.1357,0.1256
2189,Pelvis,2,-0.4578,-0.5313,-0.4095,0.5835,0.1196,0.1299,0.1804,-1.8536,-0.1710,0.0383,9.6215,-2.7839,0.4293,0.0015,0.0016,0.0023,1.0000,0.2407,-0.0691,0.0102
2190,Left,2,0.0115,-0.2052,0.2915,-0.9342,-0.0545,0.1157,-0.0943,-0.2454,0.1414,-0.0610,-3.9237,-1.3794,8.8248,-0.0007,0.0014,-0.0012,1.0000,-0.0978,-0.0342,0.2208
2190,Right,2,-0.2290,-0.5727,0.3766,-0.6911,0.7783,-2.2553,-0.1259,8.6252,-0.4870,-8.9574,-0.3360,6.3017,5.9624,0.0097,-0.0282,-0.0016,0.9996,-0.0124,0.1561,0.1503
2190,Pelvis,2,-0.4585,-0.5300,-0.4057,0.5867,0.2030,0.0371,0.3660,-1.0569,-0.0124,-0.3215,9.3283,-2.0039,0.4106,0.0025,0.0005,0.0046,1.0000,0.2334,-0.0491,0.0100
2191,Left,2,0.0116,-0.2065,0.2921,-0.9338,-0.0261,0.0943,-0.0603,-0.2413,0.0865,-0.0907,-3.9022,-1.4359,8.7917,-0.0003,0.0012,-0.0008,1.0000,-0.0973,-0.0358,0.2199
2191,Right,2,-0.2249,-0.5427,0.3777,-0.7157,0.2790,-2.9240,1.0424,8.8685,-0.8854,-7.1622,-1.4617,6.1445,6.8268,0.0035,-0.0365,0.0130,0.9992,-0.0447,0.1525,0.1697
2191,Pelvis,2,-0.4585,-0.5286,-0.4026,0.5901,0.2130,0.0998,0.3061,-0.6262,0.4703,-0.9741,8.7154,-1.4711,0.7825,0.0027,0.0012,0.0038,1.0000,0.2180,-0.0360,0.0192
2192,Left,2,0.0116,-0.2076,0.2924,-0.9334,-0.0135,0.0775,-0.0382,-0.1430,0.1383,-0.0986,-3.8743,-1.3488,8.8076,-0.0002,0.0010,-0.0005,1.0000,-0.0967,-0.0336,0.2203
2192,Right,2,-0.2206,-0.5033,0.3707,-0.7488,0.0516,-3.6807,1.9217,7.4481,-1.7250,-4.8225,-2.8283,4.4280,7.4713,0.0006,-0.0460,0.0240,0.9987,-0.0818,0.1087,0.1833
2192,Pelvis,2,-0.4573,-0.5274,-0.4010,0.5933,0.2009,0.1738,0.1652,-0.4613,0.3512,-1.3003,8.3987,-1.3527,0.6548,0.0025,0.0022,0.0021,1.0000,0.2101,-0.0334,0.0158
2193,Left,2,0.0117,-0.2086,0.2927,-0.9331,-0.0179,0.0622,-0.0283,-0.1546,0.1185,-0.0966,-3.8894,-1.3793,8.7983,-0.0002,0.0008,-0.0004,1.0000,-0.0971,-0.0344,0.2200
2193,Right,2,-0.2164,-0.4552,0.3615,-0.7844,0.1876,-4.2620,2.2884,5.6685,-2.4564,-3.4530,-3.2886,2.7133,7.7800,0.0023,-0.0532,0.0286,0.9982,-0.0943,0.0648,0.1898
2193,Pelvis,2,-0.4554,-0.5270,-0.4000,0.5957,0.2149,0.1430,0.0600,-0.3112,0.0678,-1.2996,8.4100,-1.3039,0.3822,0.0027,0.0018,0.0007,1.0000,0.2103,-0.0325,0.0091
2194,Left,2,0.0117,-0.2092,0.2927,-0.9330,-0.0068,0.0384,-0.0079,-0.2181,0.0797,-0.0751,-3.9362,-1.4542,8.7901,-0.0001,0.0005,-0.0001,1.0000,-0.0983,-0.0363,0.2198
2194,Right,2,-0.2122,-0.4000,0.3533,-0.8186,0.4463,-4.6685,2.3027,4.7287,-2.6290,-0.5011,-5.0055,2.2239,9.2811,0.0056,-0.0583,0.0288,0.9979,-0.1399,0.0504,0.2244
2194,Pelvis,2,-0.4535,-0.5272,-0.3991,0.5976,0.2035,0.0953,0.0156,-0.2796,-0.1895,-1.3227,8.3880,-1.3457,0.1568,0.0025,0.0012,0.0002,1.0000,0.2097,-0.0336,0.0036
2195,Left,2,0.0113,-0.2094,0.2924,-0.9330,0.0214,0.0158,0.0205,-0.2038,0.0695,-0.0829,-3.9255,-1.4525,8.7861,0.0003,0.0002,0.0003,1.0000,-0.0981,-0.0364,0.2197
2195,Right,2,-0.2074,-0.3371,0.3468,-0.8504,0.7215,-5.1516,2.2330,3.2767,-2.0885,3.6366,-7.7855,2.2794,11.4235,0.0090,-0.0643,0.0279,0.9975,-0.2139,0.0487,0.2727
2195,Pelvis,2,-0.4518,-0.5278,-0.3982,0.5989,0.1923,0.0553,-0.0107,-0.1257,-0.6518,-1.0400,8.6871,-1.3589,-0.2979,0.0024,0.0007,-0.0001,1.0000,0.2172,-0.0340,-0.0077
2196,Left,2,0.0109,-0.2097,0.2920,-0.9331,0.0203,0.0189,0.0356,-0.1010,0.2089,-0.0320,-3.9528,-1.2822,8.8571,0.0003,0.0002,0.0004,1.0000,-0.0988,-0.0322,0.2214
2196,Right,2,-0.2035,-0.2671,0.3409,-0.8781,1.0660,-5.5020,2.2277,0.8022,-0.4784,6.0801,-9.8742,2.6047,12.2331,0.0133,-0.0687,0.0278,0.9972,-0.2687,0.0539,0.2886
2196,Pelvis,2,-0.4498,-0.5285,-0.3980,0.6000,0.1688,0.0693,-0.0607,0.0984,-1.0610,-0.9212,8.8351,-1.2663,-0.7291,0.0021,0.0009,-0.0008,1.0000,0.2208,-0.0318,-0.0185
2197,Left,2,0.0108,-0.2106,0.2914,-0.9331,-0.0125,0.0577,0.0438,-0.0556,0.2288,-0.0546,-3.9334,-1.2340,8.8477,-0.0002,0.0007,0.0005,1.0000,-0.0982,-0.0309,0.2213
2197,Right,2,-0.2066,-0.1982,0.3296,-0.8997,1.5067,-5.0194,2.5719,-2.9027,2.0833,10.1900,-14.0249,3.6147,14.2774,0.0188,-0.0627,0.0321,0.9973,-0.3746,0.0721,0.3354
2197,Pelvis,2,-0.4477,-0.5293,-0.3986,0.6005,0.1164,0.0737,-0.1340,0.4296,-1.4484,-0.9262,8.8767,-1.0399,-1.1730,0.0015,0.0009,-0.0017,1.0000,0.2218,-0.0263,-0.0296
2198,Left,2,0.0108,-0.2119,0.2906,-0.9330,-0.0432,0.0917,0.0592,-0.1441,0.1467,-0.1027,-3.9558,-1.3450,8.7675,-0.0005,0.0011,0.0007,1.0000,-0.0986,-0.0336,0.2193
2198,Right,2,-0.2082,-0.1312,0.3080,-0.9190,1.2330,-4.7136,3.1990,-10.4577,5.3518,12.8224,-20.3018,3.1960,15.1368,0.0154,-0.0589,0.0400,0.9973,-0.5312,0.0534,0.3485
2198,Pelvis,2,-0.4454,-0.5305,-0.3999,0.6002,0.0831,0.0493,-0.2141,0.0059,-1.4934,-1.3536,8.4081,-1.3724,-1.0989,0.0010,0.0006,-0.0027,1.0000,0.2101,-0.0348,-0.0276
2199,Right,2,-0.1974,-0.0751,0.2861,-0.9346,0.0981,-4.1713,2.8169,-19.5126,9.1469,6.6967,-25.4747,0.4164,9.4223,0.0012,-0.0521,0.0352,0.9980,-0.6478,-0.0125,0.2020
2199,Pelvis,2,-0.4428,-0.5334,-0.4012,0.5987,0.1149,-0.0665,-0.3263,-0.4684,-1.4912,-2.0551,7.6662,-1.6951,-0.9897,0.0014,-0.0008,-0.0041,1.0000,0.1915,-0.0431,-0.0246
2200,Left,2,0.0094,-0.2148,0.2882,-0.9331,0.0061,0.1167,0.1018,-0.1733,-0.2058,-0.1057,-3.8267,-1.6448,8.7721,0.0002,0.0029,0.0025,1.0000,-0.1898,-0.0828,0.4391
2200,Right,2,-0.1734,-0.0332,0.2668,-0.9474,-1.1406,-3.4465,2.2498,-19.3293,14.1389,-7.1923,-23.8838,1.3917,-2.9263,-0.0143,-0.0431,0.0281,0.9986,-0.5938,0.0168,-0.0991
2200,Pelvis,2,-0.4392,-0.5376,-0.4013,0.5975,0.2595,-0.1340,-0.3421,-0.6473,-0.6053,-0.6068,9.0923,-1.6918,-0.0480,0.0032,-0.0017,-0.0043,1.0000,0.2271,-0.0433,-0.0010
2201,Left,2,0.0072,-0.2184,0.2869,-0.9327,0.0640,0.3082,0.1203,0.2495,-0.2479,-0.0775,-3.5724,-1.4364,8.9483,0.0008,0.0039,0.0015,1.0000,-0.0884,-0.0362,0.2240
2201,Right,2,-0.1624,-0.0118,0.2514,-0.9541,-0.5061,-1.6574,1.5880,-22.3138,8.3186,-19.8747,-22.0283,-7.5302,-11.2511,-0.0063,-0.0207,0.0198,0.9996,-0.5408,-0.2009,-0.2913
2201,Pelvis,2,-0.4354,-0.5410,-0.4001,0.5981,0.3685,-0.0575,-0.2126,-0.4703,-0.7468,0.9888,10.7099,-1.6478,-0.1874,0.0046,-0.0007,-0.0027,1.0000,0.2676,-0.0419,-0.0047
2202,Left,2,0.0054,-0.2264,0.2862,-0.9310,-0.0588,0.6556,0.0467,0.4593,0.1581,0.1854,-3.8566,-1.0150,9.1813,-0.0007,0.0082,0.0006,1.0000,-0.0945,-0.0253,0.2303
2202,Right,2,-0.1730,-0.0119,0.2387,-0.9555,0.7842,0.3860,1.0081,-18.4409,11.2884,-16.0502,-20.8044,-1.3673,-8.4690,0.0098,0.0048,0.0126,0.9999,-0.5207,-0.0387,-0.2096
2202,Pelvis,2,-0.4331,-0.5428,-0.3985,0.5992,0.2764,-0.0180,-0.0469,-1.2245,-1.6310,0.7063,10.3694,-2.5747,-0.8096,0.0035,-0.0002,-0.0006,1.0000,0.2592,-0.0644,-0.0204
2203,Left,2,0.0030,-0.2395,0.2855,-0.9280,-0.1299,1.0730,0.0220,0.3327,-0.0605,0.3321,-4.0959,-1.3047,9.1956,-0.0016,0.0134,0.0003,0.9999,-0.0993,-0.0323,0.2313
2203,Right,2,-0.1582,-0.0428,0.2264,-0.9601,-1.7882,2.2333,0.5976,-9.7471,6.5985,-6.4325,-11.9978,2.1191,1.2494,-0.0223,0.0279,0.0075,0.9993,-0.2993,0.0515,0.0384
2203,Pelvis,2,-0.4307,-0.5444,-0.3958,0.6012,0.3539,0.0013,0.0295,-1.0088,-2.8651,0.0064,9.7019,-2.6987,-2.0569,0.0044,0.0000,0.0004,1.0000,0.2426,-0.0671,-0.0517
2204,Left,2,-0.0008,-0.2597,0.2844,-0.9229,-0.1929,1.6836,0.0442,1.1850,-0.0837,0.4347,-3.8410,-0.9240,9.5305,-0.0024,0.0210,0.0006,0.9998,-0.0910,-0.0226,0.2403
2204,Right,2,-0.1486,-0.0710,0.2102,-0.9637,-1.3417,2.1755,0.9268,9.1353,-14.7463,10.1940,10.6105,-3.2338,24.0500,-0.0168,0.0272,0.0116,0.9994,0.2823,-0.0676,0.5949
2204,Pelvis,2,-0.4284,-0.5492,-0.3900,0.6023,0.5565,-0.3079,0.0468,-1.6065,-2.5515,0.4237,10.0498,-3.2305,-1.5617,0.0070,-0.0038,0.0006,1.0000,0.2514,-0.0803,-0.0386
2205,Right,2,-0.1590,-0.1102,0.2092,-0.9585,0.2039,3.2303,-0.4072,-10.1462,-6.7304,-3.4687,-8.0774,-8.5571,7.0761,0.0025,0.0404,-0.0051,0.9992,-0.1957,-0.2134,0.1843
2206,Left,2,-0.0202,-0.3474,0.2734,-0.8967,-0.3886,3.7325,0.3029,2.4954,-1.9323,0.1437,-2.9616,-1.8442,9.8610,-0.0097,0.0932,0.0076,0.9956,-0.1006,-0.0882,0.5048
2206,Right,2,-0.1584,-0.1347,0.2188,-0.9534,-0.2930,1.7861,-1.1273,-6.9177,4.5304,9.3953,-13.5591,5.6133,14.9020,-0.0037,0.0223,-0.0141,0.9996,-0.3285,0.1464,0.3794
2206,Pelvis,2,-0.4299,-0.5562,-0.3698,0.6076,0.6092,-0.4230,0.4800,0.4588,0.7122,2.9388,12.7427,-0.5934,0.7749,0.0152,-0.0106,0.0120,0.9998,0.6370,-0.0227,0.0451
2207,Left,2,-0.0437,-0.4246,0.2611,-0.8658,-0.2906,6.9204,0.7300,4.0071,-3.2224,0.2108,-3.3328,-2.2712,10.5339,-0.0036,0.0864,0.0091,0.9962,-0.0597,-0.0564,0.2694
2207,Right,2,-0.1468,-0.1454,0.2198,-0.9534,-1.0507,0.5927,-0.3233,-3.7018,3.0348,5.1400,-9.3351,4.3310,11.8578,-0.0131,0.0074,-0.0040,0.9999,-0.2307,0.1131,0.2967
2207,Pelvis,2,-0.4345,-0.5559,-0.3631,0.6085,0.0956,-0.3074,0.5620,1.0152,3.0533,1.4702,11.4257,0.7004,2.5735,0.0012,-0.0038,0.0070,1.0000,0.2853,0.0194,0.0655
2208,Left,2,-0.0748,-0.5187,0.2416,-0.8167,-0.2963,8.9209,1.0532,4.7107,-3.4123,0.9038,-5.5968,-2.1723,10.6424,-0.0037,0.1113,0.0131,0.9937,-0.1085,-0.0549,0.2795
2208,Right,2,-0.1375,-0.1477,0.2209,-0.9542,-0.7374,-0.0246,-0.2010,-1.4002,0.6707,1.0912,-5.1906,2.1860,9.4651,-0.0092,-0.0003,-0.0025,1.0000,-0.1297,0.0572,0.2361
2208,Pelvis,2,-0.4375,-0.5557,-0.3582,0.6095,0.1020,-0.2040,0.4079,0.2882,1.8663,0.9105,10.7521,-0.4584,1.6544,0.0013,-0.0026,0.0051,1.0000,0.2687,-0.0101,0.0420
2209,Left,2,-0.1032,-0.6120,0.2146,-0.7542,-0.6936,9.4171,1.1728,6.6513,-3.1096,8.4434,-14.5556,-1.8414,13.1821,-0.0086,0.1174,0.0146,0.9929,-0.3212,-0.0479,0.3695
2209,Right,2,-0.1314,-0.1453,0.2213,-0.9553,-0.4185,-0.3150,-0.0436,-1.3287,0.0145,0.6205,-4.6876,1.4035,9.3099,-0.0052,-0.0039,-0.0005,1.0000,-0.1181,0.0364,0.2321
2209,Pelvis,2,-0.4370,-0.5562,-0.3533,0.6123,0.3596,-0.0525,0.2777,-1.0779,2.3339,1.0552,10.7446,-1.6493,2.5600,0.0045,-0.0007,0.0035,1.0000,0.2687,-0.0406,0.0640
2210,Left,2,-0.1253,-0.6765,0.1844,-0.7019,-0.8134,7.0875,1.4724,8.3104,-6.4896,9.4023,-17.2972,-3.9103,12.9321,-0.0102,0.0885,0.0184,0.9959,-0.3997,-0.1018,0.3607
2210,Right,2,-0.1286,-0.1435,0.2210,-0.9561,-0.1855,-0.2084,0.0278,-0.8675,-0.3323,0.3712,-4.0163,1.1935,9.3284,-0.0023,-0.0026,0.0003,1.0000,-0.1010,0.0303,0.2329
2210,Pelvis,2,-0.4354,-0.5554,-0.3477,0.6173,0.4794,0.1202,0.3700,-0.5512,2.7712,0.9530,10.7233,-1.0491,2.7920,0.0060,0.0015,0.0046,1.0000,0.2683,-0.0254,0.0692
2211,Left,2,-0.1429,-0.7187,0.1529,-0.6631,-0.9496,5.0557,1.7246,9.2643,-8.9535,-1.6609,-8.0500,-4.6814,12.0864,-0.0119,0.0631,0.0215,0.9977,-0.1791,-0.1174,0.3153
2211,Right,2,-0.1279,-0.1428,0.2206,-0.9563,-0.0373,-0.0734,0.0442,-0.3897,-0.0025,0.2082,-3.6469,1.6439,9.1961,-0.0005,-0.0009,0.0006,1.0000,-0.0914,0.0412,0.2298
2211,Pelvis,2,-0.4344,-0.5524,-0.3424,0.6236,0.4209,0.2677,0.4956,0.4946,2.2659,0.7271,10.6028,-0.3404,1.9833,0.0053,0.0033,0.0062,1.0000,0.2653,-0.0071,0.0487
2212,Left,2,-0.1477,-0.7416,0.1301,-0.6413,-1.0821,2.7950,0.9587,20.3156,-13.7450,6.2877,-18.5546,-4.8302,22.2187,-0.0135,0.0349,0.0120,0.9992,-0.4426,-0.1185,0.5728
2212,Right,2,-0.1283,-0.1431,0.2202,-0.9563,0.0376,0.0278,0.0453,-0.3134,-0.0339,0.1045,-3.5308,1.6333,9.1278,0.0005,0.0003,0.0006,1.0000,-0.0882,0.0407,0.2282
2212,Pelvis,2,-0.4333,-0.5500,-0.3397,0.6279,0.2603,0.2500,0.2871,1.3719,1.7641,0.9908,10.9602,0.1266,1.2525,0.0033,0.0031,0.0036,1.0000,0.2741,0.0040,0.0305
2213,Left,2,-0.1367,-0.7145,0.1311,-0.6735,-0.5970,-3.4238,-0.0489,8.8850,-9.5118,-9.1976,-1.7887,-5.4367,11.7102,-0.0075,-0.0428,-0.0006,0.9991,-0.0573,-0.1337,0.2915
2213,Right,2,-0.1294,-0.1439,0.2194,-0.9562,0.0716,0.0746,0.0703,-0.2755,0.0267,0.0147,-3.5038,1.7009,9.0269,0.0009,0.0009,0.0009,1.0000,-0.0874,0.0422,0.2258
2213,Pelvis,2,-0.4310,-0.5495,-0.3409,0.6294,0.1028,0.1900,-0.1049,1.5111,1.2004,-0.2437,9.7332,0.2192,0.7125,0.0013,0.0024,-0.0013,1.0000,0.2434,0.0051,0.0172
2214,Left,2,-0.1283,-0.6892,0.1341,-0.7004,-0.3052,-3.0033,-0.0746,4.9212,-2.9653,-11.4362,1.5115,-0.9372,5.7009,-0.0038,-0.0375,-0.0009,0.9993,0.0324,-0.0229,0.1439
2214,Right,2,-0.1310,-0.1452,0.2182,-0.9561,0.0994,0.1268,0.1017,-0.2462,0.0347,-0.0395,-3.4854,1.7346,8.9677,0.0012,0.0016,0.0013,1.0000,-0.0868,0.0430,0.2244
2214,Pelvis,2,-0.4274,-0.5505,-0.3439,0.6293,0.0790,0.1506,-0.3500,1.0117,1.0193,-1.5360,8.3666,-0.0355,0.7519,0.0010,0.0019,-0.0044,1.0000,0.2092,-0.0018,0.0184
2215,Right,2,-0.1328,-0.1468,0.2172,-0.9558,0.1114,0.1572,0.0861,-0.1777,0.1470,-0.1127,-3.4746,1.8782,8.8625,0.0014,0.0020,0.0011,1.0000,-0.0865,0.0466,0.2218
2215,Pelvis,2,-0.4240,-0.5524,-0.3469,0.6282,0.0559,0.0491,-0.3900,0.3298,0.6692,-1.1419,8.6371,-0.7737,0.7360,0.0007,0.0006,-0.0049,1.0000,0.2158,-0.0204,0.0183
2216,Left,2,-0.1006,-0.6224,0.1512,-0.7614,-0.2550,-3.7845,-0.5731,6.6771,-4.0563,-5.1141,-3.7871,-1.4778,8.1757,-0.0064,-0.0945,-0.0143,0.9954,-0.2278,-0.0683,0.3889
2216,Right,2,-0.1341,-0.1483,0.2167,-0.9556,0.0846,0.1349,0.0474,-0.1110,0.1677,-0.1955,-3.4287,1.9347,8.7767,0.0011,0.0017,0.0006,1.0000,-0.0854,0.0481,0.2196
2216,Pelvis,2,-0.4211,-0.5534,-0.3491,0.6282,0.0784,0.1047,-0.2742,0.1463,0.4436,-1.0861,8.6633,-0.9654,0.6226,0.0010,0.0013,-0.0034,1.0000,0.2165,-0.0249,0.0153
2217,Left,2,-0.0859,-0.5680,0.1687,-0.8009,0.3167,-5.5648,-0.8774,6.9725,-1.4752,-3.1404,-4.5377,0.8453,8.6113,0.0040,-0.0695,-0.0110,0.9975,-0.1278,0.0217,0.2068
2217,Right,2,-0.1349,-0.1495,0.2165,-0.9553,0.0464,0.0987,0.0108,-0.0947,0.0445,-0.2481,-3.3776,1.8384,8.7581,0.0006,0.0012,0.0001,1.0000,-0.0842,0.0458,0.2191
2217,Pelvis,2,-0.4189,-0.5535,-0.3511,0.6284,0.0367,0.1340,-0.1991,0.1719,0.2142,-1.4029,8.3514,-0.9379,0.4185,0.0005,0.0017,-0.0025,1.0000,0.2087,-0.0240,0.0101
2218,Left,2,-0.0667,-0.5068,0.1813,-0.8401,-0.0915,-6.0332,-0.7313,6.2981,-0.0290,-1.4220,-5.3644,1.7720,8.8517,-0.0011,-0.0753,-0.0091,0.9971,-0.1498,0.0459,0.2103
2218,Right,2,-0.1352,-0.1505,0.2169,-0.9550,0.0261,0.0728,-0.0323,-0.1244,0.0240,-0.2486,-3.4174,1.8108,8.7482,0.0003,0.0009,-0.0004,1.0000,-0.0852,0.0452,0.2188
2218,Pelvis,2,-0.4176,-0.5535,-0.3529,0.6282,-0.0243,0.0847,-0.1555,0.1411,0.0268,-1.9542,7.8003,-0.9293,0.2617,-0.0003,0.0011,-0.0019,1.0000,0.1950,-0.0236,0.0063
2219,Left,2,-0.0451,-0.4400,0.1883,-0.8769,-0.3938,-6.3123,-0.4528,4.6597,-0.2811,2.4341,-7.9065,0.4977,10.4583,-0.0049,-0.0788,-0.0057,0.9969,-0.2173,0.0149,0.2447
2219,Right,2,-0.1347,-0.1513,0.2179,-0.9547,-0.0226,0.0333,-0.0844,-0.1357,0.2068,-0.2049,-3.5275,1.9650,8.7216,-0.0003,0.0004,-0.0011,1.0000,-0.0880,0.0493,0.2181
2219,Pelvis,2,-0.4168,-0.5535,-0.3551,0.6276,-0.0744,0.0703,-0.1639,0.7285,-0.1045,-1.1873,8.6410,-0.5198,-0.0492,-0.0009,0.0009,-0.0020,1.0000,0.2160,-0.0134,-0.0014
2220,Left,2,-0.0194,-0.3672,0.1915,-0.9100,-0.7082,-6.6545,-0.3637,1.7120,-0.0884,7.1190,-11.3933,-1.0786,12.6224,-0.0088,-0.0831,-0.0045,0.9965,-0.3098,-0.0229,0.2907
2220,Right,2,-0.1336,-0.1516,0.2193,-0.9545,-0.0618,-0.0117,-0.1164,-0.0747,0.1104,-0.2635,-3.4285,1.8767,8.7137,-0.0008,-0.0001,-0.0015,1.0000,-0.0857,0.0472,0.2178
2220,Pelvis,2,-0.4164,-0.5527,-0.3574,0.6272,-0.1147,0.1114,-0.1122,1.1916,-0.4347,-0.5672,9.3149,-0.2810,-0.4920,-0.0014,0.0014,-0.0014,1.0000,0.2328,-0.0074,-0.0126
2221,Left,2,0.0143,-0.2996,0.1974,-0.9333,-1.2740,-6.1149,-0.9605,-5.2164,0.6992,11.2045,-16.8802,-3.8668,13.0558,-0.0159,-0.0764,-0.0120,0.9969,-0.4464,-0.0865,0.2943
2221,Right,2,-0.1325,-0.1524,0.2205,-0.9542,-0.0710,0.0196,-0.1166,0.0260,0.0104,-0.1552,-3.3509,1.8289,8.8710,-0.0009,0.0002,-0.0015,1.0000,-0.0837,0.0460,0.2218
2221,Pelvis,2,-0.4165,-0.5512,-0.3595,0.6272,-0.1387,0.1431,-0.0494,1.2756,-0.9856,-0.1653,9.7209,-0.4533,-0.9845,-0.0017,0.0018,-0.0006,1.0000,0.2430,-0.0115,-0.0250
2222,Left,2,0.0498,-0.2342,0.2218,-0.9452,-1.0105,-5.6846,-2.5563,-17.7761,5.0490,14.6674,-27.7409,-6.3362,11.5303,-0.0126,-0.0710,-0.0319,0.9969,-0.7162,-0.1325,0.2397
2222,Right,2,-0.1316,-0.1539,0.2219,-0.9538,-0.0577,0.0766,-0.1260,-0.0221,-0.0736,-0.1012,-3.3977,1.7160,8.9348,-0.0007,0.0010,-0.0016,1.0000,-0.0847,0.0432,0.2234
2222,Pelvis,2,-0.4177,-0.5493,-0.3609,0.6273,-0.1683,0.1084,0.0481,1.2992,-1.3436,-0.6961,9.1986,-0.5009,-1.3189,-0.0021,0.0014,0.0006,1.0000,0.2299,-0.0125,-0.0333
2223,Left,2,0.0611,-0.1708,0.2540,-0.9500,0.8974,-4.9455,-2.8121,-26.3686,10.4192,2.6385,-30.6346,-4.6575,0.6196,0.0112,-0.0618,-0.0351,0.9974,-0.7683,-0.0893,-0.0331
2223,Right,2,-0.1309,-0.1560,0.2236,-0.9532,-0.0569,0.1272,-0.1637,0.0379,0.1258,-0.0407,-3.4761,1.8991,8.9342,-0.0007,0.0016,-0.0020,1.0000,-0.0864,0.0478,0.2235
2223,Pelvis,2,-0.4210,-0.5473,-0.3610,0.6268,-0.2406,-0.0142,0.1910,1.4209,-1.2611,-1.8232,8.0998,-0.2318,-1.3345,-0.0030,-0.0002,0.0024,1.0000,0.2025,-0.0054,-0.0333
2224,Left,2,0.0548,-0.1186,0.2777,-0.9517,1.8812,-3.7347,-1.9371,-21.9499,12.0416,-11.7943,-23.7478,-0.1150,-8.2105,0.0235,-0.0467,-0.0242,0.9983,-0.5830,0.0166,-0.2324
2224,Right,2,-0.1297,-0.1590,0.2262,-0.9522,-0.0859,0.1812,-0.2524,0.2932,0.1020,0.0366,-3.3245,1.9747,9.0638,-0.0011,0.0023,-0.0032,1.0000,-0.0824,0.0499,0.2267
2225,Left,2,0.0681,-0.0953,0.2809,-0.9526,-0.4488,-2.0637,-0.4524,-15.6937,16.0426,-17.4135,-20.3460,6.6189,-10.1879,-0.0056,-0.0258,-0.0057,0.9996,-0.5009,0.1668,-0.2686
2225,Right,2,-0.1291,-0.1632,0.2291,-0.9509,-0.0586,0.2911,-0.2876,0.0375,-0.3534,-0.0308,-3.4068,1.4063,9.0680,-0.0007,0.0036,-0.0036,1.0000,-0.0842,0.0356,0.2270
2225,Pelvis,2,-0.4303,-0.5447,-0.3598,0.6234,-0.3015,-0.1598,0.2288,0.9973,-0.5725,-0.2292,9.6182,-0.6316,-0.5085,-0.0075,-0.0040,0.0057,0.9999,0.4812,-0.0290,-0.0233
2226,Left,2,0.0865,-0.0996,0.2729,-0.9530,-1.5549,-0.1288,0.4985,-19.0218,8.9054,-17.6164,-19.4608,-0.7478,-11.0811,-0.0194,-0.0016,0.0062,0.9998,-0.4859,-0.0271,-0.2773
2226,Right,2,-0.1303,-0.1703,0.2320,-0.9488,0.0334,0.5466,-0.3065,0.1811,-0.2987,0.0847,-3.4590,1.5102,9.1562,0.0004,0.0068,-0.0038,1.0000,-0.0848,0.0380,0.2295
2226,Pelvis,2,-0.4329,-0.5432,-0.3613,0.6221,-0.2755,-0.0083,0.0520,2.1276,-0.5553,0.4892,10.4899,0.2541,-0.9285,-0.0034,-0.0001,0.0006,1.0000,0.2622,0.0064,-0.0232
2227,Left,2,0.0641,-0.1181,0.2741,-0.9523,1.3150,1.8976,0.1951,-6.5344,1.1593,-4.3605,-6.9323,-3.4325,3.7334,0.0164,0.0237,0.0024,0.9996,-0.1708,-0.0878,0.0960
2227,Right,2,-0.1330,-0.1811,0.2352,-0.9456,0.0893,0.8747,-0.3716,0.1994,-0.1935,0.3114,-3.7521,1.6278,9.2656,0.0011,0.0109,-0.0046,0.9999,-0.0911,0.0409,0.2327
2227,Pelvis,2,-0.4367,-0.5406,-0.3640,0.6201,-0.4464,0.0287,0.0687,2.5127,-1.5049,-0.1054,9.9405,0.3486,-1.9684,-0.0056,0.0004,0.0009,1.0000,0.2485,0.0087,-0.0493
2228,Left,2,0.0522,-0.1375,0.2830,-0.9478,0.5534,1.8206,-0.5692,16.6921,-2.1064,2.8360,12.0395,4.5246,16.6649,0.0069,0.0228,-0.0071,0.9997,0.3112,0.1081,0.4104
2228,Right,2,-0.1376,-0.1976,0.2383,-0.9409,0.1446,1.3621,-0.4218,0.8257,-0.6443,0.5602,-3.4437,1.5821,9.7131,0.0018,0.0170,-0.0053,0.9998,-0.0817,0.0395,0.2443
2228,Pelvis,2,-0.4432,-0.5390,-0.3656,0.6159,-0.5873,-0.2312,0.1373,1.9391,0.0347,-0.2847,9.7096,0.3787,-0.3526,-0.0073,-0.0029,0.0017,1.0000,0.2427,0.0098,-0.0082
2229,Left,2,0.0389,-0.1844,0.2810,-0.9410,-0.0954,3.9218,0.3358,-7.1702,10.0124,5.7095,-15.4710,1.9149,12.2429,-0.0012,0.0490,0.0042,0.9988,-0.3714,0.0467,0.3245
2229,Pelvis,2,-0.4482,-0.5388,-0.3701,0.6098,-0.6602,-0.2370,-0.1744,-0.2531,-0.4158,1.5872,11.2187,-2.0820,-0.0587,-0.0083,-0.0030,-0.0022,1.0000,0.2804,-0.0527,-0.0002
2230,Left,2,0.0257,-0.2080,0.2777,-0.9375,0.4106,2.1056,0.4342,-5.5994,2.0996,6.3676,-11.0988,-3.8552,12.6329,0.0051,0.0263,0.0054,0.9996,-0.2685,-0.0995,0.3225
2230,Right,2,-0.1556,-0.2690,0.2473,-0.9178,0.2083,2.9907,-0.8026,2.4777,-1.0645,0.7801,-3.0370,2.0919,10.3014,0.0052,0.0747,-0.0200,0.9970,-0.1107,0.1044,0.5249
2230,Pelvis,2,-0.4506,-0.5413,-0.3731,0.6040,-0.3754,-0.3337,-0.3049,-1.6338,1.7756,2.5349,12.0490,-2.7412,2.3649,-0.0047,-0.0042,-0.0038,1.0000,0.3007,-0.0694,0.0607
2231,Left,2,0.0124,-0.2122,0.2786,-0.9366,0.9186,0.6165,0.1397,-2.2296,3.5820,4.6738,-9.1366,-0.3286,12.0036,0.0115,0.0077,0.0017,0.9999,-0.2261,-0.0121,0.3017
2231,Right,2,-0.1751,-0.3352,0.2507,-0.8911,0.5318,5.7676,-1.1709,3.9374,-1.4094,1.3650,-3.8210,2.6802,10.9958,0.0066,0.0720,-0.0146,0.9973,-0.0744,0.0663,0.2812
2231,Pelvis,2,-0.4520,-0.5432,-0.3749,0.6000,-0.2289,-0.2400,-0.2133,-1.8926,1.0583,2.0793,11.5699,-3.0851,1.6560,-0.0029,-0.0030,-0.0027,1.0000,0.2889,-0.0778,0.0425
2232,Left,2,0.0074,-0.2085,0.2816,-0.9366,0.5099,-0.1691,-0.1463,-2.1322,1.5241,2.0936,-7.0423,-1.4487,9.8456,0.0064,-0.0021,-0.0018,1.0000,-0.1766,-0.0375,0.2455
2232,Pelvis,2,-0.4535,-0.5439,-0.3766,0.5972,-0.2280,-0.1381,-0.1193,-0.2243,1.7230,2.1472,11.8972,-1.2787,1.6970,-0.0028,-0.0017,-0.0015,1.0000,0.2973,-0.0323,0.0430
2233,Left,2,0.0081,-0.2048,0.2851,-0.9363,0.1025,-0.3013,-0.2896,-0.1343,1.4820,1.0940,-5.0680,-0.2620,9.7681,0.0013,-0.0038,-0.0036,1.0000,-0.1276,-0.0064,0.2437
2233,Right,2,-0.2112,-0.5082,0.2627,-0.7925,0.4201,7.8201,-2.1540,6.1571,-0.9740,4.5279,-8.3947,4.5369,12.5236,0.0104,0.1942,-0.0535,0.9795,-0.2755,0.2373,0.6922
2233,Pelvis,2,-0.4546,-0.5425,-0.3811,0.5948,-0.3685,0.0927,-0.1908,-0.0749,3.2856,2.4095,12.2466,-0.6678,3.1234,-0.0046,0.0012,-0.0024,1.0000,0.3062,-0.0171,0.0778
2234,Left,2,0.0109,-0.2054,0.2881,-0.9352,-0.1757,-0.0063,-0.2971,-0.0610,0.1931,0.2596,-3.9638,-1.2336,9.1792,-0.0022,-0.0001,-0.0037,1.0000,-0.0992,-0.0300,0.2295
2234,Right,2,-0.2139,-0.5668,0.2773,-0.7457,0.3302,5.4231,-2.7795,9.8921,-0.9583,11.1305,-16.8642,6.4260,14.5852,0.0041,0.0677,-0.0347,0.9971,-0.3897,0.1730,0.3925
2234,Pelvis,2,-0.4532,-0.5408,-0.3885,0.5926,-0.3826,0.2945,-0.4142,-1.2258,2.6047,1.0455,10.7241,-1.7284,2.8624,-0.0048,0.0037,-0.0052,1.0000,0.2681,-0.0443,0.0708
2235,Left,2,0.0132,-0.2075,0.2901,-0.9341,-0.1789,0.1140,-0.2136,-0.3485,-0.1075,0.1425,-3.9773,-1.6880,8.9761,-0.0022,0.0014,-0.0027,1.0000,-0.0992,-0.0414,0.2246
2235,Right,2,-0.2025,-0.6122,0.2867,-0.7085,-0.6086,3.9911,-2.6747,11.7505,-2.7467,-1.7678,-5.6946,5.4060,12.2041,-0.0076,0.0499,-0.0334,0.9982,-0.1223,0.1418,0.3105
2235,Pelvis,2,-0.4491,-0.5399,-0.3969,0.5911,-0.2525,0.4117,-0.5880,-1.7811,1.8260,0.1865,9.7884,-2.2730,2.3481,-0.0032,0.0051,-0.0073,1.0000,0.2446,-0.0584,0.0576
2236,Left,2,0.0146,-0.2099,0.2913,-0.9332,-0.1366,0.1492,-0.1379,-0.1185,0.1511,0.0919,-3.9534,-1.3959,8.9755,-0.0017,0.0019,-0.0017,1.0000,-0.0985,-0.0343,0.2246
2236,Right,2,-0.2000,-0.6164,0.3068,-0.6971,0.9419,0.4097,-1.5838,13.7610,-7.0458,1.3150,-8.7926,3.0057,16.6283,0.0118,0.0051,-0.0198,0.9997,-0.2162,0.0745,0.4177
2237,Left,2,0.0160,-0.2127,0.2924,-0.9322,-0.1484,0.1838,-0.1302,-0.2106,0.2604,0.0856,-4.1144,-1.4000,8.8994,-0.0019,0.0023,-0.0016,1.0000,-0.1024,-0.0344,0.2228
2237,Right,2,-0.2009,-0.6029,0.3282,-0.6989,1.4160,-1.1548,-0.8896,9.7393,0.2361,-10.0212,0.6944,6.8912,6.8552,0.0177,-0.0144,-0.0111,0.9997,0.0167,0.1690,0.1746
2237,Pelvis,2,-0.4452,-0.5358,-0.4026,0.5938,-0.0445,0.3208,-0.1018,-2.4528,0.2939,0.2091,9.7217,-3.2596,1.1854,-0.0011,0.0080,-0.0025,1.0000,0.4861,-0.1642,0.0556
2238,Left,2,0.0174,-0.2156,0.2936,-0.9311,-0.1472,0.1913,-0.1375,-0.1436,0.2387,0.0112,-4.0635,-1.4176,8.8354,-0.0018,0.0024,-0.0017,1.0000,-0.1011,-0.0349,0.2212
2238,Right,2,-0.1976,-0.5861,0.3408,-0.7080,0.7291,-1.6620,-0.3555,8.1815,-0.1074,-8.6798,-0.5054,5.5826,6.0677,0.0091,-0.0208,-0.0044,0.9997,-0.0152,0.1382,0.1527
2238,Pelvis,2,-0.4447,-0.5330,-0.4010,0.5977,0.1421,0.2524,0.2812,-1.8633,-0.1317,-1.0437,8.5227,-2.6988,0.6821,0.0018,0.0032,0.0035,1.0000,0.2134,-0.0668,0.0163
2239,Left,2,0.0188,-0.2184,0.2947,-0.9301,-0.1423,0.1863,-0.1347,-0.1125,0.1628,-0.0753,-4.0038,-1.4962,8.7514,-0.0018,0.0023,-0.0017,1.0000,-0.0996,-0.0368,0.2191
2239,Right,2,-0.1975,-0.5592,0.3467,-0.7267,0.7157,-2.4820,0.5989,7.2859,-0.6480,-7.9093,-0.8647,4.5905,5.9433,0.0089,-0.0310,0.0075,0.9995,-0.0271,0.1132,0.1488
2239,Pelvis,2,-0.4437,-0.5321,-0.3986,0.6009,0.2336,0.1280,0.2071,-1.1571,0.0262,-0.9005,8.7238,-2.0450,0.6923,0.0029,0.0016,0.0026,1.0000,0.2183,-0.0506,0.0168
2240,Left,2,0.0197,-0.2206,0.2955,-0.9293,-0.1034,0.1501,-0.0944,-0.2053,-0.0409,-0.1663,-3.9567,-1.7385,8.6266,-0.0013,0.0019,-0.0012,1.0000,-0.0986,-0.0431,0.2159
2240,Right,2,-0.1991,-0.5230,0.3447,-0.7537,0.5894,-3.2287,1.4996,7.0359,-0.7935,-6.0495,-2.0644,4.2709,6.4679,0.0074,-0.0403,0.0187,0.9990,-0.0601,0.1045,0.1602
2240,Pelvis,2,-0.4413,-0.5313,-0.3974,0.6042,0.2625,0.2088,0.0911,-0.8506,0.2592,-1.4752,8.1765,-1.6507,0.8517,0.0033,0.0026,0.0011,1.0000,0.2045,-0.0411,0.0206
2241,Left,2,0.0201,-0.2219,0.2959,-0.9289,-0.0475,0.0844,-0.0480,-0.2448,0.0073,-0.1421,-4.0465,-1.7483,8.6110,-0.0006,0.0011,-0.0006,1.0000,-0.1010,-0.0435,0.2154
2241,Right,2,-0.1994,-0.4789,0.3361,-0.7861,0.3674,-3.8579,2.1296,5.4757,-1.6878,-4.3323,-2.9713,2.6193,6.8732,0.0046,-0.0482,0.0266,0.9985,-0.0841,0.0625,0.1682
2241,Pelvis,2,-0.4389,-0.5309,-0.3964,0.6070,0.2491,0.1786,0.0472,-0.6593,0.0440,-1.2855,8.3835,-1.5631,0.6496,0.0031,0.0022,0.0006,1.0000,0.2096,-0.0390,0.0157
2242,Left,2,0.0203,-0.2227,0.2961,-0.9286,-0.0280,0.0439,-0.0302,-0.1434,0.1743,-0.0768,-4.1069,-1.5798,8.6877,-0.0004,0.0005,-0.0004,1.0000,-0.1026,-0.0394,0.2173
2242,Right,2,-0.1994,-0.4279,0.3252,-0.8194,0.4240,-4.2959,2.3947,4.0804,-2.5754,-2.0879,-4.2394,1.2608,7.9681,0.0053,-0.0537,0.0299,0.9981,-0.1173,0.0271,0.1933
2242,Pelvis,2,-0.4368,-0.5311,-0.3951,0.6091,0.2391,0.0972,0.0340,-0.4696,-0.0811,-1.5167,8.1755,-1.4001,0.5002,0.0030,0.0012,0.0004,1.0000,0.2044,-0.0350,0.0122
2243,Left,2,0.0208,-0.2235,0.2961,-0.9284,-0.0461,0.0416,-0.0123,-0.1001,0.1421,-0.0881,-4.0637,-1.5920,8.6919,-0.0006,0.0005,-0.0002,1.0000,-0.1015,-0.0397,0.2174
2243,Right,2,-0.1986,-0.3700,0.3160,-0.8508,0.6498,-4.7343,2.3175,2.1935,-3.0752,0.7614,-6.2052,0.1411,9.3662,0.0081,-0.0591,0.0289,0.9978,-0.1686,-0.0031,0.2244
2243,Pelvis,2,-0.4355,-0.5314,-0.3943,0.6103,0.1515,0.0542,0.0072,-0.1942,-0.1974,-1.2349,8.4897,-1.2093,0.3440,0.0019,0.0007,0.0001,1.0000,0.2123,-0.0302,0.0084
2244,Left,2,0.0207,-0.2238,0.2955,-0.9285,-0.0101,0.0131,0.0391,-0.1544,0.0214,-0.1612,-4.0150,-1.7139,8.6092,-0.0001,0.0002,0.0005,1.0000,-0.1003,-0.0429,0.2153
2244,Right,2,-0.2002,-0.3101,0.3122,-0.8754,1.1305,-4.6921,1.8786,-0.8323,-3.3630,1.6096,-7.2550,-1.4980,9.3690,0.0141,-0.0586,0.0235,0.9979,-0.1937,-0.0451,0.2225
2244,Pelvis,2,-0.4346,-0.5317,-0.3942,0.6107,0.0712,0.0229,-0.0278,-0.1718,-0.4232,-1.1632,8.5678,-1.2632,0.1383,0.0009,0.0003,-0.0003,1.0000,0.2142,-0.0317,0.0034
2245,Left,2,0.0203,-0.2237,0.2947,-0.9288,0.0267,-0.0096,0.0685,-0.1108,0.0589,-0.1711,-4.0053,-1.6513,8.6144,0.0003,-0.0001,0.0009,1.0000,-0.1001,-0.0414,0.2153
2245,Right,2,-0.2083,-0.2507,0.3141,-0.8917,1.8391,-4.3773,1.4254,-3.5427,-2.1260,9.6340,-13.4974,-0.2875,14.6112,0.0230,-0.0547,0.0178,0.9981,-0.3564,-0.0215,0.3457
2246,Left,2,0.0196,-0.2232,0.2938,-0.9292,0.0550,-0.0384,0.0886,-0.1337,0.1183,-0.1598,-4.0598,-1.6007,8.6120,0.0007,-0.0005,0.0011,1.0000,-0.1016,-0.0403,0.2152
2246,Right,2,-0.2115,-0.1863,0.3175,-0.9054,1.6916,-4.8336,1.2387,-4.9016,-0.0274,11.6737,-14.7475,1.8941,16.2883,0.0211,-0.0604,0.0155,0.9978,-0.3930,0.0331,0.3847
2246,Pelvis,2,-0.4335,-0.5324,-0.3954,0.6101,0.0022,0.0081,-0.0763,-0.1937,-0.7706,-1.0143,8.7226,-1.3891,-0.1710,0.0001,0.0002,-0.0019,1.0000,0.4360,-0.0703,-0.0086
2247,Left,2,0.0188,-0.2225,0.2929,-0.9297,0.0678,-0.0555,0.0890,-0.1316,0.0948,-0.0477,-4.0860,-1.6161,8.7220,0.0008,-0.0007,0.0011,1.0000,-0.1023,-0.0407,0.2179
2247,Right,2,-0.2124,-0.1273,0.3174,-0.9154,1.4045,-4.3924,1.2776,-9.8707,4.8033,11.2428,-18.7134,3.0741,14.3122,0.0175,-0.0549,0.0160,0.9982,-0.4876,0.0632,0.3326
2247,Pelvis,2,-0.4326,-0.5330,-0.3972,0.6091,-0.0428,0.0122,-0.1825,-0.7009,-0.7937,-1.0896,8.5941,-1.8310,-0.0393,-0.0005,0.0002,-0.0023,1.0000,0.2147,-0.0463,-0.0010
2248,Left,2,0.0177,-0.2220,0.2918,-0.9302,0.0787,-0.0330,0.0994,-0.1081,-0.0833,-0.0701,-3.9579,-1.7227,8.7352,0.0010,-0.0004,0.0012,1.0000,-0.0990,-0.0434,0.2183
2248,Right,2,-0.2077,-0.0724,0.3082,-0.9255,0.7946,-4.0747,1.8133,-13.4789,7.8355,4.8308,-19.3853,2.0311,8.8362,0.0099,-0.0509,0.0227,0.9984,-0.4960,0.0376,0.1962
2248,Pelvis,2,-0.4312,-0.5339,-0.3998,0.6076,-0.0588,0.0276,-0.2629,-0.3777,-0.5433,-0.9746,8.7490,-1.4117,0.1089,-0.0007,0.0003,-0.0033,1.0000,0.2186,-0.0360,0.0027
2249,Left,2,0.0161,-0.2218,0.2908,-0.9306,0.1128,0.0039,0.1106,-0.1341,-0.1187,-0.0338,-3.9756,-1.7413,8.7648,0.0014,0.0000,0.0014,1.0000,-0.0993,-0.0440,0.2191
2249,Right,2,-0.1953,-0.0288,0.2943,-0.9351,-0.0768,-3.3500,1.9203,-14.7930,8.5910,-5.2515,-17.6642,-0.6928,1.0864,-0.0010,-0.0419,0.0240,0.9988,-0.4416,-0.0279,0.0087
2249,Pelvis,2,-0.4299,-0.5354,-0.4022,0.6056,-0.0609,-0.0330,-0.2904,-0.1241,-0.3207,-0.1593,9.5901,-1.1191,0.2880,-0.0008,-0.0004,-0.0036,1.0000,0.2396,-0.0288,0.0073
2250,Left,2,0.0142,-0.2223,0.2902,-0.9307,0.1201,0.0745,0.0735,0.0039,-0.1273,-0.0061,-3.8958,-1.6452,8.8488,0.0015,0.0009,0.0009,1.0000,-0.0972,-0.0416,0.2212
2250,Right,2,-0.1889,-0.0008,0.2865,-0.9393,0.1108,-2.1344,1.1159,-17.1296,6.7344,-14.8850,-17.1567,-6.1061,-5.7425,0.0014,-0.0267,0.0139,0.9995,-0.4227,-0.1584,-0.1551
2250,Pelvis,2,-0.4287,-0.5371,-0.4036,0.6040,-0.0012,-0.0658,-0.2309,0.1777,-0.3658,0.4078,10.1930,-0.8343,0.1730,-0.0000,-0.0008,-0.0029,1.0000,0.2548,-0.0216,0.0045
2251,Left,2,0.0125,-0.2254,0.2899,-0.9300,0.0552,0.2688,0.0393,0.2353,-0.0286,0.0426,-3.8427,-1.4232,8.9662,0.0007,0.0034,0.0005,1.0000,-0.0953,-0.0358,0.2245
2251,Right,2,-0.1959,0.0078,0.2778,-0.9404,0.7076,-0.3544,0.8173,-13.0227,8.8324,-14.6050,-15.1569,-1.8595,-6.1145,0.0088,-0.0044,0.0102,0.9999,-0.3777,-0.0490,-0.1550
2251,Pelvis,2,-0.4284,-0.5380,-0.4044,0.6029,-0.0299,-0.0506,-0.1130,-0.7879,-1.0174,-0.1486,9.5682,-1.8599,-0.2005,-0.0004,-0.0006,-0.0014,1.0000,0.2391,-0.0468,-0.0048
2252,Left,2,0.0105,-0.2321,0.2895,-0.9285,-0.0068,0.5621,0.0318,0.3291,-0.2434,0.0715,-3.7660,-1.5483,9.0159,-0.0001,0.0070,0.0004,1.0000,-0.0925,-0.0387,0.2261
2252,Right,2,-0.1851,-0.0109,0.2630,-0.9468,-1.3046,1.4044,0.9782,-12.2120,6.6645,-9.1451,-13.8953,-0.7942,-0.5626,-0.0163,0.0176,0.0122,0.9996,-0.3473,-0.0243,-0.0076
2252,Pelvis,2,-0.4272,-0.5396,-0.4039,0.6027,0.1321,-0.0653,-0.0919,-1.3117,-2.1023,-0.3850,9.3172,-2.6471,-1.0975,0.0017,-0.0008,-0.0011,1.0000,0.2329,-0.0664,-0.0274
2253,Left,2,0.0070,-0.2432,0.2888,-0.9260,-0.0021,0.9447,0.0638,0.4149,-0.1709,0.1673,-3.9582,-1.4544,9.0566,-0.0000,0.0118,0.0008,0.9999,-0.0962,-0.0364,0.2276
2253,Right,2,-0.1733,-0.0401,0.2482,-0.9522,-1.5945,2.1634,0.8002,-3.0535,-2.5705,0.4705,-2.8681,-0.2120,10.6511,-0.0199,0.0270,0.0100,0.9994,-0.0644,-0.0006,0.2681
2254,Left,2,0.0023,-0.2622,0.2876,-0.9212,-0.1203,1.6023,0.0801,1.2750,0.0268,0.2853,-3.8024,-0.8591,9.4028,-0.0015,0.0200,0.0010,0.9998,-0.0903,-0.0212,0.2369
2254,Right,2,-0.1697,-0.0620,0.2459,-0.9523,-0.7081,1.6262,-0.1317,3.7576,-13.1931,0.9059,7.3040,-5.7385,14.7249,-0.0089,0.0203,-0.0016,0.9998,0.1898,-0.1405,0.3656
2254,Pelvis,2,-0.4231,-0.5486,-0.3947,0.6035,0.4572,-0.2912,-0.0088,-1.6116,-2.3350,0.1509,9.8231,-3.0487,-1.2390,0.0114,-0.0073,-0.0002,0.9999,0.4916,-0.1519,-0.0601
2255,Left,2,-0.0043,-0.2957,0.2838,-0.9121,-0.3541,2.8045,0.2138,2.1679,-1.2607,0.0670,-2.9260,-1.4747,9.6543,-0.0044,0.0350,0.0027,0.9994,-0.0645,-0.0360,0.2439
2255,Right,2,-0.1814,-0.0968,0.2500,-0.9462,0.3188,2.8474,-0.8382,-9.4503,-1.1776,1.6246,-10.3714,-2.3096,10.4255,0.0040,0.0356,-0.0105,0.9993,-0.2504,-0.0561,0.2694
2255,Pelvis,2,-0.4239,-0.5530,-0.3859,0.6046,0.5227,-0.4837,0.3422,0.4984,-0.3826,1.5935,11.4073,-0.5936,-0.1336,0.0065,-0.0060,0.0043,1.0000,0.2853,-0.0136,-0.0017
2256,Left,2,-0.0175,-0.3483,0.2768,-0.8954,-0.3865,4.5279,0.4202,2.9814,-1.9731,0.1068,-2.9618,-1.7257,9.9774,-0.0048,0.0566,0.0052,0.9984,-0.0596,-0.0423,0.2533
2256,Right,2,-0.1849,-0.1222,0.2582,-0.9403,-0.0752,1.9154,-1.0692,-1.7035,5.0558,5.0893,-8.1330,7.5006,11.3221,-0.0009,0.0239,-0.0134,0.9996,-0.1939,0.1904,0.2876
2256,Pelvis,2,-0.4279,-0.5560,-0.3775,0.6044,0.2645,-0.5614,0.4692,1.1474,1.3287,2.1333,12.0147,0.4367,1.1171,0.0033,-0.0070,0.0059,1.0000,0.3001,0.0126,0.0301
2257,Left,2,-0.0394,-0.4250,0.2666,-0.8642,-0.3616,6.8662,0.5399,3.9922,-2.3630,0.1474,-3.6631,-1.6066,10.2481,-0.0045,0.0857,0.0067,0.9963,-0.0689,-0.0395,0.2629
2257,Right,2,-0.1752,-0.1421,0.2578,-0.9395,-1.1265,1.3028,-0.3609,-3.4322,4.1095,5.1439,-9.7614,5.5122,11.2574,-0.0141,0.0163,-0.0045,0.9998,-0.2388,0.1429,0.2834
2257,Pelvis,2,-0.4328,-0.5563,-0.3728,0.6035,-0.0449,-0.3683,0.4072,0.4937,1.6612,1.7791,11.6218,-0.1498,1.5119,-0.0006,-0.0046,0.0051,1.0000,0.2904,-0.0022,0.0391
2258,Left,2,-0.0655,-0.5154,0.2525,-0.8163,-0.4505,8.4939,0.5489,4.7332,-3.6025,1.0395,-5.5149,-2.4893,10.8219,-0.0056,0.1060,0.0068,0.9943,-0.1078,-0.0615,0.2834
2258,Right,2,-0.1632,-0.1484,0.2604,-0.9400,-0.9901,0.1703,-0.4026,-3.1611,-0.0336,2.4721,-7.0214,1.2620,10.4893,-0.0124,0.0021,-0.0050,0.9999,-0.1748,0.0357,0.2622
2258,Pelvis,2,-0.4350,-0.5579,-0.3686,0.6031,0.1161,-0.3035,0.2347,-1.3553,1.3377,1.6186,11.2681,-2.0583,1.7591,0.0015,-0.0038,0.0029,1.0000,0.2817,-0.0507,0.0450
2259,Left,2,-0.0905,-0.6062,0.2305,-0.7558,-0.7891,9.0602,0.7702,5.8884,-2.6895,7.8256,-14.0277,-2.2103,12.3648,-0.0098,0.1130,0.0096,0.9935,-0.3123,-0.0551,0.3465
2259,Right,2,-0.1558,-0.1491,0.2610,-0.9409,-0.5712,-0.1313,-0.1140,-2.0304,-0.8398,1.0204,-5.2256,0.6363,9.7198,-0.0071,-0.0016,-0.0014,1.0000,-0.1310,0.0178,0.2427
2259,Pelvis,2,-0.4346,-0.5583,-0.3630,0.6063,0.3917,-0.0617,0.3271,-1.4369,2.8256,1.8396,11.5357,-1.7015,3.1398,0.0049,-0.0008,0.0041,1.0000,0.2885,-0.0417,0.0785
2260,Left,2,-0.1090,-0.6695,0.2049,-0.7056,-0.9168,6.7965,1.0599,7.6252,-4.3633,10.0635,-17.9321,-3.0910,11.9294,-0.0114,0.0848,0.0132,0.9962,-0.4198,-0.0793,0.3356
2260,Right,2,-0.1537,-0.1482,0.2608,-0.9415,-0.1353,-0.1239,0.0241,-0.8205,-0.2202,0.5360,-4.3071,1.5920,9.3129,-0.0017,-0.0015,0.0003,1.0000,-0.1081,0.0402,0.2326
2261,Left,2,-0.1174,-0.7062,0.1782,-0.6751,-1.2898,4.0824,1.1365,9.1439,-6.9643,0.0292,-9.2167,-3.4864,11.4935,-0.0161,0.0510,0.0142,0.9985,-0.2141,-0.0855,0.2999
2261,Right,2,-0.1533,-0.1475,0.2606,-0.9417,-0.0077,-0.0675,0.0355,-0.2680,0.1559,0.2398,-3.8945,2.1152,9.0281,-0.0001,-0.0008,0.0004,1.0000,-0.0976,0.0529,0.2256
2262,Left,2,-0.1207,-0.7295,0.1583,-0.6544,-1.0770,2.6584,0.7453,14.9404,-11.7154,3.4561,-13.8934,-5.9274,17.5670,-0.0135,0.0332,0.0093,0.9993,-0.3311,-0.1453,0.4523
2262,Right,2,-0.1537,-0.1476,0.2605,-0.9417,0.0447,0.0055,0.0188,-0.2183,0.0291,0.1280,-3.7516,2.0175,8.9845,0.0006,0.0001,0.0002,1.0000,-0.0938,0.0503,0.2246
2263,Left,2,-0.1208,-0.7023,0.1635,-0.6822,0.3864,-3.0834,0.3407,7.2658,-8.9419,-9.1962,-0.7976,-5.4397,10.1465,0.0048,-0.0385,0.0043,0.9992,-0.0291,-0.1373,0.2520
2263,Right,2,-0.1548,-0.1480,0.2604,-0.9414,0.0851,0.0434,0.0194,-0.2758,-0.0173,-0.0077,-3.7367,1.9323,8.8610,0.0011,0.0005,0.0002,1.0000,-0.0933,0.0480,0.2216
2263,Pelvis,2,-0.4351,-0.5516,-0.3481,0.6207,0.2401,0.1093,0.3489,1.0032,1.9136,0.2731,10.2086,0.2269,1.4608,0.0120,0.0055,0.0174,0.9998,1.0211,0.0388,0.1409
2264,Left,2,-0.1258,-0.6766,0.1684,-0.7057,0.6623,-2.6967,0.5760,4.5920,-3.6106,-10.2151,0.5919,-1.4392,5.6458,0.0083,-0.0337,0.0072,0.9994,0.0103,-0.0371,0.1412
2264,Right,2,-0.1564,-0.1485,0.2603,-0.9411,0.1237,0.0723,0.0272,-0.2643,-0.0266,-0.0456,-3.7238,1.9442,8.8215,0.0015,0.0009,0.0003,1.0000,-0.0929,0.0482,0.2207
2264,Pelvis,2,-0.4345,-0.5526,-0.3522,0.6179,-0.2221,-0.0180,-0.3408,1.4033,1.1244,0.0054,9.9592,0.2143,0.6295,-0.0028,-0.0002,-0.0043,1.0000,0.2490,0.0043,0.0158
2265,Left,2,-0.1212,-0.6460,0.1719,-0.7338,0.0638,-3.3338,0.2357,4.9406,-5.5039,-5.2967,-3.7103,-3.2123,7.1447,0.0008,-0.0417,0.0029,0.9991,-0.0999,-0.0807,0.1745
2265,Right,2,-0.1583,-0.1492,0.2600,-0.9408,0.1434,0.0850,0.0397,-0.1850,0.0547,-0.1221,-3.6854,2.0652,8.7234,0.0018,0.0011,0.0005,1.0000,-0.0919,0.0512,0.2183
2265,Pelvis,2,-0.4335,-0.5531,-0.3568,0.6155,-0.2237,0.0568,-0.3616,0.4138,0.8151,-0.5669,9.2413,-0.6423,0.7127,-0.0028,0.0007,-0.0045,1.0000,0.2310,-0.0171,0.0177
2266,Left,2,-0.1145,-0.6028,0.1843,-0.7678,0.5192,-4.4922,-0.1797,3.1992,-6.6078,-4.1642,-4.2445,-4.9341,6.5967,0.0065,-0.0561,-0.0022,0.9984,-0.1154,-0.1241,0.1578
2266,Right,2,-0.1600,-0.1496,0.2595,-0.9406,0.1315,0.0696,0.0615,-0.2024,0.1107,-0.1068,-3.7467,2.1357,8.6982,0.0016,0.0009,0.0008,1.0000,-0.0935,0.0530,0.2176
2266,Pelvis,2,-0.4328,-0.5526,-0.3607,0.6142,-0.1957,0.1190,-0.2429,-0.2708,0.5291,-1.0093,8.7052,-1.2511,0.7111,-0.0024,0.0015,-0.0030,1.0000,0.2176,-0.0319,0.0175
2267,Left,2,-0.1065,-0.5527,0.2028,-0.8013,0.8355,-4.9715,-0.5695,3.0667,-4.4389,-3.8404,-4.1079,-2.9742,6.2562,0.0104,-0.0621,-0.0071,0.9980,-0.1126,-0.0752,0.1488
2267,Right,2,-0.1615,-0.1498,0.2591,-0.9404,0.1163,0.0382,0.0515,-0.1025,0.1349,-0.1452,-3.6726,2.2289,8.6621,0.0015,0.0005,0.0006,1.0000,-0.0917,0.0553,0.2167
2267,Pelvis,2,-0.4323,-0.5511,-0.3637,0.6141,-0.1491,0.1842,-0.1145,-0.2545,0.2972,-1.7666,7.9520,-1.1851,0.5045,-0.0019,0.0023,-0.0014,1.0000,0.1988,-0.0299,0.0122
2268,Left,2,-0.0919,-0.5014,0.2203,-0.8317,0.4211,-5.0018,-0.8370,3.3244,-3.1021,-2.5450,-4.6422,-1.7100,7.0084,0.0053,-0.0625,-0.0105,0.9980,-0.1271,-0.0424,0.1673
2268,Right,2,-0.1625,-0.1498,0.2588,-0.9403,0.0885,0.0223,0.0410,-0.0572,0.0611,-0.2131,-3.5847,2.2005,8.6294,0.0011,0.0003,0.0005,1.0000,-0.0896,0.0547,0.2158
2268,Pelvis,2,-0.4324,-0.5498,-0.3663,0.6136,-0.1723,0.1285,-0.0988,-0.1665,-0.1228,-1.4200,8.2962,-1.2805,0.1148,-0.0022,0.0016,-0.0012,1.0000,0.2074,-0.0323,0.0026
2269,Left,2,-0.0723,-0.4489,0.2330,-0.8597,-0.0688,-5.0410,-0.7477,3.5581,-1.9882,1.3919,-7.2418,-0.9719,9.4319,-0.0009,-0.0630,-0.0093,0.9980,-0.1956,-0.0223,0.2238
2269,Right,2,-0.1634,-0.1499,0.2586,-0.9402,0.0728,0.0176,0.0270,-0.1062,-0.0330,-0.2101,-3.5898,2.1152,8.6522,0.0009,0.0002,0.0003,1.0000,-0.0897,0.0527,0.2164
2270,Left,2,-0.0483,-0.3923,0.2371,-0.8874,-0.6053,-5.3400,-0.2953,3.2318,0.0867,4.1989,-9.0121,0.2748,11.2158,-0.0076,-0.0667,-0.0037,0.9977,-0.2433,0.0098,0.2645
2270,Right,2,-0.1638,-0.1501,0.2589,-0.9400,0.0477,0.0126,-0.0059,-0.1101,-0.0107,-0.2376,-3.5979,2.1352,8.6133,0.0006,0.0002,-0.0001,1.0000,-0.0899,0.0533,0.2154
2270,Pelvis,2,-0.4323,-0.5478,-0.3707,0.6128,-0.1380,0.1068,-0.0877,0.3893,-0.5356,-0.8337,8.9422,-0.9578,-0.4255,-0.0034,0.0027,-0.0022,1.0000,0.4469,-0.0489,-0.0223
2271,Left,2,-0.0164,-0.3384,0.2293,-0.9125,-1.5811,-5.1733,0.2319,1.2210,2.6058,7.3313,-11.8250,0.9357,12.7255,-0.0197,-0.0646,0.0029,0.9977,-0.3154,0.0285,0.2976
2271,Right,2,-0.1636,-0.1503,0.2597,-0.9398,0.0044,-0.0007,-0.0626,-0.0184,0.0339,-0.3038,-3.5234,2.2044,8.5526,0.0001,-0.0000,-0.0008,1.0000,-0.0880,0.0552,0.2138
2272,Left,2,0.0232,-0.2831,0.2212,-0.9330,-2.1142,-5.2987,-0.0218,-5.6342,2.7199,11.9595,-17.5877,-3.0745,13.9683,-0.0264,-0.0662,-0.0003,0.9975,-0.4616,-0.0680,0.3210
2272,Right,2,-0.1628,-0.1509,0.2610,-0.9395,-0.0422,-0.0020,-0.1113,0.1626,-0.0527,-0.4100,-3.3049,2.1920,8.5271,-0.0005,-0.0000,-0.0014,1.0000,-0.0826,0.0550,0.2131
2272,Pelvis,2,-0.4324,-0.5449,-0.3746,0.6130,-0.1255,0.1397,-0.0415,0.5113,-0.7437,-0.4027,9.3873,-0.9383,-0.6009,-0.0031,0.0035,-0.0010,1.0000,0.4692,-0.0475,-0.0315
2273,Left,2,0.0531,-0.2292,0.2260,-0.9453,-1.1393,-4.8061,-0.9191,-12.8833,5.0216,8.6867,-20.7146,-4.1065,9.3865,-0.0142,-0.0600,-0.0115,0.9980,-0.5319,-0.0935,0.2044
2273,Right,2,-0.1614,-0.1518,0.2624,-0.9392,-0.0878,0.0227,-0.1333,0.2405,0.0482,-0.3199,-3.3304,2.3088,8.5878,-0.0011,0.0003,-0.0017,1.0000,-0.0831,0.0581,0.2147
2273,Pelvis,2,-0.4335,-0.5423,-0.3757,0.6138,-0.1457,0.1677,0.1124,0.6104,-0.7910,-1.0537,8.7567,-0.7826,-0.6531,-0.0018,0.0021,0.0014,1.0000,0.2189,-0.0193,-0.0168
2274,Left,2,0.0712,-0.1795,0.2396,-0.9515,-0.1854,-4.1318,-1.4577,-18.0537,9.4412,1.9617,-23.2358,-1.6876,3.3930,-0.0023,-0.0516,-0.0182,0.9985,-0.5849,-0.0314,0.0548
2274,Right,2,-0.1593,-0.1530,0.2639,-0.9389,-0.1500,0.0186,-0.1511,0.2781,0.1553,-0.1515,-3.4249,2.4123,8.7116,-0.0019,0.0002,-0.0019,1.0000,-0.0855,0.0609,0.2177
2274,Pelvis,2,-0.4364,-0.5398,-0.3752,0.6143,-0.1853,0.0365,0.2518,0.4587,-1.0740,-1.7239,8.0676,-0.9716,-0.8729,-0.0023,0.0005,0.0031,1.0000,0.2018,-0.0237,-0.0219
2275,Left,2,0.0785,-0.1381,0.2525,-0.9545,0.4426,-3.2519,-1.2651,-17.3903,9.0868,-7.8531,-19.4131,-0.2969,-3.4820,0.0055,-0.0406,-0.0158,0.9990,-0.4813,0.0008,-0.1067
2275,Right,2,-0.1566,-0.1547,0.2657,-0.9386,-0.1958,0.0409,-0.1830,0.2717,0.1000,-0.0941,-3.4454,2.3208,8.7908,-0.0024,0.0005,-0.0023,1.0000,-0.0859,0.0588,0.2197
2275,Pelvis,2,-0.4408,-0.5383,-0.3737,0.6134,-0.2194,-0.1476,0.2857,0.0964,-1.2246,-0.2305,9.4866,-1.6108,-0.8593,-0.0027,-0.0018,0.0036,1.0000,0.2373,-0.0395,-0.0209
2276,Left,2,0.0897,-0.1156,0.2585,-0.9549,-0.3251,-1.9091,-0.7111,-14.6804,12.0553,-12.9709,-17.8026,4.1735,-6.0454,-0.0041,-0.0239,-0.0089,0.9997,-0.4403,0.1076,-0.1621
2276,Right,2,-0.1543,-0.1573,0.2674,-0.9380,-0.1903,0.1298,-0.1943,0.2435,-0.0944,-0.0676,-3.4223,2.0912,8.8854,-0.0024,0.0016,-0.0024,1.0000,-0.0851,0.0530,0.2221
2277,Left,2,0.1019,-0.1130,0.2605,-0.9534,-0.8599,-0.4237,-0.3234,-15.7233,7.6969,-15.0177,-16.2978,0.3374,-8.2357,-0.0107,-0.0053,-0.0040,0.9999,-0.4063,0.0079,-0.2081
2277,Pelvis,2,-0.4464,-0.5357,-0.3727,0.6123,-0.1715,-0.0610,0.1775,1.0284,-0.9563,0.4814,10.3146,-0.8239,-0.9330,-0.0043,-0.0015,0.0044,1.0000,0.5160,-0.0391,-0.0457
2278,Left,2,0.0698,-0.1260,0.2696,-0.9521,2.2563,1.7426,-0.3282,-13.8571,3.5090,-11.8519,-12.9864,-3.2898,-5.3899,0.0282,0.0218,-0.0041,0.9994,-0.3278,-0.0772,-0.1299
2278,Right,2,-0.1536,-0.1688,0.2717,-0.9349,-0.0922,0.4125,-0.2586,0.1164,-0.2770,0.1140,-3.6381,1.8337,9.0574,-0.0023,0.0103,-0.0065,0.9999,-0.1766,0.0939,0.4545
2279,Left,2,0.0417,-0.1490,0.2862,-0.9456,1.7893,2.5070,-0.9925,8.7385,-1.0486,7.1223,3.7288,0.5097,18.7159,0.0224,0.0313,-0.0124,0.9992,0.1079,0.0010,0.4648
2279,Right,2,-0.1556,-0.1793,0.2749,-0.9317,0.0167,0.8164,-0.4033,0.1958,-0.1660,0.3454,-3.9308,1.9430,9.1668,0.0002,0.0102,-0.0050,0.9999,-0.0957,0.0490,0.2302
2279,Pelvis,2,-0.4535,-0.5313,-0.3761,0.6088,-0.3752,-0.0144,0.0954,2.3936,-0.8815,0.0691,10.1066,0.4839,-1.3335,-0.0094,-0.0004,0.0024,1.0000,0.5053,0.0248,-0.0667
2280,Left,2,0.0247,-0.1776,0.2907,-0.9399,0.6734,2.6279,-0.1795,9.2226,11.4907,-1.6330,-1.5456,13.1874,10.3808,0.0084,0.0328,-0.0022,0.9994,-0.0293,0.3276,0.2633
2280,Right,2,-0.1592,-0.1958,0.2783,-0.9268,0.0311,1.3298,-0.5045,0.8599,-0.3005,0.6334,-3.7478,2.2264,9.5372,0.0004,0.0166,-0.0063,0.9998,-0.0894,0.0561,0.2400
2280,Pelvis,2,-0.4581,-0.5304,-0.3800,0.6037,-0.5983,-0.1637,-0.1167,0.5941,0.0705,0.4744,10.2577,-0.9751,0.1049,-0.0075,-0.0020,-0.0015,1.0000,0.2564,-0.0247,0.0033
2281,Left,2,0.0142,-0.2060,0.2842,-0.9363,0.0379,2.4135,0.6066,-6.0095,5.4955,8.1355,-13.8425,-1.2487,13.9786,0.0005,0.0302,0.0076,0.9995,-0.3351,-0.0340,0.3597
2281,Right,2,-0.1658,-0.2240,0.2825,-0.9179,0.0536,2.3133,-0.7555,1.8909,-1.5650,0.5148,-2.8124,1.7536,10.0862,0.0007,0.0289,-0.0094,0.9995,-0.0626,0.0443,0.2541
2281,Pelvis,2,-0.4603,-0.5325,-0.3843,0.5974,-0.4489,-0.2787,-0.3762,-0.6866,0.1581,1.1509,10.7525,-2.1988,0.4965,-0.0056,-0.0035,-0.0047,1.0000,0.2685,-0.0562,0.0137
2282,Left,2,0.0066,-0.2189,0.2823,-0.9340,0.2452,1.1688,0.2314,-2.2684,2.4806,4.6378,-8.6844,-1.1289,11.9767,0.0031,0.0146,0.0029,0.9999,-0.2126,-0.0298,0.3025
2282,Right,2,-0.1812,-0.2699,0.2846,-0.9018,0.3579,3.9820,-0.8439,2.4520,-2.3401,0.7391,-3.0207,1.5115,10.5606,0.0045,0.0498,-0.0105,0.9987,-0.0619,0.0373,0.2675
2282,Pelvis,2,-0.4608,-0.5353,-0.3870,0.5928,-0.2225,-0.2487,-0.3556,-1.5341,0.5424,1.7856,11.3043,-2.8893,1.0174,-0.0028,-0.0031,-0.0044,1.0000,0.2822,-0.0734,0.0265
2283,Left,2,-0.0015,-0.2188,0.2824,-0.9340,0.6103,0.1648,0.1261,-2.9357,1.0579,2.2969,-7.6809,-2.2100,9.6178,0.0076,0.0021,0.0016,1.0000,-0.1914,-0.0574,0.2404
2283,Right,2,-0.2071,-0.3386,0.2836,-0.8729,0.7098,6.1801,-1.0157,3.7772,-1.9341,1.1489,-3.9312,2.7676,10.7395,0.0089,0.0772,-0.0127,0.9969,-0.0763,0.0678,0.2756
2283,Pelvis,2,-0.4614,-0.5365,-0.3882,0.5904,-0.1285,-0.1300,-0.1507,-0.5363,0.4854,1.4260,11.0933,-1.8400,0.6201,-0.0016,-0.0016,-0.0019,1.0000,0.2772,-0.0465,0.0160
2284,Left,2,-0.0056,-0.2125,0.2836,-0.9351,0.4773,-0.4083,0.0040,-1.6650,1.2625,1.7674,-6.6020,-1.1599,9.6714,0.0060,-0.0051,0.0001,1.0000,-0.1663,-0.0304,0.2408
2284,Right,2,-0.2367,-0.4275,0.2818,-0.8258,0.7970,8.1985,-1.6024,5.0834,-1.5641,1.7681,-5.7648,4.0236,10.6570,0.0099,0.1023,-0.0200,0.9945,-0.1138,0.1003,0.2801
2284,Pelvis,2,-0.4631,-0.5363,-0.3893,0.5886,-0.1995,-0.0858,-0.0228,0.2479,1.9855,2.0150,11.8353,-0.7397,1.8099,-0.0025,-0.0011,-0.0003,1.0000,0.2958,-0.0185,0.0456
2285,Left,2,-0.0062,-0.2066,0.2850,-0.9360,0.2098,-0.4483,-0.0723,-0.0043,1.2488,0.9124,-4.9077,-0.1143,9.6171,0.0026,-0.0056,-0.0009,1.0000,-0.1240,-0.0034,0.2397
2285,Right,2,-0.2553,-0.5170,0.2833,-0.7663,0.4007,8.3534,-2.4935,7.6662,-2.1841,7.1333,-11.6797,5.8087,13.4885,0.0050,0.1042,-0.0311,0.9941,-0.2501,0.1517,0.3656
2285,Pelvis,2,-0.4634,-0.5348,-0.3925,0.5875,-0.2330,0.1348,-0.1126,-0.8220,2.6295,2.0100,11.7247,-1.5807,2.7202,-0.0029,0.0017,-0.0014,1.0000,0.2932,-0.0397,0.0676
2286,Left,2,-0.0055,-0.2034,0.2863,-0.9363,0.0432,-0.2748,-0.1036,-0.1362,0.0144,0.0439,-3.9285,-1.1068,8.9729,0.0005,-0.0034,-0.0013,1.0000,-0.0990,-0.0277,0.2240
2286,Right,2,-0.2569,-0.5834,0.2903,-0.7137,-0.0293,6.1421,-2.9058,10.4583,-2.3722,10.5504,-16.8986,7.0365,13.9950,-0.0004,0.0767,-0.0363,0.9964,-0.3873,0.1906,0.3805
2286,Pelvis,2,-0.4610,-0.5340,-0.3979,0.5865,-0.1836,0.2702,-0.3652,-1.3860,2.4148,0.6412,10.2891,-1.9564,2.7099,-0.0023,0.0034,-0.0046,1.0000,0.2572,-0.0499,0.0670
2287,Left,2,-0.0052,-0.2014,0.2869,-0.9365,0.0422,-0.1702,-0.0480,-0.1636,-0.0769,0.0598,-3.8567,-1.1981,9.0105,0.0005,-0.0021,-0.0006,1.0000,-0.0969,-0.0300,0.2250
2287,Right,2,-0.2459,-0.6258,0.2984,-0.6774,-0.4795,3.7055,-2.6858,11.9381,-3.8459,-1.2098,-6.9808,5.7853,12.2217,-0.0060,0.0463,-0.0336,0.9983,-0.1551,0.1519,0.3121
2287,Pelvis,2,-0.4568,-0.5339,-0.4047,0.5852,-0.1377,0.3306,-0.5310,-1.2856,1.5607,-0.3041,9.3441,-1.8718,1.9205,-0.0017,0.0041,-0.0066,1.0000,0.2335,-0.0483,0.0471
2288,Left,2,-0.0054,-0.2002,0.2871,-0.9367,0.0457,-0.0992,-0.0142,-0.1196,0.2198,0.1041,-3.9702,-0.9251,9.0437,0.0006,-0.0012,-0.0002,1.0000,-0.0995,-0.0232,0.2260
2288,Right,2,-0.2423,-0.6274,0.3165,-0.6689,0.8492,0.0709,-1.3928,14.7534,-10.1777,2.8019,-11.0613,2.8693,18.7028,0.0106,0.0009,-0.0174,0.9998,-0.2749,0.0716,0.4686
2288,Pelvis,2,-0.4540,-0.5336,-0.4089,0.5848,-0.0758,0.2418,-0.3198,-1.4759,0.6665,0.2828,9.9053,-2.2460,1.1754,-0.0009,0.0030,-0.0040,1.0000,0.2475,-0.0571,0.0287
2289,Left,2,-0.0051,-0.1999,0.2875,-0.9367,-0.0017,-0.0366,-0.0422,-0.0873,0.3498,0.1372,-4.0142,-0.8011,9.0761,-0.0000,-0.0005,-0.0005,1.0000,-0.1005,-0.0200,0.2269
2289,Right,2,-0.2372,-0.6093,0.3365,-0.6776,1.0331,-1.9142,-0.7473,9.3061,-1.1958,-11.1207,1.6698,6.1557,7.0054,0.0129,-0.0239,-0.0093,0.9996,0.0389,0.1512,0.1781
2289,Pelvis,2,-0.4536,-0.5323,-0.4093,0.5860,0.0103,0.1417,0.0494,-1.3242,0.2838,0.5759,10.2118,-2.1923,0.8187,0.0001,0.0018,0.0006,1.0000,0.2554,-0.0547,0.0200
2290,Left,2,-0.0044,-0.2005,0.2883,-0.9363,-0.0494,0.0204,-0.0785,-0.0515,0.2947,0.0455,-3.9221,-0.8306,9.0111,-0.0006,0.0003,-0.0010,1.0000,-0.0980,-0.0205,0.2253
2290,Right,2,-0.2312,-0.5890,0.3497,-0.6909,0.6235,-2.1543,-0.2693,8.3060,-1.2066,-7.8425,-1.3185,5.2649,6.6992,0.0078,-0.0269,-0.0034,0.9996,-0.0370,0.1304,0.1675
2290,Pelvis,2,-0.4540,-0.5298,-0.4080,0.5888,0.0570,0.1667,0.2636,-1.3145,0.1533,0.4140,10.0395,-2.2394,0.7275,0.0007,0.0021,0.0033,1.0000,0.2512,-0.0552,0.0176
2291,Left,2,-0.0037,-0.2015,0.2889,-0.9359,-0.0609,0.0594,-0.0746,-0.0973,0.1625,-0.0259,-3.8678,-0.9784,8.9386,-0.0008,0.0007,-0.0009,1.0000,-0.0966,-0.0242,0.2236
2291,Right,2,-0.2256,-0.5582,0.3565,-0.7144,0.4482,-3.0771,0.5935,8.0221,-1.0147,-7.5910,-1.1718,5.2441,6.4400,0.0056,-0.0385,0.0074,0.9992,-0.0364,0.1300,0.1604
2291,Pelvis,2,-0.4539,-0.5274,-0.4067,0.5920,0.1001,0.2064,0.2404,-1.2370,-0.0403,-0.3175,9.3033,-2.1992,0.5511,0.0013,0.0026,0.0030,1.0000,0.2328,-0.0543,0.0131
2292,Left,2,-0.0032,-0.2026,0.2893,-0.9355,-0.0477,0.0681,-0.0468,-0.1788,0.0858,-0.0590,-3.8900,-1.1016,8.8785,-0.0006,0.0009,-0.0006,1.0000,-0.0971,-0.0274,0.2221
2292,Right,2,-0.2216,-0.5189,0.3566,-0.7446,0.3591,-3.7019,1.3883,6.3938,-1.3350,-6.5714,-1.6365,3.8222,5.9935,0.0045,-0.0463,0.0173,0.9988,-0.0494,0.0941,0.1481
2292,Pelvis,2,-0.4523,-0.5259,-0.4055,0.5953,0.2002,0.2163,0.1536,-0.8924,0.0990,-0.9441,8.7058,-1.8072,0.6330,0.0025,0.0027,0.0019,1.0000,0.2178,-0.0448,0.0151
2293,Left,2,-0.0030,-0.2031,0.2895,-0.9354,-0.0205,0.0283,-0.0302,-0.2346,0.0555,-0.0853,-3.9172,-1.1663,8.8304,-0.0003,0.0004,-0.0004,1.0000,-0.0979,-0.0291,0.2208
2293,Right,2,-0.2199,-0.4715,0.3530,-0.7776,0.5262,-4.1686,1.9254,5.3267,-1.9136,-4.5734,-2.7894,2.7228,6.6601,0.0066,-0.0521,0.0241,0.9983,-0.0799,0.0651,0.1630
2293,Pelvis,2,-0.4500,-0.5252,-0.4041,0.5986,0.2637,0.1945,0.1000,-0.6864,-0.0674,-1.6268,8.0451,-1.6007,0.4464,0.0033,0.0024,0.0013,1.0000,0.2012,-0.0398,0.0105
2294,Left,2,-0.0028,-0.2032,0.2897,-0.9353,-0.0080,-0.0052,-0.0241,-0.1317,0.0724,-0.0665,-3.8602,-1.1050,8.8819,-0.0001,-0.0001,-0.0003,1.0000,-0.0965,-0.0276,0.2220
2294,Right,2,-0.2176,-0.4169,0.3474,-0.8112,0.6061,-4.6182,2.1741,4.8235,-2.1986,-1.4765,-4.6398,2.4859,8.3677,0.0076,-0.0577,0.0272,0.9979,-0.1294,0.0572,0.2024
2294,Pelvis,2,-0.4482,-0.5255,-0.4019,0.6012,0.2846,0.0787,0.1049,-0.4022,-0.0521,-1.6096,8.0912,-1.3446,0.4243,0.0036,0.0010,0.0013,1.0000,0.2023,-0.0334,0.0103
2295,Left,2,-0.0024,-0.2033,0.2898,-0.9352,-0.0264,-0.0102,-0.0201,-0.0313,0.0571,-0.0857,-3.7691,-1.0676,8.9035,-0.0003,-0.0001,-0.0003,1.0000,-0.0943,-0.0266,0.2226
2295,Right,2,-0.2135,-0.3546,0.3412,-0.8440,0.6936,-5.1323,2.2604,3.1961,-2.2309,1.6920,-6.6822,1.9178,9.9730,0.0087,-0.0641,0.0282,0.9975,-0.1838,0.0408,0.2383
2295,Pelvis,2,-0.4467,-0.5255,-0.4001,0.6035,0.2330,0.0748,0.0943,-0.1434,-0.1967,-1.5172,8.2131,-1.1664,0.2434,0.0029,0.0009,0.0012,1.0000,0.2054,-0.0289,0.0058
2296,Left,2,-0.0017,-0.2036,0.2899,-0.9352,-0.0513,-0.0026,-0.0172,-0.0017,0.1150,-0.1395,-3.7578,-1.0085,8.8569,-0.0006,-0.0000,-0.0002,1.0000,-0.0940,-0.0250,0.2214
2296,Right,2,-0.2118,-0.2884,0.3363,-0.8711,1.0992,-5.1869,2.1572,0.2561,-1.5216,2.9396,-8.0647,1.0305,9.9589,0.0137,-0.0648,0.0269,0.9974,-0.2177,0.0167,0.2355
2296,Pelvis,2,-0.4452,-0.5260,-0.3993,0.6048,0.1680,0.0448,0.0041,0.1902,-0.4787,-1.2451,8.5276,-0.9699,-0.0882,0.0021,0.0006,0.0001,1.0000,0.2132,-0.0242,-0.0024
2297,Left,2,-0.0011,-0.2041,0.2896,-0.9351,-0.0528,0.0122,0.0070,-0.0310,0.0674,-0.1906,-3.7375,-1.0708,8.8020,-0.0007,0.0002,0.0001,1.0000,-0.0934,-0.0266,0.2201
2297,Right,2,-0.2173,-0.2243,0.3294,-0.8911,1.6177,-4.6495,2.2312,-2.5099,0.6954,10.7627,-14.2106,3.0065,14.8258,0.0202,-0.0581,0.0279,0.9977,-0.3778,0.0576,0.3504
2297,Pelvis,2,-0.4434,-0.5265,-0.3995,0.6054,0.1185,0.0661,-0.0848,0.2754,-0.8548,-1.2240,8.5663,-0.9908,-0.4559,0.0015,0.0008,-0.0011,1.0000,0.2141,-0.0250,-0.0116
2298,Left,2,-0.0008,-0.2043,0.2890,-0.9353,-0.0346,-0.0004,0.0408,-0.0976,0.0702,-0.0783,-3.8357,-1.1257,8.8766,-0.0004,-0.0000,0.0005,1.0000,-0.0959,-0.0281,0.2219
2298,Right,2,-0.2149,-0.1578,0.3136,-0.9113,0.9574,-4.8878,2.7712,-5.6770,4.2701,14.0853,-17.7877,5.6147,16.5742,0.0120,-0.0610,0.0346,0.9975,-0.4733,0.1195,0.3875
2298,Pelvis,2,-0.4414,-0.5273,-0.4004,0.6056,0.0914,0.0662,-0.1502,-0.3491,-1.0769,-1.4642,8.2578,-1.5972,-0.4868,0.0011,0.0008,-0.0019,1.0000,0.2064,-0.0403,-0.0124
2299,Left,2,-0.0006,-0.2045,0.2882,-0.9355,-0.0298,-0.0021,0.0511,-0.0663,0.0078,-0.1308,-3.7614,-1.1582,8.8461,-0.0004,-0.0000,0.0006,1.0000,-0.0940,-0.0289,0.2212
2299,Right,2,-0.2010,-0.0992,0.2919,-0.9298,-0.1260,-4.4634,2.8781,-13.4193,9.4887,10.1980,-22.5769,4.8398,11.7632,-0.0016,-0.0558,0.0360,0.9978,-0.5835,0.1006,0.2617
2299,Pelvis,2,-0.4394,-0.5291,-0.4014,0.6049,0.0910,-0.0161,-0.2244,-0.5561,-0.9924,-1.5902,8.1137,-1.7182,-0.3446,0.0011,-0.0002,-0.0028,1.0000,0.2027,-0.0435,-0.0086
2300,Left,2,-0.0006,-0.2050,0.2874,-0.9356,-0.0156,0.0259,0.0656,-0.0480,-0.0869,-0.0672,-3.7274,-1.2350,8.9199,-0.0002,0.0003,0.0008,1.0000,-0.0931,-0.0309,0.2230
2300,Right,2,-0.1797,-0.0497,0.2726,-0.9439,-0.7986,-3.9746,2.4009,-15.6986,12.2972,-2.3491,-21.0376,3.0446,1.4293,-0.0100,-0.0497,0.0300,0.9983,-0.5288,0.0604,0.0088
2300,Pelvis,2,-0.4369,-0.5318,-0.4018,0.6040,0.1567,-0.0777,-0.2461,0.0230,-0.7428,-0.8324,8.9371,-1.1266,-0.2373,0.0020,-0.0010,-0.0031,1.0000,0.2233,-0.0288,-0.0058
2301,Left,2,-0.0009,-0.2063,0.2868,-0.9355,-0.0176,0.1010,0.0429,0.0956,-0.0643,-0.0434,-3.6586,-1.1412,8.9869,-0.0002,0.0013,0.0005,1.0000,-0.0912,-0.0285,0.2248
2301,Right,2,-0.1842,-0.0108,0.2571,-0.9486,1.0614,-2.6321,1.8511,-18.9673,6.5049,-12.1549,-19.1067,-5.3299,-3.7842,0.0133,-0.0329,0.0231,0.9991,-0.4709,-0.1428,-0.1120
2301,Pelvis,2,-0.4352,-0.5343,-0.4015,0.6033,0.1551,-0.1081,-0.1727,-0.3703,-0.2610,0.3879,10.1026,-1.4313,0.3845,0.0019,-0.0014,-0.0022,1.0000,0.2525,-0.0363,0.0099
2302,Left,2,-0.0010,-0.2098,0.2865,-0.9348,-0.0716,0.2624,-0.0003,0.2875,-0.1631,-0.0332,-3.5092,-1.1308,9.0639,-0.0009,0.0033,-0.0000,1.0000,-0.0870,-0.0281,0.2269
2302,Right,2,-0.1906,0.0097,0.2498,-0.9493,0.9020,-1.3104,0.8854,-16.8011,9.5715,-13.8024,-18.8629,-1.8355,-5.5389,0.0113,-0.0164,0.0111,0.9997,-0.4687,-0.0495,-0.1467
2302,Pelvis,2,-0.4340,-0.5363,-0.4014,0.6025,0.0991,-0.0996,-0.1355,-0.5612,-0.5878,0.4253,10.1322,-1.6741,0.1096,0.0012,-0.0012,-0.0017,1.0000,0.2532,-0.0423,0.0030
2303,Left,2,-0.0017,-0.2165,0.2859,-0.9335,-0.1070,0.5352,0.0192,0.3649,-0.3283,0.0081,-3.4721,-1.2526,9.1141,-0.0013,0.0067,0.0002,1.0000,-0.0853,-0.0310,0.2285
2303,Right,2,-0.1836,0.0008,0.2427,-0.9526,-0.7465,0.6391,0.4820,-14.3112,7.7224,-13.9211,-15.8692,-1.9019,-5.0884,-0.0093,0.0080,0.0060,0.9999,-0.3974,-0.0511,-0.1236
2303,Pelvis,2,-0.4324,-0.5379,-0.4007,0.6026,0.1666,-0.0443,-0.0952,-0.4172,-1.6139,-0.0023,9.7448,-1.7802,-0.9443,0.0021,-0.0006,-0.0012,1.0000,0.2436,-0.0447,-0.0236
2304,Left,2,-0.0037,-0.2271,0.2848,-0.9313,-0.1076,0.8720,0.0634,0.2443,-0.1940,0.1863,-3.8694,-1.2478,9.1407,-0.0013,0.0109,0.0008,0.9999,-0.0942,-0.0310,0.2296
2304,Right,2,-0.1749,-0.0250,0.2318,-0.9566,-1.2103,1.9523,0.5420,-10.1266,6.7290,-4.9059,-12.5346,2.5596,2.8742,-0.0151,0.0244,0.0068,0.9996,-0.3119,0.0630,0.0785
2304,Pelvis,2,-0.4303,-0.5407,-0.3981,0.6033,0.3301,-0.1256,-0.0354,-1.0403,-2.8900,-0.0721,9.6353,-2.7484,-1.9801,0.0041,-0.0016,-0.0004,1.0000,0.2409,-0.0686,-0.0494
2305,Left,2,-0.0071,-0.2421,0.2832,-0.9280,-0.1080,1.2429,0.0953,0.4867,-0.0227,0.3237,-4.0877,-1.0098,9.2338,-0.0013,0.0155,0.0012,0.9999,-0.0986,-0.0251,0.2324
2305,Right,2,-0.1567,-0.0558,0.2160,-0.9621,-2.0678,2.2262,0.8532,5.4197,-8.5976,8.4803,5.6596,0.6341,20.1424,-0.0258,0.0278,0.0107,0.9992,0.1551,0.0304,0.4987
2305,Pelvis,2,-0.4279,-0.5451,-0.3929,0.6045,0.5230,-0.2689,0.0286,-1.4762,-2.5042,0.5440,10.1916,-3.1119,-1.4688,0.0065,-0.0034,0.0004,1.0000,0.2549,-0.0775,-0.0364
2306,Left,2,-0.0114,-0.2670,0.2803,-0.9220,-0.2885,2.0581,0.1471,1.8026,-0.6376,0.2853,-3.1977,-0.8629,9.7304,-0.0036,0.0257,0.0018,0.9997,-0.0736,-0.0208,0.2453
2306,Right,2,-0.1593,-0.0831,0.2094,-0.9612,-0.2798,2.2247,0.1677,0.7523,-14.5930,-7.6338,5.8882,-11.6205,6.9702,-0.0035,0.0278,0.0021,0.9996,0.1526,-0.2896,0.1711
2306,Pelvis,2,-0.4260,-0.5502,-0.3846,0.6065,0.6851,-0.3815,0.2093,-0.3983,-0.7987,1.1681,10.8915,-1.6422,-0.2314,0.0086,-0.0048,0.0026,0.9999,0.2724,-0.0403,-0.0048
2307,Left,2,-0.0209,-0.3071,0.2740,-0.9112,-0.3241,3.4038,0.3875,2.2682,-1.7708,0.1549,-2.9093,-1.6146,9.8300,-0.0040,0.0425,0.0048,0.9991,-0.0620,-0.0397,0.2487
2307,Right,2,-0.1682,-0.1152,0.2185,-0.9543,0.3055,2.5455,-1.1602,-11.3563,0.2241,8.0807,-14.8361,0.0269,15.1406,0.0038,0.0318,-0.0145,0.9994,-0.3586,0.0045,0.3901
2307,Pelvis,2,-0.4263,-0.5540,-0.3747,0.6091,0.6247,-0.4134,0.4389,0.9198,0.5133,1.1631,11.0167,-0.0489,0.4593,0.0078,-0.0052,0.0055,0.9999,0.2754,0.0002,0.0129
2308,Left,2,-0.0368,-0.3674,0.2645,-0.8909,-0.3587,5.2564,0.5309,3.3056,-2.2920,0.3672,-3.2139,-1.6072,10.3476,-0.0045,0.0657,0.0066,0.9978,-0.0629,-0.0395,0.2634
2308,Right,2,-0.1647,-0.1366,0.2238,-0.9509,-0.5369,1.5211,-0.7730,-1.6405,9.1424,6.1289,-9.8972,11.1512,10.8697,-0.0067,0.0190,-0.0097,0.9998,-0.2395,0.2830,0.2745
2308,Pelvis,2,-0.4301,-0.5557,-0.3675,0.6092,0.1934,-0.4405,0.4635,1.1928,3.0775,1.6720,11.6143,0.9455,2.6474,0.0024,-0.0055,0.0058,1.0000,0.2898,0.0252,0.0678
2309,Left,2,-0.0620,-0.4511,0.2494,-0.8547,-0.3032,7.6153,0.8050,4.0000,-2.8933,0.2310,-4.1437,-1.7865,10.2600,-0.0038,0.0950,0.0100,0.9954,-0.0782,-0.0445,0.2649
2309,Right,2,-0.1532,-0.1461,0.2248,-0.9511,-1.0267,0.4933,-0.3136,-3.8499,-1.4013,3.0337,-7.1449,0.0657,11.4356,-0.0128,0.0062,-0.0039,0.9999,-0.1768,0.0060,0.2869
2309,Pelvis,2,-0.4354,-0.5556,-0.3629,0.6083,-0.0887,-0.3443,0.4350,0.6570,1.9937,2.3025,12.1741,-0.1432,1.7195,-0.0011,-0.0043,0.0054,1.0000,0.3042,-0.0019,0.0443
2310,Left,2,-0.0917,-0.5445,0.2269,-0.8023,-0.3814,8.9982,1.0984,5.1701,-4.1129,2.5177,-7.3497,-2.5131,11.6701,-0.0048,0.1122,0.0137,0.9936,-0.1486,-0.0636,0.3101
2310,Right,2,-0.1441,-0.1482,0.2254,-0.9521,-0.7226,-0.0277,-0.1497,-1.7274,0.4166,1.2761,-5.4870,1.9442,9.6040,-0.0090,-0.0003,-0.0019,1.0000,-0.1372,0.0510,0.2396
2310,Pelvis,2,-0.4372,-0.5557,-0.3589,0.6093,0.1271,-0.1546,0.3019,-1.2487,1.7337,1.9567,11.5954,-2.0648,2.0898,0.0016,-0.0019,0.0038,1.0000,0.2900,-0.0506,0.0527
2311,Left,2,-0.1152,-0.6266,0.1988,-0.7447,-0.7812,8.4190,1.1806,6.6376,-2.4517,10.0318,-16.9542,-0.9594,12.5369,-0.0097,0.1050,0.0147,0.9943,-0.3875,-0.0265,0.3558
2311,Right,2,-0.1394,-0.1471,0.2255,-0.9529,-0.3384,-0.1887,-0.0284,-1.3395,-0.5444,0.7516,-4.5825,1.0517,9.5703,-0.0042,-0.0024,-0.0004,1.0000,-0.1151,0.0273,0.2389
2311,Pelvis,2,-0.4364,-0.5556,-0.3542,0.6127,0.3681,0.0155,0.2910,-1.0726,2.5484,1.0178,10.7165,-1.5502,2.7749,0.0046,0.0002,0.0036,1.0000,0.2681,-0.0381,0.0691
2312,Left,2,-0.1308,-0.6809,0.1691,-0.7005,-1.0075,5.9828,1.3447,8.7563,-6.7280,5.4086,-13.7315,-3.2873,12.4488,-0.0126,0.0747,0.0168,0.9970,-0.3173,-0.0835,0.3367
2312,Right,2,-0.1386,-0.1460,0.2251,-0.9533,-0.0346,-0.1082,0.0480,-0.4983,-0.2146,0.2930,-3.8008,1.5922,9.2433,-0.0004,-0.0014,0.0006,1.0000,-0.0954,0.0398,0.2309
2312,Pelvis,2,-0.4356,-0.5535,-0.3496,0.6178,0.3658,0.1858,0.4041,0.0376,2.4191,0.4361,10.2660,-0.5635,2.2770,0.0046,0.0023,0.0051,1.0000,0.2568,-0.0130,0.0563
2313,Left,2,-0.1347,-0.7148,0.1369,-0.6724,-1.6932,3.8282,1.2789,8.7364,-6.8829,-1.9457,-7.8846,-3.1095,10.6737,-0.0212,0.0478,0.0160,0.9985,-0.1828,-0.0749,0.2774
2313,Right,2,-0.1391,-0.1455,0.2248,-0.9534,0.0544,-0.0338,0.0493,-0.1282,0.1186,0.1439,-3.5466,2.0260,9.0819,0.0007,-0.0004,0.0006,1.0000,-0.0888,0.0504,0.2270
2313,Pelvis,2,-0.4356,-0.5507,-0.3462,0.6222,0.2244,0.2168,0.3888,1.1878,1.9646,0.5602,10.5189,0.2096,1.4758,0.0028,0.0027,0.0049,1.0000,0.2630,0.0064,0.0362
2314,Left,2,-0.1295,-0.7133,0.1200,-0.6783,-1.2935,-0.2928,0.6911,17.7879,-14.5399,4.1383,-15.0893,-7.1788,21.0533,-0.0162,-0.0037,0.0086,0.9998,-0.3776,-0.1742,0.5278
2314,Right,2,-0.1400,-0.1458,0.2245,-0.9533,0.0751,0.0320,0.0355,-0.2021,0.0330,0.0308,-3.5383,1.9099,8.9871,0.0009,0.0004,0.0004,1.0000,-0.0884,0.0475,0.2248
2314,Pelvis,2,-0.4353,-0.5488,-0.3464,0.6239,0.0167,0.1798,0.0897,1.9287,1.5792,0.2760,10.3291,0.7247,0.8833,0.0002,0.0022,0.0011,1.0000,0.2583,0.0184,0.0215
2315,Left,2,-0.1271,-0.6869,0.1236,-0.7048,0.0649,-2.9896,0.1976,4.2687,-5.8565,-12.8956,2.9744,-4.0238,6.0834,0.0008,-0.0374,0.0025,0.9993,0.0689,-0.1005,0.1546
2315,Right,2,-0.1412,-0.1463,0.2242,-0.9531,0.0904,0.0570,0.0394,-0.1123,0.0487,-0.0432,-3.4529,1.9689,8.9252,0.0011,0.0007,0.0005,1.0000,-0.0862,0.0489,0.2232
2315,Pelvis,2,-0.4340,-0.5491,-0.3495,0.6229,-0.0961,0.0865,-0.2451,1.2252,1.0809,-0.8516,9.0810,0.0938,0.7052,-0.0012,0.0011,-0.0031,1.0000,0.2270,0.0017,0.0174
2316,Left,2,-0.1200,-0.6638,0.1261,-0.7274,-0.2645,-2.6299,-0.0689,5.6561,-3.6701,-7.7988,-1.6478,-1.4703,6.6826,-0.0033,-0.0329,-0.0009,0.9995,-0.0467,-0.0362,0.1657
2316,Right,2,-0.1424,-0.1470,0.2239,-0.9529,0.0856,0.0716,0.0375,-0.0331,-0.0161,-0.1725,-3.3305,1.9435,8.8354,0.0011,0.0009,0.0005,1.0000,-0.0831,0.0483,0.2210
2316,Pelvis,2,-0.4321,-0.5503,-0.3532,0.6210,-0.1008,0.0317,-0.3663,0.5431,0.8155,-1.0160,8.8047,-0.5368,0.7292,-0.0013,0.0004,-0.0046,1.0000,0.2201,-0.0144,0.0182
2317,Left,2,-0.1073,-0.6312,0.1346,-0.7563,-0.2292,-3.6348,-0.5694,5.1149,-6.0665,-4.6457,-4.1892,-3.9615,7.5151,-0.0029,-0.0454,-0.0071,0.9989,-0.1138,-0.0977,0.1831
2317,Right,2,-0.1428,-0.1477,0.2239,-0.9527,0.0383,0.0551,0.0048,-0.0213,0.0487,-0.2429,-3.3363,2.0022,8.7432,0.0005,0.0007,0.0001,1.0000,-0.0833,0.0499,0.2187
2317,Pelvis,2,-0.4302,-0.5513,-0.3566,0.6196,-0.0713,0.0615,-0.3252,-0.0627,0.4187,-0.4523,9.2664,-1.2471,0.6121,-0.0009,0.0008,-0.0041,1.0000,0.2315,-0.0321,0.0152
2318,Left,2,-0.0964,-0.5866,0.1531,-0.7894,0.4725,-4.6299,-0.9239,4.8634,-4.3627,-3.9069,-4.2557,-2.5114,7.2963,0.0059,-0.0578,-0.0115,0.9982,-0.1174,-0.0625,0.1755
2318,Right,2,-0.1427,-0.1482,0.2242,-0.9526,-0.0048,0.0282,-0.0302,-0.0815,0.0460,-0.1826,-3.4197,1.9833,8.7818,-0.0001,0.0004,-0.0004,1.0000,-0.0854,0.0496,0.2196
2318,Pelvis,2,-0.4285,-0.5509,-0.3589,0.6197,-0.0235,0.1509,-0.1780,-0.0785,0.3858,-1.3294,8.4008,-1.0956,0.5901,-0.0003,0.0019,-0.0022,1.0000,0.2100,-0.0279,0.0144
2319,Left,2,-0.0818,-0.5365,0.1718,-0.8222,0.3260,-5.0132,-1.0730,4.8202,-2.0504,-3.5469,-4.0051,-0.4079,7.1120,0.0041,-0.0626,-0.0134,0.9979,-0.1111,-0.0095,0.1710
2319,Right,2,-0.1423,-0.1487,0.2248,-0.9524,-0.0201,0.0140,-0.0462,-0.0764,-0.0017,-0.1848,-3.4050,1.9349,8.7957,-0.0003,0.0002,-0.0006,1.0000,-0.0851,0.0485,0.2199
2319,Pelvis,2,-0.4274,-0.5506,-0.3611,0.6194,-0.0631,0.1068,-0.1512,0.1409,0.1399,-1.3013,8.4542,-0.9562,0.3071,-0.0008,0.0013,-0.0019,1.0000,0.2113,-0.0243,0.0074
2320,Left,2,-0.0622,-0.4846,0.1856,-0.8526,-0.1750,-5.0655,-0.9967,4.6836,-1.4612,-0.8837,-5.6045,-0.1581,8.5150,-0.0022,-0.0633,-0.0125,0.9979,-0.1532,-0.0016,0.2035
2320,Right,2,-0.1416,-0.1490,0.2255,-0.9523,-0.0324,-0.0007,-0.0615,-0.0815,-0.0342,-0.1934,-3.4002,1.8891,8.7982,-0.0004,-0.0000,-0.0008,1.0000,-0.0850,0.0474,0.2199
2320,Pelvis,2,-0.4268,-0.5505,-0.3633,0.6188,-0.0881,0.0694,-0.1532,0.3497,-0.0893,-1.2173,8.5628,-0.8291,0.0363,-0.0011,0.0009,-0.0019,1.0000,0.2140,-0.0211,0.0007
2321,Left,2,-0.0392,-0.4284,0.1945,-0.8815,-0.5356,-5.3227,-0.7823,3.9157,-0.7338,3.6046,-8.6902,-0.3540,10.9795,-0.0067,-0.0665,-0.0098,0.9977,-0.2349,-0.0048,0.2593
2321,Right,2,-0.1407,-0.1494,0.2266,-0.9521,-0.0517,-0.0099,-0.0892,0.0461,0.0284,-0.2173,-3.3118,1.9793,8.7857,-0.0006,-0.0001,-0.0011,1.0000,-0.0828,0.0497,0.2196
2321,Pelvis,2,-0.4267,-0.5503,-0.3653,0.6178,-0.1216,0.0383,-0.1244,0.6898,-0.3918,-0.6625,9.1537,-0.6689,-0.3439,-0.0015,0.0005,-0.0016,1.0000,0.2288,-0.0171,-0.0087
2322,Left,2,-0.0113,-0.3688,0.1971,-0.9083,-1.0291,-5.5517,-0.5336,2.2193,1.2967,5.4699,-10.1605,0.3221,11.7143,-0.0129,-0.0693,-0.0067,0.9975,-0.2734,0.0134,0.2742
2322,Right,2,-0.1393,-0.1497,0.2280,-0.9519,-0.0790,-0.0192,-0.1223,-0.0113,0.0481,-0.1381,-3.4003,1.9581,8.8433,-0.0010,-0.0002,-0.0015,1.0000,-0.0850,0.0493,0.2210
2322,Pelvis,2,-0.4269,-0.5497,-0.3672,0.6170,-0.1370,0.0481,-0.0815,0.8633,-0.6491,-0.4014,9.4322,-0.6112,-0.6306,-0.0017,0.0006,-0.0010,1.0000,0.2358,-0.0155,-0.0159
2323,Left,2,0.0246,-0.3137,0.1958,-0.9288,-1.7909,-5.1551,-0.5932,-2.1779,3.0227,11.0324,-15.6450,-1.0397,14.2556,-0.0224,-0.0644,-0.0074,0.9976,-0.4131,-0.0154,0.3307
2323,Right,2,-0.1380,-0.1502,0.2295,-0.9517,-0.0755,-0.0070,-0.1294,-0.0182,-0.0674,-0.1342,-3.3674,1.8255,8.8885,-0.0009,-0.0001,-0.0016,1.0000,-0.0841,0.0460,0.2222
2323,Pelvis,2,-0.4275,-0.5487,-0.3688,0.6166,-0.1450,0.0664,-0.0330,0.7288,-1.1078,-0.6376,9.1758,-0.8575,-1.0047,-0.0018,0.0008,-0.0004,1.0000,0.2294,-0.0216,-0.0253
2324,Left,2,0.0611,-0.2559,0.2036,-0.9430,-1.5786,-5.1967,-1.3836,-9.7386,4.2244,11.2194,-19.9418,-3.6198,12.0460,-0.0197,-0.0649,-0.0173,0.9975,-0.5181,-0.0761,0.2695
2324,Right,2,-0.1369,-0.1511,0.2311,-0.9513,-0.0631,0.0271,-0.1434,-0.0654,-0.1041,-0.1163,-3.4097,1.7446,8.9088,-0.0008,0.0003,-0.0018,1.0000,-0.0851,0.0439,0.2227
2324,Pelvis,2,-0.4288,-0.5475,-0.3696,0.6163,-0.1394,0.0343,0.0471,0.6061,-1.2917,-1.1851,8.6158,-0.9679,-1.1411,-0.0017,0.0004,0.0006,1.0000,0.2154,-0.0241,-0.0286
2325,Left,2,0.0831,-0.2009,0.2217,-0.9506,-0.3477,-4.5578,-1.9588,-17.7627,9.3229,6.1623,-24.8055,-1.9304,6.2798,-0.0043,-0.0569,-0.0245,0.9981,-0.6287,-0.0323,0.1215
2325,Right,2,-0.1355,-0.1525,0.2331,-0.9508,-0.0922,0.0541,-0.1841,0.0062,0.1383,-0.1274,-3.4604,1.9496,8.8345,-0.0012,0.0007,-0.0023,1.0000,-0.0862,0.0492,0.2209
2326,Left,2,0.0844,-0.1476,0.2417,-0.9553,1.2092,-4.0163,-1.8153,-19.3313,9.1649,-5.8038,-21.5855,-0.8960,-2.7446,0.0151,-0.0502,-0.0227,0.9984,-0.5356,-0.0089,-0.0958
2326,Right,2,-0.1327,-0.1539,0.2357,-0.9503,-0.1915,0.0229,-0.2461,0.2721,0.2969,-0.1440,-3.3154,2.1580,8.8316,-0.0024,0.0003,-0.0031,1.0000,-0.0827,0.0547,0.2207
2326,Pelvis,2,-0.4360,-0.5467,-0.3661,0.6140,-0.1502,-0.1956,0.2257,0.3817,-1.2456,-2.0528,7.7161,-1.0941,-1.0860,-0.0038,-0.0049,0.0056,1.0000,0.3864,-0.0527,-0.0522
2327,Left,2,0.0744,-0.1095,0.2553,-0.9577,1.6798,-2.6492,-1.1348,-16.6281,11.3853,-13.8338,-18.8455,3.1300,-7.5850,0.0210,-0.0331,-0.0142,0.9991,-0.4633,0.0890,-0.2033
2327,Right,2,-0.1292,-0.1555,0.2384,-0.9499,-0.2458,0.0303,-0.2623,0.1414,0.0427,-0.1246,-3.3494,1.8076,8.9105,-0.0031,0.0004,-0.0033,1.0000,-0.0835,0.0461,0.2227
2327,Pelvis,2,-0.4397,-0.5461,-0.3640,0.6131,-0.1336,-0.1945,0.2572,0.1205,-0.7258,0.1290,9.8386,-1.5179,-0.5273,-0.0017,-0.0024,0.0032,1.0000,0.2461,-0.0372,-0.0125
2328,Left,2,0.0807,-0.0990,0.2615,-0.9567,-0.2151,-0.8872,-0.6098,-14.9320,11.5990,-17.2829,-17.3482,4.2757,-9.6999,-0.0027,-0.0111,-0.0076,0.9999,-0.4301,0.1095,-0.2476
2328,Right,2,-0.1266,-0.1584,0.2407,-0.9492,-0.2037,0.1451,-0.2425,0.1785,-0.1899,-0.0845,-3.2690,1.5598,9.0326,-0.0025,0.0018,-0.0030,1.0000,-0.0812,0.0398,0.2259
2328,Pelvis,2,-0.4425,-0.5450,-0.3619,0.6133,-0.0762,-0.0971,0.2706,1.3830,-0.3795,0.8421,10.7227,-0.3947,-0.6720,-0.0010,-0.0012,0.0034,1.0000,0.2681,-0.0090,-0.0165
2329,Left,2,0.0665,-0.1141,0.2647,-0.9552,0.7958,1.4846,-0.0739,-13.0627,7.8277,-13.0521,-14.4842,0.9297,-5.6370,0.0099,0.0186,-0.0009,0.9998,-0.3646,0.0249,-0.1339
2329,Right,2,-0.1254,-0.1636,0.2433,-0.9478,-0.1341,0.3553,-0.2861,0.3107,-0.1940,0.0204,-3.2643,1.5759,9.1480,-0.0017,0.0044,-0.0036,1.0000,-0.0804,0.0401,0.2290
2329,Pelvis,2,-0.4453,-0.5420,-0.3616,0.6142,-0.1768,0.0966,0.2678,2.5213,-0.9051,0.8927,10.9174,0.4017,-1.5593,-0.0022,0.0012,0.0033,1.0000,0.2729,0.0109,-0.0393
2330,Left,2,0.0542,-0.1439,0.2626,-0.9526,0.2823,2.5470,0.3726,5.4790,-3.4028,6.7864,2.7394,-3.2736,17.2921,0.0035,0.0318,0.0047,0.9995,0.0826,-0.0830,0.4295
2330,Right,2,-0.1256,-0.1724,0.2471,-0.9452,-0.0737,0.6648,-0.4118,0.5478,-0.1721,0.2261,-3.2883,1.6903,9.3509,-0.0009,0.0083,-0.0051,1.0000,-0.0800,0.0429,0.2344
2330,Pelvis,2,-0.4489,-0.5387,-0.3624,0.6139,-0.3089,0.0722,0.2275,2.7098,-0.9232,0.2187,10.2858,0.6188,-1.6260,-0.0039,0.0009,0.0028,1.0000,0.2571,0.0160,-0.0409
2331,Left,2,0.0416,-0.1701,0.2616,-0.9492,0.3901,2.2871,0.2575,0.4053,4.0901,-0.3867,-4.3513,2.0710,9.0856,0.0049,0.0286,0.0032,0.9996,-0.1024,0.0503,0.2304
2331,Right,2,-0.1277,-0.1870,0.2516,-0.9410,-0.0117,1.1520,-0.5393,0.8996,-0.2094,0.6984,-3.4104,1.8570,9.8115,-0.0001,0.0144,-0.0067,0.9999,-0.0814,0.0470,0.2465
2331,Pelvis,2,-0.4526,-0.5386,-0.3649,0.6098,-0.4409,-0.1936,-0.0758,0.7915,0.3286,1.2323,11.0382,-0.9204,0.1941,-0.0055,-0.0024,-0.0009,1.0000,0.2759,-0.0232,0.0056
2332,Left,2,0.0295,-0.1993,0.2623,-0.9437,0.3008,2.5398,0.0910,-5.0142,5.7601,7.9881,-12.8125,-0.3872,14.5261,0.0038,0.0317,0.0011,0.9995,-0.3086,-0.0114,0.3730
2332,Right,2,-0.1317,-0.2117,0.2574,-0.9336,-0.0225,1.9824,-0.7639,1.7184,-1.3599,0.7476,-2.7086,1.2680,10.3635,-0.0003,0.0248,-0.0095,0.9996,-0.0610,0.0324,0.2606
2332,Pelvis,2,-0.4542,-0.5424,-0.3684,0.6032,-0.3551,-0.3839,-0.4317,-0.6527,0.0294,1.6900,11.2716,-2.3679,0.2910,-0.0044,-0.0048,-0.0054,1.0000,0.2814,-0.0607,0.0089
2333,Left,2,0.0210,-0.2168,0.2615,-0.9403,0.2602,1.5457,0.1687,-1.4173,0.5617,2.3944,-6.0081,-2.1112,10.5263,0.0033,0.0193,0.0021,0.9998,-0.1450,-0.0540,0.2658
2333,Right,2,-0.1413,-0.2531,0.2628,-0.9203,0.1092,3.4499,-0.9425,2.6450,-1.4785,0.9705,-2.7953,1.6482,10.7244,0.0014,0.0431,-0.0118,0.9990,-0.0578,0.0416,0.2708
2333,Pelvis,2,-0.4542,-0.5452,-0.3716,0.5986,-0.2177,-0.2238,-0.3874,-1.1987,0.6992,2.1325,11.6945,-2.6196,0.9953,-0.0027,-0.0028,-0.0048,1.0000,0.2920,-0.0668,0.0259
2334,Left,2,0.0121,-0.2207,0.2619,-0.9394,0.5977,0.4895,0.1051,-3.2777,3.6049,3.8807,-9.8277,-0.4722,10.6979,0.0075,0.0061,0.0013,1.0000,-0.2440,-0.0141,0.2688
2334,Right,2,-0.1596,-0.3160,0.2676,-0.8962,0.4073,5.4498,-1.1966,3.4640,-1.4384,1.1782,-3.5839,2.1463,10.8461,0.0051,0.0681,-0.0149,0.9976,-0.0701,0.0534,0.2766
2334,Pelvis,2,-0.4561,-0.5455,-0.3729,0.5961,-0.2318,-0.1317,-0.0683,0.3858,0.8823,1.6136,11.4119,-0.9389,0.6120,-0.0029,-0.0016,-0.0009,1.0000,0.2853,-0.0237,0.0158
2335,Left,2,0.0072,-0.2181,0.2626,-0.9399,0.4384,-0.1038,0.0345,-1.5522,1.2612,2.0413,-6.6457,-1.2499,9.9393,0.0055,-0.0013,0.0004,1.0000,-0.1664,-0.0327,0.2481
2335,Right,2,-0.1829,-0.4011,0.2728,-0.8551,0.5154,7.5828,-1.7390,5.2151,-0.9471,1.4135,-4.6749,3.5625,10.9572,0.0064,0.0946,-0.0217,0.9953,-0.0883,0.0894,0.2838
2336,Left,2,0.0076,-0.2171,0.2643,-0.9397,0.0283,-0.0925,-0.1421,0.0929,1.2307,0.9616,-4.9083,-0.2793,9.6663,0.0004,-0.0012,-0.0018,1.0000,-0.1230,-0.0069,0.2415
2336,Right,2,-0.1998,-0.4918,0.2802,-0.7998,0.2377,8.2562,-2.5011,7.2199,-1.1400,4.6262,-8.6961,4.6888,12.8577,0.0030,0.1030,-0.0312,0.9942,-0.1790,0.1222,0.3416
2336,Pelvis,2,-0.4588,-0.5441,-0.3783,0.5919,-0.2770,0.0020,-0.1061,-0.6902,2.3693,2.8076,12.5432,-1.6361,2.3136,-0.0069,0.0001,-0.0027,1.0000,0.6269,-0.0827,0.1162
2337,Left,2,0.0099,-0.2170,0.2664,-0.9391,-0.1297,-0.0522,-0.2134,-0.2426,-0.0048,0.1253,-4.1905,-1.4312,8.9003,-0.0016,-0.0007,-0.0027,1.0000,-0.1050,-0.0351,0.2225
2337,Right,2,-0.2080,-0.5615,0.2927,-0.7455,0.3282,6.5871,-2.7991,7.4117,-2.1763,11.1566,-17.0087,3.5355,14.1031,0.0041,0.0822,-0.0349,0.9960,-0.3909,0.1009,0.3861
2337,Pelvis,2,-0.4562,-0.5430,-0.3838,0.5914,-0.1676,0.3059,-0.3434,-1.6268,2.5625,0.3921,10.0473,-2.0942,2.8313,-0.0021,0.0038,-0.0043,1.0000,0.2512,-0.0533,0.0699
2338,Left,2,0.0112,-0.2172,0.2678,-0.9386,-0.0713,-0.0106,-0.1454,-0.2075,-0.2587,-0.0212,-3.9649,-1.6532,8.8051,-0.0009,-0.0001,-0.0018,1.0000,-0.0992,-0.0410,0.2202
2338,Right,2,-0.2041,-0.6037,0.3067,-0.7070,0.0649,3.9248,-2.6098,12.7987,-2.3773,2.2678,-9.4649,6.3064,13.6528,0.0008,0.0490,-0.0326,0.9983,-0.2142,0.1646,0.3523
2338,Pelvis,2,-0.4530,-0.5416,-0.3900,0.5911,-0.1611,0.3776,-0.3919,-1.2209,1.9183,-0.9361,8.7456,-1.6563,2.1767,-0.0020,0.0047,-0.0049,1.0000,0.2187,-0.0424,0.0535
2339,Left,2,0.0115,-0.2169,0.2687,-0.9384,-0.0019,-0.0307,-0.0827,-0.2226,-0.1310,-0.0058,-4.0402,-1.5736,8.8001,-0.0000,-0.0004,-0.0010,1.0000,-0.1011,-0.0392,0.2200
2339,Right,2,-0.2022,-0.6115,0.3311,-0.6896,1.1748,0.8403,-2.0237,11.8913,-9.7717,2.3648,-9.2850,-0.0044,17.2912,0.0147,0.0105,-0.0253,0.9995,-0.2276,-0.0007,0.4347
2339,Pelvis,2,-0.4499,-0.5402,-0.3948,0.5915,-0.0979,0.3512,-0.2966,-1.1149,0.9387,-0.8571,8.8053,-1.7745,1.2828,-0.0012,0.0044,-0.0037,1.0000,0.2201,-0.0451,0.0312
2340,Left,2,0.0117,-0.2163,0.2694,-0.9383,0.0168,-0.0543,-0.0592,-0.0808,0.1782,0.0868,-4.1168,-1.2572,8.9168,0.0002,-0.0007,-0.0007,1.0000,-0.1031,-0.0314,0.2228
2340,Right,2,-0.2020,-0.5963,0.3588,-0.6891,1.7656,-1.2660,-1.2958,10.2421,-0.4803,-10.1666,0.7884,7.0967,7.3683,0.0221,-0.0158,-0.0162,0.9995,0.0196,0.1730,0.1884
2340,Pelvis,2,-0.4493,-0.5382,-0.3967,0.5926,-0.0696,0.2258,-0.0132,-1.4086,0.1545,-0.2021,9.4101,-2.3139,0.6832,-0.0009,0.0028,-0.0002,1.0000,0.2353,-0.0579,0.0165
2341,Left,2,0.0121,-0.2163,0.2701,-0.9381,-0.0114,-0.0170,-0.0691,0.0015,0.2420,0.0320,-4.0569,-1.1605,8.8978,-0.0001,-0.0002,-0.0009,1.0000,-0.1015,-0.0289,0.2224
2341,Right,2,-0.2006,-0.5790,0.3735,-0.6964,1.0146,-1.5680,-0.3893,9.1720,0.1916,-9.0711,-0.3874,6.8378,6.1493,0.0127,-0.0196,-0.0049,0.9997,-0.0119,0.1690,0.1557
2341,Pelvis,2,-0.4499,-0.5361,-0.3957,0.5946,0.0186,0.1331,0.2199,-1.6470,-0.1595,0.2447,9.8151,-2.7026,0.4984,0.0002,0.0017,0.0027,1.0000,0.2456,-0.0669,0.0120
2342,Left,2,0.0129,-0.2171,0.2709,-0.9377,-0.0577,0.0470,-0.0868,0.0618,0.2312,0.0093,-3.9995,-1.1524,8.8998,-0.0007,0.0006,-0.0011,1.0000,-0.0999,-0.0285,0.2226
2342,Right,2,-0.2015,-0.5550,0.3754,-0.7145,0.5744,-2.1689,0.8677,8.5482,0.0044,-8.4994,-0.5961,6.2859,5.9117,0.0072,-0.0271,0.0108,0.9995,-0.0206,0.1559,0.1484
2342,Pelvis,2,-0.4497,-0.5340,-0.3941,0.5978,0.1293,0.1856,0.2410,-1.4677,0.0761,-0.5920,8.9895,-2.4254,0.6990,0.0016,0.0023,0.0030,1.0000,0.2250,-0.0600,0.0169
2343,Left,2,0.0139,-0.2185,0.2717,-0.9371,-0.0874,0.0876,-0.0900,-0.0625,0.0832,-0.0509,-4.0076,-1.3581,8.7976,-0.0011,0.0011,-0.0011,1.0000,-0.1000,-0.0336,0.2201
2343,Right,2,-0.2036,-0.5240,0.3669,-0.7412,0.2505,-2.7519,1.8867,7.6398,-0.5988,-6.2848,-2.0235,5.0455,6.4545,0.0031,-0.0344,0.0236,0.9991,-0.0590,0.1243,0.1598
2343,Pelvis,2,-0.4483,-0.5334,-0.3925,0.6004,0.2059,0.1201,0.1208,-0.8923,0.1354,-0.5603,9.0771,-1.9028,0.6368,0.0026,0.0015,0.0015,1.0000,0.2270,-0.0473,0.0155
2344,Left,2,0.0146,-0.2198,0.2721,-0.9367,-0.0732,0.0766,-0.0558,-0.1358,0.0720,-0.0169,-4.0884,-1.4350,8.7867,-0.0009,0.0010,-0.0007,1.0000,-0.1020,-0.0356,0.2198
2344,Right,2,-0.2048,-0.4849,0.3530,-0.7735,0.1136,-3.4001,2.4518,6.0723,-1.4283,-4.4082,-3.0373,3.3386,6.9145,0.0014,-0.0425,0.0306,0.9986,-0.0857,0.0807,0.1695
2344,Pelvis,2,-0.4453,-0.5324,-0.3922,0.6037,0.2511,0.2713,0.0279,-0.5632,0.0915,-1.2870,8.3900,-1.5296,0.5308,0.0031,0.0034,0.0003,1.0000,0.2098,-0.0382,0.0124
2345,Left,2,0.0154,-0.2211,0.2722,-0.9364,-0.0852,0.0828,-0.0308,-0.0569,0.1379,-0.0304,-4.0752,-1.3597,8.7897,-0.0011,0.0010,-0.0004,1.0000,-0.1017,-0.0337,0.2199
2345,Right,2,-0.2052,-0.4382,0.3384,-0.8071,0.2362,-3.9343,2.6374,4.6168,-2.0053,-2.4116,-4.1944,2.0827,7.6334,0.0030,-0.0492,0.0329,0.9982,-0.1157,0.0478,0.1855
2345,Pelvis,2,-0.4423,-0.5321,-0.3912,0.6068,0.2905,0.2033,0.0217,-0.5197,-0.1740,-1.5164,8.1641,-1.5417,0.3160,0.0036,0.0025,0.0003,1.0000,0.2041,-0.0385,0.0072
2346,Left,2,0.0164,-0.2230,0.2720,-0.9360,-0.1081,0.1198,-0.0142,-0.0094,0.0478,-0.0502,-4.0080,-1.4337,8.7857,-0.0014,0.0015,-0.0002,1.0000,-0.0999,-0.0355,0.2198
2346,Right,2,-0.2047,-0.3845,0.3252,-0.8393,0.4431,-4.3837,2.5861,3.2110,-2.2233,0.3424,-6.0134,1.4125,8.9651,0.0055,-0.0548,0.0323,0.9980,-0.1633,0.0290,0.2156
2346,Pelvis,2,-0.4397,-0.5326,-0.3901,0.6090,0.2705,0.1098,-0.0043,-0.5353,-0.2788,-1.4763,8.2007,-1.5928,0.2658,0.0034,0.0014,-0.0001,1.0000,0.2050,-0.0399,0.0062
2347,Left,2,0.0174,-0.2254,0.2718,-0.9354,-0.1311,0.1544,-0.0151,0.0793,0.1183,-0.0910,-3.9924,-1.3513,8.7616,-0.0016,0.0019,-0.0002,1.0000,-0.0994,-0.0334,0.2193
2347,Right,2,-0.2049,-0.3269,0.3151,-0.8671,0.7528,-4.5360,2.3535,0.6409,-2.1421,1.6564,-7.2721,0.3244,9.1503,0.0094,-0.0567,0.0294,0.9979,-0.1945,0.0004,0.2180
2348,Left,2,0.0188,-0.2282,0.2716,-0.9348,-0.1632,0.1866,-0.0263,0.0945,0.2399,-0.1076,-4.0753,-1.2724,8.7194,-0.0020,0.0023,-0.0003,1.0000,-0.1014,-0.0313,0.2183
2348,Right,2,-0.2094,-0.2697,0.3088,-0.8877,1.2608,-4.2783,2.0091,-2.1785,-1.8400,7.8668,-12.1421,0.3590,13.1732,0.0158,-0.0534,0.0251,0.9981,-0.3206,-0.0040,0.3125
2348,Pelvis,2,-0.4353,-0.5337,-0.3884,0.6122,0.2153,0.0785,-0.0206,0.0956,-0.6863,-1.0934,8.6651,-1.1652,-0.2568,0.0054,0.0020,-0.0005,1.0000,0.4332,-0.0584,-0.0140
2349,Left,2,0.0200,-0.2310,0.2709,-0.9342,-0.1607,0.1858,0.0140,-0.1588,0.2526,-0.2710,-4.2447,-1.3980,8.4357,-0.0020,0.0023,0.0002,1.0000,-0.1056,-0.0345,0.2112
2349,Right,2,-0.2111,-0.2061,0.3066,-0.9050,1.3600,-4.8014,1.6873,-4.6871,-0.5320,11.0522,-14.6458,1.3787,15.5517,0.0170,-0.0600,0.0211,0.9978,-0.3891,0.0201,0.3663
2349,Pelvis,2,-0.4329,-0.5338,-0.3886,0.6137,0.1658,0.1413,-0.0740,0.3882,-0.8685,-1.0359,8.7645,-0.9450,-0.4775,0.0021,0.0018,-0.0009,1.0000,0.2191,-0.0238,-0.0124
2350,Left,2,0.0203,-0.2316,0.2695,-0.9345,-0.0566,0.0241,0.1037,-0.2676,-0.1659,-0.4344,-4.0677,-1.7995,8.2623,-0.0007,0.0003,0.0013,1.0000,-0.1016,-0.0450,0.2066
2350,Right,2,-0.2093,-0.1453,0.3052,-0.9176,1.1357,-4.6157,1.4083,-9.3580,4.7334,10.9731,-18.6656,3.2524,13.5544,0.0142,-0.0577,0.0176,0.9981,-0.4865,0.0683,0.3122
2350,Pelvis,2,-0.4297,-0.5338,-0.3899,0.6152,0.1528,0.2067,-0.1499,-0.4436,-0.5032,-1.2835,8.4113,-1.5562,0.1620,0.0019,0.0026,-0.0019,1.0000,0.2102,-0.0393,0.0034
2351,Left,2,0.0198,-0.2293,0.2681,-0.9355,0.0718,-0.1924,0.1329,-0.0890,-0.3478,-0.2965,-3.8884,-1.8761,8.4881,0.0009,-0.0024,0.0017,1.0000,-0.0976,-0.0473,0.2119
2351,Right,2,-0.2008,-0.0875,0.2979,-0.9291,0.5200,-4.4549,1.6874,-12.7187,11.7185,6.1744,-21.4603,5.8423,7.7868,0.0065,-0.0557,0.0211,0.9982,-0.5492,0.1334,0.1652
2351,Pelvis,2,-0.4253,-0.5350,-0.3911,0.6164,0.2488,0.1633,-0.2530,-0.9163,-0.5472,-0.9700,8.6716,-2.0049,0.3405,0.0031,0.0020,-0.0032,1.0000,0.2166,-0.0508,0.0079
2352,Left,2,0.0192,-0.2264,0.2675,-0.9364,0.0987,-0.2266,0.0627,0.0730,-0.3044,0.0208,-3.8823,-1.7824,8.8627,0.0012,-0.0028,0.0008,1.0000,-0.0976,-0.0449,0.2212
2352,Right,2,-0.1945,-0.0406,0.2812,-0.9388,0.3866,-3.4326,2.1861,-15.3690,10.6697,-6.0192,-19.0654,0.5981,-0.9506,0.0048,-0.0429,0.0273,0.9987,-0.4752,0.0021,-0.0441
2352,Pelvis,2,-0.4201,-0.5383,-0.3914,0.6169,0.3632,0.0331,-0.3344,-0.3773,-0.7764,0.1586,9.8756,-1.6255,0.0580,0.0045,0.0004,-0.0042,1.0000,0.2467,-0.0417,0.0012
2353,Left,2,0.0186,-0.2243,0.2677,-0.9368,0.0969,-0.1579,-0.0017,0.0292,-0.3382,-0.0434,-3.8321,-1.7990,8.8110,0.0012,-0.0020,-0.0000,1.0000,-0.0962,-0.0452,0.2200
2353,Right,2,-0.1980,-0.0128,0.2629,-0.9442,0.7475,-1.7345,1.9452,-17.2101,8.2751,-11.6174,-18.5109,-3.2297,-3.8687,0.0093,-0.0217,0.0243,0.9994,-0.4584,-0.0910,-0.1075
2353,Pelvis,2,-0.4163,-0.5414,-0.3914,0.6167,0.2807,-0.0431,-0.2724,0.6145,-0.5584,0.9706,10.7972,-0.6242,-0.0069,0.0035,-0.0005,-0.0034,1.0000,0.2699,-0.0165,-0.0001
2354,Left,2,0.0175,-0.2248,0.2683,-0.9366,0.0892,0.0612,-0.0395,0.2498,-0.3142,-0.0027,-3.6844,-1.6579,8.9484,0.0011,0.0008,-0.0005,1.0000,-0.0920,-0.0417,0.2237
2354,Right,2,-0.1983,-0.0081,0.2511,-0.9474,0.0695,-0.1707,1.0391,-17.4694,7.9454,-14.4137,-18.4286,-3.9943,-5.8252,0.0009,-0.0021,0.0130,0.9999,-0.4591,-0.1057,-0.1467
2354,Pelvis,2,-0.4153,-0.5429,-0.3917,0.6159,0.0569,-0.0639,-0.1319,1.1950,-1.2256,-0.1954,9.7238,-0.1572,-0.9200,0.0007,-0.0008,-0.0016,1.0000,0.2431,-0.0043,-0.0228
2355,Left,2,0.0159,-0.2288,0.2689,-0.9355,0.0502,0.3467,-0.0380,0.4412,-0.2685,0.0415,-3.6277,-1.5195,9.0501,0.0006,0.0043,-0.0005,1.0000,-0.0897,-0.0381,0.2266
2355,Right,2,-0.1972,-0.0224,0.2390,-0.9505,-0.4241,1.2541,0.7647,-15.6827,6.3308,-10.7432,-16.5820,-2.6561,-2.2157,-0.0053,0.0157,0.0096,0.9998,-0.4147,-0.0706,-0.0485
2355,Pelvis,2,-0.4159,-0.5445,-0.3906,0.6148,0.0366,-0.1903,-0.0109,0.1057,-2.0478,-0.4509,9.3792,-1.4221,-1.3623,0.0005,-0.0024,-0.0001,1.0000,0.2346,-0.0356,-0.0335
2356,Left,2,0.0132,-0.2364,0.2688,-0.9336,0.0384,0.6566,0.0251,0.5346,-0.4017,0.0202,-3.5955,-1.5751,9.0402,0.0005,0.0082,0.0003,1.0000,-0.0880,-0.0395,0.2267
2356,Right,2,-0.1827,-0.0518,0.2245,-0.9558,-1.7604,2.1688,0.7248,-3.4312,1.3701,-0.7608,-5.0780,2.6838,7.9131,-0.0220,0.0271,0.0091,0.9993,-0.1222,0.0704,0.1997
2356,Pelvis,2,-0.4151,-0.5469,-0.3882,0.6147,0.2180,-0.1688,-0.0030,-1.6069,-2.5221,0.6810,10.3378,-3.2854,-1.1817,0.0027,-0.0021,-0.0000,1.0000,0.2585,-0.0821,-0.0292
2357,Left,2,0.0092,-0.2492,0.2680,-0.9306,0.0100,1.0890,0.0791,0.5896,0.0004,0.2863,-4.0771,-1.2346,9.1758,0.0001,0.0136,0.0010,0.9999,-0.0988,-0.0310,0.2308
2357,Right,2,-0.1695,-0.0712,0.2102,-0.9602,-1.4772,1.4298,0.8390,10.4727,-16.4216,7.3035,12.5581,-3.9394,22.3441,-0.0185,0.0179,0.0105,0.9996,0.3248,-0.0849,0.5545
2357,Pelvis,2,-0.4121,-0.5505,-0.3842,0.6161,0.4820,-0.1571,-0.0073,-1.9410,-2.0832,0.3203,9.9318,-3.4166,-0.6869,0.0060,-0.0020,-0.0001,1.0000,0.2483,-0.0853,-0.0172
2358,Left,2,0.0047,-0.2713,0.2663,-0.9249,-0.1740,1.8474,0.1063,1.1719,-0.0521,0.5169,-4.0797,-1.0377,9.5066,-0.0022,0.0231,0.0013,0.9997,-0.0964,-0.0256,0.2400
2358,Right,2,-0.1791,-0.1073,0.2061,-0.9560,0.1763,3.0130,-0.1824,-7.9419,-7.4699,-5.8518,-5.3461,-8.6068,5.6503,0.0022,0.0377,-0.0023,0.9993,-0.1287,-0.2152,0.1457
2358,Pelvis,2,-0.4101,-0.5542,-0.3767,0.6186,0.6263,-0.2610,0.2357,0.1778,-1.2866,0.3062,10.1046,-1.1990,-0.7353,0.0078,-0.0033,0.0029,1.0000,0.2528,-0.0291,-0.0178
2359,Left,2,-0.0002,-0.3087,0.2626,-0.9142,-0.5124,3.0976,0.1632,2.7710,-0.4274,0.2056,-3.2092,-0.6018,9.8803,-0.0064,0.0387,0.0020,0.9992,-0.0706,-0.0136,0.2500
2359,Right,2,-0.1833,-0.1329,0.2150,-0.9500,0.0682,1.9447,-1.0978,-5.9651,2.1608,7.6350,-11.3670,4.3211,14.0314,0.0009,0.0243,-0.0137,0.9996,-0.2740,0.1115,0.3576
2359,Pelvis,2,-0.4121,-0.5581,-0.3673,0.6195,0.4665,-0.5160,0.4481,0.7119,1.0408,0.6109,10.4374,0.0618,1.1400,0.0058,-0.0065,0.0056,0.9999,0.2607,0.0028,0.0302
2360,Left,2,-0.0099,-0.3671,0.2566,-0.8940,-0.6626,4.9725,0.2495,3.5741,-1.9488,0.0016,-2.8467,-1.6284,10.1136,-0.0083,0.0621,0.0031,0.9980,-0.0552,-0.0388,0.2569
2360,Right,2,-0.1748,-0.1486,0.2140,-0.9495,-0.9034,1.0604,-0.2439,-3.5376,5.6087,6.3352,-10.6338,7.6326,11.5504,-0.0113,0.0133,-0.0030,0.9998,-0.2614,0.1949,0.2901
2360,Pelvis,2,-0.4176,-0.5587,-0.3612,0.6189,-0.0046,-0.4244,0.5116,1.0620,3.0724,2.6967,12.5865,0.8328,2.8184,-0.0001,-0.0053,0.0064,1.0000,0.3141,0.0228,0.0721
2361,Right,2,-0.1648,-0.1531,0.2144,-0.9505,-0.8371,0.1492,-0.1906,-1.8168,-0.3646,1.8042,-5.6143,1.8562,10.1698,-0.0105,0.0019,-0.0024,0.9999,-0.1398,0.0494,0.2540
2361,Pelvis,2,-0.4223,-0.5577,-0.3580,0.6185,-0.1306,-0.2127,0.3926,-0.2410,1.4522,3.1615,12.8856,-1.1899,1.7447,-0.0016,-0.0027,0.0049,1.0000,0.3222,-0.0281,0.0445
2362,Left,2,-0.0484,-0.5366,0.2344,-0.8092,-0.6520,7.7599,0.4216,4.6420,-2.7782,1.3340,-5.5960,-2.2958,10.9027,-0.0162,0.1928,0.0105,0.9811,-0.1670,-0.1076,0.5868
2362,Right,2,-0.1585,-0.1531,0.2142,-0.9516,-0.4812,-0.1300,-0.0308,-1.5880,-0.4842,0.8203,-5.0292,1.4328,9.4059,-0.0060,-0.0016,-0.0004,1.0000,-0.1261,0.0373,0.2347
2362,Pelvis,2,-0.4224,-0.5580,-0.3558,0.6193,0.1352,-0.0564,0.1216,-1.6674,1.3896,1.4877,11.0459,-2.3908,2.1639,0.0017,-0.0007,0.0015,1.0000,0.2762,-0.0594,0.0542
2363,Left,2,-0.0644,-0.6178,0.2136,-0.7540,-1.1662,8.0198,0.6822,5.8047,-1.9378,8.7938,-15.4344,-2.4971,11.8540,-0.0146,0.1001,0.0085,0.9948,-0.3531,-0.0608,0.3338
2363,Right,2,-0.1551,-0.1519,0.2142,-0.9524,-0.2364,-0.1657,-0.0027,-0.7444,-0.3298,0.3489,-4.1572,1.7492,9.1421,-0.0030,-0.0021,-0.0000,1.0000,-0.1044,0.0444,0.2282
2363,Pelvis,2,-0.4200,-0.5586,-0.3534,0.6218,0.3258,0.0706,0.0663,-0.6076,2.2253,0.0495,9.7714,-0.9282,2.4986,0.0041,0.0009,0.0008,1.0000,0.2444,-0.0233,0.0622
2364,Left,2,-0.0799,-0.6726,0.1888,-0.7110,-0.9938,5.8302,1.2401,8.6557,-5.7254,6.9711,-14.4978,-4.4299,12.6620,-0.0124,0.0728,0.0155,0.9971,-0.3363,-0.1119,0.3431
2364,Right,2,-0.1539,-0.1511,0.2140,-0.9527,-0.0760,-0.0946,0.0229,-0.3524,-0.0283,0.1430,-3.8269,2.1012,8.9543,-0.0009,-0.0012,0.0003,1.0000,-0.0960,0.0527,0.2237
2365,Left,2,-0.0793,-0.7099,0.1580,-0.6818,-2.0640,3.8839,1.0366,8.3084,-5.0037,-1.8751,-7.3507,-2.7407,9.7818,-0.0258,0.0485,0.0130,0.9984,-0.1707,-0.0643,0.2547
2365,Right,2,-0.1534,-0.1507,0.2138,-0.9529,-0.0237,-0.0444,0.0318,-0.1897,-0.0262,0.0672,-3.6457,2.1475,8.9301,-0.0003,-0.0006,0.0004,1.0000,-0.0913,0.0537,0.2232
2365,Pelvis,2,-0.4205,-0.5542,-0.3476,0.6287,0.1743,0.1561,0.3248,0.6523,2.1466,-0.6682,9.2079,0.2125,1.9560,0.0044,0.0039,0.0081,0.9999,0.4607,0.0139,0.0961
2366,Left,2,-0.0790,-0.7207,0.1429,-0.6738,-0.9603,1.1380,0.6353,17.3831,-13.1320,5.3629,-15.0786,-8.4961,20.1358,-0.0120,0.0142,0.0079,0.9998,-0.3681,-0.2092,0.5112
2366,Right,2,-0.1535,-0.1508,0.2133,-0.9530,0.0118,0.0089,0.0484,-0.1013,0.0235,-0.0137,-3.5549,2.2108,8.8603,0.0001,0.0001,0.0006,1.0000,-0.0889,0.0552,0.2215
2366,Pelvis,2,-0.4221,-0.5526,-0.3473,0.6291,-0.0987,0.0408,0.1509,1.4565,1.4322,0.3804,10.3341,0.4120,1.0531,-0.0012,0.0005,0.0019,1.0000,0.2583,0.0108,0.0262
2367,Left,2,-0.0846,-0.6956,0.1473,-0.6981,0.6959,-2.7091,0.5151,7.2328,-6.4344,-11.1490,1.5394,-3.6732,8.9256,0.0087,-0.0339,0.0064,0.9994,0.0315,-0.0936,0.2235
2367,Right,2,-0.1536,-0.1513,0.2129,-0.9530,0.0058,0.0399,0.0345,0.0498,0.0558,-0.0886,-3.4149,2.2921,8.8118,0.0001,0.0005,0.0004,1.0000,-0.0853,0.0572,0.2203
2367,Pelvis,2,-0.4223,-0.5522,-0.3495,0.6282,-0.1484,0.0471,-0.1149,0.7141,1.0324,-0.3862,9.4547,-0.3158,0.9718,-0.0019,0.0006,-0.0014,1.0000,0.2364,-0.0082,0.0242
2368,Left,2,-0.0913,-0.6719,0.1467,-0.7202,0.4713,-2.4565,0.8342,7.4408,-3.3452,-8.4321,-0.9188,-0.8066,8.1846,0.0059,-0.0307,0.0104,0.9995,-0.0290,-0.0216,0.2037
2368,Right,2,-0.1533,-0.1523,0.2130,-0.9529,-0.0262,0.0567,-0.0148,-0.0451,0.0486,-0.0722,-3.5122,2.2419,8.8045,-0.0003,0.0007,-0.0002,1.0000,-0.0876,0.0561,0.2202
2368,Pelvis,2,-0.4211,-0.5532,-0.3526,0.6263,-0.1092,0.0053,-0.2951,0.0726,0.6859,-0.3836,9.3577,-0.9902,0.9146,-0.0014,0.0001,-0.0037,1.0000,0.2339,-0.0256,0.0229
2369,Left,2,-0.0904,-0.6397,0.1449,-0.7494,0.0249,-3.4111,0.6338,7.3324,-5.2944,-5.0608,-3.4936,-2.8090,9.1833,0.0003,-0.0426,0.0079,0.9991,-0.0965,-0.0710,0.2256
2369,Right,2,-0.1523,-0.1531,0.2135,-0.9528,-0.0690,0.0353,-0.0513,-0.0729,0.0092,-0.1197,-3.5192,2.1677,8.7678,-0.0009,0.0004,-0.0006,1.0000,-0.0878,0.0544,0.2192
2369,Pelvis,2,-0.4197,-0.5548,-0.3558,0.6241,-0.0973,-0.0315,-0.3373,-0.2262,0.3122,-0.2692,9.4299,-1.3533,0.6881,-0.0012,-0.0004,-0.0042,1.0000,0.2356,-0.0348,0.0173
2370,Left,2,-0.0861,-0.5949,0.1493,-0.7851,0.2293,-4.5770,0.2481,6.3766,-4.8293,-4.3017,-3.5678,-2.6632,8.6386,0.0029,-0.0572,0.0031,0.9984,-0.1011,-0.0675,0.2102
2370,Right,2,-0.1513,-0.1538,0.2141,-0.9527,-0.0747,0.0236,-0.0631,-0.1158,-0.0092,-0.1236,-3.5598,2.1074,8.7624,-0.0009,0.0003,-0.0008,1.0000,-0.0889,0.0530,0.2190
2370,Pelvis,2,-0.4183,-0.5549,-0.3584,0.6234,-0.0691,0.0909,-0.2152,0.0222,0.2082,-1.3916,8.3558,-0.9624,0.4622,-0.0009,0.0011,-0.0027,1.0000,0.2088,-0.0246,0.0113
2371,Left,2,-0.0754,-0.5425,0.1573,-0.8217,0.0892,-5.2070,-0.2102,5.5934,-3.2829,-3.2226,-3.9778,-1.4868,8.2206,0.0011,-0.0650,-0.0026,0.9979,-0.1126,-0.0371,0.1984
2371,Right,2,-0.1504,-0.1545,0.2147,-0.9526,-0.0579,0.0254,-0.0538,-0.0802,-0.0571,-0.1450,-3.5147,2.0544,8.7693,-0.0007,0.0003,-0.0007,1.0000,-0.0878,0.0516,0.2192
2371,Pelvis,2,-0.4183,-0.5548,-0.3601,0.6224,-0.1111,0.0143,-0.1098,0.2747,-0.0128,-1.3413,8.4371,-0.7920,0.1712,-0.0014,0.0002,-0.0014,1.0000,0.2109,-0.0201,0.0043
2372,Left,2,-0.0597,-0.4850,0.1665,-0.8564,-0.1101,-5.5245,-0.4984,4.8472,-2.4413,-1.7253,-4.6353,-1.0645,8.5084,-0.0014,-0.0690,-0.0062,0.9976,-0.1303,-0.0255,0.2041
2372,Right,2,-0.1496,-0.1551,0.2153,-0.9525,-0.0504,0.0197,-0.0539,-0.0279,0.0771,-0.1483,-3.5270,2.1732,8.7318,-0.0006,0.0002,-0.0007,1.0000,-0.0881,0.0545,0.2183
2372,Pelvis,2,-0.4190,-0.5551,-0.3615,0.6210,-0.1344,-0.0487,-0.0891,0.0623,-0.4676,-0.7829,8.9595,-1.2096,-0.1524,-0.0017,-0.0006,-0.0011,1.0000,0.2240,-0.0305,-0.0036
2373,Left,2,-0.0414,-0.4247,0.1730,-0.8877,-0.3479,-5.6099,-0.4511,4.4639,-1.3725,1.5074,-6.4887,-0.5083,10.3847,-0.0043,-0.0701,-0.0056,0.9975,-0.1799,-0.0106,0.2475
2373,Right,2,-0.1487,-0.1556,0.2160,-0.9524,-0.0552,0.0084,-0.0674,-0.0006,0.0143,-0.1916,-3.4734,2.1019,8.7225,-0.0007,0.0001,-0.0008,1.0000,-0.0868,0.0528,0.2180
2373,Pelvis,2,-0.4195,-0.5549,-0.3625,0.6202,-0.1029,-0.0148,-0.0473,0.2252,-0.6468,-0.8829,8.8792,-1.1022,-0.3940,-0.0013,-0.0002,-0.0006,1.0000,0.2220,-0.0277,-0.0098
2374,Left,2,-0.0181,-0.3622,0.1734,-0.9157,-0.8582,-5.6961,-0.2276,1.0180,-1.1022,5.4864,-10.0720,-1.9569,11.4644,-0.0107,-0.0711,-0.0028,0.9974,-0.2715,-0.0452,0.2682
2374,Right,2,-0.1481,-0.1564,0.2168,-0.9522,-0.0338,0.0322,-0.0685,0.0432,-0.0970,-0.1991,-3.4023,2.0054,8.7655,-0.0004,0.0004,-0.0009,1.0000,-0.0849,0.0503,0.2192
2374,Pelvis,2,-0.4207,-0.5545,-0.3630,0.6196,-0.1074,-0.0228,0.0280,0.6448,-0.7671,-0.6966,9.1131,-0.7830,-0.6666,-0.0013,-0.0003,0.0004,1.0000,0.2278,-0.0195,-0.0166
2375,Left,2,0.0124,-0.3014,0.1830,-0.9357,-1.1420,-5.4573,-1.2182,-6.8824,-1.4978,11.8942,-17.8184,-6.1453,12.8977,-0.0143,-0.0682,-0.0152,0.9975,-0.4684,-0.1423,0.2931
2375,Right,2,-0.1481,-0.1578,0.2175,-0.9518,-0.0039,0.1002,-0.0710,-0.0033,-0.1138,-0.1939,-3.4578,1.9572,8.7605,-0.0000,0.0013,-0.0009,1.0000,-0.0861,0.0490,0.2191
2376,Left,2,0.0380,-0.2410,0.2155,-0.9455,-0.2320,-5.0869,-2.9666,-14.2966,1.4498,9.2292,-21.1708,-6.8088,8.6918,-0.0029,-0.0635,-0.0370,0.9973,-0.5475,-0.1496,0.1833
2376,Right,2,-0.1477,-0.1595,0.2187,-0.9513,-0.0203,0.1070,-0.1127,-0.0080,0.0829,-0.1664,-3.5734,2.1162,8.7069,-0.0003,0.0013,-0.0014,1.0000,-0.0890,0.0531,0.2178
2376,Pelvis,2,-0.4243,-0.5522,-0.3627,0.6193,-0.1206,-0.0065,0.1232,1.0080,-1.0153,-0.9834,8.8664,-0.5374,-1.0499,-0.0030,-0.0002,0.0031,1.0000,0.4434,-0.0257,-0.0523
2377,Left,2,0.0451,-0.1879,0.2541,-0.9477,1.1369,-4.0475,-3.1819,-20.8991,9.5544,3.9190,-26.4204,-2.9342,3.3117,0.0142,-0.0506,-0.0397,0.9978,-0.6658,-0.0478,0.0484
2377,Right,2,-0.1462,-0.1606,0.2205,-0.9509,-0.0939,0.0363,-0.1700,0.1187,0.2130,-0.1512,-3.5441,2.2618,8.7021,-0.0012,0.0005,-0.0021,1.0000,-0.0884,0.0570,0.2175
2377,Pelvis,2,-0.4279,-0.5505,-0.3619,0.6187,-0.2085,-0.0794,0.2372,1.3074,-0.8577,-1.8098,8.0847,-0.1451,-1.0526,-0.0026,-0.0010,0.0030,1.0000,0.2022,-0.0031,-0.0261
2378,Left,2,0.0426,-0.1425,0.2830,-0.9475,1.5530,-3.2723,-2.3203,-19.1856,11.2834,-6.9935,-22.1055,-0.3709,-3.8745,0.0194,-0.0409,-0.0290,0.9986,-0.5480,0.0088,-0.1193
2378,Right,2,-0.1441,-0.1616,0.2230,-0.9505,-0.1344,0.0073,-0.2275,0.3739,0.0218,-0.0956,-3.2940,2.1826,8.8853,-0.0017,0.0001,-0.0028,1.0000,-0.0822,0.0552,0.2220
2378,Pelvis,2,-0.4327,-0.5489,-0.3609,0.6174,-0.2861,-0.1491,0.2747,1.4325,-0.3469,-1.1026,8.8114,0.0180,-0.6301,-0.0036,-0.0019,0.0034,1.0000,0.2203,0.0012,-0.0153
2379,Left,2,0.0466,-0.1170,0.2938,-0.9475,0.4120,-1.9834,-0.9541,-15.4053,13.0403,-11.8714,-19.1519,2.9020,-6.0414,0.0051,-0.0248,-0.0119,0.9996,-0.4739,0.0790,-0.1624
2379,Right,2,-0.1425,-0.1641,0.2259,-0.9496,-0.1081,0.1309,-0.2743,0.2002,-0.2751,-0.0172,-3.3883,1.8101,9.0172,-0.0014,0.0016,-0.0034,1.0000,-0.0842,0.0458,0.2255
2379,Pelvis,2,-0.4374,-0.5468,-0.3610,0.6159,-0.3432,-0.0935,0.2321,1.3412,-0.4765,1.0532,10.9265,-0.4675,-0.6989,-0.0043,-0.0012,0.0029,1.0000,0.2732,-0.0110,-0.0171
2380,Left,2,0.0636,-0.1143,0.2914,-0.9476,-1.2418,-0.6123,0.0187,-15.8891,10.8984,-13.1338,-18.3049,0.9273,-6.8084,-0.0155,-0.0077,0.0002,0.9999,-0.4563,0.0204,-0.1740
2380,Right,2,-0.1421,-0.1691,0.2290,-0.9480,-0.0427,0.3526,-0.3180,0.3126,-0.2474,0.0733,-3.4083,1.8597,9.1004,-0.0005,0.0044,-0.0040,1.0000,-0.0840,0.0469,0.2279
2380,Pelvis,2,-0.4415,-0.5441,-0.3622,0.6147,-0.3724,0.0015,0.1855,1.5146,-1.0030,1.2273,11.1020,-0.5687,-1.2662,-0.0047,0.0000,0.0023,1.0000,0.2776,-0.0137,-0.0316
2381,Left,2,0.0610,-0.1218,0.2889,-0.9476,0.0060,0.6138,0.2433,-17.4551,2.9696,-9.9682,-15.6765,-6.8674,-4.5406,0.0001,0.0077,0.0030,1.0000,-0.3922,-0.1729,-0.1105
2381,Right,2,-0.1430,-0.1773,0.2329,-0.9455,0.0074,0.6219,-0.4116,0.3376,-0.1355,0.1476,-3.5893,1.9423,9.0932,0.0001,0.0078,-0.0051,1.0000,-0.0877,0.0490,0.2280
2381,Pelvis,2,-0.4454,-0.5407,-0.3649,0.6133,-0.4578,0.0904,0.1148,1.9931,-1.6557,0.3712,10.3030,-0.2481,-2.0524,-0.0057,0.0011,0.0014,1.0000,0.2575,-0.0061,-0.0516
2382,Left,2,0.0417,-0.1400,0.3008,-0.9425,1.1433,1.9251,-0.7407,7.3386,2.0953,5.7887,1.2243,2.9949,17.0665,0.0143,0.0241,-0.0093,0.9996,0.0415,0.0684,0.4268
2382,Right,2,-0.1451,-0.1893,0.2371,-0.9418,0.0463,0.9496,-0.4869,0.3842,-0.2771,0.3265,-3.7710,1.8398,9.2427,0.0006,0.0119,-0.0061,0.9999,-0.0912,0.0464,0.2322
2382,Pelvis,2,-0.4500,-0.5377,-0.3678,0.6108,-0.5281,0.0100,0.0926,2.2809,-1.2969,-0.3520,9.6459,0.2480,-1.8125,-0.0066,0.0001,0.0012,1.0000,0.2411,0.0062,-0.0454
2383,Left,2,0.0359,-0.1703,0.3066,-0.9358,-0.2473,2.5095,-0.4343,12.4644,2.9698,-5.4305,6.6615,8.6422,8.0231,-0.0031,0.0314,-0.0054,0.9995,0.1739,0.2157,0.1945
2383,Right,2,-0.1490,-0.2085,0.2409,-0.9361,0.0670,1.5498,-0.5515,1.3024,-0.6431,0.5599,-3.3033,1.9983,9.7370,0.0008,0.0194,-0.0069,0.9998,-0.0775,0.0503,0.2450
2383,Pelvis,2,-0.4555,-0.5367,-0.3711,0.6056,-0.6224,-0.2179,-0.0448,0.7459,0.3414,0.7216,10.5325,-0.8136,0.2221,-0.0078,-0.0027,-0.0006,1.0000,0.2633,-0.0204,0.0064
2384,Left,2,0.0264,-0.2051,0.3075,-0.9288,-0.1417,2.9341,-0.0133,-10.8701,5.6040,10.0945,-17.9216,-5.0130,14.1344,-0.0018,0.0367,-0.0002,0.9993,-0.4347,-0.1246,0.3697
2384,Right,2,-0.1555,-0.2392,0.2456,-0.9264,0.1019,2.5274,-0.7844,1.7934,-1.3014,0.5844,-3.2049,1.6664,10.0001,0.0013,0.0316,-0.0098,0.9995,-0.0718,0.0421,0.2524
2384,Pelvis,2,-0.4584,-0.5386,-0.3752,0.5992,-0.4957,-0.3104,-0.3288,-1.1462,-0.0489,2.0525,11.5659,-2.8643,0.3558,-0.0062,-0.0039,-0.0041,1.0000,0.2888,-0.0727,0.0105
2385,Left,2,0.0153,-0.2185,0.3104,-0.9250,0.5448,1.3337,-0.1068,-1.7663,4.2608,5.8788,-9.7097,-0.2114,13.1606,0.0068,0.0167,-0.0013,0.9998,-0.2372,-0.0072,0.3330
2385,Right,2,-0.1682,-0.2858,0.2487,-0.9101,0.2966,3.9764,-0.8802,2.8742,-1.3484,0.8350,-3.3666,2.2235,10.3577,0.0037,0.0497,-0.0110,0.9987,-0.0705,0.0554,0.2629
2385,Pelvis,2,-0.4589,-0.5404,-0.3785,0.5950,-0.2572,-0.1608,-0.3255,-2.1714,1.8423,2.5135,11.9949,-3.2477,2.3706,-0.0032,-0.0020,-0.0041,1.0000,0.2994,-0.0822,0.0601
2386,Left,2,0.0101,-0.2213,0.3126,-0.9237,0.3517,0.3555,-0.0998,-1.4633,1.7895,2.0283,-6.7997,-1.2924,9.8817,0.0044,0.0044,-0.0012,1.0000,-0.1689,-0.0332,0.2477
2386,Right,2,-0.1870,-0.3536,0.2515,-0.8813,0.4845,5.9349,-1.2536,4.1895,-0.7097,1.4905,-4.4492,3.5746,10.6548,0.0060,0.0741,-0.0157,0.9971,-0.0897,0.0892,0.2741
2386,Pelvis,2,-0.4595,-0.5419,-0.3810,0.5916,-0.2154,-0.1397,-0.2527,-1.0434,0.8554,2.0292,11.6432,-2.3269,1.0355,-0.0027,-0.0017,-0.0032,1.0000,0.2908,-0.0590,0.0266
2387,Left,2,0.0077,-0.2196,0.3148,-0.9234,0.2677,-0.0613,-0.1331,-1.1337,0.8510,1.4942,-5.8395,-1.7181,9.6335,0.0033,-0.0008,-0.0017,1.0000,-0.1462,-0.0435,0.2406
2387,Right,2,-0.2062,-0.4388,0.2569,-0.8360,0.4825,7.6029,-2.0106,5.4242,-0.4626,2.2349,-6.2914,4.5057,10.7451,0.0060,0.0949,-0.0251,0.9952,-0.1280,0.1144,0.2824
2387,Pelvis,2,-0.4610,-0.5416,-0.3840,0.5889,-0.3091,-0.0420,-0.1482,0.3700,2.6312,2.2230,12.1030,-0.4530,2.2865,-0.0039,-0.0005,-0.0019,1.0000,0.3025,-0.0117,0.0574
2388,Left,2,0.0092,-0.2192,0.3169,-0.9227,-0.0605,-0.0662,-0.2086,0.0097,0.5907,0.4950,-4.4615,-1.1107,9.2444,-0.0008,-0.0008,-0.0026,1.0000,-0.1118,-0.0273,0.2310
2388,Right,2,-0.2174,-0.5218,0.2666,-0.7806,0.3056,7.5749,-2.7629,6.7376,-1.6808,6.4276,-11.4019,4.4257,12.7843,0.0038,0.0945,-0.0345,0.9949,-0.2492,0.1184,0.3448
2388,Pelvis,2,-0.4623,-0.5389,-0.3890,0.5870,-0.4290,0.1841,-0.1379,-0.5117,2.6510,2.0697,11.8457,-1.2466,2.5702,-0.0054,0.0023,-0.0017,1.0000,0.2962,-0.0313,0.0637
2389,Left,2,0.0107,-0.2196,0.3185,-0.9221,-0.0835,-0.0053,-0.1593,-0.3348,-0.1207,0.0821,-4.1070,-1.8517,8.8168,-0.0010,-0.0001,-0.0020,1.0000,-0.1028,-0.0459,0.2205
2389,Right,2,-0.2198,-0.5816,0.2819,-0.7307,0.3956,5.6080,-2.9567,9.3660,-1.4411,9.3661,-15.8422,5.6079,13.2723,0.0049,0.0700,-0.0369,0.9968,-0.3660,0.1524,0.3589
2389,Pelvis,2,-0.4608,-0.5360,-0.3964,0.5859,-0.3760,0.4136,-0.3354,-1.6210,2.2487,0.1728,9.8095,-2.1444,2.5632,-0.0047,0.0052,-0.0042,1.0000,0.2453,-0.0543,0.0631
2390,Left,2,0.0107,-0.2192,0.3192,-0.9219,0.0215,-0.0286,-0.0611,-0.2772,-0.2962,-0.0642,-3.8973,-1.9535,8.7289,0.0003,-0.0004,-0.0008,1.0000,-0.0975,-0.0488,0.2182
2390,Right,2,-0.2086,-0.6236,0.2963,-0.6927,-0.2528,3.7221,-2.9564,11.5692,-3.6442,-0.5399,-7.3310,4.6564,12.5675,-0.0032,0.0465,-0.0369,0.9982,-0.1639,0.1237,0.3217
2390,Pelvis,2,-0.4576,-0.5337,-0.4042,0.5851,-0.2860,0.4572,-0.4421,-1.9173,1.2335,-1.0209,8.5605,-2.4860,1.7414,-0.0036,0.0057,-0.0055,1.0000,0.2139,-0.0632,0.0425
2391,Left,2,0.0102,-0.2184,0.3197,-0.9219,0.0770,-0.0574,-0.0360,-0.0141,0.2463,0.0689,-4.0780,-1.3842,8.8972,0.0010,-0.0007,-0.0004,1.0000,-0.1021,-0.0348,0.2223
2391,Right,2,-0.2084,-0.6202,0.3272,-0.6818,1.8096,-0.1571,-1.9172,13.2009,-8.9630,1.7021,-9.4053,1.4797,17.2207,0.0226,-0.0020,-0.0240,0.9995,-0.2352,0.0329,0.4308
2391,Pelvis,2,-0.4551,-0.5318,-0.4092,0.5853,-0.1531,0.3594,-0.2709,-2.0596,0.4116,-0.8048,8.7562,-2.7857,1.0596,-0.0019,0.0045,-0.0034,1.0000,0.2188,-0.0703,0.0256
2392,Left,2,0.0100,-0.2179,0.3205,-0.9218,0.0457,-0.0353,-0.0613,0.0127,0.2038,0.0706,-4.0244,-1.3948,8.9208,0.0006,-0.0004,-0.0008,1.0000,-0.1007,-0.0349,0.2230
2392,Right,2,-0.2103,-0.5981,0.3576,-0.6857,2.1311,-1.8563,-1.0839,10.2802,0.4592,-10.6759,0.9849,7.8644,6.6219,0.0266,-0.0232,-0.0135,0.9993,0.0233,0.1918,0.1713
2392,Pelvis,2,-0.4548,-0.5297,-0.4102,0.5868,-0.0321,0.2119,0.0701,-1.4695,0.0645,-0.0526,9.5623,-2.3587,0.6498,-0.0004,0.0026,0.0009,1.0000,0.2392,-0.0588,0.0156
2393,Left,2,0.0102,-0.2183,0.3213,-0.9214,-0.0023,0.0294,-0.0730,0.0857,0.1535,-0.0070,-3.9114,-1.3825,8.8866,-0.0000,0.0004,-0.0009,1.0000,-0.0977,-0.0345,0.2222
2393,Right,2,-0.2084,-0.5759,0.3729,-0.6970,1.0851,-2.0538,-0.2340,8.8935,0.0006,-9.0065,-0.3862,6.5681,6.0387,0.0136,-0.0257,-0.0029,0.9996,-0.0131,0.1622,0.1529
2393,Pelvis,2,-0.4558,-0.5273,-0.4086,0.5893,0.0274,0.1286,0.2880,-0.9766,0.1139,-0.1839,9.4706,-1.9011,0.6123,0.0003,0.0016,0.0036,1.0000,0.2370,-0.0467,0.0149
2394,Left,2,0.0103,-0.2190,0.3216,-0.9211,-0.0163,0.0467,-0.0401,-0.0501,0.0470,-0.0744,-3.9241,-1.5446,8.7781,-0.0002,0.0006,-0.0005,1.0000,-0.0980,-0.0385,0.2195
2394,Right,2,-0.2103,-0.5464,0.3763,-0.7181,0.7966,-2.6158,1.0210,8.0455,-1.1614,-7.6341,-1.0100,5.1551,6.5771,0.0100,-0.0327,0.0128,0.9993,-0.0323,0.1269,0.1647
2394,Pelvis,2,-0.4560,-0.5247,-0.4081,0.5918,0.0225,0.1948,0.2070,-0.8949,0.2534,-1.0952,8.5595,-1.7466,0.7384,0.0003,0.0024,0.0026,1.0000,0.2141,-0.0431,0.0179
2395,Left,2,0.0101,-0.2192,0.3215,-0.9211,0.0184,0.0088,0.0114,-0.1595,-0.0362,-0.1178,-3.9406,-1.6701,8.7006,0.0002,0.0001,0.0001,1.0000,-0.0985,-0.0418,0.2175
2395,Right,2,-0.2135,-0.5084,0.3704,-0.7475,0.5837,-3.2605,2.0047,7.1843,-2.0610,-5.5494,-2.1222,3.8869,7.3813,0.0073,-0.0407,0.0250,0.9988,-0.0629,0.0943,0.1828
2395,Pelvis,2,-0.4555,-0.5229,-0.4084,0.5935,0.0133,0.1847,0.0831,-0.7992,0.1221,-0.8033,8.8514,-1.7511,0.6396,0.0002,0.0023,0.0010,1.0000,0.2214,-0.0436,0.0155
2396,Left,2,0.0094,-0.2186,0.3212,-0.9214,0.0615,-0.0395,0.0386,-0.1146,-0.0020,-0.1071,-3.9333,-1.6080,8.7267,0.0008,-0.0005,0.0005,1.0000,-0.0984,-0.0404,0.2181
2396,Right,2,-0.2149,-0.4627,0.3603,-0.7810,0.4637,-3.8679,2.4343,4.9530,-3.3712,-3.7884,-2.9444,1.4770,7.8364,0.0058,-0.0483,0.0304,0.9984,-0.0840,0.0334,0.1922
2396,Pelvis,2,-0.4547,-0.5214,-0.4087,0.5953,0.0438,0.1844,0.0686,-0.6740,-0.0524,-0.9202,8.7459,-1.6777,0.4772,0.0005,0.0023,0.0009,1.0000,0.2187,-0.0418,0.0114
2397,Left,2,0.0091,-0.2180,0.3209,-0.9216,0.0454,-0.0464,0.0250,0.0131,0.0633,-0.0825,-3.8862,-1.4711,8.7985,0.0006,-0.0006,0.0003,1.0000,-0.0973,-0.0369,0.2199
2397,Right,2,-0.2153,-0.4102,0.3515,-0.8136,0.6621,-4.3183,2.4045,3.3068,-4.2063,-1.6534,-4.1299,0.0179,8.8460,0.0083,-0.0539,0.0300,0.9981,-0.1149,-0.0047,0.2151
2397,Pelvis,2,-0.4537,-0.5204,-0.4087,0.5969,0.0710,0.1411,0.0476,-0.6091,-0.1420,-1.3972,8.2774,-1.5949,0.3913,0.0009,0.0018,0.0006,1.0000,0.2070,-0.0398,0.0094
2398,Left,2,0.0089,-0.2177,0.3208,-0.9217,0.0189,-0.0241,0.0106,-0.0438,-0.0196,-0.0966,-3.8655,-1.5603,8.7766,0.0002,-0.0003,0.0001,1.0000,-0.0967,-0.0391,0.2194
2398,Right,2,-0.2140,-0.3517,0.3466,-0.8428,0.9050,-4.7058,2.1040,1.4005,-4.2108,0.8312,-5.9234,-0.7964,9.8708,0.0113,-0.0588,0.0263,0.9979,-0.1616,-0.0268,0.2372
2398,Pelvis,2,-0.4534,-0.5202,-0.4083,0.5976,0.0490,0.0381,0.0354,-0.5114,-0.3385,-1.0771,8.6077,-1.5967,0.2131,0.0006,0.0005,0.0004,1.0000,0.2152,-0.0398,0.0052
2399,Left,2,0.0087,-0.2176,0.3207,-0.9218,0.0228,-0.0088,0.0092,-0.0061,-0.0809,-0.1047,-3.7978,-1.5810,8.7937,0.0003,-0.0001,0.0001,1.0000,-0.0950,-0.0396,0.2198
2399,Right,2,-0.2154,-0.2928,0.3458,-0.8650,1.3351,-4.5345,1.7186,-1.0831,-3.6378,2.7718,-7.7583,-1.4086,10.5270,0.0167,-0.0566,0.0215,0.9980,-0.2075,-0.0438,0.2510
2399,Pelvis,2,-0.4531,-0.5202,-0.4084,0.5978,0.0252,0.0173,-0.0116,-0.3261,-0.4817,-0.7784,8.9289,-1.4929,0.0500,0.0003,0.0002,-0.0001,1.0000,0.2232,-0.0374,0.0012
2400,Left,2,0.0084,-0.2178,0.3207,-0.9218,0.0279,0.0176,0.0061,0.0245,0.0097,-0.1210,-3.8267,-1.4832,8.7799,0.0003,0.0002,0.0001,1.0000,-0.0956,-0.0372,0.2195
2400,Right,2,-0.2188,-0.2312,0.3472,-0.8821,1.6873,-4.5780,1.5224,-3.0562,-1.9071,10.8175,-13.5296,0.6197,15.9919,0.0211,-0.0572,0.0190,0.9980,-0.3605,0.0006,0.3797
2401,Left,2,0.0080,-0.2182,0.3207,-0.9217,0.0250,0.0367,-0.0062,-0.0021,0.1271,-0.0482,-3.9513,-1.4120,8.8178,0.0003,0.0005,-0.0001,1.0000,-0.0987,-0.0354,0.2205
2401,Right,2,-0.2169,-0.1666,0.3474,-0.8970,1.4088,-4.8783,1.4961,-5.0116,1.2092,11.6015,-14.8852,2.6198,16.0442,0.0176,-0.0609,0.0187,0.9978,-0.3967,0.0514,0.3784
2402,Left,2,0.0076,-0.2189,0.3208,-0.9215,0.0198,0.0560,-0.0034,-0.0611,-0.0234,-0.0220,-3.9251,-1.5667,8.8319,0.0002,0.0007,-0.0000,1.0000,-0.0980,-0.0392,0.2209
2402,Right,2,-0.2122,-0.1060,0.3401,-0.9100,1.0345,-4.5196,1.8759,-9.8153,6.8811,10.8318,-19.1504,4.0227,13.7002,0.0129,-0.0565,0.0234,0.9980,-0.4992,0.0848,0.3158
2403,Left,2,0.0067,-0.2199,0.3206,-0.9213,0.0377,0.0958,0.0193,-0.0185,-0.1432,-0.0383,-3.8362,-1.6282,8.8426,0.0005,0.0012,0.0002,1.0000,-0.0956,-0.0408,0.2212
2403,Right,2,-0.1964,-0.0516,0.3275,-0.9228,0.0191,-4.2708,2.0517,-11.7687,12.1369,2.8283,-19.6012,4.9068,6.1510,0.0002,-0.0534,0.0256,0.9982,-0.5002,0.1099,0.1273
2403,Pelvis,2,-0.4465,-0.5213,-0.4140,0.5978,0.0306,0.0915,-0.1459,-0.3029,-0.8884,-0.7822,8.9480,-1.5083,-0.3031,0.0015,0.0046,-0.0073,1.0000,0.8935,-0.1573,-0.0346
2404,Left,2,0.0056,-0.2217,0.3205,-0.9209,0.0367,0.1612,0.0191,0.1061,-0.0331,0.0136,-3.8662,-1.4662,8.9147,0.0005,0.0020,0.0002,1.0000,-0.0962,-0.0368,0.2230
2404,Right,2,-0.1905,-0.0089,0.3144,-0.9299,0.5274,-3.1220,1.8071,-14.7588,8.7244,-8.8979,-16.9487,-2.3713,-1.4477,0.0066,-0.0390,0.0226,0.9990,-0.4204,-0.0685,-0.0531
2404,Pelvis,2,-0.4445,-0.5225,-0.4150,0.5977,0.0924,0.0365,-0.1765,-0.0114,-0.5771,-0.1943,9.5701,-1.1225,0.0070,0.0012,0.0005,-0.0022,1.0000,0.2392,-0.0286,0.0000
2405,Left,2,0.0047,-0.2248,0.3206,-0.9201,-0.0056,0.2580,-0.0153,0.1458,-0.0265,-0.0348,-3.8709,-1.4277,8.8660,-0.0001,0.0032,-0.0002,1.0000,-0.0961,-0.0357,0.2220
2405,Right,2,-0.1988,0.0202,0.3029,-0.9318,1.3193,-1.7813,1.3592,-14.8940,9.3669,-11.4698,-17.2796,-2.2642,-2.9476,0.0165,-0.0223,0.0170,0.9995,-0.4292,-0.0626,-0.0843
2405,Pelvis,2,-0.4430,-0.5235,-0.4157,0.5974,0.0626,0.0141,-0.1427,-0.7342,-0.3120,0.1287,9.8088,-1.7404,0.4756,0.0008,0.0002,-0.0018,1.0000,0.2451,-0.0440,0.0118
2406,Left,2,0.0033,-0.2295,0.3206,-0.9190,-0.0098,0.3998,-0.0077,0.2744,-0.5695,-0.1136,-3.5020,-1.7752,8.8914,-0.0001,0.0050,-0.0001,1.0000,-0.0864,-0.0443,0.2227
2406,Right,2,-0.1971,0.0245,0.2922,-0.9355,-0.0519,-0.1874,0.9646,-12.5229,9.6330,-13.5869,-15.4439,-1.1210,-4.9099,-0.0006,-0.0023,0.0121,0.9999,-0.3854,-0.0328,-0.1236
2406,Pelvis,2,-0.4413,-0.5246,-0.4164,0.5973,0.0919,0.0249,-0.1481,-0.8256,-1.0217,-0.6085,9.0964,-1.9104,-0.2209,0.0011,0.0003,-0.0019,1.0000,0.2273,-0.0482,-0.0056
2407,Left,2,0.0002,-0.2370,0.3203,-0.9172,0.0347,0.6563,0.0336,0.3019,-0.3461,0.0594,-3.8077,-1.6050,8.9776,0.0004,0.0082,0.0004,1.0000,-0.0933,-0.0403,0.2252
2407,Right,2,-0.1955,0.0075,0.2781,-0.9404,-0.5637,1.4631,0.9159,-12.4295,7.6071,-10.4347,-14.4693,-1.0223,-1.5416,-0.0070,0.0183,0.0114,0.9997,-0.3620,-0.0299,-0.0317
2407,Pelvis,2,-0.4393,-0.5265,-0.4155,0.5976,0.2043,-0.0456,-0.0992,-0.9756,-2.1001,-0.3127,9.4180,-2.3407,-1.1980,0.0026,-0.0006,-0.0012,1.0000,0.2354,-0.0587,-0.0300
2408,Left,2,-0.0039,-0.2485,0.3197,-0.9144,0.0018,0.9938,0.0474,0.2993,0.1366,0.2449,-4.3620,-1.2439,8.9830,0.0000,0.0124,0.0006,0.9999,-0.1062,-0.0312,0.2259
2408,Right,2,-0.1823,-0.0252,0.2606,-0.9477,-1.8109,2.4433,0.9844,-4.2083,6.4655,-0.9645,-7.9138,6.0263,6.2344,-0.0226,0.0305,0.0123,0.9992,-0.1949,0.1518,0.1584
2408,Pelvis,2,-0.4373,-0.5293,-0.4131,0.5983,0.3150,-0.1219,-0.0503,-1.0154,-2.6019,0.3106,10.0522,-2.5600,-1.6379,0.0039,-0.0015,-0.0006,1.0000,0.2513,-0.0640,-0.0408
2409,Left,2,-0.0079,-0.2644,0.3191,-0.9101,-0.1172,1.3521,0.0030,0.8141,0.2479,0.2463,-4.3487,-0.8650,9.0696,-0.0015,0.0169,0.0000,0.9999,-0.1049,-0.0213,0.2286
2409,Right,2,-0.1660,-0.0525,0.2353,-0.9562,-1.9796,2.0768,1.6695,5.6881,-12.5196,8.8314,7.7240,-1.6295,21.7870,-0.0247,0.0260,0.0209,0.9991,0.2078,-0.0231,0.5401
2409,Pelvis,2,-0.4352,-0.5332,-0.4094,0.5989,0.4128,-0.2259,-0.0263,-1.2267,-1.9967,0.5199,10.2176,-2.6153,-1.0077,0.0052,-0.0028,-0.0003,1.0000,0.2555,-0.0653,-0.0248
2410,Left,2,-0.0119,-0.2892,0.3178,-0.9029,-0.3618,2.0513,-0.0202,1.4140,-0.4524,0.1817,-3.9120,-1.1188,9.2498,-0.0045,0.0256,-0.0003,0.9997,-0.0918,-0.0269,0.2338
2410,Right,2,-0.1703,-0.0824,0.2233,-0.9562,-0.2730,2.5184,0.5504,-4.6145,-14.0780,-8.0523,1.4046,-13.4177,6.3720,-0.0034,0.0315,0.0069,0.9995,0.0424,-0.3346,0.1592
2410,Pelvis,2,-0.4344,-0.5373,-0.4036,0.5997,0.4481,-0.3357,0.1248,-0.0028,-0.7456,1.5537,11.3267,-1.1973,-0.1569,0.0056,-0.0042,0.0016,1.0000,0.2832,-0.0295,-0.0029
2411,Left,2,-0.0190,-0.3249,0.3144,-0.8917,-0.4546,3.0170,0.0829,1.7262,-0.9428,0.0716,-3.9656,-1.4032,9.1608,-0.0057,0.0377,0.0010,0.9993,-0.0904,-0.0339,0.2327
2411,Right,2,-0.1784,-0.1118,0.2331,-0.9494,0.2695,2.3055,-1.2122,-10.4914,-0.8605,7.6906,-13.4909,-0.5920,15.3277,0.0034,0.0288,-0.0152,0.9995,-0.3262,-0.0111,0.3927
2411,Pelvis,2,-0.4351,-0.5399,-0.3966,0.6016,0.4174,-0.3070,0.3329,0.8906,0.0779,1.8050,11.6468,-0.1912,0.2936,0.0052,-0.0038,0.0042,1.0000,0.2912,-0.0036,0.0084
2412,Left,2,-0.0318,-0.3742,0.3085,-0.8740,-0.4450,4.3077,0.2314,2.3298,-2.0531,0.0114,-3.8250,-2.0278,9.3550,-0.0056,0.0538,0.0029,0.9985,-0.0827,-0.0496,0.2388
2412,Right,2,-0.1807,-0.1346,0.2365,-0.9451,-0.1483,1.7615,-0.6331,0.2064,5.9205,3.4153,-6.3998,8.7238,9.6459,-0.0019,0.0220,-0.0079,0.9997,-0.1529,0.2198,0.2442
2412,Pelvis,2,-0.4373,-0.5402,-0.3915,0.6030,0.1786,-0.2056,0.3807,0.7482,1.3403,1.8657,11.6870,-0.0442,1.4672,0.0022,-0.0026,0.0048,1.0000,0.2921,0.0002,0.0374
2413,Left,2,-0.0529,-0.4411,0.2982,-0.8448,-0.4020,6.1021,0.4565,3.2576,-2.7990,0.1594,-4.3214,-2.2022,9.7259,-0.0050,0.0762,0.0057,0.9971,-0.0888,-0.0544,0.2507
2413,Right,2,-0.1744,-0.1488,0.2381,-0.9438,-0.6984,0.9356,-0.4068,-2.8112,0.8253,3.0798,-7.2488,2.7377,10.7132,-0.0087,0.0117,-0.0051,0.9999,-0.1777,0.0717,0.2693
2413,Pelvis,2,-0.4395,-0.5399,-0.3880,0.6040,0.0710,-0.1328,0.2969,-0.2271,0.7692,1.0407,10.7608,-1.1486,1.1514,0.0009,-0.0017,0.0037,1.0000,0.2691,-0.0277,0.0292
2414,Left,2,-0.0775,-0.5199,0.2827,-0.8024,-0.5834,7.4852,0.5729,4.0160,-3.3173,1.0415,-6.1716,-2.4188,10.0713,-0.0073,0.0934,0.0072,0.9956,-0.1294,-0.0596,0.2651
2414,Right,2,-0.1644,-0.1531,0.2400,-0.9444,-0.8096,0.0962,-0.3019,-1.8327,1.0155,1.9872,-6.2659,2.8449,9.8122,-0.0101,0.0012,-0.0038,0.9999,-0.1561,0.0742,0.2448
2414,Pelvis,2,-0.4385,-0.5418,-0.3843,0.6054,0.3186,-0.1307,0.1142,-1.0858,0.9604,0.8908,10.5109,-1.9300,1.5693,0.0040,-0.0016,0.0014,1.0000,0.2628,-0.0480,0.0395
2415,Left,2,-0.0987,-0.6022,0.2601,-0.7483,-1.1002,8.1641,0.5942,5.6509,-2.1200,6.2716,-12.8922,-1.5405,11.2959,-0.0137,0.1019,0.0074,0.9947,-0.2910,-0.0366,0.3137
2415,Right,2,-0.1561,-0.1525,0.2412,-0.9456,-0.6080,-0.2382,-0.1515,-1.1136,-0.2347,0.7993,-4.7219,1.6790,9.4233,-0.0076,-0.0030,-0.0019,1.0000,-0.1187,0.0440,0.2349
2415,Pelvis,2,-0.4356,-0.5430,-0.3807,0.6087,0.4478,0.0460,0.1127,-0.1404,2.3017,0.9976,10.7386,-0.6338,2.5418,0.0056,0.0006,0.0014,1.0000,0.2685,-0.0158,0.0633
2416,Left,2,-0.1147,-0.6662,0.2333,-0.6990,-1.2729,6.7586,0.8431,6.7092,-4.2282,8.2793,-16.1893,-3.1836,10.9066,-0.0159,0.0844,0.0105,0.9963,-0.3789,-0.0790,0.3067
2416,Right,2,-0.1519,-0.1511,0.2416,-0.9464,-0.2833,-0.2140,-0.0418,-0.5773,-0.3942,0.3741,-4.0061,1.6023,9.2544,-0.0035,-0.0027,-0.0005,1.0000,-0.1008,0.0409,0.2309
2417,Right,2,-0.1495,-0.1503,0.2418,-0.9469,-0.1576,-0.1177,-0.0159,-0.2348,0.1875,0.2188,-3.8679,2.1711,9.0025,-0.0020,-0.0015,-0.0002,1.0000,-0.0970,0.0547,0.2248
2418,Left,2,-0.1191,-0.7402,0.1698,-0.6396,-1.9846,3.9963,0.9984,10.5710,-7.6065,1.1371,-10.8541,-3.5822,12.6507,-0.0495,0.0997,0.0249,0.9935,-0.4714,-0.1581,0.6903
2418,Right,2,-0.1478,-0.1501,0.2420,-0.9471,-0.1103,-0.0582,-0.0209,-0.1561,0.0794,0.1082,-3.7011,2.0614,8.9726,-0.0014,-0.0007,-0.0003,1.0000,-0.0927,0.0519,0.2242
2419,Left,2,-0.1143,-0.7216,0.1610,-0.6636,-0.7365,-2.3432,0.6696,15.1265,-13.0203,-1.1604,-9.8580,-6.8832,18.1311,-0.0092,-0.0293,0.0084,0.9995,-0.2582,-0.1701,0.4474
2419,Right,2,-0.1469,-0.1504,0.2422,-0.9472,-0.0621,-0.0049,-0.0147,-0.1834,-0.1417,0.0204,-3.5969,1.8193,8.9719,-0.0008,-0.0001,-0.0002,1.0000,-0.0899,0.0457,0.2243
2420,Left,2,-0.1177,-0.6947,0.1601,-0.6913,0.2250,-2.9658,0.8484,5.5382,-4.5387,-11.2589,1.3807,-1.9639,6.9007,0.0028,-0.0371,0.0106,0.9993,0.0286,-0.0493,0.1735
2420,Right,2,-0.1467,-0.1512,0.2423,-0.9471,-0.0167,0.0475,-0.0150,-0.1108,-0.1254,0.0017,-3.5435,1.8519,8.9647,-0.0002,0.0006,-0.0002,1.0000,-0.0884,0.0464,0.2242
2421,Left,2,-0.1164,-0.6699,0.1585,-0.7159,-0.0726,-2.7245,0.5594,6.9313,-4.5580,-7.1981,-2.1906,-1.6763,8.2505,-0.0009,-0.0341,0.0070,0.9994,-0.0615,-0.0421,0.2043
2421,Right,2,-0.1465,-0.1521,0.2424,-0.9469,-0.0121,0.0615,-0.0131,-0.1338,-0.0648,-0.0822,-3.5725,1.8660,8.8578,-0.0002,0.0008,-0.0002,1.0000,-0.0891,0.0467,0.2215
2421,Pelvis,2,-0.4281,-0.5423,-0.3721,0.6198,0.1865,0.0743,0.0746,0.5353,1.1388,0.0210,9.8286,-0.3105,1.2603,0.0140,0.0056,0.0056,0.9999,1.4756,-0.0409,0.1802
2422,Left,2,-0.1091,-0.6342,0.1650,-0.7474,0.0938,-3.8764,-0.0228,7.3554,-5.6623,-3.8010,-4.7400,-2.6732,9.6323,0.0012,-0.0484,-0.0003,0.9988,-0.1300,-0.0671,0.2346
2422,Right,2,-0.1467,-0.1530,0.2423,-0.9468,0.0040,0.0673,0.0057,-0.1036,-0.0512,-0.1270,-3.5530,1.8787,8.8132,0.0001,0.0008,0.0001,1.0000,-0.0886,0.0470,0.2204
2422,Pelvis,2,-0.4254,-0.5434,-0.3723,0.6205,0.1737,0.0559,-0.1450,0.1458,0.1605,-0.2985,9.4487,-0.9986,0.5395,0.0022,0.0007,-0.0018,1.0000,0.2362,-0.0254,0.0133
2423,Left,2,-0.0980,-0.5856,0.1785,-0.7846,0.3431,-5.0394,-0.4554,6.6813,-3.6146,-3.5513,-4.2753,-1.0375,8.8140,0.0043,-0.0630,-0.0057,0.9980,-0.1206,-0.0262,0.2129
2423,Right,2,-0.1472,-0.1540,0.2421,-0.9466,0.0346,0.0816,0.0132,-0.0460,-0.0031,-0.1359,-3.5393,1.9479,8.7932,0.0004,0.0010,0.0002,1.0000,-0.0883,0.0486,0.2199
2423,Pelvis,2,-0.4230,-0.5437,-0.3723,0.6219,0.1804,0.1170,-0.0676,0.1274,0.0785,-1.2595,8.4952,-0.9003,0.4474,0.0023,0.0015,-0.0008,1.0000,0.2124,-0.0227,0.0108
2424,Left,2,-0.0828,-0.5304,0.1925,-0.8214,0.2020,-5.5037,-0.6308,5.7676,-1.9476,-3.0535,-4.1359,0.1026,8.1092,0.0025,-0.0687,-0.0079,0.9976,-0.1170,0.0030,0.1950
2424,Right,2,-0.1481,-0.1551,0.2420,-0.9463,0.0573,0.1035,0.0111,0.0523,-0.0145,-0.1718,-3.4610,1.9882,8.7760,0.0007,0.0013,0.0001,1.0000,-0.0862,0.0495,0.2195
2424,Pelvis,2,-0.4211,-0.5439,-0.3719,0.6233,0.1659,0.0907,-0.0306,0.2616,-0.1274,-1.5408,8.2348,-0.8057,0.2186,0.0021,0.0011,-0.0004,1.0000,0.2059,-0.0202,0.0052
2425,Left,2,-0.0652,-0.4716,0.2035,-0.8555,-0.0050,-5.6398,-0.5592,5.2106,-1.4464,-0.2448,-5.7774,0.0894,9.3596,-0.0001,-0.0704,-0.0070,0.9975,-0.1604,0.0033,0.2231
2425,Right,2,-0.1490,-0.1565,0.2420,-0.9459,0.0587,0.1193,-0.0039,0.0220,0.0197,-0.1902,-3.5196,2.0073,8.7279,0.0007,0.0015,-0.0000,1.0000,-0.0877,0.0500,0.2184
2425,Pelvis,2,-0.4198,-0.5445,-0.3714,0.6240,0.1273,0.0206,-0.0326,0.5969,-0.1555,-1.5702,8.2502,-0.4965,0.0826,0.0016,0.0003,-0.0004,1.0000,0.2063,-0.0125,0.0020
2426,Left,2,-0.0456,-0.4076,0.2101,-0.8875,-0.2082,-5.9310,-0.3317,3.7624,-0.9111,4.1524,-8.7733,-0.4782,11.5411,-0.0026,-0.0741,-0.0041,0.9972,-0.2399,-0.0103,0.2713
2426,Right,2,-0.1499,-0.1579,0.2420,-0.9455,0.0575,0.1231,-0.0024,0.0472,-0.0479,-0.2116,-3.4913,1.9679,8.7249,0.0007,0.0015,-0.0000,1.0000,-0.0869,0.0490,0.2183
2426,Pelvis,2,-0.4190,-0.5450,-0.3711,0.6243,0.0837,0.0021,-0.0278,0.8700,-0.2578,-1.1620,8.6916,-0.3254,-0.0868,0.0010,0.0000,-0.0003,1.0000,0.2173,-0.0082,-0.0022
2427,Left,2,-0.0209,-0.3420,0.2117,-0.9153,-0.7007,-5.9664,-0.2137,-0.0201,-0.3018,7.1926,-11.6586,-1.9529,12.2501,-0.0088,-0.0745,-0.0027,0.9972,-0.3133,-0.0455,0.2838
2427,Right,2,-0.1509,-0.1598,0.2420,-0.9450,0.0570,0.1657,-0.0118,-0.0097,-0.0893,-0.1310,-3.5853,1.9295,8.7844,0.0007,0.0021,-0.0001,1.0000,-0.0892,0.0481,0.2198
2427,Pelvis,2,-0.4186,-0.5451,-0.3708,0.6247,0.0482,0.0173,0.0040,0.9209,-0.5747,-0.9750,8.8860,-0.4170,-0.3864,0.0006,0.0002,0.0000,1.0000,0.2221,-0.0104,-0.0097
2428,Left,2,0.0104,-0.2794,0.2200,-0.9346,-1.0315,-5.6412,-1.0303,-8.6061,0.1225,14.0159,-19.9693,-6.3275,14.2870,-0.0129,-0.0705,-0.0129,0.9973,-0.5248,-0.1472,0.3227
2428,Right,2,-0.1516,-0.1618,0.2428,-0.9444,0.0482,0.1519,-0.0742,-0.0597,0.0282,-0.1295,-3.7142,2.0070,8.7146,0.0006,0.0019,-0.0009,1.0000,-0.0924,0.0501,0.2181
2428,Pelvis,2,-0.4186,-0.5445,-0.3708,0.6251,-0.0000,0.0468,0.0316,1.0602,-0.9604,-1.0538,8.8291,-0.4281,-0.7924,-0.0000,0.0006,0.0004,1.0000,0.2207,-0.0106,-0.0199
